movie_id,country_code
862,US
8844,US
15602,US
31357,US
11862,US
949,US
11860,DE
11860,US
45325,US
9091,US
710,GB
9087,US
12110,FR
12110,US
21032,US
10858,US
1408,US
1408,FR
1408,DE
1408,IT
524,FR
524,US
4584,US
4584,GB
5,US
9273,US
11517,US
8012,US
1710,US
9691,US
12665,US
451,FR
451,GB
16420,GB
16420,US
9263,US
17015,FR
17015,GB
17015,US
902,FR
902,DE
902,ES
902,GB
37557,CN
37557,FR
9909,US
63,US
78802,FR
78802,US
9598,AU
9598,US
9598,GB
47018,FR
47018,GB
687,US
687,GB
139405,US
33689,US
9603,US
34615,ZA
34615,US
31174,GB
11443,US
35196,US
9312,US
577,GB
577,US
11861,US
807,US
10530,US
8391,CA
629,US
117164,US
11448,US
49133,FR
49133,IT
26441,US
97406,US
97406,FR
124057,CA
124057,US
9089,US
11010,BE
11010,FR
11010,IT
99040,CA
99040,GB
11359,US
17182,US
2054,US
10607,US
19760,US
9536,US
11525,US
40628,US
4482,FR
10634,US
755,US
11859,US
28387,US
48750,FR
20927,US
36929,US
9102,CA
9102,JP
9102,US
124626,DE
124626,US
27526,US
9623,US
46785,IR
400,US
880,NL
880,GB
880,BE
146599,US
188588,US
8447,GB
8447,US
10534,GB
10534,US
17414,US
13997,US
2086,US
61548,US
9095,US
9095,GB
12158,US
9283,US
9283,CA
9283,MY
9208,US
40154,GB
406,FR
45549,GB
63076,GB
63076,CA
63076,US
63076,DE
11062,US
13685,US
47475,US
2045,US
9614,US
688,US
11907,DE
10874,GB
10874,US
89333,US
96357,UNK
197,US
103,US
33542,HK
43566,US
71754,CA
71754,GB
43612,FR
51352,NL
51352,GB
51352,US
16934,FR
16934,DE
16934,GB
10324,US
78406,US
55731,US
32119,CA
11066,US
11104,HK
37975,IT
2074,US
27793,DE
44284,FR
44284,NL
44284,TN
44284,GB
290157,US
110972,US
32622,US
73067,FR
73067,IE
73067,GB
73067,US
11863,US
55475,DO
55475,US
124636,US
9101,US
123360,US
5757,US
39428,GB
39428,ES
124639,IN
9302,US
11000,US
525153,FR
525153,PL
525153,GB
249882,HR
249882,CA
249882,US
16388,US
9737,US
30765,US
10474,US
22279,GB
30157,FR
30157,GB
30157,US
568,US
11780,GB
11780,US
34996,US
414,US
649,FR
649,IT
1873,US
5894,US
1775,US
20649,US
10329,US
8963,US
26564,US
8068,US
8512,US
1572,US
13552,US
13552,FR
259209,GB
259209,US
6520,US
9073,FR
9073,US
10428,US
17447,US
9886,CA
9886,US
9482,US
9482,GB
9482,NL
19326,US
9344,US
9071,US
8973,US
15730,CA
47608,US
2293,US
9070,US
9070,JP
68274,GB
68274,US
48787,DE
48787,RU
34574,US
1642,US
11472,US
36196,US
11980,US
58372,US
32646,GB
32646,US
10533,US
56088,US
10802,US
10802,FR
10149,DE
10149,JP
10149,US
18402,US
9348,US
139408,US
281,US
5967,FR
5967,DE
79593,US
47939,US
36834,FR
36834,BE
36834,GB
9090,US
3512,US
52856,US
77350,US
9560,US
9804,US
31611,FR
31611,US
65796,US
49805,GB
49805,US
26258,US
50797,RU
50797,FR
19155,GB
19155,MK
19155,FR
76,AT
76,US
11017,US
37141,US
9382,FR
9382,US
6715,US
18256,US
22625,IE
22625,GB
2292,US
1909,US
8984,US
61813,US
61813,CA
4954,US
62488,US
10531,FR
10531,GB
11929,US
8467,US
10451,TW
10451,US
20156,CA
18395,US
522,US
397,GB
397,US
10525,US
27985,US
15789,AU
15789,CA
15789,FR
15789,US
27303,US
21183,US
10954,IT
10954,FR
10954,BE
47867,US
43475,US
72031,US
72031,FR
14275,US
1024,NZ
1024,US
17207,US
13701,US
14819,US
32631,US
11777,US
628,US
87729,FR
87729,US
87729,GB
18713,US
6280,US
9061,US
37108,US
6071,US
11,US
9587,US
19101,US
49980,GB
17961,FR
18183,MX
4476,US
11008,US
47504,US
32325,GB
32325,US
43742,US
28313,US
11318,GB
11318,US
3036,US
3036,JP
40490,US
24070,US
8986,US
10510,US
17402,US
38722,GB
38722,US
8438,FR
8438,US
11593,US
1945,US
39310,US
109560,JP
109560,US
56428,GB
63105,US
131957,UNK
241,US
9058,US
9058,IT
527,NZ
6950,US
101,FR
63020,US
2307,US
680,US
41478,GB
41478,US
25296,TW
40156,GB
11450,US
30304,JP
30304,US
10452,FR
10452,DE
10452,IT
12106,US
12106,JP
161495,US
3586,US
110,FR
110,PL
110,CH
108,FR
108,PL
108,CH
109,FR
109,PL
109,CH
159185,CN
159185,HK
36357,US
92769,CA
28033,DE
28033,US
22586,US
14334,IE
14334,US
2636,US
2164,US
2164,FR
11395,US
278,US
9905,GB
87078,US
12527,CU
12527,MX
12527,ES
20306,US
36614,AU
27993,CA
27993,US
31439,CN
31439,HK
9067,US
9059,US
193,US
25066,US
46797,GB
46797,US
12122,US
11381,US
32636,US
32636,GB
36141,US
95963,US
1587,US
9271,US
2064,US
19855,US
60855,CA
236,AU
236,FR
48287,US
3049,US
2759,AU
2759,US
12635,DE
12635,GB
10497,FR
10497,GB
11382,US
9331,US
10731,US
10464,US
34152,US
9495,US
29973,US
888,US
13,US
712,GB
712,US
16295,US
48992,US
10879,US
10660,US
10714,US
41647,BE
41647,FR
41647,DE
41647,GB
8587,US
1689,FR
1689,IT
1689,GB
11596,US
854,US
9359,US
23333,US
36593,US
12280,US
2788,US
10427,US
11011,US
49803,US
8987,US
1637,US
15128,US
8831,US
8831,JP
8831,CA
36955,US
10449,US
10395,US
12160,US
40480,US
52038,IE
52038,GB
29444,US
26352,US
39953,US
41580,FR
315,US
22067,US
18242,GB
11667,AU
11667,JP
11667,TH
11667,US
11667,HK
32502,US
267188,US
28732,US
75555,US
42981,US
278939,US
291731,US
226229,US
203119,US
172923,MX
2654,US
18069,US
19092,US
46094,US
9409,US
11853,US
16771,US
46924,JP
46924,GB
46924,US
11041,US
306,US
14522,GB
14522,US
26203,US
178,US
19819,US
57834,US
4722,US
18215,US
1607,US
26391,US
117553,US
6075,US
11310,US
18658,US
9350,FR
9350,IT
9350,US
9350,JP
9612,US
2124,US
26261,US
19176,US
49299,US
49299,IT
11566,US
9571,US
9739,US
24257,US
34444,US
26141,US
10997,CN
10997,HK
50463,US
10443,US
20239,GB
20239,US
16297,US
18551,US
25440,IE
25440,GB
9024,US
37233,US
1634,US
13815,FR
13815,US
5503,US
35588,US
2087,JP
2087,US
41579,US
18620,US
41006,ZA
41006,US
4916,US
2019,US
31642,FR
31642,US
9255,US
26271,US
10612,GB
2259,DK
2259,DE
2259,PT
16097,US
11934,GB
11934,US
106143,US
12475,US
9386,US
7984,GB
7984,IE
7984,US
59930,US
15765,US
31643,US
6,US
329,US
10909,US
507,FR
507,US
34024,US
29918,US
9593,US
42580,US
22317,AU
22317,US
1413,US
12121,US
12121,FR
2246,CA
2246,US
10502,US
10440,US
9516,US
2320,US
5879,JP
5879,FR
83718,US
11971,GB
11971,US
2625,US
31911,US
788,US
21450,GB
11231,US
41588,US
10447,GB
10447,US
31586,US
9300,FR
9300,IT
9300,NL
9300,RU
9300,GB
9559,US
9800,US
713,NZ
713,AU
713,FR
8291,US
18133,US
25557,US
22588,US
10872,US
1245,GB
1245,US
11858,CA
11858,US
7007,US
10467,US
5550,US
8005,FR
8005,US
2088,GB
2088,US
10412,AU
47889,US
14534,US
56583,US
41878,FR
41878,IT
424,US
35233,US
14291,US
103413,GB
103413,US
11236,US
11592,US
8850,US
10445,GB
695,US
43535,US
12519,AU
12519,GB
23210,US
858,US
867,US
78,US
78,HK
78,GB
13203,US
10442,US
11074,US
9607,GB
9607,US
17585,US
9057,CA
9057,RU
9057,US
20967,FI
20967,CA
20967,NL
20967,PT
10635,US
9479,US
10057,US
10057,AT
11969,US
41590,US
319,US
319,FR
26408,US
15139,US
161158,CA
218473,UNK
85247,GB
85247,US
85247,CA
11446,US
51980,BE
51980,FR
51980,IT
24405,US
11655,MX
11800,US
8223,ES
8223,FR
14587,GB
31504,US
41653,DK
41653,SE
53185,GB
95743,FR
95743,IT
95743,NL
95743,GB
95743,US
23637,IT
17600,US
10897,US
349394,FR
21352,US
68806,IT
37345,GB
37345,US
32562,FR
32562,DE
32562,GB
32562,US
47507,FR
47507,BE
25403,IT
25403,FR
124304,AR
124304,IT
9066,US
771,US
251,US
812,US
280,FR
280,US
581,GB
581,US
80350,US
268,US
274,US
408,US
10020,US
10895,US
114,US
41043,FR
41043,RU
576,US
15477,US
59146,TW
124472,US
30528,US
7300,US
10824,US
261246,GB
275,GB
275,US
25059,US
25059,CA
11827,CA
11827,US
8766,US
23570,US
47333,FR
47333,IT
47333,GB
47333,US
54850,DE
54850,NZ
54850,GB
51242,IT
10112,US
4307,FR
4307,ES
46029,ES
46029,US
32308,US
88893,DE
52873,FR
123505,UNK
44281,FR
44281,IT
44281,TN
28121,US
12520,US
1592,US
166901,CA
36447,UNK
19042,US
38884,GB
38884,ES
38884,DE
47449,US
36259,US
41852,US
40926,US
9099,US
2021,FR
2021,GB
61752,US
10988,US
11479,FR
398959,DE
287305,DE
339428,DE
12652,DE
12652,FR
12652,IT
10684,US
954,US
68445,IS
68445,DK
68445,DE
68445,JP
68445,US
18989,US
10801,DE
54285,KR
8840,US
278978,DE
124625,AT
124625,DE
124625,GB
11107,US
16417,ZA
16417,US
70934,AU
10363,FR
10363,IT
161070,GB
161070,US
10539,US
10543,US
18414,US
18414,CA
47502,US
11902,YU
11902,CZ
11902,FR
11902,DE
11902,HU
11902,CS
27098,DK
27098,SE
25087,US
5801,IN
896,IN
3065,US
318177,US
2300,US
8069,FR
8069,IT
288173,US
187851,US
27768,UNK
221917,IE
221917,US
8072,FR
8072,IT
35797,FR
88030,BR
88030,FI
88030,DE
185191,FR
83857,US
33245,US
124460,AU
27281,US
105045,FR
105045,DE
105045,CH
40001,US
29621,US
29621,MX
117730,IL
20762,US
37144,US
48260,GB
12656,US
38867,US
277270,UNK
25969,CA
25969,FR
25969,DE
25969,US
44103,BE
44103,FR
44103,NL
753,US
43634,US
9103,CA
9103,US
90214,AU
29649,US
10990,US
8866,US
12233,US
23449,US
36355,US
37667,GB
90148,AR
90148,US
922,US
922,JP
922,DE
11876,FR
52633,US
62364,ES
11687,FR
9304,US
503475,GB
73183,US
123067,AU
9100,US
20759,US
46063,US
365371,NZ
32513,GB
40651,DE
40651,JP
40651,GB
36915,GB
36915,US
40507,US
9802,US
25697,GB
25697,US
21588,IT
21588,FR
664,US
11867,US
47119,FR
314352,DE
9323,JP
9323,GB
10280,US
10535,US
124613,GB
532,GB
26744,US
16299,GB
16299,US
10547,MX
10547,US
245268,US
935,GB
935,US
55613,CA
215107,US
41007,GB
41007,US
35645,US
110465,US
255546,BR
255546,GB
40751,HK
40751,TW
40751,CN
275096,IR
85778,US
11101,DE
9826,US
9826,AU
9879,US
63564,DK
63564,IE
63564,GB
22621,US
7095,US
26890,GB
26890,US
46732,US
124633,FR
124633,DE
124633,GR
124633,GB
124633,YU
581579,GB
581579,US
202425,BE
202425,FR
202425,ZR
202425,CD
196940,CM
196940,FR
77771,SN
181083,BF
41225,FR
41225,IT
188589,UNK
87190,US
627,GB
32872,US
602,US
14553,IT
14553,GB
14553,FR
14553,US
9566,GB
9566,US
10545,US
9894,US
11543,US
9268,CA
9268,US
52059,US
9327,US
123763,AR
81949,FR
81949,RO
42005,HU
124306,FR
183955,PH
44535,US
44535,GB
44535,FR
44495,US
78285,FR
11228,US
10779,NZ
10779,US
26748,US
38223,US
9294,US
49963,IT
49963,US
49963,GB
49963,DE
11363,US
1645,US
31546,GB
31546,US
77056,FR
36344,CA
36344,US
18550,US
11511,US
172198,HU
172198,CH
172198,FR
34170,US
281085,CA
281085,US
109478,US
124645,GB
12606,US
69895,IT
35206,MX
35206,FR
525936,US
151489,GB
4837,FR
12632,AT
12632,DE
12632,SE
9098,DE
282919,DE
124614,FR
124614,PT
18975,CZ
18975,FR
18975,DE
18975,GB
18975,US
11962,US
2925,US
28628,GB
28628,US
3595,US
9308,US
92381,US
18555,US
12123,US
10830,US
3573,US
10546,US
18862,US
31417,FR
31417,IT
9431,US
124619,UNK
297645,CN
48144,HK
46986,US
46986,DE
46986,JP
144982,US
47907,US
10061,US
36266,FR
36266,HK
36266,VN
549,US
10478,US
66634,AU
66634,FR
116690,JP
213917,FR
145925,IT
100914,CN
238,US
484245,US
159,DE
11134,HK
88224,US
132641,JP
42758,GB
9303,US
23945,US
37820,AU
22479,US
22479,FR
9054,US
241058,UNK
11985,TW
10232,CH
10232,DE
59569,US
410921,CA
38955,HK
110513,US
114089,UNK
11015,DE
11015,JP
11015,GB
11015,US
9306,US
12559,US
58770,US
124851,US
3587,US
10723,US
56077,ES
56077,US
101230,NL
253632,ES
10987,US
44705,GB
44705,IE
44705,US
20318,US
43596,DE
79782,PL
26933,FR
27854,US
981,US
872,US
2769,US
13320,US
164,US
426,US
567,US
3078,US
13528,US
28288,US
213,US
284,US
239,US
4808,GB
4808,US
289,US
963,US
11113,US
6620,US
804,US
26531,US
909,US
630,US
770,US
31044,US
599,US
15,US
62,GB
62,US
121357,US
705,US
22490,US
223,US
25670,US
303,US
4174,US
8356,US
381,US
20758,US
29376,US
1859,US
18299,US
17281,US
64382,US
10907,US
32093,US
1939,US
22292,US
3598,US
3080,US
198,US
13562,US
1712,US
220,US
3529,US
3085,US
2897,US
1585,US
3083,US
900,US
43795,US
85638,US
50001,US
43905,US
22688,US
23114,US
26378,US
40206,US
22356,US
260,GB
43488,US
22613,US
10331,US
488,GB
488,US
22733,IT
22733,GB
22733,US
261,US
57575,US
32574,US
22657,US
76464,US
22649,US
176841,US
125587,IE
125587,GB
39448,HK
52855,US
52855,ZA
39940,US
172868,GB
85328,US
85328,FR
124632,US
11076,US
63945,CA
63945,US
58985,US
890,AT
890,DE
10861,US
1770,IE
1770,GB
1770,US
44465,US
2033,US
18203,US
9333,US
47260,US
9400,US
9401,US
12241,US
25739,BE
25739,FR
161806,UNK
11306,US
9625,US
10680,US
6346,US
18660,US
35115,US
14821,US
14136,US
10869,US
22660,US
19186,US
31102,US
6878,US
15944,US
18444,US
20723,US
173,US
864,US
24795,US
11224,US
81310,US
15947,US
9078,US
29682,US
8367,US
433,US
11360,US
11114,US
12335,US
12092,US
10948,US
11229,US
11229,FR
15121,US
562,US
10163,US
48862,US
48862,FR
117036,US
47199,GB
11159,GB
11159,FR
9591,US
30500,US
41843,US
55058,US
10938,GB
11412,US
10586,DE
10586,US
42314,US
27845,US
108365,FR
108365,GB
108365,US
23223,US
49471,US
38153,US
25147,GB
9716,US
43777,US
43777,DO
454,AU
454,US
10218,US
819,US
38191,US
56830,US
27256,GB
31530,US
66473,US
28120,US
1834,US
26282,US
37218,CA
252,US
116356,BE
16372,GB
11561,US
11302,US
623,GB
623,US
583,GB
12614,GB
12614,US
21711,US
11575,US
475,US
11331,US
521,US
21202,FR
21202,TN
88,US
500,US
792,GB
792,US
8491,US
402,US
402,FR
10537,US
11386,GB
11386,JP
9504,US
15764,GB
15764,US
601,US
67365,US
25842,US
2119,US
744,US
136311,US
221,US
702,US
25750,US
17642,NL
17642,US
427043,AT
146341,BG
9305,FR
9305,CH
9305,IT
37616,US
11112,US
21612,US
141210,US
102461,FR
36998,BE
36998,FR
36998,GB
200383,FR
200383,IT
200383,NO
200383,US
116844,US
1630,US
26626,US
470646,UNK
124837,US
11816,GB
11816,US
11843,GB
11843,US
10379,GB
10379,US
2756,US
790,US
1103,GB
1103,DE
1103,US
11298,US
4480,FR
4480,IT
4480,CH
4481,FR
4481,IT
575751,UNK
49688,CL
49688,MX
10765,US
762,GB
44497,CA
44497,DE
85588,UNK
278621,US
99479,US
566972,BE
566972,NL
566972,US
55049,FR
55049,PT
124829,US
79306,UNK
356054,CA
10548,US
531,GB
104931,FR
4483,FR
18919,CZ
18919,FR
18919,GB
31556,US
26167,US
26174,US
572997,PL
61461,IT
117500,FR
218713,US
217802,US
127973,US
659,FR
659,DE
659,YU
30892,GB
86369,FR
86369,BE
86369,NL
8074,FR
124676,US
559489,UNK
38554,US
49763,US
41326,GB
41326,US
36555,US
10608,DE
10608,GB
10608,US
11216,FR
11216,IT
7452,FR
7452,GB
64567,FR
892,FR
1600,FR
1600,NO
1600,PL
26561,GB
975,US
18129,CA
18129,US
54405,GB
150823,US
409,GB
409,US
38251,IT
10161,IE
10161,GB
1412,US
41768,US
10409,AU
14285,US
2469,ES
10174,US
31225,US
510,US
11455,US
1891,US
2493,US
85,US
68,GB
68,US
679,US
429,US
429,IT
429,ES
429,DE
13446,GB
13446,CA
389,US
947,GB
185,GB
185,US
595,US
28,US
335,IT
335,US
1892,US
144,DE
144,FR
1092,GB
769,US
348,US
348,GB
766,US
175,FR
11645,JP
11645,FR
10835,HK
539,US
525,US
240,US
600,GB
600,US
530,GB
10705,GB
279,US
3109,US
311,US
311,IT
1578,US
703,US
9549,US
1398,SU
387,DE
9277,US
343,US
37291,GB
37291,US
490,SE
11235,GB
218,GB
218,US
763,NZ
9665,US
18971,GB
18971,US
696,US
379,US
207,US
37247,US
1480,US
9322,FR
9322,IT
826,GB
422,IT
422,FR
829,US
828,US
3090,US
9964,NZ
3063,US
13667,US
694,GB
694,US
235,US
832,DE
765,US
5925,US
11778,GB
11778,US
4485,FR
137,US
33,US
982,US
8428,CA
8428,US
212,US
105,US
1633,US
11202,US
1554,US
1554,DE
149,JP
8009,GB
8009,US
903,US
11673,FR
3034,US
339,US
339,JP
10404,CN
10404,HK
10404,TW
914,US
756,US
288,US
910,US
2640,US
16633,US
665,US
11031,US
11314,US
15143,US
89,US
10322,US
783,IN
783,GB
783,US
10644,US
11257,GB
14370,US
12104,GB
625,GB
8816,SE
830,US
2323,US
983,GB
983,US
642,US
655,GB
655,DE
655,FR
10341,DE
10341,AU
10341,FR
639,US
266022,US
168450,US
30180,US
31388,US
41801,DE
41801,US
66034,US
348138,US
96288,DE
96288,GB
96288,US
61536,US
18762,GB
331367,US
8077,US
814,GB
814,US
41671,US
27214,US
52263,US
33519,US
16235,MX
16235,US
11449,US
41848,CA
41848,US
25944,FR
25944,IT
25944,US
24913,US
49126,US
32076,US
32076,GB
32076,CA
571,US
8851,US
37843,US
32146,US
30346,US
6114,US
229,US
13549,IT
13549,US
9529,US
1598,US
11349,US
7340,US
6217,US
377,US
377,GB
653,DE
28198,IT
794,US
794,GB
31640,GB
31640,US
8744,US
8744,FR
25189,US
145,DK
145,FR
145,NL
145,NO
145,SE
2212,US
199,US
7863,AU
7863,GB
12498,US
9279,US
53234,FR
53234,IT
17204,US
21539,US
85589,SE
85589,NO
12709,FR
20539,US
11674,GB
11674,US
199512,IT
64900,FR
64900,DE
64900,CH
1573,US
152,US
174,US
172,US
154,US
157,US
168,US
364,US
11967,US
9086,US
621,US
621,GB
9037,GB
9037,US
10173,US
55687,US
168535,US
8845,FR
8845,US
46681,US
578,US
579,US
17692,US
17795,US
75,US
13891,US
9390,US
378,US
10896,US
2322,US
41240,US
26949,US
9819,US
49799,US
31908,US
46027,US
3179,US
1802,FR
1802,DE
4232,US
9361,US
2928,US
30285,US
10549,US
58102,IE
58102,US
18451,US
27265,US
49935,FR
8818,GB
8818,US
36758,IT
36758,TR
36758,GB
36758,US
36040,US
74239,GB
74239,US
9415,US
55146,ZA
303693,US
12145,GB
12145,US
42424,US
34314,US
2892,AU
9404,HK
85242,UNK
9622,US
8860,US
197537,FR
197537,DE
66597,US
14832,FR
14832,DE
14832,GB
9619,US
40506,US
31000,US
4104,US
26306,US
203829,DE
203829,CH
43775,ES
43775,DE
43775,CU
14908,US
784,CZ
784,GB
784,FR
12489,US
168283,US
16448,US
55936,RU
55936,KZ
17894,US
28059,US
58911,AU
17949,US
1968,US
61563,US
66,US
20735,US
11419,US
333165,UNK
25796,US
638,FR
638,US
25624,US
9366,US
60083,FR
60083,DZ
60083,BE
60083,LU
21915,US
90928,US
50091,US
18420,US
19952,US
9446,FR
9446,US
28005,GB
28005,IN
28005,US
28005,JP
28005,DE
9403,US
27322,US
10003,US
10003,RU
9311,DE
9311,DK
9311,SE
11844,IE
11844,GB
884,CA
884,GB
49806,US
1624,US
88423,AU
88423,FR
88423,IT
16052,US
4477,US
24662,US
18423,UNK
76996,AU
76996,US
6499,US
6499,JP
50512,RU
50512,GB
50512,US
9405,US
12723,US
9360,BR
9360,PE
9360,US
9434,US
118991,GB
118991,US
21626,CA
13982,US
93946,UNK
77223,AU
77223,US
31465,US
12793,US
102878,UNK
105763,BE
105763,FR
105763,GE
105763,RU
105763,UA
9611,US
47694,CN
47694,HK
10357,US
9977,AU
816,DE
816,US
2163,US
124680,NZ
16399,UNK
124843,US
31017,US
24645,UNK
49478,CA
49478,CN
49478,HK
49478,US
12499,US
18,FR
68545,CA
68545,GB
1811,US
1811,FR
109614,US
60082,US
24183,BE
24183,LU
24183,TN
53023,FR
64802,US
11239,JP
50850,US
15321,GB
2058,US
9450,GB
9450,US
125021,GB
330,US
38523,FR
16375,US
33660,US
59232,US
45671,GB
45671,FR
17770,US
15170,US
1701,US
201445,US
26422,FR
26422,LU
26422,GB
124642,UNK
1639,US
49235,UNK
106129,US
291634,US
107743,US
415,US
47686,US
65889,IT
65889,US
11103,US
11970,US
34941,US
407992,US
8874,US
17991,JP
11956,FR
266,FR
266,IT
754,US
37567,US
43771,IR
43771,FR
124834,FR
249358,GB
111367,FR
111367,CH
607,US
18080,US
38225,US
17834,US
686,US
65046,AU
4421,GB
4421,US
9387,US
10603,US
2142,US
38904,NL
38904,GB
38904,US
45565,FR
45565,DE
45565,GB
45565,US
9407,US
4824,US
9444,US
9414,US
8078,US
29938,US
11831,US
2895,US
39177,FR
19601,GB
124606,US
42832,CA
22797,IE
22797,US
2639,US
9574,US
10371,US
489,US
167738,UNK
293820,DE
293820,US
9714,US
102406,US
531591,US
8197,US
6283,US
279698,US
49728,US
64562,UNK
4233,US
191874,US
191874,CA
10217,CA
438108,US
597,US
714,GB
52537,US
12799,FR
62394,GB
9922,US
547,US
25994,GB
25994,US
184,US
9746,FR
9746,MA
9746,US
9746,GB
9438,US
115,GB
115,US
26941,US
27103,BE
27103,FR
9410,US
32302,US
216794,CA
88863,US
154821,US
41417,US
12538,US
586,US
2666,AU
2666,US
46338,GB
54007,US
11258,DK
11258,FR
11258,DE
11258,JP
11258,GB
11258,US
9490,US
9411,US
25719,GB
9033,US
11220,HK
21253,BR
6116,GB
6116,US
9457,CA
9457,US
281289,UNK
43911,US
39424,US
44361,DE
44361,RU
11702,US
2923,GB
2923,US
12238,IT
12238,US
11568,US
41577,JP
66894,US
11003,US
10153,US
49645,UNK
47112,DE
47112,IE
47112,JP
47112,ES
47112,GB
102732,UNK
30949,US
2898,US
9558,IT
83593,UNK
320011,UNK
26269,US
11808,US
6970,AU
47452,CA
47452,IT
47452,GB
18205,MX
36943,US
21736,US
17941,US
10668,US
9313,US
9313,GB
42807,US
617,US
36568,US
37272,US
5910,JP
9440,FR
9440,DE
9440,JP
9440,GB
9440,US
53092,CA
53092,US
32911,US
44308,GB
44308,US
124821,US
32456,US
93350,US
62695,US
32144,US
17127,US
40688,US
17133,US
19848,US
17644,US
1774,GB
1774,US
30265,FR
30265,HK
30265,JP
30265,GB
30265,US
558884,UNK
2157,US
70581,AU
8838,US
29193,US
795,DE
795,US
16980,US
27472,US
47881,US
9469,US
12488,US
98499,US
81367,US
267,ES
267,FR
16148,US
21252,GB
73135,US
9449,GB
9449,US
6264,DE
6264,IE
6264,GB
6264,US
90414,US
188870,US
215373,AR
215373,US
78149,US
15513,US
31220,US
13907,US
29825,US
10622,HK
30020,IR
30020,FR
17139,BE
17139,NL
34582,NO
10216,US
9771,US
24560,US
76330,US
9448,US
9448,CA
9448,FR
38618,AU
38618,DE
38618,US
18316,FR
18316,DE
18316,JP
18316,GB
18316,US
78373,US
77514,FR
77514,KZ
77514,UA
49474,GB
4415,DE
4415,GB
4415,US
39467,US
55561,GB
55561,US
8656,US
209345,UNK
58680,US
35161,CA
35161,GB
35796,GB
18937,US
929,US
929,JP
9452,US
1878,US
9844,US
40505,US
14342,US
9715,US
26610,NO
20064,US
40961,NZ
1965,US
312,DE
6068,US
15037,US
50043,GB
50043,US
37636,US
17044,FR
17044,GB
60951,US
21334,IR
416437,UNK
32284,US
51955,US
37410,US
47481,FR
53765,US
10674,US
136134,GB
846,US
846,CA
12655,GB
12655,US
12655,IE
3050,US
1389,US
11020,AU
20862,US
108548,FR
108548,PT
9464,US
95,US
944,US
35680,US
11551,US
473,US
102304,US
544,US
10513,US
28966,US
65203,US
143,US
42861,US
33680,US
56164,US
12311,US
43277,US
43278,US
34106,US
43266,US
27367,US
17661,US
28580,US
887,US
33667,US
23383,GB
25430,US
27191,US
11426,US
654,US
15919,US
1725,US
5769,GB
874,GB
10633,US
17917,GB
3116,US
1051,US
1366,US
12102,US
16619,US
9443,GB
9443,US
11050,US
606,US
746,IT
746,CN
746,GB
746,FR
380,US
403,US
403,GB
11485,US
466,US
13820,US
15389,US
13597,GB
13597,US
2108,US
10014,GB
10014,US
10072,GB
10072,US
10131,GB
10131,US
10160,US
11284,US
4488,US
9725,US
9728,US
9730,US
9731,US
10225,US
10281,US
10283,US
948,US
11281,US
10676,US
11357,US
11361,US
36599,CA
39929,CA
41828,CA
41769,CA
10585,US
11186,US
11187,US
609,US
11133,US
10306,US
9552,US
11586,US
11587,US
941,US
942,US
943,US
927,US
928,US
9340,US
9342,US
9342,DE
38509,US
60033,US
12101,US
19,DE
165,US
196,US
551,US
16084,US
17984,US
22328,US
32611,US
3170,US
346,JP
859,US
841,US
11051,US
11051,CA
242,US
1411,US
9769,FR
9769,US
9424,AU
9424,US
9424,CA
9835,US
857,US
17539,US
44322,CN
44322,FR
22777,US
20173,US
10957,US
9570,US
16249,US
13962,US
14612,US
14612,GB
19378,US
65157,US
29228,US
19379,US
11164,US
18887,US
18887,GB
40866,US
24736,US
10122,US
24816,US
9994,US
25445,US
12129,US
14140,US
10439,US
11158,US
9354,US
28736,US
34774,US
37969,CA
37969,US
9631,DE
9631,US
9820,US
14013,US
36606,US
96196,GB
98505,FR
1779,US
10849,US
678,US
907,IT
907,GB
907,US
5961,SE
5961,DE
5961,FR
47908,US
42121,US
2887,US
11974,US
20348,US
26648,IT
26648,FR
11911,DE
11911,HU
793,US
35144,US
9325,US
43037,US
10340,US
10144,US
10414,US
10437,GB
10437,US
15300,US
12230,US
13380,CA
13380,US
10693,US
11335,US
11135,US
11319,US
14822,UNK
13155,GB
13155,US
10249,US
15943,US
10882,US
24808,US
19762,US
13850,US
2619,US
65158,US
53565,US
41841,US
27332,US
97,US
10419,US
11675,US
2107,US
6471,US
9442,US
11591,US
13697,US
19158,US
19158,JP
227,US
87,US
123,GB
123,US
9314,DE
9314,NL
9314,GB
11336,US
11336,CA
9980,US
10657,US
10489,US
10823,US
11497,IE
11497,GB
11497,US
2907,US
9454,US
8688,US
118452,US
16155,US
48894,DE
48894,CH
23954,CA
23954,FR
12761,DE
12761,SE
12761,GB
396,US
14367,US
11814,US
16081,US
18331,US
15171,US
11837,GB
11704,US
11639,GB
11639,US
4978,US
10380,US
11976,US
11976,GB
15144,US
11522,US
11557,US
13853,US
11415,US
37530,US
8393,ZA
8393,BW
11937,ZA
11937,BW
11937,US
21661,CA
21661,US
9320,US
33644,US
14662,US
125124,UNK
115872,FR
115872,DE
115872,IT
115872,ES
39930,US
10692,US
805,US
34584,DE
34636,DE
2182,US
28070,US
77469,US
10278,US
36647,US
17915,US
14557,US
9417,US
9417,DE
41469,US
19381,CA
19381,US
34637,AU
34637,NZ
4011,US
161795,US
1580,US
5854,US
573,GB
2370,US
5780,US
506,US
22527,US
574,US
11219,US
30159,US
845,US
1978,GB
3682,US
51942,US
46702,US
54795,GB
46748,FR
847,US
117,US
14577,US
37498,AW
37498,HK
37498,US
38621,GB
38621,US
59138,US
28047,US
4175,GB
31667,US
13321,US
21734,US
31997,US
24197,US
11462,US
31995,GB
940,GB
2762,GB
12684,GB
2761,GB
8208,GB
52907,GB
15007,GB
36049,GB
52748,GB
75793,GB
47695,GB
31930,GB
20213,GB
543,GB
36054,GB
35832,GB
52782,GB
36055,GB
36056,GB
2760,GB
64398,DE
64398,GB
10220,US
431,CA
31641,US
223318,UNK
69848,US
69848,MX
69848,ES
22796,US
22256,US
37550,IT
37916,IT
21873,US
21500,US
84116,US
12626,US
37818,UNK
3525,US
129628,US
2321,US
2028,US
16384,US
91217,US
77314,GB
77314,US
10699,US
11597,US
218624,UNK
47947,US
48311,US
44772,US
14347,US
41090,US
18282,US
18169,US
11082,US
5971,US
11933,US
20096,US
30815,US
881,US
4478,US
22318,US
53113,US
2109,US
122289,AU
24746,US
72987,GB
72987,US
193103,UNK
8195,GB
8195,US
9877,US
26618,DE
26618,GB
26618,US
21132,CA
21132,US
11855,US
24016,IT
24016,GB
14785,IN
14785,GB
14794,GB
14794,US
3486,GB
3486,US
11071,US
1091,US
10403,US
11337,US
162,US
25723,US
73351,US
8916,US
28134,UNK
9429,US
12159,US
27791,US
43106,GB
30197,US
10156,US
10377,US
3121,US
4975,GB
4975,FR
4975,JP
37532,US
9713,US
134368,US
85837,US
1039,AT
9821,US
4437,US
1890,US
1955,US
39437,US
11932,US
6435,US
108316,UNK
10683,US
63709,US
9445,FR
9445,US
2657,US
9425,US
9425,GB
32326,US
637,IT
8675,US
8675,JP
125762,CA
125762,GB
125762,US
20701,US
9945,US
73,US
18603,US
46889,US
12888,US
3033,GB
3033,US
9882,US
10663,US
4518,GB
4518,US
1808,GB
1808,US
3600,US
17037,CA
17037,US
297,US
5332,IE
5332,GB
21589,CA
8336,US
11893,US
123056,UNK
12223,US
32081,US
14924,GB
10002,GB
41817,US
19426,IT
19426,FR
12560,US
9798,GB
9798,US
14444,US
9487,US
9466,US
666,BR
666,FR
2042,US
10162,FR
10162,GB
309,DK
309,SE
692,US
24018,US
1678,JP
39256,US
39256,JP
1680,JP
244,US
10730,US
31947,US
8130,US
11532,GB
11532,US
9749,US
14628,US
9626,US
13698,US
10466,US
707,GB
707,US
11954,GB
9336,US
10157,US
12118,US
10587,US
11825,US
11895,US
9447,AU
9447,US
12257,US
37536,US
10029,US
27104,ES
27104,IT
27104,TR
11252,US
8545,GB
10223,US
10223,GB
10223,FR
10223,JP
10223,DE
9745,US
9745,GB
200,US
9837,US
11545,US
1934,US
110643,US
11881,US
13764,US
13764,GB
13764,NL
24951,CA
24951,US
8879,US
1369,US
1369,MX
1369,AN
1368,US
1368,AN
1370,US
10303,US
9326,US
9326,MX
10328,US
11285,US
1367,US
1371,US
1374,US
1375,US
15196,US
11904,US
215875,US
15596,US
13818,US
29968,US
44326,US
1885,US
8856,US
10495,US
5825,US
9489,US
16885,IE
16885,GB
76857,GB
8741,US
9276,US
9822,US
39314,US
10312,US
9441,US
9422,US
125582,US
24525,US
10368,GB
10368,IT
11365,DE
11365,JP
11365,GB
140897,US
31662,US
31662,JP
31662,CA
36136,US
1363,GB
1363,US
46992,GB
825,US
825,GB
22913,GB
15556,US
28902,IE
28902,GB
28902,US
14709,US
9423,US
9423,GB
9423,DE
9423,JP
9423,FR
14443,US
10658,US
6917,CA
6917,US
40729,CA
24086,US
11815,US
9426,CA
9426,US
10344,CA
10344,US
15698,US
2620,US
30497,US
16337,US
25018,US
16780,US
12151,US
25438,US
33278,US
274253,US
192,FR
192,DE
192,IT
10945,US
10013,US
9671,AU
9396,AU
11038,US
12278,US
11873,US
18588,US
10015,US
12715,US
8388,US
45712,US
6187,FR
8129,GB
8129,DE
8129,ES
8129,FR
8129,IT
1618,GB
1618,US
10722,IT
10722,ES
296543,US
10314,US
125548,US
47139,US
11167,GB
170187,FR
170187,ES
170187,GB
2112,US
16172,US
111794,US
9524,AT
9524,DE
20595,US
16306,XC
16306,FR
11622,US
10207,US
9849,US
82865,US
18892,US
13466,US
1542,US
43978,IR
43978,FR
43978,NL
15256,US
8224,DE
8224,US
18417,US
12479,US
15031,US
15209,US
26425,FR
26425,US
1847,US
42113,JP
8913,US
10906,US
25748,US
25749,US
8769,US
14742,US
15856,US
10671,US
27932,US
7227,US
10670,US
5919,US
33518,US
40160,US
2362,US
10803,US
871,US
1685,US
1705,US
1688,US
1687,US
166680,US
11123,US
29723,US
31638,US
113286,US
9535,US
9455,US
796,US
100,GB
100,US
47501,US
77936,BE
77936,FR
77936,LU
84586,US
30943,US
107946,US
7341,US
10350,LU
10350,US
11772,GB
9540,CA
9540,US
31503,US
11773,GB
11773,US
30202,GB
22345,US
53685,US
1567,FR
1641,US
47288,US
10212,CZ
10212,MX
10212,GB
10212,US
10354,US
11526,FR
11526,DE
8583,US
123728,US
16520,US
16508,US
11374,US
16379,US
125123,GB
28029,US
603,US
4951,US
65749,AR
65749,ES
8970,US
9840,FR
186705,FR
30950,FR
30950,ES
30950,GB
70687,US
11660,GB
11660,US
9430,US
11355,US
18764,HK
9465,US
27455,US
1414,ES
49981,DE
49981,US
6522,US
114719,US
10209,FR
10209,GB
25512,FR
143299,US
22826,IT
22826,FR
1902,ES
1902,FR
1902,IT
445590,DE
445590,PL
445590,FR
6396,US
39964,US
12596,DE
12596,US
9451,US
1946,CA
1946,GB
1946,FR
89522,AU
42230,HK
139445,CA
74140,UNK
1844,GB
1844,US
6552,US
24584,GB
213985,NZ
213985,US
25471,CN
25471,HK
4154,US
4154,VN
28519,GB
28519,US
3309,US
18462,US
28941,US
18252,US
8592,US
564,US
13852,AU
140519,US
25232,CA
25232,IE
33194,CN
33194,HK
33194,US
33194,TW
10210,IT
10210,US
10210,GB
53862,US
17962,JP
9460,HK
4927,US
122190,DE
122190,GB
122190,US
1893,US
31342,US
44297,IT
44297,GB
95627,US
8785,PL
15849,US
18990,GB
29242,US
29243,US
31498,US
29239,US
15660,US
1924,GB
1924,US
8536,GB
8536,US
9531,US
11411,GB
11411,US
138,US
30793,US
3103,US
3035,US
3077,US
3074,US
3076,US
3079,GB
32023,US
13666,US
29794,GB
29794,US
9077,US
36685,GB
36685,US
43391,US
30168,US
10785,US
19483,US
8974,US
29959,US
11549,US
18158,US
27625,US
41516,US
17918,US
37305,US
18784,US
509,GB
509,US
1090,US
24858,FR
24858,DE
24858,GR
24858,IT
15059,GB
15059,US
55912,ES
55912,US
55912,GB
55912,FR
55912,DE
12117,US
11779,DE
11779,US
11779,GB
11779,FR
11779,CU
41730,US
84198,US
100568,UNK
13533,US
62676,US
817,US
265966,US
265966,CA
91598,BE
91598,FR
91598,IT
14283,AT
14283,CA
14283,CN
14283,HK
14283,IT
14283,GB
14283,US
37135,US
2275,DE
2275,US
68426,US
24137,FR
24137,GB
24137,US
10376,IT
104,DE
15800,US
9032,US
13821,AU
9421,FR
55955,FR
55955,GB
67067,AU
67067,US
6488,US
9473,US
8487,US
8487,CA
10279,US
125263,UNK
2767,FR
78568,FR
2105,US
1073,US
10239,FR
10208,US
2667,US
48958,GB
48958,US
345,GB
345,US
9825,US
16158,US
133575,US
620,US
2978,US
10490,US
11618,US
332,US
1812,US
8914,AU
8914,US
9824,US
4806,US
33430,US
247,US
10056,US
967,US
802,GB
802,US
3175,GB
3175,US
147,FR
1628,FR
21185,US
11120,US
10136,US
32060,US
48686,US
48259,US
873,US
48660,US
26789,US
3934,FR
108312,US
198469,IT
198469,NL
198469,US
11416,GB
11416,IT
10776,US
24452,US
9710,US
9710,IL
31924,US
30890,US
24081,US
20242,US
39074,US
66194,US
2115,US
23599,US
3526,US
41166,GB
41166,US
16406,US
16406,CA
197239,UNK
10386,US
745,US
913,US
912,US
12229,GB
67323,US
91076,ES
91076,US
91076,JP
89861,GB
89861,IN
19457,US
11353,US
17707,US
9781,US
102489,FR
102489,ES
18212,CA
13817,AU
126996,IT
38715,US
48781,US
48781,CA
48781,DE
12185,US
29056,US
26857,US
28501,US
29030,GB
29030,US
25319,US
25319,GB
29074,US
24103,GB
10552,NL
10552,US
9267,GB
9267,US
10766,US
10768,US
813,US
2665,US
9406,FR
9406,DE
9406,LU
9406,NL
9406,GB
9406,US
11418,US
11153,US
14170,US
2280,US
11077,US
28597,US
22611,JP
22611,US
39780,AU
39780,GB
39780,US
10396,US
9944,US
850,US
10154,GB
10154,US
10342,US
10366,US
9349,US
15122,US
10494,JP
126152,US
22314,US
51679,US
35813,US
11037,CA
11037,IL
11037,US
11955,CA
11955,IL
2038,GB
2038,US
28737,CA
11963,US
141489,UNK
53761,US
9096,US
91893,DE
113273,US
103793,UNK
1911,US
2900,US
17709,US
37718,US
47144,FR
47144,GR
47144,MK
47144,TR
47144,YU
104896,US
30964,FR
30964,GB
30964,US
52366,FR
6373,GB
2162,US
14578,US
40694,GB
4338,US
49184,LB
49184,BE
49184,FR
49184,NO
10307,US
11601,US
18621,US
1075,FR
1075,DE
1075,CS
21719,US
40879,FR
40879,US
47951,JP
43832,US
47697,IT
47697,US
47697,MA
49792,US
77064,US
26522,US
23761,US
24097,US
42114,US
28295,US
12105,GB
12105,US
14,US
24128,US
11001,US
10390,US
9453,IT
9453,US
704,GB
35122,GB
35122,US
142132,GB
142132,US
24153,US
11797,US
18086,US
124475,FR
17887,US
10669,US
11527,GB
11527,US
42848,US
42848,IE
40867,US
1049,FR
1049,US
28032,US
28032,IE
11326,GB
28377,US
10975,HK
10975,CN
10974,HK
10974,YU
10974,AT
10398,DE
10398,US
2290,FR
2290,HU
2290,US
24071,US
62994,CA
62994,US
60994,US
16112,US
32305,BE
32305,DE
32305,US
14429,US
15198,CA
15198,US
6415,US
24066,US
21430,US
10381,GB
26338,FR
42486,US
60285,US
5622,FR
5622,IT
10349,US
42518,US
29787,US
9638,US
10576,US
12662,US
61369,US
11712,JP
12618,DE
12618,US
13824,US
226,US
288772,UNK
55107,PT
55107,FR
69851,ES
10388,US
17198,US
44857,US
9346,US
861,US
14412,US
9377,US
11541,AU
11541,US
2457,FR
11901,US
4929,US
85325,US
11230,HK
8416,DE
8416,FR
8416,IT
11054,US
851,GB
24453,US
18254,US
56235,UNK
20123,IT
20123,GB
20123,YU
16642,US
2593,FR
42020,ES
3086,US
16305,US
32255,US
48797,AR
19997,US
3767,US
17352,US
535,US
2731,FR
2731,VN
2731,MY
1654,GB
1654,US
31043,US
14831,GB
658,GB
657,GB
646,GB
5689,US
391,DE
391,IT
391,ES
8052,US
772,US
65448,US
65452,US
31650,US
73575,US
302579,US
550,DE
550,US
97537,CA
97537,FR
97537,IT
97537,GB
97537,US
12220,US
1610,GB
53151,US
42881,US
29064,US
404,US
404,GB
404,FR
42196,US
36819,GB
42726,FR
9343,DE
9343,PE
16858,US
42006,CN
11562,US
10496,US
16162,US
8649,US
31306,US
10563,US
10563,AU
14484,US
214735,US
94857,GB
32043,US
15247,GB
29251,US
5548,US
5549,US
856,US
38772,US
699,GB
709,MX
709,GB
709,US
253,GB
13511,IE
13511,GB
660,GB
46798,US
11377,US
26149,US
492,US
108346,GB
108346,US
98480,US
128,JP
46286,US
8672,DE
8672,GB
8056,BE
8056,IL
8056,NL
8056,RO
8056,FR
2020,US
9481,US
9008,US
14242,US
16129,CA
16129,FR
104103,FR
104103,GB
11489,BE
11489,FR
28145,US
51371,US
18111,US
31361,US
11223,US
16281,US
16288,US
1694,US
476,US
37094,US
37094,FR
13555,US
961,US
73969,US
24831,US
64963,US
85160,US
25560,IT
25560,US
21610,US
11878,JP
11510,US
11234,US
957,US
11886,US
37853,US
62204,CA
62204,FR
11040,US
21849,US
1621,US
14035,CA
40771,US
40772,CA
40773,US
11498,US
11790,GB
29371,US
276635,GB
47941,US
29048,GB
19052,US
21349,US
1832,US
10047,FR
10228,JP
47692,CA
47692,GB
18561,US
144953,US
37426,US
51787,US
11663,IE
11663,GB
11663,US
13485,US
9289,US
9264,US
18222,US
124853,UNK
11165,JP
11165,US
4203,ES
24226,US
88875,US
11379,US
29154,US
2039,US
77915,US
11943,US
11481,GB
2690,US
20565,GB
27141,US
10399,GB
90762,MK
2668,US
36643,GB
99,ES
99,FR
159569,US
159569,DE
77010,FR
25898,US
9647,US
11787,US
5156,IT
24276,US
11953,JP
11953,US
44662,JP
29005,US
26371,GB
26371,US
596,US
52470,US
20334,US
11393,US
31121,US
293,GB
293,US
10998,US
12235,US
36094,US
9013,US
11005,US
59820,US
2924,US
177,US
38557,US
42087,US
13681,US
34760,US
9946,US
863,US
31582,US
125520,US
22267,US
55123,US
5486,IT
10411,US
41462,US
1718,US
28604,US
15506,IE
20024,US
78256,GB
78256,US
13787,AU
54933,US
9684,US
9586,US
41638,US
70801,US
33015,US
777,FR
21887,US
5652,US
19664,US
19664,GB
32331,US
76083,US
32628,US
32669,US
18161,US
31681,US
33666,US
32274,US
10402,US
497,US
1715,US
35118,DE
35118,US
42739,IT
42739,GB
26162,US
25188,US
15515,US
75888,US
1439,US
2277,DE
2277,US
10137,DE
10137,US
10387,CN
10387,FR
10387,JP
49948,US
334,US
30237,GB
30237,US
50116,FR
50116,GB
50116,US
46435,GB
46435,US
94260,UNK
22213,US
47070,US
36492,US
624,US
26578,GB
26578,US
415072,US
43103,GB
43194,IT
9563,US
1850,US
926,US
1213,US
10471,US
10400,US
10397,IE
10397,GB
10397,US
20761,US
12524,GB
12524,IT
12524,US
28216,GB
28216,US
36773,US
30814,US
10219,US
3558,US
104878,UNK
41276,UNK
17908,US
10384,US
125317,UNK
48233,IN
581335,UNK
10236,US
71067,US
632,US
11851,US
5924,US
33734,US
14886,US
26617,US
11900,DE
10493,AU
16241,GB
16241,US
27632,IT
22160,US
4460,US
9644,US
43455,US
13342,US
35119,AU
35119,US
21256,US
14919,US
14040,US
75641,GB
17343,DE
17343,ES
22692,US
47620,US
2990,US
38775,US
10831,GB
21193,IT
21193,FR
33078,NL
33078,GB
16672,JP
10472,US
123277,US
79474,ES
97805,US
53714,GB
21489,DE
21489,GB
51392,US
32600,US
110479,GB
299121,US
13005,US
65134,US
121738,UNK
18681,AU
18681,CA
18681,GB
75531,US
75531,GB
75531,DE
75531,JP
20468,UNK
14521,AU
14521,BT
46835,CA
46835,FR
46835,MX
46835,ES
46835,US
10406,US
14741,US
32015,CU
32015,SU
1883,US
1883,AN
2005,US
6279,US
11087,US
7305,US
24735,US
9475,US
8872,US
8873,US
11287,US
9869,US
619,US
9374,US
11259,US
8293,JP
8293,GB
8293,US
11068,US
1923,US
10158,US
10206,US
11782,HK
10086,BE
9367,US
9876,US
10326,US
16562,US
9609,US
12143,US
4234,US
9605,US
8374,CA
8374,US
29076,US
80471,ES
49477,DE
121940,US
28156,US
113096,UNK
106837,GB
24349,US
27841,US
1907,GB
15489,DE
15489,US
15655,US
68546,FR
68546,GB
68546,US
36210,CN
36210,HK
36210,US
279444,US
77908,US
22342,US
96484,CA
96484,US
30062,US
62463,GB
25934,GB
101383,UNK
14181,US
10385,US
2787,US
2069,US
61416,GB
79515,US
14839,US
42186,US
28978,US
901,US
25010,US
36208,US
10098,US
18264,US
291861,US
33374,US
43368,US
127602,GB
2155,US
11004,DE
11004,JP
11004,GB
11004,US
25212,FR
25212,US
36048,US
139,DK
139,SE
210307,US
47816,US
20682,US
25166,US
1831,US
10416,US
14271,US
4816,FR
4816,DE
4816,JP
4816,US
19958,AU
28569,US
2193,US
64871,US
54575,US
11016,US
23020,US
54195,GB
139058,GB
20423,US
10839,DE
10839,GB
36489,US
24481,US
11296,US
61651,US
28172,US
57855,UNK
28180,US
14280,US
72086,DK
72086,SE
149687,US
29478,US
28177,US
64166,US
73642,IE
73642,GB
2067,US
622,ES
622,FR
110666,UNK
28463,BG
28463,FR
28463,RU
28463,ES
12186,US
20283,US
5693,US
5693,GB
287,US
968,US
838,US
16958,US
3114,US
31938,US
12501,US
22650,FR
22650,IT
31618,US
42232,US
15873,US
26928,US
68427,US
25392,US
67455,FR
22178,US
48213,FR
48213,DE
48213,PL
48213,GB
35412,US
35412,AU
43463,US
59939,US
159727,GB
244151,GB
8333,US
19259,US
820,US
820,FR
11718,US
8989,US
8989,BE
32031,US
58048,GB
26827,US
11157,US
28370,US
918,US
61178,US
11176,GB
11176,US
14900,GB
14900,US
11899,US
36536,US
18890,US
19736,US
123047,GB
123047,US
24575,GB
16535,US
10971,GB
23928,GB
31336,FR
31336,BE
31336,CH
462,US
9532,US
117259,AU
117259,US
78231,GB
2383,FR
2383,US
25503,US
53879,US
1396,SU
11570,US
1541,GB
1541,US
150043,US
17443,US
8469,US
27995,US
36739,US
925,US
41823,US
1713,US
26170,US
30547,US
54825,GB
13939,US
14373,US
24873,US
26263,US
34746,CA
34746,US
996,US
9079,US
1496,US
1498,HK
1498,US
1497,HK
1497,US
1499,US
1499,HK
1880,US
33762,US
103960,FI
103960,US
11690,US
11690,HK
29143,US
35292,US
36652,US
801,US
104301,US
11520,US
1879,US
2085,US
13539,US
16222,US
109479,US
17078,IR
37722,CA
37722,US
75892,ES
75892,US
33516,GB
99008,US
9960,GB
3082,US
49338,CA
49338,US
52961,US
12187,US
24748,US
990,US
1908,US
9764,JP
9764,SU
840,GB
840,US
39890,GB
42237,FR
42237,CH
26689,US
25673,US
2291,US
13531,US
16620,US
526,US
13346,US
243,GB
243,US
10501,US
11478,US
96167,IT
24212,GB
6644,US
41038,US
879,US
32613,ES
32613,GB
39406,US
85689,US
31624,IT
17529,US
40841,US
118098,GB
1793,US
11327,GB
11327,US
1700,US
54087,UNK
34322,US
41659,US
593,SU
10774,US
10083,US
29786,US
11356,US
10747,US
38809,US
10559,US
20697,US
2621,US
10479,US
10479,DE
125709,UNK
49721,FR
49721,AU
2006,US
184885,US
46625,DE
46625,US
46625,FR
17339,GB
17339,US
26879,US
11305,JP
11305,US
48211,FR
48211,IT
28975,IE
28975,GB
28975,US
13665,US
12309,US
1552,US
106,US
10333,US
11027,DE
11027,US
61560,FR
61560,IT
61560,CH
123757,US
27197,JP
10468,US
1359,CA
1359,US
4967,US
31776,DE
31776,GB
31776,US
10557,GB
27745,GB
27745,US
19214,US
46686,JM
71402,US
13776,US
26291,US
10784,DE
10784,US
10242,US
27857,GB
16347,US
4825,US
11654,GB
10518,US
11977,US
18041,US
14736,US
3536,US
3536,FR
1443,US
10424,US
80677,IT
80677,FR
28971,US
49096,JP
49096,FR
310431,US
40562,US
9456,DE
9456,US
889,US
10564,US
15723,US
19600,BR
19600,US
125537,US
452,DK
452,FR
452,DE
452,NL
68170,GB
36234,US
39283,US
65460,US
55667,US
31978,US
12476,US
5241,US
98,GB
98,US
21311,US
47724,GB
47724,US
11129,GB
11129,IE
94214,US
117781,FR
117781,PT
1058,US
37112,US
42159,US
16395,IT
50627,US
5608,DE
5608,YU
38925,US
13105,US
22501,FR
22501,DE
22501,HU
22501,CH
22501,GB
5491,US
10560,US
19489,US
19419,US
23531,US
10688,US
17889,US
18228,US
80351,US
18642,US
205054,US
39391,US
18644,US
31516,US
45827,US
5683,US
113279,US
2094,US
14906,US
16176,GB
52770,US
12518,US
10567,US
10642,US
9285,US
10569,US
21879,US
98502,US
21484,FR
21484,DE
24918,US
955,US
8584,US
8584,HK
47295,US
11332,DE
11332,GB
11332,LU
11332,NL
16093,US
29372,US
962,US
5483,DE
5483,IT
5483,ES
21060,US
30588,US
668,GB
23518,US
691,GB
31353,FR
44018,FR
698,FR
698,GB
698,US
682,GB
28973,GB
28973,US
28974,US
40685,US
22994,US
40639,US
499,FR
499,IT
9600,DE
9600,US
120077,US
38006,GB
2768,US
42002,ES
40365,ES
24920,IT
21,US
10911,GB
10911,US
10102,FR
10102,IT
30308,US
38688,GB
26912,GB
26278,GB
26956,US
26957,US
26958,US
26959,US
26960,RO
26960,US
80287,US
6003,IT
6003,GB
6003,US
23939,US
46614,US
11072,US
23069,US
21299,US
38802,US
13368,US
985,US
14002,US
541,US
21137,US
36724,US
938,DE
938,IT
938,ES
10648,US
11368,US
10875,US
2075,US
1551,US
22500,FR
10246,CA
10246,US
19698,CA
19698,US
23919,CA
23919,US
18835,US
26554,US
15239,US
28165,US
28169,US
15762,US
169,US
865,US
9663,US
26889,US
10128,US
9659,AU
8810,AU
9355,AU
1727,US
635,GB
635,US
10068,US
11495,US
11428,US
10117,US
35936,ZA
35936,GB
35936,US
35936,FR
25562,US
51763,US
73079,US
38921,CA
38921,US
35463,JP
35463,US
9679,US
24587,US
51333,FR
51333,DE
51333,GB
51333,US
17771,AT
17771,CA
17771,DE
17771,HU
31610,US
31610,DE
60005,FR
10264,FR
10264,GB
10264,US
31657,US
29204,US
17814,US
11879,US
21128,US
482,US
592,US
31593,US
12611,US
14328,US
32047,US
9040,US
25364,US
43002,US
5121,US
195,US
6978,US
3133,US
643,SU
10571,US
479,DE
479,US
7450,US
31023,ES
25636,CA
25636,US
41160,GB
47439,FR
47439,IT
47439,PT
207731,US
7443,FR
7443,GB
7443,US
2123,US
2024,DE
2024,US
17711,DE
17711,US
2133,US
29946,GB
29946,US
29946,FR
25993,GB
28774,GB
28774,US
46929,US
11598,US
9702,US
117026,US
9873,US
16820,US
14864,US
15379,US
12764,US
27352,US
8348,US
24099,US
17897,GB
17897,US
28050,IT
28050,ES
16094,US
16096,US
20343,US
13757,US
11822,DE
90980,US
26270,US
37744,US
494,US
493,US
12706,GB
12706,IE
12706,FR
12706,DE
4244,US
4247,US
20770,US
1050,CN
1052,GB
1052,US
1052,IT
20540,US
23655,US
1788,US
32275,US
36657,US
44490,US
47585,CA
1448,GB
36047,US
2655,US
12599,JP
33828,FR
93,US
9278,US
90715,US
59181,US
22167,US
18118,US
11940,GB
24167,FR
24167,IT
10276,US
19380,US
13783,AU
11624,US
15867,US
11686,US
29263,AR
46754,NO
18702,US
11830,JP
16110,GB
16110,US
12107,US
10401,FR
32640,GB
10641,US
6282,US
9383,DE
9383,US
5551,US
277726,UNK
43079,IE
43079,GB
27723,AU
27723,US
2360,FR
2360,GB
28043,FR
28043,IT
33468,US
21866,US
33408,US
11589,US
11589,YU
15158,US
16139,US
16146,US
26515,US
11856,US
13567,US
10860,US
8420,FR
18391,US
20850,CA
20850,US
39473,US
27452,US
77571,US
38548,US
20438,US
274868,US
2211,DE
46991,BE
46991,FR
46991,CH
46991,LU
201581,US
10391,US
10391,DE
10391,CA
14195,US
14195,FR
15665,US
45905,GB
45905,US
10393,US
18168,IE
18168,GB
18168,US
8843,DE
8843,US
10643,JP
23618,US
117262,US
30946,US
37136,US
37137,US
23283,US
3110,US
14698,GB
14698,US
11694,US
47434,FR
47434,DE
47434,BE
39891,GB
76891,US
9651,NL
9651,GB
9651,US
26865,GB
11398,US
161687,US
26244,US
1588,US
287821,US
19150,US
25128,CA
25128,US
18153,US
30910,US
41282,US
12211,GB
12211,US
137236,US
9995,US
1698,DE
10480,DE
10480,US
80713,ES
10685,US
1619,US
786,US
14805,US
51179,GB
51179,US
46119,US
18074,US
170767,IT
170767,ES
77332,UNK
27665,US
29015,US
10562,US
201724,UNK
12212,CA
12212,US
14629,US
16,DK
16,FI
16,FR
16,DE
16,IS
16,NL
16,NO
16,SE
13785,US
34299,US
15752,UNK
22597,US
19348,US
10637,US
9003,GB
9003,US
9064,GB
9064,US
11569,US
10434,DE
26484,US
39113,US
38126,US
53617,US
469,US
469,DE
2160,US
2161,US
3073,US
911,US
10973,US
34077,US
10787,US
43109,US
43230,US
15855,US
9507,US
27475,US
27764,US
27767,US
40760,US
40446,US
24664,US
21370,AU
20455,JP
20455,US
10461,US
1485,GB
1485,US
1597,US
641,US
10687,DE
10687,US
63956,US
6521,DE
6521,GB
6521,US
10763,US
100975,US
16888,US
10383,US
21142,US
78140,US
2134,US
18801,GB
18801,US
18498,US
28605,US
42797,US
13465,US
27033,US
20367,US
71,FR
71,GB
71,US
1636,DE
1636,US
10647,US
19204,IT
13762,US
12207,HK
11531,US
24100,DE
24100,NL
24100,US
10783,FR
10783,US
47302,FR
47302,CA
4327,US
4958,CH
4958,GB
4958,US
9678,US
11978,US
8870,AU
8870,US
77434,US
77434,GB
14295,US
681,GB
11372,GB
8452,US
8452,CA
10862,US
8871,US
8871,DE
34045,DE
34045,CH
34045,GB
16340,US
10481,US
10867,IT
10867,US
10876,DE
10876,GB
10876,US
9741,US
79920,FR
79920,US
146,HK
146,TW
146,US
146,CN
11849,CZ
11849,US
11983,US
11678,DE
11678,US
2669,GB
2669,US
20721,US
2609,US
12714,US
92603,FR
92603,PT
92603,ES
708,GB
708,US
1857,US
10673,US
2604,US
10132,CA
10132,US
11064,US
107,GB
107,US
40820,US
37716,AU
392,US
8859,US
11688,US
12509,US
3981,US
711,US
2046,US
5001,US
8358,US
5994,US
25520,GB
1493,US
25660,KR
134,FR
134,GB
134,US
62677,US
21991,FR
21991,US
10577,US
21355,US
29122,US
11973,US
1900,US
44853,GB
44853,CA
44853,FR
44853,US
10873,LU
10873,GB
10873,US
26719,US
31583,US
15739,US
15413,US
2623,US
11209,US
13715,US
19108,US
8043,US
43258,US
10655,US
75490,US
42261,US
34794,US
9989,CA
9989,US
18828,US
9816,US
20637,US
5955,US
125498,DE
125498,NZ
77825,TW
220976,US
66599,US
17474,US
11191,US
2613,US
22021,US
22048,US
17006,US
26333,US
16723,US
2018,DE
2018,GB
2018,US
31768,AU
287991,US
47595,SE
47595,NO
47595,FI
47595,IT
47595,DE
18856,US
10499,DE
37949,HU
37949,FR
37949,GB
37949,DE
83500,US
47943,FR
74340,US
5709,US
11215,US
26477,US
10937,US
4639,US
96,US
90,US
11028,US
57240,US
67307,US
19324,US
19933,US
12919,US
15785,US
31701,US
31563,US
12506,GB
12506,ZW
74747,IT
74747,US
70199,US
39507,DE
39507,IE
39507,GB
39507,US
62185,US
24826,US
30994,AU
17159,US
10110,US
18935,US
764,US
20287,US
26964,CA
71881,GB
71881,US
15658,US
4918,GB
28368,US
58084,IT
52780,US
52780,CA
48149,FR
48149,IT
48149,GB
48149,US
26156,US
34101,US
32054,GB
32054,US
14464,US
65501,US
32227,US
2614,US
40962,US
12704,US
580,US
24828,US
13703,US
36914,US
1547,US
42010,US
2608,US
32058,US
10019,US
11649,US
84499,US
13509,US
63639,GB
30175,US
51521,US
34379,US
22915,US
24940,US
37302,CA
10984,US
843,HK
843,FR
121091,US
318,DE
318,US
12806,ES
9740,GB
9740,US
10878,US
47588,US
47588,FR
47588,GR
10697,FR
7093,FR
7093,GB
16300,DE
16300,US
19405,US
1921,US
44412,FR
44412,GB
44412,US
21620,NZ
23685,US
12138,DE
12138,US
48217,CA
48217,FR
6073,US
39180,AU
39180,US
35569,US
25208,US
82103,BR
19513,GB
19513,US
2749,DE
2749,US
10050,US
17203,DE
17203,US
17203,GB
168485,UNK
95682,US
54968,FR
54968,DE
54968,IT
54968,GB
54968,US
49929,IE
49929,GB
2302,US
32686,GB
32686,US
13889,JP
6028,GB
51802,US
42148,BR
29492,US
25447,US
28410,US
38545,US
19490,US
31151,US
1888,US
38805,US
16618,US
2428,US
22013,US
15598,GB
43332,US
62127,US
56137,GB
17965,GB
29067,GB
29067,US
33250,US
14460,US
17466,US
9594,US
35976,US
4986,US
2453,US
33676,CA
33676,US
4587,US
31004,US
125099,FR
125099,GB
125099,US
27859,US
11454,US
38718,JP
38718,GB
38718,US
4192,GB
11607,US
14052,US
16889,US
39934,US
26580,US
21309,GB
21309,US
16263,US
4985,US
20704,US
23730,US
853,US
853,FR
853,DE
853,IE
853,GB
10877,CA
10877,US
5257,AU
77,US
20322,US
10833,US
10833,GB
20309,US
125093,US
12658,US
10054,US
10646,US
2575,IE
2575,US
55,MX
65075,US
44379,FR
2043,CA
2043,US
4133,US
56715,FR
56715,US
10991,JP
15940,GB
26791,US
44069,IR
68894,CN
68894,DE
68894,TW
68894,US
634,IE
634,US
634,FR
634,GB
10956,US
19366,US
136558,UNK
28308,US
28308,IL
28308,DE
9519,AU
13898,IR
13898,IT
13898,CH
196280,CA
196280,US
9290,AU
9290,US
13166,CH
13166,US
32590,US
109472,IN
153141,GB
52654,UNK
70282,US
47643,CA
111,US
32488,US
10477,US
12484,US
2144,US
24113,US
118052,GB
118052,US
118052,IE
1734,US
1734,MA
1734,JO
1734,GB
38047,JP
38047,FR
8076,DE
4973,FR
4973,JP
8095,GB
8095,US
849,ES
849,GB
849,IT
849,US
27223,US
2981,US
39266,DE
31863,US
11307,US
46498,FR
46498,IT
46498,US
11163,IT
11035,FR
11035,IT
18691,US
3784,US
78133,US
22829,US
35717,FR
35717,DE
35717,JP
35717,CH
11936,FR
11936,IT
25221,US
19494,US
40842,US
19357,US
33743,US
32924,US
9062,US
11174,DK
11174,SE
934,FR
9476,US
37691,GB
37691,DE
37691,ES
115810,ES
115810,IT
115810,FR
115810,MX
115810,BE
10613,DK
10613,SE
10613,US
19094,US
14268,US
5852,US
808,US
49453,FR
49453,IT
49453,DE
824,AU
824,US
37558,FR
676,US
88727,NO
26813,FR
26813,NP
26813,CH
26813,GB
29572,FR
29572,GB
29572,US
48109,US
291675,US
50541,US
26255,US
22414,US
43329,US
42233,US
1406,US
13554,US
17664,US
66035,US
41050,IT
41050,FR
1632,US
966,US
12639,ES
12639,US
301,US
31527,US
4988,US
12623,US
11896,US
25538,JP
25538,TW
17971,US
6498,DK
5923,US
15497,US
21876,US
11090,US
14034,US
21056,US
9397,US
9705,US
26475,US
56934,GB
56934,AT
56934,DE
29937,CZ
49922,GB
49922,US
10364,US
32458,NZ
1089,US
38043,GB
38043,US
9967,US
17494,JP
17494,US
17465,US
759,US
10297,US
29393,US
10653,US
21468,US
9576,US
22323,US
31935,US
126881,DE
52616,CN
52616,US
10865,US
1995,GB
1995,US
10808,US
9799,DE
9799,US
644,GB
644,US
16161,US
10691,US
10615,US
47596,US
21488,FR
59733,US
271462,AU
11826,ES
11826,GB
11826,US
24470,US
9301,DE
11444,FR
15564,CA
15564,US
60670,FR
55551,BE
55551,FR
55551,DE
55551,HT
40880,GB
10992,US
2140,FR
2140,US
4248,US
17612,CA
3134,FR
34899,VN
34899,FR
34899,DE
8217,US
22478,US
26483,US
24382,IT
11286,US
11286,HK
11950,US
11950,HK
12236,US
36245,FR
36245,IT
43342,US
15875,US
26573,US
23439,US
10728,DE
5991,DE
11697,US
6106,GB
6106,US
6106,MX
22477,US
19200,US
11300,US
16211,US
28650,US
42780,US
32569,US
20075,US
28430,GB
28794,IT
20197,US
43316,US
34689,US
34689,IT
25690,FR
25690,US
10238,SE
18929,GB
4789,DE
4789,IT
32595,AU
18030,US
18988,GB
11536,US
10339,US
39875,CA
39875,US
50031,GB
976,US
69605,US
65632,IT
65632,FR
29471,AT
29471,DE
29471,HU
4780,US
11906,IT
11713,HK
9589,DE
12481,HK
13333,US
13333,HK
13938,US
10540,GB
10540,US
9462,HK
82623,UNK
2114,JP
2114,US
8835,US
11371,DE
11371,US
78248,CI
78248,BF
78248,FR
78248,IT
78248,CH
9517,US
9517,FR
25985,GB
25985,US
15745,US
24977,US
36107,US
113271,US
58904,BE
103489,CA
103489,US
13794,US
13795,US
103488,US
103488,BE
73482,US
38965,US
47817,US
31052,US
10868,US
9395,US
9395,HK
14506,DE
14506,GB
14506,US
5333,AR
5333,GB
4281,IL
4281,GB
4281,US
2,FI
26044,US
59797,US
14911,US
15592,US
15267,US
12710,US
30502,US
19382,US
24679,US
9599,US
94440,US
17170,JP
17170,US
18509,US
11709,FR
34604,US
14441,US
7520,US
10126,US
9602,US
23752,US
41952,CA
3980,GB
3980,US
10127,US
12702,US
27397,US
9748,US
40095,US
10651,US
10141,US
27362,NL
27362,GB
5680,US
26386,US
34053,US
25884,US
26355,US
10675,US
10675,FR
10675,GB
10675,CA
10675,NL
38982,US
10130,US
2617,US
38615,US
21362,IE
21362,GB
21362,US
30690,US
75889,US
38500,GB
26723,GB
26723,US
20443,US
49365,US
11347,GB
12144,US
12144,IE
13704,US
12505,US
41963,US
13482,US
34014,US
29739,US
12120,US
47818,US
38617,US
3543,DE
51321,US
9604,US
24929,US
10925,GB
10925,US
13965,AU
24266,AU
58434,US
18197,US
70842,GB
38909,US
17126,US
11503,US
38558,US
9717,US
11966,US
2605,US
8740,NL
8740,FR
8740,DE
25497,GB
25497,US
38560,IT
38560,US
50203,US
26798,US
91445,US
91445,GB
41428,JP
8337,US
47493,FR
47493,US
8463,US
41974,GB
41974,US
28176,US
9493,US
26603,US
33172,CA
33172,US
29095,DE
29095,GB
29095,US
12582,GB
10001,AU
11352,US
12500,US
25678,US
25682,US
25682,CA
25682,ZA
32049,US
45225,US
1648,US
4105,US
22711,US
19124,US
69828,US
53150,US
10142,US
3064,US
86093,US
10134,US
21291,US
4925,US
30352,US
15142,US
14550,US
32075,US
2210,GB
2210,FR
2210,US
25005,CA
25005,US
21721,US
116014,US
11828,SE
11828,GB
55699,US
10551,US
20713,US
27461,GB
27461,US
41969,US
1380,US
19157,US
11465,US
17190,US
55059,US
9085,US
17819,US
46786,US
14776,GB
59585,US
32855,UNK
29185,US
39787,US
32059,US
505,US
4486,CA
4486,FR
10345,US
10222,US
12774,DE
12774,GB
14621,US
19118,US
14372,IT
14372,US
15138,US
9972,US
9494,US
17362,US
9942,US
8216,NZ
4296,US
24739,US
39197,US
9686,US
27418,US
39002,US
43345,US
31606,US
27607,US
37146,US
20006,US
8867,AU
8867,US
12663,ZA
12663,US
331,US
11467,US
327,JP
327,GB
327,FR
1548,GB
1548,US
1548,DE
13403,US
869,US
552,BE
552,IT
552,CH
36095,JP
33379,GB
33379,US
196859,US
47574,AU
47574,FR
47574,IT
47574,JP
2171,US
87462,US
20307,US
19142,US
41946,FR
41946,ES
41946,GB
10135,US
32767,US
56162,DE
56162,US
24254,US
19236,IT
19236,MX
32261,GB
60276,US
12150,US
11185,US
47045,US
18683,GB
18683,US
12521,US
12478,US
49788,US
31083,US
30666,US
30666,GB
25155,US
25155,GB
65015,AU
24077,GB
9618,US
9618,PT
16560,US
31608,US
22102,US
6951,US
11959,US
2616,US
7091,US
249,US
11342,US
183,US
32330,US
24126,US
8494,US
26535,GB
41784,AU
41784,CA
27431,DE
27431,FR
27431,IT
2148,US
42033,CA
11308,CA
11308,GB
11308,US
23239,AU
53119,NL
53119,US
53119,GB
53119,BE
31941,US
19317,MX
27813,US
57745,GB
2057,FR
2057,CH
2057,US
2057,GB
9880,US
5175,US
5175,HK
21596,BE
21596,FR
41951,DE
41951,CM
41951,FR
11385,US
4484,FR
4484,IT
11684,FR
11684,IT
44414,US
44258,GB
20391,US
12584,US
70042,GB
70042,US
1627,FR
11542,US
17169,US
39176,GB
39176,US
33214,GB
19267,HK
19267,US
2770,US
12610,US
1933,ES
1933,US
1933,FR
13496,US
21055,US
24936,US
80070,IE
10972,US
207541,CN
1722,FR
1722,GB
1722,US
9896,CA
9896,US
26665,NO
26665,SE
26665,GB
125707,AU
125707,BE
9683,US
9683,FR
2779,US
2779,DE
2294,US
10016,US
26602,US
37920,CA
37920,US
22230,US
206412,UNK
13966,GB
742,DK
742,IT
742,NO
742,SE
248757,US
15104,US
8922,US
8922,DE
11065,US
21118,US
46727,US
16314,US
18885,JP
18885,US
40508,US
5922,US
27346,US
34223,US
16307,GB
27681,US
27681,CA
11370,DE
11370,LU
11370,GB
11370,US
12508,US
14033,US
25462,US
223346,US
34714,US
47161,IR
47161,FR
106230,TH
35176,US
18734,US
44321,CO
44321,FR
44321,ES
26661,US
5998,DE
58062,GB
58062,US
2176,US
20857,DE
20857,US
22617,US
75386,UNK
2185,US
10696,US
2034,US
21538,US
51722,RO
51722,US
101860,UNK
48834,FR
48834,DE
48834,IT
48834,GB
30379,US
31016,US
32567,US
32567,GB
32567,DE
32567,SE
12537,GB
9028,IT
9028,FR
16180,GB
11521,US
21028,SU
27327,US
35200,US
21242,US
29756,US
82523,SE
82523,GB
20115,IT
30295,US
25767,GB
33725,US
22874,GB
22874,US
11576,US
43860,GB
43802,US
9660,US
15393,US
248,US
40885,US
25905,XC
21148,US
1644,US
12502,US
66092,US
10373,GB
13766,US
16380,US
12103,US
11313,US
9398,US
35066,GB
45864,US
55372,FR
55372,IT
55372,DE
292947,UNK
10866,US
34549,US
9778,US
9778,IN
34453,US
58429,AR
58429,FR
58429,ES
16121,US
40220,US
166,FR
42787,US
1623,US
40932,GB
40932,US
32027,US
13550,CA
13612,US
16769,US
42158,US
27958,US
27958,DE
86463,US
31703,CA
31703,GB
1716,FR
27059,US
20681,GB
57743,UNK
3172,US
3172,CH
17708,US
12780,HK
12780,TW
570,FR
570,IT
1018,FR
1018,US
25641,DE
25641,US
16767,JP
102933,US
11380,US
27396,GB
27396,US
26299,US
984,US
15559,US
14811,US
21741,US
77670,US
55727,US
15560,US
9585,US
14267,US
45929,CA
768,US
2100,US
11091,US
3173,TH
27092,AR
27092,ES
27092,UY
23941,US
18192,US
11845,FR
11845,DE
11845,IT
9081,US
167,DE
167,GB
167,US
34043,US
9378,US
27444,AU
27444,FR
141,US
10034,GB
10034,US
11457,US
10778,GB
10778,US
78657,FR
67385,FR
151727,IL
151727,US
151727,FR
11456,US
585,US
10796,US
23949,US
11088,US
9889,US
140511,UNK
133115,UNK
45964,US
32014,US
13408,US
671,GB
671,US
17731,US
20794,US
11469,US
14369,US
1535,FR
1535,DE
1535,JP
1535,US
1433,ES
1433,MX
1999,US
58098,IT
78076,US
87774,US
23847,US
50785,FR
12472,US
42258,NL
11834,GB
16085,US
27405,GB
269,FR
16441,US
11422,US
31037,US
40739,US
10656,FR
32847,US
39938,US
38766,US
43510,US
35284,IT
35284,US
14584,US
58886,BE
58886,NL
58886,FR
72277,AU
5781,FR
5781,ES
23805,US
34388,GB
39867,US
11033,US
69716,AU
69716,US
37835,US
33356,GB
3537,US
38922,US
27145,FR
8738,US
28614,US
3604,IT
3604,NL
3604,GB
3604,US
6974,US
26398,GB
26398,US
42218,US
10649,US
42566,US
17689,US
34084,US
15983,US
14854,US
10847,US
33525,GB
27591,GB
27591,US
299,US
31945,US
42160,US
10650,US
8007,US
19076,US
81442,US
50562,US
13503,US
161,US
43774,IR
31064,US
31682,US
8342,FR
8342,IT
8342,BE
8342,GB
8342,SI
8342,US
8342,CH
8342,BA
55479,US
4886,US
228,DE
23111,US
42597,US
194,FR
194,DE
11397,US
1903,US
1903,ES
11889,GB
11889,US
28171,IR
28171,FR
9523,DE
9523,AU
9428,US
1649,US
11938,GB
43143,GB
35201,GB
42724,GB
24264,GB
24264,US
27150,US
26978,US
19209,US
8386,US
12589,US
12312,US
11232,US
120,NZ
120,US
11086,US
453,US
18939,CZ
18939,GB
12724,US
11414,US
31507,US
42612,US
18783,US
12593,US
14683,US
10794,US
43136,US
45491,HK
5052,US
37257,US
8489,US
855,GB
855,US
12660,AU
12660,DE
12660,GB
10269,US
5279,IT
5279,US
10950,US
1365,US
6440,CA
6440,US
14580,US
49410,US
28296,US
24206,CA
24206,GB
6037,US
42987,GB
61418,US
27099,BE
27099,FR
11857,US
6312,FR
11595,US
24166,FR
24166,TW
26337,US
59066,AU
77985,IL
77985,US
77074,US
10170,US
10170,SU
18317,GB
98491,GB
26686,US
61934,US
27273,US
848,US
9610,US
15035,US
16127,US
31603,DE
31603,US
32020,US
33155,US
4965,US
11891,US
11888,CA
11888,US
150,US
35263,DE
35263,PL
112,DK
125717,IL
20678,US
15050,US
10423,HK
10423,US
11710,DE
17691,US
27378,DE
57976,DE
651,US
31955,US
20620,US
18647,US
11362,IE
11362,US
2637,US
10229,US
50819,US
50819,PH
12659,CN
12659,FR
12659,TW
41870,UNK
35650,CA
9606,JP
11447,IT
11447,FR
16550,US
13915,CA
34723,US
31674,US
52744,US
43340,US
20009,CA
20009,US
2084,GB
50225,US
74692,CA
39775,US
51044,US
29475,US
4267,FR
4031,FR
47871,GB
47871,US
11594,FR
11594,IT
19562,FR
19562,IT
11870,US
9884,US
11535,DE
11535,JP
11535,US
27593,US
11212,US
29887,US
32484,US
28345,US
69928,US
21921,US
21845,US
11528,US
2441,ES
931,IT
931,GB
17130,US
10592,US
8470,US
16690,AU
16690,CA
16690,US
39939,US
9272,US
14778,DE
14778,GB
19137,IT
19137,GB
32499,US
8737,US
33668,US
39282,US
40687,US
37230,GB
993,GB
11698,DE
41357,US
42458,GB
93427,DE
93427,CH
93427,US
14475,US
43715,US
10052,DE
10052,US
11979,AU
11979,US
75151,US
35868,US
13791,DE
13791,US
27824,US
270306,US
9991,GB
480,FR
480,DE
480,IT
480,US
480,IN
44340,US
18984,US
25006,US
23479,US
66946,US
19050,US
38442,XC
38442,IT
108266,US
108267,US
39387,XC
15999,JP
614,SE
56133,US
121703,US
77955,GB
2752,US
2752,FR
2752,GB
10590,DE
10590,US
40723,FR
40723,JP
29039,IT
29039,US
22910,PH
22910,US
42517,US
42517,PH
40364,IT
115332,GB
115332,US
13225,AU
13225,US
21380,IT
21380,ES
46717,US
63510,US
20465,IT
35614,US
35614,IE
7219,IT
35810,GB
18649,US
18646,US
17058,US
13950,US
2135,US
15186,US
43997,GB
43997,IE
31651,IE
47869,GB
207490,UNK
965,US
33135,CA
10889,US
16149,GB
54287,US
25628,GB
65262,US
10935,US
44004,US
22288,US
32030,US
119617,US
29343,US
39503,US
7988,US
15310,GB
15310,US
17909,YU
22130,FR
22130,ES
26843,LY
26843,US
27458,US
14807,GB
14729,US
46973,US
8690,IT
39543,FR
39578,GB
3418,FR
3418,DE
30924,US
14929,US
75552,US
18910,US
24919,IT
26200,US
24825,US
38147,US
24032,US
26179,US
4499,ES
11333,ES
11333,IT
11333,US
425,US
1576,CA
1576,FR
1576,DE
1576,GB
5851,US
25014,FR
15647,US
25110,BE
38880,IL
38880,US
1391,MX
18172,US
24248,US
24248,IT
14605,US
19797,US
17804,US
31805,US
13861,US
29021,US
31812,US
13006,GB
28213,FR
10627,US
42750,US
27930,GB
259557,US
28124,US
41034,US
11563,HK
15119,JP
15119,US
55792,US
12705,US
11006,US
15120,US
40072,NL
21629,US
16026,SE
2371,FR
2371,SU
2371,ES
2371,CH
73134,DE
73134,FR
36586,US
6020,US
39541,US
125764,AU
18292,US
29394,US
112942,CU
90974,US
90974,LI
90974,ES
90974,CH
29402,US
29396,US
15028,US
9275,GB
9275,US
4547,US
14635,US
29135,US
29135,IS
1791,FR
1791,AT
184835,US
41756,US
35651,FR
62956,GB
116904,UNK
22784,US
40814,US
53426,MX
53426,GB
53426,US
24585,US
17990,FR
17990,GB
129542,DE
5678,US
11560,US
11452,US
18435,DE
18435,GB
35944,DE
35944,GB
35944,US
64310,FR
64310,CH
25501,US
26851,US
17487,US
34276,GB
548,JP
11590,US
1537,US
12149,DE
12149,US
12149,IT
44373,US
11812,US
35080,DE
35080,GB
35080,US
441,FR
441,US
8346,US
14168,US
32617,US
31671,US
2565,US
307,IT
15482,US
45878,US
6393,US
12154,US
11630,US
25133,US
25133,YU
21970,GB
21970,US
11892,US
9334,US
9334,DE
9334,BE
36093,FR
36093,CH
36093,BR
35694,US
10491,DE
10491,GB
10491,US
70054,FR
18323,IT
18323,US
18079,AR
110989,UNK
35337,GB
35337,IT
35337,DE
59199,US
59199,CA
11470,US
16643,US
1282,US
21220,US
52717,FR
52717,CH
69324,NZ
11468,US
292917,US
19085,US
73462,US
26030,FR
10164,US
42048,AU
62001,US
28117,US
40555,US
28384,US
46691,US
27094,US
26725,US
17168,US
48482,US
56179,US
5203,US
13201,DE
13201,US
9689,GB
9689,US
557,US
69850,IN
69850,TT
69850,GB
69850,US
44768,FR
44768,JP
1815,GB
1815,US
55106,US
28289,US
32037,DE
32037,IT
32037,GB
32037,US
39154,US
24767,US
33796,US
33796,GB
32221,US
28466,US
12227,US
43643,US
10985,US
2251,US
2251,CH
2251,DE
2894,DE
2894,FR
20712,US
11240,GB
46592,SU
45186,US
86483,US
5425,IT
14117,US
38360,SU
29318,GB
28907,US
39771,US
245,GB
245,US
245,FR
245,DE
1894,US
4012,US
9026,FR
9026,GB
9026,US
42193,GB
15417,US
11791,GB
28577,US
13963,US
23102,US
1957,US
320,US
9023,US
27834,US
27834,LU
17734,US
24010,US
39435,US
24005,US
44800,US
24014,US
24008,US
53229,US
1936,US
4614,CA
4614,DE
4614,US
12277,US
267345,SE
267345,AU
267345,DE
267345,NL
112991,US
15677,GB
15677,US
58455,US
36554,US
48216,FR
41165,DE
41165,IE
41165,IT
41165,GB
13153,US
811,US
43532,GB
163907,US
7216,IT
3132,US
9583,US
18408,US
13245,CA
2501,US
2501,DE
2501,CZ
9637,US
12100,US
16857,US
52258,DE
52258,IT
52258,GB
10394,DE
10394,IE
10394,GB
27451,US
15813,FR
15813,CZ
15813,DK
15813,DE
15813,IT
15813,GB
31591,US
18905,MX
18905,US
14774,US
4993,US
27052,NL
34130,US
38950,US
17898,IT
17898,NL
17898,US
21635,US
27945,US
43139,GB
30194,US
10169,US
27225,US
13909,US
103299,US
41805,US
35696,US
11544,US
180,US
9555,AU
9555,GB
57022,US
17710,US
2022,US
50035,US
9719,US
11982,US
27224,US
12251,US
88818,GB
88818,US
30114,US
70489,US
21972,US
608,US
59387,US
26290,BE
26290,DK
26290,DE
26290,GB
17043,AU
17043,US
6278,IE
6278,GB
6278,US
4147,US
16664,JP
14651,FR
96238,US
15096,US
19731,US
19731,JP
20324,GB
49370,US
14902,US
42254,DE
1842,US
2721,DZ
2721,FR
11442,US
11442,CA
1364,ES
8869,AU
8869,US
8665,CA
8665,DE
8665,RU
8665,GB
8665,US
10996,US
818,US
18357,US
29047,US
45861,CN
39141,US
33152,CA
33152,US
149445,US
10309,DE
6404,DE
6404,FR
19133,US
43199,US
43915,GB
24130,US
43445,IT
36645,GB
5155,IT
23728,US
3780,JP
10786,US
8764,GB
8764,US
13908,US
2675,US
12308,IT
9488,US
9962,NL
9962,DE
9962,US
9573,US
7451,US
2750,GB
2750,US
30586,GB
61112,UNK
92384,US
43772,IR
43772,IT
43772,CA
43772,CH
43772,NL
20337,US
27062,CN
27062,HK
34070,SE
34070,DK
34070,NO
6173,FR
10305,FR
10305,CH
42337,FR
18694,US
74578,UNK
10081,US
11484,US
11692,US
9266,DE
9266,US
9266,BR
3640,AT
3640,CH
3640,DE
3640,IT
8653,KR
30072,GB
30072,US
9357,US
12771,US
9296,US
15070,US
15070,DE
15070,JP
26942,US
206042,US
26895,JP
60608,FR
146231,US
97447,FR
97447,TN
11243,CA
11243,US
19975,CA
19975,US
10323,GB
10323,US
9595,US
28319,ES
28319,IT
28319,MX
46878,US
24750,US
31393,US
24038,US
79783,UNK
9941,US
18639,US
39833,US
32858,US
3127,GB
10859,US
32825,US
10725,US
9544,US
9544,GB
9544,DE
9544,LU
23967,DE
23967,US
23967,GB
57351,US
26165,ES
26165,IT
26165,PT
31514,FR
13571,US
26056,US
13536,US
20616,US
96218,US
79319,CA
16806,US
15516,US
9299,ES
113369,BE
113369,CL
113369,FR
113369,ES
10611,US
12770,US
4108,US
4108,FR
55903,CA
55903,FR
46466,FR
9685,DE
9685,US
87481,CN
16370,US
18913,US
18913,DE
14361,US
41021,US
18943,US
32685,US
64079,US
18477,GB
18477,US
12262,US
33506,CA
33506,US
29515,US
41582,GB
41582,US
50382,US
42633,US
26680,US
34086,US
11504,US
23470,US
977,US
233,US
19049,US
5506,GB
32961,GB
32568,GB
29698,GB
29698,FR
22244,US
19460,AR
19460,ES
575,DE
10550,US
9034,US
9093,MA
9093,US
9093,GB
9039,DE
9039,US
1958,FR
1958,IT
23550,FR
23550,IT
68569,DE
68569,IE
68569,GB
68569,US
318535,US
11013,US
129,JP
54714,AU
54714,CA
54714,DK
54714,FR
54714,GB
54714,US
11529,US
10771,US
38951,US
55018,UNK
44635,US
31005,US
72308,UNK
50123,US
2110,JP
2110,FR
15173,US
9533,DE
9533,IT
9533,US
38866,IT
38866,CA
4107,IE
4107,GB
10575,FR
10575,DE
10575,US
10575,GB
47500,US
15720,US
9260,DE
9260,US
21828,AU
1682,JP
39462,JP
18983,JP
18983,US
41971,US
33831,US
24348,US
19140,US
82545,US
37606,FR
37606,GB
34600,US
11868,GB
12921,US
12921,CA
19953,US
53049,US
10772,IT
10772,ES
77079,IT
77079,CO
74899,GB
74899,US
120694,US
12719,US
25001,US
43438,GB
3092,GB
4989,US
15313,CA
15313,GB
12590,US
37964,US
7501,US
1809,DE
1809,US
13768,US
10994,DE
10994,US
1430,CA
1430,DE
1430,US
19973,US
40815,FR
40815,DE
40815,IT
12600,JP
8051,US
70443,FR
70443,DE
70443,ES
12779,IT
12779,GB
146269,US
15992,AU
15992,US
1613,CA
1613,GB
565,US
14112,US
41324,US
15192,US
49872,US
21925,US
30309,US
16646,DE
16646,RU
37288,KR
20861,US
12647,US
12477,JP
10285,US
19403,US
11009,GB
11009,US
10805,GB
10805,US
40064,DE
40064,GB
17496,US
40969,CA
76411,GB
76411,US
5917,US
31278,IT
33670,US
47942,US
33076,US
44932,US
15668,US
30709,US
19429,US
140413,US
21294,CA
11340,DE
11340,IT
42142,DE
11644,US
33721,US
36133,US
24124,US
24124,CA
34697,US
8691,IT
53922,US
66592,US
25773,US
19123,FR
19123,MX
26560,US
36220,US
225,PL
24274,US
33016,US
26444,HK
26444,US
19114,US
17205,US
24740,US
10863,GB
10863,US
31679,US
15900,US
12237,US
15901,US
15902,US
15904,US
97251,UNK
12579,FR
85058,US
23668,US
70971,US
25113,US
28893,US
11646,AU
5062,FR
24634,US
75963,US
16124,NZ
21764,GB
22435,SE
42149,US
37936,CA
73247,US
38255,DK
46364,GB
27016,US
35685,FR
35685,DE
35685,GB
38665,US
265,DE
2264,DE
21874,US
41394,US
47957,US
31407,PL
16471,US
63443,US
22171,US
39874,CA
25468,US
19507,US
29072,US
75596,US
42146,US
17450,US
47886,ES
31646,IT
31646,NL
31646,US
14269,GB
14269,US
41280,US
1672,FR
35935,US
9645,AU
9645,US
9012,US
13098,US
13440,US
13440,DE
12454,GB
12454,FR
31668,AT
31668,DE
31668,US
41645,DE
41645,ES
1360,US
13441,US
45767,US
14626,FR
48155,US
12208,GB
11905,GB
39497,US
1941,US
26685,US
31918,US
19662,US
8427,US
9021,US
9021,CA
277415,UNK
28988,IR
28988,IT
28988,JP
52735,UNK
13526,FR
13526,US
9280,CH
9280,FR
65,DE
65,US
117520,UNK
10712,US
27204,FR
152023,US
10167,DE
10167,US
672,GB
672,US
672,DE
16351,CA
16351,FR
542,MX
36584,US
30192,US
33251,KR
25466,FR
25466,ES
50677,UNK
2165,CA
2165,DE
2165,US
25037,GB
11617,US
24909,FR
24909,GB
24909,US
81530,AU
34341,CA
18993,GB
18993,US
53000,NL
29229,US
29229,CA
11880,LU
11880,GB
11880,US
63435,US
80849,HU
80849,SE
1377,US
11629,DE
2528,FR
12716,FR
12717,FR
13888,US
48524,FR
10750,US
44247,US
45226,US
96966,US
25566,US
109962,US
13386,IT
43089,AU
47888,US
20472,US
9538,CA
14664,US
27997,GB
27997,US
49934,YU
84735,US
9317,FR
12528,US
47890,US
69014,IT
69014,FR
21515,US
42371,US
26325,US
69169,DE
31921,US
11524,US
109264,US
32077,US
326890,UNK
277724,US
36669,GB
17187,US
10426,US
32625,US
8198,FR
8198,DE
8198,GB
8198,US
8198,VN
204372,AR
64,ES
13376,US
15074,DE
15074,LU
15074,GB
15074,US
2103,US
9016,US
16028,US
27070,US
5261,DE
15514,NL
23303,US
20992,RU
66091,SU
6007,NO
25239,US
42453,US
25284,US
125337,GB
125337,US
7011,DE
7011,US
35612,CA
10880,DE
13945,US
14433,GB
9932,US
13369,US
2757,US
7299,US
48767,IT
48767,GB
279784,UNK
32273,FR
26356,FR
26356,DE
26356,IT
23990,IT
4241,JP
37335,FR
34113,GB
22257,PL
35343,DK
35343,SE
30142,DE
30142,US
17360,IT
17360,GB
17360,US
31695,US
76397,US
40952,US
38849,US
71524,FR
71524,DE
43279,AU
43279,TW
29743,IT
41760,US
31665,GB
31665,US
40219,US
45840,US
16363,US
22023,US
171,FR
73116,GB
26639,GB
42124,PE
42124,US
25297,US
39274,JP
39274,US
11564,CA
67772,US
4202,FR
4202,PL
17590,US
20787,TR
28940,US
13497,US
11852,US
7303,US
201,US
2755,US
33504,ES
21868,IE
21868,US
65684,US
10856,ES
99826,US
18602,CA
18602,GB
121,NZ
121,US
25838,CN
1429,US
13435,US
3131,US
3131,IT
2642,US
14317,US
11022,US
11022,DE
24249,US
9491,US
2149,DE
2149,US
20139,US
32074,US
19067,GB
19067,US
53712,US
25848,IT
25848,US
14931,US
11317,US
4032,US
8392,JP
31804,US
31804,GB
81048,US
12232,GB
12232,US
11706,IT
11706,US
61265,US
42569,US
25720,GB
26946,US
16938,CA
21143,GB
61578,FR
61578,GB
20424,US
4561,CA
4561,FR
4561,DE
4435,IN
16993,US
18002,GB
21332,US
640,US
10599,IT
1574,US
590,GB
590,US
13560,CA
13560,HU
13560,GB
29339,GB
29339,US
423,FR
423,DE
423,PL
423,GB
28028,US
41084,US
18773,US
16225,CA
16225,DE
28679,IT
262,US
15395,US
15395,FR
15395,DE
4912,DE
4912,GB
4912,US
107693,PT
107693,CH
107693,FR
23626,US
12090,DE
12090,US
44233,US
35172,BE
35172,FR
36273,JP
14390,US
41209,CA
41209,GB
41209,US
9582,US
10628,US
11078,GB
11078,US
77633,CN
77633,HK
598,BR
598,FR
598,DE
27744,PS
27744,FR
27744,MA
27744,DE
15842,DK
24711,US
43886,US
11222,FR
11222,DE
13199,US
8073,FR
26393,US
15278,US
1484,DE
14667,US
47263,US
18692,US
15734,US
34148,US
20813,FR
20813,US
53027,US
18894,US
26252,FR
24742,US
19415,US
41927,US
5968,US
10727,AU
10727,US
9045,FR
9045,DE
9082,AT
92348,AT
92348,CZ
92348,CH
92348,DE
80965,GR
80965,US
14469,US
55909,US
20663,US
31916,US
61807,GB
61807,US
20639,US
7514,JM
42645,US
29463,US
42795,US
39349,US
44164,FR
12253,US
9358,US
1647,US
9027,GB
9027,US
9027,FR
9027,DE
125945,IL
125945,FR
125945,IT
21189,GB
21189,US
10894,US
28528,US
34783,GB
34374,CA
34374,GB
12490,DE
12490,GB
12490,IE
12490,US
26761,US
35185,GB
15802,JP
39948,GB
8286,FR
8286,IT
43028,GB
65300,US
24129,SE
4628,FR
4628,GB
4193,GB
10724,US
89571,US
32065,US
11915,FR
42136,CA
28307,US
37917,US
70011,US
37191,US
210092,CA
3028,US
29224,DK
29224,SE
81001,US
8219,ES
27088,US
10150,GB
10150,US
20980,US
16407,HK
41913,US
30875,IT
29450,YU
27380,HK
27380,US
8288,US
15600,US
52083,GB
124963,US
11949,GB
42134,GB
79257,US
42130,IT
42131,FR
42131,IT
41291,US
84784,US
23942,CA
72340,US
32692,FR
32692,CH
37997,US
27609,US
25872,AU
83562,GB
127,PL
14645,FR
27726,US
42135,DE
42135,FR
21923,US
1563,FR
17132,US
59533,GB
2262,DE
52772,US
46925,US
77073,US
76395,US
37607,US
30874,IT
30363,DE
30363,GB
30363,US
30363,PT
30363,FR
30363,ES
30363,NL
49409,AU
32048,US
48139,ES
48139,FR
30584,GB
30584,US
48313,US
48249,US
29702,IT
24830,US
30049,US
9699,GB
9699,US
48561,IT
30789,GB
81346,ES
11057,DE
47955,US
19322,CH
19322,GB
31661,US
52556,FR
52556,CH
52556,TR
38219,IT
38219,TR
23943,US
26454,US
9919,US
6038,HK
6038,US
9480,CH
9480,US
14873,US
13132,US
22707,ZA
22707,US
18302,KR
1956,AR
1956,CH
1956,US
12112,FR
50380,US
212058,US
12139,US
118936,US
18587,US
24883,US
17264,US
3426,FR
3426,DE
3426,IT
2984,GB
33221,IE
33221,GB
59201,US
26172,US
26173,US
33055,US
33364,US
33851,GB
31598,US
59401,US
22233,US
4952,US
991,GB
4911,DE
4911,GB
4911,US
16072,US
11615,DE
11615,GB
11615,US
11635,US
125806,US
77283,FR
77283,GB
77283,US
35824,GB
35824,DE
35824,ES
102,DK
14293,US
41820,AU
105024,UNK
10623,US
9613,FR
9613,GB
9613,CA
7015,US
210938,US
42035,GB
21867,GB
49680,IL
49680,FR
6524,US
11244,US
77233,US
140071,US
21801,US
35139,US
54845,US
54845,GB
23834,KR
14633,IR
14633,FR
10678,US
9567,US
979,FR
13819,US
1591,DE
24186,GB
24186,US
455,DE
455,GB
455,US
10632,US
10929,US
170400,ES
16229,CA
16229,US
12079,US
44081,IR
36362,US
4762,DE
18535,US
23159,US
27236,US
42459,US
43261,US
15347,GB
15347,US
44968,US
37258,GB
37258,US
8996,FR
8996,DE
8996,PL
125413,US
17729,US
12157,AU
12157,FR
11571,US
71142,US
10293,FR
2671,JP
9669,JP
45129,FR
45129,IN
45129,GB
42618,US
41164,US
66027,GB
36211,DE
36211,MX
36211,NL
36211,ES
9557,DE
9557,US
6171,US
13691,US
11523,US
114065,US
14675,US
2525,IT
2525,US
57447,IT
42695,SE
49845,FR
18992,US
29912,US
28881,JP
28881,US
80243,FR
80243,HK
80243,JP
80243,KR
80243,CN
10782,GB
10782,US
9341,US
9341,CA
9341,DE
9776,US
10735,US
10735,GB
16425,US
25461,FR
25461,GB
25461,US
51927,US
12516,US
12516,JP
1675,FR
1675,IT
62184,US
17057,US
41938,US
79615,US
40718,US
42178,US
203252,FR
203252,IT
203252,GB
6016,CA
6016,FR
6016,IE
6016,GB
8409,DE
8409,US
1817,US
284096,FR
11299,JP
17995,US
21052,US
21052,FR
7294,FI
7294,FR
7294,DE
9506,US
14290,US
24982,US
2662,US
12093,DK
12093,SE
18941,CA
42383,US
11817,US
24621,US
13370,US
8326,US
13411,US
13411,DE
11516,FR
11516,DE
11516,CH
11516,ES
11516,IT
10180,DK
10180,SE
994,US
994,GB
66918,US
10514,US
14237,GB
14237,US
1714,GB
14308,US
41461,US
9930,US
32083,US
107569,US
16651,US
57565,GB
108553,US
12661,US
29355,US
24961,US
26866,FR
26866,IT
31633,US
20978,FR
47762,US
47329,US
10743,CA
10743,DE
10743,US
2832,US
31459,US
19153,US
31932,US
38868,US
72996,FR
72996,RU
15098,US
11458,DE
11458,US
16636,US
18736,US
36658,US
46989,US
20689,ES
20689,US
13438,IR
15394,CA
10708,US
22016,FR
22016,DE
22016,JP
22016,GB
85472,US
22958,FR
22958,GB
22958,US
15850,US
251053,US
10989,DK
10989,FR
10989,DE
10989,IS
10989,NO
1816,US
42017,GB
17667,US
17464,US
15259,US
10515,JP
45069,US
117269,US
21024,US
42792,US
43232,US
22201,US
11424,US
34857,US
604,US
55616,CA
10720,US
10720,DE
10720,CH
51230,US
51230,DE
23423,US
1555,FR
1555,ES
1555,US
33875,JP
310,US
5146,US
5146,DE
30055,US
12544,FR
12544,IT
12,US
9654,FR
9654,GB
9654,US
9902,DE
9902,US
2260,US
61939,BR
18385,CN
18385,KR
584,DE
584,US
39125,DE
39125,US
1088,DE
1088,NZ
5921,US
47423,HK
49798,CA
49798,GB
43239,US
32140,US
14676,MX
14676,US
78281,FR
21717,US
29425,US
28503,IE
28503,US
59950,FR
5920,US
51391,FR
51391,US
26593,US
50285,AU
50285,GB
33564,GB
33564,US
43361,IT
6646,US
29514,IT
29514,US
38720,US
147729,ZA
38732,US
15462,US
22386,US
43828,US
11145,US
32328,US
47715,IT
29586,US
12629,US
111815,US
25381,US
38800,US
21027,US
37264,US
11890,US
36807,US
18721,US
37662,GB
11916,US
14551,US
34759,GB
34759,US
51426,US
42986,US
26317,SU
43490,US
40683,US
8092,US
18200,US
15925,GB
15925,US
32087,US
290,GB
290,US
11463,GB
2470,FR
2470,PT
2470,ES
42640,US
44043,US
30462,US
1403,US
10243,US
42541,US
37103,US
46059,US
40085,US
47684,GB
2263,US
6523,US
2527,FR
2527,IT
18780,GB
19728,GB
26205,US
3009,FR
3009,DE
3009,IT
6643,US
18972,US
53380,US
14817,US
41426,GB
41791,GB
41791,US
49842,FR
41670,US
30708,US
38765,US
29627,GB
98984,US
36372,GB
36372,US
30529,IT
30529,FR
30529,DE
30529,CH
30529,GB
24073,US
2071,US
43516,US
33638,US
57476,US
32489,US
48864,US
10152,US
31246,US
11375,US
20694,US
16311,AU
16311,GB
24985,DE
24985,GB
18300,FR
55735,US
185465,US
210728,US
210728,ES
39088,FR
39088,DE
39088,RU
17813,US
94996,US
42995,US
115665,ES
4708,FR
4708,US
35068,GB
35068,VE
42511,US
35669,GB
49584,AU
170,GB
9471,US
9471,BR
12800,IT
44562,UNK
9581,HK
117179,US
15486,AU
15486,IT
216,DE
47676,US
45139,US
44736,GB
44736,YU
18569,US
113739,US
52758,US
38171,US
61225,US
18886,US
24109,UNK
19957,GB
42176,US
39231,US
18722,US
18722,JP
43039,GR
40634,US
20645,JP
33454,US
19753,US
48451,US
11482,FR
70912,GB
70912,FR
42492,US
6949,US
1927,US
10327,US
14411,US
296,DE
296,GB
296,US
302,FR
302,GB
22,US
46993,BR
46993,FR
8698,DE
8698,US
554,FI
554,RU
61545,IL
34840,FR
17920,GB
40947,ES
32235,US
8961,US
17403,US
9486,GB
20439,US
3472,GB
3472,US
35265,IT
25921,AU
24259,FR
24259,BE
41453,JP
68927,US
11894,US
20726,US
24558,US
12649,GB
44916,US
24356,GB
24356,US
1996,DE
1996,HK
1996,JP
1996,GB
1996,US
4464,US
12279,US
9104,DE
9104,GB
9104,US
33339,US
47232,IT
47232,GB
71714,MX
71714,ES
54580,ES
4613,US
12530,IT
12530,US
45096,US
21882,US
29805,GB
24993,US
53021,US
430,US
123833,BR
5185,GB
10553,US
21512,US
21512,AU
21449,US
21449,JP
4984,US
8273,US
8046,US
50350,FR
50350,GB
287811,US
48967,GB
48967,US
8094,IE
8094,GB
26195,US
10330,US
125952,FR
9257,US
9499,US
17180,JP
15292,US
12491,IT
41660,US
78041,US
27814,US
41206,US
33954,IT
48364,US
71010,UNK
23395,US
47278,US
24192,IT
24192,FR
10237,US
833,IT
26755,US
42470,US
3101,US
6466,US
20210,US
2055,GB
2055,US
11770,HK
14926,US
2771,US
1778,US
44408,FR
54390,US
10923,CA
10923,US
17745,US
79888,UNK
114776,US
21989,US
18573,US
37451,GB
37451,US
41759,US
37227,CA
37227,US
48791,DK
48791,FR
48791,DE
48791,GB
80047,ES
41944,GB
8992,US
35371,US
19053,US
11206,US
49762,US
30970,FR
30970,DE
30970,RO
13154,US
18148,JP
54898,FR
636,US
3055,US
40920,US
54986,KR
43048,GB
11898,GB
26225,US
14881,US
26198,GB
26198,US
35072,JP
43226,JP
44585,US
35073,US
9051,US
9362,US
19542,GB
120683,UNK
936,US
12268,GB
12268,US
10999,US
33521,US
33521,GB
4593,FR
34044,US
12276,CN
12276,HK
12276,US
3782,JP
36629,US
2891,AU
2891,NZ
2891,GB
12722,CH
41806,IT
41806,ES
143795,IN
38304,FR
38304,ES
26246,US
124839,SI
124839,US
20815,DE
20815,US
19433,US
99006,US
48464,GB
7504,CA
7504,IN
513,CA
513,IN
6619,FR
6619,IT
32316,US
10610,HK
10610,US
2830,US
15920,CZ
21413,US
38874,ES
38874,FR
38874,IT
38874,MX
16405,DE
16405,IT
16405,MK
16405,ES
16405,CH
16405,GB
16405,US
33255,UNK
178675,CH
178675,US
178675,DE
99648,AR
99648,NL
11351,US
333,CA
30246,US
112961,US
22200,GB
2722,ES
27090,US
13778,US
9616,DE
9616,US
55015,US
1415,NL
1415,US
31094,AT
31094,DE
31094,FR
31094,GB
11547,US
7270,GB
7270,US
1428,US
17906,US
153,GB
153,US
35565,US
33320,JP
15136,HK
61054,US
4703,US
29507,DE
27590,US
52734,UNK
14603,US
10617,HK
10618,HK
10619,HK
11293,US
36759,DE
36759,GB
36759,US
38960,SE
19383,US
53650,US
40775,GB
40775,US
9584,US
9584,GB
8408,US
14030,US
49685,FR
49685,PT
2687,US
2687,FR
16323,US
39859,GB
41846,US
74585,IT
23325,US
16790,US
31579,US
40353,US
23033,US
19064,US
34564,AU
34564,US
25241,US
43041,US
28942,CA
37025,US
10739,US
12767,CA
12767,GB
12767,US
22309,US
13156,US
277,US
9707,US
38244,MX
38244,US
24488,FR
278813,CO
20321,GB
20321,FR
36791,GB
61401,UNK
17614,IL
7288,DE
7288,US
10159,US
10934,US
287816,UNK
54243,CA
54243,DE
5653,DE
5653,US
321,CA
20,CA
20,ES
18113,US
5168,FR
9662,FR
9662,BE
9662,CA
9662,GB
837,CA
20303,JM
19666,IN
821,US
41834,FR
41834,CH
41834,TR
41834,GB
37672,US
1358,JP
1358,GB
1358,US
2200,XC
2200,XG
11475,FI
11475,SE
776,FR
40440,US
40440,GB
16563,US
11703,BR
11703,US
891,US
83714,US
12531,FR
12531,ES
12531,IT
10881,JP
10881,PL
11832,DK
51300,FR
51300,RU
11806,US
10438,US
36349,US
650,US
10337,US
8446,GB
8446,US
42570,US
9874,US
11477,ES
37753,US
29161,IT
21627,US
9501,CA
9501,FR
9501,JP
9501,US
49291,HK
49291,US
4543,GB
11046,GB
11707,US
7442,US
14425,US
6723,US
13343,US
16969,US
11338,US
13339,US
28761,US
25237,SU
41780,GB
41780,US
9871,CA
33258,US
71940,US
26850,GB
70709,US
70709,GB
70709,JP
36855,US
20238,US
33783,US
42102,FR
47898,US
19171,US
48345,US
11364,US
38135,US
55950,US
39916,DE
39916,IT
31634,US
43739,US
45203,US
14874,CA
14874,US
32082,US
25269,US
29449,US
29449,GB
37943,GB
37943,US
33633,GB
33633,US
86763,US
86763,GB
78146,US
88641,US
30315,US
13765,GB
12772,US
47866,US
18900,US
73265,UNK
17744,GB
17744,US
62124,FR
3087,US
14282,JP
11502,PL
29451,US
21219,US
116094,US
2116,US
1584,US
28236,US
28236,GB
40945,CA
40945,US
19555,GB
2056,US
4997,CA
4997,US
8439,BR
322,US
21765,US
11059,CA
11059,DE
11059,JP
11059,US
11775,US
24,US
54973,US
10930,FR
21059,US
49475,FR
11329,US
9373,US
1550,US
5493,JP
28200,GB
10629,IE
10629,GB
10629,US
10944,FR
10944,US
9839,CA
9839,DE
9839,US
13920,US
4256,US
10009,US
1807,US
33343,US
30141,US
10536,GB
14157,US
67809,US
42044,FR
37922,US
1376,GB
1376,DE
1376,ES
31397,ZA
31397,US
50374,US
96171,US
20312,CA
20312,US
59809,US
135890,US
64945,US
2348,US
44591,US
10389,HK
10389,NL
10389,SG
10389,TH
18979,GB
31206,US
28658,US
3117,GB
20684,GB
27450,GB
26643,US
62327,US
897,IN
42522,US
11657,FR
11657,IT
224,PL
27117,US
50553,US
44383,US
78331,US
10922,FR
10922,DE
10922,US
43708,US
240177,US
51707,US
30349,US
13537,CA
13537,US
28446,US
605,US
33222,IE
33222,NL
10719,US
266741,US
23995,UNK
1277,DE
1277,HU
1836,FR
292974,UNK
508,FR
508,GB
508,US
197563,FR
11846,US
50314,US
10715,US
10715,DE
8619,US
21525,US
14892,US
12146,US
10588,US
4970,US
470,US
11042,CA
11042,FR
579140,US
44708,TW
44708,FR
10147,US
10756,US
9562,IT
9562,GB
9562,US
36068,BE
36068,FR
11012,FR
11012,GB
279714,UNK
30068,US
40913,GB
158413,US
9556,US
13581,GB
1702,GB
19184,FR
24203,US
9065,DK
9065,FR
9065,DE
9065,SE
44479,US
4823,US
10168,US
10234,AT
38939,GB
10952,US
14022,US
860,US
41521,US
48035,DK
5000,FR
22744,US
17831,US
780,FR
31510,US
234,DE
899,US
8289,US
11583,GB
11583,US
11002,GB
11002,US
6472,US
5143,US
11384,US
5227,US
8010,GB
8010,US
10410,US
47095,IT
47095,US
10407,US
9292,US
11850,US
48745,US
2297,FR
2297,US
951,US
10804,US
5765,DE
5765,US
5765,CA
9319,US
1643,FR
1643,IT
2007,AU
2007,US
10995,FR
10995,GB
10995,VN
8047,ES
2612,US
3112,US
10413,US
2611,US
1825,US
10538,US
11092,US
18410,US
14904,AU
19065,US
3176,JP
9261,TW
9261,US
5336,IT
5336,FR
23908,US
14671,US
11509,US
10729,US
29437,CA
20763,US
2047,US
14249,MX
14249,US
10021,US
11634,DK
11634,SE
14746,US
11824,US
8222,ES
8222,FR
20067,US
12395,US
9846,US
23719,US
11986,FR
1626,FR
483,US
10166,GB
10166,US
6069,US
11018,US
11676,US
28293,US
28292,US
3681,FR
3681,US
43875,US
31798,US
43436,US
20325,US
17687,US
19075,US
41465,US
17641,US
12545,US
27972,US
898,US
2000,DE
648,FR
618,US
44162,CN
44162,HK
19120,IT
19120,FR
4024,FR
4024,IT
11316,GB
11316,US
3089,US
29845,US
995,US
1594,GB
1594,US
32318,US
11839,US
916,US
31509,US
1976,US
31685,US
3062,US
34456,US
12708,US
42045,US
11610,US
4939,US
25016,GB
15927,GB
15927,US
40423,BR
40423,FR
40423,IT
7857,IT
7857,FR
79,HK
79,CN
13912,US
70881,US
987,US
65869,US
37749,US
30140,CA
30140,FI
30140,DE
30140,GB
33302,FR
46932,GB
81,JP
70423,US
11821,US
10023,US
51036,US
11519,US
72087,GB
72087,US
42238,CI
42238,FR
42238,DE
42238,CH
15659,US
18857,HK
33517,IT
33517,DE
33517,FR
27425,JP
38953,GB
38953,IE
74544,GB
41785,MX
41785,ES
41785,GB
41785,US
42740,GB
42740,US
20126,IT
827,FR
11811,US
20043,JP
16814,US
4368,US
25431,US
17685,FR
17685,IT
2742,CA
2742,GB
22010,CA
51145,US
32040,US
48129,US
3596,GB
120637,GB
120637,US
24134,GB
18904,US
37719,US
47364,US
9063,DK
1818,FR
255,FR
10744,GB
10744,US
83505,AR
83505,CL
83505,ES
83505,FR
83505,NL
10511,IE
10511,US
10511,GB
180399,DK
180399,US
180399,FR
180399,GB
22289,US
10028,US
616,US
288953,DE
288953,CH
96393,US
587,US
21542,US
6964,US
1792,US
3635,FR
3635,LU
3635,GB
41488,FR
41488,GB
41488,CA
122,NZ
122,US
11820,US
8696,GB
12698,US
19187,US
11093,US
11093,GB
47952,GB
504,US
504,DE
11007,US
2289,US
2289,GB
2289,RO
2289,IT
9620,CA
9620,US
10601,GB
10601,US
10601,AU
52036,US
52036,DE
52036,GB
42418,US
13433,AU
35712,FR
14844,GB
14844,US
26710,US
37088,GB
31026,TR
5966,US
24034,US
10718,AU
10718,US
40427,IR
40427,FR
14757,AF
14757,IR
14757,IE
14757,JP
14757,NL
14757,GB
14757,US
11034,US
25095,GB
25095,US
26983,US
30080,US
52867,US
42599,GB
65012,US
44801,US
27465,US
27465,DE
83726,US
24782,GB
31395,US
131313,GB
131313,US
34151,GB
34151,US
15797,US
15797,FR
9548,US
1937,GB
1937,US
26712,US
1882,US
70627,GB
17258,US
34681,US
118910,US
6277,CA
6277,FR
6277,GB
6277,US
11429,ES
11429,US
47072,GB
33642,US
14815,US
427,FR
427,IT
43049,US
3022,US
778,FR
3088,US
23152,US
23567,US
102057,US
52367,US
22584,US
27725,US
16227,US
980,US
16933,US
42094,US
26884,US
37833,US
18995,US
43759,US
5205,US
2017,US
38606,US
14239,US
55448,US
21779,US
71189,US
67794,GB
73515,AU
73515,NZ
73515,GB
405,IT
9696,JP
4917,US
37774,US
5055,PL
40140,US
42040,GB
42040,US
29933,PL
35888,US
3059,US
22727,US
28586,US
56157,US
11708,GB
27329,TH
42514,US
20444,US
17736,US
114046,US
82283,US
1954,CA
1954,US
13476,US
11194,GB
12634,US
13505,DE
13505,US
14114,US
15708,US
21301,US
20483,DK
20483,US
14292,US
44539,FR
44539,BE
1278,FR
1278,IT
1278,GB
18841,US
25925,US
32035,US
74395,US
19361,US
81824,US
21968,US
29493,US
29473,US
29464,US
37900,US
91390,DE
91390,GB
33557,UNK
7008,GB
30566,US
42466,US
76176,US
18446,US
22004,US
11023,GB
11023,US
47802,IT
47802,GB
47802,US
92298,GB
35227,US
29852,US
23001,US
51049,US
11221,US
1824,US
16784,US
16784,DE
44674,FR
44674,BE
292090,UNK
11083,NO
11083,SE
54045,FR
337,FR
11951,US
43376,FR
28963,US
2576,US
22561,IT
19345,US
14430,MX
12775,NL
12775,ES
12775,US
9838,US
50075,US
2099,NL
2099,US
42852,GB
40454,US
6470,US
20032,US
8842,DE
8842,US
11132,US
9352,US
615,US
11217,US
10677,US
13572,DE
13572,US
30735,IL
338,DE
2023,US
2023,MA
9384,US
25935,ES
25935,GB
797,SE
42602,SE
60792,US
70113,US
47474,DE
47474,US
56188,GB
56188,US
29084,FR
1723,US
25955,US
41876,DE
41876,IT
62190,UNK
43323,GB
67022,FR
67022,GB
24548,US
31602,US
57744,CA
57744,US
37044,GB
37044,US
42989,GB
17047,US
10591,CH
10591,US
1586,US
11169,DE
11169,US
49689,IL
266687,US
66660,US
156,DK
156,FR
156,GB
156,SE
2778,US
10433,US
47168,GB
58995,US
43236,US
142168,US
40752,US
924,US
38,US
11081,US
4377,DE
16941,IE
16941,GB
1720,DK
1720,DE
1720,IS
1720,GB
9541,US
5516,US
20304,US
11024,US
53734,UNK
553,DK
553,FI
553,FR
553,DE
553,NL
553,NO
553,SE
553,GB
553,IT
10544,AU
10544,FR
10544,GB
10544,US
1487,US
13700,US
11137,CZ
11137,CH
11137,US
11358,US
11358,CA
13573,US
19084,US
10733,US
14442,IE
14442,GB
2122,US
25300,IT
25300,ES
25300,GB
14576,US
13432,BE
13432,FR
13432,GE
26636,FR
26636,DE
26636,US
6844,US
923,IT
923,US
2587,IT
2587,GB
3591,GB
28026,US
26176,US
41857,US
78364,US
10338,GB
33839,US
133919,SE
95548,US
50549,US
38978,GB
92331,US
111883,US
42245,US
68347,CA
107285,US
34082,US
22999,US
20278,US
18698,US
47201,GB
47201,US
47201,MX
12239,US
4365,US
86182,GB
45862,US
65066,US
42228,US
16561,US
54655,US
70779,US
70779,GB
10843,US
2098,US
65332,FR
65332,IT
34303,CA
34303,US
15673,US
393,US
7220,DE
7220,US
33823,US
163676,MX
237,GB
237,FR
126117,UNK
10096,US
9509,CH
9509,GB
9509,US
19016,US
60645,UNK
10710,US
11058,CA
11058,US
11141,DE
11141,IE
11141,GB
11141,US
10625,US
54807,US
11025,US
7131,CZ
7131,US
26899,US
30125,AR
16428,US
652,GB
652,US
8440,BR
8440,AR
8440,US
883,US
883,IT
883,JP
38018,FR
38018,GB
34377,US
20375,FI
20375,DE
20375,SE
10375,DE
10375,US
42015,US
68440,US
12503,US
11864,US
9461,HK
9461,US
57811,BR
57811,PT
132,US
28276,JP
18329,HK
18329,KR
18329,JP
17993,US
37447,US
4339,DE
42108,FR
18513,US
18513,ZA
26517,US
28285,US
22137,DK
22137,SE
5247,US
31676,US
49622,CA
49622,US
238952,FR
10035,US
502,US
41965,GB
10347,FR
1373,GB
1373,NL
30959,JP
43341,US
20561,GB
13055,US
667,GB
667,US
700,GB
21594,US
26976,US
36670,GB
36670,US
18872,JP
44864,SE
31993,US
43818,US
28290,US
24650,US
55086,US
43525,US
20640,US
50363,GB
50363,US
633,BE
633,NL
5511,FR
5511,IT
41003,US
13936,US
294,US
11507,US
17538,US
10435,FR
10435,IT
10435,JP
10435,GB
10435,US
1162,US
34328,US
34328,GB
47108,FR
47108,ES
47140,BR
47140,FR
40930,UNK
14684,US
58467,US
10261,US
163869,US
13937,US
25355,FR
29601,US
66115,US
118617,GB
23981,JP
23981,US
26670,US
44047,UNK
31965,GB
5842,JP
19463,US
24012,GB
24012,US
988,US
125103,MX
204,FR
204,IT
9356,US
32430,US
42231,US
16113,US
33575,US
13913,US
17956,US
18209,GB
25508,US
18978,US
27171,US
29486,US
12310,ES
12310,GB
12310,US
42205,US
27786,US
9624,US
476392,CA
476392,US
37296,US
25736,US
25389,US
44807,SG
5248,GB
52794,FR
9872,US
19552,FR
2786,FR
2786,IT
8075,FR
8075,IT
94771,FR
94771,GB
50271,US
38274,UNK
26133,US
68981,HK
10235,SU
11533,US
2817,FR
2817,CH
2817,GB
1394,IT
1394,SU
1719,FR
781,DE
13553,US
183252,CA
183252,GB
3777,JP
11659,IT
24065,US
39907,TH
26612,GB
26612,US
10604,GR
10604,US
44098,US
16876,US
37437,US
141003,US
77780,US
77780,GB
9545,PE
9545,US
53117,PE
53117,ES
41651,US
29270,IR
28030,US
16514,US
1926,FR
31112,US
11060,CA
11060,US
17365,US
11474,US
63888,FR
63888,GB
49320,FI
42204,US
33157,IT
33157,SU
24798,US
277073,US
4923,GB
36741,GB
11656,SE
16284,GB
25009,US
91226,US
171229,ES
40092,US
10133,US
82838,US
14589,US
14594,US
14590,US
14588,US
14595,US
9459,US
465,FR
86600,DE
86600,GB
86600,SE
86600,US
20644,US
24965,US
17653,HK
11069,US
10829,US
19425,CA
108055,US
86959,GB
86959,US
9698,GB
57946,US
45044,FR
26860,US
29049,GB
27130,US
8468,CA
31952,GB
39043,GB
54396,US
22682,US
11577,US
42402,US
21159,US
21159,IT
40810,JP
40812,JP
336,ES
336,IT
11942,US
11942,MX
36206,US
23330,US
5927,US
49636,HK
49636,TW
3075,GB
30137,US
5521,US
5521,CA
27636,FR
27636,IT
222,DE
10686,JP
43096,US
42688,US
25598,JP
25598,US
25858,JP
14262,US
38701,US
33357,FR
33357,IT
21948,US
30368,JP
1059,JP
12493,JP
42090,DE
42090,SE
13122,US
55730,US
14273,US
26940,US
11030,US
29454,IT
29454,SE
26372,SE
11506,SE
29455,SE
11602,SE
29453,SE
11700,SE
47735,SE
14638,US
14703,US
35806,US
3547,US
41089,US
41089,MX
42179,US
28415,US
28415,JP
107499,US
20481,US
5481,IT
5485,DE
5485,IT
31581,US
22694,US
7090,US
7090,FR
7090,NL
42632,US
5902,GB
5902,US
10775,HK
4552,KR
12762,US
14510,US
101363,US
15618,US
24341,IT
24341,US
10690,IE
10690,GB
10690,US
40028,US
26326,US
13282,US
27658,US
22642,US
29235,US
42725,US
24111,US
17921,IT
17921,ES
22627,US
18283,US
33731,US
13823,FR
13823,US
14108,US
4291,JP
20718,US
20718,FR
113,KR
113,DE
28476,US
5916,US
26234,GB
12205,JP
27804,US
46187,RU
46187,FR
3001,US
39434,IT
105130,JP
166472,US
11574,US
32450,US
62383,US
203,US
38749,US
29740,US
10652,US
34288,US
26268,US
33632,US
25853,US
68430,US
43001,FR
42201,US
316,DE
3072,US
10355,KR
14554,US
87677,UNK
250,DK
19086,US
15392,US
43267,US
41277,CA
108059,US
42013,GB
54715,US
631,US
25504,US
23855,US
1786,DE
1786,FR
51182,US
45042,US
210937,US
16219,US
15824,GB
15824,DK
15824,SE
15824,NO
14258,KR
48385,US
27545,US
22718,US
39844,CA
16914,GB
43011,FR
43011,IT
43011,US
11315,JP
35987,FR
35987,DE
29146,US
36751,US
28758,US
29592,US
439,FR
439,IT
823,JP
20289,US
16905,US
11417,NL
11548,US
38291,GB
41204,US
20532,JP
2546,FR
42791,US
22522,GB
40478,US
5165,FR
5165,IT
5722,US
5544,FR
5544,JP
19128,FR
19128,DE
19128,IT
14696,JP
51515,BR
51515,US
56167,FR
56167,IT
4781,SE
4781,FR
32652,US
4909,FR
4909,GB
56135,US
27115,US
38348,FR
38348,JP
38348,GB
38348,US
35280,US
21375,NL
19185,US
73194,US
28257,US
20643,US
22596,US
36786,US
28916,GB
4497,ES
4497,MX
33560,US
25224,CA
25224,GB
25224,US
42728,US
15371,JP
11044,FR
39983,JP
31526,US
31623,US
27601,US
16214,US
5071,FR
5071,RO
41662,US
95015,US
33738,US
17346,US
18274,US
13763,US
67217,DE
10498,US
24731,US
11796,FR
31675,GB
4507,ES
34847,US
32303,US
4879,GB
24774,JP
41779,US
61048,US
1994,US
42814,US
870,JP
96255,US
25495,GB
26319,US
45938,GB
15573,US
41059,US
39871,US
10178,US
16391,GB
42997,GB
10734,US
10949,GB
258236,US
809,US
435,US
4599,US
12657,US
28219,US
59210,GB
13193,US
24190,FR
24190,AT
24190,DE
673,GB
673,US
16617,FI
16617,NL
16617,GB
16617,US
246,FR
246,JP
2789,US
8920,US
9890,US
26886,JP
26254,US
8193,US
47821,FR
47821,GB
26142,US
42122,GB
65137,US
27017,US
35151,US
21544,GB
21544,US
43846,US
40894,US
11546,RU
11546,US
59427,GB
18387,US
71125,US
34748,GB
132725,US
26331,US
41774,IE
41774,GB
41774,US
52959,US
24004,US
46976,GB
17481,US
52560,US
42658,US
27118,US
18333,SE
42345,US
18398,US
54800,GB
20849,US
57544,ES
53779,US
16661,US
80708,US
76516,US
33441,JP
47819,US
21793,US
18712,US
831,US
10484,FR
37658,US
26516,US
110598,GB
110598,US
44388,US
10573,TJ
10573,AT
10573,FR
10573,DE
10573,JP
10573,RU
10573,CH
10573,UZ
113290,US
26451,IT
111605,US
54568,US
28571,US
27686,US
123665,US
43336,US
62000,US
9372,US
9372,BG
41495,US
52362,US
662,FR
41799,GB
49633,US
43805,US
16559,US
44695,US
31217,JP
8341,DE
8341,FR
8341,IN
8341,IT
36488,US
19414,US
60595,IN
60595,US
15794,US
13188,GB
12651,JP
12651,GB
12651,US
886,US
9791,US
27554,US
26973,US
38582,JP
9542,US
17820,US
26175,GB
26175,US
31146,JP
31146,US
20506,JP
37696,BR
37696,DK
37696,CA
37696,GB
136,US
47653,US
10970,US
28162,GB
42812,US
28159,US
20676,US
3019,US
29353,US
17761,US
20277,US
10204,US
10204,DE
10204,IE
10204,GB
3515,GB
3515,US
9472,US
9472,DE
594,US
8981,GB
8981,IE
12153,US
1944,US
11036,US
1997,FR
1997,GB
15237,US
205481,DK
205481,GB
11572,CA
11572,FR
19096,US
72096,US
11939,US
47555,US
24236,US
80218,US
26520,US
43897,US
29456,DK
21386,US
24908,FR
9256,SE
25783,ES
25783,US
8991,AU
23378,US
3293,US
36947,AU
36947,FI
36947,NO
36947,CA
54028,US
17645,US
10448,US
57684,US
61487,US
29383,FI
10606,US
42988,US
16136,US
58669,US
42407,US
6081,GB
6081,US
12577,CA
12577,FR
12577,GB
36561,DK
36561,FR
36561,DE
36561,NO
36561,SE
13696,US
44494,FR
15484,US
36672,XG
2330,FR
2334,FR
64204,UNK
13398,JP
2912,FR
2912,IT
701,US
10631,US
43466,US
2202,US
76076,US
10780,US
3484,US
19590,US
23724,US
26596,US
44925,GB
29264,MX
33994,US
1777,IT
1777,US
11584,CA
11584,US
9901,US
202475,US
26811,GB
38631,US
54022,US
23522,FR
23522,US
207625,CA
207625,GB
22094,US
161080,DE
161080,GB
11884,US
21871,US
30876,IT
558,US
48732,US
80,US
10742,DE
10742,US
9477,IE
9477,GB
9477,US
8699,US
9893,US
11247,US
2048,US
2048,DE
2048,CA
436,EC
436,CO
436,US
61391,US
18643,US
67297,ES
31948,US
43004,US
45793,US
45793,IT
46495,US
45874,US
65994,US
19014,ES
19014,US
10754,PL
30054,US
36630,US
39770,FR
36627,PL
36627,SU
11897,US
43443,US
54300,GB
58925,FR
58925,IT
2502,US
314,CA
314,US
18923,US
146373,US
5228,US
12206,DE
12206,FR
16539,NL
75046,US
74012,US
26126,IE
15876,US
26300,US
68064,US
12625,US
45520,US
46767,ES
55848,FR
55848,IT
42525,GB
42525,US
43417,US
15244,FR
62395,IT
62395,ES
42737,US
47615,US
39209,DE
39209,GB
39209,US
20876,US
24559,US
78208,FR
43786,US
72613,US
43787,US
27437,US
40374,US
20316,AR
20316,ES
41925,IT
41925,GB
41925,US
259389,UNK
22871,US
37019,GB
37019,US
18190,US
71786,ES
42347,GB
42347,US
39140,US
69903,US
69903,GB
219345,US
41890,US
27307,US
36709,AU
36709,CA
36709,FR
36709,GB
36709,US
32294,US
41463,US
19051,SE
19051,US
43485,US
51997,US
43885,US
62694,US
43785,US
53287,US
29584,US
32644,US
89482,ES
1040,FR
1040,IT
42604,US
24214,US
5122,US
42469,GB
119623,FR
119623,DE
1783,GB
1783,TH
1783,US
10910,GB
17238,IT
17238,GB
22156,FR
26814,US
43116,US
39269,US
39269,CA
99859,BE
99859,DE
99859,GB
31522,FR
31522,IT
47796,IT
26893,JP
69035,GB
69035,US
69035,JP
73621,UNK
22976,GB
22976,US
55441,US
45608,GB
45608,US
21619,US
9680,US
42801,FR
42801,IT
12627,FR
12627,CH
86404,FR
18671,US
17218,US
41316,UNK
5179,GB
53198,US
53198,IT
65156,US
42593,US
76002,US
64868,US
52741,US
15081,US
21147,US
64877,US
147169,AU
16703,US
20298,US
19974,US
22112,US
4201,AT
4201,US
39868,US
20408,US
13580,GB
18706,US
34327,US
43013,US
38505,FR
41940,CA
20417,US
14652,FR
69526,GB
14462,US
14623,FR
14623,GB
14623,US
6947,US
401,US
50247,JP
46326,FR
35780,GB
25361,GB
45522,US
23750,GB
44289,LU
44289,GB
25536,HK
38837,SU
1436,KR
1436,CN
17768,US
27375,US
1538,US
14846,US
2577,GB
2577,US
52936,JP
52936,FR
52936,DE
52936,IT
52936,ES
52936,US
46884,US
33333,JP
41975,FR
16606,KR
60760,FR
11282,US
11130,US
14389,AU
395,CZ
395,DE
395,GB
395,US
11052,JP
11052,US
60015,FR
23601,US
23601,CA
10762,US
11026,US
18693,US
45598,US
8745,US
45335,US
18690,US
7506,US
65596,US
36912,US
46081,US
40087,JP
40087,US
46831,BE
46831,FR
46831,GB
20120,US
22543,US
44415,US
11237,US
8080,DE
8080,GB
8080,US
14797,CN
14797,HK
14797,US
11632,GB
11632,US
18475,US
15644,US
11208,US
24079,US
24079,CA
24079,XG
16153,US
13559,ZA
13559,GB
42694,US
32298,US
66566,US
124029,US
42164,PL
124,PL
29979,CA
29979,US
41762,US
12548,FR
12548,IT
33345,US
19893,US
42264,US
11387,GB
11387,US
104659,UNK
24924,US
17994,GB
17994,US
75759,US
60437,US
49069,DE
49069,US
31117,DE
31117,GB
31117,US
9759,US
9759,DE
1577,CA
1577,GB
1577,US
14198,US
288952,US
16232,US
5137,IT
5137,GB
5137,US
11823,GB
2003,FR
18804,CA
18804,GB
13969,US
10145,US
26486,US
13702,US
1653,AR
1653,FR
1653,GB
1653,US
747,GB
84214,US
84655,US
23627,US
26230,US
4176,GB
11177,US
43839,US
26690,US
35101,US
10905,US
18196,US
70345,US
88174,US
132422,US
42215,GB
42215,US
43105,US
71140,US
27816,US
27815,US
12707,IT
12707,NL
43657,GB
43117,US
47446,GR
47446,GB
47446,US
54979,MX
42172,US
42600,US
47825,US
62697,US
31655,US
27498,US
1492,FR
1492,ES
1492,GB
8689,CO
8689,IT
10555,US
11128,US
22842,US
1599,DE
1599,GB
1599,US
14024,US
11045,FR
11045,US
15503,US
14337,US
26108,GB
26108,US
26108,DE
4380,US
3989,US
3989,DE
16358,DE
16358,GB
16358,US
25313,US
2438,US
65550,US
29445,DK
11121,FR
11121,GB
55457,US
101887,US
23739,US
21241,US
21241,HK
3053,GB
3053,US
28356,GB
12456,BE
12456,DK
12456,FR
12456,CH
55047,UNK
28153,US
18499,CA
36616,US
13644,US
41936,FR
13416,US
1435,US
11099,DE
11099,US
167177,US
12483,CA
184530,US
18701,UNK
2319,US
110351,US
15566,US
1970,US
8849,GB
8849,US
9675,US
4553,ES
11109,GB
11109,FR
48678,CA
48678,FR
202587,GB
202587,US
126148,US
16131,GB
16131,US
9391,FR
9391,GB
9391,US
176,US
1677,US
10740,DE
10740,GB
10740,US
66641,IQ
66641,US
9806,US
19614,US
12777,DK
12777,DE
12777,JP
12777,NL
12777,SE
12777,FR
12777,IT
12777,GB
12777,US
47959,IT
47959,FR
47959,ES
47959,RO
47959,GB
5255,US
11184,DE
11184,GB
11184,US
11249,US
10589,US
9801,GB
9801,US
9801,FR
866,GB
866,US
4251,IN
2059,US
140,ES
11836,US
43743,US
17818,US
1966,FR
1966,DE
1966,NL
1966,GB
1966,US
1966,IT
1966,MA
1966,TH
13673,US
174787,US
26347,FR
26347,CH
2288,GB
2288,US
15397,US
9550,CN
9550,HK
9550,AU
9550,US
163,US
36648,US
15788,US
33377,UNK
18973,US
41253,US
15787,US
35188,US
35189,US
52122,US
28333,US
24062,US
43670,DE
43670,US
58182,US
33740,US
74719,US
77448,US
43752,US
42668,ES
42668,US
25952,US
16248,GB
16248,US
15613,US
151848,US
30719,US
28421,US
47657,GB
8424,BE
8424,FR
32558,US
50085,US
50034,US
42401,US
67962,UNK
30996,US
44375,CA
18889,QA
18889,US
18889,DK
18889,GB
210864,US
70368,US
3016,US
2972,DE
71065,US
42510,US
58129,SE
29267,DE
36841,US
57283,SE
171432,US
18987,US
41348,US
27511,US
96713,US
992,US
3060,US
42359,US
1405,US
964,US
939,US
697,SU
104433,US
27503,US
905,DE
31411,US
28189,FR
3061,US
27517,US
42538,US
25768,US
120833,US
626,FR
27899,US
5729,FR
42816,US
13911,US
51394,US
48365,FR
3574,US
91,ES
31592,US
43132,US
877,US
875,US
28268,JP
779,FR
779,DE
56724,US
39130,US
28046,GB
31511,US
3031,US
43130,US
43595,US
43149,US
43148,US
50073,US
43904,FR
43693,US
24106,US
47921,US
49640,US
46910,US
43689,US
22614,GB
51949,FR
43889,US
131894,US
43896,US
28910,US
17907,US
27970,US
52677,FR
14615,US
31773,US
24807,US
17030,US
23389,US
31548,US
54569,US
38721,US
43874,US
16515,US
27973,US
20642,US
37650,US
43867,US
43864,US
23101,US
60562,US
46688,US
16274,US
99318,US
55207,GB
31868,US
37698,US
3084,US
46069,JP
43806,US
55604,US
26635,US
43811,US
17801,US
26201,US
29884,US
45978,JP
38914,US
33523,US
33112,US
28789,US
43799,US
18790,US
37036,US
43522,US
36612,US
97648,US
22387,US
27655,US
23051,US
43306,US
18727,US
33049,US
41355,US
47352,US
43518,US
41391,DK
21622,US
28436,US
22638,GB
51144,SE
35006,US
21451,US
42879,US
43307,US
50066,US
18229,US
52440,US
17136,US
43494,US
30348,US
9797,SU
45219,US
18771,US
30177,US
41020,US
16090,US
44041,US
25502,US
14320,GB
26701,US
43469,IT
20246,US
82101,US
19169,US
43461,GB
31980,US
27448,US
29244,US
83838,US
43452,US
29380,US
37347,US
3766,US
946,US
70447,US
20482,US
35032,US
44190,US
41609,US
33115,US
20638,US
29885,US
25698,US
45578,US
4558,FR
43439,US
61828,US
25209,US
15390,FR
17409,US
43388,US
800,MX
32690,JP
43390,US
41464,IT
43961,US
43358,US
24003,US
28431,US
43364,JP
30801,US
3023,US
43348,US
43349,JP
99898,DE
99898,US
24381,GB
11402,GB
35861,JP
45213,FR
45213,IT
20127,US
24518,US
13457,US
23620,US
31372,JP
3111,US
41503,US
28696,US
94123,US
17640,US
44026,FR
44026,ES
44026,CH
803,FR
31374,JP
25893,US
36439,FI
46007,US
33319,JP
28100,US
31378,JP
19742,JP
44134,GB
22334,GB
29347,GB
15697,US
43234,US
18776,US
29071,US
54541,US
44559,GB
30637,GB
76754,JP
56156,US
43119,US
43137,US
69977,US
42661,US
43051,US
43101,FR
58997,US
34528,JP
31427,JP
58902,GB
27029,US
690,FR
46918,JP
43111,US
52745,US
36872,JP
43047,GB
43047,US
43047,AU
72354,US
31589,JP
52841,US
18449,US
50474,US
79827,US
750,GB
34530,JP
33710,US
64568,GB
17185,US
109667,US
31287,US
14537,JP
16103,GB
13671,US
11085,US
65048,IT
24188,IT
28367,DE
28367,US
21135,FR
21135,IT
52705,FR
52705,IT
3010,US
31383,US
39222,GB
39495,US
15263,US
751,GB
42798,US
4025,US
61892,US
25253,FR
25253,DE
25253,IT
37684,US
15421,GB
15421,US
166607,US
37315,US
10299,US
24229,US
26031,US
3763,JP
17696,US
7348,US
28504,US
151138,FR
151138,DE
151138,IT
151138,US
23574,US
17091,SE
17295,IT
17295,DZ
13187,US
17102,GB
23194,US
16850,GB
24395,GB
37921,US
59802,US
16303,US
29715,US
36583,GB
36583,US
60555,US
42731,US
3482,FR
3482,IT
3482,US
895,SU
20108,FR
20108,SE
2661,US
20379,US
29710,GB
104237,HK
104237,TW
22293,US
789,XC
45706,JP
11047,FR
11047,BE
2097,JP
135,US
33257,MX
66043,US
17905,JP
4191,FR
4191,IT
10227,FR
10227,IT
26039,US
42701,US
42702,US
41212,US
26204,US
5767,GB
42713,US
27277,US
9929,FR
9929,BE
20873,SU
29778,GB
18193,US
22176,US
42623,US
42634,GB
42634,US
118872,US
50789,GB
29266,SU
27983,US
5638,US
36446,IT
14801,US
49397,IT
42607,GB
40430,GB
38096,US
48831,FR
24152,GB
1846,US
21323,DE
21323,FR
21323,LU
5928,US
29748,GB
105627,XC
85255,US
26525,US
31672,FR
31672,IT
48408,US
33205,JP
70327,JP
2860,FR
42589,US
71943,US
31304,SE
64828,US
38222,US
26606,GB
36404,PL
42528,FR
42528,TN
20848,SU
2998,IT
2998,US
31906,US
31767,GB
839,US
25109,US
36194,GB
16328,US
42500,US
16154,US
9394,IT
74689,CA
36850,US
38646,GB
84285,IE
84285,US
18287,US
5822,US
13041,MX
40732,SE
122677,US
121923,US
18250,GB
33020,GB
89417,US
12089,FR
41471,JP
17810,JP
23148,US
80911,US
87417,US
11378,FR
11378,IT
760,FR
760,IT
27331,US
1410,US
38729,US
86889,GB
31943,US
29142,US
56764,US
9474,FR
9474,DE
9474,IT
27084,US
31596,US
59189,GB
59189,US
38714,US
31587,US
22307,US
62330,US
28498,GB
21964,HK
21035,NL
25473,US
118121,CA
118121,US
118121,GB
32044,US
62761,AU
30702,US
25627,IT
25627,ES
24402,FR
5558,FR
3043,FR
3043,IT
3043,US
36665,FR
36665,CH
16246,US
27977,US
42448,US
42449,US
8327,US
37627,GB
37627,US
32940,US
31656,US
29859,GB
29859,US
5618,FR
19174,US
9385,FR
9385,GB
28209,FR
1835,US
70259,US
10711,US
19740,US
1829,FR
43430,SU
32042,US
9652,FR
9652,IT
9652,ES
9652,US
38099,HK
47313,JP
5725,US
3870,FR
3870,DE
3870,IT
1660,FR
83864,US
133008,SU
6476,US
10640,US
33324,US
48205,FR
48205,DE
46978,FR
26842,LY
26842,GB
26842,LB
26842,KW
26842,MA
42252,US
73100,SU
11558,US
5651,US
43751,ES
14336,AU
14336,SE
18775,US
12535,US
1421,FR
62847,GB
77360,MX
12637,US
54140,FR
54140,CH
38985,US
61280,US
16378,US
16378,GB
72412,US
11935,GB
11935,US
13481,HK
24998,US
13514,HK
113777,US
156235,CA
98851,US
29107,FR
45691,SE
11537,HK
45695,US
42165,US
33701,FR
38438,FR
10654,DE
10654,US
25264,FR
19827,US
18966,US
30636,IT
30636,US
33665,US
45169,US
15717,JM
54663,US
179798,US
114516,US
47542,SE
86295,AU
86295,NZ
86295,US
23615,GB
13633,US
14087,JP
6341,US
27679,UNK
7012,US
20545,US
23096,LB
23096,US
15251,US
17435,US
78177,US
11948,JP
11948,NZ
11948,GB
15716,GB
15716,US
32689,FR
32689,CH
21356,CA
42115,FR
42115,MQ
232,US
42116,JP
30707,US
12633,US
19258,US
22998,US
15301,US
29140,NL
28054,US
11609,GB
11609,US
9041,FR
31939,GB
63418,FR
42086,US
48677,US
30278,GB
46088,FR
46088,LI
46088,CH
19596,GB
19596,US
19621,GB
10179,US
47874,US
108241,CA
27102,FR
47359,US
27414,US
33138,US
25425,HK
8221,ES
8868,FR
29903,AR
29903,US
92802,UNK
54407,AU
41243,US
12615,DE
12615,US
14029,IT
40929,US
67342,HK
9056,HK
27064,JP
27064,US
51878,US
62429,SE
10176,NZ
9080,US
9080,GB
18502,US
31600,US
41205,FI
30069,US
16082,US
14670,US
14670,FR
9318,DK
9318,FR
30653,US
26555,US
47340,AU
10570,NL
42021,FR
42021,DE
42021,IT
65326,UNK
24657,SE
24657,FR
24657,GB
53157,CA
53157,US
41480,US
36677,US
11471,HK
21733,HK
22572,US
4043,ES
27342,US
2172,NO
8852,US
30421,HK
60631,US
60631,CA
96333,US
49815,US
18305,HK
92663,SU
26369,US
11513,DE
11513,GH
40844,CA
40844,US
49314,US
41959,US
16296,US
13192,US
18917,CH
18917,GB
18917,DE
18917,XC
116345,GB
48309,US
93457,US
41967,CA
47795,FR
47795,GR
47795,IT
4271,FR
41949,GB
41949,ZW
16859,JP
38695,FR
41939,JP
85556,CA
26936,JP
25943,US
71373,GB
9768,US
11909,HK
60778,US
27274,US
110838,GB
110838,DE
10485,US
9569,US
9569,ES
22189,US
71805,US
71805,NO
71805,SE
7975,FI
7975,FR
7975,DE
7975,SE
7975,GB
41821,CN
41821,JP
21344,GB
9399,US
31597,US
30017,IR
11131,GB
21168,GB
21168,CA
59058,GB
1662,US
6444,FR
71642,IT
71642,FR
31923,GB
31923,US
20562,GB
18311,HK
48448,US
1483,US
28553,CA
28553,US
58648,US
36337,US
25330,US
22423,US
4539,US
22828,US
12776,IT
31696,GB
31696,US
17467,HK
36351,US
47252,US
34376,US
39233,US
6463,US
14362,US
5048,JP
5048,GB
5048,FR
5048,NL
5048,IT
9588,US
41792,GB
25674,US
21338,US
123778,CA
94666,US
41804,FR
147164,SU
147164,GB
23438,US
97044,GB
13995,US
13995,YU
11198,HK
11198,JP
41678,RO
41678,FR
186809,US
19143,US
27381,US
45145,CH
45145,FR
45145,US
11621,JP
47714,IT
47714,FR
47714,CH
19087,US
40082,FR
40082,US
36288,US
38143,CN
38143,HK
31962,GB
31962,US
22590,US
41777,YU
48150,FR
41778,JP
41778,US
40213,HK
83761,IR
34683,DK
34683,NO
34683,SE
5051,FR
5051,DE
5051,NL
5051,GB
27678,US
83599,AM
83599,DE
83599,CA
251732,GB
17811,HK
12088,AU
12088,US
96712,TW
96712,CN
48706,US
47105,FR
30366,FI
30366,FR
30366,DE
19371,US
41661,US
35610,US
12664,GB
12664,IE
7500,JP
20339,GB
11143,HK
5187,US
32764,AT
32764,DE
26877,HK
8983,DE
17796,US
63097,US
17809,HK
271304,AU
11067,US
10486,FR
10486,US
58416,FI
58416,DE
19223,FR
19223,IT
54804,GB
18674,HK
57221,CA
26830,JP
30718,US
37797,JP
37062,DE
37062,GB
37062,BE
18665,HK
21846,US
16233,US
13063,US
63054,GB
16003,SE
8214,FI
8214,FR
8214,DE
30330,US
29927,YU
48709,FR
37431,US
2061,DK
148478,FI
55902,US
74097,US
16992,IE
16992,GB
16992,US
9956,US
9956,GB
36702,HU
36702,US
134458,US
26124,GB
18415,US
17629,IT
17629,MA
17629,NO
17629,SE
116008,US
37517,AU
37673,EG
37673,FR
26103,US
44641,US
8765,FR
8765,IT
9845,MX
9845,ES
9845,US
36221,JP
64559,FR
64559,CH
28123,US
35638,US
5470,FR
5470,US
10213,US
19846,AU
50008,US
50008,GB
35016,BE
44625,US
36282,JP
14533,US
9812,US
41992,FI
41992,IS
41992,NO
41992,SE
88421,CA
88421,US
8697,HK
22140,BE
22140,DK
22140,FR
22140,DE
22140,IT
22140,NL
22140,NO
22140,SE
21039,GB
19850,US
344,DE
14439,US
41227,CA
41227,MX
13428,AU
67899,US
36105,CA
36105,CH
36105,FR
47186,US
47186,FR
50173,JP
46817,FR
45935,TW
45935,JP
47060,TW
47060,FR
84002,RU
2487,JP
38821,FI
17985,DK
54860,JP
9597,FR
21644,AU
21644,BE
21644,NL
45758,US
49745,UNK
62825,FI
18491,JP
175739,FI
13777,AU
11854,IN
87489,US
33491,FR
12619,US
39927,US
39927,FR
24272,GB
3716,DE
3716,TR
21348,FR
21348,BE
21348,LU
15319,FR
15319,JP
9011,US
2332,FR
54003,US
20882,RU
10205,AU
40476,IL
40476,FR
18394,GB
31774,US
35735,FI
38203,FI
19362,GB
19362,US
31161,JP
65296,FR
32067,US
32306,US
66668,US
72490,JP
10482,GB
107942,US
28031,US
54491,US
43423,IR
43423,FR
12480,FR
12480,JP
13439,AU
844,DE
844,HK
844,CN
844,FR
844,IT
29512,CA
29512,US
29512,FR
20617,JP
20617,FR
20617,GB
101338,AR
101338,NL
23985,US
2463,HK
16874,AU
274669,HK
32166,CA
32166,FR
32166,US
38987,CA
9439,ES
52666,PL
71138,JP
39872,JP
53048,US
22616,US
20160,FI
28943,GB
82550,FR
82550,CH
11599,CN
11599,DE
33253,TH
11075,JP
33355,UNK
49671,DE
49671,GB
49671,US
15917,IN
10706,US
36246,JP
17208,US
26245,US
62529,UNK
467,FR
467,GB
73952,NZ
19738,JP
16435,CA
16435,FR
16435,US
26014,US
45418,HK
11366,JP
89823,PL
10751,DK
38294,GB
18836,FR
18836,RU
18836,GB
10757,IN
10757,GB
55256,FI
23160,FR
23160,DE
23160,HU
2899,FR
2899,DE
44756,US
18088,DE
18088,GB
31010,US
20536,US
3577,DE
27259,FR
27259,GB
19448,US
14923,US
2440,KR
10836,ES
10955,GB
10955,US
10955,IT
37998,JP
10978,SE
81540,DE
81540,GB
40096,BR
11847,HK
11847,TR
52999,FR
52999,CH
52999,ES
41714,NO
41714,US
11056,ES
11056,US
27967,US
919,JP
55852,US
211,DE
211,AR
10046,FR
10046,MX
10046,GB
6382,AU
36243,JP
45538,US
22242,AU
22242,CA
16077,CA
16077,FR
16077,GB
16077,US
11553,TW
11553,FR
29832,UNK
10726,US
57100,HK
57100,TW
44793,CA
35110,DE
35110,FR
35110,ES
9298,FR
9298,DE
9298,GB
9298,US
13899,JP
437,CA
38901,US
37712,JP
14809,US
14809,CA
27324,JP
33625,US
35583,US
35848,HU
4592,DE
4592,US
9025,AT
9025,DE
2111,CN
2111,FR
14752,IN
11178,KR
10943,GB
125842,US
100973,SE
23305,IN
23305,GB
21707,KR
10981,CA
10918,DE
10918,GB
10918,US
30839,JP
4612,CA
4612,GB
36222,JP
33068,US
13984,CA
16184,JP
53244,FR
14868,AU
36353,DE
36353,IT
36353,NL
36353,CH
36353,GB
11427,FR
11427,US
18072,GB
4689,KR
16209,CA
45379,HK
8441,BR
12720,JP
21041,FI
21041,SE
5552,FR
5552,IT
8325,US
8325,FR
10077,CZ
10077,DE
10077,CH
10077,GB
10077,US
31076,JP
31076,FR
28730,US
40432,ES
26955,KR
23986,US
4326,DE
16132,LU
16132,NL
36730,GB
36730,US
36730,IT
55496,FI
20164,FI
38970,IT
32526,US
15271,GB
45572,KR
22076,BG
22076,US
16973,US
55931,JP
55931,US
55931,KR
12703,FR
12703,JP
12703,US
46814,FI
46814,SE
9282,CA
9282,US
5844,JP
61485,CN
25334,UNK
12540,US
60672,FR
60672,GB
60672,IT
24241,US
11556,AR
11556,ES
11556,MX
49007,US
11197,SE
11197,DK
27079,US
3177,JP
11774,US
10855,HK
16765,US
4972,DK
54764,FI
120360,US
20162,FI
2841,FR
2841,US
11606,TH
11606,JP
189332,ES
189332,CU
189332,FR
189332,GB
189332,PT
363,DE
363,TR
12140,JP
4254,CA
4254,IN
15370,JP
16635,IE
16635,ZA
16635,GB
16635,US
23520,US
23520,AW
1418,ES
15990,PL
11492,CN
11492,HK
12496,JP
17457,HK
22618,CA
29987,GB
29987,IT
29987,TR
29987,PT
10361,CA
41070,NO
14527,CA
32276,US
32276,GB
100594,FI
14455,JP
24092,JP
20357,GB
21200,FR
40876,US
95536,PT
95536,IT
95536,FR
11838,JP
670,KR
25500,FR
85873,US
12583,CA
21513,JP
21513,US
14190,NO
49681,AR
49681,ES
49681,FR
49681,IT
9694,JP
12802,IE
22537,JP
9667,DE
9667,US
13373,GB
37209,CA
10304,US
40823,BR
9666,JP
13371,GB
11049,FR
11049,JP
9316,TH
11647,CN
11647,HK
11647,SG
1913,ES
1913,FR
1913,IT
45693,CA
45693,US
2539,US
15177,NO
14770,GB
14770,NL
5528,FR
5528,CH
10105,US
1114,MN
1114,DE
179,FR
179,DE
179,GB
179,US
83,US
12653,ES
12653,GB
32233,HK
55177,CA
55177,GB
14310,CN
14310,HK
14310,TW
24860,BE
24860,NL
26766,US
24747,US
4836,GB
18711,US
11190,RU
37918,US
11866,US
12281,US
10320,US
16427,MX
16427,ES
16427,US
30973,CA
30973,GB
12086,CL
12086,FR
12086,ES
12086,GB
11420,CA
57337,UNK
81792,JP
3396,US
3396,FR
1404,GB
1404,IT
1404,DE
1404,ES
1404,BE
62276,RU
464,DK
464,SE
40974,CN
59196,US
20912,FR
20912,US
5889,JP
1126,NZ
1126,GB
11658,KR
11658,US
20544,US
11401,US
19423,CA
31781,US
9483,DE
1392,US
1392,IN
1843,US
33102,US
291,FR
291,US
88138,US
28105,US
51363,US
16843,CA
4896,DE
8357,US
3509,US
11662,JP
10103,HK
10103,KR
33150,US
13372,US
36678,US
21754,UNK
23319,US
41171,CA
41171,US
23592,US
47614,BO
47614,US
986,ES
986,CH
986,FR
70,CH
70,US
31713,US
32041,US
55309,FR
55309,DE
55309,IT
55309,NL
55309,GB
38724,US
12487,JP
56616,TW
205,IT
205,ZA
205,GB
205,US
150523,AU
150523,BE
150523,DK
150523,FI
150523,FR
150523,IS
150523,IE
150523,JP
150523,LU
150523,NL
150523,NO
150523,PT
150523,SE
150523,GB
150523,US
46761,FR
43872,US
5183,US
28055,DE
28055,FR
28055,IT
12597,US
118,GB
118,US
113213,UNK
1280,KR
1280,JP
88288,US
421,US
2567,DE
2567,US
9833,GB
6478,DE
6478,GB
6478,US
9692,US
1901,US
693,US
842,US
842,AU
842,MX
9953,US
11162,IT
11162,LU
11162,GB
54291,TW
57564,TW
15401,US
14604,US
26275,JP
15045,US
42420,IT
1853,US
11804,CA
11804,GB
11804,US
19803,US
11354,US
11354,DE
41613,US
61049,US
41384,US
14677,US
61988,US
46021,GB
40881,US
147747,GB
47876,US
43150,US
66600,US
64334,FR
75976,FR
75976,US
43442,US
25033,GB
21259,US
33766,US
33766,GB
220690,US
22301,US
21030,US
79008,US
120328,US
95466,CA
95466,DE
26426,US
18627,JP
39472,IT
39472,US
34326,JP
10630,DE
10630,IT
18927,DE
18927,ZA
18927,GB
18927,US
42257,US
59143,US
74122,US
58097,BE
58097,IT
58097,ES
25350,BE
25350,DE
25350,US
16442,US
7229,FR
12576,DE
12576,GB
42223,FR
20719,PL
16220,US
23832,FR
23832,IT
54794,GB
54794,US
33475,US
33472,US
33477,US
10609,GB
10609,US
2091,US
11633,JP
35031,DE
35031,FR
35031,IT
12127,DE
12127,SE
11626,DE
11626,SE
36430,US
9947,US
6439,US
7214,DE
7214,US
43504,US
24749,US
17657,US
32546,AR
32546,ES
42390,US
26488,ES
26488,DK
61477,CN
61477,HK
27429,CA
19610,US
27549,US
43892,US
8422,FR
8422,IT
989,US
43779,US
49696,FR
49696,IT
34778,US
25970,US
100894,US
44463,US
39504,BF
39504,CM
39504,FR
39504,MA
39504,SN
39504,TN
14883,US
11423,KR
10694,US
16410,GB
342,DE
613,AT
613,DE
613,IT
273,DE
8978,US
8978,FR
8978,CA
11637,US
12142,CA
12142,DE
12142,US
11096,US
22559,US
8968,US
6961,GB
6961,US
31165,FR
31165,IE
31165,GB
2517,JP
11413,US
24962,CA
24962,US
17978,US
42729,GB
22383,US
43801,US
41851,US
661,DE
10310,DE
36851,US
147882,US
27007,US
29259,FR
53200,FR
53200,GB
53200,DE
55624,DE
2436,US
20196,US
61144,UNK
6317,DE
6317,NL
68822,FR
27430,FR
27430,IT
43141,US
135473,GB
135473,US
41968,IN
41968,GB
34090,NL
34561,CN
34561,HK
34561,FR
45174,US
16638,IT
16638,ES
16638,US
118075,US
42011,JP
7454,US
70498,US
63617,US
23132,KR
68348,SE
37198,US
4935,JP
8953,JP
10951,HK
10951,TW
42845,HK
193704,US
41569,DE
8488,US
13682,US
12228,US
32588,US
57825,BE
57825,FR
57825,IN
57825,GB
57825,US
561,DE
561,US
10214,DE
10214,US
17880,US
8340,IR
8340,FR
8340,IQ
6414,TH
27202,US
1942,GB
61574,US
21433,US
52778,US
19119,GB
18279,FI
10636,DE
123452,UNK
3040,RU
18538,ES
18538,GB
18538,US
41475,GB
41475,US
44875,US
43128,US
42641,US
39179,SE
13498,US
29993,US
9470,CN
9470,HK
36867,JP
30698,US
12721,HK
12721,US
27042,US
37232,BT
37232,GB
19765,AT
19765,CZ
19765,SK
37527,JP
37527,US
43492,US
29578,GB
29578,US
2926,ES
2926,GB
2926,US
54302,GB
54302,US
4710,FR
4710,SE
26243,US
10568,GB
205061,UNK
52943,ES
25103,GB
5204,HU
89065,IR
4974,FR
30331,CA
30331,US
258,FR
258,IT
8016,FR
8016,DE
8016,IT
37601,PT
37601,ES
4235,FR
4235,IT
31532,US
34614,DK
34614,SE
51177,US
16186,US
10012,DE
10012,US
65967,CZ
281189,US
10022,US
4551,US
30856,US
26,IL
26,SE
2026,DE
2026,US
9928,US
29735,US
76264,US
15771,US
76804,US
43912,FR
43912,US
82432,US
3115,JP
6593,JP
116698,US
63115,NZ
76403,PH
76403,US
87169,UNK
34093,FR
38148,US
77041,US
167087,ES
34196,BR
54380,PT
54380,ES
54380,IT
54380,FR
15443,GB
15443,US
36815,IT
36815,US
111017,US
37598,US
40957,US
33539,GB
33539,US
41749,US
88930,US
31835,US
60966,US
85926,US
1918,FR
1918,IL
20511,MX
20511,EC
133382,US
22377,US
1093,FR
45212,US
12622,JP
25283,SE
18047,US
15018,SE
438,CA
57953,CA
64022,FI
42222,US
11297,KR
11196,DK
11196,GB
33431,JP
18770,US
37988,FI
40916,US
42837,DE
1589,GB
1589,IE
1589,DE
13374,US
13374,CA
9688,US
228890,US
10040,US
11638,US
540,US
77120,US
48463,GB
48463,US
45218,FR
45218,IN
44540,UNK
21666,DE
21666,GB
21666,US
23916,US
52277,DK
52277,DE
52277,IS
52277,GB
32208,AR
44634,US
84298,US
76499,US
43865,US
48598,DE
48598,AT
48598,CH
72847,US
93313,US
32078,US
26038,US
45694,DE
45694,FR
43029,US
42622,US
27495,US
19884,JP
47007,MX
47007,FR
47007,ES
37748,ES
52302,JP
39327,US
86458,FR
86458,US
22434,US
12778,US
42106,ES
16198,JP
158,DE
1772,US
5996,US
53939,GB
19665,CA
36006,US
73604,US
16301,US
47002,JP
14573,KR
18774,GB
44154,HK
44154,TW
28448,MX
28448,NI
28448,ES
28448,US
38155,HK
34282,GB
27030,FR
27030,IT
120129,MX
120129,ES
120129,FR
22595,US
19545,JP
19545,US
21131,AU
47237,DE
47237,US
17592,US
17113,US
187,US
14177,US
11399,FR
11399,IT
23638,UNK
7364,DE
7364,MA
7364,ES
7364,GB
7364,US
11431,DE
11431,US
52796,US
45824,CN
45824,US
27271,US
51945,FR
51104,IT
51104,US
16551,US
26332,US
24964,US
42229,IT
42229,CA
45220,US
52663,KR
49565,CA
2029,FR
44181,US
24619,US
70926,US
37214,US
26774,GB
31944,US
85673,PH
85673,US
62637,KR
94794,GB
94794,JP
50435,FR
42617,IT
13524,US
31219,AU
19971,CA
19971,FR
47406,FR
47406,IT
49225,AU
49225,GB
42691,IT
9674,JP
3875,DK
24182,IT
38770,GB
74948,US
74948,CH
74948,GB
74948,FR
74948,IT
14689,US
69321,US
31321,CZ
31321,SI
26638,FR
26638,IT
37512,DE
9653,DE
42637,DE
19673,PL
14842,US
27883,US
41115,AR
41115,FR
41115,IT
32085,US
43824,US
41954,DE
41954,FR
41954,US
54156,FR
54156,DE
39225,US
30204,US
40633,US
4595,FR
26182,US
42260,DE
31442,SU
775,FR
36971,UY
36971,ES
36971,AR
36971,DE
50183,SU
7342,CA
7342,US
45267,FR
45267,IT
9636,US
9636,CA
36984,US
48580,FR
36843,GB
18871,US
69069,AU
45713,JP
104193,JP
64167,GB
124083,SN
124083,FR
124083,DE
124083,US
68528,FR
68528,JP
185987,JP
40177,FR
39851,CA
39851,FR
39851,GB
45161,CA
84084,US
84087,US
7453,GB
7453,US
6183,DE
8220,ES
35170,HK
35170,TW
20187,US
38151,US
20628,US
43003,FR
43003,DE
43003,IR
16250,US
10065,US
30863,US
49920,US
31065,US
37992,US
32850,US
68883,HK
43379,IT
9393,DE
16972,US
21325,JP
13409,US
14287,US
24363,US
13073,US
35384,US
113178,US
8976,US
27360,CA
27360,US
29078,US
38717,US
13020,US
11679,US
25007,US
1495,DE
1495,ES
1495,GB
1495,US
10066,US
1640,US
1640,DE
67445,US
67445,CA
11171,US
11171,NL
14750,US
43260,US
11799,FR
11799,IT
53116,ES
53116,FR
83995,GB
42626,FR
42626,GB
43881,US
46594,SU
43344,MX
26614,FR
133750,FR
133750,MX
133750,DE
16902,US
41131,CH
41131,US
31414,DE
31414,HU
31414,CH
40730,US
15318,JP
13384,GB
48993,US
9463,JP
13163,US
26810,FR
20625,US
1566,DE
21997,MX
21997,US
30624,US
44658,IT
44658,SU
27233,JP
41386,UNK
24078,US
43271,PT
43271,ES
43271,DE
43271,IT
26541,GB
26541,JP
26541,TH
63066,UY
37720,US
18050,US
155325,DK
155325,FR
155325,PL
31819,US
14672,AU
11628,DE
11628,IT
10913,DK
10913,FR
10913,GB
10913,DE
11605,US
16976,JP
38643,US
10027,CN
10027,FR
10027,GB
10027,US
43429,AR
43429,ES
19413,IT
11139,CA
11139,FR
10837,FR
32610,US
1279,KR
1895,US
9981,US
4379,US
4379,DE
31200,GB
37215,US
56946,CH
56946,FR
56946,AM
56946,IT
11019,DE
11019,GB
28423,US
14694,CA
20271,IT
29872,US
85014,HK
34856,CN
34856,HK
27,GB
16373,US
25649,KR
19398,NL
100605,US
43506,US
953,US
16605,AU
16605,NL
42268,GB
42268,US
13064,US
14358,US
26825,US
12700,US
9291,US
19316,US
34309,US
921,US
9779,US
9787,DE
9787,US
16932,FR
23825,DE
23825,US
787,CH
787,US
14199,US
10226,FR
10226,RO
21295,US
21295,IE
20651,IN
56321,BE
56321,FR
56321,DE
9528,GB
12109,CA
12109,GB
13935,US
20941,MX
20941,PR
20941,US
18289,JP
43471,US
3011,US
13589,GB
13589,US
11620,US
43354,GB
272,GB
272,US
5845,JP
15767,JP
15767,AU
15767,CN
15767,US
44524,FR
15648,US
9709,GB
29080,US
10274,CA
10274,US
45881,FR
45881,ES
45881,GB
45881,US
25248,CA
11451,US
25312,GB
25312,US
11683,CA
11683,US
11683,FR
9722,US
2287,US
18497,FR
47924,US
43888,US
2994,IT
2994,FR
76094,US
1382,GB
1382,US
9534,ES
9534,IT
