movie_id,title,release_year,runtime,budget,revenue,popularity,vote_average,vote_count,original_language,director_id
862,История Игрушек,1995,81,30000000,394436586,17.5488,7.971,19334,en,7879
8844,Джуманджи,1995,104,65000000,262821940,2.4996,7.243,10984,en,4945
15602,Старые ворчуны разбушевались,1995,101,25000000,71500000,1.6504,6.5,410,en,26502
31357,В ожидании выдоха,1995,127,16000000,81452156,2.4205,6.281,180,en,2178
11862,Отец невесты 2,1995,106,,76594107,2.8898,6.272,780,en,56106
949,Схватка,1995,171,60000000,187400000,9.7835,7.924,7939,en,638
11860,Сабрина,1995,127,58000000,53672080,3.2528,6.2,657,en,2226
45325,Приключения Тома Сойера,1995,91,,23920048,1.2736,5.261,203,en,18357
9091,Внезапная смерть,1995,110,35000000,64350171,1.6168,6.0,774,en,37710
710,007: Золотой Глаз,1995,130,60000000,352194034,5.1411,6.9,4158,en,10702
9087,Американский президент,1995,113,62000000,107879496,1.9437,6.526,755,en,3026
12110,Дракула: Мёртвый и довольный,1995,88,30000000,10772144,2.7659,6.081,1052,en,14639
21032,Балто,1995,71,31000000,11348324,2.3777,7.3,2119,en,21879
10858,Никсон,1995,212,44000000,13681765,2.6837,6.9,385,en,1152
1408,Остров головорезов,1995,124,102000000,16000000,1.6567,5.8,594,en,16938
524,Казино,1995,171,50000000,116112375,7.9114,7.993,6277,en,1032
4584,Разум и чувства,1995,136,16000000,134582776,8.802,7.4,1782,en,1614
5,Четыре комнаты,1995,98,4000000,4257354,2.8183,5.875,2763,en,3110
9273,Эйс Вентура 2: Когда зовёт природа,1995,90,30000000,212385533,8.1011,6.32,4381,en,4489
11517,Денежный поезд,1995,103,68000000,77224232,2.7466,5.9,819,en,52629
8012,Достать коротышку,1995,105,30250000,115101622,3.0751,6.504,1144,en,5174
1710,Имитатор,1995,123,20000000,32000000,3.353,6.472,1179,en,15148
9691,Наёмные убийцы,1995,132,50000000,30303072,3.7257,6.495,1647,en,7187
12665,Пудра,1995,111,9500000,30900000,5.8765,7.0,692,en,56349
451,Покидая Лас-Вегас,1995,111,3600000,49800000,3.4511,7.2,1566,en,6111
16420,Отелло,1995,123,11000000,2800000,2.4123,6.3,148,en,56710
9263,Сейчас и тогда,1995,100,12000000,27400000,1.8058,6.9,462,en,15798
17015,Доводы рассудка,1995,104,1500000,5269757,4.3023,7.114,136,en,7017
902,Город потерянных детей,1995,112,18000000,1738611,2.116,7.248,1167,fr,2419
37557,Шанхайская триада,1995,108,2300000,,2.0164,6.7,102,zh,607
9909,Опасные умы,1995,99,23000000,179519401,4.8317,6.96,1220,en,60295
63,12 обезьян,1995,129,29000000,168841459,5.5064,7.602,8797,en,280
78802,Крылья отваги,1995,50,,,0.5836,6.5,21,fr,2352
9598,Бэйб: Четвероногий малыш,1995,91,30000000,254100000,3.643,6.25,3030,en,58137
47018,Кэррингтон,1995,121,,,2.3667,6.1,67,en,12952
687,Мертвец идет,1995,122,11000000,39363635,2.06,7.32,1434,en,504
139405,Across the Sea of Time,1995,51,,16015639,0.1865,5.2,5,en,77867
33689,Двое: Я и моя тень,1995,101,19474589,19474589,3.3989,6.516,937,en,17167
9603,Бестолковые,1995,97,12000000,56631572,5.6029,7.263,4655,en,57434
34615,Два цвета времени,1995,106,,676525,0.8136,6.7,26,en,16730
31174,Ричард III,1995,104,,2748518,2.4297,6.7,189,en,33315
11443,Мертвые президенты,1995,119,10000000,24100000,1.6101,6.656,311,en,11447
35196,Королевская милость,1995,117,19000000,4005941,0.6641,6.0,126,en,52405
9312,Смертельная битва,1995,101,18000000,122195920,5.2911,5.87,2418,en,4014
577,Умереть во имя,1995,106,20000000,21300000,1.7855,6.6,845,en,5216
11861,Лоскутное Одеяло,1995,116,10000000,41200020,3.0869,6.4,189,en,3047
807,Семь,1995,127,33000000,327311859,15.813,8.378,22345,en,7467
10530,Покахонтас,1995,78,55000000,346079773,6.5524,6.912,5924,en,65530
8391,Когда наступает ночь,1995,94,,,1.8467,6.3,86,en,55439
629,Подозрительные лица,1995,105,6000000,23300000,7.6196,8.173,10999,en,9032
117164,Ангел-хранитель,1994,97,,,2.2131,4.4,17,en,100505
11448,Великая Афродита,1995,95,15000000,26000000,2.8696,6.7,721,en,1243
49133,Lamerica,1994,112,,,1.4347,7.1,62,it,128107
26441,Азбука футбола,1995,100,,,1.697,5.554,193,en,71338
97406,Джорджия,1995,115,,1110974,3.0073,5.7,46,en,140354
124057,Меч короля Артура,1995,89,,,1.1974,4.4,7,en,30586
9089,Домой на праздники,1995,103,20000000,22119269,2.4625,6.2,187,en,1038
11010,Почтальон,1994,109,3000000,33000000,1.2001,7.926,1185,it,28898
99040,Исповедь,1995,100,,,2.2765,6.0,22,fr,38527
11359,Индеец в шкафу,1995,96,45000000,35700000,2.0684,6.5,657,en,7908
17182,Око за око,1996,101,20000000,26877589,1.7127,6.183,442,en,19304
2054,Опус мистера Холланда,1995,143,31000000,106300000,2.011,6.9,435,en,18356
10607,"Не грози южному централу, попивая сок у себя в квартале",1996,89,3800000,20100000,4.8518,7.0,1420,en,45649
19760,Украденные сердца,1996,96,,10658278,1.0726,4.9,97,en,49361
9536,Биосфера,1996,95,8500000,13400000,1.8989,4.518,390,en,57870
11525,Газонокосильщик 2: За пределами киберпространства,1996,92,15000000,2409225,1.5252,3.3,164,en,69721
40628,Четвертак,1995,85,,,1.4359,5.7,63,en,15890
4482,Французский твист,1995,104,,,3.3873,6.1,315,fr,35137
10634,Пятница,1995,91,3500000,28215918,4.5797,7.1,1938,en,37932
755,От заката до рассвета,1996,107,19000000,25800000,4.7546,7.03,6257,en,2294
11859,Честная игра,1995,91,50000000,11500000,1.1129,5.1,322,en,70850
28387,Забыть и вспомнить,1995,96,,718490,1.3159,6.2,228,en,5656
48750,Отверженные,1995,175,,,3.2585,6.7,83,fr,16862
20927,Постель из роз,1996,87,,19030691,0.8778,5.8,120,en,10296
36929,Большие парни,1996,90,15000000,2042530,2.0941,4.6,77,en,58712
9102,Крикуны,1995,108,20000000,5781885,4.0128,6.224,577,en,25735
124626,Nico Icon,1995,70,,,1.4029,7.5,10,en,1080309
27526,Постовой на перекрестке,1995,111,,,1.1853,6.0,278,en,2228
9623,Присяжная,1996,118,44000000,22754725,2.8962,5.661,423,en,18069
46785,Белый шар,1995,85,,,1.047,7.4,99,fa,120229
400,Чем заняться мертвецу в Денвере,1995,115,8000000,529766,1.8599,6.4,412,en,5501
880,Антония,1995,102,900000,,2.6822,6.907,135,nl,13496
146599,Once Upon a Time... When We Were Colored,1996,115,,,1.2669,3.6,5,en,27771
188588,Last Summer in the Hamptons,1995,108,,,0.7824,5.5,4,en,117075
8447,Ангелы и насекомые,1995,118,,,1.1935,6.1,55,en,55038
10534,Белый шквал,1996,129,38000000,10300000,3.1004,6.264,387,en,578
17414,Появляется Данстон,1996,88,16000000,,1.0203,5.378,238,en,29009
13997,Паршивая овца,1996,87,32400000,32000000,1.7552,6.1,438,en,58448
2086,В последний момент,1995,90,33000000,8175346,1.5985,6.2,769,en,12840
61548,Путешествие Августа Кинга,1995,92,,,0.7838,6.7,15,en,72624
9095,Мэри Райли,1996,108,47000000,12379402,2.3061,5.763,331,en,3224
12158,Вампир в Бруклине,1995,102,14000000,19800000,1.4827,5.1,614,en,5140
9283,Красивые девушки,1996,112,16000000,27000000,2.111,6.655,385,en,34849
9208,Сломанная стрела,1996,108,50000000,150300000,3.7107,6.063,1605,en,11401
40154,Зимняя сказка,1995,99,,,1.2129,7.1,42,en,11181
406,Ненависть,1995,98,2600000,15300000,4.0332,8.086,4351,fr,2406
45549,Шоппинг,1994,105,,,2.1306,5.321,56,en,4014
63076,Heidi Fleiss: Hollywood Madam,1995,106,,,0.393,6.6,14,en,92561
11062,Мэрия,1996,111,40000000,33440204,2.5843,5.9,304,en,23213
13685,Бутылочная ракета,1996,92,7000000,1040879,1.6956,6.7,1132,en,5655
47475,Господин Ошибка,1996,96,,,2.0046,3.968,62,en,14692
2045,Незабываемое,1996,112,18000000,,2.1406,5.598,112,en,21053
9614,Счастливчик Гилмор,1996,92,12000000,41422354,4.796,6.675,3168,en,17494
688,Мосты округа Мэдисон,1995,135,24000000,182000000,4.9406,7.709,2287,en,190
11907,Никто меня не любит,1994,104,,,0.7846,6.157,35,de,18969
10874,Остров сокровищ Маппетов,1996,99,31000000,34300000,2.0105,6.7,437,en,65298
89333,Catwalk,1995,95,,,1.5685,7.5,8,en,64077
96357,Headless Body in Topless Bar,1995,110,,,0.5825,3.0,5,en,180597
197,Храброе сердце,1995,178,72000000,213216216,7.9084,7.942,10723,en,2461
103,Таксист,1976,114,1900000,28579636,11.9145,8.132,13009,en,1032
33542,Разборка в Бронксе,1995,91,7500000,76028558,3.0049,6.812,1107,cn,44916
43566,До и после,1996,108,35000000,8797839,1.3577,5.907,205,en,23393
71754,Margaret's Museum,1995,114,,,1.6294,6.346,13,en,184475
43612,Любовь в лугах,1995,106,13365000,,1.7435,6.799,169,fr,20849
51352,Anne Frank Remembered,1995,117,,,1.1595,7.7,23,en,82293
16934,Настольная книга молодого отравителя,1995,99,,,0.3817,6.6,52,en,81020
10324,Если Люси упадет,1996,92,5000000,2420162,1.2158,5.3,59,en,68185
78406,Steal Big Steal Little,1995,113,25000000,6278139,0.6906,4.3,22,en,12989
55731,В погоне за солнцем,1996,100,,,1.5916,5.1,64,en,36147
32119,Мальчики святого Винсента,1994,93,,204540,1.6449,7.2,42,en,60295
11066,Бумеранг,1992,117,40000000,131052444,3.0871,5.6,601,en,68215
11104,Чунгкингский экспресс,1994,102,160000,,4.859,8.0,2063,cn,12453
37975,Фабрика звезд,1995,113,,,0.818,7.1,187,it,65314
2074,Не будите спящую собаку,1996,93,7000000,14702438,1.4694,6.2,261,en,17883
27793,Бесконечная история 3,1994,95,17000000,,1.8736,4.5,411,de,16589
44284,صمت القصور,1994,124,,,1.1801,6.4,23,ar,239321
290157,Jupiter's Wife,1995,87,,,0.0593,7.1,7,en,93632
110972,Журавль в небе,1996,95,,,1.5035,6.6,13,en,122583
32622,Анджела,1996,99,,,1.3612,5.463,27,en,41670
73067,Звезды Фрэнки,1995,101,,,1.8202,5.036,14,en,125543
11863,Нефрит,1995,107,50000000,9851610,2.3391,5.472,284,en,15175
55475,Nueba Yol,1995,102,,,0.2212,4.8,6,es,114997
124636,Sonic Outlaws,1995,87,,,0.1041,7.4,5,en,84445
9101,Убрать перископ,1996,92,,37553585,2.4416,6.4,496,en,12920
123360,From the Journals of Jean Seberg,1995,97,,,0.5105,5.8,6,en,1077999
5757,Man of the Year,1995,86,,209935,0.4229,2.786,7,en,45382
39428,The Neon Bible,1995,92,,,0.9378,6.0,25,en,93911
124639,Target,1995,122,,,1.0072,0.0,0,hi,1080311
9302,Близко к сердцу,1996,119,60000000,100688562,1.8731,6.3,231,en,18250
11000,Клетка для пташек,1996,119,31000000,185300000,2.9782,7.0,1266,en,5342
525153,Cienie,1988,101,,,1.5125,7.6,4,pl,2045994
249882,"Gospa, The Miracle of Medjugorje",1995,125,,,1.219,4.1,8,hr,1285121
16388,Братья МакМаллен,1995,98,25000,19326506,2.875,6.026,98,en,12833
9737,Плохие парни,1995,119,19000000,141407024,5.2585,6.826,6719,en,865
30765,Удивительное приключение панды,1995,84,,7506759,1.8174,5.6,93,en,56828
10474,Дневник баскетболиста,1995,102,2000000,2381087,5.1955,7.4,2115,en,65390
22279,Ужасно большое приключение,1995,113,4000000,851545,1.216,6.541,68,en,10723
30157,Дилетанты,1994,105,,,0.7183,6.2,100,en,91343
568,Аполлон 13,1995,140,52000000,355237933,3.5228,7.5,5687,en,6159
11780,Роб Рой,1995,139,28000000,31600000,1.2647,6.702,682,en,30365
34996,Зависимость,1995,82,,302393,2.4726,6.5,302,en,39104
414,Бэтмен навсегда,1995,121,100000000,336529144,4.182,5.448,5420,en,5572
649,Дневная красавица,1967,101,,,2.3764,7.324,976,fr,793
1873,За пределами Рангуна,1995,100,23000000,14700000,2.4164,6.6,83,en,19665
5894,С унынием в лице,1995,83,2000000,1300000,1.1194,6.5,176,en,39819
1775,Канадский бекон,1995,91,11000000,178104,2.3732,5.7,235,en,17087
20649,Толкачи,1995,128,25000000,13100000,2.1537,6.688,340,en,5281
10329,Конго,1995,109,50000000,152022101,2.0609,5.6,940,en,664
8963,Багровый прилив,1995,123,53000000,157387195,1.9829,7.2,1903,en,893
26564,Крамб,1994,119,,3041083,2.5911,7.5,269,en,17447
8068,Отчаянный,1995,104,7000000,25405445,3.612,6.922,3022,en,2294
8512,Дьявол в голубом платье,1995,102,27000000,16140822,1.6222,6.5,437,en,21712
1572,Крепкий орешек 3: Возмездие,1995,131,90000000,366101666,6.8813,7.274,6426,en,1090
13552,Поколение игры «Doom»,1995,83,800000,284785,1.7527,6.5,295,en,19224
259209,Feast of July,1995,116,,,1.1925,5.545,11,en,68774
6520,Первый рыцарь,1995,134,55000000,127600435,3.6239,6.1,1291,en,3415
9073,Освободите Вилли 2: Новое приключение,1995,95,31000000,30077111,1.9483,5.926,605,en,56998
10428,Хакеры,1995,105,20000000,7563728,4.4907,6.386,1396,en,1978
17447,Jeffrey,1995,92,,3487767,1.7757,6.201,67,en,252806
9886,Джонни Мнемоник,1995,98,25000000,19075720,3.0185,5.76,1456,en,59997
9482,Судья Дредд,1995,95,90000000,113493481,3.5219,5.847,2618,en,33279
19326,Присяжный,1995,88,,17014653,2.1458,4.3,126,en,58316
9344,Детки,1995,91,1500000,20412216,3.8619,6.898,1222,en,51917
9071,Жизнь в забвении,1995,90,500000,1148752,1.5107,7.2,306,en,6400
8973,Повелитель иллюзий,1995,121,,13294594,1.4527,5.952,363,en,31211
15730,Love & Human Remains,1994,100,,,0.8414,5.7,45,en,38516
47608,Дикая любовь,1995,93,,15453274,2.2141,5.2,119,en,42617
2293,Тусовщики из супермаркета,1995,94,6000000,2122561,2.4924,6.8,1319,en,19303
9070,Могучие Морфы: Рейнджеры силы,1995,95,15000000,66433194,2.1736,5.861,740,en,42111
68274,Moonlight and Valentino,1995,100,,2484226,0.9524,5.5,79,en,44847
48787,Немой свидетель,1995,95,,,2.4227,6.4,150,en,58384
34574,Надя,1995,93,,,3.2007,5.5,54,en,54469
1642,Сеть,1995,114,22000000,110627965,3.4214,6.034,1449,en,11472
11472,Девять месяцев,1995,103,35000000,138500000,2.6868,5.707,683,en,10965
36196,Тусовщица,1995,94,150000,472370,1.7639,6.378,86,en,56714
11980,Пророчество,1995,98,8000000,16115878,2.7467,6.5,539,en,28902
58372,Безрассудная,1995,91,,,2.1552,6.4,7,en,26487
32646,Спасение,1995,119,1000000,512558,2.0971,6.949,325,en,16863
10533,Алая буква,1995,135,50000000,10382407,1.5296,6.1,501,en,8965
56088,The Show,1995,93,,2702578,2.9536,6.4,10,en,53177
10802,Шоу-гёлз,1995,131,45000000,20367472,5.9707,5.579,1323,en,10491
10149,Дым,1995,112,7000000,8349430,0.6655,7.2,511,en,39819
18402,Тема для разговора,1995,106,30000000,77300000,1.5651,5.632,247,en,5306
9348,Особь,1995,108,35000000,113400000,3.4881,5.973,1761,en,21370
139408,Счастливые звезды над Генриеттой,1995,109,,,1.0518,6.1,17,en,408
281,Странные дни,1995,145,42000000,7959291,1.51,7.0,1462,en,14392
5967,Шербурские зонтики,1964,92,200000,7600000,3.6756,7.391,851,fr,24882
79593,Неразрывная связь,1995,99,14000000,5830454,0.9521,4.8,26,en,17880
47939,Три желания,1995,115,10000000,7027000,1.4799,6.2,82,en,63713
36834,Полное затмение,1995,111,,339889,3.0363,6.4,542,en,1128
9090,"Вонг Фу, с благодарностью за всё! Джули Ньюмар",1995,109,,47774193,7.7165,7.373,727,en,20237
3512,В осаде 2: Темная территория,1995,100,60000000,104324083,2.7386,5.845,974,en,32277
52856,Сумасшедшие герои,1995,93,,,2.48,5.9,29,en,3092
77350,Unzipped,1995,73,,,1.1304,5.2,18,en,588623
9560,Прогулка в облаках,1995,103,20000000,50012507,3.599,7.359,1090,en,22767
9804,Водный мир,1995,134,175000000,264218220,4.9804,6.229,3906,en,8300
31611,Участь белого человека,1995,85,7000000,9000000,1.221,5.144,84,en,73494
65796,Дикий Билл,1995,98,30000000,2193982,3.2287,5.7,165,en,1723
49805,Версия Браунинга,1994,97,,487391,1.4133,6.439,57,en,6111
26258,Измученные походом,1995,90,,7919823,2.0631,5.3,126,en,17309
50797,Утомлённые солнцем,1994,151,2800000,2616503,1.5531,6.987,193,ru,82796
19155,Перед дождем,1994,113,,763847,1.5132,7.302,174,mk,1364800
76,Перед рассветом,1995,101,2500000,5987386,5.1959,7.972,4490,en,564
11017,Билли Мэдисон,1995,89,10000000,26488734,3.6283,6.2,1733,en,57691
37141,Приходящая няня,1995,90,,,2.6942,5.188,176,en,43468
9382,Парни побоку,1995,115,21000000,23450000,2.0055,6.373,245,en,18378
6715,Лекарство,1995,97,,2568235,3.5335,7.9,336,en,44990
18256,Урод в замке,1996,90,,,2.8715,6.107,233,en,27991
22625,Круг друзей,1995,103,15000000,45000000,0.8028,6.242,94,en,19969
2292,Клерки,1994,91,27575,3151130,4.4704,7.385,2647,en,19303
1909,Дон Жуан де Марко,1994,97,25000000,68792531,2.0074,6.727,776,en,25210
8984,Разоблачение,1994,128,55000000,214015089,3.527,6.3,1230,en,8246
61813,Dream Man,1995,94,,,2.1003,3.214,7,en,225065
4954,Зона высадки,1994,101,45000000,62000000,2.776,5.7,435,en,12840
62488,Дестини включает радио,1995,103,,1200000,0.8491,4.957,46,en,58154
10531,Смерть и девушка,1994,103,12000000,8003716,1.6459,7.1,532,en,3556
11929,Долорес Клэйборн,1995,132,13000000,46400000,1.3557,7.3,833,en,18596
8467,Тупой и еще тупее,1994,107,16000000,247275374,8.1339,6.64,6471,en,7396
10451,"Ешь, пей, мужчина, женщина",1994,124,,24194403,2.5988,7.6,379,zh,1614
20156,Экзотика,1994,104,2000000,4221036,2.4904,6.6,374,en,56205
18395,Выход к Раю,1994,114,27500000,6800000,1.4716,4.1,95,en,1201
522,Эд Вуд,1994,127,18000000,5900000,2.8367,7.5,2433,en,510
397,Французский поцелуй,1995,111,,101982854,3.8307,6.5,767,en,8844
10525,Забыть Париж,1995,101,,33177694,1.8054,6.3,159,en,7904
27985,Far from Home: The Adventures of Yellow Dog,1995,81,,,1.3713,6.151,93,en,148119
15789,Каникулы Гуфи,1995,78,18000000,35348597,3.0111,7.0,1858,en,15775
27303,Убежище,1995,106,15000000,12201255,0.6735,5.2,167,en,57090
21183,Флюк,1995,96,15000000,4000000,2.454,7.099,273,en,87695
10954,Фаринелли-кастрат,1994,111,,,2.4341,6.6,180,fr,67794
47867,Gordy,1995,90,,3992809,2.4135,5.3,32,en,548480
43475,Gumby: The Movie,1995,77,2800000,57100,0.7191,5.5,17,en,129534
72031,Стеклянный щит,1994,109,5000000,3291163,1.6588,5.022,46,en,97755
14275,Баскетбольные мечты,1994,174,700000,7830611,2.6253,7.6,319,en,122449
1024,Небесные создания,1994,109,5000000,3049135,3.619,6.97,988,en,108
17207,Гость дома,1995,109,10500000,26300000,1.2412,5.441,76,en,77121
13701,Бессмертная возлюбленная,1994,121,120,,2.7847,7.079,357,en,57851
14819,Толстопузы,1995,97,10000000,17700000,3.3227,6.2,399,en,32593
32631,Преследуемый,1995,111,15000000,6600000,3.149,5.7,118,en,1203
11777,Коэффициент интеллекта,1994,100,25000000,26381221,2.3418,6.018,475,en,64061
628,Интервью с вампиром,1994,123,60000000,223664608,5.9108,7.381,6198,en,17016
87729,Джефферсон в Париже,1995,139,14000000,2474000,1.3936,5.033,45,en,54441
18713,The Jerky Boys,1995,82,,,0.7759,4.152,33,en,73668
6280,Джуниор,1994,110,60000000,108400000,4.029,5.19,1582,en,8858
9061,Правое дело,1995,98,,36853222,2.482,6.2,598,en,56872
37108,Первый рыцарь при дворце короля Артура,1995,89,,,1.6744,4.965,188,en,62043
6071,Поцелуй смерти,1995,101,40000000,14942422,1.4499,5.681,345,en,23393
11,Звёздные войны: Эпизод 4 - Новая надежда,1977,121,11000000,775398007,12.5529,8.204,21698,en,1
9587,Маленькие женщины,1994,119,18000000,94983123,4.3164,7.279,1293,en,58094
19101,Маленькая принцесса,1995,97,17000000,10000000,2.4717,7.617,1014,en,11218
49980,"Божья коровка, улети на небо",1994,101,,,2.5575,7.203,101,en,15488
17961,Ад,1994,102,10000000,39003,4.3188,6.8,261,fr,19069
18183,Как вода для шоколада,1992,105,2000000,21744201,2.6896,7.278,540,es,22767
4476,Легенды осени,1994,133,30000000,160638883,4.9597,7.383,2753,en,9181
11008,Майор Пэйн,1995,95,,30112050,4.0061,6.451,854,en,14692
47504,Маленькая Одесса,1994,98,,,1.4059,6.4,221,en,20561
32325,Моя безумная жизнь,1994,92,,3267313,1.2959,6.6,35,en,3110
43742,Любовный роман,1994,108,60000000,18300000,1.8128,5.4,60,en,58463
28313,Дело Исайи,1995,106,17000000,7603766,2.0447,6.471,103,en,15912
11318,Безумие короля Георга,1994,107,,15238994,1.4586,6.8,249,en,55476
3036,Франкенштейн,1994,123,45000000,112000000,4.2866,6.439,1316,en,11181
40490,Кто в доме хозяин,1995,96,,,1.5986,5.38,183,en,27444
24070,Совершенно чокнутый,1994,97,15000000,,2.6463,5.3,213,en,9248
8986,Карманные деньги,1994,110,,18137661,3.8773,6.391,299,en,24318
10510,Чудо на 34-й улице,1994,114,,46264384,8.1046,6.745,1100,en,56911
17402,Рапсодия Майями,1995,95,,5,1.8853,5.2,58,en,5065
38722,Моя семья,1995,128,5500000,11079373,2.5797,7.444,81,en,16395
8438,Убийство первой степени,1995,122,20000000,29500000,2.3449,7.1,591,en,54971
11593,Дураков нет,1994,110,20000000,39491975,1.9666,6.8,326,en,6729
1945,Нелл,1994,112,31000000,106683817,2.5177,6.6,533,en,10781
39310,Дела в Нью-Джерси,1995,98,5000000,,1.0983,6.244,45,en,17278
109560,New York Undercover Cop,1993,88,,,1.168,2.813,9,en,129957
56428,Большой бедлам,1994,89,4800000,,0.1883,4.6,9,en,70905
63105,Немезида 2: Невидимка,1995,83,,,1.4346,4.18,50,en,63937
131957,Nina Takes a Lover,1995,100,,,1.1487,5.393,14,en,131792
241,Прирожденные убийцы,1994,118,34000000,50283563,3.6355,7.053,3633,en,1152
9058,Только Ты,1994,115,,20059210,3.7093,6.7,548,en,13563
527,Когда-то были воинами,1994,102,950000,6700000,1.9964,7.374,461,en,7256
6950,Эпидемия,1995,129,50000000,189900000,2.66,6.6,2392,en,5231
101,Леон,1994,133,16000000,45284974,8.4305,8.299,15593,fr,59
63020,Семья Перес,1995,113,11000000,2832826,0.908,6.05,40,en,6495
2307,Пироманьяк: История любви,1995,94,,345972,0.8479,5.1,15,en,23757
680,Криминальное чтиво,1994,154,8000000,213928762,16.3181,8.488,29355,en,138
41478,Пантера,1995,124,,6834525,1.8597,6.2,42,en,16214
25296,推手,1991,105,400000,152322,1.5801,7.296,81,zh,1614
40156,Священник,1995,98,,4176932,3.1471,6.3,143,en,42617
11450,Телевикторина,1994,133,31000000,24822619,3.3921,7.26,950,en,4135
30304,Невеста по фотографии,1995,94,,,2.0278,6.4,24,en,994323
10452,Королева Марго,1994,138,,1318578,1.9838,7.2,401,fr,23724
12106,Быстрый и мертвый,1995,108,35000000,47000000,2.9114,6.539,1870,en,7623
161495,Соседи по комнате,1995,108,22000000,12400000,1.8809,5.7,29,en,12804
3586,Высокая мода,1994,133,15000000,11300653,1.336,5.2,222,en,9789
110,Три цвета: Красный,1994,99,,4127033,2.2724,7.9,1498,fr,1126
108,Три цвета: Синий,1993,98,,1527572,2.6833,7.6,1815,fr,1126
109,Три цвета: Белый,1994,91,,1273525,3.2443,7.4,1277,fr,1126
159185,炮打双灯,1994,111,,,0.3209,6.1,11,zh,77305
36357,Возьми ребёнка напрокат,1995,85,,,1.4924,5.576,72,en,45642
92769,Страх,1995,90,,,0.7036,4.3,6,en,133793
28033,Stuart Saves His Family,1995,95,6300000,912082,0.9609,5.2,25,en,1524
22586,Принцесса Лебедь,1994,90,20000000,9771658,2.5505,6.571,981,en,107274
14334,Тайна острова Роан-Иниш,1994,103,5700000,6160000,1.5182,6.7,92,en,102445
2636,Специалист,1994,110,45000000,170362582,6.8147,5.94,1379,en,26648
2164,Звёздные врата,1994,128,55000000,196567262,4.9264,7.011,3634,en,6046
11395,Санта-Клаус,1994,93,22000000,189833357,8.8745,6.513,2186,en,58072
278,Побег из Шоушенка,1994,142,25000000,28341469,21.1826,8.713,29327,en,4027
9905,Неглубокая могила,1994,93,2500000,19779614,0.822,7.0,1084,en,2034
87078,Suture,1993,96,,102780,1.7865,6.4,39,en,101444
12527,Клубника и шоколад,1993,108,,2087569,0.7338,7.037,81,es,72646
20306,Среди акул,1994,93,700000,382928,0.9953,6.6,328,en,57028
36614,Чего мы стоим в жизни,1994,100,,,1.0421,6.736,72,en,72629
27993,Большое путешествие,1995,91,,,1.0624,5.4,99,en,64030
31439,Жить,1994,133,,,2.8812,8.069,350,zh,607
9067,Танкистка,1995,104,25000000,4064495,4.4998,5.4,549,en,56891
9059,Байки из склепа: Демон ночи,1995,91,13000000,21089146,2.3065,6.9,531,en,15521
193,Звёздный путь 7: Поколения,1994,118,38000000,118071125,1.5909,6.51,1416,en,2380
25066,Истории квартала,1995,98,6000000,12000000,1.1995,6.26,179,en,141825
46797,Том и Вив,1994,115,,,1.651,6.1,32,en,58080
12122,Деревня проклятых,1995,98,22000000,9418365,1.6039,6.1,880,en,11770
11381,Увалень Томми,1995,98,20000000,32648673,1.7593,6.803,1012,en,13426
32636,Ваня с 42-й улицы,1994,120,,1746050,1.7005,6.517,88,en,15389
36141,Там внутри,1995,99,6500000,,0.4991,5.6,85,en,1884
95963,The Walking Dead,1995,88,,6014541,0.8455,5.793,29,en,76705
1587,Что гложет Гилберта Грейпа?,1993,118,11000000,10000000,4.4004,7.662,4139,en,5306
9271,Виртуозность,1995,106,30000000,24048000,1.6412,5.51,577,en,57090
2064,Пока ты спал,1995,103,17000000,182100000,5.8207,7.0,1917,en,12962
19855,Война,1994,126,,16,0.8429,6.6,213,en,18250
60855,Double Happiness,1994,87,,759393,2.3538,6.265,17,en,1230367
236,Свадьба Мюриэл,1994,106,3000000,15119639,1.8003,6.824,477,en,3045
48287,Весёлые няньки,1995,94,,,1.2716,5.351,97,en,83313
3049,Эйс Вентура: Розыск домашних животных,1994,86,15000000,107217396,4.8277,6.568,6133,en,4499
2759,"Приключения Присциллы, королевы пустыни",1994,102,2000000,29700000,2.865,7.3,874,en,27889
12635,Битлз: Четыре плюс один (Пятый в квартете),1994,100,,,2.0063,6.1,107,en,1978
10497,Горькая луна,1992,139,5000000,1862805,3.4996,7.1,814,en,3556
11382,Пули над Бродвеем,1994,98,20000000,37483747,0.9341,7.078,647,en,1243
9331,Прямая и явная угроза,1994,141,62000000,215887717,2.3593,6.6,1604,en,13015
10731,Клиент,1994,119,45000000,117615211,4.1776,6.697,1287,en,5572
10464,"Коррина, Коррина",1994,115,12500000,20100000,2.3407,6.7,438,en,16853
34152,Круклин,1994,114,14000000,,2.0491,6.8,154,en,5281
9495,Ворон,1994,102,23000000,93722164,4.2927,7.519,4355,en,21085
29973,Кобб,1994,128,25500000,1007583,3.0345,5.9,92,en,4037
888,Флинтстоуны,1994,91,46000000,341631208,3.3626,5.362,2546,en,13581
13,Форрест Гамп,1994,142,55000000,677387716,14.9747,8.463,28915,en,24
712,Четыре свадьбы и одни похороны,1994,117,4400000,245700832,3.5943,6.772,2873,en,10723
16295,Высшее образование,1995,127,20000000,38300000,2.9315,6.307,231,en,6482
48992,I Like It Like That,1994,104,,1777020,1.0456,6.2,20,en,81727
10879,Я люблю неприятности,1994,123,45000000,61947267,1.3278,5.5,221,en,56106
10660,Счастливый случай,1994,101,20000000,37939757,3.4937,6.706,875,en,41550
10714,Книга джунглей,1994,111,27000000,53508356,2.2138,6.0,483,en,7775
41647,Прекрасная и ужасная жизнь Лени Рифеншталь,1993,188,,449707,0.3955,7.103,30,de,226963
8587,Король Лев,1994,89,45000000,763455561,10.4288,8.3,19179,en,15812
1689,Маленький Будда,1993,141,35000000,4900000,3.3287,6.27,432,en,4956
11596,Кошмар на улице Вязов 7: Новый кошмар,1994,112,8000000,19721741,2.3145,6.464,1520,en,5140
854,Маска,1994,101,23000000,351583407,8.9596,6.973,10862,en,26713
9359,Мэверик,1994,127,75000000,183031272,4.3185,6.886,1689,en,7187
23333,Миссис Паркер и порочный круг,1994,125,,,1.2484,5.8,56,en,72427
36593,Голый пистолет 33⅓: Последний выпад,1994,83,30000000,132032598,4.2136,6.5,2361,en,13426
12280,Газета,1994,112,6000000,48400000,2.1382,6.6,225,en,6159
2788,Реальность кусается,1994,98,11500000,33351557,1.1885,6.564,770,en,7399
10427,Придорожное заведение,1993,98,8000000,2500000,1.6062,6.7,376,en,21053
11011,Богатенький Ричи,1994,95,40000000,38087756,8.9007,5.942,2355,en,18281
49803,Safe Passage,1994,98,,,3.7646,5.833,21,en,83588
8987,Дикая река,1994,111,45000000,94216343,1.8925,6.442,926,en,323
1637,Скорость,1994,116,30000000,350448145,4.3063,7.145,6577,en,2209
15128,Без слов,1994,99,38000000,25067959,1.9646,5.9,102,en,33485
8831,Патруль времени,1994,98,28000000,128953581,1.567,6.013,1249,en,37710
36955,Правдивая ложь,1994,135,115000000,378900000,4.6241,7.082,4374,en,2710
10449,Когда мужчина любит женщину,1994,126,,50021959,1.2334,6.6,370,en,46085
10395,Волк,1994,125,70000000,131002597,2.843,6.1,973,en,5342
12160,Уайатт Эрп,1994,191,63000000,25100000,3.6738,6.8,894,en,8844
40480,Плохая компания,1995,108,,,1.634,4.9,69,en,42301
52038,A Man of No Importance,1994,99,,934550,1.4677,6.0,19,en,158634
29444,Японский городовой,1995,96,,,1.0886,6.0,109,en,72125
26352,Пропавшие Миллионы,1994,100,10000000,29392418,1.4606,5.603,116,en,35689
39953,Boys Life,1994,91,,,2.7034,4.615,13,en,1087439
41580,Полковник Шабер,1994,110,,,1.0129,6.449,69,fr,234793
315,"Быстрая Кошечка! Убей, Убей!",1965,83,45000,36122,1.2305,6.3,351,en,4590
22067,Узы братства,1994,119,7000000,20851521,0.4382,6.745,55,en,67896
18242,The Secret Adventures of Tom Thumb,1993,61,,,0.2181,6.5,36,en,80537
11667,Уличный боец,1994,102,35000000,99423521,4.0534,4.7,1563,en,1726
32502,Хладнокровный,1995,92,,,1.9695,6.2,64,en,486
267188,Ветры пустыни,1994,96,,,2.158,3.667,3,en,126837
28732,Время падения,1995,88,4000000,,2.6143,4.667,28,en,1142481
75555,Страх,1995,102,,,3.6219,3.872,39,en,532207
42981,Frank and Ollie,1995,89,,,0.5523,7.4,39,en,129216
278939,Girl in the Cadillac,1995,89,,,0.6129,4.222,9,en,1382436
291731,Homage,1995,97,,,0.2403,4.25,8,en,1385254
226229,Mirage,1995,92,,,2.5275,3.0,6,en,220152
203119,Open Season,1995,97,,,1.9341,4.2,5,en,4040
172923,Dos crímenes,1995,108,,,0.0801,4.727,11,es,16401
2654,В пасти безумия,1995,95,8000000,8946600,2.1299,7.2,1809,en,11770
18069,8 секунд,1994,105,7000000,19623396,3.3585,7.143,105,en,16513
19092,Над кольцом,1994,96,,,1.7743,6.971,210,en,88060
46094,Непобедимый дикарь,1994,107,17000000,21011500,1.9138,6.137,157,en,12988
9409,Слежка 2: Снова в засаде,1993,109,30000000,30008496,1.4168,5.418,239,en,12840
11853,Плохие девчонки,1994,99,,15240435,1.635,5.4,254,en,42171
16771,Барселона,1994,100,3200000,,2.6722,6.2,86,en,78188
46924,Быть человеком,1994,122,40000000,5000000,2.3135,5.1,61,en,68687
11041,Деревенщина из Беверли-Хиллз,1993,92,25000000,57405220,2.8694,6.31,569,en,58448
306,Полицейский из Беверли-Хиллз 3,1994,104,50000000,119208989,2.5697,5.88,2031,en,4610
14522,Черный красавец,1994,88,,,13.5362,6.7,342,en,1901
26203,Мгновение ока,1993,106,11000000,16668552,0.5965,6.1,191,en,10781
178,Подрывники,1994,121,28000000,30156002,1.9449,6.2,591,en,2042
19819,Азартная игра,1994,108,35000000,26000000,2.4888,6.082,195,en,15175
57834,Голубое небо,1994,101,,,2.3509,6.1,146,en,32765
4722,Похитители тел,1993,87,13000000,428868,2.0079,6.139,447,en,39104
18215,Елена в ящике,1993,100,,1800000,2.025,5.031,239,en,14800
1607,Бронкская история,1993,121,22000000,17287898,8.4979,7.875,2704,en,380
26391,Юнга,1994,80,,3662459,2.0456,5.1,108,en,57107
117553,Девушка из календаря,1993,90,13000000,2600000,1.4329,5.136,66,en,61175
6075,Путь Карлито,1993,144,30000000,63848322,4.6491,7.8,3344,en,1150
11310,Городские пижоны 2: Легенда о золоте Кёрли,1994,116,40000000,72000000,1.7233,5.3,329,en,66548
18658,Стёрлось из памяти,1994,107,,7355425,0.6789,5.8,72,en,8843
9350,Скалолаз,1993,113,70000000,255000211,4.1252,6.522,2520,en,16938
9612,Яйцеголовые,1993,87,33000000,21274717,3.9624,5.461,987,en,18308
2124,Цвет ночи,1994,144,40000000,19700000,3.3732,5.747,607,en,21806
26261,Отвали!,1994,93,20000000,11391093,2.5844,5.097,124,en,12964
19176,У ковбоев так принято,1994,102,,,1.4902,5.66,162,en,27236
49299,Опасные игры,1993,108,10000000,1261210,2.573,5.72,83,en,39104
11566,Дэйв,1993,110,28000000,92000000,1.0573,6.7,800,en,8858
9571,Под кайфом и в смятении,1993,102,6900000,8259076,2.527,7.317,2176,en,564
9739,Разрушитель,1993,115,57000000,159055768,4.9055,6.75,3936,en,58838
24257,The Endless Summer II,1994,109,,2155385,1.171,7.5,25,en,86
34444,Даже девушки-ковбои иногда грустят,1994,96,8000000,,1.3609,4.383,133,en,5216
26141,Фатальный инстинкт,1993,90,,,2.533,5.4,160,en,1895
10997,"Прощай, моя наложница",1993,171,4000000,6400000,4.0273,8.0,640,zh,20640
50463,Услуга,1994,97,13000000,3134081,2.2196,4.8,53,en,18281
10443,Бесстрашный,1993,122,20000000,6995302,2.8251,6.888,325,en,2690
20239,Fear of a Black Hat,1994,88,1000000,233824,1.1285,5.9,48,en,141825
16297,С почестями,1994,103,,20016254,2.6756,6.754,220,en,50949
18551,Плоть от плоти,1993,126,,9709451,1.019,6.0,99,en,10967
25440,Вдовья гора,1994,101,,,2.8749,6.3,19,en,17784
9024,Консьерж,1993,94,30000000,11146270,2.1662,6.189,379,en,5174
37233,Фирма,1993,154,42000000,270248367,3.6039,6.731,2196,en,2226
1634,Освободите Вилли,1993,112,20000000,153698625,3.7548,6.181,1892,en,18254
13815,Дерзкий,1994,114,3500000,8094616,2.379,7.2,225,en,52358
5503,Беглец,1993,130,44000000,183875799,6.093,7.467,4579,en,12989
35588,Джеронимо: Американская легенда,1993,115,35000000,18635620,2.0137,6.272,275,en,1723
2087,Побег,1994,115,,30057974,1.7907,5.8,372,en,21370
41579,Как справиться с отцом,1994,109,30000000,53769594,1.314,5.3,211,en,26502
18620,Go Fish,1994,83,15000,2405285,2.0974,4.9,37,en,172993
41006,Хороший человек в Африке,1994,94,,,1.1019,4.857,42,en,5696
4916,Виновен вне подозрений,1993,107,12000000,22866222,0.8674,5.649,141,en,39996
2019,Трудная мишень,1993,97,18000000,74189677,5.7212,6.5,1288,en,11401
31642,Небо и земля,1993,140,33000000,5900000,2.949,6.7,269,en,1152
9255,Горячие головы 2,1993,86,25000000,133752825,2.3331,6.541,1968,en,12936
26271,Мальчишник наоборот,1995,95,,,0.616,4.514,37,en,94996
10612,"Англичанин, который поднялся на холм, но спустился с горы",1995,99,,,1.8255,6.31,311,en,65859
2259,Дом духов,1993,145,25000000,6265311,2.4416,6.9,715,en,19684
16097,House Party 3,1994,94,,,1.3058,5.1,56,en,77733
11934,Подручный Хадсакера,1994,106,25000000,2800000,2.1339,7.1,1130,en,1223
106143,I'll Do Anything,1994,115,40000000,,1.4442,5.5,54,en,3388
12475,Армейские приключения,1994,92,,28881266,1.1214,5.077,221,en,774
9386,На линии огня,1993,128,40000000,177000000,2.8326,6.959,1713,en,5231
7984,Во имя отца,1993,133,13000000,65796862,2.797,7.896,1870,en,53334
59930,The Inkwell,1994,110,,8880705,1.3415,5.265,17,en,230059
15765,На что способна любовь,1993,117,15000000,39100000,1.5305,7.0,343,en,18069
31643,Джимми-Голливуд,1994,112,30000000,3800000,2.4999,5.2,67,en,8246
6,Ночь страшного суда,1993,105,21000000,12136938,1.2002,6.5,363,en,2042
329,Парк юрского периода,1993,127,63000000,920100000,6.2629,7.963,17293,en,488
10909,Калифорния,1993,118,9000000,2395231,1.6091,6.6,830,en,58498
507,Убить Зои,1993,96,1500000,418961,3.0243,6.196,358,en,8297
34024,Царь горы,1993,103,8000000,1214231,1.3499,6.791,165,en,1884
29918,Лэсси,1994,94,,9994609,2.5857,6.1,211,en,40549
9593,Последний киногерой,1993,130,85000000,137300000,3.6417,6.5,2875,en,1090
42580,Жизнь с Майки,1993,91,2000000,12440858,1.3564,5.7,150,en,90037
22317,Джек – молния,1994,98,,,1.4149,5.6,135,en,18254
1413,М. Баттерфляй,1993,101,17000000,1499795,2.5764,6.6,235,en,224
12121,Сделано в Америке,1993,111,22000000,104942695,1.3177,5.504,380,en,24318
2246,Готова на всё,1993,107,20000000,46405336,2.9823,6.262,492,en,23213
10502,Человек без лица,1993,114,20000000,36560338,1.2379,6.5,541,en,2461
10440,Загадочное убийство в Манхэттэне,1993,104,13500000,11285588,1.5169,7.253,1145,en,1243
9516,Угроза для общества,1993,97,3500000,27900000,2.6809,7.501,840,en,11447
2320,Приказано уничтожить,1996,132,55000000,121969216,3.1753,6.3,991,en,2523
5879,Империя чувств,1976,105,,,8.0354,6.6,691,ja,46230
83718,Что случилось тогда...,1994,91,,,0.7529,7.0,42,en,119232
11971,Много шума из ничего,1993,111,11000000,22600000,2.8034,6.939,773,en,11181
2625,Мистер Джонс,1993,114,,,2.4088,5.736,165,en,6111
31911,Мистер Прекрасный,1993,98,,3125424,1.8859,5.531,48,en,2239
788,Миссис Даутфайр,1993,125,25000000,441286195,10.6188,7.192,6401,en,10965
21450,Обнаженная,1993,132,,1769305,3.6604,7.243,630,en,65452
11231,Еще один малыш-каратист,1994,107,12000000,15876353,2.8345,5.391,1116,en,56828
41588,The New Age,1994,112,,,1.1224,5.4,32,en,16939
10447,Побег невозможен,1994,118,20000000,15340000,2.5261,6.3,458,en,10702
31586,Норт,1994,87,40000000,7182747,2.8392,5.0,269,en,3026
9300,Орландо,1992,90,4000000,5377643,1.8634,6.89,358,en,57206
9559,Совершенный мир,1993,138,30000000,135100000,2.368,7.485,1772,en,190
9800,Филадельфия,1993,126,26000000,206678440,2.9554,7.714,4470,en,16294
713,Пианино,1993,121,7000000,40200000,3.6425,7.381,1597,en,10757
8291,Поэтичная Джастис,1993,109,14000000,27515786,3.6909,6.799,268,en,6482
18133,Программа,1993,112,,23042200,2.7272,6.4,100,en,12920
25557,Кукловоды,1994,109,15000000,8600000,1.1962,5.8,194,en,29482
22588,Убийства на радио,1994,108,,,0.5695,5.9,55,en,141450
10872,"Осторожно, заложник",1994,93,11000000,11400000,4.1225,6.5,358,en,34849
1245,На исходе дня,1993,134,11500000,23240144,2.2304,7.362,1424,en,54441
11858,Человек эпохи Возрождения,1994,128,40000000,24332324,2.6089,6.1,306,en,14911
7007,Восходящее солнце,1993,125,40000000,107198790,3.0056,6.139,807,en,648
10467,Дорога на Вэлвилл,1994,118,25000000,26000000,1.5306,5.6,184,en,9168
5550,Робокоп 3,1993,104,22000000,10696210,2.3312,4.902,1384,en,44056
8005,Робин Гуд: Мужчины в трико,1993,104,20000000,35739755,3.3228,6.591,2182,en,14639
2088,Ромео истекает кровью,1993,100,11500000,3275585,1.9169,6.3,201,en,21377
10412,Скины,1992,93,1600000,3300000,2.8593,6.5,541,en,65026
47889,Руби в раю,1993,114,800000,1001437,1.0371,5.9,36,en,138322
14534,Руди,1993,114,12000000,22800000,2.0721,7.3,721,en,44847
56583,Святой из форта Вашингтон,1993,99,,,1.314,6.6,40,en,15858
41878,Дикие ночи,1992,127,,,0.8307,6.4,78,fr,127283
424,Список Шиндлера,1993,195,22000000,321365567,9.8381,8.566,16893,en,488
35233,Разведчик,1994,101,20000000,2694234,1.9158,5.194,116,en,12964
14291,Выбор игры,1993,109,12000000,7266383,1.5215,7.071,611,en,2260
103413,Second Best,1994,105,,86115,2.0429,6.7,39,en,8969
11236,Таинственный сад,1993,101,18000000,40000000,2.7563,7.422,949,en,1128
11592,Мамочка-маньячка,1994,95,13000000,7820688,2.6567,6.745,739,en,10367
8850,Тень,1994,108,25000000,48063465,5.614,6.068,548,en,52968
10445,Страна теней,1993,131,22000000,25842000,3.3797,6.879,293,en,4786
695,Короткий монтаж,1993,188,12000000,6110979,3.0024,7.2,649,en,9789
43535,Поворот судьбы,1994,106,,,1.3944,6.1,117,en,33405
12519,Сирены,1994,94,,7770731,2.7681,5.6,162,en,72624
23210,Шесть степеней отчуждения,1993,111,15000000,6284090,1.2921,6.424,350,en,64061
858,Неспящие в Сиэттле,1993,105,21000000,227799884,4.0741,6.742,2489,en,9248
867,Щепка,1993,107,40000000,116300000,3.7832,5.55,769,en,13015
78,Бегущий по лезвию,1982,117,28000000,41722424,8.063,7.943,14518,en,578
13203,Зятек,1993,95,,36448200,2.0263,6.0,296,en,54590
10442,Я женился на убийце с топором,1993,93,20000000,11585483,1.0359,6.1,455,en,15106
11074,На расстоянии удара,1993,102,,,1.5648,5.847,864,en,63943
9607,Супер Братья Марио,1993,104,48000000,20915465,2.3533,4.463,1387,en,58164
17585,Игра на выживание,1994,96,7400000,7690013,1.091,6.1,212,en,15521
9057,Скорость падения,1994,102,50000000,16478900,2.4571,5.3,276,en,45645
20967,Thirty Two Short Films About Glenn Gould,1993,93,,,0.9734,7.022,46,en,78012
10635,Трое,1994,93,,14815317,1.1031,6.4,236,en,41549
9479,Кошмар перед Рождеством,1993,76,18000000,75634409,13.8085,7.835,10031,en,57646
10057,Три мушкетера,1993,105,30000000,111898845,4.6352,6.403,1010,en,18356
11969,Тумстоун: Легенда дикого запада,1993,130,25000000,73205065,4.6552,7.577,2324,en,16566
41590,Суд присяжных,1994,107,,,1.2601,5.306,49,en,53387
319,Настоящая любовь,1993,121,12500000,12600000,3.3273,7.542,2918,en,893
26408,The War Room,1993,96,,901668,1.0226,6.9,66,en,115891
15139,Повелитель страниц,1994,75,27000000,13670688,3.5695,6.4,766,en,4945
161158,"Париж, Франция",1994,112,,,2.4383,4.4,10,en,1212571
218473,Египетские бобы,1994,99,,,0.8514,5.0,2,en,70241
85247,Киллер,1994,95,,,2.2955,4.5,14,en,85547
11446,Добро пожаловать в кукольный дом,1996,88,800000,5034794,0.9889,7.086,475,en,66605
51980,Жерминаль,1993,160,,,3.3841,6.7,336,fr,20718
24405,Конвоиры,1994,101,15000000,1596687,4.2318,5.4,162,en,2778
11655,Хронос,1993,92,,,2.069,6.7,720,es,10828
11800,Naked in New York,1993,95,5000000,1038959,1.1037,4.381,21,en,69696
8223,Кика,1993,117,,2019069,3.4944,6.4,306,es,309
14587,Bhaji on the Beach,1993,100,,,1.1169,5.2,28,en,6220
31504,Little Big League,1994,119,,,0.9679,5.9,108,en,3030
41653,Рогатка,1993,102,,308368,4.0428,5.974,38,sv,91565
53185,Wide-Eyed and Legless,1993,102,,,0.2238,6.0,1,en,33315
95743,Foreign Student,1994,90,,,2.2531,3.8,5,en,1006705
23637,"Я надеюсь, что выкарабкаюсь",1992,93,,,0.788,7.2,396,it,26265
17600,Раскрепощение,1994,100,200000,,1.5966,5.639,79,en,17883
10897,Маленькие негодяи,1994,82,,67308282,4.8712,6.794,1280,en,58448
349394,Fausto,1993,82,,,2.9896,4.45,10,fr,1354907
21352,Андре,1994,95,,,0.9075,5.364,118,en,1174031
68806,Охрана,1993,96,,,2.1369,6.467,45,it,105114
37345,Princess Caraboo,1994,97,,3021629,2.2755,5.4,26,en,67756
32562,Целлулоидный шкаф,1996,102,,1400591,1.2489,7.1,109,en,109402
47507,Метиска,1993,90,,,1.636,5.936,39,fr,2406
25403,Дорогой дневник,1993,101,,,2.6436,7.33,500,it,69488
124304,De eso no se habla,1993,106,,249530,1.2258,6.0,8,es,1066960
9066,The Brady Bunch Movie,1995,89,12000000,46576136,1.3708,6.083,301,en,31024
771,Один дома,1990,103,18000000,476684675,2.8948,7.451,12026,en,10965
251,Привидение,1990,127,22000000,505000000,5.7855,7.2,5817,en,3415
812,Аладдин,1992,95,28000000,504050219,9.2068,7.654,11700,en,15811
280,Терминатор 2: Судный день,1991,137,102000000,520000000,10.6586,8.135,13732,en,2710
581,Танцующий с волками,1990,181,22000000,424208848,6.1113,7.839,4514,en,1269
80350,Крутой и смертоносный,1995,92,,,1.1123,5.5,22,en,171042
268,Бэтмен,1989,126,35000000,411348924,5.8914,7.237,8287,en,510
274,Молчание ягнят,1991,118,19000000,272742922,2.4637,8.3,17312,en,16294
408,Белоснежка и Семь Гномов,1938,83,1488423,184925486,5.9506,7.124,7803,en,5446
10020,Красавица и Чудовище,1991,84,25000000,424967620,11.7463,7.729,10390,en,62047
10895,Пиноккио,1940,88,2600000,164000000,4.7023,7.1,6108,en,11429
114,Красотка,1990,119,14000000,463406268,8.2924,7.461,8705,en,1201
41043,Окно в Париж,1993,120,,,0.1773,6.241,28,ru,125340
576,Дикая банда,1969,134,6244087,638641,2.5736,7.605,1277,en,7767
15477,Любовь и 45 калибр,1994,101,,,1.6098,5.693,70,en,78258
59146,五魁,1994,113,,,1.0674,6.9,6,zh,134026
124472,Великий день в Гарлеме,1994,60,,527034,0.6279,6.2,9,en,1080040
30528,Bye Bye Love,1995,106,,,0.9982,5.9,74,en,54967
7300,Один прекрасный день,1996,108,,97529550,1.6909,6.4,700,en,52405
10824,Кэндимэн 2: Прощание с плотью,1995,95,,13940383,1.1623,5.44,399,en,15557
261246,Столетие,1993,112,,7271,1.847,4.9,7,en,116607
275,Фарго,1996,98,7000000,60611975,10.1463,7.85,8705,en,1223
25059,Дорога домой 2: Затерянные в Сан-Франциско,1996,89,,32709423,3.2202,6.601,519,en,4755
11827,Тяжёлый металл,1981,86,9300000,20118654,1.7372,6.509,755,en,70616
8766,Восставший из ада 4: Кровное родство,1996,85,4000000,16675000,2.3896,5.316,582,en,55948
23570,Чужие похороны,1996,97,8000000,5656388,2.3344,4.931,127,en,32278
47333,Джейн Эйр,1996,112,,5200601,2.8798,6.9,238,en,24657
54850,Loaded,1994,91,500000,,1.9385,3.727,11,en,75474
51242,Хлеб и шоколад,1974,115,,,0.9393,7.2,96,it,49552
10112,Коты-аристократы,1970,78,4000000,191000000,4.4346,7.294,5256,en,57314
4307,Цветок моей тайны,1995,106,4500000,19000000,1.0418,6.8,245,es,309
46029,Двое – это слишком,1995,118,24000000,1141556,2.5239,5.4,160,en,37526
32308,Эд,1996,94,24000000,4400000,2.3688,4.113,133,en,116103
88893,Крик камня,1991,105,,,0.9376,6.2,33,en,6818
52873,Любимое время года,1993,127,,,0.3406,6.0,50,fr,96627
123505,A Modern Affair,1996,90,,,0.9241,5.0,1,en,2135236
44281,Хальфауин: Мальчик на крыше,1990,98,,,1.892,6.3,59,ar,1044284
28121,A Thin Line Between Love and Hate,1996,108,8000000,34746109,3.9878,5.6,90,en,78029
12520,Последний ужин,1995,92,,442965,2.0909,6.527,294,en,72619
1592,Первобытный страх,1996,131,30000000,102616183,5.6915,7.7,3703,en,17812
166901,Rude,1995,89,,,1.809,3.8,5,en,173004
36447,Увлекшийся,1996,109,,,0.6616,5.417,18,en,69719
19042,Все псы попадают в рай 2,1996,82,,8620678,1.7606,6.0,278,en,952327
38884,Земля и свобода,1995,109,,,1.1409,7.311,289,en,15488
47449,Denise Calls Up,1995,80,,,0.7183,6.0,22,en,974388
36259,Theodore Rex,1995,92,33500000,,1.9437,3.617,115,en,70835
41852,A Family Thing,1996,109,,10125417,0.8582,6.444,71,en,73496
40926,Frisk,1996,88,,,1.2668,3.933,15,en,230320
9099,Сержант Билко,1996,90,39000000,37956793,2.3018,5.9,373,en,21217
2021,Джек и Сара,1995,110,,218626,1.7972,6.718,55,en,20773
61752,Девушка №6,1996,108,12000000,4939939,2.3972,4.936,118,en,5281
10988,Дьявольщина,1996,107,45000000,52400000,3.7685,5.5,309,en,34682
11479,Индеец в Париже,1994,90,,,1.6661,5.962,611,fr,69537
398959,Roula - Dunkle Geheimnisse,1995,97,,,0.9239,5.0,6,de,43440
287305,Peanuts - Die Bank zahlt alles,1996,,,,0.6199,4.0,1,de,68998
339428,Happy Weekend,1996,,,65335,0.7814,1.0,2,de,219492
12652,Нелли и месье Арно,1995,106,,,1.5083,6.9,138,fr,20789
10684,Мужество в бою,1996,116,46000000,100900000,2.0283,6.526,1002,en,9181
954,Миссия невыполнима,1996,110,80000000,457696391,5.6534,7.014,9657,en,1150
68445,Ледяная лихорадка,1995,85,,,0.5965,6.3,25,en,6759
18989,Молл Флэндерс,1996,122,,3486578,1.894,6.058,81,en,2182
10801,Классная женщина,1996,86,,,2.4485,4.348,23,de,1869
54285,삼공일 삼공이,1995,100,,,1.2951,6.0,31,ko,105617
8840,Сердце дракона,1996,103,57000000,115267375,3.0797,6.5,2076,en,18878
278978,Und keiner weint mir nach,1996,102,,,0.9492,2.0,2,de,14614
124625,My Mother's Courage,1995,93,,,0.2999,5.1,8,de,26595
11107,Эдди,1996,100,30000000,31387164,1.7019,5.464,169,en,54590
16417,Невероятные приключения янки в Африке,1993,100,,,2.5906,5.9,38,en,80526
70934,Billy's Holiday,1995,92,,,0.8758,0.0,0,en,559920
10363,На ярком солнце,1960,118,,,1.5651,7.573,572,fr,9740
161070,Август,1996,94,,,2.5045,4.0,12,en,4173
10539,Джеймс и гигантский персик,1996,79,38000000,28946127,2.96,6.6,1389,en,57646
10543,Страх,1996,97,,,4.7711,6.51,948,en,15890
18414,Kids in the Hall: Brain Candy,1996,88,,,0.782,6.114,79,en,64030
47502,Faithful,1996,91,13000000,2104439,2.0356,5.2,26,en,47773
11902,Андеграунд,1995,194,14000000,,1.2992,7.721,733,sr,15254
27098,Цветения пора,1995,125,,,3.447,6.4,160,sv,96934
25087,Кровавый спорт 2,1996,90,,684351,2.3575,5.38,138,en,115983
5801,Песнь дороги,1955,122,,536364,1.8794,7.8,465,bn,12160
896,Мир Апу,1959,105,,134241,1.741,8.118,262,bn,12160
3065,Таинственный театр 3000 года,1996,73,5000000,1000000,0.9779,6.5,220,en,30021
318177,Tarantella,1995,100,,,1.365,4.8,4,en,3015258
2300,Космический Джем,1996,87,80000000,250200000,3.6145,6.814,6250,en,23677
8069,Барбарелла,1968,98,9000000,2500000,5.6643,6.0,793,en,53767
288173,Преступницы поневоле,1995,90,,,1.3056,4.2,6,en,98940
187851,Они кусаются,1996,98,130000,,2.5941,3.346,13,en,98094
27768,Some Folks Call It a Sling Blade,1994,25,,,0.4861,6.616,31,en,37852
221917,Побег из страны,1995,109,,,0.6313,6.182,11,en,12804
8072,Альфавиль,1965,99,220000,46585,6.0964,6.9,586,fr,3776
35797,Безупречная репутация,1981,128,,,1.42,7.0,209,fr,20556
88030,Tigrero: A Film That Was Never Made,1994,75,,,0.2406,6.9,10,fi,54767
185191,Око Виши,1993,110,,,0.387,4.8,6,fr,19069
83857,Windows,1980,96,,2128898,2.4405,4.821,28,en,3097
33245,Это моя вечеринка,1996,110,,622503,1.1947,6.1,36,en,8876
124460,Country Life,1994,118,,,2.2904,5.6,7,en,1080036
27281,Операция «Дамбо»,1995,108,,,1.0233,5.2,185,en,18254
105045,Das Versprechen,1995,115,,,0.3182,6.313,16,de,39298
40001,Миссис Уинтерборн,1996,105,25000000,10082005,2.2307,7.202,217,en,24318
29621,Соло,1996,93,,,2.4313,4.8,79,en,104404
117730,עץ הדומים תפוס,1994,102,,,0.7194,6.3,7,he,585248
20762,Замена,1996,114,,14818176,1.8557,6.9,530,en,43786
37144,Настоящее преступление,1996,94,,,2.8794,5.661,84,en,1046169
48260,Поцелуй бабочки,1995,88,,,1.6317,6.271,35,en,172
12656,Чувствуя Миннесоту,1996,99,,,3.2731,5.445,173,en,73838
38867,Дельта Венеры,1995,102,,63174,1.4731,4.327,49,en,42113
277270,To Cross the Rubicon,1991,,,,0.1346,6.3,3,en,1661328
25969,"Станцуем, крошка",1995,90,,,3.385,6.595,95,en,56059
44103,Daens,1992,138,,,2.0566,7.1,63,nl,81964
753,Лица,1968,130,275000,,2.7954,7.1,210,en,11147
43634,Boys,1996,86,,516349,1.7496,5.281,48,en,129708
9103,В поисках приключений,1996,91,30000000,57400547,3.1928,6.17,765,en,15111
90214,Cosi,1996,102,,35918,2.5052,6.088,40,en,59438
29649,Парк Сансет,1996,99,,,2.6606,6.1,18,en,104507
10990,Скала Малхолланд,1996,107,29000000,11500000,2.3069,6.0,317,en,7256
8866,Правда о кошках и собаках,1996,97,,3407,1.3338,6.0,332,en,7145
12233,Оливер и компания,1988,74,31000000,121000000,4.2251,6.7,1652,en,71792
23449,Баскетбольная лихорадка,1996,90,,,1.7349,5.333,147,en,1175207
36355,Флиппер,1996,95,25530000,20080020,1.286,5.5,334,en,129941
37667,Пленники,1994,100,,,2.2771,5.8,42,en,1016352
90148,Любовь и мрак,1994,103,,,2.3417,5.232,97,en,1585647
922,Мертвец,1995,121,9000000,1038000,1.0621,7.3,1661,en,4429
11876,Гусар на крыше,1995,129,35000000,15000000,1.369,6.5,149,fr,25950
52633,Сестрички с выкидными лезвиями,1975,91,,,2.7571,6.3,96,en,31310
62364,Лицом к лицу,1995,106,,,0.1635,5.185,27,es,108499
11687,Пришельцы,1993,107,9500000,98800000,3.542,7.1,2011,fr,64909
9304,Множество,1996,117,45000000,21075014,3.4528,5.8,575,en,1524
503475,Wallace & Gromit: The Best of Aardman Animation,1996,75,,,0.4245,7.6,5,en,1265554
73183,"The Haunted World of Edward D. Wood, Jr.",1996,112,,,0.9511,7.6,11,en,940684
123067,Two Friends,1986,78,,,1.2755,5.9,12,en,10757
9100,Колдовство,1996,101,15000000,24800000,3.3714,6.8,1987,en,41549
20759,Большой белый обман,1996,91,,,1.7946,5.257,101,en,68215
46063,Последний танец,1996,103,,5,2.6076,5.644,101,en,5696
365371,War Stories Our Mothers Never Told Us,1996,95,,,1.103,2.667,3,en,125934
32513,Неуютная ферма,1995,95,,,1.2491,6.8,76,en,19304
40651,Институт Бенжамента или Эту мечту люди зовут человеческой жизнью,1995,104,,,0.8812,7.7,47,en,124237
36915,Пленники небес,1996,132,25000000,5009305,0.9476,5.256,84,en,18500
40507,Горячий город,1996,99,4800000,3014000,2.0185,5.6,34,en,19266
9802,Скала,1996,137,75000000,335062621,4.7591,7.139,4985,en,865
25697,Зигзаг неудачи,1996,88,,,0.9206,4.6,19,en,29706
21588,"О смерти, о любви",1994,103,4000000,,3.0719,6.9,554,it,87680
664,Смерч,1996,108,92000000,494471524,4.9176,6.548,3682,en,2209
11867,Не называй меня малышкой,1996,98,9000000,3793614,1.1149,4.1,466,en,70792
47119,Le Garçu,1995,102,,,2.9701,6.3,28,fr,16988
314352,Honigmond,1996,92,,,2.3081,3.0,1,de,564791
9323,Призрак в доспехах,1995,83,3000000,10000000,7.591,7.924,3687,ja,12180
10280,Худеющий,1996,92,8000000,15315484,2.5375,5.884,658,en,64796
10535,Неистребимый шпион,1996,81,18000000,27000000,2.7506,5.4,721,en,65548
124613,Brothers in Trouble,1995,102,,,1.0626,3.333,3,en,145304
532,Уоллес и Громит: Выбрить Наголо,1996,30,,4638,2.1482,7.6,885,en,7314
26744,Сила зла,1950,79,,,1.2261,6.5,127,en,81976
16299,Семейка придурков,1996,94,25000000,2491989,2.1778,4.7,79,en,4610
10547,Прибытие,1996,115,25000000,14063331,1.9707,6.0,792,en,28239
245268,The Man from Down Under,1943,103,,,0.9935,6.5,2,en,93906
935,"Доктор Стрейнджлав, или Как я научился не волноваться и полюбил атомную бомбу",1964,95,1800000,9500000,3.4206,8.125,5950,en,240
55613,Careful,1992,100,,,2.0572,5.857,28,en,97579
215107,Vermont Is for Lovers,1993,88,,,0.0143,6.5,4,en,153908
41007,Месяц на озере,1995,92,,2101087,0.3546,5.634,41,en,17784
35645,Тайна медвежьей горы,1995,93,,6029091,1.444,6.2,154,en,114468
110465,Ким,1950,113,,,3.6979,6.482,28,en,14860
255546,Carmen Miranda: Bananas Is My Business,1995,91,,,0.8143,7.4,8,pt,1090082
40751,Прах времен,1994,100,,,2.5536,7.1,375,cn,12453
275096,Кувшин,1994,86,,,0.0614,7.2,10,fa,1209349
85778,Maya Lin: A Strong Clear Vision,1995,83,,,0.1058,7.0,8,en,223825
11101,Сталинград,1993,134,,152972,1.938,7.318,605,de,14614
9826,Фантом,1996,100,45000000,17323326,1.2862,5.273,594,en,18254
9879,Стриптиз,1996,115,50000000,113309743,4.0248,5.6,1132,en,41550
63564,Последний из великих королей,1996,102,,,1.491,5.6,44,en,229695
22621,Тяжелый,1995,105,,,2.0547,6.6,86,en,366
7095,Джек,1996,113,45000000,58620973,4.9362,6.298,1320,en,1776
26890,Я стреляла в Энди Уорхола,1996,103,,1814290,0.6432,6.1,90,en,16378
46732,Голоса травы,1996,107,,,0.8919,5.8,33,en,122728
124633,Tuđa Amerika,1995,96,,,1.5582,6.5,7,sr,1009298
581579,Marlene Dietrich: Shadows and Light,1996,52,,,0.0327,0.0,0,en,139632
202425,La vie est belle,1987,80,,,0.4155,6.1,12,fr,1184422
196940,Quartier Mozart,1992,80,,,0.0362,5.2,5,fr,1177451
77771,Туки-Буки,1973,91,,,1.2009,6.668,104,wo,1079380
181083,Божий дар,1983,75,,,0.7676,6.4,9,ff,1153142
41225,Три шага в бреду,1968,121,,,3.1939,6.2,178,fr,4415
188589,Babyfever,1994,109,,,1.4327,2.0,1,en,117075
87190,Армия фараона,1995,90,500000,,0.956,6.75,11,en,21415
627,На игле,1996,93,4000000,71981823,3.2515,7.96,10108,en,2034
32872,'Til There Was You,1997,113,1000000,3525125,0.9116,3.871,35,en,1214396
602,День независимости,1996,145,75000000,817400891,5.3752,6.897,10072,en,6046
14553,Ускользающая красота,1996,118,10000000,4800000,3.0713,6.688,589,en,4956
9566,Фанат,1996,116,55000000,18626419,3.5399,6.004,825,en,893
10545,Горбун из Нотр Дама,1996,91,100000000,325300000,5.3789,7.122,5226,en,62047
9894,Кабельщик,1996,96,47000000,102825796,2.9105,5.994,2564,en,7399
11543,Заводила,1996,114,27000000,25023434,3.5204,6.5,930,en,7395
9268,Стиратель,1996,115,100000000,242295562,2.5788,6.085,1938,en,26713
52059,The Gate of Heavenly Peace,1995,180,,,0.3908,7.9,21,en,240364
9327,Чокнутый профессор,1996,95,54000000,128769345,3.4506,5.643,3027,en,4499
123763,"Yo, la peor de todas",1990,105,,,1.1501,5.7,18,es,1066960
81949,Незабываемое лето,1994,82,,65352,1.021,5.84,25,fr,592762
42005,"Hol volt, hol nem volt",1987,97,,,0.7927,5.0,6,hu,544331
124306,En compagnie d'Antonin Artaud,1993,90,,,0.4044,6.05,10,fr,41521
183955,Sibak: Midnight Dancers,1994,120,,,1.1413,4.7,6,tl,262130
44535,"Тот, кто влюблен",1994,102,,,1.0309,5.0,16,en,3111
44495,A Very Natural Thing,1974,86,,,0.3746,7.105,43,en,2064794
78285,"Старая дама, входящая в море",1991,98,,,0.188,5.3,23,fr,36521
11228,Дневной свет,1996,115,80000000,159212469,2.4419,6.1,1622,en,18878
10779,Страшилы,1996,110,30000000,29359216,3.6909,6.9,1643,en,108
26748,Звезда шерифа,1996,135,5000000,13269963,2.8148,7.0,389,en,102445
38223,Шпионка Хэрриэт,1996,100,12000000,26600000,1.3176,6.031,194,en,18320
9294,Феномен,1996,118,32000000,152000000,1.8574,6.474,1274,en,12962
49963,"Гуляют, болтают",1996,86,,,0.9061,6.1,52,en,56539
11363,Только она единственная,1996,96,3500000,9500000,1.5705,5.448,262,en,12833
1645,Время убивать,1996,149,40000000,152266007,5.7632,7.385,2780,en,5572
31546,Американский бизон,1996,88,,665450,2.0936,5.4,65,en,77076
77056,Свидания в Париже,1995,98,,,0.6484,6.5,55,fr,28615
36344,Аляска,1996,109,23000000,11829959,2.4452,5.8,138,en,66076
18550,Беглецы,1996,98,25000000,17193231,2.0316,5.571,240,en,40230
11511,Джинна Вызывали?,1996,94,20000000,18937262,2.0423,4.148,290,en,12988
172198,Волшебный стрелок,1994,106,,,2.2798,4.333,9,hu,1059880
34170,Больше чем жизнь,1996,93,30000000,8315693,1.0858,5.55,149,en,2357
281085,"Парень, которого звали «Ненависть»",1996,97,,,0.2958,4.333,9,en,30869
109478,Power 98,1996,89,,,2.9624,3.7,6,en,1046588
124645,Две смерти,1996,102,,,1.8702,5.0,8,en,14132
12606,A Very Brady Sequel,1996,90,12000000,21440752,0.5526,5.8,172,en,15042
69895,Stefano Quantestorie,1993,82,,,0.2856,6.7,11,it,225140
35206,La Mort en ce jardin,1956,105,,,3.3512,6.3,76,fr,793
525936,The Crude Oasis,1995,81,,,0.0535,3.0,3,en,1177777
151489,Hedd Wyn,1992,123,,,2.5788,5.091,11,cy,87397
4837,Коллекционерша,1967,86,,,3.804,6.865,259,fr,28615
12632,Kaspar Hauser,1993,139,,,2.5155,6.1,15,de,56201
9098,Echte Kerle,1996,100,,,0.1857,5.7,25,de,48685
282919,Diebinnen,1996,,,,0.1796,4.0,1,de,6258
124614,Монастырь,1995,91,,,2.0113,5.2,27,en,81749
18975,The Adventures of Pinocchio,1996,95,25000000,15100000,1.559,5.259,237,en,18308
11962,Квартирка Джо,1996,81,13000000,4600000,1.655,5.8,362,en,71110
2925,Клуб первых жен,1996,102,26000000,116400000,3.2667,6.7,791,en,28904
28628,Stonewall,1995,99,,,2.1053,5.7,27,en,179609
3595,Выкуп,1996,121,80000000,309492681,2.5622,6.672,1975,en,6159
9308,Учитель и чудовища,1996,86,,21302121,1.4534,5.448,213,en,7678
92381,Phat Beach,1996,89,,1383726,2.361,4.982,28,en,183036
18555,Ложный огонь,1996,102,,258263,1.2495,6.0,143,en,119310
12123,Цепная реакция,1996,107,50000000,60209334,2.8785,5.8,1155,en,12989
10830,Матильда,1996,102,36000000,33500000,7.1627,7.2,4660,en,518
3573,Эмма,1996,121,6000000,22231658,1.0266,6.6,645,en,32983
10546,Ворон 2: Город ангелов,1996,84,13000000,25317287,1.657,5.506,577,en,65602
18862,Домашний арест,1996,108,,,2.8581,5.3,135,en,92554
31417,Глаза без лица,1960,90,,58656,2.4433,7.6,774,fr,37302
9431,Байки из склепа: Кровавый бордель,1996,86,15000000,5600000,1.7823,5.9,399,en,10953
124619,Lotto Land,1995,87,,,0.0604,4.0,2,en,1080308
297645,杏花三月天,1994,90,,,0.8493,2.0,2,zh,1189125
48144,天國逆子,1994,99,,,1.2315,5.375,8,zh,146295
46986,Флирт,1995,85,,,1.5961,6.056,27,en,91343
144982,Тело женщины,1996,98,,,0.2653,3.0,3,en,117808
47907,Гриль-бар «Порох»,1996,117,6000000,12643776,1.1247,6.438,64,en,1232954
10061,Побег из Лос-Анджелеса,1996,97,50000000,42277365,2.4393,5.9,1536,en,11770
36266,Рикша,1995,123,,,0.6948,7.0,109,vi,107730
549,Баския,1996,108,3300000,3022292,2.5326,6.6,302,en,7482
10478,Жестяной кубок,1996,135,45000000,53854588,1.9924,6.065,562,en,4037
66634,Динго,1991,109,200000,300000,3.5711,5.2,9,en,112674
116690,Легенда о Нараяме,1958,98,,,1.7955,7.5,84,ja,587603
213917,Un week-end sur deux,1990,104,,,3.1018,6.636,11,fr,24485
145925,Mille bolle blu,1993,97,,,0.3119,6.4,7,it,252740
100914,烏鴉與麻雀,1949,113,,,0.1484,6.1,7,zh,1112331
238,Крёстный отец,1972,175,6000000,245066411,22.6603,8.685,22132,en,1776
484245,The Hippie Revolution,1996,93,,,0.6839,0.0,0,en,523675
159,Самый желанный мужчина,1994,94,,,0.9727,6.2,116,de,1869
11134,Полицейская История 3: Суперполицейский,1992,87,900000,34391494,2.6893,6.9,543,cn,44916
88224,Воришки,1996,88,500000,502313,2.0964,6.159,41,en,124092
132641,Жена,1953,95,,,1.6099,6.9,10,ja,125690
42758,Маленькие личики,1996,108,1850000,,2.373,6.286,28,en,33405
9303,Связь,1996,105,4500000,7011317,4.489,7.2,1027,en,9339
23945,Автостоянка,1996,89,17000000,,2.0379,5.213,87,en,133259
37820,Смерть в Брунсвике,1991,109,,,1.3414,5.911,28,en,1155073
22479,Канзас-Сити,1996,116,18000000,,2.6406,6.1,90,en,9789
9054,На рыбалку!,1997,94,53000000,19745922,2.2381,4.84,156,en,56828
241058,Lover's Knot,1996,82,,,1.0716,4.0,2,de,1276348
11985,Да здравствует любовь,1995,118,,,1.7836,7.25,152,zh,71174
10232,Тень ангелов,1976,101,,,1.1251,3.75,8,de,64219
59569,Убийца: дневник убийств,1996,91,,,1.1581,5.781,48,en,69042
410921,Nothing to Lose,1994,83,,,0.7362,3.333,3,en,232119
38955,Супер полицейский 2,1993,104,1000000,1207130,1.9744,5.74,98,cn,44916
110513,Girls Town,1996,90,,503667,1.5716,5.167,9,en,205639
114089,Bye-Bye,1995,104,,,3.1547,5.692,13,fr,118513
11015,Реликт,1997,110,60000000,33956608,2.811,6.0,577,en,37710
9306,Остров доктора Моро,1996,99,40000000,49627779,1.6838,4.902,541,en,13776
12559,Первый ребенок страны,1996,101,,,2.6137,5.7,195,en,69741
58770,Эффект спускового курка,1996,94,8000000,3600000,0.8888,5.765,115,en,508
124851,Sweet Nothing,1995,89,,102350,1.7595,6.3,7,en,17046
3587,Богус,1996,110,32000000,,1.5129,5.786,238,en,13563
10723,Пуленепробиваемый,1996,84,25000000,22611954,1.5718,5.714,611,en,15521
56077,Разговор ангелов,1998,96,,,1.0378,5.4,21,en,6361
101230,06,1994,87,,,1.134,3.714,7,nl,28889
253632,Baton Rouge,1988,90,,,3.7806,4.636,11,es,1726049
10987,Хэллоуин 6: Проклятие Майкла Майерса,1995,88,5000000,15116634,2.0135,5.155,1194,en,55116
44705,Двенадцатая ночь или что угодно,1996,134,5000000,33000000,1.0146,6.934,91,en,98750
20318,Мать-ночь,1996,114,,,0.5238,6.6,54,en,33054
43596,Игра в любовь,1933,88,,,2.5091,6.9,34,de,14353
79782,Венеция,2010,110,1783810,,4.0153,7.0,15,pl,587971
26933,Дикий тростник,1994,110,,807775,0.9281,7.0,142,fr,96627
27854,По ком звонит колокол,1943,170,3000000,17800000,1.6426,6.5,199,en,10790
981,Филадельфийская история,1940,112,,,2.8562,7.6,933,en,14674
872,Поющие под дождём,1952,103,2540800,7200000,4.1179,8.1,3359,en,13284
2769,Американец в Париже,1951,113,5635000,6981000,1.4502,7.027,616,en,13980
13320,Забавная мордашка,1957,103,,,2.7727,7.0,714,en,13284
164,Завтрак у Тиффани,1961,115,2500000,9500000,5.5192,7.63,4370,en,1927
426,Головокружение,1958,128,2479000,7808900,3.5886,8.155,6111,en,2636
567,Окно во двор,1954,112,1000000,37042336,3.6947,8.348,6911,en,2636
3078,Это случилось однажды ночью,1934,105,325000,4500000,1.5954,7.825,1342,en,2662
13528,Газовый свет,1944,114,2068000,,2.3596,7.498,528,en,14674
28288,Веселый развод,1934,107,520000,1800000,0.7329,6.9,138,en,30165
213,На север через северо-запад,1959,136,4000000,13275000,3.1334,8.0,4337,en,2636
284,Квартира,1960,125,3000000,25000000,3.4936,8.2,2511,en,3146
239,В джазе только девушки,1959,119,2883848,25000000,4.2831,8.089,3718,en,3146
4808,Шарада,1963,113,4000000,13475000,4.2043,7.7,1471,en,13284
289,Касабланка,1943,102,878000,10462500,6.2632,8.145,5820,en,4109
963,Мальтийский сокол,1941,100,375000,1772000,1.8907,7.707,1803,en,6593
11113,Моя прекрасная леди,1964,165,17000000,72661442,6.1105,7.5,1381,en,14674
6620,Сабрина,1954,113,2239000,10000000,4.0005,7.5,1304,en,3146
804,Римские каникулы,1953,118,1500000,12000000,3.3693,7.9,2176,en,10001
26531,Маленькая принцесса,1939,93,,,1.4202,6.7,120,en,80570
909,Встреть меня в Сент-Луисе,1944,112,1707561,7566000,1.9306,7.0,407,en,13980
630,Волшебник страны Оз,1939,101,2777000,33754967,11.2379,7.591,5911,en,9049
770,Унесённые ветром,1939,222,4000000,402352579,5.1405,7.9,4234,en,9049
31044,Мой лучший год,1982,92,7900000,20123620,0.9927,6.6,114,en,24318
599,Сансет бульвар,1950,110,1752000,5000000,2.9515,8.287,2796,en,3146
15,Гражданин Кейн,1941,119,839727,23218000,4.4982,7.997,5827,en,40
62,2001 год: Космическая одиссея,1968,149,12000000,71923560,9.3361,8.063,12183,en,240
121357,Золотые серьги,1947,95,1000000,7000000,2.3729,5.864,11,en,108914
705,Все о Еве,1950,138,1400000,8400000,2.3584,8.1,1627,en,10601
22490,Женщины,1939,133,1688000,2270000,2.8838,7.071,169,en,14674
223,Ребекка,1940,130,1288000,7592465,1.973,7.897,1894,en,2636
25670,Иностранный корреспондент,1940,120,,,1.9518,7.0,421,en,2636
303,Дурная слава,1946,101,2000000,24500000,1.7213,7.7,1681,en,2636
4174,Заворожённый,1945,111,1500000,7000000,1.5167,7.4,934,en,2636
8356,Незабываемый роман,1957,111,2100000,3800000,1.6689,7.4,491,en,30008
381,Поймать вора,1955,106,2500000,8750000,2.5654,7.3,1618,en,2636
20758,Отец невесты,1950,92,,,1.2003,7.0,217,en,13980
29376,Театральный фургон,1953,112,2900000,3500000,1.0382,7.158,224,en,13980
1859,Ниночка,1939,110,1365000,2279000,1.9198,7.498,412,en,2428
18299,Любовь после полудня,1957,130,2100000,2000000,1.4262,7.0,326,en,3146
17281,Жижи,1958,116,3319355,13200000,1.7011,6.2,331,en,13980
64382,Дебютантка поневоле,1958,94,,,0.9293,6.615,39,en,13980
10907,Приключения Робин Гуда,1938,98,2033000,3981000,1.8674,7.5,817,en,4109
32093,Знак Зорро,1940,94,1000000,4000000,1.6401,7.1,219,en,29595
1939,Лора,1944,88,1020000,2000000,1.6135,7.626,867,en,834
22292,Призрак и миссис Мьюр,1947,105,,,1.4623,7.5,336,en,10601
3598,Потерянный горизонт,1937,132,4000000,,3.1289,7.0,235,en,2662
3080,Цилиндр,1935,101,609000,3202000,0.9391,7.2,316,en,30165
198,Быть или не быть,1942,99,1200000,1500000,1.7706,7.8,786,en,2428
13562,Мой слуга Годфри,1936,94,575375,684200,0.9309,7.544,373,en,74659
1712,Гигант,1956,201,5400000,32855818,3.3464,7.6,726,en,18738
220,К востоку от рая,1955,115,,,1.6275,7.5,785,en,2746
3529,Тонкий человек,1934,91,226408,1423000,1.0515,7.484,506,en,32427
3085,Его девушка Пятница,1940,92,,,1.2319,7.4,889,en,11435
2897,Вокруг света за 80 дней,1956,182,6000000,42000000,1.3649,6.639,545,en,20412
1585,Эта замечательная жизнь,1946,130,3180000,9644124,12.4962,8.3,4659,en,2662
3083,Мистер Смит едет в Вашингтон,1939,129,1500000,9600000,1.4471,7.848,1135,en,2662
900,Воспитание крошки,1938,102,1073000,,1.3412,7.5,1030,en,11435
43795,Грошовая серенада,1941,120,,,0.4583,6.556,117,en,18738
85638,Алая буква,1927,97,,,1.1258,7.1,30,en,8741
50001,Леди из бурлеска,1943,91,,,1.2281,5.25,42,en,14643
43905,Бремя страстей человеческих,1934,83,,,1.2102,6.5,136,en,31497
22688,Angel on My Shoulder,1946,100,,,1.2443,6.423,39,en,81165
23114,Юный лорд Фаунтлерой,1936,102,590000,1037000,1.3338,6.7,58,en,31497
26378,They Made Me a Criminal,1939,92,,,0.3391,6.149,37,en,95293
40206,Ревизор,1949,102,,,1.3584,6.5,55,en,33064
22356,Ангел и негодяй,1947,100,,,1.2128,6.388,116,en,50302
260,39 ступеней,1935,84,,,1.1033,7.3,1009,en,2636
43488,Прогулка под солнцем,1945,117,,,1.5309,5.8,57,en,2000
22613,Вне закона,1943,116,3400000,5075000,2.9785,5.4,99,en,13348
10331,Ночь живых мертвецов,1968,96,114000,30236452,2.7031,7.6,2625,en,14999
488,Африканская королева,1952,105,1000000,10750000,1.9295,7.352,1010,en,6593
22733,Посрами дьявола,1953,95,1000000,,0.6221,6.107,159,en,6593
261,Кошка на раскаленной крыше,1958,104,3000000,17570324,1.7068,7.641,800,en,3632
57575,"Последний раз, когда я видел Париж",1954,116,1960000,4940000,1.4676,6.138,58,en,3632
32574,"Знакомьтесь, Джон Доу",1941,122,,2000000,1.3339,7.292,271,en,2662
22657,Алжир,1938,96,691833,951801,1.5305,6.2,43,en,31497
76464,"Есть, о чем петь",1937,93,900000,,0.8638,6.132,19,en,148849
22649,"Прощай, оружие",1932,89,,,1.7408,6.112,152,en,14855
176841,Moonlight Murder,1936,65,,,2.1483,4.2,5,en,78053
125587,Nothing Personal,1996,83,,,1.7988,4.3,11,en,72467
39448,"Да, мадам!",1985,92,,1276496,1.2333,7.1,106,cn,35452
52855,Dangerous Ground,1997,95,,3028094,2.6345,4.3,29,en,16730
39940,Пикник,1955,109,3000000,9000000,3.9437,6.3,105,en,86051
172868,Madagascar Skin,1995,96,,,2.1912,4.9,7,en,1063201
85328,The Pompatus of Love,1996,99,,,1.0966,3.583,6,en,76462
124632,Small Wonders,1996,77,,,0.2156,7.4,5,en,1468019
11076,Летите домой,1996,107,22000000,25143818,1.9621,6.9,490,en,68212
63945,Блаженство,1997,103,,294064,2.6446,5.4,64,en,549024
58985,Grace of My Heart,1996,116,5000000,660313,1.2194,6.025,60,en,3110
890,Сестра сна,1995,127,,97848,1.4925,6.591,33,de,14614
10861,Максимальный риск,1996,100,25000000,51702483,3.8177,5.8,537,en,26767
1770,Майкл Коллинз,1996,133,25000000,16900000,3.262,6.9,501,en,17016
44465,Жена богача,1996,94,,8538318,1.132,5.345,55,en,21371
2033,Бесконечность,1996,119,,,1.9061,6.2,17,en,4756
18203,Большая ночь,1996,109,4100000,12000000,0.5132,6.9,254,en,2283
9333,Герой-одиночка,1996,101,67000000,47267001,2.4788,6.4,936,en,1723
47260,Caught,1996,110,,,1.7779,5.7,25,en,86293
9400,Вызов,1996,123,9000000,41590886,2.0477,7.2,381,en,37932
9401,Два дня в долине,1996,104,,11132156,1.5223,6.2,293,en,27846
12241,Запёкшаяся кровь,1996,88,2300000,49620,2.7577,5.8,126,en,71825
25739,L'Associé,1979,94,,,3.1162,6.4,9,fr,584483
161806,Очередной переезд Эда,1996,83,,,0.2722,3.8,5,en,1081886
11306,Крайние меры,1996,118,38000000,17380126,1.4058,5.976,339,en,10781
9625,Мерцающий,1996,92,45000000,20350000,1.9845,5.412,417,en,35155
10680,Могучие утята 3,1996,104,,22955097,2.0723,6.0,471,en,27146
6346,Камера,1996,112,50000000,22540359,2.8447,5.985,262,en,15890
18660,The Apple Dumpling Gang,1975,100,,36853000,1.6593,6.6,129,en,83413
35115,"Davy Crockett, King of the Wild Frontier",1955,93,2150000,,1.7054,6.4,114,en,87459
14821,Побег на Ведьмину гору,1975,97,,20000000,1.3284,6.391,225,en,19032
14136,Фольксваген-жук,1968,108,,51264022,1.7257,6.566,627,en,5834
10869,Герби снова на ходу,1974,88,,38229000,1.1524,6.1,425,en,5834
22660,Старый Брехун,1957,84,21909000,,1.4698,6.9,286,en,5834
19186,Ловушка для родителей,1961,129,,29650385,2.886,7.013,410,en,29715
31102,Поллианна,1960,134,2500000,3750000,2.8118,6.9,203,en,29715
6878,Дорога домой: Невероятное путешествие,1993,84,24000000,57333324,3.4421,6.973,1086,en,6592
15944,Лохматый пёс,1959,104,1250000,17658000,1.0519,6.181,94,en,30099
18444,Швейцарская семья Робинзонов,1960,126,5000000,40356000,1.6233,6.9,339,en,35318
20723,Эта дикая кошка,1965,112,,28062222,1.5328,6.6,183,en,5834
173,20000 лье под водой,1954,127,5000000,28200000,2.5889,7.0,947,en,2087
864,Крутые виражи,1993,98,14000000,154856263,4.0969,7.01,2172,en,12962
24795,Ангелы у кромки поля,1994,103,31000000,50236831,1.942,6.0,467,en,56506
11224,Золушка,1950,74,2900000,263600000,7.6866,7.0,6971,en,64864
81310,Винни Пух и ненастный день,1968,25,,,1.2666,7.3,106,en,57314
15947,Три кабальеро,1944,71,,6710000,1.8177,6.279,743,en,226599
9078,Меч в камне,1963,79,3000000,22200000,4.1321,7.222,3998,en,57314
29682,Так дорого моему сердцу,1948,82,,,0.9751,6.6,46,en,11429
8367,Робин Гуд: Принц воров,1991,143,48000000,390493908,4.6135,6.859,3440,en,8300
433,Мэри Поппинс,1964,139,4650000,103100000,5.0814,7.556,4872,en,5834
11360,Дамбо,1941,64,812000,1600000,6.9064,6.989,5168,en,11426
11114,Дракон Пита,1977,128,10000000,,2.6422,6.298,710,en,25558
12335,Набалдашник и метла,1971,117,20000000,17900000,2.254,7.0,1002,en,5834
12092,Алиса в стране чудес,1951,75,3000000,57200000,6.0203,7.2,6115,en,64864
10948,Лис и пёс,1981,82,12000000,29800000,5.3381,7.1,3384,en,67604
11229,Шоссе,1996,102,3100000,295493,2.1188,6.444,408,en,55117
15121,Звуки музыки,1965,174,8200000,286214286,6.1918,7.7,3486,en,1744
562,Крепкий орешек,1988,132,28000000,140767956,20.8557,7.8,11811,en,1090
10163,Газонокосильщик,1992,108,10000000,32100816,1.7942,5.6,802,en,57090
48862,Отцепись от звёзд,1996,103,,,0.9465,5.9,42,en,11151
117036,Synthetic Pleasures,1995,85,,,0.8738,4.5,6,en,1006852
47199,Секретный агент,1996,95,,,1.3835,5.5,42,en,12952
11159,Тайны и ложь,1996,142,4500000,13417292,1.3947,7.6,696,en,65452
9591,"То, что ты делаешь",1996,149,26000000,34585416,1.6484,6.9,890,en,31
30500,Джиллиан на день рождения,1996,93,,4137645,1.084,5.4,53,en,59649
41843,Прожить жизнь с Пикассо,1996,125,16000000,1985001,2.8449,5.7,100,en,54441
55058,Итальянские любовники,1996,105,,,0.7507,5.0,15,en,46946
10938,Красота,1996,92,,1500000,1.1229,7.239,330,en,67570
11412,Долгий поцелуй на ночь,1996,121,65000000,89456761,3.4538,6.59,1274,en,16938
10586,Призрак и Тьма,1996,109,50000000,38619405,3.0675,6.8,1099,en,2042
42314,В поисках Ричарда,1996,111,,1408575,0.9808,6.8,141,en,1158
27845,Истина в вине,1996,95,1300000,,2.2869,6.9,201,en,884
108365,The Proprietor,1996,113,,,0.355,6.0,1,en,54448
23223,Нормальная жизнь,1996,101,,,3.0673,5.9,46,en,9200
49471,Садись в автобус,1996,116,2400000,5731103,1.1592,6.3,73,en,5281
38153,Теневой заговор,1997,102,45000000,2154540,3.04,4.99,99,en,16566
25147,Джуд,1996,123,7000000,409144,1.6191,6.292,137,en,172
9716,"Все говорят, что я люблю тебя",1996,101,20000000,9759200,2.1975,6.432,695,en,1243
43777,Azúcar amarga,1996,102,,,3.8372,5.125,8,es,78997
454,Ромео + Джульетта,1996,120,14500000,147298761,4.6121,6.783,5196,en,6201
10218,Тусовщики,1996,96,200000,4505922,2.4727,6.9,777,en,11694
819,Спящие,1996,147,44000000,165600000,4.4414,7.602,3723,en,8246
38191,Ловец солнца,1996,122,31000000,21508,1.7251,6.2,104,en,12114
56830,Джоны,1996,96,,,1.9097,5.2,24,en,324
27256,The Woman in Question,1950,88,,,2.5608,6.3,20,en,32919
31530,Давайте потанцуем,1937,109,991000,2168000,1.644,7.246,118,en,30165
66473,Девичьи страдания,1937,101,1035000,1465000,1.4903,6.5,37,en,18738
28120,Перекрёстный огонь,1947,86,250000,1300000,2.1171,6.645,152,en,64114
1834,"Это убийство, моя милочка",1944,95,,,0.5875,7.2,243,en,64114
26282,Макао,1952,81,,,2.5176,6.2,44,en,2891
37218,Мгновения любви,1993,115,120,,0.505,5.3,12,en,117083
252,Вилли Вонка и шоколадная фабрика,1971,100,3000000,4000000,5.9705,7.483,3810,en,3451
116356,La Vie sexuelle des Belges 1950-1978,1994,85,,,0.2784,5.37,27,fr,71938
16372,Невинные,1961,100,430000,1200000,0.8775,7.466,638,en,25630
11561,Спящий,1973,84,2000000,18344729,3.1051,6.874,815,en,1243
11302,Бананы,1971,78,2000000,11833696,2.2826,6.687,787,en,1243
623,Рыбка по имени Ванда,1988,109,7500000,188593712,3.0201,7.201,2329,en,8929
583,Жизнь Брайана по Монти Пайтон,1979,94,4000000,20833252,3.5859,7.8,4720,en,10707
12614,Виктор/Виктория,1982,132,15000000,28215453,1.9282,7.3,436,en,1927
21711,Кандидат,1972,110,1600000,2500000,2.1344,6.5,179,en,12964
11575,Большие гонки,1965,160,12000000,25300000,2.604,7.1,351,en,1927
475,Бонни и Клайд,1967,111,2500000,70000000,2.5875,7.481,1726,en,6448
11331,Старик и море,1958,86,,,1.7037,6.5,155,en,14520
521,В случае убийства набирайте «М»,1954,105,1400000,3000000,2.1044,8.0,2753,en,2636
21202,Madame Butterfly,1995,135,,,2.4223,6.4,9,it,123827
88,Грязные танцы,1987,100,6000000,214577242,6.2557,7.33,6357,en,716
500,Бешеные псы,1992,100,1200000,2859750,7.0664,8.118,14982,en,138
792,Взвод,1986,115,6000000,138530565,5.6694,7.746,4874,en,1152
8491,Уик-энд у Берни,1989,97,6500000,30218387,2.2553,6.4,1088,en,16544
402,Основной инстинкт,1992,127,49000000,352927224,4.7861,6.9,4199,en,10491
10537,Дорз,1991,140,38000000,34416893,3.1566,7.105,1534,en,1152
11386,Жестокая игра,1992,112,3705538,62548947,1.9666,6.838,813,en,17016
9504,Гленгарри Глен Росс (Американцы),1992,100,12500000,10725228,1.9414,7.325,1525,en,15890
15764,Выбор Софи,1982,157,12000000,30036166,2.2339,7.327,902,en,6349
601,Инопланетянин,1982,115,10500000,797307407,25.8869,7.51,11664,en,488
67365,В поисках одноглазого Джимми,1994,85,,71314,0.3115,5.5,28,en,1096170
25842,Рождественский гимн,1938,69,,,2.5338,6.986,147,en,78053
2119,Дни грома,1990,107,60000000,157920733,2.7446,6.359,1613,en,893
744,Лучший стрелок,1986,110,15000000,356830601,9.1011,7.06,9204,en,893
136311,Американские бродяги,1996,97,,1910,2.2949,5.5,15,en,144130
221,Бунтарь без идеала,1955,111,1500000,4500000,2.0686,7.5,1712,en,2765
702,Трамвай «Желание»,1951,122,1800000,8000000,3.2663,7.6,1431,en,2746
25750,Дети кукурузы 4: Сбор урожая,1996,85,,,1.6444,4.413,167,en,56746
17642,The Leopard Son,1996,87,,,0.1832,0.0,1,en,928583
427043,Charms Zwischenfälle,1996,88,,,2.0204,6.5,6,de,939320
146341,Bird of Prey,1996,95,,,1.1443,5.0,4,en,1124024
9305,Микрокосмос,1996,80,5750000,1433008,2.1978,7.6,244,fr,57226
37616,Город хулиганов,1995,92,315230,,1.4146,5.75,40,en,47005
11112,Компаньон,1996,114,23000000,12800000,2.3978,6.2,224,en,18281
21612,Похороны,1996,99,12500000,1227324,2.2858,6.768,192,en,39104
141210,The Sleepover,2012,6,,,0.0807,6.5,11,en,1114467
102461,Одинокая девушка,1995,90,,,1.3643,5.9,53,fr,229263
36998,День восьмой,1996,112,,,2.1396,7.33,303,fr,107490
200383,Северная звезда,1996,90,,,2.8545,4.722,45,en,22558
116844,Алкаши,1997,90,,,2.104,2.667,9,en,1086972
1630,Народ против Ларри Флинта,1996,130,36000000,20300385,4.3276,6.964,1185,en,3974
26626,Блеск славы,1995,100,,,1.8913,5.12,50,en,53345
470646,Plutonium Circus,1995,73,,,1.0015,6.0,1,en,46802
124837,A Perfect Candidate,1996,105,,,0.8081,5.6,7,en,621628
11816,На золотом озере,1981,109,15000000,119285432,1.4119,7.25,492,en,21958
11843,Возвращение Розовой пантеры,1975,113,5000000,41833347,1.4141,6.8,647,en,1927
10379,Вредный Фред,1991,99,6788000,13878334,1.919,5.8,385,en,16672
2756,Бездна,1989,139,43000000,90000098,5.7682,7.343,3262,en,2710
790,Туман,1980,89,1000000,21448830,1.6441,6.7,1670,en,11770
1103,Побег из Нью-Йорка,1981,99,6000000,50244700,3.2751,7.1,3375,en,11770
11298,Вой,1981,91,1000000,17985893,1.1736,6.6,846,en,4600
4480,Жан Де Флоретт,1986,121,4940939,,1.7359,7.693,594,fr,20718
4481,Манон с источника,1986,113,,,2.2818,7.6,548,fr,20718
575751,Разговоры о сексе,1994,87,,,0.4524,3.333,3,en,2219290
49688,Джонни Сто Песо,1993,90,,,0.1307,6.0,19,es,259792
10765,Рядовой Бенджамин,1980,110,15000000,69800000,2.1496,6.0,400,en,34611
762,Монти Пайтон и священный Грааль,1975,91,400000,5763644,4.295,7.8,6160,en,10707
44497,Hustler White,1996,80,,127251,4.1372,5.176,37,en,1115333
85588,Dadetown,1995,93,,,0.0662,7.0,2,en,932368
278621,Everything Relative,1996,110,,,0.9397,1.625,4,en,1415878
99479,Смешной ангел: День из жизни Дороти,1996,112,,711872,1.4164,4.8,6,en,109635
566972,Hoogste tijd,1995,120,,,2.3397,4.25,4,nl,27877
55049,Три жизни и одна смерть,1996,123,500000,,0.513,6.4,44,fr,121585
124829,The Line King: The Al Hirschfeld Story,1996,86,,,1.9589,7.0,5,en,1080611
79306,Snowriders,1996,96,,2035470,0.2249,0.0,0,en,612525
356054,Curtis's Charm,1996,74,,,0.9185,0.0,0,en,159767
10548,Когда мы были королями,1996,89,,2666118,1.6646,7.554,241,en,65608
531,Уоллес и Громит: Неправильные Штаны,1993,30,832000,,2.8684,7.8,1102,en,7314
104931,"JLG/JLG, autoportrait de décembre",1995,62,,,0.5243,6.415,41,fr,3776
4483,Возвращение Мартина Герра,1982,107,3704433,3723036,1.6682,6.737,215,fr,38494
18919,Урок Фауста,1994,97,,,2.358,7.5,72,cs,83784
31556,Он бродил по ночам,1949,79,,,0.7956,6.673,98,en,81930
26167,Грязная сделка,1948,79,,,2.3657,6.652,105,en,40199
26174,Люди Ти,1947,92,,,1.5914,6.781,89,en,40199
572997,Zaproszenie,1986,92,,,1.1557,5.0,1,pl,1073769
61461,Дети смотрят на нас,1943,84,,,1.9746,7.6,86,it,12329
117500,Пасторальная симфония,1946,110,,,0.4012,6.2,19,fr,70854
218713,Here Comes Cookie,1935,65,,,0.9295,7.3,6,en,82389
217802,Love in Bloom,1935,75,,,0.7331,4.0,1,en,89914
127973,Six of a Kind,1934,62,,,0.7152,5.8,13,en,30008
659,Жестяной барабан,1979,142,3000000,17000000,5.1928,6.933,510,de,10249
30892,Правящий класс,1972,154,,,0.7606,6.4,91,en,21377
86369,Mina Tannenbaum,1994,128,,,2.5053,6.3,19,fr,933201
8074,"Две или три вещи, которые я знаю о ней",1967,97,,,0.5658,6.2,208,fr,3776
124676,The Bloody Child,1996,85,,,0.085,5.0,8,en,1038016
559489,Farmer & Chase,1997,97,,,2.5827,0.0,0,en,58644
38554,Дорогой Боженька,1996,112,22000000,,1.1439,5.5,61,en,1201
49763,Зловещая луна,1996,80,7000000,1100000,0.8249,6.697,274,en,54839
41326,American Dream,1990,98,,269823,1.7741,7.333,15,en,22020
36555,Лучшие из лучших 3,1995,90,,,1.2934,5.5,78,en,82442
10608,Боб Робертс,1992,102,3900000,8000000,2.0193,6.497,169,en,504
11216,Новый кинотеатр «Парадизо»,1988,124,5000000,12462062,5.7129,8.43,4659,it,65314
7452,"Повар, вор, его жена и её любовник",1989,124,2300000,7724701,2.1971,7.312,676,en,30309
64567,Коварство славы,1994,92,,,1.9689,6.0,117,fr,21175
892,Деликатесы,1991,99,4000000,1794187,3.2665,7.302,1570,fr,2419
1600,Двойная жизнь Вероники,1991,98,,1999955,1.1744,7.483,859,fr,1126
26561,Колдовской апрель,1991,89,,13200170,2.4902,6.8,72,en,10723
975,Тропы славы,1957,88,935000,1200000,3.8805,8.3,3139,en,240
18129,Кидалы,1990,110,,13446769,0.8417,6.5,450,en,3224
54405,Hear My Song,1991,104,,,0.8394,5.8,31,en,36804
150823,Стрелок,1997,91,,,2.2371,4.571,14,en,31155
409,Английский пациент,1996,162,27000000,231976425,3.2611,7.16,2307,en,2239
38251,Средиземное море,1991,96,,4532791,3.5416,7.624,1034,it,55916
10161,Моя левая нога,1989,103,645180,14743391,2.2871,7.522,981,en,53334
1412,"Секс, ложь и видео",1989,100,1200000,24741667,2.4327,6.9,993,en,1884
41768,Рыба страсти,1992,135,5000000,4814619,1.1738,6.857,56,en,102445
10409,Танцы без правил,1992,94,3000000,33946224,4.0643,6.6,366,en,6201
14285,Тонкая голубая линия,1988,103,,1209846,1.2481,7.6,398,en,18533
2469,Свяжи меня,1990,102,,3125224,1.297,6.9,657,es,309
10174,В постели с Мадонной,1991,120,,,1.4682,6.2,159,en,50949
31225,Париж в огне,1991,78,500000,3800000,3.388,8.0,520,en,107831
510,Пролетая над гнездом кукушки,1975,134,3000000,108981275,7.3543,8.413,11067,en,3974
11455,Укуренные,1978,86,,41590893,2.2352,6.6,609,en,69500
1891,Звёздные войны: Эпизод 5 - Империя наносит ответный удар,1980,124,18000000,538400000,5.0078,8.394,17867,en,10930
2493,Принцесса-невеста,1987,98,16000000,30900000,5.8017,7.689,4883,en,3026
85,Индиана Джонс: В поисках утраченного ковчега,1981,115,18000000,389925971,9.7964,7.923,13211,en,488
68,Бразилия,1985,132,15000000,9953708,4.9775,7.7,3548,en,280
679,Чужие,1986,137,18500000,183316455,8.6704,7.956,10456,en,2710
429,"Хороший, плохой, злой",1966,178,1200000,38900000,11.6161,8.5,9277,it,4385
13446,Уитнэйл и Я,1987,108,,1544889,1.5306,7.253,598,en,8966
389,12 разгневанных мужчин,1957,97,397751,4360000,9.2438,8.548,9573,en,39996
947,Лоуренс Аравийский,1962,216,15000000,70000000,6.7346,7.998,3270,en,12238
185,Заводной апельсин,1971,137,2200000,27033812,6.7037,8.181,13471,en,240
595,Убить пересмешника,1962,129,2000000,13129846,4.0463,7.994,2756,en,8482
28,Апокалипсис сегодня,1979,153,31500000,150000000,6.9246,8.271,8752,en,1776
335,Однажды на Диком Западе,1968,166,5000000,5380118,6.6791,8.281,4693,it,4385
1892,Звёздные войны: Эпизод 6 - Возвращение Джедая,1983,134,32350000,572700000,4.9228,7.904,16468,en,19800
144,Небо над Берлином,1987,128,2500000,3210139,2.0367,7.773,1440,de,2303
1092,Третий человек,1949,104,,1226098,2.3125,7.9,2013,en,15378
769,Славные парни,1990,140,25000000,47072327,14.2528,8.454,13819,en,1032
348,Чужой,1979,116,11000000,104931801,13.5593,8.2,15790,en,578
766,Зловещие мертвецы 3: Армия тьмы,1992,85,11000000,21502976,3.0009,7.3,3383,en,7623
175,Голубая бездна,1988,132,14390509,,3.828,7.4,1519,fr,59
11645,Ран,1985,162,12000000,23334156,4.8958,8.041,1709,ja,5026
10835,Наемный убийца,1989,110,,2350174,3.1592,7.6,850,cn,11401
539,Психо,1960,109,806947,50048065,8.5729,8.421,10655,en,2636
525,Братья Блюз,1980,133,27000000,115229890,5.0357,7.722,4423,en,4610
240,Крёстный отец 2,1974,200,13000000,102600000,14.3565,8.571,13380,en,1776
600,Цельнометаллическая оболочка,1987,116,30000000,46357676,5.9776,8.123,11097,en,240
530,Уоллес и Громит: Великий Выходной,1990,24,17300,40118,2.2435,7.483,957,en,7314
10705,Генрих V: Битва при Азенкуре,1989,137,9000000,10161211,3.3158,7.165,398,en,11181
279,Амадей,1984,160,18000000,90007557,5.203,8.026,4551,en,3974
3109,Тихий человек,1952,129,1750000,3800000,2.3593,7.324,575,en,8500
311,Однажды в Америке,1984,229,30000000,5500000,6.3935,8.396,5801,en,4385
1578,Бешеный бык,1980,129,18000000,23380203,2.7917,7.9,4579,en,1032
703,Энни Холл,1977,93,4000000,43989445,3.0537,7.7,4103,en,1243
9549,Парни что надо,1983,193,27000000,21500000,1.392,7.423,923,en,648
1398,Сталкер,1979,163,120000,,4.5223,8.115,2388,ru,8452
387,Подводная лодка,1981,281,14000000,85000000,2.8937,8.084,2383,de,5231
9277,Афера,1973,129,5500000,159616327,3.7514,8.022,2814,en,9577
343,Гарольд и Мод,1971,92,1200000,,1.242,7.6,1158,en,4964
37291,Доверься,1990,107,700000,,2.5727,6.8,155,en,91343
490,Седьмая печать,1957,96,150000,311212,4.4699,8.2,3217,sv,6648
11235,Местный герой,1983,111,4200000,5900000,1.4882,6.8,377,en,68687
218,Терминатор,1984,108,6400000,78371200,12.5614,7.674,14027,en,2710
763,Живая мертвечина,1992,104,3000000,242623,3.7572,7.385,1772,en,108
9665,Доблесть,1989,122,18000000,26800000,4.3126,7.475,1730,en,9181
18971,Розенкранц и Гильденстерн мертвы,1991,117,2500000,805104,1.5374,6.905,310,en,372
696,Манхэттен,1979,96,9000000,40194067,1.5877,7.718,2531,en,1243
379,Перекресток Миллера,1990,115,14000000,5080409,2.3671,7.451,1771,en,1223
207,Общество мёртвых поэтов,1989,129,16400000,235860116,9.8872,8.301,12076,en,2690
37247,Выпускник,1967,105,3000000,104945305,4.783,7.6,3555,en,5342
1480,Печать зла,1958,95,829000,2247500,1.8244,7.8,1534,en,40
9322,Её звали Никита,1990,117,8538703,5000000,2.6737,7.1,2071,fr,59
826,Мост через реку Квай,1957,161,2800000,44908000,3.261,7.819,2263,en,12238
422,8 с половиной,1963,138,,,3.1063,8.1,2445,it,4415
829,Китайский квартал,1974,130,6000000,30000000,3.6649,7.915,4090,en,3556
828,"День, когда Земля остановилась",1951,92,995000,1850000,1.4795,7.455,1186,en,1744
3090,Сокровища Сьерра Мадре,1948,126,3800000,4307000,1.4344,8.0,1279,en,6593
9964,Инопланетное рагу,1987,91,150000,,4.0377,6.3,880,en,108
3063,Утиный суп,1933,68,,,2.215,7.313,828,en,30008
13667,Уж лучше умереть,1985,97,,10297601,1.9237,6.6,531,en,87565
694,Сияние,1980,144,19000000,44781695,9.4456,8.207,18377,en,240
235,Останься со мной,1986,89,8000000,52300000,4.8772,7.8,6236,en,3026
832,М убийца,1931,108,,35274,2.3234,8.1,2360,de,68
765,Зловещие мертвецы 2,1987,84,3500000,10900000,3.1114,7.5,3349,en,7623
5925,Большой побег,1963,172,4000000,11700000,4.9361,7.9,2717,en,14520
11778,Охотник на оленей,1978,183,15000000,49000000,4.7602,7.982,4072,en,12114
4485,Дива,1981,117,,2925889,2.8324,6.7,256,fr,37451
137,День сурка,1993,101,14600000,71108778,13.7989,7.619,8530,en,1524
33,Непрощённый,1992,131,14400000,159157447,4.6542,7.908,4739,en,190
982,Маньчжурский кандидат,1962,126,2200000,7700000,1.6535,7.5,766,en,13776
8428,Прибавьте громкость,1990,102,,11500000,2.1132,7.1,385,en,55790
212,Мышьяк и старые кружева,1944,118,1120175,,1.6896,7.6,993,en,2662
105,Назад в будущее,1985,116,19000000,381109762,16.8852,8.323,21126,en,24
1633,Жареные зеленые помидоры,1991,130,11000000,119418501,2.3077,7.681,1415,en,18250
11202,Паттон,1970,172,12000000,89800000,2.2301,7.487,1168,en,13265
1554,Вне закона,1986,106,1100000,1529206,1.8616,7.3,805,en,4429
149,Акира,1988,124,5700000,49000000,5.4531,7.9,4570,ja,185
8009,Горец,1986,116,19000000,12900000,4.6372,6.869,2792,en,52968
903,Хладнокровный Люк,1967,126,3200000,16217773,2.1602,7.7,1537,en,13859
11673,Сирано де Бержерак,1990,137,,5822041,1.8525,7.324,801,fr,25950
3034,Молодой Франкенштейн,1974,108,2800000,86273333,2.8137,7.862,3290,en,14639
339,Ночь на Земле,1991,129,3500000,2015810,1.7217,7.514,994,en,4429
10404,Подними красный фонарь,1991,125,1000000,16600000,1.5342,7.926,768,zh,607
914,Великий диктатор,1940,125,2000000,11000000,2.5754,8.3,3566,en,13848
756,Фантазия,1940,124,2280000,76411819,3.5314,7.344,3220,en,11434
288,Ровно в полдень,1952,85,730000,8000000,3.9097,7.7,1520,en,4065
910,Глубокий сон,1946,109,250000,10682000,2.4287,7.602,1107,en,11435
2640,Смертельное влечение,1988,103,3000000,1166207,3.0344,7.276,1817,en,7145
16633,Где-то во времени,1980,103,5100000,,2.3016,7.532,631,en,16187
665,Бен-Гур,1959,212,15000000,164000000,5.712,7.89,2986,en,10001
11031,Это — Spinal Tap,1984,82,2500000,5831458,2.774,7.417,1538,en,3026
11314,Коянискацци,1983,87,600000,3200000,3.7706,7.9,743,en,68993
15143,Чудеса своего рода,1987,95,,18553948,1.5718,6.85,517,en,26502
89,Индиана Джонс и последний крестовый поход,1989,127,48000000,474171806,5.1478,7.849,10718,en,488
10322,Будучи там,1979,130,,30177511,1.3857,7.6,1072,en,4964
783,Ганди,1982,191,22000000,77737889,2.7577,7.554,2422,en,4786
10644,Невыносимая легкость бытия,1988,171,17000000,10000000,1.3671,6.9,490,en,648
11257,Комната с видом,1985,117,3000000,20966644,2.2995,6.9,803,en,54441
14370,Настоящие гении,1985,106,8000000,12952019,3.0451,6.7,474,en,63713
12104,Стена,1982,95,12000000,22244207,2.2266,7.943,1589,en,9168
625,Поля смерти,1984,142,14400000,34700291,2.3396,7.458,791,en,8965
8816,Моя собачья жизнь,1985,102,,8300000,0.837,7.2,279,sv,5306
830,Запретная планета,1956,98,1900000,3250000,1.7837,7.3,1011,en,12300
2323,Поле чудес,1989,105,15000000,84431625,2.3449,7.11,1605,en,23968
983,"Человек, который хотел быть королем",1975,123,8000000,12678,1.5672,7.5,679,en,6593
642,Буч Кэссиди и Сандэнс Кид,1969,110,6000000,102308889,5.009,7.609,2366,en,9577
655,"Париж, Техас",1984,139,1750000,2181987,3.1848,8.09,2088,en,2303
10341,Когда наступит конец света,1991,280,23000000,,0.7683,6.7,226,de,2303
639,Когда Гарри встретил Салли,1989,96,16000000,92823546,3.677,7.402,4393,en,3026
266022,I Shot a Man in Vegas,1996,86,,2684,0.8225,2.7,3,en,92436
168450,Parallel Sons,1995,93,,,1.1265,4.625,8,en,227875
30180,Hype!,1996,84,,,0.2926,7.4,56,en,105802
31388,Силач Санта-Клаус,1996,98,,220198,1.1165,3.5,87,en,110834
41801,Женская извращенность,1997,120,,,1.8574,4.966,59,en,135163
66034,Время бешеных псов,1996,93,8000000,107874,1.142,5.229,48,en,34721
348138,Breathing Room,1996,90,,,3.2193,0.0,0,en,186758
96288,Paris Was a Woman,1996,75,,,1.0154,5.9,6,en,116799
61536,I'm Not Rappaport,1996,135,,,1.0312,5.6,31,en,144256
18762,Синий сок,1995,90,,,2.9987,4.038,40,en,83555
331367,Kids of Survival,1996,87,,,0.0,0.0,0,en,950745
8077,Чужой 3,1992,115,50000000,159773545,4.6475,6.4,6128,en,7467
814,Американский оборотень в Лондоне,1981,97,10000000,31973249,2.9458,7.4,2593,en,4610
41671,Амитивилль 1992: Вопрос времени,1992,95,,,1.2759,4.719,136,en,52194
27214,Амитивилль 3-D,1983,93,6000000,6333135,1.5597,4.6,239,en,2087
52263,Кукольный дом,1996,96,,,2.2739,4.5,112,en,1673596
33519,Амитивилль 7: Новое поколение,1993,92,1500000,,1.8753,4.217,99,en,110834
16235,Амитивилль 2: Одержимость,1982,104,5000000,12534817,1.5839,5.742,386,en,35256
11449,Ужас Амитивилля,1979,119,4700000,86432488,1.6041,6.272,992,en,13859
41848,Проклятие Амитивилля,1990,91,750000,,1.3316,3.987,116,en,56982
25944,Кровь для Дракулы,1974,103,,,1.9629,5.7,175,en,18627
24913,День дурака,1986,88,5000000,,0.7509,6.034,369,en,62556
49126,Чужая дочь,1977,113,,,2.6855,5.629,143,en,1744
32076,Верующие,1987,114,13000000,18753438,0.9986,5.951,174,en,19304
571,Птицы,1963,119,2500000,11500000,2.9866,7.518,4327,en,2636
8851,Капля,1958,82,110000,4000000,8.7153,6.216,640,en,56141
37843,Кровавый пляж,1980,92,2000000,,2.7007,4.925,80,en,178486
32146,Расчлененное тело,1991,88,,,2.857,5.8,125,en,54839
30346,Похитители тел,1945,78,125000,,1.0991,7.0,196,en,1744
6114,Дракула,1992,128,40000000,215862692,7.1046,7.4,5549,en,1776
229,Невеста Франкенштейна,1935,75,393750,2000000,2.6349,7.51,1062,en,2917
13549,Сожженные приношения,1976,116,,,1.2171,6.5,258,en,29648
9529,Кэндимэн,1992,99,6000000,25792310,3.4904,6.6,1728,en,57851
1598,Мыс страха,1991,128,35000000,182300000,3.1862,7.251,3693,en,1032
11349,Мыс страха,1962,105,35000000,103000000,3.2853,7.4,601,en,18669
7340,Кэрри,1976,98,1800000,33800000,5.3149,7.323,4139,en,1150
6217,Люди-кошки,1982,118,12500000,21000000,1.6761,6.035,544,en,1035
377,Кошмар на улице Вязов,1984,92,1800000,57004513,7.6631,7.3,5517,en,5140
653,Носферату. Симфония ужаса,1922,81,,24194,4.5001,7.7,2353,de,9076
28198,Вампир в Венеции,1988,97,,,1.1848,5.846,65,it,59622
794,Омен,1976,111,2800000,60922980,2.4721,7.409,2290,en,7187
31640,Кровь и вино,1996,101,26000000,1094668,1.4396,5.7,177,en,19450
8744,Альбино Аллигатор,1997,97,6000000,339471,0.3751,5.726,157,en,1979
25189,У зеркала два лица,1996,126,42000000,41083864,6.4585,6.706,359,en,10400
145,Рассекая волны,1996,159,7500000,23000000,1.7849,7.5,1067,da,42
2212,Ночное дежурство,1997,101,10000000,1179002,1.7104,6.049,416,en,22676
199,Звёздный путь: Первый контакт,1996,111,46000000,146027888,2.6615,7.299,1875,en,2388
7863,Блеск,1996,101,5500000,35892330,3.3323,7.4,683,en,33433
12498,Отточенное лезвие,1996,135,1200000,34100000,3.5692,7.534,831,en,879
9279,Подарок на Рождество,1996,89,60000000,129800000,11.6161,6.1,2824,en,13581
53234,Идентификация женщины,1982,128,,,0.9553,5.8,74,it,15189
17204,Потерянный рай: Убийцы детей из Робин Гуд Хиллс,1996,150,,,0.2749,7.6,190,en,69237
21539,Жена священника,1996,123,40000000,48100000,1.7203,5.8,240,en,14911
85589,Ноль градусов Кельвина,1995,118,2535000,,3.4056,6.444,45,no,95972
12709,Насмешка,1996,102,3000000,2503829,2.3295,6.9,217,fr,37626
20539,Суровое испытание,1996,124,25000000,7343114,1.4154,6.596,537,en,55476
11674,101 далматинец,1996,102,54000000,320689294,4.3081,5.938,3529,en,18356
199512,Il Cristo proibito,1951,99,,,0.2797,6.3,13,it,236579
64900,J'ai pas sommeil,1994,112,,,1.3727,6.1,17,fr,9888
1573,Крепкий орешек 2,1990,124,70000000,240031094,8.6477,6.96,6150,en,16938
152,Звёздный путь: Фильм,1979,143,44000000,139346243,3.2038,6.5,1840,en,1744
174,Звёздный путь 6: Неоткрытая страна,1991,113,27000000,96888996,1.6463,7.0,1348,en,1788
172,Звёздный путь 5: Последний рубеж,1989,107,33000000,63000000,2.4481,5.724,1245,en,1748
154,Звёздный путь 2: Гнев Хана,1982,116,12000000,96594943,1.8998,7.4,2036,en,1788
157,Звёздный путь 3: В поисках Спока,1984,105,18000000,87000000,1.1651,6.6,1442,en,1749
168,Звёздный путь 4: Дорога Домой,1986,119,21000000,133000000,2.1095,7.164,1580,en,1749
364,Бэтмен возвращается,1992,126,80000000,280000000,7.0175,6.943,6865,en,510
11967,Молодые стрелки,1988,107,13000000,44700000,3.2964,6.7,985,en,56828
9086,Молодые стрелки 2,1990,104,20000000,59000000,2.4127,6.5,574,en,32277
621,Бриолин,1978,110,6000000,396271103,8.2595,7.373,7510,en,8876
9037,Бриолин 2,1982,115,13200000,15172313,1.8123,5.208,710,en,56755
10173,Отмеченный смертью,1990,93,12000000,46044400,1.4607,6.098,570,en,56998
55687,Адреналин,1996,77,,,0.8397,4.567,75,en,63937
168535,The Substance of Fire,1996,102,,,0.9957,7.1,5,en,1202000
8845,В осаде,1992,103,35000000,156563139,2.3862,6.294,1645,en,12989
46681,Террор в техасском городке,1958,81,,,1.0539,6.7,44,en,86004
578,Челюсти,1975,124,7000000,470653000,13.1518,7.682,11164,en,488
579,Челюсти 2,1978,117,20000000,187884000,5.4002,6.027,2047,en,16187
17692,Челюсти 3,1983,98,20500000,87987056,2.1983,4.459,1369,en,8558
17795,Мои дорогие американцы,1996,101,21500000,,0.9851,6.0,164,en,13426
75,Марс атакует!,1996,106,70000000,101371017,4.1665,6.4,5706,en,510
13891,Гражданка Рут,1996,106,3000000,285112,2.7991,6.567,141,en,13235
9390,Джерри Магуайер,1996,139,50000000,273600000,4.8315,6.973,3531,en,11649
378,Воспитание Аризоны,1987,94,6000000,29180280,2.0253,7.054,2239,en,1223
10896,Алюминиевые человечки,1987,108,,,2.3331,6.3,132,en,8246
2322,Тихушники,1992,126,23000000,105232691,6.1124,6.9,1002,en,23968
41240,Ублюдок из Каролины,1996,98,,,1.5703,7.1,79,en,5657
26949,В любви и войне,1996,113,,25372294,1.2329,5.9,149,en,4786
9819,Комната Марвина,1996,98,23000000,12803305,1.7223,6.7,619,en,59635
49799,Somebody Is Waiting,1996,96,,,0.9164,2.0,1,en,1495632
31908,Призраки Миссисипи,1996,131,30000000,13323144,1.1134,6.6,154,en,3026
46027,Ночь над Манхэттеном,1997,113,10000000,9889670,1.149,6.3,133,en,39996
3179,Бивис и Батт-Хед уделывают Америку,1996,81,12000000,63118386,1.1901,6.7,743,en,17403
1802,Церемония преступления,1995,112,,10882920,0.8292,7.3,376,fr,19069
4232,Крик,1996,111,14000000,173046663,7.601,7.425,7558,en,5140
9361,Последний из могикан,1992,112,40000000,75505856,5.0802,7.385,3286,en,638
2928,Майкл,1996,105,20000000,119700000,2.6516,5.7,662,en,9248
30285,Вечерняя звезда,1996,129,,12767815,1.1668,6.1,75,en,68319
10549,Гамлет,1996,242,18000000,4700000,3.5395,7.3,499,en,11181
58102,Сыновья,1996,112,,,1.1907,6.7,37,en,2589
18451,Весь огромный мир,1996,111,1300000,,1.3262,6.6,50,en,69099
27265,Мать,1996,104,,19100000,2.3282,6.8,88,en,13
49935,Воры,1996,117,,,1.9064,6.1,50,fr,96627
8818,Эвита,1996,135,55000000,141047179,2.0603,6.1,494,en,9168
36758,Портрет леди,1996,144,,3692836,1.7486,5.968,250,en,10757
36040,Обход,1971,100,1000000,,1.1951,7.3,424,en,14132
74239,Message to Love - The Isle of Wight Festival,1996,127,,,3.6603,6.6,12,en,118441
9415,Убийство в Белом доме,1997,106,40000000,25804707,1.6,6.1,561,en,56998
55146,Hearts & Minds,1995,113,500000,,1.6679,0.0,0,en,88970
303693,Inside,1996,94,,,2.3479,4.3,9,en,6448
12145,Свирепые создания,1997,93,25000000,9381260,2.8372,6.184,372,en,127716
42424,Зевс и Роксана,1997,98,,,1.4238,5.2,84,en,1174031
34314,Турбулентность,1997,100,55000000,11466088,2.0965,5.369,267,en,101767
2892,Ангелочек,1995,105,,,3.273,6.4,22,en,28741
9404,Первый удар,1996,107,1500000,53168876,2.7502,6.465,512,cn,44916
85242,Темный мир,1996,95,,,1.861,5.0,21,en,5058
9622,Ниндзя из Беверли Хиллз,1997,88,18000000,31480022,2.06,5.65,811,en,17494
8860,Городская полиция,1997,117,55000000,31987563,2.1595,5.7,591,en,52038
197537,La Machine,1994,96,,,2.2347,5.1,19,fr,5005
66597,Falling in Love Again,1980,103,,,1.5005,5.731,13,en,16838
14832,Цементный сад,1993,105,,322975,1.3488,6.7,105,en,2355
9619,Пик Данте,1997,109,116000000,178127760,3.3445,6.216,1978,en,21370
40506,Познакомьтесь с Уолли Спарксом,1997,105,12000000,4100000,1.3126,4.7,54,en,34651
31000,Эмос и Эндрю,1993,96,,9745803,2.0997,5.4,168,en,68928
4104,Бенни и Джун,1993,98,,23202734,2.6638,7.023,802,en,34682
26306,Префонтейн,1997,106,8000000,589304,1.9606,6.5,86,en,122449
203829,A Tickle in the Heart,1996,90,,,0.0143,6.0,3,en,932805
43775,Guantanamera,1995,105,,,2.7637,6.5,23,es,72646
14908,Флот МакХэйла,1997,104,,4529843,1.0938,4.416,77,en,42111
784,Коля,1996,105,1031764,7566841,1.9446,7.3,195,cs,11688
12489,В тупике,1997,91,5000000,5600000,1.2715,6.7,229,en,6198
168283,Fire on the Mountain,1996,72,,,1.0397,0.0,0,en,1196269
16448,В ожидании Гаффмана,1996,84,4000000,2900000,1.2352,6.975,257,en,13524
55936,Кавказский пленник,1996,100,,890078,0.9004,6.746,61,ru,130938
17894,Парикмахерша и чудовище,1997,105,16000000,11486880,1.2714,6.72,364,en,29009
28059,Пригород,1997,121,,656747,1.436,6.185,127,en,564
58911,Hotel de Love,1996,95,,,0.7565,4.389,9,en,58922
17949,Вредитель,1997,82,17000000,3600000,2.413,4.683,161,en,120870
1968,"Поспешишь, людей насмешишь",1997,109,20000000,42000000,1.8227,6.464,583,en,17167
61563,Touch,1997,96,5500000,387069,2.0262,5.6,45,en,1035
66,Абсолютная власть,1997,121,50000000,50100000,2.8531,6.654,1170,en,190
20735,Эта дикая кошка,1997,89,,,1.3523,4.984,94,en,47974
11419,Каникулы в Вегасе,1997,93,25000000,36400360,3.3198,6.0,687,en,69353
333165,Unforgotten: Twenty-Five Years After Willowbrook,1997,58,,,1.2181,6.6,5,en,64462
25796,Это старое чувство,1997,105,,,0.9011,6.203,64,en,1895
638,Шоссе в никуда,1997,134,15000000,3836866,2.773,7.5,2827,en,5602
25624,Роузвуд,1997,140,30000000,13130349,2.2049,6.5,112,en,6482
9366,Донни Браско,1997,127,35000000,124909762,4.1299,7.536,4696,en,10723
60083,Salut cousin !,1996,98,,,2.6498,4.2,13,fr,82307
21915,Зов плоти,1997,79,7000000,20050376,2.1129,5.254,122,en,88060
90928,Рифмы И Рассудок,1997,89,,,2.7808,7.0,21,en,107131
50091,Boys Life 2,1997,74,,532654,0.8384,5.214,14,en,33541
18420,Зона преступности,1997,97,8000000,1568258,0.7714,5.5,87,en,17784
19952,Лучшие люди,1997,90,1000000,,1.1815,5.2,59,en,57691
9446,Из джунглей в джунгли,1997,97,32000000,59927618,1.6527,5.3,490,en,58072
28005,Кама Сутра: История любви,1997,117,3000000,4109095,1.6445,5.7,180,en,6495
9403,Части тела,1997,109,28000000,41200000,1.5874,6.4,363,en,31024
27322,Лов Джоунс,1997,108,10000000,12782749,1.6272,7.4,71,en,120515
10003,Святой,1997,116,68000000,118100000,3.3713,6.1,1185,en,13015
9311,Снежное чувство Смиллы,1997,121,35000000,2372903,1.8596,6.286,248,en,19684
11844,The Van,1996,100,,712095,0.326,6.349,73,en,3224
884,Автокатастрофа,1996,100,9000000,2671855,3.0634,6.46,1263,en,224
49806,The Daytrippers,1997,87,600000,2099677,2.0921,6.459,97,en,54733
1624,"Лжец, лжец",1997,86,45000000,302710615,4.4961,6.702,6022,en,4499
88423,The Quiet Room,1996,92,,,1.0345,5.7,10,en,112674
16052,Селена,1997,127,20000000,60000000,11.6517,7.7,1286,en,16395
4477,Собственность дьявола,1997,107,90000000,140807547,2.8747,6.18,1295,en,6349
24662,Коты не танцуют,1997,75,32000000,3600000,2.0288,7.217,196,en,61411
18423,Темнокожие американские принцессы,1997,91,10000000,7240837,1.5084,5.2,77,en,68750
76996,Love and Other Catastrophes,1996,78,250000,,0.9746,5.3,30,en,142513
6499,Могучие Рейнджеры: Турбо,1997,99,10000000,9615840,1.6707,5.742,304,en,50099
50512,Анна Каренина,1997,108,35000000,858553,3.0948,6.1,156,en,57851
9405,Колония,1997,93,30000000,48138337,2.1099,5.181,797,en,26760
12723,Выдуманная жизнь Эбботов,1997,107,,5926128,1.7829,6.285,244,en,19969
9360,Анаконда,1997,89,45000000,136885767,6.7639,5.3,2647,en,26648
9434,Убийство в Гросс-Пойнте,1997,107,15000000,31100000,0.9944,6.949,982,en,58294
118991,Шантаж,1997,116,,57252,1.3919,4.7,29,en,51575
21626,Поцелуй со смертью,1996,78,,,0.406,6.417,78,en,1215282
13982,8 голов в одной сумке,1997,95,3000000,3602884,1.233,5.003,173,en,2691
93946,Hollow Reed,1996,102,,,1.9611,5.533,15,en,1016352
77223,Дорога в рай,1997,122,16000000,2007100,2.1426,6.4,91,en,5696
31465,Путешественник,1997,101,,,2.188,5.6,36,en,356
12793,All Over Me,1997,93,600000,,1.2126,5.92,56,en,73622
102878,A Brother's Kiss,1997,92,,,0.97,6.7,7,en,1032175
105763,1001 рецепт влюбленного кулинара,1996,100,,686704,1.0656,4.467,15,ka,48663
9611,Роми и Мишель на встрече выпускников,1997,92,20000000,29235353,1.8206,6.2,563,en,58178
47694,Луна-соблазнительница,1996,130,,,2.2353,6.6,35,zh,20640
10357,Вулкан,1997,104,90000000,122823468,3.0702,5.924,1608,en,8843
9977,Children of the Revolution,1996,101,,,0.9168,5.5,21,en,61335
816,Остин Пауэрс: Человек-загадка международного масштаба,1997,89,16500000,67711748,3.5033,6.588,3635,en,6737
2163,Авария,1997,93,36000000,50159144,1.7904,6.908,1030,en,7213
124680,Чужая свадьба,1996,92,,,0.2254,5.4,10,en,938945
16399,Заповеди,1997,88,5000000,548562,2.1392,4.9,18,en,74063
124843,Ripe,1996,92,,,0.988,4.8,18,en,974866
31017,"Truth or Consequences, N.M.",1997,106,,134831,1.2028,6.1,77,en,2628
24645,Перевоплощение,1992,87,,,2.3042,2.75,8,en,92108
49478,Доблестные воины,1997,103,,,1.6165,4.721,68,en,17268
12499,День отца,1997,99,85000000,36000000,1.0062,5.5,295,en,8858
18,Пятый элемент,1997,126,90000000,263920180,7.2467,7.562,11306,fr,59
68545,Интимные отношения,1996,105,,,2.0794,5.1,16,en,1487726
1811,Нигде,1997,82,,194201,2.7151,6.799,199,en,19224
109614,Теряя Чейз,1996,97,,,2.2321,5.9,24,en,4724
60082,Пьяный,1997,105,,7553105,2.6759,5.263,19,en,141825
24183,Обещание,1996,94,,,1.633,7.208,174,fr,56209
53023,Счастье,1965,80,,,4.3612,7.414,280,fr,6817
64802,"Любовь, доблесть, сострадание",1997,108,2000000,2900000,0.9613,6.146,41,en,171000
11239,Давайте потанцуем?,1996,136,,43000000,4.6122,7.421,170,ja,68707
50850,Вторая книга джунглей: Маугли и Балу,1997,88,,479099,1.1374,5.6,32,en,83284
15321,Twin Town,1997,99,,,2.1471,6.225,80,en,36083
2058,Дурман любви,1997,100,,34673095,1.31,6.2,430,en,2171
9450,Дело – труба,1996,108,,2576197,1.9777,6.986,291,en,55299
125021,The Designated Mourner,1997,94,,,0.8692,5.167,6,en,8403
330,Парк юрского периода 2: Затерянный мир,1997,129,73000000,618638999,0.3646,6.559,8929,en,488
38523,Ponette,1996,97,,,2.6923,7.4,56,fr,118020
16375,Шизополис,1997,96,250000,10580,2.6076,6.1,102,en,1884
33660,Мой лучший друг Шейлок,1996,93,,,2.6082,5.712,73,en,79983
59232,Война в доме,1996,119,,,1.3508,6.9,27,en,2880
45671,Магия,1995,104,,247202,2.4725,5.5,32,en,133420
17770,Процесс и ошибка,1997,94,,,1.1562,5.43,86,en,21217
15170,Бадди,1997,84,25000000,10113400,2.8023,4.868,72,en,1901
1701,Воздушная тюрьма,1997,115,75000000,224012234,4.7372,6.762,4489,en,12786
201445,Late Bloomers,1996,107,,,0.8979,4.167,15,en,1143633
26422,Интимный дневник,1995,126,,,1.0423,6.32,178,en,30309
124642,En avoir (ou pas),1995,89,,,0.708,4.7,10,fr,222216
1639,Скорость 2: Контроль над круизом,1997,125,160000000,164508066,2.5106,4.6,1734,en,2209
49235,Squeeze,1997,95,500000,10300,2.1873,5.714,7,en,563363
106129,Sudden Manhattan,1996,80,,,2.2729,5.25,6,en,66496
291634,The Next Step,1997,97,,,0.7587,0.0,0,en,1391623
107743,Wedding Bell Blues,1996,102,,44000,0.9756,3.833,6,en,60050
415,Бэтмен и Робин,1997,125,125000000,238207122,5.4422,4.383,5251,en,5572
47686,Dream with the Fishes,1997,97,1000000,543708,1.1079,6.804,28,en,84692
65889,Место на кладбище,1997,98,,123330,1.216,6.446,37,en,66548
11103,Как удержаться на плаву,1996,92,,,1.3629,6.0,157,en,7847
11970,Геркулес,1997,93,85000000,252712101,7.4196,7.495,7745,en,15810
34941,Самоубийца,1997,92,4000000,46362,1.5259,5.0,41,en,56435
407992,MURDER and murder,1996,113,,,1.2753,4.5,7,en,1078811
8874,Свадьба лучшего друга,1997,105,38000000,299288605,2.6586,6.578,2793,en,3045
17991,Тэцуо II: Человек-молот,1992,81,125000,,1.2656,6.2,132,ja,58608
11956,Chacun cherche son chat,1996,91,,,0.4392,6.2,98,fr,17520
266,Презрение,1963,103,900000,528428,1.4273,7.068,899,fr,3776
754,Без лица,1997,138,80000000,245700000,5.7657,7.051,5664,en,11401
37567,Fall,1997,93,1000000,51266,2.9932,6.2,28,en,68185
43771,Габбех,1996,72,,,0.3911,6.6,56,fa,120226
124834,Mondo,1995,80,,,0.6819,6.9,11,fr,41040
249358,Сон младенца,1996,110,,,0.9703,4.0,4,fr,1284919
111367,Моцарт - навсегда,1996,85,,,1.2722,5.8,20,fr,3776
607,Люди в чёрном,1997,98,90000000,589390539,8.7299,7.215,14418,en,5174
18080,В открытом море,1997,106,,,1.0141,5.739,111,en,63713
38225,Дикая Америка,1997,106,,,1.9444,6.1,106,en,56506
17834,Простое желание,1997,89,28000000,8345056,1.0573,5.5,169,en,12964
686,Контакт,1997,150,90000000,171120329,5.9936,7.438,4777,en,24
65046,Love Serenade,1996,101,,,2.915,5.929,28,en,181826
4421,Солдат Джейн,1997,124,50000000,48169156,2.6878,6.464,1779,en,578
9387,Конан Варвар,1982,130,20000000,73951475,9.5947,6.808,2671,en,8328
10603,Джордж из джунглей,1997,92,55000000,174463257,3.109,5.6,2172,en,54967
2142,Полицейские,1997,104,15000000,44862187,2.1363,6.794,1706,en,366
38904,Миссис Дэллоуэй,1997,97,,3309421,1.9111,5.5,70,en,13496
45565,"I Love You, I Love You Not",1996,88,,,0.9254,5.044,34,en,3192
9407,Красный угол,1997,122,48000000,22420000,3.3435,6.33,393,en,18250
4824,Шакал,1997,124,60000000,159300000,8.0575,6.383,2019,en,30365
9444,Анастасия,1997,94,53000000,139804348,7.11,7.606,5491,en,12881
9414,"Человек, который слишком мало знал",1997,94,20000000,13801755,1.6043,6.4,547,en,15148
8078,Чужой: Воскрешение,1997,109,70000000,162000000,4.8019,6.16,5349,en,2419
29938,Alien Escape,1997,95,,,1.2446,2.5,6,en,105287
11831,Амистад,1997,155,36000000,44229441,0.6455,7.02,1369,en,488
2895,Апостол,1997,134,5000000,19868354,1.5091,6.298,151,en,3087
39177,Артемизия,1997,98,,,3.7286,5.9,44,fr,78725
19601,Склонность,1997,105,,496059,2.1399,6.849,152,en,84896
124606,Bang,1995,98,,,2.4863,4.6,10,en,77465
42832,Les Boys,1997,107,3300000,10602341,1.5363,5.983,29,fr,240071
22797,Мальчик-мясник,1998,110,,5000000,1.3363,6.8,120,en,17016
2639,Разбирая Гарри,1997,96,20000000,10686841,2.7971,7.247,1014,en,1243
9574,Флаббер,1997,93,80000000,178000000,4.705,5.661,2471,en,56911
10371,"И в бедности, и в богатстве",1997,115,35000000,31611225,1.2375,5.994,243,en,42111
489,Умница Уилл Хантинг,1997,126,10000000,225900000,9.1558,8.157,13298,en,5216
167738,Guy,1997,91,,,1.8439,2.25,4,en,125543
293820,Tar,1996,90,,,1.7536,7.5,3,en,3777692
9714,Один дома 3,1997,102,32000000,79082515,9.6439,5.275,3168,en,1215
102406,Ill Gotten Gains,1997,101,,,1.0667,2.0,3,en,2963248
531591,Legal Deceit,1997,93,,,0.1853,4.3,3,en,4572225
8197,Полночь в саду добра и зла,1997,155,35000000,25100000,2.1742,6.357,607,en,190
6283,Мышиная охота,1997,93,38000000,122417389,2.5861,6.54,1311,en,1704
279698,Never Met Picasso,1996,101,,,0.4959,3.8,5,en,107168
49728,Убийца в офисе,1997,82,,,1.8635,5.1,45,en,1058100
64562,Other Voices Other Rooms,1997,94,,,0.5547,6.5,8,en,138736
4233,Крик 2,1997,120,24000000,172363301,5.6092,6.507,4491,en,5140
191874,Незнакомец в доме,1997,94,,,0.9197,6.5,4,en,56983
10217,Славное будущее,1997,112,5000000,7951247,1.0001,6.89,414,en,56205
438108,Time Tracers,1997,101,,,0.0894,2.5,2,en,98120
597,Титаник,1997,194,200000000,2264162353,23.4289,7.903,26521,en,2710
714,007: Завтра не умрёт никогда,1997,119,110000000,333011068,4.3476,6.375,3295,en,1724
52537,Не такой как все,1996,100,,,2.2384,2.8,6,en,1352792
12799,Полный вперёд,1996,85,,,0.3374,5.2,25,fr,49855
62394,Приключения маленького индейца,1997,115,,323411,2.1107,6.483,29,en,4137
9922,Почтальон,1997,177,80000000,17626234,3.3359,6.3,1148,en,1269
547,Заклинатель лошадей,1998,169,60000000,186883563,2.8947,6.894,1163,en,4135
25994,Зимний гость,1997,108,,,0.8168,6.4,52,en,4566
184,Джеки Браун,1997,154,12000000,74727492,3.3659,7.358,6715,en,138
9746,Кундун,1997,134,28000000,5684789,2.9358,6.794,469,en,1032
9438,Мистер Магу,1997,87,30000000,75000000,1.9477,4.475,401,en,44916
115,Большой Лебовски,1998,117,15000000,47010480,6.9096,7.841,11800,en,1223
26941,На закате,1997,119,,2465960,1.8281,5.9,35,en,72427
27103,Моя жизнь в розовом цвете,1997,88,3200000,7100000,0.9778,6.9,105,fr,96972
9410,Большие надежды,1998,111,25000000,55494066,3.0297,6.62,660,en,11218
32302,Три ниндзя: Жаркий полдень на горе Мега,1998,93,,375805,1.7786,4.8,209,en,129952
216794,Men of Means,1999,80,,,0.0767,0.0,0,en,105294
88863,Caught Up,1998,97,,6754484,0.9915,5.0,23,en,57777
154821,Arguing the World,1998,106,,,0.0327,8.0,1,en,656971
41417,Огненный шторм,1998,89,19000000,8165212,2.3306,5.2,68,en,4501
12538,Без чувств,1998,93,,13035599,3.0003,6.199,385,en,58448
586,Плутовство,1997,97,15000000,64256513,1.6607,6.9,1003,en,8246
2666,Тёмный город,1998,100,27000000,27200000,3.9041,7.329,3044,en,21085
46338,Лидер,1996,100,,,1.2123,4.958,24,en,72624
54007,Звёздный бойскаут,1997,101,12000000,7000000,2.3995,6.3,100,en,41795
11258,Ливень,1998,97,70000000,19900000,2.571,5.86,751,en,30149
9490,Непропеченный,1998,82,8000000,17460020,3.2639,6.3,615,en,57691
9411,Падший,1998,124,46000000,25232289,3.2843,6.783,1522,en,17812
25719,Надувательство,1997,109,3000000,302204,3.7631,6.3,80,en,94155
9033,Пророчество 2,1998,80,,,1.2275,6.045,232,en,56746
11220,Падшие ангелы,1995,99,,,8.2051,7.661,1209,cn,12453
21253,Четыре дня в сентябре,1997,110,,310724,1.7212,7.504,130,pt,69719
6116,Spice World,1997,93,25000000,100000000,0.8694,4.9,492,en,47974
9457,Подъём с глубины,1998,106,45000000,11203026,3.2788,6.151,776,en,7775
281289,Tainted,1998,108,,,0.0754,4.2,5,en,138653
43911,A Letter from Death Row,1998,89,,,0.4203,3.7,9,en,18694
39424,Музыка из другой комнаты,1998,104,,118475,1.1683,5.7,68,en,65401
44361,Мать и сын,1997,73,,,1.7428,6.7,84,ru,107762
11702,Убийцы на замену,1998,87,30000000,19200000,2.1166,6.25,553,en,20907
2923,Би Манки,1999,91,,50832,2.4939,5.8,89,en,28898
12238,Ночной полет,1997,93,1000000,125397,1.2386,5.96,262,en,72182
11568,Братья Блюз 2000,1998,123,28000000,14051384,2.6725,5.279,713,en,4610
41577,Токийский кулак,1995,87,,,1.9823,6.745,143,ja,58608
66894,Ride,1998,90,,,0.6312,5.6,17,en,1214641
11003,Певец на свадьбе,1998,97,18000000,123306987,2.2714,6.774,1844,en,57370
10153,Сфера,1998,134,80000000,37020277,3.6924,6.1,1735,en,8246
49645,Ayn Rand: A Sense of Life,1998,145,,,0.0286,5.318,11,en,939416
47112,A Further Gesture,1997,96,,,0.7706,4.455,11,en,44644
102732,Любовники,1997,90,,,0.2433,3.75,8,en,1214449
30949,Пальметто,1998,114,,5878911,3.0019,5.9,124,en,10249
2898,Лучше не бывает,1997,139,50000000,314178011,3.6934,7.4,3974,en,3388
9558,Король Нью-Йорка,1990,103,5300000,2554712,2.5298,6.753,740,en,39104
83593,A Paralyzing Fear: The Story of Polio in America,1998,90,,,0.0071,0.0,0,en,
320011,Men with Guns,1998,89,,,0.5795,3.2,5,en,22140
26269,Сумерки,1998,94,37000000,15055091,2.161,6.1,213,en,6729
11808,Служители закона,1998,131,60000000,102367405,2.7832,6.535,1716,en,2523
6970,Добро пожаловать в Вуп-Вуп,1998,106,,,0.5447,5.774,31,en,27889
47452,Любовь и смерть на Лонг-Айленде,1998,93,,,1.1802,6.306,54,en,228797
18205,Падшая любовь,1995,140,,,1.6272,7.0,65,es,139593
36943,Волна страсти,1998,96,,,0.6919,4.7,9,en,42113
21736,Эверест,1998,44,,127990128,0.5006,6.586,76,en,86557
17941,Наследство,1998,96,21000000,13583690,1.5482,5.7,312,en,974699
10668,Короли самоубийства,1997,106,,,1.4052,6.6,310,en,41472
9313,Человек в железной маске,1998,132,35000000,183000000,4.7223,6.64,4009,en,2460
42807,Братья Ньютон,1998,113,27000000,10452012,1.0881,6.069,189,en,564
617,Дикость,1998,115,20000000,67200000,5.0879,6.4,1875,en,9200
36568,Поли,1998,91,,,1.7854,6.919,504,en,120218
37272,Прохладное сухое место,1998,97,,,1.3323,5.8,38,en,60295
5910,Фейерверк,1997,121,,,3.6495,7.682,740,ja,3317
9440,Основные цвета,1998,143,65000000,52090187,2.0499,6.271,336,en,5342
53092,"Niagara, Niagara",1998,93,,168462,2.2342,6.9,26,en,36187
32911,Пробуждение,1998,88,6000000,,2.2694,5.494,88,en,11614
44308,Дороже рубинов,1998,117,,1130732,0.9011,5.402,41,en,52358
124821,Eden,1998,106,,4210,1.8999,4.1,7,en,122458
32456,Любовный треугольник,1998,84,1000000,2057193,0.6407,5.245,106,en,56381
93350,No Looking Back,1998,96,5000000,222099,1.2946,5.5,23,en,12833
62695,Storefront Hitchcock,1998,77,,,1.6732,5.8,4,en,16294
32144,Предложение,1998,110,,147773,2.3891,6.1,37,en,15798
17127,Объект моего восхищения,1998,111,15000000,46900000,1.4802,5.819,320,en,55476
40688,Вместе с Дидлами,1998,93,24000000,4562146,1.3146,4.488,83,en,72258
17133,Доморощенный,1998,102,,271375,2.6642,5.558,60,en,15912
19848,Стриптиз – клуб,1998,104,4500000,23261485,1.6162,6.256,86,en,9778
17644,Барни Невероятные приключения динозаврика,1998,76,,,1.7841,4.898,59,en,104507
1774,The Big One,1997,91,,720074,1.0194,6.7,82,en,17087
30265,Китайская шкатулка,1997,99,,,2.099,5.8,55,en,39819
558884,Follow the Bitch,1996,86,120,,0.7671,0.0,0,en,5480094
2157,Затерянные в космосе,1998,130,80000000,136159423,1.9748,5.4,1273,en,2042
70581,Небеса в огне,1997,96,,,1.8346,5.8,38,en,558905
8838,Меркурий в опасности,1998,111,60000000,93100000,1.6468,6.3,1598,en,23213
29193,Испанский узник,1997,110,10000000,13835130,1.118,6.776,301,en,1255
795,Город ангелов,1998,114,55000000,198685114,2.6356,6.8,2265,en,11887
16980,Последние дни диско,1998,114,8000000,3020601,0.7257,6.2,201,en,78188
27472,Странная парочка 2,1998,97,,18912328,1.0555,6.3,142,en,26502
47881,Мой гигант,1998,103,,7985929,0.6395,5.286,99,en,7145
9469,Его игра,1998,136,25000000,21567853,1.7507,6.7,765,en,5281
12488,Леший,1998,109,25000000,1700000,1.3367,5.576,170,en,9789
98499,Illtown,1996,103,,,0.3937,5.0,2,en,17278
81367,Хлопушка и Вонючки,1998,78,,80837,1.521,5.2,40,en,121829
267,Живая плоть,1997,103,1000000,4686844,2.8367,7.0,707,es,309
16148,Нулевой эффект,1998,116,5000000,1980338,0.7421,6.226,190,en,51851
21252,Не глотать,1997,128,9000000,,1.0751,6.8,140,en,64
73135,Ratchet,1996,114,,,0.0761,4.0,4,en,568291
9449,Воришки,1997,87,29000000,22619699,1.5215,6.024,505,en,18357
6264,Принц Вэлиант,1997,91,,,2.6755,5.162,74,en,48965
90414,"I Love You, Don't Touch Me!",1997,86,,,0.8679,5.333,6,fr,87033
188870,Leather Jacket Love Story,1998,85,67000,,1.1027,5.0,10,en,97618
215373,Y llegó el amor,1997,95,,,0.7583,3.333,3,en,84714
78149,"Гори, Голливуд, гори",1998,86,10000000,45779,0.9544,3.84,53,en,55948
15513,Поцелуй понарошку,1998,93,,,0.919,5.492,71,en,183036
31220,Племя Криппендорфа,1998,94,,,1.5669,4.6,88,en,1213162
13907,Курт и Кортни: Конец «Нирваны»,1998,95,,890324,3.3139,6.0,120,en,92561
29825,Настоящая блондинка,1998,105,,83488,0.862,5.4,64,en,6400
10622,Мистер Крутой,1997,84,12700000,18800000,3.5218,6.5,716,cn,62410
30020,Вкус вишни,1997,100,,,2.3839,7.7,668,fa,119294
17139,Характер,1997,122,4500000,,4.3364,7.4,109,nl,123150
34582,Budbringeren,1997,83,,,3.3281,6.2,25,no,7736
10216,Особь 2,1998,93,35000000,19200000,2.3544,5.172,770,en,21377
9771,Высшая лига 3,1998,100,18000000,3572443,1.2271,5.0,111,en,8108
24560,Sour Grapes,1998,91,,,1.9222,5.7,29,en,16376
76330,Блюз дикого человека,1997,105,,425788,0.1868,6.6,30,en,22020
9448,Большое дело,1998,91,13000000,27007143,2.0193,5.9,456,en,58036
38618,Тарзан и затерянный город,1998,83,20000000,2172941,1.0929,4.22,41,en,47924
18316,Чёрный пёс,1998,89,30000000,12951088,3.5296,6.4,278,en,40230
78373,"Dancer, Texas Pop. 81",1998,97,,565592,0.9981,7.0,12,en,77919
77514,Приятель покойника,1997,100,145443,,0.4275,4.3,9,uk,543662
49474,Вперёд,1995,81,,,1.9137,6.324,17,en,172
4415,Отверженные,1998,134,14000000,14096321,3.9044,7.2,665,en,19684
39467,Последнее дыхание,1997,109,,,2.0118,6.415,41,en,1069294
55561,Девушки из офиса,1997,96,,537948,2.4666,6.071,70,en,145134
8656,Столкновение с бездной,1998,120,75000000,349464664,3.4258,6.232,3182,en,51984
209345,Маленькие мужчины,1998,98,,,1.7879,4.0,3,en,56983
58680,Woo,1998,84,13000000,8026971,2.1226,4.2,39,en,56714
35161,The Hanging Garden,1997,91,,,1.1821,6.21,31,en,229519
35796,Луговые собачки,1997,101,7000000,106404,2.0566,7.1,108,en,72624
18937,Волшебный меч: Спасение Камелота,1998,86,40000000,38210798,2.8248,6.83,831,en,50582
929,Годзилла,1998,140,130000000,379014294,4.4793,5.6,4090,en,6046
9452,Булворт,1998,108,30000000,29202884,2.6558,6.3,260,en,6449
1878,Страх и ненависть в Лас-Вегасе,1998,118,18500000,10700000,3.3172,7.212,4849,en,280
9844,Противоположность секса,1998,105,5000000,5879254,1.1476,6.146,213,en,57579
40505,I Got the Hook-Up,1998,93,,,0.847,5.4,37,en,258199
14342,Почти герои,1998,90,30000000,6100000,1.8859,5.4,204,en,13524
9715,Проблески надежды,1998,114,30000000,81471882,2.7564,6.405,486,en,2178
26610,Бессонница,1997,96,,227569,1.2341,7.019,297,no,95760
20064,Грустный мальчик,1997,105,,,1.3122,5.968,38,en,85549
40961,The Ugly,1997,93,,,2.0769,5.889,54,fr,206549
1965,Идеальное убийство,1998,107,60000000,128038368,2.6026,6.541,1488,en,12989
312,За гранью тишины,1996,109,,,1.0614,6.877,77,de,4522
6068,"Шесть дней, семь ночей",1998,102,70000000,164839294,3.2176,6.097,1555,en,8858
15037,Не могу дождаться,1998,100,10000000,25605015,1.4167,6.213,567,en,13615
50043,Кузина Бетта,1998,108,,1295194,2.0652,5.5,46,en,588701
37636,Высокое искусство,1998,101,,1929168,7.1387,6.182,143,en,75699
17044,Три англичанки за городом,1998,111,,,0.873,5.8,26,en,33317
60951,Страсть в пустыне,1997,91,,,1.23,5.5,12,en,1205453
21334,Дети небес,1997,88,180000,925402,2.7267,7.9,680,fa,110695
416437,Dear Jesse,1998,82,,,0.0239,3.8,5,en,931795
32284,Принц из снов,1996,90,,,1.0099,5.0,38,en,1031288
51955,Hav Plenty,1997,92,,,3.142,5.1,12,en,93133
37410,Генри Фул,1998,137,900000,1334786,3.1735,6.582,104,en,91343
47481,Marie Baie des Anges,1997,93,,,0.8937,5.3,10,fr,4883
53765,Мистер Ревность,1998,105,,301796,2.0031,5.8,45,en,5656
10674,Мулан,1998,84,90000000,304320254,9.2046,7.903,10174,en,66190
136134,Воскресший,1998,102,,,1.8878,6.1,11,en,4575
846,Секретные материалы: Борьба за будущее,1998,121,66000000,189198313,3.0783,6.897,1721,en,12523
12655,I Went Down,1997,107,,,0.2375,5.9,26,en,73282
3050,Доктор Дулиттл,1998,85,71000000,294500000,4.0523,5.712,3192,en,31024
1389,Вне поля зрения,1998,123,48000000,77745966,4.2292,6.676,1346,en,1884
11020,Пикник у Висячей скалы,1975,115,460000,5125000,1.5179,7.217,851,en,2690
20862,Дымовые сигналы,1998,89,,,2.5831,6.8,109,en,212165
108548,Путешествие к началу мира,1997,95,,,2.7681,6.6,17,pt,81749
9464,Баффало 66,1998,110,1500000,2375097,4.1359,7.1,1001,en,22461
95,Армагеддон,1998,144,140000000,553799566,4.8133,6.833,8322,en,865
944,Смертельное оружие 4,1998,122,140000000,285444603,4.895,6.601,2811,en,7187
35680,Мадлен,1998,89,20000000,29967750,3.4417,6.219,237,en,56714
11551,Солдатики,1998,110,40000000,54682547,2.9633,6.553,2244,en,4600
473,Пи,1998,84,60000,3221152,1.7745,7.111,2384,en,6431
102304,Whatever,1998,112,,,1.3265,5.688,8,en,1030415
544,Все без ума от Мэри,1998,107,23000000,369900000,4.2981,6.617,5156,en,7395
10513,План 9 из открытого космоса,1959,79,60000,,1.7064,4.222,574,en,44763
28966,Крылья,1927,144,2000000,3600000,2.6774,7.2,305,en,14643
65203,Бродвейская мелодия,1929,101,379000,4358000,1.7546,5.2,155,en,145605
143,На западном фронте без перемен,1930,128,1448864,3270000,1.8729,7.8,881,en,2000
42861,Симаррон,1931,123,1433000,1383000,2.4093,5.6,135,en,21311
33680,Гранд Отель,1932,112,700000,2594000,1.6794,7.0,325,en,34740
56164,Кавалькада,1933,112,1180280,7630000,1.6627,5.5,122,en,72061
12311,Мятеж на Баунти,1935,132,1950000,4460000,1.5517,7.4,366,en,72061
43277,Великий Зигфилд,1936,177,2183000,4673000,0.9875,6.298,136,en,93906
43278,Жизнь Эмиля Золя,1937,116,,,1.1258,6.7,145,en,49214
34106,С собой не унесешь,1938,126,1644736,7433101,1.6248,7.5,427,en,2662
43266,Как зелена была моя долина,1941,118,1250000,6000000,0.7458,7.3,433,en,8500
27367,Миссис Минивер,1942,134,1344000,13500000,2.2182,7.1,274,en,10001
17661,Идти своим путем,1944,120,,16300000,1.8275,6.7,186,en,30008
28580,Потерянный уик-энд,1945,101,1250000,11000000,1.6451,7.623,636,en,3146
887,Лучшие годы нашей жизни,1946,172,2100000,23650000,2.3833,7.8,702,en,10001
33667,Джентльменское соглашение,1947,118,2000000,7800000,2.8485,6.977,264,en,2746
23383,Гамлет,1948,155,750000,,2.8345,7.431,275,en,3359
25430,Вся королевская рать,1949,105,,,1.1922,6.963,231,en,14875
27191,Величайшее шоу мира,1952,152,4000000,36000000,1.7241,6.3,260,en,8636
11426,Отныне и во веки веков,1953,118,1650000,30500000,2.2399,7.3,679,en,4065
654,В порту,1954,108,910000,9600631,1.7202,7.88,1691,en,2746
15919,Марти,1955,90,343000,3000000,3.2872,7.43,419,en,67451
1725,Вестсайдская история,1961,153,6000000,43700000,1.786,7.236,1980,en,1744
5769,Том Джонс,1963,128,1000000,37600000,2.699,5.9,229,en,32765
874,Человек на все времена,1966,120,3900000,28350000,1.5682,7.3,467,en,4065
10633,Полуночная жара,1967,110,2000000,27379978,1.606,7.7,1179,en,13563
17917,Оливер!,1968,153,10000000,37400000,3.8858,7.0,457,en,15378
3116,Полуночный ковбой,1969,113,3600000,44785053,2.0455,7.5,1528,en,19304
1051,Французский связной,1971,104,1800000,41200000,2.4065,7.501,2039,en,15175
1366,Рокки,1976,120,1000000,225253184,7.5218,7.793,8327,en,16513
12102,Крамер против Крамера,1979,105,8000000,106260000,2.6944,7.6,2362,en,6729
16619,Обыкновенные люди,1980,124,6000000,54766923,2.7821,7.5,667,en,4135
9443,Огненные колесницы,1981,123,5500000,58972904,1.9857,6.8,987,en,58220
11050,Язык нежности,1983,132,8000000,108423749,2.4613,7.1,797,en,3388
606,Из Африки,1985,161,31000000,227514205,3.0278,7.164,1475,en,2226
746,Последний император,1987,163,23800000,44000000,4.3576,7.586,1828,en,4956
380,Человек дождя,1988,133,25000000,354825435,6.0765,7.752,6780,en,8246
403,Шофер Мисс Дэйзи,1989,99,7500000,145793296,3.5517,7.238,1691,en,5696
11485,Хватай деньги и беги,1969,85,1530000,6080000,1.2258,7.1,770,en,1243
466,Клют,1971,114,2500000,12512637,1.3312,6.736,486,en,6349
13820,Конфискатор,1984,92,1500000,2300000,1.0634,6.7,647,en,31493
15389,Золотая молодежь,1990,98,225000,2900000,0.6839,6.9,171,en,78188
13597,Лабиринт,1986,101,25000000,12729917,3.4586,7.3,2615,en,55983
2108,Клуб «Завтрак»,1985,98,1000000,51530442,5.0659,7.727,8326,en,11505
10014,Кошмар на улице Вязов 2: Месть Фредди,1985,87,3000000,30000121,3.943,5.8,2015,en,62020
10072,Кошмар на улице Вязов 3: Воины сна,1987,96,4450000,44793222,2.1873,6.697,1935,en,26713
10131,Кошмар на улице Вязов 4: Повелитель сна,1988,93,6500000,49369899,2.0911,5.868,1541,en,16938
10160,Кошмар на улице Вязов 5: Дитя сна,1989,89,8000000,22168359,6.4533,5.418,1370,en,2042
11284,Кошмар на улице Вязов 6: Фредди мертв,1991,93,10000000,34872033,2.5088,5.305,1421,en,56891
4488,Пятница 13,1980,95,550000,59754601,3.1066,6.409,3189,en,35475
9725,Пятница 13 - Часть 2,1981,87,1250000,21723464,2.5602,6.2,1832,en,58712
9728,Пятница 13 - Часть 3,1982,95,2200000,36697702,2.2098,5.89,1547,en,58712
9730,Пятница 13 - Часть 4: Последняя глава,1984,97,2200000,32982894,2.1853,6.131,1447,en,64195
9731,Пятница 13 - Часть 5: Новое начало,1985,92,2200000,21930418,2.306,5.283,1250,en,58822
10225,Пятница 13 - Часть 6: Джейсон жив!,1986,86,3000000,19472525,3.065,6.253,1295,en,63550
10281,Пятница 13 - Часть 7: Новая кровь,1988,88,2800000,19170001,2.5213,5.477,1160,en,64722
10283,Пятница 13 - Часть 8: Джейсон штурмует Манхэттен,1989,100,5300000,14343976,4.722,4.951,1161,en,64735
948,Хэллоуин,1978,91,325000,70260597,5.568,7.6,5988,en,11770
11281,Хэллоуин 2,1981,92,2500000,25533818,2.0483,6.6,2175,en,33341
10676,Хэллоуин 3: Сезон ведьм,1982,99,2500000,14400000,1.8234,5.3,1492,en,11777
11357,Хэллоуин 4: Возвращение Майкла Майерса,1988,88,5000000,17768757,2.3337,6.2,2009,en,56998
11361,Хэллоуин 5: Месть Майкла Майерса,1989,98,3000000,11642254,4.9806,5.306,1289,en,32813
36599,Школьный бал,1980,92,1500000,14796236,3.0301,5.716,480,en,44130
39929,Школьный бал 2: Привет Мэри Лу,1987,97,,2683519,1.245,6.1,207,en,92438
41828,Prom Night III: The Last Kiss,1990,96,,,0.3733,5.2,85,en,80523
41769,Prom Night IV: Deliver Us from Evil,1992,93,,,0.3036,4.641,78,en,180868
10585,Детские игры,1988,87,9000000,44196684,5.3504,6.7,3210,en,64796
11186,Детские игры 2,1990,84,13000000,35763605,3.6841,6.35,1958,en,65678
11187,Детские игры 3,1991,90,13000000,20560255,4.4563,5.906,1691,en,28976
609,Полтергейст,1982,114,10700000,121733131,2.9364,7.2,3209,en,10051
11133,Полтергейст 2: Обратная сторона,1986,91,19000000,40996665,0.9061,6.0,738,en,18069
10306,Полтергейст 3,1988,98,10500000,14144000,1.1551,5.2,532,en,33094
9552,Изгоняющий дьявола,1973,122,12000000,441306145,7.9935,7.74,8366,en,15175
11586,Изгоняющий дьявола II: Еретик,1977,118,14000000,30749142,2.3997,4.5,764,en,19665
11587,Изгоняющий дьявола III,1990,110,9300000,39024251,2.2448,6.259,823,en,57922
941,Смертельное оружие,1987,110,15000000,120207127,6.3186,7.284,4835,en,7187
942,Смертельное оружие 2,1989,114,25000000,227853986,3.9955,7.023,3592,en,7187
943,Смертельное оружие 3,1992,118,35000000,321731527,3.5872,6.703,3088,en,7187
927,Гремлины,1984,106,11000000,153083102,9.2549,7.138,6732,en,4600
928,Гремлины 2: Новенькая Партия,1990,106,50000000,41482207,3.8415,6.521,2772,en,4600
9340,Балбесы,1985,114,19000000,69649283,7.9369,7.509,6007,en,7187
9342,Маска Зорро,1998,136,95000000,250288523,5.1609,6.575,4195,en,10702
38509,Polish Wedding,1998,105,,,2.1746,5.0,44,en,1035941
60033,Гори все огнем,1997,100,,51618,0.7751,5.0,29,en,82829
12101,Зеленый сойлент,1973,97,,3600000,3.6375,6.9,1362,en,2087
19,Метрополис,1927,145,5300000,1350322,3.7941,8.1,2971,de,68
165,Назад в будущее 2,1989,108,40000000,332000000,6.141,7.774,13504,en,24
196,Назад в будущее 3,1990,118,40000000,244527583,8.4446,7.491,11169,en,24
551,Приключения «Посейдона»,1972,117,5000000,84563118,2.0356,7.096,951,en,7501
16084,Чумовая пятница,1976,95,,25942000,2.8522,6.115,291,en,47893
17984,Отмороженный профессор,1961,96,2000000,,1.6106,6.484,190,en,5834
22328,The Apple Dumpling Gang Rides Again,1979,88,5450000,20931111,1.7419,6.479,71,en,15657
32611,Babes in Toyland,1961,106,,,1.2371,5.853,102,en,109455
3170,Бемби,1942,70,858000,267447150,5.582,7.011,5892,en,5446
346,Семь Самураев,1954,202,2000000,105000000,6.3788,8.451,4041,ja,5026
859,Опасные связи,1988,119,14000000,34670720,4.4039,7.2,1231,en,3224
841,Дюна,1984,137,40000000,31502434,4.6488,6.176,3290,en,5602
11051,Последнее искушение Христа,1988,164,7000000,33773585,2.7046,7.2,1148,en,1032
242,Крёстный отец 3,1990,170,54000000,136766062,9.949,7.418,6610,en,1776
1411,Дорога в рай,1991,100,3000000,1277404,2.7323,5.8,90,en,16939
9769,Лолита,1997,137,62000000,1100000,6.1506,7.119,1899,en,7270
9424,Непристойное поведение,1998,84,15000000,17514980,2.0334,5.763,401,en,33316
9835,Мафия!,1998,83,10000000,19889299,1.7223,5.4,206,en,12936
857,Спасти рядового Райана,1998,169,70000000,481840909,8.8705,8.221,16684,en,488
17539,Голливудский поцелуй Билли,1998,92,,2020700,0.9778,5.643,42,en,62514
44322,"Восточный дворец, западный дворец",1996,90,,,1.3549,6.2,24,zh,27075
22777,Утка За Миллион Долларов,1971,71,,,1.8527,5.8,92,en,15657
20173,Босоногий директор,1971,96,,,0.3492,5.477,43,en,101767
10957,Чёрный котел,1985,80,25000000,21300000,3.5273,6.4,1395,en,107274
9570,Черная дыра,1979,98,20000000,35841901,1.3665,5.8,522,en,47893
16249,Призрак Черной Бороды,1968,106,,,1.5322,6.702,151,en,5834
13962,Мне хватит миллиона,1994,93,13000000,30600000,1.5812,5.943,521,en,11809
14612,Усадьба Кенделшу,1977,101,,,0.8682,6.867,117,en,83413
19378,Кот из космоса,1978,104,4000000,,1.282,5.945,145,en,83413
65157,Гепард,1989,83,5000000,8153677,0.7957,6.1,41,en,186518
29228,Компьютер в кроссовках,1969,91,,,1.2007,6.0,153,en,101767
19379,Человек-кондор,1981,90,,,3.3475,5.5,138,en,29646
11164,Могучие утята 2,1994,106,,45610410,1.9696,6.2,629,en,54967
18887,Дарби О'Гилл и маленький народец,1959,93,,,1.8325,6.6,166,en,5834
40866,Дьявол и Макс Девлин,1981,95,,16000000,0.862,5.8,37,en,51516
24736,В плену песков,1993,108,,12890752,1.2362,6.1,59,en,30149
10122,Полёт навигатора,1986,90,9000000,18564613,2.3997,6.949,905,en,8876
24816,The Gnome-Mobile,1967,85,,,0.8086,6.2,66,en,5834
9994,Великий мышиный сыщик,1986,74,14000000,38600000,2.4143,7.044,1748,en,61677
25445,Самый счастливый миллионер,1967,172,,,1.3952,6.8,38,en,83413
12129,Herbie Goes Bananas,1980,93,,18000000,1.2909,5.3,244,en,15657
14140,Ограбление в Монте-Карло,1977,105,,29000000,2.8216,5.926,338,en,15657
10439,Фокус Покус,1993,96,28000000,51663767,4.6374,7.04,3199,en,65310
11158,"Дорогая, я увеличил ребёнка",1992,89,40000000,58662452,3.1759,5.275,1229,en,8876
9354,"Дорогая, я уменьшил детей",1989,93,18000000,222724172,3.3792,6.31,3209,en,4945
28736,Горячий свинец и холодные ноги,1978,90,,,1.3991,5.8,33,en,101767
34774,В поисках потерпевших кораблекрушение,1962,98,,,0.4188,6.5,76,en,5834
37969,Невероятное путешествие,1963,80,,,1.4147,6.7,115,en,89685
9631,Переговорщик,1998,140,50000000,44547681,5.2108,7.104,2274,en,37932
9820,Ловушка для родителей,1998,128,15000000,92108518,7.4616,7.216,4392,en,17698
14013,Бейскетбол,1998,103,25000000,7027290,2.7225,6.1,622,en,12987
36606,Буги Изо Всех Сил,1998,100,,,1.0701,6.4,57,en,115698
96196,Гувернантка,1998,115,,,2.142,5.759,27,en,226493
98505,Le Septième Ciel,1997,91,,,0.7349,4.636,11,fr,229263
1779,Роджер и я,1989,91,160000,6706368,4.3002,7.1,308,en,17087
10849,Пурпурная роза Каира,1985,82,15000000,10631333,1.7596,7.4,1100,en,1243
678,Из прошлого,1947,97,,,2.1032,7.6,625,en,10146
907,Доктор Живаго,1965,197,11000000,111858363,2.782,7.537,1219,en,12238
5961,Фанни и Александр,1982,188,6000000,6800000,2.5459,7.8,839,sv,6648
47908,Поездка в Баунтифул,1985,108,,7218340,1.1757,7.205,56,en,71732
42121,Нежное милосердие,1983,92,4500000,8400000,8.8032,6.7,143,en,5696
2887,Вирус,1993,140,,,1.8882,6.434,106,en,1724
11974,Предместье,1989,97,18000000,49100000,2.4207,6.77,1308,en,4600
20348,Фанданго,1985,91,7000000,91666,2.1678,6.7,189,en,8300
26648,Ночной портье,1974,117,,,2.041,6.7,369,it,67750
11911,Мефисто,1981,145,,,0.3734,7.2,137,de,225898
793,Синий бархат,1986,120,6000000,8636706,3.2111,7.6,3649,en,5602
35144,Путешествие Нэтти Ганн,1985,101,,9708373,1.7114,6.8,161,en,128947
9325,Книга джунглей,1967,78,4000000,378000000,7.8669,7.3,6509,en,57314
43037,Похищенный,1960,97,,,2.515,6.554,28,en,5834
10340,Леди и Бродяга,1955,76,4000000,36359037,6.1721,7.1,5501,en,11429
10144,Русалочка,1989,83,40000000,211343479,8.3896,7.351,8220,en,15811
10414,Могучие утята,1992,100,10000000,50752337,1.6156,6.6,940,en,18356
10437,Рождественская сказка Маппетов,1992,86,12000000,27300000,4.6564,7.4,1090,en,65298
15300,Продавцы новостей,1992,121,15000000,2819485,3.2082,6.744,290,en,65310
12230,101 далматинец,1961,79,3600000,303000000,6.0486,7.175,6513,en,57314
13380,Волшебное Рождество,1985,89,,13677222,1.5748,5.8,109,en,148119
10693,Питер Пэн,1953,77,4000000,87400000,4.9371,7.196,5603,en,64864
11335,Попай,1980,114,20000000,49823037,4.362,5.517,666,en,9789
11135,Спасатели в Австралии,1990,77,38000000,47431461,0.8275,6.642,1352,en,74297
11319,Спасатели,1977,78,7500000,169015869,5.3296,6.781,2619,en,57314
14822,Возвращение с Ведьминой горы,1978,93,,6393000,3.2172,5.9,233,en,19032
13155,Возвращение в страну Оз,1985,109,25000000,11137801,2.2703,6.712,1051,en,154
10249,Ракетчик,1991,108,42000000,46704056,1.6564,6.5,1001,en,4945
15943,Лохматый прокурор,1976,91,,,0.6668,5.765,81,en,5834
10882,Спящая красавица,1959,75,6000000,51600000,5.4219,6.9,5355,en,64864
24808,Что-то страшное грядет,1983,95,20000000,8400000,1.7053,6.446,195,en,25630
19762,Сын Флаббера,1963,100,,22129412,1.3303,5.977,65,en,5834
13850,Песня Юга,1946,94,2125000,65000000,1.8221,6.467,290,en,275022
2619,Всплеск,1984,105,8000000,69800000,2.482,6.263,1436,en,6159
65158,Скванто: Легенда о воине,1994,102,,3337685,0.5867,6.7,41,en,65874
53565,Микки Маус: Пароходик Уилли,1928,8,4986,,2.8475,7.298,587,en,2106
41841,Легенды Дикого Запада,1995,96,32000000,,1.3065,6.229,83,en,34682
27332,Tex,1982,103,5000000,7400000,1.4371,6.052,58,en,15858
97,Трон,1982,95,17000000,33002371,13.77,6.649,2576,en,12859
10419,Дети свинга,1993,112,,5600000,3.011,6.7,238,en,52038
11675,Хэллоуин: 20 лет спустя,1998,86,17000000,75041738,2.0548,6.0,1742,en,58712
2107,Лос-Анджелесская история,1991,95,,28900000,1.4666,6.5,368,en,8843
6471,Придурок,1979,94,4000000,100000000,2.6031,6.9,863,en,1895
9442,Мертвые пледов не носят,1982,88,9000000,18196170,1.2566,6.6,418,en,1895
11591,Мозги набекрень,1983,93,10100000,,1.5553,6.2,461,en,1895
13697,Большой каньон,1991,134,,40991329,1.7974,6.4,210,en,8844
19158,Ночная смена,1990,89,10500000,11582891,3.446,5.355,277,en,18855
227,Изгои,1983,91,10000000,33697647,4.1775,7.2,1484,en,1776
87,Индиана Джонс и Храм Судьбы,1984,118,28000000,333000000,5.2813,7.302,9802,en,488
123,Властелин колец,1978,132,4000000,30500000,2.901,6.6,1012,en,16384
9314,1984,1984,129,7430072,8430492,2.9096,6.8,1568,en,28898
11336,Мёртвая зона,1983,103,10000000,20766616,2.291,7.0,1750,en,224
9980,Максимальное ускорение,1986,97,10000000,7400000,1.936,5.824,825,en,3027
10657,Нужные вещи,1993,120,,15185672,2.2017,6.232,579,en,66076
10489,Куджо,1983,93,5000000,21200000,3.0811,6.1,1086,en,21819
10823,Дети кукурузы,1984,92,800000,14568989,1.8783,5.728,1085,en,66987
11497,Все псы попадают в рай,1989,84,13800000,27100027,3.2517,6.8,1095,en,40345
2907,Семейка Аддамс,1991,102,30000000,191502426,6.1705,7.067,4900,en,5174
9454,История вечной любви,1998,121,26000000,98005666,2.0612,7.4,1532,en,17167
8688,Глаза змеи,1998,94,73000000,103900000,2.0385,6.184,1448,en,1150
118452,"First Love, Last Rites",1998,94,300000,40542,0.1961,4.429,14,en,130816
16155,Медвежатники,1998,88,1000000,45724,2.1462,5.491,55,en,17871
48894,Die Salzmänner von Tibet,1997,108,,,0.2551,6.5,7,en,141310
23954,Атлантик-Сити,1980,104,7200000,12729675,2.4826,6.8,289,en,15389
12761,Осенняя соната,1978,93,,,4.461,7.979,669,sv,6648
396,Кто боится Вирджинии Вульф?,1966,131,7500000,33736689,1.9451,7.7,873,en,5342
14367,Приключения няни,1987,102,7000000,34368475,2.5224,6.857,725,en,10965
11814,Ох уж эта наука!,1985,94,7500000,38934048,2.6904,6.5,1485,en,11505
16081,Доктор Дулиттл,1967,152,18000000,9000000,4.9168,6.238,193,en,2087
18331,Чoкнутый профессор,1963,107,,,2.1177,6.5,448,en,3663
15171,Паутина Шарлотты,1973,94,,5232000,1.8878,6.8,397,en,106834
11837,Обитатели холмов,1978,91,1000000,3713768,3.4724,7.2,670,en,70663
11704,Секрет Н.И.М.Х.,1982,82,7000000,14665733,3.4474,7.452,901,en,40345
11639,Тёмный кристалл,1982,93,15000000,44626631,1.1723,7.1,1207,en,7908
4978,Американская история,1986,80,9000000,84542002,2.8905,6.7,1410,en,40345
10380,Американская история 2: Фивел едет на Запад,1991,75,,40766041,5.5147,6.3,770,en,21879
11976,Легенда,1985,94,24500000,15502112,3.4497,6.236,1314,en,578
15144,Шестнадцать свечей,1984,93,6500000,23686027,2.1355,6.8,2158,en,11505
11522,Милашка в розовом,1986,97,9000000,40471663,3.194,6.718,1164,en,26502
11557,Огни святого Эльма,1985,108,,37803872,1.2313,6.124,573,en,5572
13853,Клан Пещерного Медведя,1986,98,15000000,1953732,1.7533,5.2,125,en,1044
11415,Дом,1985,93,3000000,19444631,1.3421,6.2,600,en,58712
37530,Дом 2: Проклятая обитель,1987,85,3000000,10000000,1.5209,5.5,267,en,69331
8393,"Боги, наверное, сошли с ума",1980,109,5000000,200000000,9.0127,7.257,1248,en,55668
11937,"Боги, наверное, сошли с ума 2",1989,98,7500000,9600000,2.8187,7.1,521,en,55668
21661,Король воздуха: Золотая лига,1998,90,11000000,10224116,1.465,5.091,182,en,87767
9320,Мстители,1998,89,60000000,48600000,3.1337,4.43,748,en,34682
33644,Увлечение Стеллы,1998,124,20000000,37672350,1.6085,5.8,121,en,70777
14662,Трущобы Беверли Хиллз,1998,91,5000000,5502773,1.3208,6.278,239,en,54240
125124,Il testimone dello sposo,1997,101,,,0.4727,7.3,16,it,72191
115872,Горничная с «Титаника»,1997,101,,,0.3218,6.1,33,fr,37577
39930,"Henry: Portrait of a Serial Killer, Part 2",1996,87,,,1.9825,4.804,46,en,223312
10692,Генри: Портрет серийного убийцы,1986,83,111000,609939,0.6885,6.742,753,en,9200
805,Ребёнок Розмари,1968,138,3200000,33395426,3.2972,7.825,4202,en,3556
34584,Бесконечная история,1984,94,27000000,20158808,4.4741,7.203,4227,de,5231
34636,Бесконечная история 2: Новая глава,1990,89,32000000,16283667,2.128,5.8,845,de,1174031
2182,Нападение помидоров-убийц,1978,83,100420,567000,1.6031,5.0,320,en,22353
28070,Нацисты-серфингисты должны умереть,1987,81,20000,,1.0416,3.857,122,en,1195866
77469,Твои друзья и соседи,1998,107,5000000,4710749,1.4861,5.78,82,en,58689
10278,Форс-мажор,1998,111,,,1.9187,6.475,305,en,52629
36647,Блэйд,1998,121,45000000,131183530,5.6882,6.814,6445,en,10808
17915,Танцуй со мной,1998,126,,15923122,1.9323,6.863,216,en,19798
14557,Мертвец в колледже,1998,96,14000000,15100000,0.8871,5.5,153,en,111247
9417,Без вины виноватый,1998,87,,9623329,2.3572,5.969,469,en,12991
41469,Следующая остановка – Страна чудес,1998,96,,3395581,1.1961,5.896,91,en,37948
19381,Заговор проказниц,1998,97,,913834,2.8,6.3,125,en,15149
34637,Навигатор. Средневековая одиссея,1988,91,,,3.9378,6.17,88,en,9198
4011,Битлджюс,1988,92,15000000,84554197,6.0986,7.369,8161,en,510
161795,Déjà Vu,1998,117,,,1.9416,5.25,12,en,117075
1580,Верёвка,1948,80,1500000,2200000,4.1427,7.943,2892,en,2636
5854,Семейный заговор,1976,120,4500000,13200000,0.6273,6.8,483,en,2636
573,Безумие,1972,116,2000000,12600000,1.1247,7.1,971,en,2636
2370,Топаз,1969,121,4000000,6000000,2.0766,6.0,400,en,2636
5780,Разорванный занавес,1966,127,3000000,13000615,1.3378,6.6,631,en,2636
506,Марни,1964,130,2135000,7000000,2.7885,7.1,1190,en,2636
22527,Не тот человек,1956,105,1200000,2000000,1.5647,7.1,589,en,2636
574,"Человек, который знал слишком много",1956,120,1200000,11300000,1.3567,7.5,1496,en,2636
11219,Неприятности с Гарри,1955,99,1200000,7000000,1.0356,7.0,871,en,2636
30159,Я исповедуюсь,1953,95,,,1.7343,7.1,462,en,2636
845,Незнакомцы в поезде,1951,101,1200000,7000000,1.7645,7.667,1799,en,2636
1978,Страх сцены,1950,110,1450000,1900000,1.7186,6.8,346,en,2636
3682,Студия 54,1998,100,13000000,16757163,1.9364,5.9,504,en,33541
51942,Я вышла замуж за странную личность,1998,72,250000,206272,1.4413,7.1,44,en,126125
46702,Почему дураки влюбляются,1998,116,,12413650,1.3387,6.3,49,en,16395
54795,Keep the Aspidistra Flying,1997,101,,,1.0531,5.7,16,en,51950
46748,Посмотри на море,1997,52,,,0.7851,6.5,31,fr,4387
847,Виллоу,1988,126,35000000,57300000,2.9635,7.01,2076,en,6159
117,Неприкасаемые,1987,119,25000000,76270454,4.4881,7.756,5991,en,1150
14577,Грязная работа,1998,82,13000000,,0.8013,6.206,289,en,72450
37498,Взрыватель,1998,91,35000000,44000000,3.093,5.331,385,en,26760
38621,Пламя страсти,1998,103,,,2.7377,6.6,71,en,933
59138,Modulations,1998,75,,,0.1045,7.3,15,en,1006852
28047,Феникс,1998,107,,,2.3942,5.3,71,en,33279
4175,Под знаком Козерога,1949,118,2500000,1500000,3.063,6.0,177,en,2636
31667,Дело Парадайна,1947,114,4258000,2100000,1.3414,6.2,255,en,2636
13321,Спасательная шлюпка,1944,96,1590000,1000000,2.7999,7.4,460,en,2636
21734,Тень сомнения,1943,107,,,2.0268,7.5,1098,en,2636
31997,Диверсант,1942,109,780000,1250000,1.057,6.9,523,en,2636
24197,Мистер и миссис Смит,1941,95,743000,1400000,1.5693,5.998,231,en,2636
11462,Подозрение,1941,99,1103000,4500000,2.3731,7.1,861,en,2636
31995,Таверна Ямайка,1939,100,200436,,0.9707,6.1,234,en,2636
940,Леди исчезает,1938,96,,,1.9043,7.4,987,en,2636
2762,Молодой и невинный,1937,83,,,1.2471,6.6,242,en,2636
12684,Саботаж,1937,77,,,0.5945,6.7,353,en,2636
2761,Секретный агент,1936,86,,,2.0324,6.097,160,en,2636
8208,"Человек, который слишком много знал",1934,76,180000,,1.4517,6.5,426,en,2636
52907,Венские вальсы,1934,81,,,1.0381,5.3,47,en,2636
15007,Номер семнадцать,1932,63,,,3.6931,5.5,119,en,2636
36049,Богатые и странные,1931,83,,,1.5726,5.4,100,en,2636
52748,Грязная игра,1931,82,,,1.5021,5.4,89,en,2636
75793,Показывает Элстри,1930,83,,,2.6347,5.024,21,en,2636
47695,Юнона и Павлин,1930,94,,,1.3964,4.6,56,en,2636
31930,Убийство!,1930,102,,,3.3755,6.0,139,en,2636
20213,Человек с острова Мэн,1929,100,,,2.5962,6.1,81,en,2636
543,Шантаж,1929,86,,,3.7904,6.536,265,en,2636
36054,Шампанское,1928,93,,,2.8057,5.178,76,en,2636
35832,Жена фермера,1928,129,,,1.3495,5.686,79,en,2636
52782,По наклонной плоскости,1927,106,,,4.0188,5.739,88,en,2636
36055,Лёгкое поведение,1928,70,,,2.4157,5.3,78,en,2636
36056,Ринг,1927,116,,,2.9919,5.87,104,en,2636
2760,Квартирант,1927,91,14670,83568,0.894,7.1,322,en,2636
64398,Сад наслаждений,1925,91,,,1.6215,5.3,79,en,2636
10220,Шулера,1998,121,12000000,22912409,4.8118,7.008,1839,en,21053
431,Куб,1998,90,257899,8969065,4.2735,6.8,5034,en,5877
31641,Подкоп в Китай,1997,98,,33556,1.3109,6.4,59,en,16327
223318,Let's Talk About Sex,1998,82,,,0.4119,5.25,4,en,42974
69848,Герой-предатель,1999,121,,,0.9042,5.3,21,en,57154
22796,Саймон Бирч,1998,114,20000000,18253415,2.7701,6.83,253,en,16837
22256,Без предела,1998,117,25000000,777423,2.2389,6.538,79,en,11057
37550,Паскуалино «Семь красоток»,1975,116,,,0.8145,7.4,145,it,26265
37916,Отнесенные необыкновенной судьбой в лазурное море в августе,1974,110,,6014430,4.9212,7.403,324,it,26265
21873,Мой телохранитель,1980,96,,22482952,2.3752,6.3,124,en,57138
21500,Класс,1983,98,7000000,21600000,2.5767,6.0,198,en,84657
84116,"Грэндвью, США",1984,97,,4743191,1.074,5.713,40,en,8876
12626,Теленовости,1987,133,20000000,67330500,3.7801,6.755,441,en,3388
37818,The Allnighter,1987,108,,,1.8882,4.683,41,en,253869
3525,Деловая женщина,1988,114,28000000,103173635,4.2755,6.6,1021,en,5342
129628,Stars & Bars,1988,94,,,2.0373,4.275,20,en,19969
2321,Замужем за мафией,1988,104,10000000,21486757,1.0257,5.9,305,en,16294
2028,Скажи что-нибудь,1989,100,16000000,20036737,1.5799,7.036,1057,en,11649
16384,Под голубыми небесами,1990,97,6,23,1.2875,6.1,255,en,18378
91217,Мужчины не уходят,1990,115,,6070752,0.7524,6.3,33,en,57383
77314,The Cabinet of Dr. Ramirez,1991,111,,,0.7794,4.857,7,xx,143279
10699,Герой,1992,117,42000000,,1.4901,6.276,517,en,3224
11597,Игрушки,1992,122,50000000,23278931,2.579,5.296,570,en,8246
218624,Choices,1981,90,,,3.5194,5.286,7,en,146225
47947,"Молодость, больница, любовь",1982,96,7500000,30688860,0.9291,5.237,65,en,1201
48311,Паразит,1982,85,800000,7000000,2.1044,4.8,81,en,19707
44772,Только большое чувство,1984,102,,,1.3154,5.4,57,en,98199
14347,Во всем виноват Рио,1984,100,9000000,18644570,3.2641,5.7,190,en,13284
41090,Уиздом,1986,109,6500000,5715174,2.1073,5.917,48,en,2880
18282,Одно безумное лето,1986,93,9000000,13000000,0.5929,6.0,210,en,87565
18169,Что случилось прошлой ночью,1986,113,8500000,38702310,1.4509,6.0,228,en,9181
11082,Седьмое знамение,1988,97,,18875011,1.8213,5.999,365,en,68085
5971,Мы не ангелы,1989,106,20000000,,1.1766,6.16,527,en,17016
11933,Сплошные неприятности,1991,94,40000000,8500000,1.275,5.241,384,en,707
20096,Жена мясника,1991,107,,9689816,1.0387,5.7,180,en,15239
30815,Смертельные мысли,1991,104,8000000,18800000,3.1295,5.6,196,en,72427
881,Несколько хороших парней,1992,138,40000000,243240178,4.3445,7.5,3942,en,3026
4478,Непристойное предложение,1993,117,38000000,266614059,4.8394,6.398,1544,en,7270
22318,Вечная полночь,1998,88,,1166199,2.1738,5.9,118,en,3180
53113,Истинные ценности,1998,127,,,0.7195,6.5,132,en,21712
2109,Час пик,1998,98,33000000,244721064,6.5632,7.06,5404,en,11091
122289,Lilian's Story,1996,94,,,1.4732,4.429,7,en,1075843
24746,Шестиструнный самурай,1998,91,2000000,124494,0.9778,6.3,141,en,116653
72987,Дочь солдата никогда не плачет,1998,127,,1782005,0.8955,6.1,22,en,54441
193103,Somewhere in the City,1998,94,,,0.8341,1.0,1,en,1150813
8195,Ронин,1998,122,55000000,70692101,7.9355,6.962,2532,en,13776
9877,Городские легенды,1998,100,14000000,72527595,3.541,5.727,1398,en,59958
26618,Мишени,1998,104,8000000,1800000,2.1753,6.2,134,en,42994
21132,Monument Ave.,1998,93,,,2.8278,5.553,30,en,34849
11855,Фотограф,1998,86,6000000,2281761,1.4783,6.068,199,en,10367
24016,Под покровом небес,1990,138,25000000,2075084,1.5182,6.5,285,en,4956
14785,Королева бандитов,1994,119,,399,1.6801,6.6,59,hi,37630
14794,Если...,1968,111,500000,4600000,3.1255,7.062,394,en,78157
3486,Дьявольский заговор доктора Фу Манчу,1980,108,,10700000,1.4295,4.819,36,en,32154
11071,Они,1954,94,23000000,,3.352,6.826,442,en,51677
1091,Нечто,1982,109,15000000,19629760,6.729,8.072,7571,en,11770
10403,Игрок,1992,124,8000000,21706101,1.5433,7.207,896,en,9789
11337,Звездные воспоминания,1980,88,10000000,10389003,2.1972,6.9,451,en,1243
162,Эдвард руки-ножницы,1990,105,20000000,86024005,9.6386,7.72,13444,en,510
25723,Ночная посылка,1998,87,12000000,,2.0123,5.549,102,en,57870
73351,Шадрак,1998,88,,20167,2.3511,5.7,18,en,201278
8916,Муравей Антц,1998,83,60000000,171757863,3.7168,6.17,4620,en,18863
28134,Самозванцы,1998,101,,2198044,2.1331,5.9,67,en,2283
9429,Ночь в Роксбери,1998,82,17000000,30331165,2.5617,6.5,962,en,58316
12159,Куда приводят мечты,1998,113,85000000,71485043,3.4365,7.201,2413,en,9198
27791,Стрейнджлэнд,1998,85,1100000,631221,2.8191,5.0,140,en,554474
43106,Битва полов,1960,84,,,1.0204,6.5,30,en,8929
30197,Продюсеры,1968,89,947000,,1.7374,7.1,848,en,14639
10156,Всемирная история: Часть I,1981,92,11000000,31672907,2.5711,6.8,861,en,14639
10377,Мой кузен Винни,1992,120,11000000,64088552,4.0854,7.5,1736,en,21217
3121,Нэшвилл,1975,160,2200000,9995555,3.0289,7.3,441,en,9789
4975,Любовь – это дьявол,1998,92,,,4.0993,6.0,67,en,40307
37532,Слэм,1998,104,,,1.5784,6.7,23,en,82286
9713,Святоша,1998,114,60000000,12069719,2.1637,5.3,443,en,18356
134368,One Tough Cop,1998,90,,,1.0431,3.6,7,en,69719
85837,Detroit 9000,1973,106,,,2.5671,5.2,26,en,107065
1039,Die Siebtelbauern,1998,95,,,1.9614,6.563,16,de,15115
9821,Великан,1998,100,,2652246,1.8732,7.22,284,en,36804
4437,2010: Космическая одиссея,1984,116,28000000,40400000,1.9589,6.644,1014,en,37710
1890,Дети тишины,1986,119,,31853080,1.3123,6.9,334,en,19798
1955,Человек-слон,1980,123,5000000,26000000,2.9115,8.049,3769,en,5602
39437,Любимая,1998,171,80000000,22900000,4.1609,5.8,105,en,16294
11932,Невеста Чаки,1998,89,25000000,50688658,4.5701,6.125,2053,en,17268
6435,Практическая магия,1998,104,75000000,46733235,3.0468,6.8,1648,en,2171
108316,The Alarmist,1998,92,,,1.7174,4.4,18,en,1043813
10683,Счастье,1998,140,3000000,2800000,1.0174,7.439,888,en,66605
63709,Нарушитель спокойствия,1998,100,,,1.0891,6.333,18,en,65482
9445,Способный ученик,1998,107,14000000,8863193,2.7872,6.514,691,en,9032
2657,Плезантвиль,1998,124,60000000,49800000,4.0824,7.258,1795,en,23964
9425,Солдат,1998,99,75000000,14594226,2.8134,6.41,899,en,4014
32326,The Cruise,1998,76,,,2.6164,7.3,23,en,5345
637,Жизнь прекрасна,1997,118,20000000,230098753,8.2318,8.44,13659,it,4818
8675,Капитан Оргазмо,1998,94,1000000,602302,3.0518,6.106,462,en,34517
125762,Никита-двойная жизнь,1998,104,,,0.4155,4.462,13,en,121585
20701,Сказки с темной стороны,1990,93,3500000,16324573,2.0268,6.2,409,en,13367
9945,Вампиры,1998,108,20000000,20308772,1.0763,6.3,1311,en,11770
73,Американская история X,1998,119,20000000,23900000,5.2212,8.33,12190,en,814
18603,Hands on a Hardbody: The Documentary,1997,98,,,0.1804,7.5,33,en,75882
46889,На всю катушку,1998,100,12000000,12902790,0.9031,5.843,51,en,2163
12888,Живот,1998,96,3000000,9600000,2.7956,6.023,153,en,139874
3033,Боги и монстры,1998,105,10000000,6451628,1.4516,6.9,379,en,15557
9882,Осада,1998,116,70000000,116700000,3.5976,6.3,1419,en,9181
10663,Маменькин сыночек,1998,90,23000000,185991646,4.4982,6.1,1936,en,57370
4518,Елизавета,1998,124,30000000,82150642,4.6154,7.168,1454,en,37630
1808,Бархатная золотая жила,1998,123,9000000,4300000,1.0396,6.881,527,en,16863
3600,"Я всё еще знаю, что вы сделали прошлым летом",1998,100,24000000,84002112,1.9955,5.4,1649,en,33279
17037,Я буду дома к Рождеству,1998,86,30000000,,1.5458,5.972,345,en,15042
297,"Знакомьтесь, Джо Блэк",1998,178,90000000,142940100,7.4363,7.354,5572,en,769
5332,Dancing at Lughnasa,1998,96,,,1.1065,5.9,51,en,19969
21589,Эмблема тяжелого рока,1996,92,,,0.8014,6.5,32,en,55189
8336,The Naked Man,1998,98,,,0.6705,3.818,11,en,54563
11893,Поезд-беглец,1985,111,9000000,7936012,1.6469,7.0,619,en,58728
123056,Desert Bloom,1986,105,,,1.2062,5.5,19,en,1077287
12223,Степфордские жены,1975,117,500000,8700000,1.9575,6.685,344,en,31439
32081,Папа Гринвич-Виллидж,1984,121,8000000,6836201,2.1543,6.4,147,en,13859
14924,Сид и Нэнси,1986,114,4000000,2826523,2.0145,6.7,540,en,31493
10002,Мона Лиза,1986,105,,5794184,2.8131,6.87,281,en,17016
41817,Состояние сердца,1990,100,10000000,4134992,2.5683,5.56,100,en,1214034
19426,Ночи Кабирии,1957,118,,752045,1.6487,7.99,819,it,4415
12560,Большое разочарование,1983,105,8000000,56342711,1.3269,6.9,633,en,8844
9798,Враг государства,1998,132,90000000,250649836,2.7443,7.059,4093,en,893
14444,Карапузы,1998,80,30000000,100491683,1.8921,6.2,618,en,86439
9487,Приключения Флика,1998,95,80000000,363258859,7.7665,7.0,9526,en,7879
9466,Знаменитость,1998,113,12000000,5078660,2.6933,5.965,494,en,1243
666,Центральный вокзал,1998,110,2900000,5596708,3.0179,8.138,1004,pt,8574
2042,Спаситель,1998,103,10000000,,3.7888,7.2,174,en,21013
10162,Сюрприз старины Неда,1998,91,3000000,43515982,2.9139,7.046,324,en,64045
309,Торжество,1998,105,1300000,,2.5763,7.711,1194,da,4453
692,Розовые фламинго,1972,107,12000,6000000,4.7681,6.16,535,en,10367
24018,Глен или Гленда,1953,71,20000,10158,1.0064,4.6,141,en,44763
1678,Годзилла,1954,96,60000,2250000,2.0508,7.6,1060,ja,18598
39256,Godzilla 1985,1985,87,200000,4116395,2.7559,6.8,192,ja,1178751
1680,Кинг Конг против Годзиллы,1962,97,,12550000,2.5675,6.897,326,ja,18598
244,Кинг Конг,1933,104,672000,10001781,2.6083,7.6,1560,en,3238
10730,Кинг Конг,1976,134,23000000,90614445,2.0681,6.3,890,en,6778
31947,Кинг Конг жив,1986,105,10000000,4711220,2.1926,5.1,239,en,6778
8130,Отчаянно ищу Сьюзэн,1985,104,4500000,27399597,1.6999,6.082,479,en,53861
11532,Изумрудный лес,1985,114,,24467000,1.2186,6.6,254,en,19665
9749,Флетч,1985,98,8000000,59612888,2.3572,6.733,724,en,12964
14628,Флетч жив!,1989,91,8000000,35150960,1.4588,6.0,316,en,12964
9626,Рыжая Соня,1985,89,17900000,6948633,2.2826,5.4,897,en,2087
13698,Энтузиаст,1986,111,13000000,36611610,1.8771,6.038,208,en,6159
10466,Прорва,1986,91,10000000,54999651,2.1322,6.5,1199,en,24318
707,007: Вид на убийство,1985,131,30000000,152427960,3.2055,6.246,2104,en,10179
11954,Жизненная сила,1985,101,25000000,11603545,2.8387,6.244,676,en,10051
9336,Полицейская академия,1984,96,4500000,81198894,5.2764,6.692,2868,en,28904
10157,Полицейская академия 2: Их первое задание,1985,97,7600000,55600000,2.2611,6.079,1661,en,41720
12118,Полицейская академия 3: Переподготовка,1986,83,12000000,107600000,1.7065,5.802,1310,en,41720
10587,Полицейская академия 4: Граждане в дозоре,1987,88,17000000,76800000,1.9557,5.5,1226,en,65688
11825,Полицейская академия 5: Место назначения — Майами-Бич,1988,90,14000000,19510371,2.2059,5.219,966,en,14995
11895,Полицейская академия 6: Город в осаде,1989,84,15000000,33200000,1.6805,5.14,906,en,14987
9447,Бэйб: Поросенок в городе,1998,96,90000000,69100000,1.851,5.7,1293,en,20629
12257,Вот такие пироги,1998,93,15000000,10443316,0.7365,5.1,105,en,15002
37536,Телеведущий,1998,90,3500000,9247881,1.4454,4.135,52,en,109004
10029,Очень дикие штучки,1998,100,30000000,9898412,1.9568,6.258,660,en,36602
27104,Турецкая баня,1997,94,,384793,2.7021,6.552,143,tr,72197
11252,Психо,1998,104,25000000,37100000,9.8602,5.1,1014,en,5216
8545,Голосок,1998,96,,,2.5511,6.5,193,en,55299
10223,Простой план,1998,121,17000000,16316273,1.7124,7.2,1013,en,7623
9745,Джек Фрост,1998,101,27000000,34562925,6.3546,6.022,1192,en,58868
200,Звёздный путь 9: Восстание,1998,103,70000000,112587658,1.7419,6.433,1297,en,2388
9837,Принц Египта,1998,99,70000000,218613188,4.884,7.3,4178,en,21879
11545,Академия Рашмор,1998,93,9000000,17096053,3.4917,7.4,2622,en,5655
1934,Влюбленный Шекспир,1998,124,25000000,289317794,3.5018,6.843,3118,en,18844
110643,Mass Appeal,1984,99,,,1.719,5.8,12,en,30038
11881,Чудо на 34-й улице,1947,96,630000,2700000,9.4925,7.37,797,en,24939
13764,Санта Клаус,1985,107,50000000,23717291,3.9269,6.3,273,en,16187
24951,Скакун,1989,99,,,2.5492,6.0,101,en,79726
8879,Имя ему Смерть,1985,115,6900000,41400000,2.8072,7.167,1151,en,190
1369,Рэмбо: Первая Кровь 2,1985,94,44000000,300400432,5.3726,6.652,4159,en,16566
1368,Рэмбо: Первая Кровь,1982,93,15000000,125212904,7.3372,7.496,6651,en,16544
1370,Рэмбо 3,1988,102,63000000,189015611,4.5413,6.195,3352,en,16589
10303,Жемчужина Нила,1985,106,25000000,96800000,3.0728,6.209,1222,en,21819
9326,Роман с камнем,1984,106,10000000,86572238,3.5961,6.8,1960,en,24
10328,Кокон,1985,117,17500000,85300000,3.4994,6.6,1355,en,6159
11285,Кокон 2: Возвращение,1988,116,17500000,25000000,1.7776,6.489,1006,en,40549
1367,Рокки 2,1979,119,7000000,85187855,4.0255,7.284,4637,en,16483
1371,Рокки 3,1982,100,17000000,269952898,4.7695,6.897,4358,en,16483
1374,Рокки 4,1985,91,31000000,300473716,4.4395,7.079,4659,en,16483
1375,Рокки 5,1990,104,42000000,119946358,2.7368,5.781,3362,en,16513
15196,Улика,1985,94,15000000,14643997,4.3301,7.2,1864,en,21217
11904,Молодой Шерлок Холмс,1985,109,18000000,63700000,1.8086,6.735,676,en,8246
215875,Фиалки синие,1986,88,,,0.7964,4.8,20,en,5632
15596,Снова в школу,1986,96,11000000,91258000,1.3062,6.321,471,en,69801
13818,Ревность,1986,109,15000000,52600000,2.194,5.961,205,en,5342
29968,Ничего общего,1986,118,12000000,32324557,1.2052,5.8,131,en,1201
44326,Крайности,1986,89,,13418091,1.2665,6.1,95,en,86293
1885,Парень-каратист,1984,126,8000000,130442786,5.0793,7.21,4530,en,16513
8856,Парень-каратист 2,1986,113,13000000,115103979,3.4044,6.331,2387,en,16513
10495,Парень-каратист 3,1989,112,12500000,38956288,2.7259,5.9,1757,en,16513
5825,Рождественские каникулы,1989,97,27000000,74542088,15.679,7.2,2562,en,34682
9489,Вам письмо,1998,114,65000000,250800000,3.4267,6.7,3495,en,9248
16885,Генерал,1998,124,,1214198,1.8572,6.7,120,en,19665
76857,The Theory of Flight,1999,101,,,0.7993,6.2,43,en,25598
8741,Тонкая красная линия,1998,210,52000000,98126565,3.7686,7.4,3177,en,30715
9276,Факультет,1998,104,15000000,40283321,2.857,6.56,2134,en,2294
9822,Могучий Джо Янг,1998,114,90000000,,1.8203,6.3,851,en,33485
39314,Могучий Джо Янг,1949,94,1800000,1950000,1.424,6.372,121,en,3239
10312,Целитель Адамс,1998,115,50000000,202292902,2.3724,7.312,3357,en,4499
9441,Мачеха,1998,125,50000000,159710793,5.0877,7.2,1508,en,10965
9422,Гражданский иск,1998,115,70000000,56709981,1.7043,6.461,470,en,2260
125582,Возвращение к истокам,1998,112,,5672903,1.1013,6.241,27,en,54424
24525,Переполох,1998,122,4000000,1808004,1.5454,5.481,104,en,173686
10368,Чай с Муссолини,1999,117,12000000,21001563,1.2202,6.4,151,en,24657
11365,Уайлд,1997,118,10000000,2158775,3.294,6.6,281,en,58080
140897,Смертельный попутчик,1998,100,,7394,1.7247,4.818,11,en,52371
31662,Скорбь,1997,114,6000000,6330054,1.4297,6.32,297,en,1035
36136,Еще один день в раю,1998,101,,,1.0004,6.2,145,en,51917
1363,Страна холмов и долин,1998,114,,166000,1.1582,6.099,86,en,3224
46992,Хилари и Джеки,1998,121,,,1.1073,6.5,108,en,26481
825,Превратности любви,1998,121,20000000,3970078,1.4677,6.577,241,en,12227
22913,TwentyFourSeven,1998,96,,,1.5599,6.2,37,en,70520
15556,С первого взгляда,1999,128,,,1.3836,6.0,249,en,11472
28902,Сновидения,1999,100,30000000,12017369,1.1757,5.455,191,en,17016
14709,Студенческая команда,1999,106,,,7.5188,6.1,445,en,53177
9423,Вирус,1999,99,75000000,30700000,1.1132,5.395,650,en,58338
14443,Малыши из мусорного бачка,1987,90,1000000,1576615,0.8825,3.4,110,en,51809
10658,Говард-утка,1986,110,37000000,38000000,2.4894,5.4,1077,en,686
6917,Врата,1987,86,2500000,13539458,2.9538,6.1,405,en,42309
40729,Врата 2: Нарушители,1990,93,6500000,2032973,2.6994,5.426,102,en,42309
24086,"Мальчик, который умел летать",1986,114,,7177431,1.1566,6.285,142,en,14692
11815,Муха,1958,94,700000,3000000,4.3749,7.0,582,en,70565
9426,Муха,1986,96,15000000,60629159,4.5333,7.4,4761,en,224
10344,Муха 2,1989,105,16500000,38900000,2.0232,5.7,699,en,64875
15698,Беги без оглядки,1986,106,,38500726,2.2251,6.05,228,en,37710
2620,Вооружены и опасны,1986,88,12000000,15945534,1.4151,5.7,195,en,67753
30497,Техасская резня бензопилой,1974,83,140000,30922680,3.4008,7.3,3644,en,10051
16337,Техасская резня бензопилой 2,1986,100,4500000,8027706,2.5028,5.655,974,en,10051
25018,Техасская резня бензопилой 3: Кожаное лицо,1990,81,2000000,5765562,3.4067,5.3,611,en,31621
16780,Техасская резня бензопилой 4: Новое поколение,1995,87,600000,185898,1.8738,4.6,724,en,27797
12151,Безжалостные люди,1986,93,11000000,71600000,0.9711,6.6,426,en,12936
25438,Конфеты или смерть,1986,97,,6797218,1.7513,6.1,191,en,1270
33278,Смертельный друг,1986,91,,8988731,1.0183,6.1,258,en,5140
274253,Belizaire the Cajun,1986,99,,1142243,1.3289,5.3,7,en,107181
192,Имя розы,1986,130,18000000,77200000,2.5063,7.49,3200,en,2352
10945,Джек-попрыгунчик,1986,105,18000000,29844101,0.8042,6.1,379,en,14911
10013,Пегги Сью вышла замуж,1986,103,18000000,41382841,1.8373,6.1,628,en,1776
9671,Крокодил Данди,1986,97,5000000,328203506,3.4147,6.423,2021,en,58453
9396,Крокодил Данди 2,1988,111,14000000,239606210,2.7775,5.9,1171,en,57594
11038,Крутые мужики,1986,104,10000000,21458229,2.9837,6.0,145,en,67897
12278,Свой в доску,1986,104,4500000,35000000,3.0067,5.283,157,en,58712
11873,Цвет денег,1986,119,13800000,52293982,1.7291,6.852,1447,en,1032
18588,Подцеплен по-крупному,1986,114,,5186646,1.5242,5.956,137,en,13776
10015,Перевал разбитых сердец,1986,130,15000000,42700000,2.3301,6.883,1074,en,190
12715,Идущий в огне,1986,101,8000000,11949484,2.4231,5.261,188,en,18669
8388,Три амигос!,1986,103,25000000,39200000,2.321,6.32,1084,en,4610
45712,Глория,1999,108,30000000,4197729,2.1742,5.8,126,en,39996
6187,Nettoyage à sec,1997,97,,,1.0229,5.4,31,fr,48583
8129,Меня зовут Джо,1998,105,,,1.2507,7.23,204,en,15488
1618,Still Crazy,1998,92,,524864,1.8723,6.8,114,en,18069
10722,День зверя,1995,103,,4367497,1.9391,7.2,576,es,57865
296543,Tinseltown,1997,85,,,0.1697,3.0,5,en,151286
10314,Это всё она,1999,95,10000000,103166989,3.5333,6.318,2192,en,64815
125548,The 24 Hour Woman,1999,93,,,0.9762,3.0,2,en,93025
47139,"Blood, Guts, Bullets and Octane",1998,87,7300,13674,0.7675,4.8,17,en,40223
11167,Подглядывающий,1960,101,150000,83957,2.3322,7.443,867,en,68424
170187,Spanish Fly,1998,91,,,3.3184,2.0,4,en,1021557
2112,Расплата,1999,101,90000000,161626121,2.5978,6.823,1925,en,4723
16172,Просто неотразима,1999,96,6000000,4398989,0.8976,5.4,247,en,18679
111794,20 Dates,1998,87,,,0.8814,5.0,8,en,162102
9524,Comedian Harmonists,1997,126,,244523,0.3813,6.664,64,de,14614
20595,Последние дни,1998,87,,421432,0.3644,7.4,94,en,127027
16306,Дикая планета,1973,72,,,1.6941,7.6,1053,fr,80260
11622,Взрыв из прошлого,1999,112,35000000,40263020,4.1156,6.763,1166,en,28904
10207,Послание в бутылке,1999,131,80000000,118880016,2.8933,6.3,803,en,46085
9849,Мой любимый марсианин,1999,94,65000000,36850101,1.6839,5.6,334,en,18281
82865,"God Said, 'Ha!'",1998,85,,55970,0.7478,5.6,8,en,11806
18892,Королевы убийства,1999,87,3000000,3100000,4.3079,6.384,564,en,239418
13466,Октябрьское небо,1999,108,25000000,34698685,2.9106,7.7,1358,en,4945
1542,Офисное пространство,1999,90,10000000,12800000,5.0848,7.37,3227,en,17403
43978,سیب,1998,82,,,0.3099,6.231,52,fa,20026
15256,200 сигарет,1999,101,6000000,6852450,1.2824,5.803,175,en,3191
8224,8 миллиметров,1999,123,40000000,96618699,3.9602,6.464,2158,en,5572
18417,Другая сестра,1999,130,35000000,,1.2229,6.3,171,en,1201
12479,Завтрак для чемпионов,1999,110,12000000,,1.1844,5.035,113,en,72427
15031,Белая ворона,1999,86,,,3.2209,6.2,25,en,77733
15209,Восемь дней в неделю,1997,92,10000000,,1.3195,5.4,52,en,24949
26425,Спекулянт,1998,115,12000000,,1.1812,5.4,29,en,22814
1847,Долгое прощание,1973,112,1700000,959000,1.8288,7.4,724,en,9789
42113,Легенда о Нараяме,1983,130,,,2.275,7.508,190,ja,20025
8913,Кладбище домашних животных,1989,103,11500000,57500000,3.0707,6.635,2302,en,56263
10906,Кладбище домашних животных 2,1992,100,8000000,17092453,2.2164,5.5,582,en,56263
25748,Дети кукурузы 2: Последняя жертва,1992,92,900000,6980986,0.6911,4.73,267,en,102709
25749,Дети кукурузы 3: Городская жатва,1995,90,,,0.8272,4.72,220,en,68762
8769,Кристина,1983,110,9700000,21200000,4.2098,6.871,2133,en,11770
14742,Ночная смена,1982,106,8100000,21095683,3.3994,6.0,223,en,6159
15856,Дом ночных призраков,1959,75,200000,,1.1531,6.775,577,en,12011
10671,Аэропорт,1970,137,10000000,100489151,1.6565,6.5,425,en,24939
27932,Аэропорт,1974,107,3000000,102985152,1.3215,5.7,282,en,30422
7227,Аэропорт 77,1977,114,6000000,91100000,3.5273,5.583,314,en,52094
10670,Русские горы,1977,119,9000000,8200000,2.5846,6.0,149,en,15630
5919,Вздымающийся ад,1974,165,14000000,116000000,2.3399,7.0,993,en,6778
33518,Аллигатор,1980,91,1500000,,1.086,6.1,365,en,21819
40160,Метеор,1979,108,16000000,12600000,1.6797,5.1,154,en,7501
2362,Мир Дикого Запада,1973,88,1200000,10000000,4.0305,6.775,1386,en,4782
10803,Бегство Логана,1976,119,9000000,25000000,2.2676,6.591,1010,en,20412
871,Планета обезьян,1968,112,5800000,32589624,5.6173,7.643,3796,en,13265
1685,Под планетой обезьян,1970,95,3000000,18999718,2.6279,6.1,1411,en,18635
1705,Битва за планету обезьян,1973,86,1700000,8844595,3.5074,5.685,1008,en,18669
1688,Завоевание планеты обезьян,1972,88,1700000,9700000,2.0397,6.158,1036,en,18669
1687,Бегство с планеты обезьян,1971,98,2500000,12348905,3.4017,6.372,1170,en,9108
166680,Лавина,1978,91,6500000,,0.3858,3.6,69,en,2775
11123,Землетрясение,1974,123,7000000,79666653,1.9537,6.1,348,en,19457
29723,Конкорд: Аэропорт-79,1979,113,14000000,13015688,1.9468,4.7,200,en,40187
31638,Пленники Посейдона,1979,114,,,2.6272,5.068,133,en,7506
113286,Dancemaker,1998,98,,,1.8645,4.5,6,en,116370
9535,Анализируй это,1999,103,80000000,176885658,3.4854,6.5,2032,en,1524
9455,Коррупционер,1999,110,25000000,15156200,1.7784,6.1,300,en,15890
796,Жестокие игры,1999,98,10500000,76347426,5.2137,6.8,3440,en,11873
100,"Карты, деньги, два ствола",1998,105,1350000,28356188,1.9099,8.1,6946,en,956
47501,Кровь с молоком,1999,97,,,0.9545,5.976,21,en,111338
77936,Школа плоти,1998,105,,,1.2074,5.208,24,fr,229263
84586,Relax... It's Just Sex,1998,110,,,0.4404,5.63,23,en,617183
30943,На самом дне океана,1999,106,38000000,28121100,2.5523,6.552,517,en,140354
107946,Harvest,1999,100,,,1.9625,3.0,2,en,1196937
7341,Кэрри 2: Ярость,1999,104,21000000,17762705,1.8404,5.652,442,en,102634
10350,Командир эскадрильи,1999,100,30000000,11578022,2.2435,4.787,275,en,20305
11772,Логово Дьявола,1963,111,1050000,1020000,4.2145,7.1,690,en,1744
9540,Связанные насмерть,1988,116,13000000,8038508,2.611,7.126,958,en,224
31503,My Boyfriend's Back,1993,85,,3335984,1.0896,5.7,90,en,12438
11773,Деревня проклятых,1960,77,200000,2175000,2.0607,7.185,479,en,70448
30202,Дети проклятых,1964,90,,2000000,1.4255,6.1,105,en,105822
22345,Гениальные младенцы,1999,94,12000000,36450736,3.0613,4.1,397,en,12698
53685,Рассказывая тебе,1998,94,,,2.9564,3.25,12,en,1016047
1567,Один против всех,1999,93,,6955,2.2356,7.41,556,fr,14597
1641,Силы природы,1999,105,75000000,93888180,0.9761,5.445,582,en,18320
47288,Король и я,1999,87,25000000,12000000,1.6602,5.361,115,en,107274
10212,Людоед,1999,101,12000000,2062405,1.4722,6.851,666,en,42617
10354,Настоящее преступление,1999,127,55000000,16700000,1.8024,6.527,829,en,190
11526,Бандитки,1997,110,,,3.5738,5.9,52,de,62872
8583,Честная куртизанка,1998,111,,4553271,3.4308,7.04,287,en,9182
123728,The Empty Mirror,1996,118,,,0.4728,5.5,6,en,1603348
16520,Король и я,1956,133,4550000,21300000,1.9769,7.074,393,en,80570
16508,Doug's 1st Movie,1999,76,,,1.393,5.5,99,en,261271
11374,Эд из телевизора,1999,123,80000000,35242897,1.2583,6.0,667,en,6159
16379,Отряд «Стиляги»,1999,92,50000000,13260050,1.1153,4.317,131,en,324
125123,Among Giants,1998,93,,,0.2842,4.571,7,en,134156
28029,A Walk on the Moon,1999,107,14000000,,1.6116,6.0,108,en,3417
603,Матрица,1999,136,63000000,463517383,15.2684,8.236,27057,en,9340
4951,10 причин моей ненависти,1999,97,16000000,53478166,8.9048,7.59,8633,en,40243
65749,Танго,1998,115,,,1.4711,6.541,37,es,96369
8970,Приезжие,1999,90,75000000,29000000,1.1219,5.8,249,en,54967
9840,Воображаемая жизнь ангелов,1998,113,500000,,2.1774,6.9,109,fr,19377
186705,Любовь плюс...,1996,105,,,1.8186,5.4,16,fr,24560
30950,Метролэнд,1997,105,,,2.6363,5.8,54,en,107414
70687,Липкие пальчики Времени,1997,81,250000,,0.7493,4.308,13,en,85925
11660,Преследование,1999,68,6000,48482,2.1571,7.1,1748,en,525
9430,Экстази,1999,102,6500000,28451622,2.018,7.0,778,en,11694
11355,Нецелованная,1999,107,25000000,84565230,2.3389,6.2,1547,en,1215
18764,Близнецы-драконы,1992,89,,46861333,2.52,6.741,411,cn,26767
9465,Колесо фортуны,1999,118,10000000,10920544,1.3182,6.332,188,en,9789
27455,Глупый,1999,84,,6033999,3.0566,5.923,13,en,54827
1414,Любовники полярного круга,1998,112,,,1.102,7.3,258,es,16435
49981,"Прощай, любовник",1999,102,20000000,,2.2414,5.6,69,en,8965
6522,Пожизненно!,1999,104,80000000,73500000,4.8546,6.655,840,en,34849
114719,Друзья и любовники,1999,103,,94633,1.8557,4.8,29,en,941809
10209,Экспресс в Марракеш,1999,98,12000000,1263279,0.6036,6.0,95,en,33405
25512,Jeanne et le garçon formidable,1998,93,,13936,2.4463,5.4,31,fr,5066
143299,The Joyriders,1999,100,,,2.2696,4.5,2,en,263975
22826,Монстр,1994,112,,,4.4991,6.947,630,it,4818
1902,Открой глаза,1997,119,2900000,370720,2.1439,7.4,1131,es,19840
445590,Fotoamator,1998,52,,,1.986,5.0,3,pl,1258297
6396,Панк из Солт-Лейк-Сити,1998,97,600000,299200,2.6126,7.1,408,en,33156
39964,Счастливая пропажа,1999,95,30000000,6552255,0.4098,5.005,94,en,88060
12596,Управляя полетами,1999,124,33000000,8408835,2.4855,5.9,425,en,10723
9451,Выскочка,1999,103,25000000,14902041,3.0823,6.869,1139,en,13235
1946,Экзистенция,1999,97,15000000,2856712,3.3857,6.8,2083,en,224
89522,A Little Bit of Soul,1998,84,,,0.8037,5.4,5,en,61335
42230,猩猩王,1977,90,,,0.7994,5.079,63,zh,1042634
139445,Nô,1998,85,1000000,,1.7348,7.0,9,fr,38527
74140,Let It Come Down: The Life of Paul Bowles,1999,75,,,1.1077,1.0,3,en,92012
1844,Западня,1999,112,66000000,212404400,2.8476,6.2,2140,en,15148
6552,Рука - убийца,1999,92,25000000,4152230,2.5612,6.2,714,en,50719
24584,Get Real,1998,111,1200000,1200000,2.5095,7.0,184,en,103586
213985,Предсказание,1999,105,,2838,2.3719,5.184,19,en,206549
25471,Король масок,1995,102,,1,1.4058,7.375,61,zh,552613
4154,Three Seasons,1999,105,,,3.0864,7.2,32,vi,35052
28519,Приговор,1999,104,,,0.85,6.7,76,en,1255
3309,Милдред Пирс,1945,111,1453000,5638000,3.4368,7.61,426,en,4109
18462,Ночь кометы,1984,95,3000000,14418922,1.3495,6.212,416,en,68381
28941,Роботы-убийцы,1986,77,800000,,0.9617,5.8,395,en,98132
18252,Мой научный проект,1985,94,,4122748,0.5758,6.219,146,en,70835
8592,Дик Трэйси,1990,101,47000000,103738726,1.8952,6.1,991,en,6449
564,Мумия,1999,124,80000000,415885488,15.8113,6.953,9611,en,7775
13852,Замок,1997,85,800000,861789,0.3544,7.1,215,en,42378
140519,Mascara,1999,94,,,2.1038,3.0,6,en,1112606
25232,Все о моем отце,1999,119,,1083975,0.7509,5.4,12,en,93395
33194,天浴,1998,99,,,3.3068,7.133,45,zh,6720
10210,Сон в летнюю ночь,1999,116,11000000,16071990,2.3967,6.386,396,en,52405
53862,Оболтус,1999,94,,9016377,0.4105,4.9,14,en,161858
17962,После жизни,1999,118,,,2.1382,7.2,257,ja,25645
9460,Черная маска,1996,99,,12504461,1.9853,6.212,286,cn,57832
4927,Семнадцатилетний рубеж,1999,104,1500000,870751,1.3578,6.491,112,en,40439
122190,Выносливость,1999,83,,137124,2.2239,6.1,7,en,234358
1893,Звёздные войны: Эпизод 1 - Скрытая угроза,1999,136,115000000,924317558,5.6378,6.568,15380,en,1
31342,Любовное письмо,1999,87,,,0.8181,5.1,70,en,56739
44297,Осажденные,1998,93,,,3.0485,6.602,64,it,4956
95627,Frogs for Snakes,1998,108,,,0.8283,2.4,5,en,44023
8785,"Рукопись, найденная в Сарагосе",1966,182,,13377,1.3781,7.8,144,pl,27002
15849,Мумия,1932,73,196000,,2.8624,6.8,671,en,70
18990,Мумия,1959,88,,,1.9728,6.7,248,en,29662
29242,Проклятие мумии,1944,60,,,1.0047,5.5,77,en,103346
29243,Призрак мумии,1944,61,,,1.3049,5.6,78,en,100793
31498,Рука мумии,1940,67,84000,,1.2174,5.753,97,en,90375
29239,Гробница мумии,1942,60,,,2.3489,5.6,78,en,103344
15660,Дорогая мамочка,1981,129,5000000,19032261,2.6465,6.3,223,en,113799
1924,Супермен,1978,144,55000000,300478449,4.7929,7.152,4116,en,7187
8536,Супермен 2,1980,127,54000000,216385706,3.5079,6.746,2428,en,10586
9531,Супермен 3,1983,125,39000000,80250623,2.2525,5.5,1811,en,10586
11411,Супермен 4: В поисках мира,1987,90,17000000,36700000,1.9052,4.593,1356,en,64508
138,Дракула,1931,75,355000,700000,2.9536,7.16,1317,en,1496
30793,Дом Дракулы,1945,67,,,1.5303,5.539,142,en,29755
3103,Дом Франкенштейна,1944,71,354000,,1.5076,6.017,175,en,29755
3035,Франкенштейн,1931,70,291000,12000000,2.6704,7.471,1724,en,2917
3077,Сын Франкенштейна,1939,99,420000,,1.1035,6.707,268,en,30146
3074,Призрак Франкенштейна,1942,67,200000,,0.737,5.8,166,en,29755
3076,Франкенштейн встречает Человека-волка,1943,74,1200000,,0.8666,6.2,214,en,25165
3079,Проклятие Франкенштейна,1957,83,270000,8000000,1.0324,6.8,324,en,29662
32023,Сын Дракулы,1943,80,10000000,,0.5223,5.9,140,en,5029
13666,Человек-волк,1941,70,180000,,1.3211,7.0,656,en,30129
29794,Вой 2: Стирба – Сука-оборотень,1985,91,2000000,,1.1505,4.9,225,en,114629
9077,Тарантул,1955,80,,,3.164,6.478,298,en,33883
36685,Шоу ужасов Рокки Хоррора,1975,100,1400000,171181400,3.9335,7.443,3021,en,13484
43391,The Flying Saucer,1950,69,,,0.7089,3.6,16,en,106608
30168,It Came from Hollywood,1982,80,5000000,2091037,0.8791,5.2,26,en,108128
10785,Нечто,1951,87,,,1.8638,6.7,659,en,13973
19483,Это прибыло из космоса,1953,81,800000,1600000,1.1854,6.3,233,en,33883
8974,Война миров,1953,85,2000000,2000000,1.7076,6.803,672,en,51000
29959,Это прибыло со дна моря,1955,79,,,2.746,5.58,100,en,9643
11549,Вторжение похитителей тел,1956,80,416911,3000000,2.1329,7.5,1147,en,14773
18158,Земля против летающих тарелок,1956,83,,,1.7297,6.1,177,en,82751
27625,Оно захватило мир,1956,71,,,1.0925,4.783,53,en,102429
41516,Подземное население,1956,77,,,1.1174,5.1,61,en,12345
17918,Болотная тварь,1982,89,3000000,,3.9506,5.393,440,en,5140
37305,Высота Порк Чоп Хилл,1959,98,,,2.0502,6.6,68,en,2000
18784,"Идти тихо, идти глубоко",1958,93,,,1.7495,6.9,174,en,1744
509,Ноттинг Хилл,1999,124,42000000,363889678,5.8211,7.265,6491,en,7017
1090,Тринадцатый этаж,1999,101,16000000,18564088,2.0008,7.054,1434,en,15361
24858,Вечность и один день,1998,137,,,2.1258,7.789,204,el,10316
15059,Потеря сексуальной невинности,1999,106,4000000,,1.153,5.506,31,en,6111
55912,Человек с дождем в ботинках,1998,91,,258464,1.0521,4.865,37,en,102329
12117,Инстинкт,1999,126,80000000,34105207,1.8602,6.493,637,en,12962
11779,Клуб Буена Виста,1999,105,,,2.1782,7.5,358,en,2303
41730,Desert Blue,1999,90,2000000,100590,2.6042,5.726,42,en,66800
84198,Место на столе,2012,84,,230522,1.1168,6.8,25,en,638550
100568,На плаву,1997,90,,,2.4597,6.2,14,en,1085268
13533,Фан-клуб,1998,113,,,2.2759,5.8,37,en,262055
62676,Забвение,1999,126,8000000,1997807,2.1239,6.541,73,en,102445
817,"Остин Пауэрс: Шпион, который меня соблазнил",1999,95,33000000,312016928,3.825,6.294,3535,en,6737
265966,Нечего декларировать,1999,101,,,0.9113,7.5,2,en,1006105
91598,Le Nain rouge,1998,100,,,0.6968,5.35,10,fr,980223
14283,Красная скрипка,1998,141,18000000,9495408,2.0524,7.359,436,fr,78012
37135,Тарзан,1999,88,130000000,448200000,9.8578,7.4,7109,en,15774
2275,Генеральская дочь,1999,116,60000000,149700000,1.9576,6.417,986,en,12786
68426,Достать Брюса,1999,72,,,1.4175,6.2,10,en,551883
24137,Идеальный муж,1999,97,14000000,18500000,1.4761,6.469,211,en,56710
10376,Легенда о пианисте,1998,120,9000000,21057208,4.5212,8.2,2367,it,65314
104,"Беги, Лола, беги",1998,81,1530000,7660911,2.9529,7.3,2449,de,1071
15800,Trekkies,1997,86,375000,,0.7839,6.4,62,en,63983
9032,Большой папа,1999,93,34200000,234801895,4.8968,6.5,3426,en,17494
13821,The Boys,1998,86,,,1.6669,6.38,25,en,61346
9421,Ужин с придурком,1998,80,12500000,78599508,2.7041,7.764,2005,fr,38507
55955,My Son the Fanatic,1997,88,,408339,0.9352,4.867,15,en,145304
67067,Зона 39,1996,95,,,0.0452,5.308,13,en,79113
6488,Боязнь пауков,1990,105,31000000,53200000,2.5723,6.4,1463,en,664
9473,"Южный Парк: Большой, длинный и необрезанный",1999,81,21000000,83137864,3.3321,7.3,2838,en,34517
8487,"Дикий, дикий Запад",1999,106,170000000,222104681,2.9786,5.3,3457,en,5174
10279,Кровавое лето Сэма,1999,142,22000000,19288130,1.741,6.5,508,en,5281
125263,Разбитые сосуды,1998,90,600000,,2.7191,4.8,8,en,43439
2767,Любовники с Нового Моста,1991,126,28000000,,1.4585,7.407,359,fr,27977
78568,"Конец августа, начало сентября",1999,112,,69400,5.3914,5.9,46,fr,21678
2105,Американский пирог,1999,95,11000000,235483004,8.9104,6.598,8040,en,3289
1073,Дорога на Арлингтон,1999,118,31000000,41100000,3.666,7.019,1180,en,11676
10239,Осенняя сказка,1998,112,,,1.5807,7.1,132,fr,28615
10208,Маппеты в космосе,1999,88,24000000,22300000,1.7363,6.077,350,en,49903
2667,Ведьма из Блэр: Курсовая с того света,1999,81,60000,248639099,4.9105,6.37,5224,en,26849
48958,Моя веселая жизнь,1999,98,,,1.2964,5.561,33,en,58220
345,С широко закрытыми глазами,1999,159,65000000,162100000,8.3062,7.5,6692,en,240
9825,Лэйк Плэсид: Озеро страха,1999,82,27000000,56870414,3.6161,5.9,1203,en,58712
16158,Глухой квартал,1999,106,6000000,25059640,2.9313,6.6,106,en,51866
133575,The Velocity of Gary,1999,100,4000000,2143,0.69,3.737,19,en,69099
620,Охотники за привидениями,1984,105,30000000,296640120,5.8498,7.494,9439,en,8858
2978,Охотники за привидениями 2,1989,108,37000000,215394738,7.9257,6.596,4678,en,8858
10490,Убийственные красотки,1999,98,10000000,10571408,1.7881,6.4,411,en,59412
11618,Призрак дома на холме,1999,113,80000000,177311151,3.3398,5.475,1450,en,2209
332,Инспектор Гаджет,1999,78,75000000,134403112,3.0414,4.501,1278,en,4759
1812,Трюк,1999,89,450000,2049595,1.5669,6.937,103,en,19228
8914,Глубокое синее море,1999,105,60000000,164648231,3.2902,5.992,2565,en,16938
9824,Таинственные люди,1999,121,68000000,29762011,5.4075,5.8,877,en,59646
4806,Сбежавшая невеста,1999,116,70000000,309500000,3.265,6.119,2108,en,1201
33430,Twin Falls Idaho,1999,111,,,1.1395,6.902,46,en,41887
247,Убийство,1956,85,320000,,1.7456,7.651,1648,en,240
10056,Поцелуй убийцы,1955,67,75000,,1.4918,6.4,572,en,240
967,Спартак,1960,197,12000000,60000000,4.5117,7.5,2288,en,240
802,Лолита,1962,154,2000000,9250000,4.945,7.312,2173,en,240
3175,Барри Линдон,1975,185,11000000,31500000,3.4664,7.99,3044,en,240
147,Четыреста ударов,1959,98,,,2.7318,8.0,2249,fr,1650
1628,Жюль и Джим,1962,104,,,1.1791,7.541,1025,fr,1650
21185,Озарение,1988,99,1884000,1883811,0.8086,5.7,81,en,29009
11120,Берег москитов,1986,119,25000000,14302779,1.8096,6.359,497,en,2690
10136,Золотой ребенок,1986,89,25000000,79817939,2.3115,5.932,1133,en,12964
32060,Brighton Beach Memoirs,1986,108,,,1.2774,6.557,53,en,69300
48686,Убийство,1987,88,5000000,6075793,2.9365,5.6,90,en,9868
48259,Преступления сердца,1986,105,20000000,22905522,1.0101,6.0,67,en,5696
873,Цветы лиловые полей,1985,154,15000000,146300000,3.2185,7.742,1899,en,488
48660,Родственник,1987,93,,,2.3228,6.0,74,en,56913
26789,Без пощады,1986,106,14000000,12303904,3.0742,5.8,187,en,73496
3934,Вечернее платье,1986,84,,,0.9843,6.602,244,fr,34262
108312,Native Son,1986,111,2000000,1301121,2.0586,5.0,13,en,55264
198469,Отелло,1986,118,,,2.387,5.9,10,fr,24657
11416,Миссия,1986,125,24500000,17200000,1.9493,7.393,1481,en,8965
10776,Магазинчик ужасов,1986,94,25000000,53964308,2.5009,6.964,1563,en,7908
24452,Магазинчик ужасов,1960,72,31000,25066,1.5459,6.3,444,en,102429
9710,Потерянный город золота,1986,99,,3751285,1.4259,4.8,291,en,47893
31924,На следующее утро,1986,103,,25147055,0.9216,5.9,127,en,39996
30890,Эпоха радио,1987,89,16000000,14792779,2.4776,7.0,620,en,1243
24081,Шквальный огонь,1987,111,9000000,9518342,0.9793,5.807,44,en,12698
20242,Неприличное везение,1987,100,,,1.5826,6.0,123,en,133259
39074,Окно спальни,1987,114,8300000,12640385,1.4069,6.3,138,en,323
66194,Смертельные истории,1986,93,,2750741,2.3831,4.9,71,en,1088198
2115,Light of Day,1987,107,,10489617,1.3168,5.5,57,en,1035
23599,Взять живым или мёртвым,1987,106,,,1.3124,5.904,135,en,33094
3526,Фрэнсис,1982,140,8000000,5000000,2.0463,6.87,119,en,13488
41166,Беспокойное сердце,1985,124,10000000,6148000,1.9916,5.7,47,en,64061
16406,Подруги президента,1999,94,13000000,27500000,1.2189,5.938,288,en,41549
197239,The Gambler,1997,97,,,2.4944,4.5,8,en,923620
10386,Стальной гигант,1999,86,50000000,23300000,4.6996,7.955,5948,en,7087
745,Шестое чувство,1999,107,40000000,672800000,6.0418,7.947,12411,en,11614
913,Афёра Томаса Крауна,1999,113,48000000,124305181,4.6876,6.745,1281,en,1090
912,Афёра Томаса Крауна,1968,102,4300000,14000000,2.6025,6.774,551,en,13563
12229,Кислотный дом,1998,107,900000,142783,1.1119,6.2,129,en,2291
67323,The Adventures of Sebastian Cole,1998,99,,100841,0.784,4.882,17,en,20133
91076,Иллюмината,1998,119,,840702,2.2117,5.357,21,en,1241
89861,Стиснув зубы,1998,94,,,0.57,5.2,11,en,20779
19457,Ярды,2000,115,24000000,889352,3.5449,6.204,492,en,20561
11353,Клёвый парень,1999,97,55000000,98625775,1.4384,6.174,912,en,7908
17707,Разрушенный дворец,1999,100,25000000,10115013,3.14,6.4,401,en,42171
9781,Детройт – город рока,1999,95,6500000,4217115,1.96,6.7,438,en,50583
102489,Алиса и Мартен,1998,124,,,0.7555,5.6,29,fr,96627
18212,"Лучше, чем шоколад",1999,101,,,2.8489,6.0,103,en,97773
13817,Head On,1998,104,,378667,2.7034,6.203,59,en,75675
126996,"Marcello Mastroianni - Mi ricordo, sì, io mi ricordo",1997,198,,,0.8362,7.7,10,it,1083461
38715,Кобра,1925,76,,,1.1458,5.5,14,en,8820
48781,Незнакомец,1995,86,6400000,6858261,1.2584,5.2,184,en,27339
12185,Небеса могут подождать,1978,101,15000000,98800000,1.1126,6.6,426,en,6449
29056,Ворон,1963,86,350000,1499275,2.2463,6.291,268,en,102429
26857,Тинглер,1959,82,250000,,3.0159,6.382,186,en,12011
28501,Колодец и маятник,1961,85,200000,2000000,0.7223,6.826,364,en,102429
29030,Гробница Лигейи,1964,81,,,1.232,6.3,176,en,102429
25319,Маска красной смерти,1964,88,1000000,,0.9519,6.568,347,en,102429
29074,Истории ужасов,1962,89,,,1.4652,6.626,195,en,102429
24103,Медовый месяц с призраками,1986,82,13000000,8000000,2.6071,5.3,164,en,3460
10552,Кошачий глаз,1985,94,7000000,13100000,1.9205,6.714,703,en,21819
9267,А теперь нечто совсем иное,1971,88,100000,7000,1.3762,7.207,562,en,57073
10766,Омен II: Дэмиен,1978,107,6800000,26518355,1.8387,6.421,783,en,9108
10768,Омен III: Последний конфликт,1981,108,5000000,20471382,1.5184,5.836,612,en,43513
813,Аэроплан,1980,88,3500000,83453539,5.0245,7.31,4846,en,12936
2665,Аэроплан 2: Продолжение,1982,85,15000000,27150534,1.7852,6.1,1206,en,27746
9406,Американский оборотень в Париже,1997,98,22000000,26570463,1.9785,5.9,727,en,58384
11418,Европейские каникулы,1985,95,17000000,49364621,2.9631,6.2,942,en,57434
11153,Каникулы,1983,98,15000000,61418063,5.2301,7.099,1659,en,1524
14170,Забавная ферма,1988,101,19000000,25537221,2.3881,6.173,283,en,9577
2280,Большой,1988,104,18000000,151927281,8.2122,7.179,3844,en,14911
11077,Трудный ребенок,1990,81,10000000,72000000,1.9825,6.2,884,en,17494
28597,Трудный ребенок 2,1991,90,15000000,32704700,2.4814,5.9,642,en,13581
22611,Маленький Немо: Приключения в стране снов,1989,95,,,2.0668,6.9,173,ja,99875
39780,Оскар и Люсинда,1997,132,16000000,1897404,0.9538,6.349,78,en,58094
10396,Пьяный рассвет,1988,115,23000000,105900000,2.5212,6.1,546,en,11057
9944,Дело о пеликанах,1993,141,45000000,195268056,2.586,6.597,1694,en,6349
850,Рождественская история,1983,94,3300000,20700000,3.3027,7.2,1339,en,12698
10154,Голубоглазый Микки,1999,102,75000000,54264342,1.0403,5.687,580,en,64030
10342,Убить Миссис Тингл,1999,95,13000000,8946237,1.6192,5.487,356,en,26458
10366,Универсальный солдат: Возвращение,1999,82,33500000,10667893,2.5958,5.926,1310,en,18889
9349,Универсальный солдат,1992,102,23000000,94999898,2.8047,6.333,1812,en,6046
15122,К черту любовь,1999,94,4000000,2924635,3.3133,6.2,62,en,60621
10494,Истинная грусть,1998,81,3000000,683666,6.682,8.297,2993,ja,40333
126152,With Friends Like These,1998,105,,,0.8906,5.0,1,en,1184213
22314,На дне бездны,1999,95,7000000,14011454,1.4713,6.4,109,en,28741
51679,Источник,1999,88,,360895,1.6699,5.2,13,en,44931
35813,Летучая мышь,1959,80,,,3.7569,5.909,132,en,84940
11037,Железный орёл,1986,117,18000000,24159872,3.8814,5.6,322,en,64508
11955,Железный орёл 2,1988,105,,,1.6972,4.5,91,en,64508
2038,Железный орёл 3: Асы,1992,98,,,1.5356,4.1,69,en,10179
28737,Железный орёл 4,1995,96,,,1.2797,3.796,47,en,64508
11963,Три дня Кондора,1975,117,7800000,41509797,4.4495,7.279,1289,en,2226
141489,Hamlet from the Lunt-Fontanne Theatre,1964,191,,,0.8508,6.5,4,en,1114891
53761,Male and Female,1919,116,,,1.4,6.333,22,en,8636
9096,Знахарь,1992,106,40000000,45500797,3.1151,5.967,404,en,1090
91893,"Die Spinnen, 1. Teil - Der Goldene See",1919,69,,,1.2431,5.9,37,de,68
113273,On the Ropes,1999,94,,,0.1653,6.5,4,en,96439
103793,Rosie,1998,97,,,1.7215,5.111,9,nl,1110434
1911,13-й воин,1999,102,120000000,61698899,3.3453,6.683,1962,en,1090
2900,Жена астронавта,1999,109,75000000,19598588,1.528,5.6,960,en,29524
17709,Дадли Справедливый,1999,77,70000000,10000000,1.1006,4.1,193,en,28904
37718,Муза,1999,97,,,1.839,5.2,144,en,13
47144,Бочка пороха,1998,102,,,1.2563,7.6,26,sr,1009298
104896,Фламандский пёс,1999,96,,,0.8552,6.159,22,en,40220
30964,Дорога в Ад,1999,102,,,1.2592,6.0,39,en,8969
52366,Война Люси,1997,115,23500000,458557,2.2462,6.4,70,fr,20718
6373,Кое-что о Марте,1998,88,,,1.7028,5.6,45,en,6361
2162,Замороженный ужас,1999,101,34000000,11263966,2.1948,4.9,142,en,22100
14578,Первая Любовь,1999,96,7000000,7292175,1.9819,5.819,102,en,77076
40694,Bedrooms and Hallways,1998,96,,,0.8427,6.0,50,en,172993
4338,Я проснулся рано в день моей смерти,1998,90,,,0.8221,4.95,20,en,37036
49184,West Beyrouth,1998,105,,,0.2808,6.989,46,ar,148455
10307,Стигматы,1999,103,29000000,50041732,2.2445,6.288,1177,en,11809
11601,Отзвуки Эха,1999,99,12000000,21142914,1.5423,6.672,1300,en,508
18621,Лучшие планы,1999,92,7000000,,1.2191,5.7,132,en,77964
1075,"Чёрная кошка, белый кот",1998,127,,,1.8369,7.7,780,sr,15254
21719,Лишенный жизни,1999,111,,370668,1.1092,5.37,100,en,583
40879,Whiteboyz,1999,92,,,1.1878,5.2,19,en,82286
47951,Приключения Майло и Отиса,1986,90,7520000,13299749,1.2996,6.5,212,ja,85311
43832,Только у ангелов есть крылья,1939,121,,,1.1968,7.263,259,en,11435
47697,Отелло,1951,93,,,2.4399,7.3,204,en,40
49792,Бруклинская рокировка,1991,100,12000000,612781,2.7431,5.8,37,en,54590
77064,Публичный доступ,1993,90,,,3.3644,5.8,16,en,9032
26522,Армейская история,1984,101,6000000,21821347,2.0258,6.784,197,en,13563
23761,"Элис, милая Элис",1976,98,340000,,1.194,6.4,301,en,136911
24097,Не заглядывайте в подвал,1973,89,,,0.9097,4.9,66,en,90820
42114,Кошмары,1983,99,,6670680,2.6173,5.6,89,en,15663
28295,"Я видела, что ты делал",1965,82,,,1.5727,6.2,68,en,12011
12105,The Beatles: Желтая подводная лодка,1968,90,250000,1273261,2.5676,7.2,532,en,71253
14,Красота по-американски,1999,122,15000000,356296601,5.5711,8.004,12665,en,39
24128,Не ищи смысла,1984,88,1200000,12471520,3.5587,8.303,337,en,16294
11001,Бриллиантовый полицейский,1999,93,65000000,117758500,5.2533,6.491,1567,en,56911
10390,Ради любви к игре,1999,138,50000000,46112640,1.5703,6.4,448,en,7623
9453,Калигула,1979,156,17500000,23400000,5.2583,5.972,927,it,58021
704,Вечер трудного дня,1964,88,560000,11000000,1.8243,7.3,717,en,10586
35122,Роскошная жизнь,1999,93,,45703,1.9696,5.966,74,en,19224
142132,Sugar Town,1999,92,,,3.275,4.292,12,en,3110
24153,История Бадди Холли,1978,114,1200000,14363400,2.1669,7.2,124,en,54590
11797,Ночь страха,1985,106,9000000,24922237,2.4451,7.028,1488,en,64796
18086,Ночь страха 2,1988,104,,2983784,2.1586,6.33,423,en,11777
124475,Разрыв,1994,88,,,2.2922,6.0,30,fr,72005
17887,Босиком по парку,1967,106,2000000,30000000,1.8239,7.119,595,en,69300
10669,Избавление,1972,109,2000000,46122355,2.0825,7.3,1727,en,19665
11527,Экскалибур,1981,141,11000000,35000000,2.5066,7.0,1090,en,19665
42848,"Где ты, Лулу?",1998,103,,,1.2411,5.75,45,en,46391
40867,Пижамная игра,1957,103,,,1.1585,6.3,65,en,13284
1049,Соммерсби,1993,114,30000000,140081992,2.2759,6.3,409,en,15148
28032,Дюймовочка,1994,86,28000000,17000000,4.4975,6.433,524,en,40345
11326,Томми,1975,111,5000000,34300000,3.5079,6.5,350,en,32327
28377,Адская ночь,1981,101,,,0.4505,5.5,191,en,100616
10975,Доспехи Бога 2: Операция Кондор,1991,92,15000000,24100000,2.1235,7.3,606,cn,18897
10974,Доспехи Бога,1986,88,15000000,16000000,3.2395,7.0,611,cn,18897
10398,Двойной просчёт,1999,105,70000000,177841558,3.9786,6.6,1413,en,5696
2290,Яков лжец,1999,120,45000000,4956701,1.6703,6.7,390,en,18204
24071,Доктор Мамфорд,1999,112,,,2.7262,6.49,102,en,8844
62994,Dog Park,1998,91,,250147,0.8322,5.4,23,en,73499
60994,Уроки любви,1999,104,2600000,614202,2.1444,5.7,37,en,36805
16112,Приключения Элмо,1999,73,26000000,11700000,2.2394,6.392,88,en,150641
32305,Суперагент Саймон,1999,85,10000000,292151,3.1236,2.753,75,en,20951
14429,Сведи меня с ума,1999,91,8000000,22593409,1.4435,6.545,413,en,79656
15198,Тайна Аляски,1999,119,28000000,8891623,2.2731,6.3,273,en,6737
6415,Три короля,1999,114,75000000,108000000,2.3004,6.6,2189,en,17883
24066,"Happy, Texas",1999,98,1700000,1943649,2.4103,5.668,122,en,942084
21430,Отель «Новая роза»,1999,93,,21521,1.6311,5.2,140,en,39104
10381,Планкетт и Маклейн,1999,93,,474900,2.0995,6.066,144,en,65317
26338,Романс Х,1999,84,2700000,3885642,4.2375,5.5,284,fr,6295
42486,Наполеон и Саманта,1972,92,,,0.9814,6.2,35,en,151750
60285,Альварес Келли,1966,106,,,1.4135,6.1,53,en,64114
5622,И корабль плывет,1983,128,,,0.5139,7.2,159,it,4415
10349,Тёмная половина,1993,116,15000000,10611160,1.1451,6.0,447,en,14999
42518,Путешествия Гулливера,1939,76,700000,,1.5949,6.2,137,en,143463
29787,Обезьяна-убийца,1988,113,7000000,5344577,0.5682,6.3,340,en,14999
9638,Фантазм,1979,85,300000,11988469,2.209,6.5,746,en,58245
10576,Психо 2,1983,113,5000000,34725000,1.3793,6.5,691,en,29471
12662,Психо 3,1986,93,8400000,14481606,0.9904,5.6,408,en,7301
61369,Rain,1932,94,,,0.8356,6.578,58,en,2000
11712,Телохранитель 2: Отважный Сандзюро,1962,96,,,3.0257,8.0,682,ja,5026
12618,Паутина лжи,1999,133,64000000,74608570,2.4202,5.565,409,en,2226
13824,Суперзвезда,1999,82,14000000,30636478,2.7746,5.299,306,en,73499
226,Парни не плачут,1999,118,2000000,11540607,1.3948,7.402,1404,en,2836
288772,"Five Wives, Three Secretaries and Me",1999,82,,,0.0696,0.0,0,en,1433989
55107,Желание,1998,122,,,3.4431,5.2,52,fr,93903
69851,El abuelo,1998,151,,4179698,3.2633,6.333,39,es,103511
10388,Англичанин,1999,89,10000000,3204663,0.8129,6.5,475,en,1884
17198,Брачные игры земных обитателей,1999,90,,,0.8922,5.9,70,en,81421
44857,Молли,1999,102,21000000,,1.6599,4.07,71,en,72624
9346,Рискованный бизнес,1983,98,6200000,63541777,2.3714,6.6,1404,en,57383
861,Вспомнить всё,1990,113,65000000,261317921,5.0898,7.312,6192,en,10491
14412,Жар тела,1981,113,9000000,24058838,1.9927,7.0,655,en,8844
9377,Выходной день Ферриса Бьюллера,1986,103,6000000,70100000,4.1817,7.572,5200,en,11505
11541,"Год, опасный для жизни",1982,115,6000000,13200000,3.9518,6.652,345,en,2690
2457,Дети райка,1945,190,,1457,1.6857,8.1,438,fr,25161
11901,Бродяга высокогорных равнин,1973,105,5500000,15700000,3.1901,7.324,1277,en,190
4929,Вздёрни их повыше,1968,114,1800000,6800000,3.5643,6.833,814,en,18635
85325,Citizens Band,1977,98,,815174,2.3627,4.912,17,en,16294
11230,Пьяный мастер,1978,111,,16483650,3.0407,7.392,1044,cn,18899
8416,Конформист,1971,111,750000,233493,1.4681,7.6,730,it,4956
11054,Лак для волос,1988,92,2000000,6671108,3.3686,6.8,432,en,10367
851,Короткая встреча,1945,86,1200000,,3.8046,7.7,672,en,12238
24453,Острие бритвы,1984,128,13000000,6551987,1.2245,6.3,81,en,32767
18254,Красные,1981,195,35000000,40382659,12.1296,6.874,358,en,6449
56235,Возвращение с честью,1999,101,1000000,,1.6367,6.8,10,en,223825
20123,Время цыган,1988,142,,,2.2365,7.634,413,sh,15254
16642,Дни жатвы,1978,94,3000000,3700000,1.4521,7.5,1106,en,30715
2593,Затухающий огонёк,1963,108,,,1.4359,7.6,234,fr,15389
42020,El amor brujo,1986,100,,,0.9898,6.9,24,es,96369
3086,Леди Ева,1941,94,,,0.9149,7.2,373,en,30249
16305,Странствия Салливана,1941,90,700000,1200000,1.6294,7.414,490,en,30249
32255,Приключения в Палм-Бич,1942,88,,,1.6954,7.0,199,en,30249
48797,"Мужчина, глядящий на юго-восток",1987,105,600000,1532797,0.4757,7.5,80,es,81116
19997,Ниагара,1953,92,1250000,8500000,1.6166,6.802,412,en,37360
3767,Гильда,1946,110,2000000,6000000,1.9102,7.5,623,en,32134
17352,Юг Тихого океана,1958,157,6000000,36800000,3.3905,6.1,113,en,86051
535,Танец-вспышка,1983,95,7000000,201521203,3.01,6.5,1556,en,7270
2731,Индокитай,1992,153,,29600000,2.5822,7.0,228,fr,27614
1654,Грязная дюжина,1967,149,5400000,45300000,2.9094,7.6,1267,en,18392
31043,Mike's Murder,1984,109,6300000,1059966,0.2771,5.4,26,en,14838
14831,Битлз. На помощь!,1965,92,1500000,,0.9482,6.8,339,en,10586
658,007: Голдфингер,1964,110,3000000,124900000,4.6521,7.356,3800,en,9915
657,007: Из России с любовью,1963,118,2000000,78900000,4.3087,7.071,3207,en,9855
646,007: Доктор Ноу,1962,111,1000000,59000000,6.9558,6.99,3880,en,9855
5689,Голубая лагуна,1980,104,4500000,58853106,3.3634,6.151,1938,en,8876
391,За пригоршню долларов,1964,99,200000,14500000,5.3919,7.828,4534,it,4385
8052,Роковая восьмерка,1997,102,3000000,222559,2.5232,6.854,924,en,4762
772,Один дома 2: Затерянный в Нью-Йорке,1992,119,18000000,358994850,26.7448,6.77,10221,en,10965
65448,Penitentiary,1979,99,,,2.4544,5.13,27,en,932993
65452,Penitentiary II,1982,108,365000,3000000,2.3455,4.0,14,en,932993
31650,"Тот, кто меня бережет",1987,103,17000000,10278549,1.4697,5.9,198,en,578
73575,Воробушки,1926,94,463455,966878,3.0362,7.0,38,en,30833
302579,Naturally Native,1999,107,700000,10508,2.6457,6.0,1,en,1384771
550,Бойцовский клуб,1999,139,63000000,100853753,14.9937,8.438,31070,en,7467
97537,Beefcake,1998,91,,276379,2.5175,5.1,24,en,229519
12220,История о нас,1999,95,50000000,58900031,1.4718,6.046,340,en,3026
1610,Накал страстей,1997,102,,,2.0617,6.5,252,en,18030
53151,Король Джо,1999,96,,,1.0366,5.933,45,en,11805
42881,Осленок Джулиэн,1999,100,1300000,80226,1.4781,7.0,118,en,51918
29064,Код «Омега»,1999,100,7200000,12614346,0.8794,4.518,56,en,102797
404,Простая история,1999,112,10000000,6418028,1.9099,7.722,1704,en,5602
42196,Дурная кровь,1956,129,1000000,,1.8895,7.12,254,en,9054
36819,Бандиты во времени,1981,116,5000000,42365581,1.5226,6.6,1096,en,280
42726,Мужчина и женщина,1966,102,,,1.1066,7.321,294,fr,16862
9343,Фицкарральдо,1982,157,7362000,,4.61,7.6,838,de,6818
16858,Весь этот джаз,1979,123,12000000,37823676,2.4774,7.475,556,en,66777
42006,Красный гаолян,1988,91,,,2.2208,7.156,228,zh,607
11562,Преступления и проступки,1989,104,19000000,18254702,1.3392,7.408,921,en,1243
10496,Летучие мыши,1999,91,5250000,10200000,1.8781,4.614,210,en,65420
16162,Шафер,1999,120,9000000,34573780,1.8929,6.6,143,en,72024
8649,Воскрешая мертвецов,1999,121,32000000,16797191,2.6702,6.604,1159,en,1032
31306,Женщина без правил,1999,111,,,1.3164,6.0,105,en,3131
10563,Танго втроём,1999,98,20000000,,1.3615,5.695,264,en,66039
14484,Обнаженные тела,1999,106,,239894,2.0605,4.8,89,en,21136
214735,Men Cry Bullets,1998,105,,2303,0.4884,3.0,3,en,1199459
94857,"Brother, Can You Spare a Dime?",1975,107,,,0.9013,6.1,8,en,114629
32043,Страж,1990,92,,17037887,2.8523,5.6,206,en,15175
15247,Досье Ипкресс,1965,107,,,6.0679,6.804,332,en,64508
29251,Каждое воскресенье,1971,96,,,0.3142,6.8,24,en,86
5548,Робокоп,1987,102,13000000,53424681,5.0534,7.352,5498,en,10491
5549,Робокоп 2,1990,117,35000000,45681173,4.1354,6.033,2032,en,10930
856,Кто подставил кролика Роджера,1988,103,70000000,329800000,4.7322,7.532,5982,en,24
38772,Мелвин и Говард,1980,95,,,1.3399,6.4,72,en,16294
699,007: Только для твоих глаз,1981,127,28000000,195300000,3.883,6.543,1979,en,10179
709,007: Лицензия на убийство,1989,133,32000000,156167015,3.6653,6.425,2061,en,10179
253,007: Живи и дай умереть,1973,121,7000000,126400000,2.971,6.516,2186,en,9915
13511,Царь зла,1986,89,,,2.042,5.2,136,en,74590
660,007: Шаровая молния,1965,130,9000000,141200000,4.3246,6.7,2508,en,9855
46798,La Ciudad,1999,88,,,0.0945,7.2,11,en,1053508
11377,Дом ночных призраков,1999,93,37000000,40846082,2.4285,5.6,925,en,57898
26149,Музыка сердца,1999,124,27000000,14859394,1.3166,6.7,217,en,5140
492,Быть Джоном Малковичем,1999,112,13000000,22863596,2.9101,7.41,4620,en,5953
108346,Dreaming of Joseph Lees,1999,92,2000000,7,1.0755,6.0,9,en,231521
98480,Man of the Century,1999,80,,33031,1.3738,5.778,9,en,1018072
128,Принцесса Мононоке,1997,134,23500000,176506186,8.1762,8.325,8623,ja,608
46286,The Suburbans,1999,81,,11130,0.4298,3.8,31,en,148100
8672,Mein liebster Feind,1999,95,,95612,1.3742,7.3,209,de,6818
8056,Поезд жизни,1998,103,154790,3311162,2.0126,7.339,288,fr,20430
2020,Холостяк,1999,101,51000000,36911617,2.0379,5.2,318,en,20779
9481,Власть страха,1999,118,73000000,151493655,3.362,6.794,3725,en,13015
9008,Свой человек,1999,158,90000000,60300000,2.3552,7.452,1964,en,638
14242,American Movie,1999,107,,1165795,2.1965,7.6,261,en,31654
16129,Последняя ночь,1998,95,2300000,591165,2.4343,6.64,157,en,20173
104103,Portraits chinois,1996,111,,,1.9078,7.4,8,fr,933201
11489,Розетта,1999,95,,266665,3.2337,7.176,324,fr,45138
28145,"Загнанных лошадей пристреливают, не правда ли?",1969,120,,,1.8695,7.6,344,en,2226
51371,Вояка Батлер,1926,77,,,2.1399,6.8,95,en,8635
18111,Невеста реаниматора,1990,96,2000000,,1.7601,6.5,480,en,27992
31361,Bustin' Loose,1981,94,11000000,31300000,1.8539,6.1,53,en,109095
11223,Кома,1978,113,4500000,,3.4694,6.7,437,en,4782
16281,Калейдоскоп ужасов,1982,120,8000000,21028755,3.7847,6.9,1109,en,14999
16288,Калейдоскоп ужасов 2,1987,92,3500000,14000000,8.3008,6.244,628,en,15056
1694,Реаниматор,1985,86,900000,2023414,1.5526,7.047,1611,en,27991
476,Аптечный ковбой,1989,98,2500000,4700000,2.4928,7.084,594,en,5216
37094,С меня хватит!,1993,113,25000000,40903593,2.1657,7.4,3927,en,5572
13555,Смертельная забава,1981,96,2000000,7886999,0.9225,5.9,413,en,10051
961,Паровоз Генерал,1926,75,750000,1000000,3.6497,7.9,1351,en,10517
73969,My Best Girl,1927,80,483103,1027757,0.4929,7.0,18,en,143561
24831,Пираньи,1978,106,660000,16000000,1.488,6.0,717,en,4600
64963,Rough Night in Jericho,1967,104,,1750000,1.4961,6.603,34,en,55692
85160,Бойня,1987,85,,,2.0071,5.3,85,fr,935840
25560,Укрощение строптивой,1967,117,4000000,,1.5102,6.944,177,en,24657
21610,Ночные ястребы,1981,99,5000000,19905359,3.3247,6.384,467,en,58040
11878,Телохранитель,1961,110,,,3.8442,8.1,1604,ja,5026
11510,Изгоняющий заново,1990,84,,1382462,3.2337,5.202,361,en,69667
11234,Человек Омега,1971,98,,8720000,1.716,6.2,589,en,68682
957,Космические яйца,1987,96,22700000,38120460,4.6541,6.9,3221,en,14639
11886,Робин Гуд,1973,83,5000000,33000000,3.503,7.3,4528,en,57314
37853,Мистер Робертс,1955,123,,,3.2406,7.1,163,en,8500
62204,Борьба за огонь,1981,100,12000000,55260558,1.9361,7.006,551,fr,2352
11040,Маленький большой человек,1970,139,15000000,31559552,2.4361,7.463,686,en,6448
21849,Лицо в толпе,1957,125,,,1.3855,7.6,262,en,2746
1621,Поменяться местами,1983,118,15000000,90404800,11.654,7.223,3498,en,4610
14035,Фрикадельки,1979,92,1207520,,2.0372,5.8,342,en,8858
40771,Фрикадельки 2,1984,87,,5410972,1.3206,3.919,62,en,92851
40772,Фрикадельки 3,1986,96,,,0.4193,4.1,44,en,105294
40773,Фрикадельки 4,1992,83,,,1.4464,4.5,38,en,69667
11498,Умереть заново,1991,107,15000000,38016380,2.563,6.389,397,en,11181
11790,Друзья Питера,1992,101,,,1.2292,6.586,209,en,11181
29371,The Incredibly True Adventure of Two Girls in Love,1995,94,,,1.1291,6.2,91,en,86035
276635,Experience Preferred... But Not Essential,1982,80,,822,7.616,6.8,4,en,138167
47941,Under the Rainbow,1981,98,20000000,2297493,0.9503,5.162,37,en,54590
29048,Как я выиграл войну,1967,109,,,5.081,5.5,36,en,10586
19052,"Зажигай, ребята",1999,99,13000000,5985690,1.1668,6.714,35,en,34692
21349,"Где угодно, только не здесь",1999,113,23000000,18653615,1.2937,6.0,286,en,39819
1832,Догма,1999,123,10000000,33535478,5.8071,6.919,2694,en,19303
10047,Жанна д'Арк,1999,160,85000000,66976317,3.1281,6.394,1536,en,59
10228,Покемон: Фильм первый,1998,85,30000000,163644940,4.5857,6.9,1533,ja,65429
47692,Путешествие Фелиции,1999,116,,,0.2455,6.275,111,en,56205
18561,Кислород,1999,92,,3088,2.2135,6.038,93,en,44740
144953,Где же Марлоу?,1998,97,,,0.8054,5.3,10,en,29378
37426,The Ape,1940,62,,,0.2949,4.8,40,en,89226
51787,British Intelligence,1939,61,,,0.2055,5.7,24,en,29321
11663,Обязательства,1991,118,12000000,14919570,3.8122,7.26,576,en,9168
13485,Праздничная гостиница,1942,100,,3750000,1.3058,7.0,212,en,30165
9289,Самый длинный день,1962,178,10000000,50100000,2.777,7.603,988,en,35318
9264,Ядовитый плющ,1992,92,3000000,1829804,2.6638,5.4,387,en,102634
18222,Ядовитый плющ: Новое совращение,1997,93,,,2.219,4.746,113,en,21404
124853,Нечего терять,1995,108,,,2.2195,4.857,7,en,60045
11165,Тора! Тора! Тора!,1970,144,25485000,37150000,3.1303,7.1,575,en,2087
4203,Женщины на грани нервного срыва,1988,88,700000,14979298,1.728,7.414,962,es,309
24226,Вердикт,1982,129,16000000,53977250,1.4259,7.4,688,en,39996
88875,Влияние гамма-лучей на бледно-желтые ноготки,1972,100,,,8.8727,7.3,61,en,3636
11379,Приключения Бакару Банзая: Через восьмое измерение,1984,103,17000000,6254148,1.6819,6.0,470,en,18179
29154,Выстоять и сделать,1988,103,,13994920,2.9933,7.626,419,en,4111876
2039,Во власти Луны,1987,102,15000000,122100000,2.5341,6.839,1052,en,13563
77915,Кулик,1965,117,,6161000,2.4683,6.308,52,en,13980
11943,Иеремия Джонсон,1972,108,3100000,44700000,3.7221,7.3,659,en,2226
11481,Отвращение,1965,105,300000,3100000,1.9193,7.395,1062,en,3556
2690,Нежная Ирма,1963,147,5000000,25200000,2.0345,7.4,447,en,3146
20565,42 Up,1999,133,,300880,1.3617,7.6,53,en,10781
27141,Высоты свободы,1999,127,,,0.5575,6.6,77,en,8246
10399,Мэнсфилд Парк,1999,112,11000000,4775847,2.342,6.677,316,en,55439
90762,Збогум на дваесеттиот век!,1998,85,,,0.8021,6.0,19,mk,938731
2668,Сонная лощина,1999,105,100000000,206071526,4.6437,7.187,7154,en,510
36643,007: И целого мира мало,1999,128,135000000,361832400,5.3722,6.283,3130,en,10781
99,Всё о моей матери,1999,101,5000000,67958231,2.0726,7.63,1987,es,309
159569,Home Page,1998,102,,,0.0633,0.0,0,en,586066
77010,Живая мертвая девушка,1982,86,,,1.3098,5.847,88,fr,88820
25898,Марш деревянных солдатиков,1934,77,,,0.8816,6.3,151,en,131443
9647,Новая рождественская сказка,1988,101,32000000,60300000,6.0513,6.791,1624,en,7187
11787,Харви,1950,111,,,2.5557,7.7,656,en,33064
5156,Похитители велосипедов,1948,93,133000,450159,2.9173,8.2,2555,it,12329
24276,Свидетель,1987,135,4000000,1680358,2.0209,7.4,121,en,102445
11953,Кагемуся: Тень воина,1980,180,6000000,4000000,2.0158,7.834,706,ja,5026
44662,47 ронинов,1962,207,,,2.1492,7.2,44,ja,108012
29005,МакКейб и миссис Миллер,1971,121,,,1.338,7.151,430,en,9789
26371,Морис,1987,140,2600000,2438304,2.8797,7.612,584,en,54441
596,Гроздья гнева,1940,129,800000,1591000,2.0173,7.8,1056,en,8500
52470,Мой дворецкий Годфри,1957,92,,,0.7808,6.4,25,en,33064
20334,Магазинчик за углом,1940,99,500000,,2.1284,8.1,785,en,2428
11393,Самородок,1984,144,28000000,48000000,1.6038,6.9,631,en,8246
31121,Шампунь,1975,110,4000000,60000000,2.1067,6.0,226,en,4964
293,"Там, где течёт река",1992,123,12000000,43440294,4.1238,7.0,1156,en,4135
10998,Роковое влечение,1987,119,14000000,320145693,2.3784,6.842,1619,en,7270
12235,Зазубренное лезвие,1985,108,15000000,40491165,2.4928,6.3,281,en,19800
36094,Стэнли и Айрис,1990,104,23000000,5820015,2.2551,6.497,169,en,18854
9013,Успеть до полуночи,1988,126,30000000,38413606,1.4433,7.195,1196,en,769
11005,Пробуждение,1990,120,31000000,52096475,6.0499,7.772,2736,en,14911
59820,Приди узреть рай,1990,133,,,1.4591,6.175,57,en,9168
2924,Обратная тяга,1991,137,75000000,152368585,3.9117,6.7,1503,en,6159
177,Король-рыбак,1991,138,24000000,41895491,1.9693,7.295,1407,en,280
38557,Река,1984,122,18000000,11500000,1.8741,6.3,133,en,21958
42087,Деревня,1984,105,,,2.2639,6.409,33,en,73496
13681,Место в сердце,1984,111,9500000,34901614,1.7181,7.177,181,en,6729
34760,"Спокойной ночи, мама",1986,96,,442000,2.1945,7.346,39,en,113102
9946,Конец света,1999,122,100000000,212000000,2.8834,6.089,1965,en,37710
863,История Игрушек 2,1999,92,90000000,497375381,9.4037,7.604,14493,en,7879
31582,Без изъяна,1999,112,15000000,4488529,0.8347,6.2,283,en,5572
125520,Фрекен Жюли,1999,103,,43941,2.5262,5.8,17,en,6111
22267,Погоня с дьяволом,1999,138,35000000,635096,1.1315,6.3,199,en,1614
55123,Перекати-поле,1999,102,312000,1400000,2.7678,6.413,46,en,77003
5486,Кровавый залив,1971,84,,,1.5911,6.6,410,it,25826
10411,Достопочтенный джентльмен,1992,112,50000000,46666502,2.0034,6.0,314,en,21217
41462,Автостопщик,1953,71,,,0.7518,6.81,197,en,46617
1718,Дорога на Санта-Фе,1940,110,,,0.3815,5.696,56,en,4109
28604,Lauderdale,1989,91,,,2.2417,2.6,14,en,101297
15506,Agnes Browne,1999,92,,,2.5995,6.197,32,en,5657
20024,Конец романа,1999,102,23000000,10827816,1.2565,6.6,258,en,17016
78256,The End of the Affair,1955,105,,,1.1359,5.692,26,en,64114
13787,Священный дым,1999,115,15000000,1765545,3.2157,5.663,218,en,10757
54933,Карта мира,1999,125,,,1.2031,5.949,69,en,1957725
9684,Сладкий и гадкий,1999,95,29750000,4525794,1.3516,6.757,532,en,1243
9586,Костер тщеславий,1990,125,47000000,15691192,1.7046,5.6,515,en,1150
41638,Broadway Damage,1997,111,,,0.1894,5.706,17,en,1080873
70801,Daddy-Long-Legs,1919,85,,4900000,0.3172,6.6,18,en,559559
33015,На Запад,1925,83,,,3.1403,6.9,144,en,8635
777,Великая иллюзия,1937,114,,172885,1.8481,7.9,748,fr,11528
21887,Великий Сантини,1979,115,4000000,4700000,1.388,6.8,67,en,84657
5652,История Джеймса Дина,1957,81,,,0.4392,5.4,27,en,9789
19664,Морские волки,1980,120,12000000,220181,1.5833,5.8,97,en,51875
32331,Stealing Home,1988,98,,7467504,0.6423,6.254,57,en,95653
76083,Tarzan the Fearless,1933,86,,,0.2809,3.9,17,en,33690
32628,Три эпохи,1923,64,,,3.2909,6.8,131,en,13953
32669,Два Джейка,1990,137,19000000,10005969,1.3206,6.0,256,en,514
18161,U2: Rattle and Hum,1988,98,,8600823,0.7273,7.2,77,en,18500
31681,Ад в Тихом океане,1968,103,4150000,3230000,1.7315,6.9,173,en,19665
33666,Лодка со стеклянным дном,1966,110,,,1.2768,6.25,64,en,47399
32274,Колыбель будет качаться,1999,132,36000000,2900000,1.2429,6.4,88,en,504
10402,Мужчина по вызову,1999,88,17000000,92938755,3.6913,5.983,1484,en,64151
497,Зелёная миля,1999,189,60000000,286801374,11.8605,8.503,18592,en,4027
1715,Правила виноделов,1999,125,24000000,88500000,2.1292,7.069,1235,en,5306
35118,Бриллианты,1999,91,,,2.808,5.125,20,en,24970
42739,Зона военных действий,1999,98,,,1.8508,6.815,184,en,3129
26162,The Bat Whispers,1930,83,,,1.1959,6.5,30,en,94771
25188,Последний киносеанс,1971,118,1300000,29133000,2.3157,7.6,734,en,39012
15515,Седьмое путешествие Синдбада,1958,88,650000,,1.9029,6.923,300,en,44878
75888,Кровь на солнце,1945,94,,,1.0478,5.8,37,en,72061
1439,Анна и король,1999,148,75000000,113996937,1.8461,6.8,810,en,17167
2277,Двухсотлетний человек,1999,131,100000000,87423861,3.8132,7.27,3783,en,10965
10137,Стюарт Литтл,1999,84,133000000,300135367,4.2922,6.1,4523,en,18898
10387,Император и убийца,1998,162,,,0.5386,6.97,84,zh,20640
49948,Фантазия 2000,2000,75,80000000,60655420,2.291,7.0,1338,en,5690
334,Магнолия,1999,189,37000000,48451803,4.1172,7.7,3818,en,4762
30237,Онегин,1999,104,14000000,206128,1.0436,6.1,111,en,96854
50116,Симпатико,1999,106,10000000,929606,1.7547,4.803,38,en,111807
46435,Кутерьма,1999,160,10500000,7804439,2.8086,6.588,160,en,65452
94260,The Alley Cats,1966,83,,,1.0117,3.429,7,en,104178
22213,Точка кипения,1993,92,9000000,10058318,2.2285,4.94,126,en,3349
47070,Бренда Старр,1989,93,16000000,67878,1.9177,4.609,23,en,88458
36492,Познание плоти,1971,98,5000000,28623900,0.7035,6.6,210,en,5342
624,Беспечный ездок,1969,95,400000,60000000,5.1501,7.1,2084,en,2778
26578,Агенты Сокол и Снеговик,1985,132,,,1.7741,6.4,168,en,19304
415072,Hi-Yo Silver,1940,68,,,0.783,6.0,1,en,32174
43103,Путь в высшее общество,1958,117,,,1.2025,6.9,138,en,25630
43194,Странствия Одиссея,1954,117,,,4.562,6.525,204,it,70298
9563,Каждое воскресенье,1999,163,55000000,100230832,2.1255,6.819,1734,en,1152
1850,Человек на Луне,1999,118,82000000,47434430,1.3289,7.2,1899,en,3974
926,В поисках галактики,1999,102,45000000,90683916,2.5494,7.1,2405,en,15002
1213,Талантливый мистер Рипли,1999,139,40000000,128798265,2.998,7.198,3982,en,2239
10471,Следующая Пятница,2000,98,11000000,59827328,4.6499,6.455,620,en,52112
10400,Ураган,1999,146,50000000,73956241,2.7647,7.436,1476,en,13563
10397,Прах Анджелы,1999,145,50000000,13042112,1.8963,7.3,339,en,9168
20761,Бей в кость,1999,124,24000000,8434146,1.1044,5.456,169,en,4037
12524,Тит – правитель Рима,1999,162,18000000,2259680,2.9208,6.4,282,en,16391
28216,"Mr. Death: The Rise and Fall of Fred A. Leuchter, Jr.",1999,91,,507941,1.2752,6.9,65,en,18533
36773,Третье чудо,1999,119,,,0.8691,5.8,48,en,1128
30814,Монтана,1998,96,,,0.6503,5.6,31,en,112946
10219,Заснеженные кедры,1999,127,35000000,,1.9468,6.035,144,en,33433
3558,Прерванная жизнь,1999,127,40000000,48350205,4.697,7.6,4023,en,366
104878,Trans,1998,78,,,0.0214,5.6,5,en,543550
41276,The Life and Times of Hank Greenberg,1998,90,,,0.6603,6.1,9,en,1455472
17908,Мой пёс Скип,2000,95,6000000,35547761,1.2033,6.711,284,en,46297
10384,Сверхновая,2000,91,90000000,14828081,2.3432,4.946,417,en,1723
125317,The Quarry,1998,112,,,2.2361,5.278,9,en,22812
48233,தீவிரவாதி,1998,95,24554,140021,1.0198,6.8,18,ta,37236
581335,Creature,1999,79,,,0.071,1.0,2,en,931600
10236,Встреча двух сердец,1973,118,5000000,50000000,2.862,7.0,494,en,2226
71067,Tess of the Storm Country,1922,118,,,1.347,5.833,12,en,29571
632,Лагерь для военнопленных №17,1953,120,1661530,,4.455,7.7,637,en,3146
11851,Президио,1988,95,,20324096,0.7539,5.9,356,en,37710
5924,Мотылёк,1973,151,12000000,53267000,3.3422,7.827,2037,en,13265
33734,Приятель Джои,1957,111,3000000,7000000,2.4392,6.2,79,en,21506
14886,Последний наряд,1973,104,2300000,10000000,1.5698,7.0,392,en,4964
26617,Пять легких пьес,1970,98,1600000,18099091,1.8095,7.103,564,en,19450
11900,И карлики начинают с малого,1970,96,200000,,0.5522,6.4,117,de,6818
10493,Мертвый штиль,1989,96,10400000,7825000,2.8603,6.571,797,en,13015
16241,Мальчики из Бразилии,1978,125,12000000,19000000,1.5527,6.7,419,en,13265
27632,Маска Сатаны,1960,87,,,2.1106,7.404,579,it,25826
22160,Несмотря ни на что,1984,128,,,2.9266,5.715,235,en,18596
4460,Снега Килиманджаро,1952,117,,,1.4342,5.9,96,en,37362
9644,Заряженное оружие,1993,84,13000000,27979966,2.5121,6.047,768,en,56953
43455,Кармен,1948,99,,,1.0173,6.5,21,en,32134
13342,Беспечные времена в «Риджмонт Хай»,1982,90,4500000,27100000,2.7093,6.8,1316,en,57434
35119,Крик во тьме,1988,105,15000000,6908797,2.3448,6.7,218,en,64061
21256,Рожденный побеждать,1971,88,,,1.8309,5.237,39,en,84736
14919,Бэтмен: Маска фантазма,1993,76,6000000,5617391,2.8021,7.489,1189,en,34934
14040,Американские молнии,1985,113,,1400000,2.0724,6.1,123,en,12840
75641,Путешествие отверженных,1976,158,7300000,,1.4782,6.0,72,en,13859
17343,Вампирши-лесбиянки,1971,89,,,3.163,5.7,143,es,30956
22692,Звезда родилась,1937,111,1200000,2370000,1.6714,7.2,230,en,14643
47620,Отрава,1991,85,250000,609524,1.9449,5.9,88,en,16863
2990,Жилец,1990,102,18000000,55000000,1.8605,6.3,397,en,19304
38775,Ночной прилив,1961,84,,,3.7114,6.4,98,en,44725
10831,Контракт рисовальщика,1982,108,370800,2256246,1.4172,7.059,253,en,30309
21193,Кармен,1984,152,,,3.2104,6.8,32,fr,87267
33078,Зед и два нуля,1985,115,,,1.1839,7.0,172,en,30309
16672,Женщина в песках,1964,147,,,4.1182,8.2,497,ja,96801
10472,Только ты и я,2000,91,9000000,,1.1679,5.2,255,en,65627
123277,Hellhounds on My Trail: The Afterlife of Robert Johnson,2000,54,,,1.8346,6.0,1,en,277304
79474,"Más que amor, frenesí",1996,125,,,0.3918,5.7,23,es,148084
97805,Wirey Spindell,2000,101,,,2.5445,4.167,6,en,68185
53714,Яд другого человека,1951,90,,,0.7434,6.7,45,en,93904
21489,Досье «ODESSA»,1974,130,,,0.9472,6.6,192,en,7501
51392,Балда,1920,77,,,3.2583,5.765,49,en,144045
32600,Семь шансов,1925,56,,,3.8224,7.516,305,en,8635
110479,Smashing Time,1967,96,,,0.4019,6.2,11,en,64823
299121,Train Ride to Hollywood,1975,89,,,1.2355,0.0,0,en,1214587
13005,"Там, где бродит бизон",1980,99,,6659377,1.4391,5.927,178,en,1254
65134,Захария,1971,93,,,1.238,5.1,18,en,93953
121738,Falkens öga,1998,89,,,0.1688,6.0,2,sv,1074750
18681,Свидетель,1999,109,15000000,17589705,1.2846,4.917,163,en,27889
75531,Настоящая женщина,2000,95,36000000,3003296,0.8133,4.908,38,en,41550
20468,Большая стрижка,1999,87,,,1.065,5.7,23,en,36083
14521,ཕོར་པ།,1999,93,,,1.0767,6.5,42,bo,115309
46835,Santitos,1999,105,,,1.2992,4.542,12,en,943155
10406,Замороженный калифорниец,1992,88,7000000,40700000,2.4534,5.8,684,en,56911
14741,"До свиданья, дорогая",1977,111,,102000000,1.4217,6.9,178,en,18378
32015,Я – Куба,1964,108,,,2.8925,7.849,238,es,108764
1883,Малкольм Икс,1992,202,34000000,48169908,2.9847,7.544,1801,en,5281
2005,"Сестричка, действуй",1992,100,31000000,231605150,4.3299,6.829,3330,en,716
6279,"Сестричка, действуй 2",1993,107,38000000,57319029,3.0797,6.367,1886,en,1103
11087,"Рука, качающая колыбель",1992,110,11700000,88036683,2.9629,6.886,965,en,323
7305,Выжить,1993,127,32000000,36700000,3.6502,6.882,1530,en,664
24735,Агнец божий,1985,98,,,1.3756,6.259,133,en,13563
9475,Запах женщины,1992,156,31000000,134100000,6.3838,7.778,3745,en,769
8872,Мир Уэйна,1992,94,20000000,183097323,2.5719,6.694,2378,en,58448
8873,Мир Уэйна 2,1993,95,40000000,48198019,2.6873,6.09,1115,en,56155
11287,Их собственная лига,1992,128,40000000,132440069,2.43,7.22,1478,en,14911
9869,Игры патриотов,1992,117,45000000,178051587,3.4062,6.7,1739,en,13015
619,Телохранитель,1992,129,25000000,411006740,4.2093,6.701,3119,en,8843
9374,Смерть ей к лицу,1992,104,55000000,149000000,4.7138,6.777,2857,en,24
11259,Далеко - далеко,1992,140,60000000,137783840,2.1718,6.8,1263,en,6159
8293,Усадьба Хауардс-Энд,1992,140,8000000,26126837,3.9102,6.997,576,en,54441
11068,Одиночки,1992,99,,18472850,3.4564,6.4,413,en,11649
1923,Твин Пикс: Сквозь огонь,1992,135,10000000,4248389,3.6481,7.397,2136,en,5602
10158,Белые люди не умеют прыгать,1992,118,31000000,90753806,2.4521,6.642,1444,en,4037
10206,Баффи – истребительница вампиров,1992,86,7000000,16624456,1.4178,5.6,880,en,64170
11782,Круто сваренные,1992,126,4500000,,3.2548,7.518,880,cn,11401
10086,Человек кусает собаку,1992,96,33000,205569,1.6862,7.222,977,fr,63174
9367,Музыкант,1993,81,7225,2040920,4.0429,6.7,1224,es,2294
9876,Стой! Или моя мама будет стрелять,1992,87,,70611210,2.711,5.321,1071,en,1724
10326,Вечно молодой,1992,102,20000000,128000000,2.0133,6.497,935,en,58712
16562,Золотой лед,1992,101,,25105517,1.4714,7.187,385,en,12988
9609,О мышах и людях,1992,110,,5500000,2.5197,7.244,691,en,33
12143,Плохой лейтенант,1992,96,1000000,2019469,1.4297,7.0,922,en,39104
4234,Крик 3,2000,116,40000000,161834276,3.2866,6.001,3850,en,5140
9605,Одинокая белая женщина,1992,107,16000000,48017402,1.9125,6.291,667,en,23393
8374,Святые из Бундока,1999,109,6000000,38256,3.176,7.252,2572,en,54795
29076,Супершпион,2000,101,10000000,1600000,1.335,5.191,144,en,95818
80471,Amic / Amat,1999,87,,,1.7341,5.423,13,ca,43330
49477,Gendernauts - Eine Reise durch die Geschlechter,1999,87,,,0.1419,6.1,9,en,149082
121940,Knockout,2000,99,,,1.5432,2.8,4,en,1074631
28156,Малыш,1973,84,,,0.5859,5.9,87,en,18635
113096,The Brandon Teena Story,1998,89,,,0.0948,6.111,18,en,1038645
106837,Different for Girls,1996,97,,,0.8758,7.068,37,en,179616
24349,Минни и Московитц,1971,114,,,1.1603,6.6,102,en,11147
27841,"Возможно, они великаны",1971,98,,,0.9912,7.0,55,en,12009
1907,Пляж,2000,119,40000000,144056873,3.1096,6.485,4561,en,2034
15489,Снежный день,2000,89,13000000,62464731,3.8013,5.126,219,en,58059
15655,Приключения Тигрули,2000,77,30000000,45554533,1.8494,6.6,594,en,93301
68546,Cotton Mary,1999,124,,,0.1926,4.286,7,en,54448
36210,Ни на одного меньше,1999,106,,,1.3256,7.47,185,zh,607
279444,Soft Toilet Seats,1999,107,,,0.7198,2.0,2,en,1335917
77908,Trois,2000,93,200000,1160268,2.2648,3.633,15,en,31123
22342,Большой ансамбль,1955,88,,,1.3322,7.012,165,en,86004
96484,Conceiving Ada,1999,85,,,2.9843,4.3,10,en,213613
30062,Съеденные заживо,1976,91,520000,,2.5674,5.5,196,en,10051
62463,Град камней,1993,90,,,2.5673,6.918,141,en,15488
25934,"Учителю, с любовью",1967,105,625000,42432803,1.5758,7.485,333,en,46611
101383,With Byrd at the South Pole,1930,82,,,0.6593,6.5,20,en,772490
14181,Бойлерная,2000,118,7000000,28780255,2.0327,6.708,715,en,24294
10385,Отбой,2000,94,60000000,51880044,0.7607,5.2,183,en,3092
2787,Чёрная дыра,2000,109,23000000,53187659,2.7531,6.9,4644,en,28239
2069,Девять ярдов,2000,98,41300000,106371651,2.8459,6.456,2000,en,21217
61416,Славные люди,1999,107,,,1.795,6.0,21,en,233108
79515,Black Tar Heroin: The Dark End of the Street,2000,75,,,0.094,6.7,24,en,110962
14839,Конвейер,1978,114,1700000,6521083,2.2379,7.3,188,en,1035
42186,Синяя борода,1944,72,,,2.3484,5.347,49,en,5030
28978,Цирк,1928,72,9000000,,3.558,7.9,859,en,13848
901,Огни большого города,1931,87,1500000,4250000,2.2509,8.259,2355,en,13848
25010,The Flamingo Kid,1984,100,,,0.9791,6.0,87,en,1201
36208,Собачья жизнь,1918,34,,,1.3439,7.3,347,en,13848
10098,Малыш,1921,68,250000,5450000,2.3626,8.146,2268,en,13848
18264,Человек из Ларами,1955,99,,,1.9089,7.165,245,en,40199
291861,The Wild McCullochs,1975,93,,,0.7293,3.667,3,en,40242
33374,Class Reunion,1982,84,,,2.0328,4.9,44,en,88096
43368,The Big Trees,1952,89,,,1.4112,5.5,35,en,103910
127602,Happy Go Lovely,1951,97,,,0.852,5.9,11,en,87700
2155,Азартные игры,2000,104,42000000,32168970,4.719,5.69,698,en,13776
11004,Вундеркинды,2000,111,35000000,33426588,0.9857,6.8,631,en,323
25212,Deterrence,2000,101,800000,145071,1.9497,6.1,36,en,21526
36048,Judy Berlin,1999,93,,,2.1526,5.615,13,en,115226
139,Последняя песнь Мифуне,1999,98,,,1.1461,6.9,69,da,1558
210307,The Waiting Game,1999,85,,,1.2354,1.0,1,en,1193920
47816,3 Strikes,2000,82,6000000,9000000,2.1944,5.545,56,en,65134
20682,Недотёпы,2001,98,20000000,,1.2799,5.8,80,en,146848
25166,Утопим Мону!,2000,96,6000000,15427192,1.3722,5.4,180,en,17278
1831,Лучший друг,2000,108,25000000,24362772,1.2613,5.3,194,en,19304
10416,С какой ты планеты?,2000,105,60000000,14100000,1.3187,5.429,162,en,5342
14271,Beyond the Mat,1999,102,2053648,500000,1.1813,7.306,90,en,57328
4816,Пес-призрак: Путь самурая,1999,116,2000000,9392768,2.0073,7.339,1330,en,4429
19958,The Year My Voice Broke,1987,105,,,1.3522,6.986,36,en,72624
28569,Великолепие в траве,1961,124,,,1.7615,7.4,286,en,2746
2193,Мой наставник,1983,97,,22587834,2.6019,5.0,80,en,11454
64871,Легенда о Лобо,1962,67,,,0.5194,6.1,20,en,5690
54575,Убийство сестры Джордж,1968,138,,,0.797,6.2,61,en,18392
11016,Риф Ларго,1948,100,,,0.8852,7.4,561,en,6593
23020,Jail Bait,1954,74,,,0.5549,3.75,48,en,44763
54195,It Happened Here,1966,101,,,0.6252,6.7,34,en,228856
139058,I'll Never Forget What's'isname,1967,99,,,0.6016,5.308,13,en,19244
20423,Для всего человечества,1989,80,,770132,1.5182,7.8,153,en,7854
10839,Железный крест,1977,132,6000000,1509000,1.8972,7.1,458,en,7767
36489,Невеста монстра,1955,69,70000,,0.8789,4.368,125,en,44763
24481,Рожденная вчера,1950,103,,,2.0186,7.2,175,en,14674
11296,Птаха,1984,120,12000000,1400000,2.3778,7.1,549,en,9168
61651,И Бог создал женщину,1988,100,,,1.192,4.205,44,en,53767
28172,Кровавый пир,1963,67,24500,4000000,1.0249,4.8,196,en,99916
57855,"Charlie, the Lonesome Cougar",1967,75,,,0.9534,5.7,18,en,63670
28180,Раскрась меня кроваво-красным,1965,79,50000,,0.5469,4.664,58,en,99916
14280,Не кричи «Волки!»,1983,105,11000000,,1.1889,6.993,141,en,68212
72086,Ночной посетитель,1971,106,,,1.106,6.3,48,en,89981
149687,Злоключения Полин,1947,96,,,0.3513,6.2,8,en,19093
29478,Изюминка на солнце,1961,128,1500000,,1.6041,7.7,140,en,40549
28177,Two Thousand Maniacs!,1964,87,65000,,1.3399,5.5,131,en,99916
64166,Brown's Requiem,1998,104,,,1.1756,4.357,14,en,168200
73642,The Closer You Get,2000,93,,,0.9689,5.3,12,en,585004
2067,Миссия на Марс,2000,114,90000000,110983407,2.7759,6.0,1512,en,1150
622,Девятые врата,1999,133,38000000,58401898,3.0375,6.481,3210,en,3556
110666,Condo Painting,2000,86,,,1.3009,0.0,0,en,9200
28463,Восток-Запад,1999,121,11500000,6032000,1.9017,6.4,67,fr,27614
12186,Защищая твою жизнь,1991,111,,16400000,1.4793,6.9,292,en,13
20283,Уходя в отрыв,1979,101,2300000,20000000,2.1149,7.1,281,en,12804
5693,Команда из штата Индиана,1986,114,9000000,28600000,2.4646,7.0,560,en,44847
287,Дархэмские быки,1988,108,7000000,50888000,1.8193,6.601,636,en,4037
968,Собачий полдень,1975,125,1800000,56665856,3.6057,7.845,3192,en,39996
838,Американские граффити,1973,110,777000,140000000,3.2984,7.0,1525,en,1
16958,Асфальтовые джунгли,1950,112,1232000,,1.0384,7.489,515,en,6593
3114,Искатели,1956,119,3750000,,2.255,7.697,1520,en,8500
31938,Бригада дьявола,1968,132,,,1.7701,6.3,82,en,51875
12501,Большая страна,1958,166,,3500000,2.2126,7.6,390,en,10001
22650,Мелодия из подвала,1963,118,,,2.189,7.222,197,fr,34580
31618,Преданный,1988,127,19000000,,0.9641,6.1,135,en,27436
42232,На пути к славе,1976,147,,,1.1431,6.9,77,en,4964
15873,Ремагенский мост,1969,117,,,1.7213,6.8,174,en,6778
26928,Бак и Проповедник,1972,102,,,0.9071,6.3,60,en,16897
68427,Дочери пыли,1991,112,800000,1642436,1.4173,6.4,54,en,142603
25392,Место назначения – Луна,1950,91,592000,5000000,2.3926,5.9,91,en,20370
67455,La Nuit fantastique,1942,90,,,0.624,5.9,16,fr,143353
22178,Палачи тоже умирают,1943,134,,,1.3941,6.9,136,en,68
48213,Лесной царь,1996,113,,50935,2.5376,6.3,46,de,10249
35412,На берегу,1959,134,2900000,2200000,1.2477,6.6,223,en,4081
43463,Railroaded!,1947,72,500000,,1.828,6.6,27,en,40199
59939,Slaves to the Underground,1997,93,,,1.2781,4.577,13,en,73962
159727,Song of Freedom,1936,73,,,0.9904,5.6,7,en,992802
244151,Big Fella,1938,74,,,0.9799,7.0,6,en,992802
8333,Захват поезда Пелэм 123,1974,104,,,1.0979,7.5,589,en,15663
19259,Волонтеры,1985,107,10000000,19875740,2.5666,5.5,172,en,1788
820,Джон Ф. Кеннеди: Выстрелы в Далласе,1991,189,40000000,205405498,2.9646,7.603,2297,en,1152
11718,Кто такой Гарри Крамб?,1989,94,,11000000,1.3498,5.931,341,en,28169
8989,Гарри и Хендерсоны,1987,110,10000000,49998613,1.7743,6.1,703,en,56506
32031,Давай спасем Гарри,1986,102,,,1.1297,6.2,46,en,13859
58048,Шанхайский сюрприз,1986,97,17000000,2315683,2.0071,4.245,94,en,134639
26827,Кто эта девчонка?,1987,93,18500000,7305209,1.3277,5.5,240,en,15890
11157,Дьяволица,1989,99,20000000,15400000,2.2871,5.963,418,en,53861
28370,Свидание с ангелом,1987,105,8000000,1988962,1.3933,6.688,106,en,63550
918,Свидание вслепую,1987,95,18000000,39321715,3.8601,5.989,517,en,1927
61178,Надин,1987,83,12000000,5669831,2.216,5.443,88,en,6729
11176,Фильм Маппетов,1979,95,8000000,75161953,1.8902,7.2,670,en,68457
14900,Большое ограбление Маппетов,1981,95,14000000,31206251,2.2673,6.9,327,en,55983
11899,Маппеты захватывают Манхэттэн,1984,94,8000000,25535829,1.6327,6.6,405,en,7908
36536,Улица Сезам представляет: Иди за той птицей,1985,88,,13962404,1.7028,6.375,88,en,29009
18890,Мы вернулись! История динозавра,1993,72,,9317021,2.2908,6.1,430,en,64949
19736,Baby: Secret of the Lost Legend,1985,95,,,0.3875,5.178,68,en,58075
123047,Turtle Diary,1985,97,,,1.5837,6.214,14,en,17784
24575,Поднять Титаник,1980,115,36000000,7000000,1.9375,5.3,106,en,52094
16535,Титаник,1953,98,1805000,4905000,3.6115,6.6,150,en,19606
10971,Гибель «Титаника»,1958,123,1680000,,1.7612,7.7,274,en,26134
23928,Капитан Горацио,1951,117,,,2.6054,6.9,135,en,8823
31336,Les convoyeurs attendent,1999,94,,,1.1511,6.394,33,fr,105752
462,Эрин Брокович,2000,126,52000000,256271286,3.2614,7.436,3482,en,1884
9532,Пункт назначения,2000,98,23000000,112880294,4.7487,6.627,6404,en,57134
117259,Soft Fruit,1999,101,,,0.3659,3.333,3,en,1027277
78231,Babymother,1998,82,,,1.7897,3.143,7,en,1311102
2383,Медведь,1988,97,25000000,138241022,4.3288,7.074,505,fr,2352
25503,Удар,1949,111,,,1.4432,6.0,61,en,78845
53879,Любовь — самая великолепная вещь на свете,1955,102,,,1.4534,5.966,87,en,37362
1396,Зеркало,1975,107,825000,124367,2.5414,7.944,1039,ru,8452
11570,Красный корсар,1952,105,1850000,,1.9136,7.023,151,en,5029
1541,Тельма и Луиза,1991,130,16000000,45361000,3.5499,7.594,3711,en,578
150043,Something for Everyone,1970,112,,,0.9588,6.4,18,en,965039
17443,Правосудие для всех,1979,119,6000000,33300000,1.4827,7.1,555,en,13563
8469,Зверинец,1978,109,2700000,141000000,2.7877,7.0,1610,en,4610
27995,Ей это нужно позарез,1986,84,175000,7137503,0.9754,6.6,346,en,5281
36739,School Daze,1988,121,,,3.1087,5.651,109,en,5281
925,Делай как надо,1989,120,6500000,37300000,1.7574,7.8,1908,en,5281
41823,Блюз о лучшей жизни,1990,129,10000000,16153593,1.5955,6.46,250,en,5281
1713,Лихорадка джунглей,1991,132,14000000,32482682,0.7975,6.4,303,en,5281
26170,Блeф Кугана,1968,93,1500000,3110000,1.9484,6.336,347,en,14773
30547,Чемпион,1979,122,,30441738,2.0986,7.0,204,mo,24657
54825,В мире животных,1989,5,,,0.1345,7.174,121,en,7314
13939,Жажда смерти,1974,93,3000000,76600000,2.996,6.882,901,en,19244
14373,Жажда смерти 2,1982,92,8000000,45000000,2.0817,6.247,503,en,19244
24873,Жажда смерти 3,1985,90,9000000,16116878,2.4449,6.2,453,en,19244
26263,Жажда смерти 4: Наказание,1987,99,5000000,6880310,2.0138,5.7,325,en,18669
34746,Жажда смерти 5: Лик смерти,1994,95,5000000,1702394,2.6112,5.5,294,en,52325
996,Двойная страховка,1944,107,927262,2500000,1.959,8.1,1936,en,3146
9079,Умереть молодым,1991,111,18000000,82264675,1.8579,6.7,476,en,5572
1496,Холодный как лед,1991,91,6000000,1193062,1.6414,4.913,195,en,4759
1498,Черепашки-ниндзя,1990,93,13500000,201965915,4.514,6.7,1890,en,18308
1497,Черепашки-ниндзя 2: Тайна изумрудного зелья,1991,88,25000000,78656813,3.0781,6.2,1199,en,59649
1499,Черепашки-ниндзя 3,1993,96,21000000,42273609,3.5528,5.5,878,en,76418
1880,Красный рассвет,1984,114,17000000,38400000,1.7716,6.3,853,en,8328
33762,Сплоченные,1986,109,8700000,4865912,1.6678,6.164,55,en,12988
103960,Рожденный американцем,1986,97,,,2.9241,3.862,30,en,16938
11690,Кровавый спорт,1988,92,1500000,65000000,4.7792,7.019,2030,en,70250
29143,Глаза Лоры Марс,1978,104,7000000,20000000,1.4563,5.8,222,en,10930
35292,Шутки в сторону,1995,128,,,1.2414,6.5,50,en,36804
36652,Благословенная земля,1937,139,2800000,3557000,1.5964,6.2,74,en,42060
801,"Доброе утро, Вьетнам",1987,121,13000000,123922370,2.6093,7.308,2892,en,8246
104301,Хорошая мать,1988,104,14000000,4764606,1.0105,5.7,30,en,1749
11520,Старые ворчуны,1993,103,35100000,70200000,2.5828,6.7,715,en,18281
1879,"Угадай, кто придёт к обеду?",1967,108,4000000,56666667,1.8189,7.571,883,en,4081
2085,Ромео должен умереть,2000,115,25000000,91036760,3.3785,6.271,1277,en,10765
13539,Here on Earth,2000,96,15000000,10873148,1.0781,5.816,187,en,1219210
16222,Любой ценой,2000,94,15000000,9902115,1.5598,5.8,293,en,161858
109479,Buddy Boy,2000,105,,,2.2289,4.538,13,en,58278
17078,Цвет рая,1999,90,,,1.371,7.56,182,fa,110695
37722,Пробуждая мертвецов,2000,105,8500000,327418,1.5168,6.105,100,en,33054
75892,Кровь и песок,1989,113,,,1.6195,4.9,30,de,225945
33516,Готика,1987,88,,,3.2098,5.7,177,en,32327
99008,Hillbillys in a Haunted House,1967,86,,,1.1412,2.629,35,en,89745
9960,Повелитель мух,1963,92,250000,,1.6123,6.7,555,en,60981
3082,Новые времена,1936,87,1500000,1800000,3.1379,8.282,3927,en,13848
49338,Последний пляж,1994,93,,,1.1762,3.848,23,en,130424
52961,Такова жизнь!,1986,102,,,0.8551,5.462,26,en,1927
12187,Сердце и души,1993,99,,16589540,2.217,6.892,401,en,33485
24748,Хад,1963,112,2500000,10000000,1.3903,7.3,335,en,18854
990,Бильярдист,1961,134,2000000,7600000,3.2089,7.679,1030,en,14875
1908,Пожнешь бурю,1960,128,2000000,2000000,1.4865,7.659,443,en,4081
9764,Дерсу Узала,1975,136,4000000,,2.2503,7.909,591,ru,5026
840,Близкие контакты третьей степени,1977,132,20000000,306889114,3.089,7.349,4459,en,488
39890,Отель ужасов,1960,78,,,1.2384,6.5,167,en,107331
42237,"Иона, которому будет 25 лет в 2000 году",1976,110,,,1.9105,6.7,20,fr,236362
26689,Провал во времени,1997,91,,,2.0313,6.1,202,en,65420
25673,Место под солнцем,1951,122,2300000,7000000,1.5746,7.283,406,en,18738
2291,Лестница Иакова,1990,113,25000000,26118851,2.8388,7.354,1799,en,7270
13531,Магазин «Империя»,1995,90,10000000,303841,1.6371,6.6,760,en,55790
16620,Ла бамба,1987,108,6500000,54215416,2.796,7.256,753,en,82219
526,Леди-ястреб,1985,121,20000000,18432000,2.3642,7.0,1208,en,7187
13346,Лукас,1986,100,6000000,8200000,2.3316,6.7,248,en,11834
243,Фанатик,2000,113,30000000,47100000,1.5078,7.12,2108,en,3224
10501,Дорога на Эльдорадо,2000,89,95000000,76400000,4.2161,7.3,3940,en,65629
11478,Черепа,2000,106,15000000,50802120,2.5043,5.77,575,en,18878
96167,Пятна на солнце,1975,100,,,1.8933,5.9,37,it,31603
24212,Devil Girl from Mars,1954,77,,,0.5741,5.2,52,en,106629
6644,Эльдорадо,1966,126,4653000,6000000,5.1119,7.361,559,en,11435
41038,The Hideous Sun Demon,1958,74,58500,,0.1065,4.1,22,en,1006929
879,Капитан Крюк,1991,144,70000000,300854823,4.3467,6.839,5539,en,488
32613,Поезд ужасов,1972,87,300000,,0.8263,6.3,321,en,50542
39406,Мой шофер,1986,97,,4781448,1.5792,5.719,32,en,121760
85689,Сын шейха,1926,68,,,1.157,6.2,29,en,114337
31624,Торсо,1973,93,,,0.8594,6.597,212,it,21227
17529,Настоящее мужество,1969,128,,37659900,2.8197,7.333,824,en,37360
40841,Дорожные пророки,1992,96,,157645,1.9469,5.5,26,en,226513
118098,Мадам Сузацка,1988,122,,,1.5909,6.857,21,en,19304
1793,Max Dugan Returns,1983,98,,,0.9296,6.527,56,en,18378
11327,Полуночный экспресс,1978,121,2300000,35000000,4.4316,7.5,1813,en,9168
1700,Мизери,1990,107,20000000,61300000,4.5125,7.7,4974,en,3026
54087,Мистер Субботний Вечер,1992,119,43000000,13300000,1.0119,5.7,59,en,7904
34322,Любовь Мерфи,1985,107,13000000,30867525,1.4337,6.1,71,en,18854
41659,Моя жизнь,1993,114,17500000,27484464,1.9898,6.691,223,en,3431
593,Солярис,1972,169,,,3.0907,7.787,1738,ru,8452
10774,Телесеть,1976,121,3800000,23700000,2.1129,7.8,1907,en,39996
10083,Нет выхода,1987,114,15000000,35509515,2.7918,6.9,764,en,21370
29786,Северный Даллас Сорок,1979,119,,26079312,0.9982,6.6,70,en,16544
11356,Странная парочка,1968,106,1200000,44527234,1.5501,7.438,618,en,69300
10747,Джоси Уэйлс – человек вне закона,1976,135,3700000,31800000,3.4447,7.434,1229,en,190
38809,Чёрное и белое,1999,98,10000000,5241315,1.3821,4.613,71,en,56381
10559,Радиоволна,2000,119,31000000,68106245,2.1836,7.261,1913,en,17812
20697,К бою готовы,2000,107,24000000,12372410,1.2543,5.2,167,en,53177
2621,Вернись ко Мне,2000,115,24000000,36600000,1.7448,6.6,458,en,5149
10479,Правила боя,2000,128,60000000,71000000,2.5497,6.261,760,en,15175
125709,Joe Gould's Secret,2000,104,,,1.3511,5.889,18,en,2283
49721,"Я, опять Я, и снова Я",1999,104,,369975,0.4591,5.7,29,en,33438
2006,"Колокол, книга и свеча",1958,106,,,1.5744,6.5,236,en,18907
184885,Колокольчики,1926,92,,,2.2303,6.2,16,en,150184
46625,Конец насилия,1997,121,5000000,386673,0.5778,5.291,74,en,2303
17339,Отряд 10 из Навароне,1978,114,5000000,7230000,1.2657,6.2,326,en,9915
26879,Как справиться с диким бикини,1965,93,,,1.3564,5.2,23,en,95526
11305,Таинственный поезд,1989,106,2800000,1544973,2.7113,7.326,479,en,4429
48211,Сакко и Ванцетти,1971,125,,,1.1429,7.6,202,it,132257
28975,Нет выбора,1988,96,,,0.4359,5.6,48,en,102521
13665,Артур,1981,97,7000000,95461682,1.4512,6.5,449,en,122944
12309,Мальчишник,1984,105,6000000,38435947,4.1657,6.3,686,en,57359
1552,Родители,1989,124,20000000,126297830,1.1686,6.668,689,en,6159
106,Хищник,1987,104,15000000,98267558,29.278,7.542,8681,en,1090
10333,Повелитель приливов,1991,132,30000000,74787599,1.9207,6.612,294,en,10400
11027,Почтальон всегда звонит дважды,1981,116,12000000,12376625,1.8732,6.5,532,en,19450
61560,Курить/Не курить,1993,298,,,0.7826,6.5,68,fr,11983
123757,All the Vermeers in New York,1992,87,,,2.2865,5.8,21,en,1012097
27197,Месть актера,1963,115,,,1.842,6.6,67,ja,97205
10468,28 дней,2000,103,43000000,62198945,2.7468,6.156,1045,en,31024
1359,Американский психопат,2000,102,7000000,34300000,7.4985,7.4,11775,en,16378
4967,Сохраняя веру,2000,127,30000000,59945183,1.1882,6.1,639,en,819
31776,"Там, где деньги",2000,89,,,1.0491,6.0,79,en,78523
10557,Восток есть восток,1999,92,3800000,28200000,1.3993,6.525,221,en,65865
27745,The Filth and the Fury,2000,108,,,1.4114,6.9,78,en,22669
19214,Две жизни,2000,105,12000000,769272,1.095,5.8,44,en,96972
46686,Third World Cop,1999,98,,40717,0.836,6.4,5,en,137213
71402,Расставания,1969,110,,,2.2346,6.0,17,en,563031
13776,Забегаловка,1982,110,5000000,14100000,1.8921,6.8,296,en,8246
26291,Клоун Шейкс,1991,87,1400000,115103,0.9382,5.357,91,en,95024
10784,Кабаре,1972,124,4600000,42800000,2.9734,7.4,933,en,66777
10242,Что случилось с Бэби Джейн?,1962,134,980000,,2.0363,7.902,1113,en,18392
27857,Навострите ваши уши,1987,111,,,1.1071,6.6,98,en,3224
16347,Тетушка Мэйм,1958,143,,,1.4965,7.025,121,en,87521
4825,Парни и куколки,1955,149,5500000,6874673,2.0583,6.534,247,en,10601
11654,Голод,1983,92,10000000,10200000,1.0076,6.6,624,en,893
10518,Марафонец,1976,125,6500000,21709020,1.2042,7.169,1167,en,19304
11977,Гольф-клуб,1980,98,6000000,39846344,1.9384,6.615,1243,en,1524
18041,Сплетня,2000,90,14000000,5108820,2.5523,5.811,259,en,19012
14736,Любовь и баскетбол,2000,124,20000000,27728118,2.087,7.3,453,en,71947
3536,Ю-571,2000,116,62000000,127700000,2.9986,6.516,1301,en,7213
1443,Девственницы-самоубийцы,2000,97,6000000,10409377,3.6939,7.1,3481,en,1769
10424,Дженнифер 8,1992,124,20000000,11390479,2.2718,6.1,378,en,8966
80677,Закон,1959,126,,,1.8524,5.8,26,fr,14227
28971,Огни рампы,1952,137,900000,1000000,2.401,7.9,566,en,13848
49096,Империя страсти,1978,105,,,2.5434,6.885,126,ja,46230
310431,Рыцари Стэйси,1983,100,,,0.8689,3.3,7,en,7847
40562,Безумно верная жена,2000,98,3000000,,1.7055,4.805,59,en,124092
9456,Ворон 3: Спасение,2000,102,10000000,,1.7411,5.5,392,en,58005
889,Флинтстоуны в Рок-Вегасе,2000,91,83000000,59468275,2.4873,4.773,786,en,13581
10564,"Там, где сердце",2000,115,15000000,33800000,2.7089,7.101,720,en,34481
15723,Большая сделка,1999,90,7000000,3728888,1.4992,6.752,365,en,998589
19600,Босса Нова,2000,95,,,3.2152,5.5,27,en,69719
125537,Smiling Fish & Goat On Fire,1999,90,,,0.9364,5.0,11,en,85242
452,Идиоты,1998,114,2500000,7200,1.3209,6.461,627,da,42
68170,The Last September,2000,103,,,1.0179,4.923,13,en,1033866
36234,Тайм-код,2000,97,4000000,1431406,0.803,5.542,95,en,6111
39283,Эксперимент «Карнозавр»,1993,83,1000000,1753979,2.0266,4.2,110,en,46442
65460,Эксперимент «Карнозавр 2»,1995,83,,,0.3469,4.3,53,en,65420
55667,Эксперимент «Карнозавр 3»,1996,85,,,1.3048,4.0,45,en,102688
31978,Defying Gravity,1997,92,,,0.2254,5.86,25,en,108670
12476,Скрытые,1987,96,5000000,9747988,2.1618,6.882,457,en,62020
5241,Слияние двух лун,1988,104,,1547397,2.1922,6.0,203,en,42113
98,Гладиатор,2000,155,103000000,465516248,13.7597,8.221,20266,en,578
21311,Я Мечтала Об Африке,2000,114,34000000,14400327,1.1282,5.4,83,en,58220
47724,На вилле,2000,115,,,1.0718,5.227,33,en,55038
11129,В отрыв!,1999,99,600000,4000000,1.6945,6.8,373,en,68281
94214,"Jails, Hospitals & Hip-Hop",2000,90,,10,0.0532,0.0,0,en,2606020
117781,1-2-3-4 ou Les Collants noirs,1961,140,,,1.5732,6.2,9,fr,9855
1058,На последнем дыхании,1983,100,7500000,19910002,2.7359,5.8,256,en,15206
37112,Крутой маршрут,1956,85,,,1.2476,6.29,31,en,29324
42159,The Idolmaker,1980,117,,,0.1226,5.357,21,en,18596
16395,Преисподняя,1980,107,3000000,,1.255,6.628,652,it,4955
50627,Садовый король,1972,103,1000000,,0.8609,5.793,92,en,19450
5608,Нибелунги. Часть 1: Зигфрид,1966,85,,,1.2602,6.353,17,de,33542
38925,Лорды Флэтбуша,1974,86,160000,4000000,1.2543,5.7,89,en,89373
13105,Мистер мама,1983,91,,64783827,2.2148,6.539,337,en,67411
22501,Властелины времени,1982,75,,4368,1.822,7.247,174,fr,80260
5491,Поле битвы: Земля,2000,119,44000000,29725663,2.2288,3.315,894,en,5058
10560,Авансцена,2000,115,29000000,26400000,2.4469,6.879,351,en,55476
19489,Held Up,1999,89,,,2.4305,5.526,59,en,54590
19419,История одного похищения,2000,81,10000000,7201701,1.5202,5.5,104,en,7130
23531,Whipped,2000,82,3000000,,1.7059,3.759,54,en,1058138
10688,Гамлет,2000,112,2000000,1568749,2.2854,5.8,135,en,54469
17889,Поднять якоря,1945,139,2600000,7500000,0.9943,6.8,163,en,21506
18228,Голубые Гавайи,1961,102,2000000,4200000,3.5334,5.9,143,en,82800
80351,The Castaway Cowboy,1974,91,,,1.0209,6.6,29,en,15657
18642,G.I. Blues,1960,104,,,1.1289,6.5,74,en,82800
205054,Голубые обманщики,1969,97,,,0.8374,5.3,23,en,100629
39391,Цыганка,1962,143,4000000,11076923,0.8491,6.3,74,en,9054
18644,Кинг Креол,1958,116,,,2.2077,6.3,109,en,4109
31516,Увольнение в город,1949,98,2133000,4428000,1.398,7.0,270,en,13284
45827,Один маленький индеец,1973,90,,,0.9831,6.271,24,en,151750
5683,Большое приключение Пи-Ви,1985,91,6000000,40900000,1.6468,6.5,826,en,510
113279,Regret to Inform,1999,72,,,0.5445,7.8,5,en,1081129
2094,Разнорабочий,1964,101,,3000000,0.5294,6.0,53,en,21452
14906,"Салют, друзья!",1942,42,,1135000,2.3261,5.8,493,en,11434
16176,Туфелька и роза,1976,146,4700000,,1.1567,6.9,50,en,31439
52770,Всё меняется,1988,100,,,2.8392,6.1,75,en,1255
12518,Медовый месяц в Лас-Вегасе,1992,96,25000000,35208854,1.0994,5.6,306,en,41550
10567,Динозавр,2000,82,127500000,354248063,6.3987,6.5,2662,en,65856
10642,Неудачник,2000,95,,,2.3664,5.37,462,en,57434
9285,Дорожное приключение,2000,93,16000000,119754278,2.7753,6.227,2082,en,57130
10569,Мелкие мошенники,2000,94,25000000,29934477,1.1489,6.436,718,en,1243
21879,The Hollywood Knights,1980,91,2500000,10000000,1.3882,5.7,62,en,67834
98502,The Myth of Fingerprints,1997,93,2000000,458815,0.9643,5.0,36,en,86203
21484,Одержимая,1981,123,2400000,1200000,4.8206,7.327,1248,en,32082
24918,Двенадцать стульев,1970,94,1500000,1806258,0.7789,6.3,138,en,14639
955,Миссия невыполнима 2,2000,123,125000000,546388108,4.5794,6.134,7296,en,11401
8584,Шанхайский полдень,2000,110,55000000,99274467,3.221,6.4,2670,en,46076
47295,Better Living Through Circuitry,1999,85,100000,,1.4177,5.4,8,en,78391
11332,8 с половиной женщин,1999,118,,,2.5212,5.398,64,en,30309
16093,Карнавал душ,1962,78,30000,,1.654,6.9,517,en,79294
29372,Летающие тигры,1942,102,,,3.1868,6.2,53,en,73256
962,Золотая лихорадка,1925,81,923000,4000000,2.3817,7.982,1742,en,13848
5483,Лиза и дьявол,1973,95,1000000,,1.1454,6.219,147,it,25826
21060,It's in the Water,1997,100,,,0.1728,5.7,29,en,87043
30588,Месье Верду,1947,124,2000000,,2.0635,7.7,452,en,13848
668,007: На секретной службе Её Величества,1969,140,7000000,82000000,4.2319,6.564,2039,en,9868
23518,Семь дней в мае,1964,118,,,1.2454,7.283,214,en,13776
691,"007: Шпион, который меня любил",1977,125,13500000,185438673,3.6782,6.825,2127,en,10076
31353,"Те, кто меня любит, поедут поездом",1998,122,,,1.0575,6.025,40,fr,23724
44018,"Без крыши, вне закона",1985,105,,8100000,1.418,7.3,344,fr,6817
698,007: Лунный гонщик,1979,126,34000000,210308099,3.1448,6.181,2109,en,10076
682,007: Человек с золотым пистолетом,1974,125,7000000,97600000,3.701,6.457,2186,en,9915
28973,Король в Нью-Йорке,1957,104,,,0.8787,6.773,220,en,13848
28974,Парижанка,1923,82,,634000,3.0529,6.7,186,en,13848
40685,In Old California,1942,91,,,0.8095,5.1,33,en,88664
22994,На линии огня,1944,100,1500000,,0.8306,6.2,50,en,101709
40639,Зов крови,1940,94,,,1.8427,6.3,57,en,8823
499,Клео от 5 до 7,1962,90,,,3.691,7.654,745,fr,6817
9600,Дом большой мамочки,2000,98,30000000,173959438,4.9992,5.828,2398,en,1215
120077,Running Free,1999,81,,,2.1491,5.667,12,en,130938
38006,Снежный человек,1957,91,,,1.2167,6.2,109,en,39853
2768,Американский жиголо,1980,117,5000000,52700000,4.077,6.2,699,en,1035
42002,Мучительная боль,1987,87,,,3.6634,6.3,144,es,37577
40365,Кровавая невеста,1972,96,,,1.4381,5.685,73,es,105153
24920,Город живых мертвецов,1980,92,,,1.9489,6.431,427,it,29433
21,The Endless Summer,1966,91,50000,,1.5525,7.153,131,en,86
10911,Пушки острова Наварон,1961,160,6000000,28900000,2.8417,7.3,832,en,18669
10102,Большая жратва,1973,130,,,2.0944,7.1,531,fr,34264
30308,Lured,1947,102,,,1.9715,6.28,93,en,46712
38688,Пандора и Летучий Голландец,1951,122,1500000,,2.0688,6.6,119,en,30252
26912,Куотермасс и колодец,1967,97,,,1.1892,6.6,263,en,26134
26278,Куотермасс 2,1957,85,,,0.634,6.4,137,en,39853
26956,Повелитель кукол 3: Месть Тулона,1992,82,800000,,1.0775,6.3,176,en,97618
26957,Повелитель кукол 4,1993,79,,,1.0625,5.5,138,en,31621
26958,Повелитель кукол 5: Последняя глава,1994,81,,,1.1091,5.081,124,en,31621
26959,Проклятие хозяина марионеток,1998,78,,,1.3111,4.465,113,en,97618
26960,Повелитель кукол 7: Ретро,1999,80,,,1.3433,4.2,128,en,97618
80287,Полицейский по найму,1987,96,,,0.8732,4.583,42,en,80609
6003,Ромео и Джульетта,1968,138,,38901218,2.5076,7.4,706,en,24657
23939,Оставайтесь с нами,1992,87,25000000,10736401,0.6608,6.2,182,en,37710
46614,История рядового Джо,1945,108,,,1.9028,6.434,38,en,14643
11072,Сверкающие сёдла,1974,93,2600000,119500000,3.4308,7.245,1994,en,14639
23069,Бенджи,1974,86,,,1.4251,6.3,157,en,94787
21299,Бенджи потерялся,1987,88,,22257624,1.2608,6.561,164,en,94787
38802,For the Love of Benji,1977,85,,,1.022,5.8,50,en,94787
13368,Светлое Рождество,1954,120,,1109388,6.9564,7.197,549,en,4109
985,Голова-ластик,1977,90,100000,7000000,4.4697,7.346,2651,en,5602
14002,Барака,1992,97,4000000,,2.7386,8.22,651,en,68994
541,Человек с золотой рукой,1955,119,1000000,4350000,1.0168,7.1,239,en,834
21137,Падение западной цивилизации,1981,100,100000,,1.5674,7.151,109,en,58448
36724,The Decline of Western Civilization Part II: The Metal Years,1988,93,,,1.2808,6.801,78,en,58448
938,На несколько долларов больше,1965,132,600000,15000000,4.7817,8.0,4265,it,4385
10648,Грязный Гарри 2: Высшая сила,1973,124,,39768000,3.683,7.117,1141,en,18635
11368,Просто кровь,1985,99,1500000,4229114,1.871,7.25,1551,en,1223
10875,Знаменитые братья Бейкер,1989,114,13000000,18428904,1.3726,6.6,353,en,10967
2075,Честь семьи Прицци,1985,124,,26657534,1.6476,6.384,402,en,6593
1551,Коматозники,1990,115,26000000,61489265,2.0917,6.5,1651,en,5572
22500,Гандахар. Световые годы,1987,83,5500000,370698,1.5501,6.945,136,fr,80260
10246,Порки,1981,94,4000000,159989673,4.3562,6.4,925,en,12698
19698,Порки 2: Следующий день,1983,98,6500000,54959266,1.1966,5.7,337,en,12698
23919,Порки 3: Месть,1985,92,9000000,20518905,0.9339,5.469,258,en,16008
18835,Частная школа,1983,89,,14049112,3.1806,5.7,205,en,109876
26554,Атомная школа,1986,86,2000000,,1.9303,5.563,191,en,107482
15239,Токсичный мститель,1984,82,500000,800000,1.0853,6.3,621,en,78021
28165,Токсичный мститель 2,1989,95,2500000,792966,1.6401,5.4,192,en,78023
28169,Токсичный мститель 3: Последнее искушение Токси,1989,102,500000,363561,1.7344,4.9,141,en,78023
15762,Ночь кошмаров,1986,88,5000000,591366,1.4272,6.7,546,en,44056
169,Хищник 2,1990,108,35000000,57120318,12.9329,6.293,3615,en,2042
865,Бегущий человек,1987,101,27000000,38122105,6.4059,6.5,2638,en,12988
9663,Человек со звезды,1984,115,22000000,28744356,1.9287,6.942,944,en,11770
26889,Брат с другой планеты,1984,109,,,0.6245,6.6,91,en,102445
10128,Нация пришельцев,1988,91,16000000,32155047,1.976,6.1,322,en,43513
9659,Безумный Макс,1979,91,350000,100000000,5.9662,6.678,4757,en,20629
8810,Безумный Макс 2: Воин дороги,1981,96,2000000,24600832,4.6327,7.4,4010,en,20629
9355,Безумный Макс 3: Под куполом грома,1985,107,10000000,36230219,3.8879,6.216,3126,en,20629
1727,Птичка на проводе,1990,110,20000000,138697012,2.7596,6.224,995,en,12840
635,Сердце ангела,1987,113,17000000,17185954,1.9834,7.132,1646,en,9168
10068,Девять с половиной недель,1986,112,17000000,6740470,3.5353,6.104,1071,en,7270
11495,Воспламеняющая взглядом,1984,109,15000000,17080167,2.9163,6.257,738,en,67753
11428,Лунатики,1992,89,15000000,30524764,3.4975,6.0,585,en,61824
10117,Боевик Джексон,1988,96,7000000,20256975,0.9435,5.472,264,en,63709
35936,Sarafina!,1992,117,,,1.097,6.1,44,en,16730
25562,Мыльная пена,1991,96,25000000,36489888,1.8638,6.2,264,en,52405
51763,Долгий путь пешком домой,1990,97,,,1.816,7.636,151,en,73496
73079,Сердце Клары,1988,108,,,1.0885,5.447,57,en,8482
38921,Воровка,1987,103,,,1.7199,5.189,103,en,28904
35463,Смертельная красотка,1987,104,,,0.6757,5.506,90,en,64796
9679,Угнать за 60 секунд,2000,127,90000000,237200000,5.2176,6.4,4694,en,58498
24587,Американский сутенер,2000,87,,,2.5039,5.655,29,en,11447
51333,Тщетные усилия любви,2000,93,13000000,300000,1.3893,5.514,74,en,11181
17771,Вкус солнечного света,1999,181,26000000,7918035,2.5193,6.462,143,en,225898
31610,Trixie,2000,116,,,1.7224,4.6,23,en,72427
60005,American Virgin,2000,88,,,1.7605,3.167,15,en,233192
10264,Гамлет,1990,130,13500000,20700000,2.2892,6.603,423,en,24657
31657,Возвращение домой,1978,127,3000000,32653905,2.381,7.0,193,en,4964
29204,Поп Америка,1981,96,1500000,6000000,2.7662,6.9,115,en,16384
17814,Нападение на 13-й участок,1976,91,150000,,1.3633,7.274,1148,en,11770
11879,Почти стемнело,1987,94,5000000,3400000,1.5834,6.854,826,en,14392
21128,Один неверный ход,1991,105,2500000,1543112,1.5467,6.6,203,en,21712
482,Шафт,1971,100,1125000,12121618,2.882,6.4,397,en,6558
592,Разговор,1974,113,1600000,4794457,4.3604,7.512,1936,en,1776
31593,Путь Каттера,1981,105,3000000,,1.6211,6.5,160,en,84736
12611,Ярость,1978,113,5500000,24000000,2.7042,6.3,385,en,1150
14328,Бумажная погоня,1973,113,,,0.6908,6.8,112,en,14838
32047,Принц города,1981,167,8600000,8124257,1.2591,7.0,169,en,39996
9040,Серпико,1973,129,3500000,30800000,4.1095,7.531,2097,en,39996
25364,Туз в рукаве,1951,111,1821052,1300000,1.5764,7.857,710,en,3146
43002,Одинокие отважны,1962,107,,,1.4753,7.375,164,en,73256
5121,Шугарлендский экспресс,1974,110,3000000,12800000,1.5803,6.6,436,en,488
195,Неприятности в раю,1932,83,,,1.2356,7.399,296,en,2428
6978,Большой переполох в маленьком Китае,1986,100,25000000,11102672,4.9894,7.211,3205,en,11770
3133,Пустоши,1974,94,300000,,3.954,7.5,1284,en,30715
643,Броненосец Потёмкин,1925,75,,45100,3.8147,7.604,1245,ru,9603
10571,Мальчики и девочки,2000,94,16000000,20627372,1.3607,5.943,407,en,64815
479,Шафт,2000,99,46000000,107626125,4.7504,6.011,1379,en,6482
7450,Титан: После гибели Земли,2000,94,75000000,36754634,2.5319,6.6,1138,en,40345
31023,Язык бабочек,1999,96,3000000,7738129,1.8216,7.4,238,es,19842
25636,Сын Иисуса,2000,107,2500000,1300000,2.4059,6.3,72,en,157879
41160,The Match,1999,95,,,1.3192,5.8,14,en,59248
47439,Обретенное время,1999,163,,,1.2503,6.2,67,fr,121585
207731,Boricua's Bond,2000,105,,,1.197,2.6,5,en,1190670
7443,Побег из курятника,2000,84,45000000,224834564,5.4343,6.835,5258,en,7314
2123,"Я, снова я и Ирэн",2000,116,51000000,149270999,5.4034,6.604,4090,en,7396
2024,Патриот,2000,165,110000000,215294342,5.9584,7.186,4145,en,6046
17711,Приключения Рокки и Буллвинкля,2000,92,76000000,35100000,1.3467,4.3,385,en,588701
2133,Идеальный шторм,2000,130,130000000,328718434,3.7334,6.484,2464,en,5231
29946,Золотая чаша,2000,130,15000000,5753678,1.2092,5.9,64,en,54441
25993,Психбольница,1972,85,,,2.7082,5.973,189,en,26134
28774,Контакт,1989,103,5000000,1919653,0.6191,5.3,182,en,114629
46929,Веселые и беззаботные,1947,73,,,2.5251,6.3,506,en,11429
11598,Солянка по-кентуккийски,1977,83,600000,,2.2108,6.2,345,en,4610
9702,За кровь платят кровью,1993,180,35000000,4500000,6.962,8.1,1465,en,18596
117026,Daughter of Dr. Jekyll,1957,71,,,1.407,5.7,20,en,5030
9873,Иллюзия убийства,1986,109,10000000,20603715,1.9376,6.6,472,en,43786
16820,Иллюзия убийства 2,1991,108,18000000,21082165,0.6313,6.317,284,en,29471
14864,Горячее местечко,1990,130,,1293976,2.8677,6.2,289,en,2778
15379,Без вести пропавшие,1984,101,2550000,22812411,1.8962,5.842,526,en,64195
12764,Без вести пропавшие 2: Начало,1985,100,2410000,10755447,5.4495,5.757,301,en,57154
27352,Брэддок: Без вести пропавшие 3,1988,103,9000000,6193901,1.6914,5.641,266,en,51572
8348,Громила и Скороход,1974,115,4000000,25000000,2.7565,6.8,599,en,12114
24099,Видение,1984,99,,12145169,2.3336,6.1,306,en,52629
17897,Золотое путешествие Синдбада,1973,104,,11000000,1.5007,6.685,248,en,82505
28050,Топор для новобрачной,1970,88,,,1.5124,6.365,111,it,25826
16094,Домашняя вечеринка,1990,105,2500000,26385628,2.7371,6.417,248,en,68215
16096,House Party 2,1991,94,,,1.1973,5.3,110,en,67896
20343,Сыграй мою музыку,1946,75,68,,1.6075,5.8,274,en,142526
13757,Время мелодий,1948,75,1500000,5120000,1.0964,6.1,332,en,64864
11822,Некромантик,1988,71,,,2.2444,5.1,305,de,70602
90980,Наш свадебный путь,1948,107,,,0.8613,5.5,15,en,95771
26270,Проект «Лунная база»,1953,63,,,0.9666,3.0,27,en,94988
37744,Rocketship X-M,1950,77,94000,,0.8166,4.8,51,en,70565
494,Шафт в Африке,1973,112,2142000,1458000,1.2183,6.048,73,en,6778
493,Большая удача Шафта,1972,104,1978000,10000000,1.5028,6.0,73,en,6558
12706,Крупье,1998,94,,,2.0828,6.74,312,en,17281
4244,Малыш,2000,104,65000000,110317580,3.7049,6.749,1073,en,12962
4247,Очень страшное кино,2000,88,19000000,278022760,8.1556,6.381,7410,en,35689
20770,Неисправимые,2000,85,1200000,2600000,2.3776,7.0,780,en,59466
1050,Душ,1999,92,,,1.2881,6.873,71,zh,15156
1052,Фотоувеличение,1966,111,1800000,,1.9679,7.327,1323,en,15189
20540,Ростовщик,1965,116,500000,,2.8636,7.1,168,en,39996
23655,Groove,2000,86,,,2.6656,6.233,45,en,17042
1788,Свободные,1984,107,8200000,80035402,2.7333,6.7,2150,en,18378
32275,Дуэль под солнцем,1946,144,6000000,20400000,1.5481,6.336,180,en,29962
36657,Люди Икс,2000,105,75000000,296339527,0.3201,7.007,11870,en,9032
44490,Чак и Бак,2000,96,250000,1182065,2.7672,5.9,67,en,61069
47585,Пять чувств,1999,106,,,0.9921,5.554,28,en,88391
1448,Мудрость крокодилов,1998,98,,,1.6606,5.74,102,en,17247
36047,Своя тусовка,2000,105,15000000,5280035,0.9522,4.578,58,en,56263
2655,Что скрывает ложь,2000,125,100000000,291420351,3.1586,6.43,1948,en,24
12599,Покемон 2000,1999,84,30000000,133949270,3.97,6.7,903,ja,65429
33828,Криминальные любовники,1999,96,,,1.4054,6.5,113,fr,4387
93,Анатомия убийства,1959,154,2000000,8000000,1.9336,7.841,1099,en,834
9278,Корпорация «Бессмертие»,1992,110,30000000,17129026,2.2911,5.456,342,en,32277
90715,Greaser's Palace,1972,91,,,1.0371,4.5,26,en,59874
59181,Горячие штучки,1979,98,,,0.3707,5.415,41,en,1129542
22167,Рыцари-наездники,1981,147,3000000,,1.8049,6.2,118,en,14999
18118,Золото Маккенны,1969,128,7000000,,4.0344,6.6,199,en,18669
11940,Синдбад и глаз тигра,1977,113,3500000,16000000,2.2199,6.6,207,en,21520
24167,Чочара,1960,101,,,3.6486,7.8,556,it,12329
10276,А как же Боб?,1991,95,35000000,63710000,1.1552,6.9,871,en,7908
19380,Белые пески,1992,101,22000000,9011574,0.6107,5.9,172,en,21370
13783,Жестокий Морант,1980,107,1000000,8200000,0.7947,7.1,155,en,5696
11624,"Всё, что вы хотели знать о сексе, но боялись спросить",1972,88,2000000,18016290,1.2229,6.5,966,en,1243
15867,Интерьеры,1978,88,3100000,10432366,1.9227,6.8,372,en,1243
11686,Любовь и смерть,1975,85,3000000,20173742,1.7105,7.5,943,en,1243
29263,Официальная версия,1985,112,,,1.5034,7.4,196,es,69315
46754,Другая сторона Воскресенья,1996,103,,,2.1345,5.7,13,no,589173
18702,Pot o' Gold,1941,86,600000,,1.0302,5.5,22,en,19093
11830,Одуванчик,1985,115,1500000,,3.1648,7.822,404,ja,69167
16110,Томас и волшебная железная дорога,2000,85,19000000,19748009,1.8766,5.4,92,en,113733
12107,Чокнутый профессор 2: Семья Клампов,2000,109,84000000,123307945,2.2719,5.018,1362,en,13426
10401,Девушка на мосту,1999,90,,,1.2192,7.047,214,fr,37626
32640,Чудесная страна,1999,108,,,1.3006,6.426,34,en,172
10641,Осень в Нью-Йорке,2000,103,65000000,90726668,1.7377,6.116,742,en,6720
6282,Бар «Гадкий койот»,2000,97,45000000,113900000,4.8242,6.3,2196,en,48980
9383,Невидимка,2000,112,95000000,190213455,3.625,5.953,2659,en,10491
5551,Космические ковбои,2000,130,65000000,128900000,2.9691,6.4,1456,en,190
277726,Better Living,1998,95,,,2.9832,1.7,3,en,100516
43079,Mad About Mambo,2000,92,,,0.7847,5.0,32,en,1464511
27723,Psycho Beach Party,2000,96,1500000,268117,1.1425,5.705,100,en,133183
2360,Спасите Грейс,2000,93,10000000,26330482,3.0488,6.527,429,en,24248
28043,"Черная суббота, или Три лица страха",1963,95,,,1.9218,7.2,474,it,25826
33468,The Brain That Wouldn't Die,1962,82,62000,,2.5023,4.689,135,en,110726
21866,Бронко Билли,1980,116,6500000,24300000,0.9272,6.297,281,en,190
33408,Увлечение,1993,89,6000000,13609396,3.0489,6.6,529,en,129941
11589,Герои Келли,1970,143,4000000,5200000,2.9175,7.3,769,en,54451
15158,Фантазм 2,1988,93,3000000,7282851,2.0612,6.2,378,en,58245
16139,Фантазм 3: Повелитель мертвых,1994,87,2500000,,0.8551,5.797,276,en,58245
16146,Фантазм 4: Забвение,1998,86,650000,,0.7956,5.234,222,en,58245
26515,Тыквоголовый,1988,86,3500000,4400000,1.1812,6.4,520,en,60261
11856,Эйр Америка,1990,112,35000000,57661269,2.7809,5.818,629,en,1724
13567,Спящий лагерь,1983,85,350000,11000000,1.3431,6.297,749,en,74671
10860,Стальные магнолии,1989,117,15000000,95904091,2.9411,7.2,693,en,18378
8420,И Бог создал женщину,1956,92,300000,33000000,2.3923,6.041,241,fr,53767
18391,Легкие деньги,1983,95,,29300000,2.6968,6.0,135,en,44807
20850,Ильза – волчица СС,1975,96,,,2.1034,5.977,368,en,4695
39473,Безмолвная схватка,1994,97,30000000,3180674,2.6556,5.3,79,en,5696
27452,Винтовая лестница,1946,83,750000,2800000,1.3777,7.0,260,en,5029
77571,Что случилось с тетушкой Элис?,1969,101,,,2.7768,6.278,45,en,19101
38548,Margaret Cho: I'm the One That I Want,2000,96,,,0.0357,7.875,16,en,120685
20438,The Tao of Steve,2000,87,,4406030,1.017,6.042,83,en,99593
274868,The Tic Code,1998,91,,,0.2298,5.8,8,en,17046
2211,Эйми и Ягуар,1999,125,,927107,0.7753,6.7,108,de,22677
46991,Порнографические связи,1999,80,,,1.7114,6.2,70,fr,151166
201581,The Autumn Heart,1999,110,,11532,0.6489,5.5,2,en,1183661
10391,Спаси и сохрани,2000,107,40000000,40443010,0.8217,5.287,298,en,26713
14195,Безумный Сесил Б.,2000,88,10000000,1961544,1.1233,6.4,286,en,10367
15665,The Eyes of Tammy Faye,2000,79,,,0.5246,6.182,22,en,16957
45905,Отступники,2000,90,,,2.8733,5.7,19,en,134146
10393,Дублёры,2000,118,50000000,50054511,3.9778,6.689,1035,en,26502
18168,Про Адама,2001,105,,802951,2.0786,5.19,121,en,72468
8843,Клетка,2000,107,33000000,104155843,1.983,6.276,1632,en,56512
10643,Годзилла: Миллениум,1999,99,8300000,25000000,2.6114,6.9,289,ja,50651
23618,The Original Kings of Comedy,2000,115,13000000,38251106,1.1869,6.4,64,en,5281
117262,Sunset Strip,2000,90,,,0.4291,4.8,25,en,1065346
30946,It's the Rage,1999,99,,,1.0342,5.348,23,en,52159
37136,Голый пистолет,1988,85,12000000,152356177,6.6534,7.269,4226,en,12987
37137,Голый пистолет 2½: Запах страха,1991,85,23000000,192030411,4.8456,6.8,2561,en,12987
23283,Our Town,1940,90,,,2.2705,5.742,34,en,10790
3110,Шейн,1953,118,3100000,20000000,2.6194,7.4,656,en,18738
14698,"Внезапно, прошлым летом",1959,115,3000000,9000000,1.7943,7.283,300,en,10601
11694,Кошка Балу,1965,97,,20666667,3.2478,6.401,269,en,70262
47434,Кушетка в Нью-Йорке,1996,108,,,1.5955,5.9,43,fr,130030
39891,Выход дьявола,1968,96,,,1.4033,6.527,202,en,29662
76891,Jerry and Tom,1998,107,,,1.1074,6.208,36,en,3712
9651,Супергёрл,1984,89,35000000,14296438,3.0325,5.302,633,en,16187
26865,Икс: Неизвестное,1956,81,,,1.4757,6.1,71,en,82334
11398,Искусство войны,2000,117,40000000,30199105,1.4413,5.716,530,en,25735
161687,The Ballad of Ramblin' Jack,2000,112,,,0.1538,7.2,4,en,1179593
26244,Phish: Bittersweet Motel,2000,84,,,0.1478,6.8,5,en,57130
1588,Добейся успеха,2000,98,28000000,90449929,2.7743,6.267,1797,en,59026
287821,Catfish in Black Bean Sauce,1999,119,,,1.264,5.0,10,en,554095
19150,Команда,2000,88,,,1.9497,5.242,43,en,84165
25128,Любовь и секс,2000,82,,580372,0.9587,6.106,132,en,84211
18153,Укради этот фильм,2000,107,,,0.275,5.5,33,en,51521
30910,Went to Coney Island on a Mission from God... Be Back by Five,1998,94,,,7.1568,4.375,8,en,76462
41282,Детям до шестнадцати,2000,100,,,1.1765,5.957,70,en,57691
12211,Горец 4: Конец игры,2000,101,25000000,15843608,2.9053,4.822,441,en,71901
137236,Backstage,2000,86,,,1.2752,5.15,10,en,158050
9995,Сделай погромче,2000,86,,,0.3375,4.8,26,en,31120
1698,Анатомия,2000,103,,,3.1763,6.1,305,de,15115
10480,Сестричка Бетти,2000,108,24000000,29364989,0.9208,6.061,419,en,58689
80713,Одинокие,1999,101,,277035,3.7359,7.0,48,es,141967
10685,Наблюдатель,2000,96,33000000,,1.1853,5.114,524,en,66604
1619,Путь оружия,2000,119,8500000,19125401,1.8322,6.315,476,en,9033
786,Почти знаменит,2000,124,60000000,47386287,4.0827,7.499,2984,en,11649
14805,На живца,2000,119,35000000,15500000,2.1457,5.7,207,en,20907
51179,Чужая игра,2000,95,,14693,1.9192,4.861,36,en,1237175
46119,Преступление и наказание по-американски,2000,100,,26394,1.2111,5.676,54,en,60243
18074,Дуэты,2000,112,,,2.3617,5.6,150,en,173607
170767,Goya en Burdeos,1999,100,,,1.2624,6.0,33,es,96369
77332,Урбания,2000,103,,,2.5269,5.459,37,en,193390
27665,Uninvited Guest,1999,116,,170832,2.9573,5.1,17,en,95646
29015,The Specials,2000,82,1000000,13276,1.6187,5.119,42,en,35796
10562,Под подозрением,2000,110,25000000,1308242,3.1874,6.106,501,en,2042
201724,Принц центрального парка,2000,109,,,0.8828,4.5,13,en,188269
12212,Городские легенды 2: Последний отрезок,2000,97,14000000,38574362,2.0396,4.899,504,en,9039
14629,Женщина сверху,2000,92,8000000,10194274,0.9102,6.1,241,en,144277
16,Танцующая в темноте,2000,140,12500000,40061153,2.6766,7.858,1914,en,42
13785,Победители шоу,2000,90,,,1.4464,6.86,620,en,13524
34299,Beautiful,2000,112,14000000,3200000,1.4984,5.767,45,en,35
15752,Barenaked in America,1999,,,,0.1121,2.0,4,en,19143
22597,Клуб разбитых сердец: Романтическая комедия,2000,96,1000000,1744858,1.5691,6.247,91,en,88967
19348,Женский бой,2000,110,1000000,1700000,2.3934,6.5,188,en,54025
10637,Вспоминая Титанов,2000,113,30000000,136700000,3.325,7.645,2823,en,52358
9003,Восставший из ада,1987,93,1000000,14575193,2.8404,6.88,2759,en,31211
9064,Восставший из ада 2,1988,99,3000000,12090735,1.4385,6.4,1199,en,52194
11569,Восставший из ада 3: Ад на Земле,1992,93,5000000,12534961,2.2075,5.671,809,en,48965
10434,Небо над Берлином - 2,1993,140,,810455,1.0006,6.9,174,de,2303
26484,Пляжные тусовщики,1963,101,300000,2300000,2.7306,6.0,37,en,95526
39113,Пляж бикини,1964,99,,,2.1395,5.5,27,en,95526
38126,Возвращение мухи,1959,80,,,2.4213,6.082,263,en,34402
53617,Pajama Party,1964,87,,,2.0431,4.739,23,en,148601
469,"Более странно, чем в раю",1984,89,100000,2436000,1.4272,7.1,577,en,4429
2160,Путешествие на дно моря,1961,105,1580000,7000000,1.2944,5.647,133,en,7506
2161,Фантастическое путешествие,1966,100,5115000,12000000,0.9667,6.7,468,en,2087
3073,Эбботт и Костелло встречают Франкенштейна,1948,83,800000,4812444,1.0714,7.115,338,en,30099
911,Банковский сыщик,1940,72,,,0.7283,6.5,125,en,13953
10973,Тварь из Чёрной лагуны,1954,79,,1300000,1.3169,6.8,832,en,33883
34077,The Giant Gila Monster,1959,74,,,0.4262,4.2,56,en,114562
10787,Человек-невидимка,1933,71,328000,27105,1.8788,7.5,907,en,2917
43109,Землеройки-убийцы,1959,69,123000,1000000,1.1954,4.417,90,en,114562
43230,Kronos,1957,78,,,2.054,5.6,43,en,70565
15855,Призрак оперы,1943,89,1500000,,1.335,6.2,204,en,78845
9507,Охота на роботов,1984,99,8000000,6770587,1.0222,5.5,271,en,4782
27475,Кровавая вечеринка,1982,77,220000,3600000,0.7375,5.6,381,en,21371
27764,Кровавая вечеринка 2,1987,85,,,1.684,5.134,186,en,112921
27767,Кровавая вечеринка 3,1990,87,350000,1242995,1.1094,4.9,107,en,98939
40760,Резня в женской общаге,1986,74,,,0.3538,4.7,118,en,1062093
40446,Резня в женской общаге 2,1990,80,,,1.5136,5.326,69,en,98132
24664,Замороченные,2000,136,10000000,2463650,2.4754,6.221,147,en,5281
21370,Bootmen,2000,89,,,2.3961,6.3,46,en,87465
20455,Digimon: The Movie,2000,89,5500000,16600000,1.1132,6.5,287,en,81718
10461,Убрать Картера,2000,102,63600000,19412993,2.8016,5.2,616,en,56435
1485,Убрать Картера,1971,112,1814462,,4.1468,7.0,536,en,17281
1597,Знакомство с родителями,2000,108,55000000,330444045,2.5685,6.689,6196,en,6737
641,Реквием по мечте,2000,102,4500000,7390108,3.1054,8.013,10612,en,6431
10687,Страна тигров,2000,101,10000000,148701,2.6079,6.604,589,en,5572
63956,Two Family House,2000,104,,,0.6458,6.132,19,en,99496
6521,Претендент,2000,126,20000000,22428990,0.6574,6.7,255,en,21526
10763,Доктор «Т» и его женщины,2000,122,23000000,22844291,1.4968,4.9,341,en,9789
100975,Just Looking,1999,97,3000000,,1.7486,5.7,26,en,1206
16888,Дамский угодник,2000,84,24000000,13700000,1.289,5.338,145,en,68215
10383,Заблудшие души,2000,97,50000000,31355910,1.5002,4.977,196,en,492
21142,Билли Джек,1971,114,800000,,0.7028,5.9,76,en,129482
78140,Billy Jack Goes to Washington,1977,155,,,0.7663,6.3,11,en,129482
2134,Машина времени,1960,103,750000,5902,1.5347,7.4,875,en,21869
18801,Дом призраков,1995,108,,,3.1978,6.088,164,en,10076
18498,Гоблины,1985,81,5500000,35000000,0.5157,4.9,284,en,29383
28605,Гоблины 2,1987,90,,,2.6715,5.5,156,en,19708
42797,Непотопляемая Молли Браун,1964,128,,11070559,0.9845,5.5,44,en,69392
13465,Приключения Икабода и мистера Тоада,1949,68,,3250000,2.3861,6.517,661,en,5690
27033,Странная любовь Марты Айверс,1946,115,,3250000,1.4222,7.059,178,en,2000
20367,Объезд,1945,66,30000,,0.7661,7.216,387,en,5030
71,Билли Эллиот,2000,111,5000000,109280263,4.4926,7.6,3980,en,468
1636,Ослеплённый желаниями,2000,93,48000000,90383208,3.2077,6.1,2020,en,1524
10647,Заплати другому,2000,123,40000000,55707411,3.2201,7.355,1924,en,51984
19204,Седьмые врата ада,1981,82,400000,123843,1.4591,6.919,641,it,29433
13762,Частные сыщики,1980,91,,,1.0767,6.1,45,en,108129
12207,Пьяный мастер 2,1994,102,10000000,34300528,3.7874,7.432,1031,cn,26775
11531,Ведьма из Блэр 2: Книга теней,2000,90,15000000,47737094,2.2272,4.315,882,en,69237
24100,Вампиреныш,2000,95,35000000,27965865,1.8005,6.9,450,en,15868
10783,Счастливые номера,2000,105,65000000,,1.7136,5.1,192,en,9248
47302,Stardom,2000,100,,,2.1789,5.233,30,en,38516
4327,Ангелы Чарли,2000,98,92000000,264105545,5.8335,5.9,4366,en,36425
4958,Легенда Багера Ванса,2000,126,80000000,39459427,1.987,6.588,960,en,4135
9678,"Никки, дьявол - младший",2000,90,85000000,58292295,4.7545,5.856,1911,en,32593
11978,Военный ныряльщик,2000,129,32000000,82300000,3.2376,7.488,2413,en,66121
8870,Красная планета,2000,106,80000000,33463969,3.2597,5.7,1103,en,56154
77434,Что готовим,2000,110,,,0.9983,5.536,28,en,6220
14295,Можешь рассчитывать на меня,2000,111,,11200000,1.4935,6.8,332,en,30711
681,007: Бриллианты навсегда,1971,120,7200000,116019547,4.0319,6.405,2261,en,9915
11372,Орел приземлился,1976,135,6000000,,3.9584,6.614,365,en,14520
8452,Шестой день,2000,123,82000000,96085477,3.1262,5.997,2166,en,1724
10862,Чужой билет,2000,107,35000000,36779296,2.3586,5.8,399,en,57579
8871,Гринч - Похититель Рождества,2000,104,123000000,345800000,42.3553,6.778,7964,en,6159
34045,Однажды в сентябре,1999,94,,,1.1513,7.3,77,en,17350
16340,Карапузы в Париже,2000,79,30000000,103291131,2.0115,6.7,474,en,80540
10481,102 далматинца,2000,100,85000000,183611771,3.8064,5.5,1430,en,15775
10867,Малена,2000,100,,14493284,8.1178,7.4,2405,it,65314
10876,Перо маркиза де Сада,2000,124,13500000,17989227,3.346,7.137,694,en,648
9741,Неуязвимый,2000,106,75000000,248118121,3.6652,7.143,9677,en,11614
79920,Boys Life 3,2000,79,,208887,1.1858,4.722,18,en,21064
146,"Крадущийся тигр, затаившийся дракон",2000,120,17000000,213978518,4.21,7.434,3432,zh,1614
11849,Подземелье драконов,2000,107,35000000,15185241,2.9498,4.4,666,en,61921
11983,Доказательство жизни,2000,135,65000000,62761005,1.8169,6.133,830,en,18596
11678,Вертикальный предел,2000,124,75000000,215663859,2.7223,5.997,1089,en,10702
2669,Баунти,1984,132,25000000,8613462,2.3852,6.713,609,en,21370
20721,Кодекс молчания,1985,101,7000000,20345361,1.6149,5.863,226,en,12989
2609,"Самолётом, поездом, машиной",1987,93,15000000,49500000,3.6719,7.252,2092,en,11505
12714,У неё будет ребёнок,1988,106,20000000,16000000,1.2447,5.9,213,en,11505
92603,Секреты сердца,1997,105,1727000,,0.7559,6.3,41,es,583118
708,007: Искры из глаз,1987,130,40000000,191185897,2.902,6.54,1925,en,10179
1857,Трансформеры,1986,84,6000000,5860601,4.1095,7.136,568,en,19542
10673,Уолл-стрит,1987,126,15000000,43900000,5.0976,7.164,2173,en,1152
2604,Рождённый четвёртого июля,1989,145,14000000,161001698,1.7911,7.006,1820,en,1152
10132,Ток-радио,1988,109,4000000,3468572,2.1072,7.0,238,en,1152
11064,Миллионы Брюстера,1985,97,20000000,45833132,2.165,6.6,635,en,1723
107,Большой куш,2000,103,100000000,83557872,7.3323,7.816,9610,en,956
40820,Изюминка,1988,123,15000000,21032267,1.6372,5.469,145,en,11834
37716,33 несчастья,2000,85,,,2.6843,4.2,11,en,61797
392,Шоколад,2000,121,25000000,152500000,2.7626,6.97,3414,en,5306
8859,"Где моя тачка, чувак?",2000,83,13000000,73180723,3.2272,5.542,1992,en,56591
11688,Похождения императора,2000,78,100000000,169327687,10.3159,7.6,7088,en,61411
12509,Поллок,2000,122,6000000,10994533,0.6852,6.661,335,en,228
3981,Чего хотят женщины,2000,127,70000000,374100000,5.2391,6.445,4188,en,17698
711,Найти Форрестера,2000,136,43000000,80100000,2.6837,7.118,1159,en,5216
2046,Дар,2000,112,10000000,12008642,3.6297,6.466,1317,en,7623
5001,Пока не наступит ночь,2000,134,,8524534,1.2535,6.604,289,en,7482
8358,Изгой,2000,143,90000000,429632142,7.9804,7.661,11928,en,24
5994,Семьянин,2000,125,60000000,124700000,5.7872,6.809,2094,en,11091
25520,Обитель радости,2000,135,10000000,5164404,1.2429,6.1,82,en,93911
1493,Мисс Конгениальность,2000,110,45000000,212000000,4.8662,6.539,4104,en,18281
25660,Спрятаться негде,1999,100,,,1.4958,6.7,54,ko,94053
134,"О, где же ты, брат?",2000,106,26000000,71877090,3.9366,7.318,4414,en,1223
62677,Songcatcher,2001,109,,,1.5186,6.054,37,en,94831
21991,Жизнь за кадром,2000,106,,9206279,1.038,6.251,281,en,1255
10577,Дракула 2000,2000,98,28000000,47053625,3.5536,5.241,723,en,27226
21355,Неукротимые сердца,2000,117,57000000,18133495,1.6191,5.7,235,en,879
29122,Вечный мир,2000,103,,,0.5031,5.9,8,en,8246
11973,Тринадцать дней,2000,140,80000000,34566746,1.9932,6.997,796,en,21370
1900,Траффик,2000,147,48000000,207500000,3.1111,7.082,2294,en,1884
44853,Золотая пыль,2000,120,20000000,669258,2.6154,5.953,107,en,172
10873,Тень вампира,2000,95,8000000,8279017,1.6086,6.656,647,en,17279
26719,Игорный дом,1987,101,,2585639,0.8059,6.8,330,en,1255
31583,Убей меня снова,1989,94,4000000,,1.5265,6.1,127,en,21053
15739,Энни,1982,127,35000000,57063861,3.5076,6.5,746,en,6593
15413,"Не говори маме, что няня умерла",1991,105,10000000,25196249,10.4101,6.15,463,en,18356
2623,Офицер и джентльмен,1982,124,7500000,129795554,3.8792,7.006,1156,en,18596
11209,Аламо,1960,162,12000000,7900000,1.3971,7.069,379,en,4165
13715,В упор,1986,111,6500000,2347000,1.6331,6.814,293,en,15890
19108,Правонарушитель,1977,86,250000,12000000,3.0801,4.8,84,en,84102
8043,Перевал Брейкхарт,1975,95,6000000,2130000,2.8828,6.6,215,en,18592
43258,Дружеское увещевание,1956,137,3000000,8000000,1.2031,6.688,136,en,10001
10655,Геттисбург,1993,254,25000000,12700000,3.2733,6.9,314,en,66088
75490,Imaginary Crimes,1994,105,,89611,1.2128,6.25,16,en,173686
42261,Ранчо Делюкс,1975,93,,,1.7749,5.283,31,en,113799
34794,Эксперимент в Сент-Фрэнсисвилле,2000,79,250000,,0.716,3.9,31,en,45989
9989,Опасная правда,2001,108,30000000,18200000,2.8875,6.049,550,en,1230252
18828,Двойные неприятности,2001,88,24000000,31600000,1.235,5.55,109,en,21792
9816,За мной последний танец,2001,112,13000000,131706809,2.1687,6.5,1325,en,52038
20637,Паника,2000,88,1000000,779137,1.1677,6.204,120,en,86382
5955,Обещание,2001,117,35000000,29419291,3.971,6.571,1168,en,2228
125498,Детский мир,2001,93,,,0.6257,5.2,6,en,941088
77825,徵婚啓事,1998,104,,,1.0814,6.333,15,zh,53218
220976,The Amati Girls,2001,91,,,0.7961,2.5,2,en,49422
66599,Поле любви,1992,104,,,1.3037,6.0,77,en,42171
17474,Человек на Луне,1991,99,1237669,2853801,2.7414,7.3,338,en,8482
11191,Мистическая пицца,1988,104,6000000,12793213,1.7534,6.3,564,en,18281
2613,Прелюдия к поцелую,1992,105,,22697691,1.5728,5.6,124,en,26487
22021,Крепкий кофеек,1973,90,500000,4000000,2.423,6.6,280,en,31310
22048,Фокси Браун,1974,94,500000,,2.2805,6.232,248,en,31310
17006,"Я достану тебя, ублюдок",1988,88,3000000,13000000,1.2734,6.4,201,en,35689
26333,Дикое сердце,1993,102,,18899204,3.815,6.9,257,en,57138
16723,Сахар и перец,2001,81,11000000,13276953,2.5632,6.4,279,en,84782
2018,Свадебный переполох,2001,103,35000000,94700000,2.0421,5.927,1766,en,20739
31768,Amy,1998,104,,,2.5523,5.9,16,en,15672
287991,Dog Run,2001,100,200000,,0.0621,0.0,0,en,230190
47595,Неверная,2000,154,,,3.3314,6.6,50,sv,11916
18856,The Invisible Circus,2001,93,,,1.1487,5.2,43,en,16328
10499,Легенды Риты,2000,102,,671565,1.1141,5.8,31,de,10249
37949,Королевство обезьян,1999,80,,,0.8699,6.4,47,fr,119234
83500,Two Ninas,2000,88,,14517,2.85,4.286,7,en,83718
47943,"Гарри — друг, который желает Вам добра",2000,117,,3818452,1.5975,6.787,279,fr,18175
74340,Удивительная Грейс и Чак,1987,114,,4000000,1.0848,5.559,18,en,10723
5709,Амазонки на Луне,1987,84,5000000,548696,1.4876,5.9,179,en,4600
11215,Бум вокруг младенца,1987,110,15000000,26712476,1.7013,6.37,389,en,56106
26477,Обратно на пляж,1987,92,,,0.3581,5.85,46,en,95489
10937,Пьянь,1987,100,3000000,3221568,2.1089,6.856,368,en,23393
4639,Бестселлер,1987,95,,4278150,0.5865,5.9,135,en,38689
96,Полицейский из Беверли-Хиллз 2,1987,102,28000000,299965036,3.0452,6.52,2704,en,893
90,Полицейский из Беверли-Хиллз,1984,105,14000000,316360478,4.4043,7.197,4419,en,769
11028,Большой кайф,1986,102,8500000,17685307,1.4246,6.2,205,en,15206
57240,Big Shots,1987,91,10000000,3390043,1.733,6.321,14,en,43786
67307,Чикаго блюз,1987,109,,1733017,1.1688,5.6,55,en,137932
19324,Born in East L.A.,1987,85,,17355263,1.7154,5.817,109,en,11159
19933,Отважный маленький тостер,1987,90,2300000,2300000,1.7443,6.9,461,en,108217
12919,Любовь нельзя купить,1987,94,1800000,31623833,2.1346,6.9,694,en,54590
15785,Черри 2000,1987,99,10000000,14000,2.8707,5.977,262,en,84906
31701,Полицейский,1988,110,7000000,1984315,2.0747,6.2,133,en,3349
31563,Критическое состояние,1987,100,14000000,,2.386,5.5,77,en,10781
12506,Клич свободы,1987,157,29000000,25900000,3.0987,7.0,224,en,4786
74747,Проклятие,1987,92,,,2.6827,5.035,129,en,18181
70199,Смерть зимой,1987,100,,2413427,1.2996,6.0,114,en,6448
39507,Умершие,1987,83,3500000,4370078,0.7024,6.8,179,en,6593
62185,Смерть превыше бесчестья,1987,91,,,1.2127,4.6,17,en,19567
24826,Безалаберные,1987,86,,10348437,2.3824,4.907,43,en,77300
30994,Dogs in Space,1986,103,,,1.1325,5.7,17,en,75286
17159,Эдди Мерфи без купюр,1987,93,,50504655,2.0467,7.3,349,en,68750
10110,Империя Солнца,1987,152,35000000,66700000,2.0331,7.5,2042,en,488
18935,Эрнест едет в лагерь,1987,92,3000000,23509382,1.4187,5.3,176,en,83961
764,Зловещие мертвецы,1981,90,350000,29612367,4.7577,7.3,4295,en,7623
20287,Все меры предосторожности,1987,105,,,1.7215,6.2,182,en,1723
26964,Family Viewing,1987,86,,,1.5482,5.4,33,en,56205
71881,Пять углов,1987,90,5500000,969205,2.3593,5.77,61,en,57138
15658,Цветы на чердаке,1987,93,,15151736,1.5099,6.3,210,en,178486
4918,Четвертый протокол,1987,119,6000000,12423831,2.7848,6.304,191,en,40007
28368,Сады камней,1987,111,,5262047,1.154,6.2,119,en,1776
58084,Giulia e Giulia,1988,98,,,1.2519,4.9,21,it,102322
52780,Стеклянный зверинец,1987,134,3300000,895904,0.9535,6.2,30,en,3636
48149,"С добрым утром, Вавилон",1987,117,,183700,0.9515,6.1,36,it,24279
26156,Игра в прятки,1987,98,,,2.3838,5.7,44,en,89467
34101,Hollywood Shuffle,1987,81,,,1.9692,6.5,95,en,68750
32054,Надежда и слава,1987,113,,,1.2299,6.9,210,en,19665
14464,Преследование по пятам,1987,93,4000000,4215859,1.7023,5.7,93,en,12859
65501,Housekeeping,1987,116,,1083282,1.9305,6.5,50,en,68687
32227,Ханк,1987,102,,1749956,1.1441,5.645,31,en,109044
2614,Внутреннее пространство,1987,120,27000000,25900000,2.545,6.8,1333,en,4600
40962,Чертополох,1987,143,27000000,7300000,0.9504,6.308,138,en,40542
12704,Иштар,1987,107,51000000,14375181,0.7163,4.55,160,en,58251
580,Челюсти 4: Месть,1987,89,23000000,51881012,3.3024,4.1,1129,en,15663
24828,Leonard Part 6,1987,85,24000000,4600000,0.7632,2.8,69,en,66548
13703,Меньше нуля,1987,98,8000000,12396383,1.8767,6.4,297,en,78523
36914,"Каков отец, таков и сын",1987,96,10500000,34377585,1.5459,5.7,143,en,64877
1547,Пропащие ребята,1987,97,8500000,32222567,2.2941,7.1,2200,en,5572
42010,Сделано в раю,1987,103,13000000,4573000,1.4098,6.6,79,en,72427
2608,Горничная по вызову,1987,93,,9868521,0.7842,5.375,61,en,21371
32058,Как создать идеал,1987,98,,,1.3308,5.0,38,en,53861
10019,Манекен,1987,89,6000000,42700000,3.4695,6.9,794,en,62043
11649,Повелители вселенной,1987,106,22000000,17336370,4.8686,5.727,957,en,70737
84499,Million Dollar Mystery,1987,95,,,2.7055,4.7,13,en,2087
13509,Взвод чудовищ,1987,82,12000000,3769990,2.0188,6.722,614,en,44056
63639,Месяц в деревне,1987,96,,,1.1753,6.3,31,en,19969
30175,Домашняя война,1987,96,,2136381,0.9015,4.841,22,en,564872
51521,My Demon Lover,1987,90,,,1.0669,5.2,51,en,51785
34379,Ничья земля,1987,106,8000000,2877571,1.8204,5.9,106,en,30477
22915,Северный берег,1987,96,,3832228,1.6591,5.8,50,en,560320
24940,Вверх тормашками,2001,87,14000000,13127022,1.6303,5.608,249,en,54050
37302,Left Behind,2000,100,17400000,4224065,1.4228,4.2,129,en,87121
10984,День Святого Валентина,2001,96,10000000,16300000,1.1286,5.547,578,en,59958
843,Любовное настроение,2000,98,3000000,15867968,7.3052,8.093,3087,cn,12453
121091,Лихорадка,1999,110,,,2.6745,4.375,12,en,18355
318,Отель «Миллион долларов»,2000,122,8000000,105983,1.3789,5.9,362,en,2303
12806,Крампак,2000,91,,,2.8679,5.882,72,es,73693
9740,Ганнибал,2001,131,87000000,351692268,1.3601,6.768,5004,en,578
10878,Стерва,2001,90,22000000,19351569,2.3481,5.7,577,en,17494
47588,Signs & Wonders,2001,105,,,2.6353,3.667,12,en,146949
10697,На чужой вкус,2000,112,,,1.9638,6.819,353,fr,28279
7093,Ватель,2000,113,,,2.2714,6.091,175,en,8965
16300,Обратно на Землю,2001,87,30000000,71186502,1.2825,5.5,415,en,3288
19405,Каникулы: Прочь из школы,2001,82,10000000,44460850,1.8175,6.6,359,en,141706
1921,Сладкий ноябрь,2001,119,40000000,65754228,3.2808,6.9,1387,en,19969
44412,Свой парень,2000,86,16000000,146193,1.6616,5.0,36,en,130750
21620,Цена молока,2000,87,,,0.7347,5.485,26,en,122441
23685,Обезьянья кость,2001,93,75000000,5409517,2.5427,5.156,352,en,57646
12138,3000 миль до Грейслэнда,2001,125,62000000,18720175,2.5224,5.85,675,en,71418
48217,Вдова с острова Сен-Пьер,2000,112,,,1.1221,6.5,59,fr,37626
6073,Мексиканец,2001,123,57000000,147845033,2.8988,5.923,1535,en,1704
39180,Агент по кличке Спот,2001,94,,,1.3164,6.006,234,en,61175
35569,Carman: The Champion,2001,90,,,0.8967,4.1,6,en,48548
25208,Клошар,2001,105,13500000,794481,1.4029,5.8,143,en,51864
82103,"Я, ты, они",2000,106,1900000,560943,1.1344,6.9,43,pt,237884
19513,Series 7: The Contenders,2001,86,,,0.7927,6.254,71,en,88743
2749,15 минут славы,2001,120,60000000,56359980,2.1123,5.898,773,en,27846
10050,Вирус любви,2001,87,22000000,19900366,1.4801,5.6,300,en,62514
17203,Английский цирюльник,2001,94,,637769,0.6902,5.9,139,en,73282
168485,Hit and Runway,1999,108,,,0.6402,4.222,9,en,1150384
95682,Долгий путь из ночи в день,2000,94,,50248,1.1696,6.2,5,en,1006172
54968,Симон волхв,1999,101,,,2.0622,7.3,11,en,72156
49929,When Brendan Met Trudy,2000,95,,,0.8958,4.042,12,en,227412
2302,Авалон,1990,126,,,2.3744,6.667,87,en,8246
32686,Gray's Anatomy,1996,80,350000,29090,1.2967,6.4,39,en,1884
13889,Еще нет,1993,134,8000000,1900000,1.97,7.319,127,ja,5026
6028,Зеркало треснуло,1980,105,,11000000,1.7832,6.1,227,en,9915
51802,О мышах и людях,1939,106,,,1.1006,7.3,96,en,2000
42148,Пишоте: Закон самого слабого,1980,127,,,0.9537,7.9,227,pt,40542
29492,Девушки из исправительной колонии,1986,94,,2510433,1.1407,5.6,64,en,100616
25447,Катушка,1988,93,3000000,343786,1.5944,5.3,58,en,93806
28410,Стенка на стенку,1985,112,,,1.4239,5.9,118,en,66987
38545,Невероятная правда,1990,90,75000,546541,1.1778,6.8,121,en,91343
19490,Жена епископа,1947,109,,,2.9845,7.068,258,en,33064
31151,Elvis: That's the Way It Is,1970,95,,,1.1815,7.9,83,en,96909
1888,Азарт удачи,1966,125,,,1.1351,7.152,330,en,3146
38805,Полевые лилии,1963,94,247000,7000000,1.4123,7.3,210,en,16888
16618,Ганс Христиан Андерсен,1952,112,,,1.183,6.2,71,en,32134
2428,Величайшая из когда-либо рассказанных историй,1965,199,20000000,15500000,2.2864,6.4,207,en,18738
22013,Элмер Гантри,1960,146,3000000,10400000,2.4652,7.3,189,en,3632
15598,Элфи,1966,114,,,1.3071,6.5,221,en,10076
43332,Деметрий и гладиаторы,1954,101,1990000,26000000,1.3096,6.4,81,en,76981
62127,Фантазёры,2000,86,10000000,49666,2.4878,5.444,27,en,12964
56137,"Я знаю, куда я иду!",1945,91,235000,,1.4612,7.0,158,en,37846
17965,Ужасный доктор Файбс,1971,94,,1827000,1.1835,6.9,322,en,20937
29067,"Умри, монстр, умри!",1965,80,,,1.0074,5.6,65,en,28236
33250,Реальная жизнь,1979,99,,364642,0.5362,6.511,87,en,13
14460,Битва за пределами звёзд,1980,104,2000000,11000000,1.0413,5.335,215,en,67268
17466,Ордер на смерть,1990,89,4000000,16853487,1.6733,6.2,599,en,45645
9594,Двойной удар,1991,110,15000000,30102717,4.9931,6.2,1154,en,16590
35976,Конец,1978,100,3000000,45000000,1.7411,5.5,65,en,16475
4986,Недотепы,1972,93,,,2.2926,5.4,45,en,40391
2453,Харлей Дэвидсон и ковбой Мальборо,1991,98,23000000,7434726,2.0969,6.31,465,en,18254
33676,Теряя это,1983,100,7000000,1246141,2.1657,4.947,120,en,323
4587,Русалки,1990,110,31000000,35419397,3.1218,6.724,545,en,24318
31004,Могучий Куинн,1989,98,,13239000,1.4512,6.0,129,en,47924
125099,Unmade Beds,1997,95,,,0.0675,5.3,7,en,1080890
27859,Порнушка,2000,115,,,0.4534,5.4,64,en,2880
11454,Охотник на людей,1986,124,150000000,8620929,0.1056,7.017,1460,en,638
38718,Изнанка судьбы,1990,111,,15445131,1.777,6.626,341,en,23393
4192,Смерть на Ниле,1978,140,7920000,14560084,3.6192,7.1,864,en,6778
11607,Глубоководная Звезда Шесть,1989,93,8000000,8143225,2.709,5.488,333,en,35475
14052,Месть придурков,1984,90,,,1.7515,6.5,771,en,67897
16889,Месть полудурков 2: Полудурки в раю,1987,98,,22642033,1.7353,5.572,286,en,18311
39934,Давний друг,1989,96,,4609953,2.7197,6.732,73,en,26487
26580,4 Little Girls,1997,102,,,0.6811,7.2,47,en,5281
21309,На берегу реки,1986,100,1900000,4600000,0.9985,6.5,302,en,15858
16263,Девочки хотят повеселиться,1985,87,,,1.2244,6.1,187,en,69801
4985,Самый длинный ярд,1974,121,2900000,43008075,2.7796,6.7,308,en,18392
20704,Необходимая жестокость,1991,108,,,1.0188,5.492,130,en,67411
23730,К.Г.П.О.,1984,99,1250000,3412497,3.2068,5.7,297,en,90525
853,Враг у ворот,2001,131,68000000,96976270,4.2839,7.4,3889,en,2352
10877,Сквозные ранения,2001,101,33000000,79958599,3.3686,5.8,528,en,10765
5257,Тарелка,2000,100,,,3.7293,6.696,212,en,42378
77,Мементо,2000,113,9000000,40047236,6.6895,8.177,15707,en,525
20322,Братья,2001,102,6000000,27900000,3.0166,6.451,51,en,95458
10833,Сердцеедки,2001,123,35000000,57800000,2.115,6.1,955,en,58178
20309,"Скажи, что это не так",2001,95,25000000,12320393,1.3498,4.7,177,en,7409
125093,Too Much Sleep,2001,88,,,0.6938,5.5,2,en,1080888
12658,Флирт со зверем,2001,97,23000000,38689940,2.0757,5.933,400,en,3417
10054,Дети шпионов,2001,88,35000000,147934180,3.1942,5.818,3604,en,2294
10646,Мартовские коты,2001,95,11000000,23400000,2.0738,5.123,269,en,50942
2575,Портной из Панамы,2001,109,21000000,28000000,0.9352,6.02,520,en,19665
55,Сука-любовь,2000,154,2000000,20908467,4.1093,7.629,2797,es,223
65075,Keep the River on Your Right: A Modern Cannibal Tale,2000,93,,,0.0963,6.053,19,en,240363
44379,Собиратели и собирательница,2000,82,,,0.7315,7.639,209,fr,6817
2043,И пришёл паук,2001,104,60000000,105200000,2.7737,6.339,1971,en,7256
4133,Кокаин,2001,123,53000000,83300000,4.2769,7.354,4480,en,34849
56715,Пришельцы в Америке,2001,88,35000000,16200000,2.6915,4.734,697,en,64909
10991,Покемон 3,2000,93,16000000,68452128,5.0059,6.5,661,ja,65429
15940,Красивые существа,2000,85,,313768,2.9123,5.558,77,en,78992
26791,Brigham City,2001,119,1000000,852206,1.4487,6.4,23,en,114925
44069,روزی که زن شدم,2000,74,,,0.1947,5.985,33,fa,1020732
68894,西洋镜,2000,116,,,0.6573,5.4,9,zh,2415120
634,Дневник Бриджит Джонс,2001,97,25000000,281929795,5.2719,6.74,5342,en,9158
10956,Приключения Джо Грязнули,2001,91,17700000,30987695,4.3285,5.62,769,en,66960
19366,Джози и кошечки,2001,98,22000000,14866444,1.3664,5.785,353,en,13614
136558,Kingdom Come,2012,88,,,2.0774,6.2,5,en,1105827
28308,Тело,2001,109,,,2.7962,5.5,221,en,166469
9519,Взгляд изнутри,2000,90,,236185,2.1798,6.754,397,en,37618
13898,Круг,2000,90,,,1.3225,6.8,87,fa,120229
196280,Лодка,2000,98,,,1.6666,4.5,12,en,3266
9290,Крокодил Данди в Лос-Анджелесе,2001,95,21150000,39438674,1.7096,5.211,639,en,18254
13166,"Пошел ты, Фредди",2001,87,14000000,14343028,1.7119,4.709,466,en,36423
32590,Центр мира,2001,88,,,1.3981,5.012,81,en,39819
109472,এক যে আছে কন্যা,2001,118,,,0.5247,0.0,0,bn,1046565
153141,The Low Down,2001,96,,32395,1.2124,5.2,11,en,83224
52654,Защита Лужина,2000,109,1864747,,1.1113,6.2,40,en,13496
70282,The Visit,2001,107,,,1.5796,7.6,6,en,1897165
47643,Лилии,1997,96,1600000,,2.4061,8.1,55,en,136292
111,Лицо со шрамом,1983,170,25000000,66023329,12.2346,8.158,12593,en,1150
32488,Дни вина и роз,1963,117,,,0.6752,7.475,201,en,1927
10477,Гонщик,2001,116,94000000,54744738,4.6277,5.1,784,en,16938
12484,Ночь вампиров,2001,90,15000000,8704851,2.4837,5.3,173,en,52371
2144,Ночь в баре Маккула,2001,93,18000000,13500000,1.1603,5.855,362,en,21981
24113,Город и деревня,2001,100,90000000,10372291,2.3053,4.38,79,en,36804
118052,Мистер крыс,2000,89,89,,2.2972,5.942,26,en,18308
1734,Мумия возвращается,2001,130,98000000,443280904,8.8465,6.388,7409,en,7775
38047,Эврика,2001,218,,,1.8922,7.734,96,ja,119493
8076,Тувалу,1999,101,,411383,1.999,6.1,39,de,52542
4973,Под песком,2001,92,,,1.6391,6.623,187,fr,4387
8095,Клеопатра,1963,192,44000000,57779280,4.1616,7.046,819,en,10601
849,Крулл,1983,121,27000000,16916617,2.652,6.1,594,en,12804
27223,Потерянные в Америке,1985,91,4000000,10179000,0.932,6.881,156,en,13
2981,Затерянный мир,1925,103,,,1.4021,6.685,157,en,29250
39266,Триумф воли,1935,114,,,0.9539,6.9,296,de,10139
31863,Верящий в правду,1989,105,,,2.5773,6.213,115,en,52629
11307,Мир по Гарпу,1982,136,17000000,29712172,1.4172,6.7,369,en,9577
46498,Сладкоежка,1968,124,3000000,,2.6147,5.1,74,en,38914
11163,Сатирикон Феллини,1969,129,3000000,,4.2446,6.68,353,it,4415
11035,Рим,1972,128,,,2.1099,7.2,347,it,4415
18691,Фрэнки и Джонни,1966,87,,,1.4385,5.6,48,en,43816
3784,Фрэнки и Джонни,1991,118,29000000,22773535,2.3859,6.759,618,en,1201
78133,Наш собственный дом,1993,104,12000000,1703282,2.0044,6.845,84,en,57138
22829,"Париж, когда там жара",1964,110,,,1.9444,6.267,189,en,18907
35717,Пола Икс,1999,134,,,2.104,5.4,96,fr,27977
11936,Город женщин,1980,148,,,1.7153,6.9,283,it,4415
25221,Для парней,1991,138,40000000,23202444,1.2104,6.2,80,en,21958
19494,С девяти до пяти,1980,110,10000000,103300000,2.0757,6.9,529,en,4967
40842,Норма Рэй,1979,114,4500000,22228000,1.9016,7.2,188,en,18854
19357,Лето напрокат,1985,87,,24689704,2.0698,6.113,222,en,1895
33743,5000 пальцев доктора Т,1953,89,,,1.4564,6.1,62,en,46307
32924,Обратный след,1990,116,,,2.4556,5.3,107,en,2778
9062,История любви,1970,99,2200000,136400000,4.4659,6.8,718,en,133259
11174,Пелле-завоеватель,1987,157,,,3.0255,7.2,154,da,19684
934,Мужские разборки,1955,118,200000,460000,1.6129,7.8,609,fr,14227
9476,История рыцаря,2001,132,65000000,117487473,5.4153,6.867,3256,en,4723
37691,Хлеб и Розы,2000,110,5500000,706876,1.4137,6.286,131,en,15488
115810,Calle 54,2000,105,,,0.1087,7.6,17,en,37526
10613,Король жив,2000,110,,,0.8792,5.591,33,en,65879
19094,Sordid Lives,2000,111,,1079726,2.3566,6.438,48,en,87009
14268,Стартап.ком,2001,107,,,0.4087,6.569,36,en,115892
5852,Глаза ангела,2001,102,53000000,29700000,2.4391,6.057,457,en,46085
808,Шрэк,2001,90,60000000,488628188,16.354,7.754,18159,en,5524
49453,Еда и женщины на скорую руку,2000,95,,,1.4502,6.149,37,en,230071
824,Мулен Руж,2001,123,52500000,179213434,3.2446,7.539,4718,en,6201
37558,Petits Frères,1999,92,,,0.7208,5.1,13,fr,118020
676,Перл Харбор,2001,183,140000000,449220945,8.9021,6.94,6798,en,865
88727,1732 Høtten,1998,100,,,1.1487,6.6,11,no,71614
26813,Гималаи,1999,108,,,1.6999,7.4,88,fr,147024
29572,"Человек, который плакал",2000,100,20170000,1800000,1.3407,6.1,255,en,57206
48109,Our Song,2000,95,,,1.7739,6.9,15,en,205639
291675,Gabriela,2001,93,,,2.3363,3.25,4,en,2230108
50541,Ice Castles,1978,108,,,3.0224,7.3,72,en,110922
26255,Любовный напиток №9,1992,92,,754935,1.3647,6.2,286,en,14089
22414,Открытки с края бездны,1990,101,22000000,39071603,1.591,6.6,280,en,5342
43329,Апач,1954,87,,,2.5091,6.1,135,en,18392
42233,Баффало Билл и индейцы,1976,123,,,0.6801,5.446,102,en,9789
1406,Городские пижоны,1991,114,27000000,179033791,2.0861,6.446,832,en,33485
13554,Восемь выходят из игры,1988,119,6100000,5700000,1.3588,6.9,256,en,102445
17664,Кавалеристы,1959,120,,,1.6429,6.953,267,en,8500
66035,Человек из Кентукки,1955,104,,,2.4152,5.7,53,en,13784
41050,Ночь,1961,123,,,1.0337,7.9,715,it,15189
1632,Миссисипи в огне,1988,128,15000000,34604000,2.5375,7.7,1838,en,9168
966,Великолепная семерка,1960,127,2000000,4905000,6.3185,7.501,1898,en,14520
12639,Возвращение великолепной семерки,1966,95,,6322000,1.8605,6.1,288,en,18579
301,Рио Браво,1959,141,1200000,5750000,4.1219,7.806,1214,en,11435
31527,Кровавая императрица,1934,104,900000,,1.6698,6.8,135,en,2891
4988,Крутой наполовину,1977,108,,,2.2491,5.5,53,en,12964
12623,Подозреваемый,1987,121,,18782400,3.2669,6.6,238,en,12804
11896,Сбрось маму с поезда,1987,88,14000000,57915972,1.3488,6.177,615,en,518
25538,Один и два,2000,173,,1528767,4.645,7.9,620,zh,143035
17971,Midnight Madness,1980,112,,,3.0713,5.7,61,en,44481
6498,Ночной сторож,1994,107,,,3.3561,6.9,303,da,22676
5923,Песчаная галька,1966,196,12000000,20000000,1.6431,7.196,265,en,1744
15497,Вертикальный взлет,1949,132,,3225000,1.2877,7.1,153,en,37362
21876,Экспресс Фон Райена,1965,117,5760000,17111111,1.4325,7.1,228,en,19457
11090,Животное,2001,83,22000000,84772742,3.9313,5.12,1320,en,65734
14034,Что могло быть хуже?,2001,94,60000000,38400000,1.3352,5.473,315,en,54967
21056,Большой рай,2000,119,,512451,2.6388,6.25,48,en,56789
9397,Эволюция,2001,101,80000000,98376292,2.8885,6.102,2378,en,8858
9705,Пароль «Рыба-меч»,2001,99,102000000,147080413,3.5382,6.249,2839,en,58498
26475,Юбилей,2001,115,,4931888,0.8023,5.638,82,en,10697
56934,Невеста ветра,2001,99,,419414,0.7586,3.75,8,en,5696
29937,По одиночке мы погибнем,2000,120,,,0.4703,7.148,54,cs,135678
49922,Whatever Happened to Harold Smith?,2000,95,,,0.6246,6.1,21,en,18357
10364,Уловка 22,1970,121,18000000,24911670,2.4873,6.7,332,en,5342
32458,Забытые киноленты,1997,53,650000,,3.345,7.2,117,en,109253
1089,На гребне волны,1991,117,24000000,83531958,5.4963,7.16,3813,en,14392
38043,Отрыв,1989,98,,,3.7997,6.119,59,en,119476
9967,Необычайная отвага,1983,105,11000000,30503151,1.0819,6.2,205,en,16544
17494,Незаконное вторжение,1992,117,23000000,57138719,1.1315,6.2,331,en,42171
17465,Молодая кровь,1986,110,,,3.5784,6.1,233,en,67632
759,Джентльмены предпочитают блондинок,1953,91,2300000,5300000,2.0859,7.335,1026,en,11435
10297,Как выйти замуж за миллионера,1953,95,,,3.9406,6.8,538,en,19606
29393,Macabre,1958,72,90000,5000000,2.0779,6.0,44,en,12011
10653,Зуд седьмого года,1955,104,1800000,12000000,2.0958,7.054,941,en,3146
21468,"Нет такого бизнеса, как шоу-бизнес",1954,117,4300000,7100000,1.4274,6.059,101,en,80570
9576,Тутси,1982,116,21000000,177200000,2.8423,7.205,1856,en,2226
22323,Соседские мальчишки,1986,91,,,1.7283,6.2,97,en,58448
31935,"Слишком поздно, герой",1970,145,6250000,,0.7391,6.4,72,en,18392
126881,Трио,1998,97,,,2.0917,4.714,7,de,51634
52616,Участь женщины,2001,115,5000000,1000000,1.313,5.375,24,en,146295
10865,Атлантида Затерянный мир,2001,95,120000000,186053725,5.6816,7.031,5002,en,62047
1995,Лара Крофт: Расхитительница гробниц,2001,100,115000000,274703340,5.0767,5.907,6333,en,12786
10808,Доктор Дулиттл 2,2001,87,70000000,176100000,2.06,5.318,1722,en,52112
9799,Форсаж,2001,106,38000000,207283925,0.8911,6.997,10512,en,18878
644,Искусственный разум,2001,146,100000000,235926552,5.7694,7.051,6460,en,488
16161,Малыш,2001,130,16000000,29381649,3.9748,7.11,332,en,6482
10691,Безумная и прекрасная,2001,99,13000000,16929123,3.7847,6.614,370,en,57082
10615,Пути Тэнг,2001,81,7000000,3300000,3.053,5.058,163,en,52849
47596,Snow Days,1999,90,,,0.3529,4.167,6,en,64743
21488,Приключения Феликса,2000,92,,,0.4364,5.635,23,fr,5067
59733,Down from the Mountain,2001,98,,,0.7436,7.6,9,en,932222
271462,Russian Doll,2001,90,,,3.2538,6.2,6,en,67583
11826,Сексуальная тварь,2001,89,5000000,,1.0536,6.991,849,en,66728
24470,К югу от рая к западу от ада,2000,131,4000000,,1.454,4.81,21,en,20309
9301,Принцесса и воин,2000,135,,,1.5869,6.9,136,de,1071
11444,Хамелеон,2001,84,,,1.406,6.409,504,fr,38507
15564,Волки,1999,40,,5471376,1.7685,6.3,8,en,95759
60670,Багровые реки,2000,106,2365000,,2.9504,6.924,1644,fr,2406
55551,Lumumba,2000,115,,,0.2648,6.8,33,fr,40312
40880,Pandaemonium,2001,124,,,1.45,4.857,14,en,22669
10992,Кошки против собак,2001,87,60000000,200687492,2.0824,5.4,1696,en,64191
2140,Поцелуй дракона,2001,98,25000000,64437847,3.5011,6.893,1282,en,21931
4248,Очень страшное кино 2,2001,83,45000000,141220678,6.8801,5.812,4926,en,35689
17612,Вас не догонят,2001,103,,,1.9115,6.795,518,en,135534
3134,Трахни меня,2000,77,,940944,6.6474,4.806,470,fr,1137890
34899,Mùa hè chiều thẳng đứng,2000,112,,,0.9668,6.569,65,vi,107730
8217,Элис,1990,102,,7331839,2.7574,6.3,329,en,1243
22478,Другая женщина,1988,84,10000000,1562749,2.1886,6.8,280,en,1243
26483,Пляжные игры,1965,98,,,1.1948,5.8,32,en,95526
24382,"Злоумышленники, как всегда, остались неизвестны",1958,106,,,1.5799,8.1,750,it,32375
11286,Гонки «Пушечное ядро»,1981,95,18000000,72179579,2.5272,6.2,672,en,67767
11950,Гонки «Пушечное ядро» 2,1984,108,20000000,56278073,2.0013,5.4,335,en,67767
12236,Зона скорости,1989,94,18000000,3077361,2.4851,4.5,87,en,65688
36245,Дневник горничной,1964,97,,17754,0.9901,7.1,217,fr,793
43342,Donovan's Brain,1953,83,,,0.9696,6.1,37,en,103910
15875,Риф Донована,1963,109,2686000,6600000,1.7145,6.265,153,en,8500
26573,Доктор Голдфут и бикини-машины,1965,88,,,1.2415,5.1,55,en,82800
23439,Дом Ашеров,1960,79,270000,1450000,1.6857,6.687,347,en,102429
10728,Фауст,1926,85,,,1.3818,7.9,377,de,9076
5991,Последний человек,1924,77,,,1.7606,7.768,336,de,9076
11697,"Человек, который застрелил Либерти Вэланса",1962,123,3200000,8000000,5.272,7.814,1230,en,8500
6106,Сальвадор,1986,122,4500000,1500000,3.1136,7.034,388,en,1152
22477,Сентябрь,1987,82,10000000,486434,2.2905,6.2,204,en,1243
19200,Тени и туман,1991,82,14000000,2735731,1.4885,6.7,383,en,1243
11300,Дикая штучка,1986,114,7000000,8362969,1.1271,6.6,373,en,16294
16211,Сыновья Кэти Элдер,1965,122,6500000,23000000,2.2458,7.0,298,en,37360
28650,Нечто с двумя головами,1972,91,,,1.39,4.778,45,en,101424
42780,Village of the Giants,1965,81,,,0.797,3.529,35,en,101225
32569,Человек с рентгеновскими глазами,1963,79,250000,,1.2801,6.6,254,en,102429
20075,Укуренные 3,1981,88,,37000000,0.5561,5.9,120,en,63208
28430,"День, когда загорелась Земля",1961,99,,,1.3521,6.8,162,en,39853
28794,Дом на краю кладбища,1981,86,785000,1845819,2.1373,6.3,424,it,29433
20197,Укуренные 4,1982,90,,21134374,4.926,5.575,73,en,85806
43316,"Все, что дозволено небесами",1955,89,,,1.8156,7.331,321,en,46712
34689,Босоногая графиня,1954,128,,,1.9669,6.768,257,en,10601
25690,Амнезия,1997,98,,,2.654,5.775,60,en,39104
10238,Шепоты и крики,1972,91,400000,,2.4717,7.889,748,sv,6648
18929,Комедиант,1960,96,,,1.895,6.2,53,en,32765
4789,Сад Финци-Контини,1970,95,,,1.3299,6.9,272,it,12329
32595,Вой 3,1987,98,2000000,,1.6822,4.511,141,en,114629
18030,Целуй меня насмерть,1955,106,410000,726000,0.7965,7.2,395,en,18392
18988,Лев зимой,1968,134,,,1.3309,7.375,383,en,12009
11536,Неприкаянные,1961,124,4000000,8200000,4.0868,6.94,409,en,6593
10339,Моби Дик,1956,116,4500000,10400000,2.5485,7.1,448,en,6593
39875,Попкорн,1991,90,,4205000,0.5187,5.8,153,en,64222
50031,Рембрандт,1936,85,,,2.3093,6.8,37,en,2490
976,Сладкий запах успеха,1957,96,3400000,2500000,1.4495,7.588,552,en,14566
69605,"Слова, написанные на ветру",1956,99,1300000,4300000,1.8159,6.947,253,en,46712
65632,Десятая жертва,1965,92,,,2.8501,6.601,218,it,95456
29471,Полковник Редль,1985,152,,,1.1949,6.9,50,de,225898
4780,Наваждение,1976,99,1400000,4468000,2.927,6.6,307,en,1150
11906,Суспирия,1977,98,,2900000,2.5172,7.5,3092,it,4955
11713,Кулак ярости,1972,95,100000,100000000,3.9827,7.235,1028,zh,70334
9589,Кристиана Ф.,1981,138,4000000,,2.2985,7.335,1398,de,15868
12481,Большой босс,1971,102,100000,,4.1412,7.07,795,zh,70334
13333,Игра смерти,1978,101,850000,50000000,2.1626,6.4,707,cn,57727
13938,Последний дракон,1985,108,10000000,25754284,1.9541,6.5,271,en,77300
10540,Чужая земля,1981,110,18000000,17374595,2.2904,6.423,658,en,37710
9462,Путь дракона,1972,90,130000,27000000,4.3383,7.363,1221,cn,19429
82623,T-Rex: Back to the Cretaceous,1998,45,,,0.9419,4.1,15,en,57090
2114,Последняя фантазия,2001,106,137000000,85131830,2.5325,6.194,1541,en,21692
8835,Блондинка в законе,2001,96,18000000,141778365,6.3395,6.811,4352,en,36797
11371,Медвежатник,2001,124,68000000,113579918,3.4375,6.694,1773,en,7908
78248,Adanggaman,2000,90,,28,1.0119,6.6,8,fr,1046585
9517,Садист,2001,113,2100000,480811,3.396,6.7,522,en,51917
25985,Jump Tomorrow,2001,97,,,0.2617,6.2,21,en,81256
15745,Всё схвачено!,2001,94,5000000,5476060,4.2168,5.8,201,en,15277
24977,Michael Jordan to the Max,2000,46,,21268532,1.2084,7.389,36,en,52159
36107,Ещё,1998,6,,,0.7869,7.646,167,en,57741
113271,Thrill Ride: The Science of Fun,1997,40,,,0.5554,6.0,2,en,76100
58904,Haunted Castle,2001,38,,13651656,0.7198,5.3,7,en,76100
103489,All Access: Front Row. Backstage. Live!,2001,,,,0.5576,0.0,0,en,82244
13794,Африка. Серенгети.,1994,40,,,0.2612,6.8,20,en,75589
13795,Alaska: Spirit of the Wild,1998,40,,,0.1799,6.9,16,en,75589
103488,Encounter in the Third Dimension,1999,40,,,0.7374,6.8,6,en,76100
73482,Siegfried & Roy: The Magic Box,1999,50,,5231232,0.2058,6.0,1,en,57090
38965,Снова 18!,1988,93,,2567099,2.3131,5.633,94,en,28169
47817,1969,1988,95,,5979011,1.0195,5.6,63,en,70570
31052,Турист поневоле,1988,121,,32632093,1.6703,6.2,241,en,8844
10868,Обвиняемые,1988,111,,,2.786,7.1,651,en,42171
9395,Над законом,1988,99,7500000,18869631,2.7366,6.1,756,en,12989
14506,Приключения барона Мюнхгаузена,1988,126,46630000,8083123,2.2691,7.0,959,en,280
5333,Апартаменты ноль,1989,124,4000000,670774,3.482,6.7,54,en,1495632
4281,Свидание со смертью,1988,108,6000000,960040,1.5894,6.1,155,en,19244
2,Ариэль,1988,73,,,2.3221,7.1,363,fi,16767
26044,Артур 2: На мели,1988,113,,14681192,1.2589,5.4,154,en,69946
59797,Плохие сны,1988,84,4000000,9797098,2.2551,5.6,104,en,41549
14911,Позывной Бэт-21,1988,105,,3966256,3.3393,6.3,200,en,67632
15592,На пляже,1988,123,20000000,57041866,3.8851,6.684,272,en,1201
15267,Зверь,1988,111,,,4.2139,7.003,196,en,8300
12710,Большой бизнес,1988,98,,,2.2594,6.333,288,en,12936
30502,Коротышка – большая шишка,1988,86,20000000,15122000,1.1132,4.9,141,en,8876
19382,Билокси блюз,1988,106,20000000,51684798,1.7809,6.237,215,en,5342
24679,Птица,1988,161,9000000,2000000,1.9504,6.828,341,en,190
9599,Капля,1988,95,10000000,8247943,1.8769,6.837,994,en,26713
94440,Допинг,1988,95,8000000,784990,1.9808,5.6,56,en,23213
17170,"Яркие огни, большой город",1988,107,25000000,16118077,1.5163,5.693,132,en,14838
18509,Гольф-клуб 2,1988,97,,,2.9377,4.2,205,en,83198
11709,Камилла Клодель,1988,175,,3331297,3.7668,6.8,143,fr,34603
34604,Просто секс,1988,88,,12277096,0.7349,5.1,85,en,31152
14441,В трезвом уме и твердой памяти,1988,124,,8674093,1.1334,6.3,83,en,58463
7520,Коктейль,1988,99,20000000,171504781,4.3625,6.116,1561,en,21370
10126,Цвета,1988,127,6000000,46616067,3.3001,6.492,508,en,2778
9602,Поездка в Америку,1988,116,30000000,288752301,4.923,6.877,4588,en,4610
23752,Проказник из психушки,1988,97,,,0.7411,5.447,113,en,12964
41952,Адвокат для убийцы,1989,117,5000000,9974446,2.374,5.5,123,en,10702
3980,Зубастики,1986,86,2000000,13167232,4.3774,6.5,1045,en,18356
10127,Зубастики 2: Главное блюдо,1988,86,4500000,3813293,0.8346,6.2,491,en,61824
12702,Зубастики 3,1991,85,,,1.9506,5.3,439,en,73962
27397,Перекресток Дилэнси,1988,97,,16262415,2.478,5.8,56,en,97646
9748,Мертв по прибытии,1988,96,,12706478,1.1241,6.3,216,en,58164
40095,Смертельная ярость,1988,84,5000000,3588626,3.1072,6.184,223,en,898
10651,Грязный Гарри 5: Смертельный список,1988,91,20000000,37900000,2.234,6.269,897,en,66226
10141,Отпетые мошенники,1988,110,6500000,42000000,2.1997,7.105,953,en,7908
27362,Отсчёт утопленников,1988,119,,,1.9246,7.016,185,en,30309
5680,Эльвира - Повелительница Тьмы,1988,96,7500000,5596267,2.4497,6.7,587,en,44807
26386,Эрнест спасает Рождество,1988,91,6000000,28202109,1.7357,5.358,201,en,83961
34053,Стопроцентный американец для всех,1988,127,,12638294,0.7517,5.3,47,en,18596
25884,Агенты ФБР,1988,82,,3527636,2.5724,5.8,83,en,57132
26355,Надолго ли?,1988,90,,17514553,2.6928,6.517,151,en,16513
10675,Неукротимый,1988,120,20000000,17637950,1.501,6.716,1083,en,3556
38982,Свежие лошади,1988,105,,,1.7164,5.15,30,en,44847
10130,Гориллы в тумане,1988,129,22000000,,1.9825,7.0,627,en,10781
2617,На лоне природы,1988,91,24000000,43455230,2.5007,6.457,575,en,26502
38615,Heartbreak Hotel,1988,97,,,1.6954,5.031,32,en,10965
21362,Бодрость духов,1988,99,15000000,8500000,3.4018,5.775,236,en,17016
30690,Удачное наследство,1988,88,9000000,6436211,1.2205,5.2,56,en,84165
75889,Дом на Кэрролл-стрит,1988,97,14000000,459824,1.6735,5.8,53,en,12804
38500,Вой 4: Настоящий кошмар,1988,95,,,1.3825,4.5,126,en,19032
26723,Imagine: John Lennon,1988,100,,,1.5119,6.8,83,en,81186
20443,"Джонни, будь хорошим",1988,91,22000000,17550399,1.5435,4.49,144,en,23914
49365,Леди в белом,1988,113,4700000,,1.3854,6.1,130,en,583023
11347,Логово белого червя,1988,93,2500000,1189315,2.2934,5.94,291,en,32327
12144,Земля до начала времен,1988,69,12500000,84704291,2.8794,7.152,2650,en,40345
13704,Водительские права,1988,90,8000000,,1.121,6.6,389,en,17309
12505,Маленький Никита,1988,98,15000000,1733070,2.1814,6.1,115,en,24318
41963,Маскарад,1988,91,,,2.5642,5.6,73,en,129692
13482,Война на бобовом поле Милагро,1988,117,22000000,14000000,1.3631,6.5,88,en,4135
34014,Луна над Парадором,1988,103,20000000,,2.0837,5.8,84,en,47773
29739,Переезд,1988,89,,,0.8256,5.52,128,en,69801
12120,Моя мачеха – инопланетянка,1988,108,20000000,13854000,2.8894,5.7,551,en,24318
47818,A Night in the Life of Jimmy Reardon,1988,93,,6264058,1.2907,5.0,68,en,6385
38617,Беспредел,1988,98,12000000,7242035,1.9731,5.6,63,en,57447
3543,Кафе «Багдад»,1987,112,,3732660,1.3973,7.2,425,de,32632
51321,Вечная песня,1988,91,8000000,1893139,2.0359,6.281,59,en,143888
9604,Красная жара,1988,104,29000000,34994648,2.7371,6.231,1544,en,1723
24929,Возвращение живых мертвецов 2,1988,89,6000000,9205924,4.4578,6.366,670,en,92851
10925,Возвращение живых мертвецов,1985,91,4000000,14241310,2.6638,7.2,2225,en,5045
13965,Возвращение на Снежную реку,1988,110,6830000,10743000,2.6375,6.9,47,en,76193
24266,Мужчина с заснеженной реки,1982,102,3500000,20659423,1.6144,7.0,153,en,1174031
58434,Rocket Gibraltar,1988,99,,187349,2.5287,5.9,35,en,40549
18197,На холостом ходу,1988,116,,2835116,1.6242,7.444,338,en,39996
70842,Последний танец Саломеи,1988,89,,331469,1.1112,6.106,33,en,32327
38909,Salsa,1988,98,,8892589,1.8153,6.868,72,en,16830
17126,Satisfaction,1988,92,,8253123,1.9023,5.1,67,en,2670521
11503,Змей и радуга,1988,98,11000000,19595031,0.9777,6.386,532,en,5140
38558,Вымогательство,1988,93,6000000,10068039,2.1306,5.8,94,en,99032
9717,Огонь на поражение,1988,110,,29300000,1.0163,6.6,254,en,1724
11966,Короткое замыкание 2,1988,110,15000000,21630088,1.8272,6.2,635,en,19142
2605,Короткое замыкание,1986,98,10000000,40697761,3.7319,6.6,1565,en,12840
8740,Исчезновение,1988,106,,,3.4691,7.4,748,nl,18335
25497,Грозовой понедельник,1988,93,,1791328,2.5054,5.703,86,en,6111
38560,Закат,1988,102,16000000,4594452,0.6042,5.7,100,en,1927
50203,Sweet Hearts Dance,1988,101,,3790493,1.1908,4.8,10,en,51521
26798,Переключая каналы,1988,105,18000000,9129999,1.6954,6.1,72,en,16544
91445,The Telephone,1988,78,,99030,2.0395,4.2,28,en,9626
41428,"Тэцуо, железный человек",1989,67,55500,,2.1264,6.976,676,ja,58608
8337,Чужие среди нас,1988,94,4000000,13000000,3.2701,7.299,3291,en,11770
47493,Убить священника,1988,117,,,0.7588,5.964,28,en,1128
8463,Сентиментальная песня,1988,120,,4865997,1.2476,7.3,97,en,55146
41974,Путь 29,1988,86,5000000,429028,2.9746,5.4,42,en,14132
28176,Такер: Человек и его мечта,1988,111,23000000,19652638,1.3896,6.7,410,en,1776
9493,Близнецы,1988,107,15000000,216614388,3.7124,6.036,2403,en,8858
26603,Всё наоборот,1988,98,,13664060,1.5574,5.8,200,en,58080
33172,Наблюдатели,1988,91,,940173,1.5272,5.3,93,en,82033
29095,Музей восковых фигур,1988,93,3000000,808114,1.9247,6.153,321,en,48965
12582,Без единой улики,1988,107,,8539181,2.7152,6.657,245,en,68381
10001,Молодой Эйнштейн,1988,91,24900000,5000000,2.7402,5.2,163,en,61797
11352,Всегда,1989,122,31000000,74100000,3.1941,6.3,638,en,488
12500,Американский ниндзя,1985,95,1000000,10499694,4.2992,6.0,463,en,72543
25678,Американский ниндзя 2: Схватка,1987,90,350000,4000000,1.5657,5.5,305,en,72543
25682,Американский ниндзя 3: Кровавая охота,1989,89,,902152,1.3657,4.7,182,en,93923
32049,Лучшие из лучших 2,1993,101,,6500000,1.1817,5.8,163,en,82443
45225,Большая картина,1989,100,5000000,117463,1.2446,5.8,99,en,13524
1648,Невероятные приключения Билла и Теда,1989,90,10000000,40510984,2.0952,6.8,1991,en,18356
4105,Чёрный дождь,1989,125,30000000,134212055,1.5539,6.6,1172,en,578
22711,Блэйз,1989,117,,19131000,1.4363,6.149,67,en,4037
19124,Слепая ярость,1989,86,20000000,2700000,3.5524,6.537,485,en,13015
69828,Взломщики,1989,94,,,2.1261,5.5,30,en,68687
53150,К.Г.П.О. 2,1989,85,49200000,62405000,1.4946,4.4,84,en,147594
10142,Военные потери,1989,113,22500000,18671317,2.5215,7.147,961,en,1150
3064,Шансы есть,1989,108,16000000,16300000,1.958,6.6,276,en,716
86093,Плюшка,1989,94,,1869180,1.5468,5.2,20,en,53861
10134,Киборг,1989,86,500000,10166459,4.1815,5.7,791,en,63937
21291,Папа,1989,117,19000000,19738015,2.9685,6.385,109,en,70738
4925,Смертельный выстрел,1989,102,,8125592,2.0013,6.3,110,en,13776
30352,Дезорганизованная преступность,1989,98,,7723506,1.6358,5.4,42,en,21155
15142,Задумай маленькую мечту,1989,114,,5552441,1.1289,5.798,136,en,54971
14550,Команда мечты,1989,113,14000000,28890240,1.3388,6.173,246,en,34611
32075,Сухой белый сезон,1989,107,,,1.5619,6.6,110,en,108824
2210,Земные девушки легко доступны,1988,100,10000000,3916303,2.0021,5.58,396,en,22669
25005,Эдди и «Странники» 2,1989,104,,,0.5602,6.5,44,en,31177
21721,Эдди и «Странники»,1983,95,,4786789,1.2764,6.6,92,en,89373
116014,"Враги, история любви",1989,119,9500000,7754571,0.828,6.179,42,en,47773
11828,Эрик викинг,1989,107,,1932642,1.7402,5.881,236,en,10707
55699,Эксперты,1989,90,13000000,169203,3.0751,4.5,46,en,61961
10551,Семейный бизнес,1989,110,,12195695,2.2775,5.682,266,en,39996
20713,"Прощай, король",1989,117,16000000,2420917,1.2595,6.0,71,en,8328
27461,Создатели тени,1989,127,,,1.7078,6.15,157,en,8965
41969,The Girl in a Swing,1988,119,,747013,0.3421,4.5,14,en,82505
1380,Достигая невозможного,1989,106,10000000,2777280,1.0634,6.0,139,en,13488
19157,Всех за борт,1989,99,200000,,2.2006,2.3,149,en,84211
11465,Большие огненные шары,1989,108,17000000,13741060,1.402,6.3,330,en,15206
17190,Большая медицина,1989,109,8500000,11604598,2.0052,5.6,55,en,68381
55059,Счастливы вместе,1989,102,,75657,1.2353,5.8,68,en,70008
9085,Гарлемские ночи,1989,116,30000000,60864870,1.4151,6.077,333,en,776
17819,Её алиби,1989,94,,,1.4299,5.4,137,en,5696
46786,Гомер и Эдди,1989,100,,,4.8221,5.545,55,en,58728
14776,Как преуспеть в рекламе,1989,95,,418053,2.3564,6.212,104,en,8966
59585,Узы родства,1989,95,,,1.7908,5.794,34,en,42171
32855,В стране,1989,120,18000000,3531971,2.8534,5.6,56,en,13563
29185,Невиновный,1989,113,,20047604,1.2385,6.107,145,en,12804
39787,Стилет,1989,102,,,1.8992,6.3,128,en,78514
32059,Январский человек,1989,97,,,1.4275,4.9,161,en,19969
505,Красавчик Джонни,1989,94,20000000,7237794,1.374,6.32,281,en,1723
4486,Иисус из Монреаля,1989,119,,,0.6551,6.9,89,fr,38516
10345,К-9: Собачья работа,1989,101,17000000,78247647,1.9444,6.165,1015,en,64877
10222,Кикбоксёр,1989,97,1500000,14697005,5.3177,6.841,1507,en,22012
12774,Последний поворот на Бруклин,1989,102,,1730005,3.2399,6.491,112,en,15868
14621,Держись за меня,1989,108,10000000,31906454,5.1542,7.3,329,en,16513
19118,Скачи во весь опор!,1989,90,18000000,4900000,0.9792,6.297,91,en,23677
14372,Левиафан,1989,98,25000000,15704614,1.2154,6.0,528,en,16566
15138,Маленькие монстры,1989,102,7000000,793775,1.0103,5.8,209,en,1680227
9972,Тюряга,1989,115,24000000,22099847,3.479,6.815,1269,en,38689
9494,Уж кто бы говорил,1989,93,7500000,296999813,2.6004,6.3,2378,en,57434
17362,Герой-любовник,1989,98,,3960327,2.0664,6.1,166,en,97646
9942,Высшая лига,1989,106,11000000,75000000,3.6383,6.9,842,en,12920
8216,Познакомьтесь с Фиблами,1989,93,750000,80000,1.7298,6.32,305,en,108
4296,Тысячелетие,1989,105,,,2.1219,5.348,141,en,20412
24739,Волшебная миля,1989,88,3700000,1145404,1.0812,6.878,299,en,84906
39197,Мисс фейерверк,1989,102,,,0.484,5.6,26,en,15106
9686,Нью-йоркские истории,1989,124,15000000,10763469,1.7043,6.2,390,en,1776
27418,Ближайший родственник,1989,108,12000000,15942628,1.5478,5.9,243,en,17784
39002,Без правил,1989,93,8000000,16093651,1.371,4.755,110,en,8573
43345,Старый гринго,1989,120,26000000,3574256,1.962,5.5,34,en,69315
31606,Доставить по назначению,1989,108,16000000,10647219,1.2516,6.1,250,en,12989
27607,Parents,1989,82,3000000,870532,2.2299,5.875,183,en,12438
37146,Penn & Teller Get Killed,1989,89,,,0.243,5.4,34,en,6448
20006,Розовый кадиллак,1989,122,19000000,12100000,2.5293,5.455,247,en,66226
8867,Каратель,1989,89,9000000,,1.6469,5.8,648,en,898
12663,Красный скорпион,1988,105,16000000,4192440,2.0624,6.0,292,en,64195
331,Парк юрского периода 3,2001,92,93000000,368780809,0.3632,6.169,7592,en,4945
11467,Любимцы Америки,2001,102,64400000,138191428,1.2297,5.7,871,en,18311
327,Брат Якудзы,2000,113,12000000,15250000,2.3401,7.1,503,ja,3317
1548,Призрачный мир,2001,111,7000000,8800000,1.2329,7.085,1520,en,17447
13403,Хедвиг и злосчастный дюйм,2001,95,6000000,3660081,1.5469,7.42,406,en,17114
869,Планета обезьян,2001,119,100000000,362211740,4.8812,5.763,4273,en,510
552,Хлеб и тюльпаны,2000,114,,8500000,1.2941,7.145,301,it,7554
36095,Исцеление,1997,111,20000,234821,4.2567,7.5,703,ja,26882
33379,Зелёные пальцы,2001,91,,1443067,2.583,6.3,73,en,1121281
196859,Jackpot,2001,97,400000,43719,1.0599,6.6,5,en,41887
47574,Маска обезьяны,2001,93,,6831,0.841,4.263,40,en,139250
2171,Жаркое американское лето,2001,97,5000000,295206,1.5321,6.248,844,en,22214
87462,Безжалостный,1989,92,,6985019,2.6573,5.257,35,en,44765
20307,Под прикрытием,1989,105,16000000,9015164,2.2257,5.237,95,en,62020
19142,Возвращение болотной твари,1989,84,4000000,192816,1.5589,5.476,255,en,98132
41946,Возвращение мушкетеров,1989,102,,,1.7819,6.153,150,en,10586
10135,Придорожная закусочная,1989,114,15000000,30100000,3.3878,6.743,1410,en,63943
32767,Ромеро,1989,102,,,1.8082,7.0,38,en,72624
56162,Розали идет за покупками,1989,94,,,0.8484,5.7,41,en,32632
24254,Внезапное пробуждение,1989,98,,3169719,2.2159,4.483,29,en,87590
19236,Святая кровь,1989,123,787000,,4.0408,7.134,480,en,55119
32261,Скандал,1989,115,,8800000,2.8065,6.0,96,en,30365
60276,Scenes from the Class Struggle in Beverly Hills,1989,95,,,0.7794,5.317,30,en,101377
12150,Море любви,1989,113,19000000,110879513,2.4492,6.6,655,en,23213
11185,"Ничего не вижу, ничего не слышу",1989,102,18000000,46900000,3.3449,6.756,1027,en,133259
47045,She's Out of Control,1989,97,,12065892,1.4152,5.162,117,en,67411
18683,Ширли Валентайн,1989,108,,,1.7776,6.2,105,en,10076
12521,Электрошок,1989,109,5000000,16554699,0.9712,5.567,450,en,5140
12478,До мозга костей,1989,97,8500000,45000000,1.9241,6.1,84,en,1927
49788,Рабы Нью-Йорка,1989,124,,,0.6745,5.133,15,en,54441
31083,Некоторые девчонки,1988,94,,401421,1.4111,5.6,103,en,52405
30666,Stepfather 2,1989,93,1500000,1519796,2.0329,5.489,113,en,31621
25155,Отчим,1987,89,1200000,2488740,2.6987,6.536,357,en,52629
65015,Душечка,1989,100,,,2.6297,6.005,107,en,10757
24077,The Tall Guy,1989,92,,,1.36,5.69,79,en,141450
9618,Танго и Кэш,1989,100,55000000,63408614,4.2396,6.471,2048,en,58728
16560,Tap,1989,111,,9114702,1.059,6.8,27,en,14692
31608,Три беглеца,1989,96,15000000,40600000,1.0079,6.6,313,en,38507
22102,Отряд Беверли Хиллз,1989,105,18000000,8500000,0.9597,5.7,179,en,67897
6951,Тернер и Хуч,1989,97,13000000,71079915,1.1153,6.3,1383,en,1724
11959,Ультравысокая частота,1989,97,5000000,6157157,0.6845,6.7,386,en,71042
2616,Дядюшка Бак,1989,100,15000000,79300000,6.6095,6.797,1279,en,11505
7091,Поцелуй вампира,1989,103,2000000,725131,1.3933,5.913,464,en,51950
249,Война супругов Роуз,1989,112,26000000,160188546,3.0902,6.897,1195,en,518
11342,Чернокнижник,1989,103,7000000,9094451,2.5735,6.245,423,en,58712
183,Волшебник,1989,100,6000000,14278900,2.5738,6.054,334,en,1213162
32330,Это пари стоит выиграть,1989,103,,,2.347,5.2,44,en,157301
24126,Чернокнижник 2: Армагеддон,1993,98,3000000,3902679,1.3322,5.3,185,en,48965
8494,Уик-энд у Берни 2,1993,97,7000000,12741891,1.4549,5.021,315,en,55273
26535,Билли-лжец,1963,98,,35609,2.1621,6.8,122,en,19304
41784,Черная сутана,1991,101,11000000,8211952,2.5978,6.5,111,en,5696
27431,Кошка о девяти хвостах,1971,111,1000000,1204739,1.4266,6.7,440,it,4955
2148,Клуб «Коттон»,1984,130,58000000,25928721,1.7516,6.5,428,en,1776
42033,Последняя надежда,1985,88,,,2.5208,4.4,54,en,144430
11308,Отель «Нью-Хэмпшир»,1984,109,7500000,5100000,0.687,5.615,126,en,32765
23239,Idiot Box,1997,85,,,1.7833,5.0,8,en,108022
53119,Оставленный багаж,1998,100,,100544,1.5767,6.2,30,en,1924
31941,Кто остановит дождь,1978,126,,,1.1981,6.5,70,en,72709
19317,"Zorro, The Gay Blade",1981,93,12600000,10200000,1.3383,5.972,53,en,21377
27813,Существо в корзине,1982,91,35000,,2.3399,6.244,449,en,86250
57745,Orphans,1998,101,,49501,1.6986,6.514,37,en,3064
2057,Соблазн,2001,118,42000000,35402320,6.1474,6.132,870,en,21136
9880,Как стать принцессой,2001,115,37000000,165335153,6.9871,7.0,5154,en,1201
5175,Час пик 2,2001,90,90000000,347325802,6.2712,6.753,4403,en,11091
21596,Влюбленный Тома,2000,97,,,1.1122,6.6,32,fr,87690
41951,Шоколад,1988,104,,,0.5963,6.9,105,fr,9888
11385,Хатари!,1962,157,,,3.3935,6.8,261,en,11435
4484,Клетка для чудаков,1978,96,1100000,20424259,2.445,6.795,426,fr,24380
11684,Клетка для чудаков 2,1980,99,,6950125,0.8766,6.0,113,fr,24380
44414,Liebestraum,1991,112,,,1.4235,5.2,21,en,6111
44258,Марат Сад,1967,116,,,2.3618,6.1,34,en,60981
20391,Золото Калифорнии,1969,164,20000000,31678778,1.3999,6.328,268,en,86051
12584,Самый меткий,1976,100,,13400000,0.9891,7.0,366,en,14773
70042,Theremin: An Electronic Odyssey,1995,83,,253311,1.0343,5.6,9,en,67569
1627,Дикий ребенок,1970,83,,,1.6163,7.0,296,fr,1650
11542,Другие ипостаси,1980,102,15000000,19853892,2.1332,6.7,718,en,32327
17169,Как только сможешь,1980,116,15000000,70687344,1.5795,5.744,354,en,66226
39176,Воскрешение,1980,105,,8415112,1.4672,5.5,80,en,10723
33214,Нетерпение чувств,1980,129,,,2.812,6.5,160,en,14132
19267,Драка в Бэттл Крик,1980,95,6000000,8527743,1.5965,5.9,188,en,57727
2770,Американский пирог 2,2001,108,30000000,287553595,4.865,6.2,5134,en,7409
12610,Осмосис Джонс,2001,95,75000000,13596911,1.8595,6.5,1057,en,7395
1933,Другие,2001,101,17000000,210002906,5.0742,7.6,6920,en,19840
13496,Американские герои,2001,94,35000000,13678913,2.535,5.97,269,en,56911
21055,All Over the Guy,2001,95,,1051948,0.5002,5.7,74,en,87033
24936,На самом дне,2001,101,3000000,10031529,1.4989,6.174,152,en,101444
80070,На краю,2001,85,7000000,,1.3705,6.7,54,en,45117
10972,Девятая сессия,2001,100,1500000,1612259,3.8777,6.1,974,en,37948
207541,The Turandot Project,2000,87,,,0.9049,6.7,3,en,1468019
1722,Выбор капитана Корелли,2001,131,57000000,62112895,2.1131,6.0,553,en,18844
9896,Крысиные бега,2001,112,48000000,85498534,3.6774,6.274,1894,en,3415
26665,Абердин,2000,113,,,3.6375,6.347,36,en,95972
125707,Innocence,2000,94,,,2.5119,5.769,13,en,939275
9683,Парень из пузыря,2001,83,,5007209,3.2849,5.748,610,en,58518
2779,Проклятие нефритового скорпиона,2001,103,33000000,18914307,1.1217,6.6,809,en,1243
2294,Джей и молчаливый Боб наносят ответный удар,2001,104,22000000,33788161,3.522,6.425,1663,en,19303
10016,Призраки Марса,2001,98,28000000,14010832,2.0769,5.144,1177,en,11770
26602,Летние игры,2001,104,34000000,19693891,3.3933,5.4,209,en,53178
37920,Американская рапсодия,2001,106,,970676,1.7263,6.3,79,en,67564
22230,Счастливые случаи,2000,110,,688510,1.7754,6.799,137,en,37948
206412,Lisa Picard Is Famous,2000,90,,112521,0.78,4.3,10,en,2171
13966,"Все возможно, бэби!",2000,104,,,1.4267,5.373,102,en,76221
742,Вместе,2000,106,,,3.3287,6.996,258,sv,11037
248757,Punks,2000,105,,,1.6805,4.5,8,en,305750
15104,Tortilla Soup,2001,103,,4574762,1.8844,6.328,50,en,102329
8922,Джиперс Криперс,2001,91,10000000,59217789,4.1501,6.5,3166,en,56349
11065,О,2001,95,,16017403,0.8357,5.898,300,en,1462
21118,Проснувшись в Рино,2002,91,,261603,1.2145,4.966,102,en,87106
46727,Speedway Junky,1999,104,1000000,,2.1714,5.155,29,en,137392
16314,Три ниндзя,1992,96,6500000,29000301,4.2244,5.691,455,en,12962
18885,Три ниндзя наносят ответный удар,1994,93,20000000,11798854,1.8019,5.584,305,en,36147
40508,Три ниндзя: Костяшки вверх,1995,85,,413479,1.815,5.0,202,en,148103
5922,Охотник,1980,97,,,2.5732,5.9,144,en,40402
27346,Маньяк,1980,88,350000,10000000,4.4188,6.419,471,en,44765
34223,Вамп,1986,93,3300000,4941117,1.1889,5.805,177,en,22814
16307,Плетеный человек,1973,88,810000,885371,3.8713,7.3,1551,en,80261
27681,Загадай желание,1996,89,,,1.5214,6.471,189,en,226552
11370,Мушкетер,2001,104,40000000,27053815,2.116,5.229,238,en,37710
12508,Рок-звезда,2001,105,57000000,19334145,3.1674,6.726,791,en,18356
14033,Бессмертные души,2001,84,17000000,4299141,1.8476,4.452,188,en,56913
25462,Игра для двоих,2001,90,13000000,22391450,1.4321,6.4,89,en,66116
223346,Bounce: Behind The Velvet Rope,2001,71,,,0.5812,5.2,4,en,62926
34714,Ювелиры,2000,100,,,3.129,5.815,27,en,95187
47161,Джума,2000,94,,,0.057,6.4,7,fa,1327119
106230,สตรีเหล็ก,2000,104,,,1.0384,5.0,25,th,1091281
35176,Убей меня позже,2001,89,,,0.9288,5.3,30,en,60050
18734,Ложь ( Шоссе на Лонг-Айленд ),2001,97,700000,1667192,2.2713,6.757,134,en,84931
44321,Богоматерь убийц,2000,101,,,0.4484,7.2,194,es,23393
26661,Эбботт и Костелло встречают мумию,1955,79,,,1.2627,6.0,116,en,29627
5998,"Доктор Мабузе, игрок",1922,242,,,1.2412,7.653,206,de,68
58062,В чужие руки: истории Киндертранспорта,2000,122,,,3.5248,7.4,32,en,1036428
2176,Стеклянный дом,2001,106,30000000,23619609,2.1796,5.965,1057,en,12632
20857,Хардбол,2001,106,32000000,40222729,2.9807,6.493,528,en,53177
22617,Суетной обед,2000,99,2000000,1075504,1.9582,7.1,78,en,89467
75386,Туннель Хайку,2001,88,,251058,0.0429,6.4,10,en,1052930
2185,Большие неприятности,2002,85,40000000,8493890,2.9764,6.116,310,en,5174
10696,Блеск,2001,104,22000000,5271666,1.639,4.324,159,en,6198
2034,Тренировочный день,2001,122,45000000,104900000,4.6549,7.5,6326,en,20907
21538,Американский астронавт,2001,91,,,0.8053,6.7,53,en,87630
51722,Дети подземелья,2001,104,,,1.7521,7.4,37,ro,144422
101860,Go Tigers!,2001,103,,,0.0701,5.0,6,en,942224
48834,Liam,2001,90,,,0.1549,6.145,38,en,3224
30379,Вечная битва,2001,104,22000000,6047691,1.1718,4.5,41,en,84981
31016,Тротуары Нью-Йорка,2001,108,1000000,2402459,1.1489,6.0,73,en,12833
32567,The Endurance - Shackleton's Legendary Antarctic Expedition,2000,97,,2452566,0.5712,6.89,41,en,42081
12537,Женщина французского лейтенанта,1981,124,,2689068,1.3568,6.425,232,en,72709
9028,Великое молчание,1968,106,,53074,1.9889,7.473,437,it,49450
16180,Легенда адского дома,1973,95,,,0.8557,6.626,269,en,19032
11521,Маленький человечек Тэйт,1991,99,10000000,25010896,1.7227,6.5,326,en,1038
21028,Москва слезам не верит,1980,142,900000,2500000,1.9843,7.6,261,ru,23442
27327,Призрак рая,1974,92,1300000,250000,2.1936,7.469,719,en,1150
35200,Возвращение человека по имени Лошадь,1976,125,,,1.5826,5.7,56,en,10930
21242,Вальдес идёт,1971,91,,,1.322,6.2,84,en,133355
29756,13 призраков,1960,85,,,0.9301,5.731,160,en,12011
82523,Монтенегро,1981,98,,,3.1836,6.0,24,sv,17554
20115,Ужас в опере,1987,107,8000000,,2.0414,6.761,514,it,4955
30295,Папа Гусь,1964,118,,12500000,3.7684,7.0,189,en,16888
25767,Трава зеленее,1960,104,,6000000,1.442,6.3,134,en,13284
33725,Дыра в голове,1959,120,,,1.4241,6.122,49,en,2662
22874,Милый сэр,1958,100,,,2.1525,6.571,189,en,13284
11576,"Этот безумный, безумный, безумный, безумный мир",1963,174,9400000,60000000,2.1119,6.961,646,en,4081
43860,King Solomon's Mines,1937,80,,,0.27,5.269,26,en,5834
43802,Маленькие лисички,1941,116,,,1.2043,7.522,185,en,10001
9660,Операция «Нижняя юбка»,1959,124,,6800000,1.5204,7.2,393,en,1927
15393,Сыграй мне перед смертью,1971,102,725000,10600000,1.3033,6.587,540,en,190
248,Пригоршня чудес,1961,136,2900000,5000000,1.5158,7.3,174,en,2662
40885,Сайонара,1957,147,,,2.7484,6.68,139,en,86051
25905,Магазин на площади,1965,128,,1450000,1.4237,7.1,218,sk,544700
21148,Весенние каникулы,1983,102,,24071666,2.173,4.8,77,en,35475
1644,Исчезновение,1993,109,,14543394,1.2565,6.126,534,en,18335
12502,Силквуд,1983,131,10000000,35616970,1.0403,6.932,338,en,5342
66092,Я никогда не обещала тебе сад из роз,1977,96,3000000,,0.916,5.838,40,en,39022
10373,Квадрофения,1979,120,,,1.2345,7.0,275,en,65304
13766,Пикник в космосе,1986,107,18000000,9697739,1.0641,5.9,197,en,92554
16380,Когда сталкиваются миры,1951,83,936000,1600000,0.8841,6.3,193,en,11593
12103,Не говори ни слова,2001,113,50000000,100020092,2.7205,6.256,1004,en,5501
11313,Сердца в Атлантиде,2001,101,31000000,24185781,1.9612,6.756,593,en,33433
9398,Образцовый самец,2001,90,28000000,60780981,3.7481,6.209,4712,en,7399
35066,Born Romantic,2000,96,,,1.89,5.931,29,en,208171
45864,Extreme Days,2001,93,,1,2.1128,5.0,16,en,1573677
55372,Попробуй узнай,2001,154,,,3.0022,6.3,30,fr,73153
292947,Won't Anybody Listen,2001,73,,,0.6476,8.0,2,en,1542651
10866,Ничего себе поездочка,2001,97,23000000,36642838,2.036,6.517,1281,en,21053
34549,Возмездие Макса Кибла,2001,86,25000000,18634654,1.7383,5.8,161,en,49903
9778,Интуиция,2001,87,28000000,77516304,5.7178,6.95,2049,en,36804
34453,Grateful Dawg,2000,81,,,1.6308,5.7,6,en,77854
58429,Болото,2001,103,,103215,0.5417,6.885,140,es,56208
16121,Большая красная единица,1980,113,4500000,7206220,1.4419,6.7,328,en,26959
40220,Бугимен,1980,82,300000,,1.7741,4.9,119,en,10620
166,Бум,1980,110,,,1.843,6.6,1183,fr,1961
42787,Lady in a Cage,1964,94,,,1.3639,6.1,74,en,101899
1623,Брубейкер,1980,130,9000000,37121708,3.1409,7.074,504,en,13859
40932,Can't Stop the Music,1980,124,,,1.2216,5.0,68,en,47503
32027,Кэрни,1980,107,,,2.2138,6.2,41,en,1022680
13550,Перебежчик,1980,103,7600000,12000000,2.2444,7.0,691,en,21377
13612,Чич и Чонг: Следующий фильм. Укуренные заживо!,1980,99,,41675194,1.4238,6.0,256,en,63208
16769,Дочь шахтера,1980,125,15000000,67182787,1.6958,7.227,271,en,10781
42158,Состязание,1980,123,,,2.5509,6.0,20,en,1229721
27958,Разыскивающий,1980,106,11000000,19814523,1.2971,6.6,592,en,15175
86463,D.O.A.,1980,95,,,0.7851,5.575,20,en,935723
31703,Корабль смерти,1980,91,,,3.8598,5.2,152,en,105984
1716,Последнее метро,1980,133,,,2.001,7.2,507,fr,1650
27059,Divine Madness,1980,95,,5318098,2.5773,6.2,16,en,12964
20681,Псы войны,1980,118,8000000,5484132,1.3754,5.8,154,en,17784
57743,The Learning Curve,2001,113,1000000,,0.9614,4.286,7,en,238673
3172,Бандиты,2001,123,75000000,67631903,2.9496,6.3,1062,en,8246
17708,Спецагент Корки Романо,2001,85,11000000,23978402,2.6654,4.3,169,en,123694
12780,Железная обезьяна,1993,90,11000000,14694904,2.4632,7.4,318,cn,18899
570,Моей сестре!,2001,95,,766000,1.7512,6.2,241,fr,6295
1018,Малхолланд Драйв,2001,147,15000000,20289986,6.9536,7.804,6754,en,5602
25641,Мой первый мужчина,2001,109,5250000,595005,1.0946,6.492,66,en,77133
16767,Спригган,1998,90,,25824,2.0584,6.068,103,ja,80751
102933,Things Behind the Sun,2001,120,,,4.7033,5.857,21,en,3110
11380,Кости,2001,96,10000000,7316658,1.1564,4.8,162,en,15521
27396,Брэнниган,1975,111,,,2.0093,6.0,107,en,100979
26299,Пикничок,1967,99,,,2.5634,5.9,41,en,161267
984,Грязный Гарри,1971,102,4000000,35976000,2.8305,7.4,2624,en,14773
15559,Destiny in Space,1994,39,,,0.8201,7.2,6,en,670
14811,Скрипач на крыше,1971,181,9000000,83304330,2.822,7.74,609,en,13563
21741,Hail Columbia!,1982,37,,,0.9171,7.3,3,en,94237
77670,Канзас,1988,108,,2432237,2.0815,5.2,21,en,75429
55727,Как закончить школу,1984,105,,4561346,1.2149,4.9,25,en,145053
15560,Миссия на Мир,1997,40,,,2.2907,6.5,4,en,950513
9585,Без дочери - никогда,1991,115,,14789113,3.2157,6.659,315,en,58080
14267,Женские проблемы,1974,89,25000,9118,3.9709,6.895,210,en,10367
45929,Titanica,1992,95,,,1.0256,5.9,9,en,77867
768,Из Ада,2001,122,35000000,74558115,3.4993,6.691,2933,en,11447
2100,Последний замок,2001,131,72000000,27642707,2.9032,7.17,1363,en,21526
11091,Сильная женщина,2001,132,48000000,35700000,2.0152,6.725,462,en,14911
3173,Опасный Бангкок,2000,105,,,1.5966,5.7,75,th,21905
27092,Паленые деньги,2000,125,,,2.2166,6.74,98,es,87014
23941,Танцы в «Голубой игуане»,2001,123,,,1.2942,5.333,57,en,28898
18192,Фокус,2001,106,,645418,3.0828,6.3,30,en,1308279
11845,Интим,2001,107,,2672527,5.5096,6.2,540,en,23724
9081,Пробуждение жизни,2001,99,2000000,3176880,3.9971,7.473,918,en,564
167,Планета Ка-Пэкс,2001,120,48000000,50315140,2.4638,7.201,2611,en,1978
34043,On the Line,2001,81,16000000,4500000,1.0368,4.8,42,en,60045
9378,Тринадцать привидений,2001,90,42000000,68467960,6.3583,6.297,2284,en,57521
27444,Better Than Sex,2000,84,,,1.0688,5.8,36,en,97942
141,Донни Дарко,2001,113,4500000,7500000,6.9482,7.767,13029,en,1577
10034,Ограбление по-английски,2001,86,,,1.147,6.082,67,en,141450
11457,Жизнь как дом,2001,125,18000000,23903791,1.7858,7.1,433,en,11472
10778,"Человек, которого не было",2001,116,20000000,18918721,2.1797,7.517,1681,en,1223
78657,Aïe,2000,103,,,2.2142,5.3,6,fr,233491
67385,La ville est tranquille,2000,133,,,1.8232,6.3,25,fr,5069
151727,Трепет перед Б-гом,2001,94,,,0.5181,5.219,16,en,1131878
11456,Скрытая угроза,2001,89,75000000,54300000,1.9998,5.8,453,en,23213
585,Корпорация монстров,2001,92,115000000,579700000,15.459,7.847,19267,en,12890
10796,Противостояние,2001,87,49000000,72689126,4.5986,6.132,1666,en,57134
23949,Пленка,2001,86,100000,490475,0.3381,6.848,231,en,564
11088,Грабеж,2001,107,35000000,28500000,2.9395,6.3,587,en,1255
9889,Любовь зла,2001,114,40000000,141069860,2.8274,6.163,3037,en,7395
140511,Король джунглей,2000,99,,27,1.1741,4.571,7,en,1032175
133115,Maze,2001,97,,,0.5429,5.583,12,en,52602
45964,Когда звонит незнакомец,1979,97,1500000,25000000,2.0334,6.2,289,en,62556
32014,Гонщик во времени: Приключения Лайла Сванна,1982,94,,,1.3984,5.268,56,en,56506
13408,Мойка,2001,97,7000000,10229331,2.8183,5.4,124,en,65134
671,Гарри Поттер и философский камень,2001,152,125000000,976475550,22.2865,7.899,28872,en,10965
17731,Подсос,2001,95,,,3.0021,5.75,42,en,82335
20794,Новокаин,2001,95,6000000,2025238,2.3878,5.965,156,en,67910
11469,Чёрный рыцарь,2001,95,50000000,33422806,3.4901,5.351,1154,en,40243
14369,Отмороженные,2001,90,24000000,14782676,3.6172,5.815,181,en,82221
1535,Шпионские игры,2001,126,115000000,143049560,2.9668,6.91,2248,en,893
1433,Хребет дьявола,2001,108,4500000,6582065,2.5534,7.284,1305,es,10828
1999,В спальне,2001,131,1700000,44800000,1.5187,6.9,386,en,5010
58098,Сицилийцы,1998,124,,,2.1025,6.9,40,it,128107
78076,Беспорядки в Гарлеме,1973,95,,,1.1892,5.5,45,en,19266
87774,"Бактаун, США",1975,94,,,0.3728,5.4,29,en,107065
23847,На той стороне 110-й улицы,1972,102,,,1.168,6.7,123,en,49063
50785,Маленький солдат,1963,88,180000,,1.4792,6.907,178,fr,3776
12472,The Incredible Shrinking Woman,1981,88,,,1.4466,5.358,113,en,5572
42258,Кити-вертихвостка,1975,100,,,2.8396,6.4,53,nl,10491
11834,Джабервоки,1977,105,500000,490000,2.2182,6.002,305,en,280
16085,Смешная девчонка,1968,155,14100000,58707416,1.53,7.2,411,en,10001
27405,Circus of Horrors,1960,88,,,1.5163,5.8,76,en,43792
269,На последнем дыхании,1960,90,,,2.6054,7.499,1935,fr,3776
16441,Повелитель зверей,1982,118,8000000,14056528,1.4917,6.3,434,en,58245
11422,Мидуэй,1976,132,4000000,100000000,3.3185,6.627,311,en,30422
31037,МакАртур,1977,130,9000000,16300000,1.4388,6.3,86,en,15663
40739,Молодые львы,1958,160,3000000,,1.3612,6.8,139,en,64114
10656,Подземка,1985,104,2000000,,3.4877,6.505,492,fr,59
32847,"Вперед, путешественник",1942,117,877000,4177000,3.4281,7.354,219,en,93904
39938,Маленькие женщины,1933,115,424000,4140000,2.4434,6.766,145,en,14674
38766,Дворцы Монтесумы,1951,113,,,1.4064,5.923,39,en,2000
43510,Guadalcanal Diary,1943,93,,,2.7689,5.6,19,en,84641
35284,Битва за Анцио,1968,113,,,1.2279,5.6,70,it,64114
14584,Дешёвый детектив,1978,92,,,1.3852,6.293,92,en,47498
58886,Все знамениты!,2000,97,,,2.3741,5.4,35,nl,69912
72277,Последняя волна,1977,106,825000,2124250,1.8154,6.692,206,en,2690
5781,Этот смутный объект желания,1977,103,,2864,1.4613,7.4,422,fr,793
23805,Игрушка,1982,102,28000000,47118057,2.8561,5.88,221,en,7187
34388,Похороны в Берлине,1966,102,,,1.5025,6.4,152,en,9915
39867,Не заходи в дом,1979,82,250000,,1.1133,5.722,124,en,150650
11033,Бритва,1980,105,6500000,31899000,2.105,6.957,1063,en,1150
69716,Землянин,1980,97,,,2.8182,6.161,31,en,39779
37835,Мститель,1980,98,,,1.9903,5.553,141,en,99032
33356,Падения,1980,195,,,3.0998,7.2,36,en,30309
3537,Слава,1980,133,8500000,42000000,3.721,6.4,483,en,9168
38922,Fatso,1980,93,,7653061,2.9395,5.7,39,en,10774
27145,Жена летчика,1981,106,,,2.0806,7.2,116,fr,28615
8738,Последний отсчет,1980,103,12000000,16647800,2.1069,6.617,644,en,9108
28614,Первый смертный грех,1980,112,,,1.1075,5.7,38,en,54451
3604,Флэш Гордон,1980,111,35000000,27100000,3.4459,6.234,1044,en,17281
6974,The Angry Red Planet,1959,83,190000,,1.6619,5.6,78,en,51715
26398,Путешествие к центру Земли,1976,90,750000,3200000,1.2504,5.0,160,en,95329
42218,Империя муравьёв,1977,89,500000,2500000,1.2851,4.9,123,en,101225
10649,Грязный Гарри 3: Подкрепление,1976,96,9000000,46236000,3.6567,6.719,937,en,66222
42566,Око за око,1981,106,,7680000,1.8547,5.146,113,en,102627
17689,Сквозь строй,1977,109,5500000,26400000,3.134,6.548,578,en,190
34084,Я хороню живого,1958,77,,,0.4155,6.113,71,en,19708
15983,Вторжение в США,1985,107,12000000,17536256,1.07,5.717,314,en,64195
14854,Одинокий волк МакКуэйд,1983,107,5000000,12232628,1.6028,6.5,382,en,102627
10847,Повелитель мух,1990,90,,13985225,2.4968,6.345,594,en,61019
33525,Болваны из космоса,1985,90,,,1.0662,4.8,44,en,17281
27591,"Люди, забытые Временем",1977,90,450000,3000000,1.4815,5.276,85,en,95329
299,11 друзей Оушена,1960,127,,2800000,3.1227,6.4,377,en,2000
31945,Сицилиец,1987,116,9000000,5406879,3.0629,5.2,140,en,12114
42160,Трюкач,1980,131,,,1.2498,6.6,154,en,21806
10650,Грязный Гарри 4: Внезапный удар,1983,117,22000000,150000000,4.8719,6.5,957,en,190
8007,В тылу врага,2001,106,40000000,91753202,2.0219,6.4,1582,en,12028
19076,История с ожерельем,2001,118,30000000,1198113,1.4237,5.545,89,en,56106
81442,Независимость,2000,95,,238059,0.5573,5.412,17,en,69353
50562,Порно-звезда: Легенда Рона Джереми,2001,80,,411897,0.5919,5.781,32,en,58687
13503,Техасские рейнджеры,2001,90,38000000,763740,2.4675,5.992,118,en,58712
161,Одиннадцать друзей Оушена,2001,116,85000000,450717150,8.0279,7.452,12178,en,1884
43774,Дождь,2001,90,,,1.5286,7.452,84,fa,110695
31064,The Business of Strangers,2001,84,,,0.9774,5.5,40,en,59210
31682,Невероятно худеющий человек,1957,81,750000,,1.6383,7.5,532,en,33883
8342,Ничья земля,2001,98,1012153,4858869,1.7325,7.481,474,bs,20028
55479,Пинеро,2001,103,,,0.305,5.864,11,en,78997
4886,И не осталось никого,1945,97,,1000000,1.5311,7.032,394,en,33166
228,Голубой ангел,1930,108,,,1.8161,7.28,347,de,2891
23111,Москва на Гудзоне,1984,115,,25100000,1.2104,6.2,217,en,47773
42597,Филин и Кошечка (Путана и Умник),1970,95,,,1.0487,6.2,66,en,18378
194,Амели,2001,122,10000000,173921954,7.2718,7.913,12041,fr,2419
11397,Недетское кино,2001,89,16000000,66468332,5.9797,5.796,2201,en,57604
1903,Ванильное небо,2001,136,68000000,203388341,2.7885,6.817,4462,en,11649
11889,Айрис,2001,91,5500000,16153953,3.2188,6.405,205,en,36693
28171,Кандагар,2001,85,,,0.4469,6.244,87,en,120226
9523,Лантана,2001,121,,15747947,1.1656,6.7,220,en,38774
9428,Семейка Тененбаум,2001,110,21000000,71441250,3.5691,7.5,4799,en,5655
1649,Новые приключения Билла и Теда,1991,93,20000000,38040268,1.9352,6.3,1300,en,18357
11938,Пунктик,1986,96,,1476356,2.5353,6.223,204,en,70974
43143,The Trollenberg Terror,1958,84,,,1.158,4.729,94,en,101531
35201,Завещание Холкрофта,1985,112,,,1.1313,5.5,89,en,13776
42724,Морган: Подходящий клинический случай,1966,97,,,1.0456,6.2,37,en,72709
24264,Шина — королева джунглей,1984,117,25000000,58000000,4.2373,5.7,156,en,6778
27150,Безмолвный гнев,1982,103,4500000,10500000,2.6025,6.0,171,en,88096
26978,Космический охотник: Приключения в запретной зоне,1983,90,15000000,16478265,0.9996,5.3,131,en,1214133
19209,Лето белой воды,1987,90,,300859,1.3545,6.2,103,en,69982
8386,Торчки,2001,93,12000000,31200000,2.809,6.3,1001,en,54584
12589,Джимми Нейтрон: Мальчик-гений,2001,82,25000000,80936232,3.3164,6.07,962,en,60237
12312,Крутой Джо,2001,99,38000000,24500000,1.9034,5.7,207,en,58072
11232,Кейт и Лео,2001,118,48000000,76019048,3.1301,6.3,1435,en,366
120,Властелин колец: Братство кольца,2001,179,93000000,871368364,21.5636,8.426,26666,en,108
11086,Мажестик,2001,152,72000000,37317673,3.448,6.754,793,en,4027
453,Игры разума,2001,135,58000000,316791257,5.9519,7.855,10730,en,6159
18939,Полено,2001,132,,116710,2.9699,7.0,149,cs,83784
12724,The Convent,2000,79,,,2.3022,5.389,63,en,73409
11414,Скованные одной цепью,1958,96,,,1.4814,7.123,305,en,4081
31507,Додсворт,1936,101,,,0.5922,7.1,139,en,10001
42612,Холодным взором,1969,111,800000,5500000,1.5059,6.7,77,en,7067
18783,Сахара,1943,97,,2300000,3.2271,7.2,149,en,65852
12593,Приключения кота Фрица,1972,78,850000,90000000,2.2257,6.2,367,en,16384
14683,Девять жизней кота Фрица,1974,77,3500000,,5.7844,5.1,80,en,1180949
10794,Вечеринка,1968,99,1500000,2900000,3.165,7.3,811,en,1927
43136,За отдельными столиками,1958,99,,,2.0891,6.967,123,en,67451
45491,Секс и дзен,1991,99,,2365190,1.5333,6.046,98,cn,235180
5052,Топкапи,1964,119,,,0.9797,6.475,198,en,14227
37257,Свидетель обвинения,1957,116,3000000,9000000,3.0721,8.214,1578,en,3146
8489,Али,2001,165,107000000,87812729,3.9323,6.76,1808,en,638
855,Черный ястреб,2001,144,92000000,172989651,7.2592,7.388,6121,en,578
12660,Шарлотта Грей,2001,121,,741394,2.2326,6.128,179,en,58094
10269,Йентл,1983,133,12000000,30400000,3.3536,6.7,254,en,10400
5279,Госфорд парк,2001,131,19800000,87754044,1.816,6.821,1173,en,9789
10950,Я - Сэм,2001,132,22000000,92542418,6.0031,7.554,2404,en,16853
1365,Бал монстров,2001,113,4000000,44900000,2.4236,6.769,1042,en,12995
6440,Корабельные новости,2001,111,38000000,24690441,0.7672,6.385,403,en,5306
14580,Сильная жара,1953,90,,,1.8867,7.7,529,en,68
49410,Моторама,1991,90,1800000,10535,2.0013,6.5,59,en,51952
28296,Королева пчел,1955,95,,,3.4334,6.311,37,en,31843
24206,Под прицелом,1996,93,15000000,76382,2.6419,5.1,107,en,52968
6037,Ужин с убийством,1976,94,,32511047,1.7329,7.173,855,en,47498
42987,Слуга,1963,115,,,3.0401,7.6,360,en,39009
61418,Танец на воде,1992,106,,,2.3412,5.93,43,en,7406
27099,Почти ничего,2000,94,,326484,2.3138,6.335,79,fr,73761
11857,Страна чудаков,2002,82,18000000,43300000,2.6485,6.001,484,en,51851
6312,Братство волка,2001,142,29000000,70800000,3.7549,6.72,1657,fr,8296
11595,Другие 48 часов,1990,95,38000000,153518974,1.8526,6.0,945,en,1723
24166,А у вас который час?,2001,116,,,1.5016,6.951,112,zh,71174
26337,Фарфоровая луна,1994,99,15000000,3038499,3.0217,6.1,141,en,1527
59066,The Good Wife,1987,98,,1155000,1.1836,4.706,17,en,99384
77985,Любовники Марии,1984,109,,,2.2719,6.0,61,en,58728
77074,Романтическая комедия,1983,103,10000000,6857733,2.6882,5.0,22,en,133259
10170,Русский отдел,1990,123,21800000,22997992,1.518,6.1,314,en,64061
18317,"Верно, безумно, глубоко",1991,106,,,1.3698,6.9,105,en,2239
98491,Грозовой перевал,1970,104,800000,4500000,2.6433,6.3,43,en,20937
26686,Калифорнийский отель,1978,103,,42000000,2.073,5.8,121,en,18378
61934,The Long Gray Line,1955,138,,,1.3529,7.0,56,en,8500
27273,Полёт драконов,1982,96,,,1.7513,6.681,109,en,16410
848,Победитель дракона,1981,109,18000000,14110013,2.1492,6.5,304,en,12677
9610,Конан Разрушитель,1984,103,18000000,31042035,3.0421,6.127,1582,en,2087
15035,Огонь и лёд,1983,81,1200000,760883,3.1393,6.682,333,en,16384
16127,Forbidden Zone,1980,74,100000,,1.7045,6.198,106,en,127614
31603,Формула,1980,117,13200000,8894289,2.4561,5.5,45,en,16513
32020,Лисы,1980,106,,4400000,0.669,5.9,97,en,7270
33155,Галаксина,1980,95,5500000,4865000,2.4364,4.0,81,en,554946
4965,Пришелец,2001,102,40000000,8694320,2.043,6.122,444,en,5501
11891,Кунг По: Нарвись на кулак,2002,81,10000000,17000000,1.7898,6.38,710,en,4489
11888,Снежные псы,2002,99,35000000,81000000,1.7256,5.629,759,en,13581
150,48 часов,1982,96,12000000,78868508,2.5489,6.681,1620,en,1723
35263,Abschied - Brechts letzter Sommer,2000,91,,,0.8048,4.2,6,de,1552936
112,Итальянский для начинающих,2000,118,1000000,16350876,1.6896,6.4,146,da,1176
125717,ההסדר,2000,102,,,1.0496,6.8,8,he,77815
20678,Тень Бэтмена,1994,96,,,1.9147,5.297,192,en,24173
15050,Мозговой штурм,1983,106,18000000,10219460,2.7321,6.2,271,en,12112
10423,Дракон: История Брюса Ли,1993,120,14000000,63513743,1.6032,6.9,772,en,18878
11710,"Каждый за себя, а Бог против всех",1974,109,,,0.8479,7.346,355,de,6818
17691,4 for Texas,1963,124,4520000,,1.4253,5.06,58,en,18392
27378,Сердце из стекла,1976,94,,,1.1048,6.48,124,de,6818
57976,Little Dieter Needs to Fly,1997,77,,,1.1293,7.5,91,en,6818
651,Военно-полевой госпиталь М.Э.Ш.,1970,116,3500000,81600000,7.4206,7.0,1105,en,9789
31955,Миссис Соффел,1984,110,11000000,4385312,1.634,6.0,55,en,58094
20620,Вторые,1966,103,2500000,1750000,3.2823,7.3,403,en,13776
18647,Одноглазые валеты,1961,141,6000000,4300000,1.2869,6.737,238,en,3084
11362,Граф Монте-Кристо,2002,131,35000000,75395048,5.693,7.673,1931,en,8300
2637,Человек-мотылек,2002,119,32000000,55305279,1.6177,6.218,1198,en,11676
10229,Спеши любить,2002,101,11800000,47494916,4.374,7.757,4183,en,20739
50819,American Adobo,2001,104,344,342855,1.4925,4.222,9,tl,108689
12659,Пекинский велосипед,2002,113,,,1.9241,6.7,76,zh,1016305
41870,"Hey, Happy!",2001,75,,,1.3976,3.438,8,en,1198030
35650,Водоворот,2000,87,,,3.2401,6.22,182,fr,137427
9606,Метрополис,2001,108,15000000,4035384,3.0211,7.151,529,ja,58159
11447,Комната сына,2001,99,,,1.2834,7.092,531,it,69488
16550,Сказочник,2001,87,,1318945,2.2067,6.472,199,en,66605
13915,Waydowntown,2002,84,555000,,2.6568,5.56,25,en,91987
34723,Приключения Гекльберри Финна,1993,108,6500000,24103594,1.1608,6.2,198,en,7775
31674,Кузены,1989,109,13000000,22030000,0.7697,6.0,60,en,5572
52744,Влюбленные,1984,106,12000000,11129057,2.0668,6.7,386,en,140354
43340,Это молодое сердце,1954,117,,,1.3614,5.965,43,en,51677
20009,Чуваки,2002,86,14000000,6413915,2.6446,5.2,204,en,113641
2084,Именинница,2001,93,13000000,16171098,4.6257,5.898,422,en,21339
50225,Шепот ангелов,2000,106,,,0.828,6.6,26,en,41472
74692,Редкие птицы,2001,99,5000000,,4.1488,5.3,29,en,43526
39775,Страсть за решеткой,1974,83,180000,,2.9518,4.994,79,en,16294
51044,Кармен Джонс,1954,105,800000,9800000,2.6392,6.1,91,en,834
29475,The Five Heartbeats,1991,121,,,1.4963,7.3,69,en,68750
4267,Приготовьте ваши носовые платки,1978,108,,,1.426,6.566,137,fr,34262
4031,Вальсирующие,1974,117,,,4.5682,6.701,477,fr,34262
47871,Хонки-Тонк шоссе,1981,107,24000000,939423,1.1536,5.2,23,en,19304
11594,Собор Парижской Богоматери,1956,115,1000000,,2.4693,6.7,113,fr,70854
19562,Великолепный,1973,95,,,2.684,7.0,367,fr,34613
11870,Большой толстый лгун,2002,88,15000000,52970014,2.5055,5.9,861,en,17825
9884,Возмещение ущерба,2002,108,85000000,78382433,1.7847,5.768,1431,en,12989
11535,Роллербол,2002,98,70000000,25852764,2.0546,3.916,492,en,1090
27593,"Скотланд, Пенсильвания",2001,104,,,0.6241,5.9,37,en,111883
11212,Младенец на прогулке или Ползком от гангстеров,1994,99,50000000,16671505,4.3327,6.389,1397,en,56059
29887,Bright Eyes,1934,85,,,2.9024,6.7,28,en,76381
32484,Dimples,1936,79,,,2.5524,6.4,17,en,108987
28345,Хейди,1937,88,,,3.0277,6.826,115,en,93905
69928,"Мужчина, который любил женщин",1983,110,19000000,11000000,0.9894,4.7,44,en,1927
21921,Ричард Прайор: Здесь и сейчас,1983,83,,,0.3733,6.5,46,en,9309
21845,Новичок года,1993,103,31000000,56500758,1.4239,6.181,377,en,11511
11528,Площадка,1993,101,7000000,34348444,5.0111,7.5,1268,en,69741
2441,Vacas,1992,96,,,2.8302,6.4,64,es,16435
931,А теперь не смотри,1973,110,1500000,,2.2444,6.9,1141,en,14132
17130,Перекрестки,2002,93,12000000,61141030,2.658,5.216,659,en,57691
10592,Война Харта,2002,125,70000000,32287044,1.8405,6.4,1004,en,17812
8470,Джон Кью,2002,116,36000000,102244770,3.6439,7.1,2523,en,11151
16690,Питер Пэн 2: Возвращение в Нетландию,2002,72,20000000,109862682,2.7162,6.475,2368,en,2596066
39939,Суперполицейские,2001,103,3000000,23182223,5.0315,6.559,1176,en,52049
9272,Добрый сынок,1993,87,17000000,60613008,2.2539,6.775,1005,en,52629
14778,Последние желания,2001,109,,,0.7142,5.9,76,en,64061
19137,В погоне за «Лисом»,1966,103,,,0.7387,6.0,79,en,12329
32499,Злые и красивые,1952,118,1558000,3373000,1.4029,7.3,274,en,13980
8737,Откинь гигантскую тень,1966,146,,,1.4574,6.2,56,en,16745
33668,Модельерша,1957,118,,,2.5391,6.5,76,en,13980
39282,Смешная леди,1975,136,8500000,40055897,1.8646,5.2,67,en,18378
40687,Разбивающий сердца,1972,105,,5600000,1.2969,6.535,100,en,58251
37230,"В субботу вечером, в воскресенье утром",1960,90,,,0.9229,7.0,150,en,72709
993,Игра навылет,1972,138,3500000,5750000,1.1219,7.7,670,en,10601
11698,Строшек,1977,116,,,3.1777,7.315,279,de,6818
41357,Лето 42-го,1971,103,,,1.7903,6.7,155,en,8482
42458,С шиком,1973,109,,18312000,1.2925,6.0,60,en,50567
93427,Town Without Pity,1961,105,,,0.3712,6.9,20,en,127522
14475,Подержанные автомобили,1980,113,8000000,11715321,2.4757,6.403,277,en,24
43715,Смертельный богомол,1957,79,,,1.0826,4.9,75,en,44878
10052,Стрекоза,2002,104,60000000,52322400,2.8024,6.528,900,en,4499
11979,Королева проклятых,2002,101,35000000,45479110,4.1118,6.082,1125,en,28741
75151,Большая плохая любовь,2001,111,,100420,0.7729,5.2,10,en,3229
35868,Зеленый дракон,2001,115,,,1.8759,6.019,31,en,145627
13791,Как убить соседскую собаку?,2002,107,7300000,,0.7701,5.879,58,en,58097
27824,The Last Man,2000,95,,,0.5495,3.958,12,en,99080
270306,Maryam,2002,87,,,0.1611,8.0,1,en,656928
9991,Костолом,2001,99,2750000,7310206,3.2049,6.246,603,en,61571
480,Свадьба в сезон дождей,2001,114,1200000,30787356,0.793,6.769,214,hi,6495
44340,Вендиго,2002,91,,,2.5703,4.734,92,en,31268
18984,Ди-Джей,2001,92,,289536,1.5044,7.7,33,en,105802
25006,State Property,2002,88,,2106838,3.3618,6.391,46,en,93005
23479,Несносные медведи,1976,102,9000000,42349782,1.0199,6.9,317,en,12964
66946,Скандальные «медведи» едут в Японию,1978,92,,7092495,4.3085,4.7,39,en,94169
19050,The Bad News Bears in Breaking Training,1977,100,,19104350,0.4728,5.7,43,en,59649
38442,Бал пожарных,1967,71,,,1.4455,7.036,237,cs,3974
108266,Одинокий рейнджер,1956,86,,,1.6221,6.1,25,en,81285
108267,Одинокий рейнджер и город золота,1958,81,,,1.1865,6.5,17,en,130325
39387,Любовные похождения блондинки,1965,81,,,1.2952,7.0,179,cs,3974
15999,D: Жажда крови,2001,102,,151086,2.734,7.6,745,ja,56339
614,Земляничная поляна,1957,91,,,4.4554,8.1,1748,sv,6648
56133,Black Like Me,1964,105,,,0.8419,5.9,10,en,5262
121703,Королева скота из Монтаны,1954,88,,,1.483,5.6,26,en,93905
77955,Under the Skin,1997,82,1000000,,1.2562,5.943,35,en,536511
2752,40 дней и 40 ночей,2002,94,17000000,95146283,1.5086,5.5,1166,en,7145
10590,Мы были солдатами,2002,138,75000000,114660784,2.9903,7.144,2175,en,2460
40723,"Что ни день, то неприятности",2001,101,,9200,1.6864,5.768,219,fr,9888
29039,Арена и обнаженные гладиаторши,1974,83,,,1.1728,5.3,47,en,102627
22910,Большая клетка для птиц,1972,88,,,1.6343,5.6,82,en,31310
42517,The Big Doll House,1971,95,125000,10000000,1.7472,5.6,78,en,31310
40364,Собор,1989,102,3500000,,0.7135,6.071,245,it,87680
115332,Cross Creek,1983,127,8000000,,2.5614,6.6,25,en,18854
13225,Долина папоротников: Последний тропический лес,1992,76,24000000,32710894,2.465,6.373,612,en,74300
21380,Ад живых мертвецов,1980,99,,,3.7205,5.3,148,it,45672
46717,Перекресток,1994,98,45000000,21355893,1.9564,5.067,170,en,21958
63510,"Танцор Джо Джо, это твоя жизнь",1986,97,20000000,18034150,1.0066,6.333,33,en,9309
20465,Водолей,1987,90,1000000,,0.6265,6.5,228,it,87680
35614,Тролль в Центральном парке,1994,76,23000000,71368,2.0508,5.0,153,en,12881
7219,Пожиратели плоти,1979,94,497000,1925000,1.1565,6.7,655,it,29433
35810,The Amazing Quest of Ernest Bliss,1936,61,,,0.999,6.9,26,en,46520
18649,My Favorite Brunette,1947,87,,,0.5337,6.634,57,en,89914
18646,Королевская свадьба,1951,93,1700000,3900000,0.9761,6.4,104,en,13284
17058,Улица греха,1945,103,1202000,2948500,2.2116,7.6,410,en,68
13950,Все о Бенджаминах,2002,95,14000000,25482931,1.1535,5.871,182,en,34453
2135,Машина времени,2002,96,80000000,123700000,3.0697,6.308,2448,en,21879
15186,Во всей красе,2002,100,2000000,3438804,2.0839,4.623,108,en,1884
43997,Divorcing Jack,1998,110,,,1.9617,5.859,27,en,108497
31651,Поле,1990,110,,1494399,2.4962,7.0,99,en,53334
47869,Тайный план,1990,108,,1232210,1.6947,6.924,99,en,15488
207490,Luminarias,2000,100,1000000,428535,1.2847,2.333,3,en,3349426
965,Великолепие Амберсонов,1942,88,,,1.311,7.314,456,en,40
33135,Fun,1994,105,,,3.2422,5.5,27,en,130424
10889,Глория,1980,123,,4059673,3.198,6.9,255,en,11147
16149,The Great Rock 'n' Roll Swindle,1980,103,,,1.3686,6.245,51,en,22669
54287,Ангар 18,1980,97,,6000000,1.5781,5.123,77,en,177876
25628,Ястреб – мститель,1980,90,,,1.0032,4.7,64,en,152000
65262,"Он знает, что вы одни",1980,94,300000,4900000,1.0227,5.0,75,en,128639
10935,Врата рая,1980,218,44000000,3484331,1.5628,6.743,395,en,12114
44004,Герой по случайности,1980,98,,15934737,0.7661,5.907,43,en,89373
22288,Honeysuckle Rose,1980,119,,,2.9701,5.185,27,en,98199
32030,Игра в классики,1980,104,,,2.0824,7.0,171,en,7501
119617,Как победить дороговизну жизни,1980,105,,,7.0165,5.0,29,en,151843
29343,Твари из бездны,1980,80,,,0.7348,5.8,263,en,194568
39503,Скрытые пасы,1980,113,,,0.9799,6.2,31,en,7187
7988,Остров,1980,114,22000000,15700000,2.3292,5.2,99,en,12964
15310,Певец джаза,1980,115,13000000,27118000,1.561,5.9,69,en,2087
17909,Кто там поет,1980,86,130000,,1.6881,7.6,155,sr,253414
22130,Озеро живых мертвецов,1981,87,,,1.5771,3.2,68,fr,88820
26843,Лев пустыни,1981,173,35000000,1502136,2.0898,7.3,189,en,66203
27458,Маленькие прелестницы,1980,95,,,0.8694,6.5,98,en,66088
14807,Долгая Страстная пятница,1980,114,,,1.7217,7.1,402,en,40007
14729,Скачущие издалека,1980,99,10000000,15795189,1.6829,6.6,271,en,1723
46973,The Man Who Saw Tomorrow,1981,90,,,1.2874,7.0,21,en,106770
8690,Ад каннибалов 2,1980,93,,,3.1204,5.3,134,it,22467
39543,Мой американский дядюшка,1980,125,,,1.4227,6.962,195,fr,11983
39578,Клуб монстров,1981,93,,,1.3474,5.8,118,en,26134
3418,Прямой репортаж о смерти,1980,131,,,1.4111,6.294,109,fr,20556
30924,Адский мотель,1980,102,3000000,6342668,1.9343,5.8,257,en,95329
14929,День мамочки,1980,91,150,,1.1545,5.6,146,en,606215
75552,Люди гор,1980,102,,,1.5454,5.9,59,en,140194
18910,Девятая конфигурация,1980,118,,,0.651,6.427,165,en,57922
24919,Могильный холм,1981,85,,,1.2006,5.439,156,it,68662
26200,Обнаженная Бомба,1980,94,,,0.7976,5.3,84,en,33513
24825,Октагон,1980,104,4000000,18971000,1.7392,5.0,139,en,57665
38147,"Oh, God! Book II",1980,94,,,1.2473,5.3,42,en,119784
24032,О Боже!,1977,98,,41687243,2.1554,6.5,130,en,1895
26179,"О, божественный пес!",1980,103,,,1.1036,5.514,72,en,94787
4499,"Пепи, Люси, Бом и остальные девушки",1980,82,46000,332089,0.8011,6.3,185,es,309
11333,Суперполицейский,1980,104,,,1.2025,6.5,345,it,49450
425,Ледниковый период,2002,81,59000000,383257136,13.0492,7.367,13918,en,5713
1576,Обитель зла,2002,100,33000000,102984862,4.3331,6.647,6691,en,4014
5851,Шоу начинается,2002,91,85000000,77885672,2.3962,5.535,1027,en,46076
25014,Спасти Хэррисона,2000,130,,,1.3296,6.513,78,en,81782
15647,Целуя Джессику Стейн,2002,97,1000000,10013424,1.6341,6.04,238,en,76247
25110,Pauline & Paulette,2001,78,,,0.1435,6.8,20,nl,222506
38880,Promises,2001,106,,,2.2247,7.5,38,en,234749
1391,И твою маму тоже,2001,106,5000000,33600000,4.6227,7.4,1664,es,11218
18172,Все верные ходы,1983,91,5600000,17233166,1.6591,5.8,286,en,1044
24248,Разбойник Варавва,1961,137,,5800000,4.5919,6.857,168,en,2087
14605,Охотники за привидениями,1940,85,,,1.0853,6.5,81,en,19093
19797,I Think I Do,1997,90,,345478,0.9339,6.0,30,en,1066114
17804,Бледнолицый,1948,91,,,2.1916,6.041,73,en,82389
31805,Дорога в Марокко,1942,82,,7600000,1.0899,6.9,80,en,76381
13861,Road to Singapore,1940,85,,3200000,1.2991,6.5,44,en,148849
29021,Дорога в Утопию,1946,90,,,0.8583,6.7,45,en,102601
31812,Road to Zanzibar,1941,91,,,1.4056,6.3,34,en,148849
13006,Считанные секунды,1992,90,7000000,5430822,0.9383,5.91,340,en,70415
28213,Весенняя сказка,1990,108,,,1.4136,6.823,161,fr,28615
10627,Отбой,1981,126,14000000,35900000,2.6051,6.8,288,en,23213
42750,Return of the Secaucus Seven,1980,104,,,4.5816,6.508,62,en,102445
27930,Rude Boy,1980,133,,,0.9459,6.3,30,en,99273
259557,Running Scared,1980,96,,,2.2879,4.3,7,en,938741
28124,Как в старое доброе время,1980,102,,43995918,1.1184,6.3,157,en,51760
41034,Сериал,1980,90,,9870727,1.8057,5.173,15,en,157208
11563,Молодой мастер,1980,101,,,2.0018,7.0,230,cn,18897
15119,Убийца сёгуна,1980,85,,,4.0941,6.9,177,en,43980
55792,Simon,1980,97,,,2.3345,6.2,23,en,10439
12705,Смоки и Бандит 2,1980,100,17000000,66100000,1.4753,5.6,302,en,67767
11006,Смоки и Бандит,1977,96,4300000,126700000,3.0295,6.982,770,en,67767
15120,Смоки и Бандит 3,1983,85,9000000,7000000,1.4461,4.4,172,en,33880
40072,Заводные,1980,120,,,2.3048,6.3,116,nl,10491
21629,Буйнопомешанные,1980,111,10000000,101300000,1.4463,6.5,466,en,16897
16026,Sällskapsresan eller Finns det svenskt kaffe på grisfesten,1980,107,,5010362,1.4319,6.8,100,sv,79056
2371,Тегеран 43,1981,150,,,1.4988,6.2,28,ru,24375
73134,Нежные кузины,1980,92,,,6.3996,5.7,81,fr,188517
36586,Блэйд 2,2002,117,54000000,155010032,4.9742,6.556,5026,en,10828
6020,Парни из женской общаги,2002,93,12000000,12517488,1.1989,5.628,262,en,486
39541,Украденное лето,2002,91,1800000,163348,2.8925,6.2,33,en,285452
125764,In the Winter Dark,1998,92,,,0.908,5.25,10,en,208118
18292,George Washington,2000,90,42000,241816,0.3857,6.6,119,en,64141
29394,Склонность к убийству,1961,87,,,2.9296,6.409,82,en,12011
112942,La vida es silbar,1998,106,,,2.1824,5.375,8,es,932403
90974,Маяк на краю света,1971,128,,,1.9679,6.0,51,en,140910
29402,Мистер Сардоникус,1961,90,,,2.6685,6.3,72,en,12011
29396,Смирительная рубашка,1964,93,,,2.2029,6.5,130,en,12011
15028,Останавливающие время,2002,94,26000000,38793283,2.1244,5.301,340,en,2388
9275,Убить Смучи,2002,109,55000000,8400000,0.8276,5.9,415,en,518
4547,Комната страха,2002,107,48000000,197100000,3.7366,6.795,5245,en,7467
14635,Новичок,2002,127,20000000,75597042,2.8661,6.815,476,en,54040
29135,Монстр,2002,102,5000000,62703,0.928,6.0,67,en,91343
1791,Пианистка,2001,131,6200000,6766708,5.8591,7.3,1201,fr,6011
184835,Teddy Bears' Picnic,2001,80,,28149,0.3175,2.3,3,en,6008
41756,30 Years to Life,2001,110,,,0.2189,6.0,8,en,1197831
35651,Тайм аут,2001,134,,,0.317,6.7,91,fr,17386
62956,Very Annie Mary,2001,104,,46352,1.0207,5.273,22,en,58628
116904,Bar Girls,1994,93,,,1.6964,3.722,9,en,1010308
22784,Берта по прозвищу Товарный вагон,1972,88,600000,,2.2319,5.821,226,en,1032
40814,Преступление на почве страсти,1984,107,,,1.971,6.3,188,en,32327
53426,"Зло, творимое людьми",1984,90,4600000,13102025,1.0151,5.7,111,en,18669
24585,Студенческие каникулы,1985,94,,3333306,2.4832,5.098,66,en,68457
17990,Экспромт,1991,107,,,2.1419,6.0,63,en,90037
129542,Salmonberries,1991,95,,,2.2581,5.2,15,en,32632
5678,The Wrong Guys,1988,86,,,1.3918,5.462,12,en,44789
11560,Особо тяжкие преступления,2002,115,42000000,63781810,1.4054,6.355,835,en,21712
11452,Король вечеринок,2002,94,6000000,39241323,2.5644,6.03,1891,en,68573
18435,Клуб неудачниц,2002,112,,,3.5701,5.628,47,en,110169
35944,Подарок судьбы,2001,107,,,0.4342,6.1,35,en,57630
64310,Les Destinées sentimentales,2000,180,,,1.264,5.5,28,fr,21678
25501,"После наступления темноты, моя дорогая",1990,114,,,1.9846,5.628,82,en,15890
26851,Атомное кафе,1982,86,300000,22293,0.971,7.3,71,en,96445
17487,Тело и душа,1947,104,,,1.112,6.664,113,en,14875
34276,Первые люди на Луне,1964,103,,1650000,1.487,6.4,136,en,44878
548,Расёмон,1950,88,250000,117668,3.9662,8.047,2415,ja,5026
11590,Удар по воротам,1977,123,6000000,28000000,4.2123,6.796,415,en,9577
1537,В чужом ряду,2002,98,45000000,94935764,1.9272,6.3,1161,en,7017
12149,Порок,2002,96,11000000,17400000,2.7871,6.951,1250,en,2053
44373,Лучшая подруга,2002,90,,,1.0996,4.859,39,en,996749
11812,Милашка,2002,84,43000000,68696770,1.7026,5.595,1148,en,11873
35080,Смерть в Голливуде,2001,114,7000000,3646994,1.3472,5.803,132,en,39012
441,Звериная натура,2001,96,6000000,1600000,1.9525,6.011,280,en,201
8346,Моя большая греческая свадьба,2002,95,5000000,368744044,2.0255,6.5,2224,en,54644
14168,В 3:10 на Юму,1957,92,,1850000,3.2236,7.2,391,en,76981
32617,Прикуси пулю,1975,132,4000000,,1.5231,6.4,120,en,3632
31671,Побег,1975,96,1000000,16000000,2.4789,6.3,102,en,18592
2565,Джо против вулкана,1990,102,25000000,39400000,2.1049,5.8,560,en,26095
307,"Рим, открытый город",1945,103,20000,1000000,2.7216,8.019,947,it,4410
15482,Возвращение Помидоров-Убийц,1988,98,1000000,5000000,1.4735,5.672,239,en,22353
45878,Возвращение в школу ужасов,1987,89,,,1.5463,5.2,177,en,1232939
6393,Как разобраться с делами,1990,104,14000000,20000000,1.5338,6.254,173,en,133259
12154,Трое мужчин и младенец,1987,102,11000000,242780960,2.1953,6.205,1044,en,1749
11630,Трое мужчин и маленькая леди,1990,104,,71600000,1.9214,5.87,553,en,716
25133,Трансильвания 6-5000,1985,93,3000000,7200000,1.0706,5.288,158,en,67674
21970,Лесной наблюдатель,1980,83,9000000,5000000,1.2686,5.9,150,en,19032
11892,Отсчет убийств,2002,115,50000000,56714147,1.1482,6.169,1114,en,23393
9334,Царь скорпионов,2002,92,60000000,165333180,3.5684,5.597,3273,en,26713
36093,Последнее солнце,2001,105,,,4.8136,7.294,124,pt,8574
35694,Стены Челси,2001,109,,,0.3646,4.25,24,en,569
10491,Энигма,2001,119,,15705007,1.0229,6.3,320,en,10781
70054,Девушки не умеют плавать,2000,102,,,0.7118,3.938,16,fr,1001912
18323,Joshua,2002,91,9000000,1347988,2.5005,6.4,21,en,77747
18079,Девять королев,2000,114,1300000,12413888,5.7216,7.8,774,es,74907
110989,Дом с привидениями,2002,106,,,2.4957,5.9,22,en,554946
35337,The Triumph of Love,2001,112,,,1.1891,6.0,20,en,133420
59199,Странник,2002,103,,,1.5767,3.917,24,en,86203
11470,Джейсон Х,2001,91,11000000,17077882,2.5123,4.869,1454,en,69579
16643,"Жизнь, или что-то вроде того",2002,103,40000000,16872671,2.188,5.692,585,en,18356
1282,Dogtown and Z-Boys,2002,90,,,0.785,7.028,159,en,4319
21220,"Frank McKlusky, C.I.",2002,83,,,1.1698,4.4,21,en,15042
52717,Éloge de l'amour,2001,99,,,0.992,6.6,42,fr,3776
69324,Rain,2001,92,,,2.9476,5.5,22,en,74152
11468,Море Солтона,2002,103,18000000,1073198,1.6365,6.548,342,en,40256
292917,Some Body,2001,77,,,0.1434,4.0,3,en,202885
19085,Вульгарный,2002,87,120000,14904,1.8206,5.265,49,en,572591
73462,Авиатор,1985,96,,1304192,2.5274,5.7,35,en,1174031
26030,Боб-прожигатель,1956,103,,41010,1.437,7.3,285,fr,3831
10164,Человек-кадиллак,1990,97,,27575086,0.8063,5.823,279,en,21370
42048,Парень из фирмы «Кока-Кола»,1985,94,,,1.8228,5.4,59,en,17554
62001,Куба,1979,122,,,1.4958,5.422,51,en,10586
28117,В бреду,1991,96,18000000,5546827,2.1654,5.621,149,en,7190
40555,Полная Луна в голубой воде,1988,95,,,1.0883,6.025,20,en,71732
28384,Мужья и жены,1992,108,,,1.0603,7.0,479,en,1243
46691,Джо,1970,107,106000,19319254,2.0456,6.415,72,en,16513
27094,Ленни,1974,111,,,1.6385,7.278,288,en,66777
26725,Кочевники,1986,89,2278264,,0.6382,4.851,121,en,1090
17168,Временная секретарша,1993,99,15000000,,0.5522,4.7,65,en,64796
48482,Похититель сердец,1984,100,9000000,10364904,1.17,5.3,43,en,27538
56179,Триумф духа,1989,120,,,1.5024,6.553,57,en,86293
5203,Дикая орхидея,1989,105,7000000,11060485,2.708,5.2,288,en,42113
13201,Дикая банда,2002,96,10000000,6282446,2.9579,5.523,107,en,65390
9689,Голливудский финал,2002,112,16000000,14569236,2.1387,6.483,515,en,1243
557,Человек-паук,2002,211,139000000,821708551,10.7555,7.317,20067,en,7623
69850,The Mystic Masseur,2001,117,,,0.1893,5.0,9,en,54448
44768,Теплая вода под Красным мостом,2001,119,,,1.9996,6.51,52,ja,20025
1815,Глубокий сон,1978,100,,,1.5659,5.858,95,en,19244
55106,Бабочки свободны,1972,109,,,1.2888,6.735,85,en,213341
28289,Цветок кактуса,1969,103,3000000,25800000,2.6948,7.119,231,en,69300
32037,Перевал Кассандры,1976,129,6000000,15300000,1.6861,6.2,220,en,16566
39154,Вторжение гигантских пауков,1975,79,300000,15000000,1.3898,4.071,91,en,114518
24767,Железная воля,1994,108,,21006361,2.1763,6.713,319,en,69791
33796,Лунные горы,1990,136,18000000,4011793,1.2025,6.5,81,en,19450
32221,Беспутная Роза,1991,112,7500000,6266621,0.8352,6.1,78,en,63713
28466,Школа выживания,1983,103,,,1.7277,5.63,109,en,12964
12227,Белый клык,1991,107,14000000,34793160,2.1854,6.75,639,en,8876
43643,Белый клык 2: Легенда о белом волке,1994,106,,,1.7309,6.9,141,en,129723
10985,Крутой парень,2002,88,13000000,31200000,2.5355,5.928,630,en,7397
2251,Неверная,2002,124,50000000,119137784,4.9054,6.675,1636,en,7270
2894,Роялистка,2001,129,,,1.3338,6.4,37,fr,28615
20712,Шлюха,1991,85,,1008404,1.0049,5.246,110,en,32327
11240,Моя прекрасная прачечная,1985,98,860000,2451545,1.1173,6.687,291,en,3224
46592,Баллада о солдате,1959,89,,,1.9896,7.9,209,ru,231414
45186,Нехорошая мамаша,1974,83,,,1.3277,5.6,71,en,102627
86483,Big Bad Mama II,1987,83,1200000,,1.152,4.7,22,en,98132
5425,За пределами тьмы,1979,94,,,0.6285,6.462,185,it,31775
14117,Джейн-катастрофа,1953,101,,,1.9334,7.014,182,en,76381
38360,Летят журавли,1957,97,,,2.053,7.9,426,ru,108764
29318,Devil Doll,1964,81,,,1.9463,4.6,50,en,103482
28907,Девушки Харви,1946,104,,,0.9477,6.49,51,en,21506
39771,The Lady in Red,1979,93,,,1.1857,5.6,41,en,21819
245,Мой мальчик,2002,101,27000000,129000000,2.2434,6.684,2317,en,3288
1894,Звёздные войны: Эпизод 2 - Атака клонов,2002,142,120000000,649398328,5.15,6.586,13935,en,1
4012,Фанатик,2001,98,1500000,1309316,2.7296,6.884,649,en,30458
9026,Как важно быть серьезным,2002,97,15000000,17300000,5.6525,6.832,496,en,56710
42193,Атака легкой кавалерии,1968,130,,,1.6197,6.0,70,en,32765
15417,Как ни крути – проиграешь,1978,114,5000000,85196485,1.8417,6.126,485,en,66222
11791,Собака Баскервилей,1959,86,,,1.989,6.8,357,en,29662
28577,Я хочу жить!,1958,120,,,0.5984,6.9,113,en,1744
13963,Последний вальс,1978,117,,321952,1.3383,7.644,292,en,1032
23102,Гордость и страсть,1957,132,,,1.658,6.0,40,en,4081
1957,С меня хватит,2002,114,38000000,51800000,2.5084,6.655,1210,en,10781
320,Бессонница,2002,118,46000000,113714830,4.6354,6.955,5053,en,525
9023,Спирит: Душа прерий,2002,83,80000000,122563539,7.1169,7.686,4794,en,12079
27834,"Агент ""Стрекоза""",2001,88,7000000,499891,2.0018,5.9,69,en,38803
17734,13 разговоров об одном,2001,104,,,1.0058,6.243,101,en,145134
24010,Автобусная остановка,1956,96,220000,7270000,2.4449,6.1,228,en,86051
39435,Отчаянный ковбой,1958,92,,1600000,3.0006,6.343,67,en,76981
24005,Можешь не стучать,1952,76,,,1.089,6.6,156,en,26134
44800,Игрок,1974,111,,,2.946,6.7,121,en,72709
24014,Займемся любовью,1960,119,,,1.4075,6.384,176,en,14674
24008,Обезьяньи проделки,1952,97,,2000000,0.8474,6.682,277,en,11435
53229,Реквием по тяжеловесу,1962,85,1100000,,1.2933,7.2,75,en,16888
1936,Река не течет вспять,1954,91,2195000,3820291,2.2164,6.67,465,en,834
4614,Цена страха,2002,124,68000000,193921372,3.2204,6.365,1861,en,23968
12277,Тайный брат,2002,86,25000000,41604473,2.4375,5.869,408,en,72024
267345,The Diaries of Vaslav Nijinsky,2002,95,,,1.1253,3.6,5,en,939275
112991,The Sleepy Time Gal,2001,108,,,0.7279,5.1,9,en,96919
15677,"Чаринг Кросс Роуд, 84",1987,100,,2538291,1.2184,7.2,223,en,78514
58455,Дакота,1945,82,,,1.6474,5.1,33,en,90069
36554,Песчаные крысы,1953,88,,,1.2698,6.3,93,en,1744
48216,Рождественский пирог,1999,106,,,1.3768,5.851,87,fr,1963
41165,Нора,2000,106,,,2.0889,4.971,17,en,125659
13153,Беглый огонь,1992,95,10000000,14356479,2.6234,6.396,247,en,56998
811,Молчаливое бегство,1972,89,1000000,,1.2443,6.402,616,en,12112
43532,Summer Holiday,1963,108,,,3.38,5.9,39,en,12804
163907,Кактус Джек,1979,89,5000000,,2.8732,5.74,154,en,67767
7216,Остров зомби,1980,84,,,0.3397,5.5,167,it,38585
3132,Плохая компания,2002,116,70000000,65977295,1.3972,5.5,829,en,5572
9583,Божественные тайны сестричек Я-Я,2002,116,27000000,73839240,3.9568,6.1,251,en,17397
18408,Чериш,2002,99,,,2.4969,6.0,40,en,84692
13245,Быстрый бегун,2002,172,1934000,3786801,0.3076,6.9,75,iu,97296
2501,Идентификация Борна,2002,119,60000000,214034224,8.9263,7.47,9754,en,11694
9637,Скуби-Ду,2002,86,84000000,275650703,5.6359,6.095,4645,en,1215
12100,Говорящие с ветром,2002,134,115000000,77600000,2.1298,6.326,1354,en,11401
16857,Опасные игры,2002,104,12000000,2036599,1.0762,6.584,166,en,42518
52258,Новое платье императора,2001,107,,,1.4453,6.7,42,en,47005
10394,Гангстер №1,2000,103,,30915,1.1826,6.4,221,en,2291
27451,Harvard Man,2001,99,,,0.485,4.592,49,en,56381
15813,Зияющая синева,2001,112,5000000,,0.5261,6.8,89,cs,11688
31591,Плохая компания,1972,93,,,2.5869,6.4,96,en,6729
18905,Пещерный человек,1981,91,,15965324,2.9933,6.5,168,en,8555
14774,Корсиканские братья,1984,91,,,1.2052,4.986,74,en,63208
4993,5 карт,1968,103,,,1.0787,6.232,84,en,37360
27052,В честь пропавшего солдата,1992,92,,,1.1574,6.7,77,nl,96842
34130,На юг,1978,109,,7435671,2.5326,5.801,156,en,514
38950,Герой и Ужас,1988,96,,6000000,1.9812,5.308,104,en,1339821
17898,Серебряная пуля,1985,95,7000000,12400000,4.0229,6.6,661,en,1223735
21635,"Извините, ошиблись номером",1948,89,,,1.3767,6.738,195,en,37361
27945,Омбре: Отважный стрелок,1967,111,5860000,12000000,2.8251,7.0,226,en,18854
43139,Из первых рук,1958,95,,,0.5861,6.7,46,en,7501
30194,Манхэттенский проект,1986,117,18000000,3900000,1.5256,6.2,107,en,10439
10169,Мужчины за работой,1990,98,9000000,16200000,1.2134,5.694,405,en,2880
27225,Сукин сын,1981,121,,,1.2069,5.94,92,en,1927
13909,Она носила желтую ленту,1949,103,1600000,5400000,1.7961,6.9,387,en,8500
103299,Кровавый след,1992,105,,3206713,1.0546,5.412,34,en,115447
41805,Детектив В.И.Варшавски,1991,89,,,1.165,4.72,107,en,67897
35696,Суперстар,2002,91,15600000,,2.5385,5.0,100,en,114646
11544,Лило и Стич,2002,85,80000000,273144151,8.1962,7.563,6887,en,66193
180,Особое мнение,2002,145,102000000,358372926,5.3585,7.35,9272,en,488
9555,Клетка для кроликов,2002,94,6000000,16200000,1.5274,6.974,378,en,13015
57022,Sunshine State,2002,141,,3369654,2.0814,6.345,42,en,102445
17710,Арнольд!,2002,76,3000000,15249308,1.6793,6.5,367,en,1409418
2022,Миллионер поневоле,2002,96,50000000,171269565,4.4557,5.9,2431,en,32593
50035,Lovely & Amazing,2002,92,250000,4186931,2.158,6.0,86,en,56539
9719,Тыковка,2002,113,,308108,0.3364,5.803,114,en,58745
11982,Уж кто бы говорил 3,1993,96,22000000,10340263,1.5382,5.318,1062,en,19305
27224,Затерянные в Йонкерсе,1993,114,,,1.1057,6.3,44,en,63713
12251,Больше денег,1992,97,17000000,40227006,2.5093,5.528,145,en,16589
88818,Предмет красоты,1991,103,,5136192,2.0558,5.3,43,en,125543
30114,Караван на восток,1994,107,,4412297,1.9269,4.86,107,en,67632
70489,Zebrahead,1992,102,,,3.1542,5.6,21,en,173686
21972,Как Майк,2002,99,30000000,62300000,1.6874,6.11,553,en,79656
608,Люди в чёрном 2,2002,88,140000000,445135288,6.2844,6.382,10352,en,5174
59387,Суперкрошки Фильм,2002,73,11000000,16426471,1.7017,6.8,335,en,122967
26290,С тобой и без тебя,2001,107,,,1.157,6.424,59,en,226493
17043,The Crocodile Hunter: Collision Course,2002,90,12000000,33082548,1.8816,5.4,109,en,944713
6278,Власть огня,2002,101,60000000,82150183,2.7265,6.197,2369,en,12523
4147,Проклятый путь,2002,117,80000000,181001478,2.6562,7.347,3846,en,39
16664,Всё о Лили Чоу-Чоу,2001,146,1250000,6776921,4.9472,7.399,263,ja,55785
14651,Моя жена актриса,2001,95,,,0.9356,6.1,71,fr,2245
96238,Никогда больше,2001,98,,307576,2.6684,3.556,9,en,68185
15096,20 миллионов миль от Земли,1957,82,,,2.1733,6.17,162,en,44878
19731,Большое автоограбление,1977,84,602000,,0.9378,5.232,56,en,6159
20324,Как важно быть серьезным,1952,95,,,1.2607,7.2,118,en,32919
49370,Идеально,1985,115,19000000,12918858,3.2689,5.619,193,en,14838
14902,1776,1972,141,6000000,2800000,0.4315,6.9,80,en,129514
42254,Кулачное право свободы,1975,125,,,1.3417,7.2,143,de,2725
1842,The Legend of Boggy Creek,1972,87,160000,22000000,0.3622,5.0,74,en,66224
2721,Дзета,1969,121,,83305,4.269,7.771,590,fr,27436
11442,Хэллоуин: Воскрешение,2002,94,13000000,37664855,1.746,4.6,1365,en,33341
1364,Люсия и секс,2001,128,,7640680,2.9466,6.65,595,es,16435
8869,Атака пауков,2002,99,30000000,45900000,2.8642,5.811,1306,en,56150
8665,К-19,2002,138,100000000,65700000,2.7404,6.5,1108,en,14392
10996,Стюарт Литтл 2,2002,78,120000000,169956806,2.6704,5.8,2496,en,18898
818,Остин Пауэрс: Голдмембер,2002,94,63000000,296938801,3.4799,6.004,3296,en,6737
18357,Деревенские медведи,2002,88,35000000,18012097,1.1735,4.7,127,en,64149
29047,The Kid Stays in the Picture,2002,93,40000,1434436,1.139,6.6,95,en,102109
45861,幸福时光,2000,102,1900000,240093,1.6142,7.055,55,zh,607
39141,Ловелас,2002,78,150000,2891288,1.879,5.625,96,en,17046
33152,"Тот, которого заказали",2001,92,9000000,253000,1.0896,5.746,63,en,110174
149445,Гарри и Уолтер следуют в Нью-Йорк,1976,115,,,0.6035,5.6,23,en,21958
10309,Продавец четырех времен года,1972,88,,,0.3792,6.613,75,de,2725
6404,Носферату: Призрак ночи,1979,107,1400000,3451,3.0723,7.275,1036,de,6818
19133,Большой автобус,1976,88,,,1.2446,5.245,108,en,68457
43199,История Эдди Дучина,1956,123,,,1.2793,6.2,36,en,21506
43915,Фатом,1967,95,,,2.2506,5.9,36,en,27728
24130,Двойник Флинта,1967,114,3775000,11000000,1.3141,6.1,82,en,51677
43445,Земля дрожит,1949,160,,,1.8172,7.693,168,it,15127
36645,Модести Блэйз,1966,119,,,0.7739,5.2,70,en,39009
5155,Одержимость,1944,140,,,0.6247,7.5,262,it,15127
23728,Парень по кличке Флинт,1966,108,,,0.8901,6.4,121,en,90522
3780,Красная борода,1965,185,,,2.3583,8.115,388,ja,5026
10786,Робин и Мэриан,1976,106,5000000,,1.6332,6.32,256,en,10586
8764,Совершенно секретно!,1984,90,9000000,20500000,2.8834,7.1,1319,en,12936
13908,Мастер Перевоплощения,2002,80,16000000,43400000,1.2825,3.976,319,en,20824
2675,Знаки,2002,106,72000000,408200000,4.871,6.701,6009,en,11614
12308,Последний поцелуй,2001,115,,,1.2274,6.4,524,it,20646
9488,Дети шпионов 2: Остров несбывшихся надежд,2002,100,38000000,119723358,3.4163,5.657,2286,en,2294
9962,Хорошая девочка,2002,93,8000000,16900000,1.3279,6.215,662,en,61069
9573,Кровавая работа,2002,110,50000000,31794718,1.444,6.205,863,en,190
7451,Три икса,2002,124,70000000,277448382,49.1038,5.975,4680,en,18878
2750,Круглосуточные тусовщики,2002,117,,2802899,1.7336,6.938,487,en,172
30586,Biggie & Tupac,2002,107,,,1.051,6.3,78,en,92561
61112,Замок,2001,91,,,1.9669,4.676,17,en,130816
92384,Trois 2: Pandora's Box,2002,103,800000,833779,1.3876,5.528,18,en,31123
43772,رأی مخفی,2001,105,,,0.1947,5.9,13,fa,225551
20337,Martin Lawrence Live: Runteldat,2002,113,3000000,19184015,0.8438,5.225,20,en,78029
27062,Лань Юй,2001,86,,,0.9917,6.9,55,zh,96861
34070,Песни со второго этажа,2000,99,,80334,1.357,7.0,295,sv,45791
6173,Читай по губам,2001,115,,,1.4296,7.1,350,fr,17496
10305,Спасибо за шоколад,2000,101,,,1.1532,6.325,137,fr,19069
42337,Отчим,1981,123,,,5.4148,6.526,134,fr,34262
18694,Перемени обличие,1969,93,,,1.1711,5.3,28,en,83467
74578,Une affaire de goût,2000,90,,,2.4147,6.229,35,fr,266089
10081,Директор,1987,109,11000000,19734940,2.9887,6.5,297,en,56828
11484,Роллербол,1975,125,6000000,30000000,3.0051,6.265,582,en,13563
11692,Приключения Плуто Нэша,2002,95,100000000,7103973,1.5476,4.409,509,en,33485
9266,Голубая волна,2002,104,25000000,51842679,2.6724,5.994,555,en,57082
3640,Неотразимая Марта,2001,109,,4160475,3.9453,6.7,107,de,18903
8653,Остров,2000,93,50000,24963,2.8321,6.926,352,ko,1188
30072,Одержимость,2002,102,25000000,10113733,2.601,6.0,190,en,58689
9357,Фото за час,2002,96,12000000,52223306,1.539,6.641,1817,en,57446
12771,Мошенники,2002,100,29000000,16930185,2.4583,5.4,337,en,68215
9296,Симона,2002,117,10000000,19576023,0.8979,5.973,948,en,8685
15070,Неоспоримый,2002,94,20000000,14946150,5.8866,6.524,778,en,1723
26942,Amy's Orgasm,2001,87,,,0.4453,4.714,14,en,87033
206042,Children on Their Birthdays,2002,104,,,1.1517,5.714,7,en,19799
26895,ハッシュ!,2001,135,,52462,1.5037,6.143,14,ja,96557
60608,Comment j'ai tué mon père,2001,98,29000000,1802142,0.527,5.76,25,fr,48583
146231,Hybrid,2000,92,,,0.0,4.2,5,en,1123834
97447,Satin Rouge,2002,100,,3314254,3.8325,6.0,11,fr,139385
11243,Заботливые медвежата,1985,76,2000000,34000000,1.6739,6.024,145,en,68732
19975,Заботливые медвежата 2,1986,76,3400000,12000000,1.3147,6.3,79,en,85365
10323,Битва Титанов,1981,118,12000000,41092328,2.838,6.893,815,en,64823
9595,Горячие головы,1991,84,26000000,181096164,3.1343,6.587,2330,en,12936
28319,Город зомби,1980,91,,,0.667,5.7,174,it,22467
46878,Рой,1978,116,21000000,7700000,2.2428,5.0,187,en,7506
24750,Путешествие в машине времени,1979,112,,13000000,1.4886,6.8,364,en,1788
31393,The Unearthly,1957,73,,,0.2394,3.7,25,en,117615
24038,Телефон дьявола,1988,105,,2955917,1.8095,5.1,142,en,5139
79783,Camilla,1994,95,8500000,250993,2.2607,5.523,22,en,4760
9941,Без гроша в Беверли Хиллз,1986,103,14000000,62134225,1.3016,5.896,270,en,47773
18639,Пламенеющая звезда,1960,92,1700000,2000000,2.8785,6.5,94,en,14773
39833,Люби меня нежно,1956,89,1000000,9000000,1.1729,6.1,90,en,89216
32858,Возвращение вампира,1943,69,75000,1090000,1.3562,6.092,65,en,82491
3127,Месть Франкенштейна,1958,90,,,1.1077,6.6,144,en,29662
10859,Слежка,1987,116,14500000,65673233,2.0033,6.5,433,en,12840
32825,Одиночка,1961,114,,,0.9622,6.2,35,en,116326
10725,Волки,1981,115,17000000,10626725,2.2883,5.9,247,en,57885
9544,Страх.сом,2002,101,40000000,18902015,2.3487,3.757,391,en,57898
23967,"Шлепни ее, она француженка",2002,89,,,0.9807,4.6,87,en,83313
57351,Любовь и пули,2002,85,,18926,0.7799,4.444,18,en,225967
26165,Безумие любви,2001,117,4800000,,1.5161,6.1,71,es,105153
31514,Свободу нам,1931,95,,,1.8624,7.0,109,fr,33166
13571,Истинные цвета,1991,111,20000000,418807,2.6111,6.2,79,en,18378
26056,Snipes,2001,113,,70569,1.7879,5.954,13,en,94643
13536,Последнее дело Ламарки,2002,108,40000000,22433915,1.5687,5.775,374,en,30365
20616,Фанатка,2002,85,8500000,34411240,0.7275,5.224,277,en,15337
96218,Heartbreak Hospital,2002,91,,1006,0.3492,6.3,3,en,1008375
79319,Инкубус,1982,93,,,2.2409,5.6,112,en,19032
16806,Опасный Джонни,1984,90,9000000,17000000,1.9198,6.277,204,en,57434
15516,Последний дом слева,1972,84,90000,,2.1053,6.0,747,en,5140
9299,Дипломная работа,1996,125,,2647055,6.3682,7.5,899,es,19840
113369,Le cas Pinochet,2001,110,,,0.7055,6.8,9,fr,566294
10611,Парикмахерская,2002,102,12000000,77063924,4.0892,6.4,512,en,20400
12770,Мой криминальный дядюшка,2002,85,25000000,14277032,1.9294,4.8,141,en,73499
4108,Перевозчик,2002,92,21000000,43900000,5.2569,6.714,5623,en,35452
55903,Похищение для Бетти Фишер,2001,103,,,0.981,6.1,29,fr,18209
46466,Дети века,1999,135,,,1.4985,5.81,42,fr,77005
9685,Игби идет ко дну,2002,98,9000000,4777465,1.4534,6.565,336,en,58552
87481,昨天,2001,114,,18566,0.5454,6.526,19,zh,15156
16370,Аспен Экстрим,1993,113,,8041049,2.2321,5.7,34,en,1222805
18913,Свадьба Бэтси,1990,94,,19740070,1.1456,5.7,50,en,21278
14361,Капитан Рон,1992,100,24000000,22518097,1.9654,5.6,311,en,68381
41021,The Devil Bat,1940,68,,,0.6107,5.262,84,en,89745
18943,Эрнест идет в тюрьму,1990,81,,25029791,2.2693,5.0,165,en,83961
32685,Эрнест напугал дураков,1991,91,,,1.8328,5.262,202,en,83961
64079,Шелкопряды,1969,107,,,1.5284,6.043,47,en,13776
18477,У холмов есть глаза 2,1985,90,700000,,1.4889,4.3,273,en,5140
12262,У холмов есть глаза,1977,90,350000,25000000,2.0912,6.164,965,en,5140
33506,Бабье лето,1993,97,,,2.612,6.3,72,en,24173
29515,Сутенер,1973,110,,,0.3328,6.4,61,en,104051
41582,Неприятности с обезьянкой,1994,96,,16453258,2.9383,5.7,211,en,73690
50382,Монстр из шкафа,1986,90,,,1.0784,4.9,91,en,940711
42633,С леди так не обращаются,1968,108,,3100000,1.307,6.6,57,en,30422
26680,На волне ужаса,1977,85,200000,,0.5431,4.8,130,en,92851
34086,Завоеватели из космоса,1990,100,3000000,15369573,2.7039,4.722,79,en,56059
11504,Коммандо из пригорода,1991,88,11000000,8000000,0.8076,4.695,190,en,18579
23470,Ниндзя серферы,1993,87,6500000,4916135,2.4295,5.0,148,en,57359
977,Табу,1931,86,,,1.7417,7.1,176,en,9076
233,Странники,1979,117,,23000000,4.5452,7.0,210,en,648
19049,Оленёнок,1946,128,,,2.418,6.6,99,en,84034
5506,Убийцы леди,1955,91,,,2.8549,7.3,510,en,14566
32961,Банда с Лавендер Хилл,1951,78,,,1.2119,7.216,268,en,8929
32568,Человек в белом костюме,1951,85,,,1.4446,6.9,195,en,14566
29698,Крысолов,1999,94,,,2.923,7.107,229,en,83287
22244,Общество,1989,100,,,2.3956,6.7,597,en,27992
19460,Сын невесты,2001,123,,,0.2209,7.473,221,es,84714
575,Эксперимент,2001,120,,13782896,1.6102,7.407,1158,de,7832
10550,Баллистика: Экс против Сивер,2002,91,70000000,19924033,1.7365,4.3,381,en,65615
9034,Сестры Бэнгер,2002,97,10000000,38068353,1.1921,5.6,258,en,12648
9093,Четыре пера,2002,125,35000000,29882645,1.9491,6.6,573,en,37630
9039,24 часа,2002,106,30000000,13414416,2.7835,6.161,600,en,46085
1958,8 женщин,2002,111,8000000,42400000,1.7525,6.9,1032,fr,4387
23550,Феерия непонимания,2001,106,,500930,1.4388,7.278,580,it,72197
68569,Непобедимый,2001,133,,,2.8546,6.181,58,en,6818
318535,The Mesmerist,2002,95,,,1.4826,2.5,2,en,68167
11013,Секретарша,2002,111,4000000,9300000,6.1485,6.781,1782,en,67795
129,Унесённые призраками,2001,125,19000000,274925095,14.9732,8.534,17693,ja,608
54714,The Trials of Henry Kissinger,2002,80,,,0.3784,6.9,28,en,84369
11529,Стильная штучка,2002,108,30000000,180622424,4.6598,6.402,1620,en,17167
10771,Смокинг,2002,98,60000000,104400000,5.2363,5.731,2083,en,66654
38951,Charly,2002,103,,,1.8451,7.0,13,en,1205076
55018,Crazy As Hell,2002,113,1800000,,0.8431,5.353,17,en,23628
44635,Всего лишь поцелуй,2002,89,,,1.2778,4.125,20,en,26473
31005,Миля лунного света,2002,117,21000000,10011050,2.4185,6.3,237,en,11887
72308,Shanghai Ghetto,2002,95,,,0.1145,7.0,1,en,565446
50123,Skins,2002,84,,249204,1.4046,5.188,16,en,212165
2110,Васаби,2001,95,15300000,10366360,4.2357,6.6,1369,fr,21647
15173,Приключения пиратов в Стране Овощей,2002,82,14000000,25615231,1.0241,6.2,103,en,78298
9533,Красный Дракон,2002,124,78000000,209196298,0.9538,7.0,4534,en,11091
38866,Только между нами,2002,95,,,0.4119,5.8,17,en,588887
4107,Кровавое воскресенье,2002,107,,773228,2.3467,7.2,330,en,25598
10575,Рай,2002,96,11000000,4251037,1.7814,6.434,272,en,1071
47500,Pipe Dream,2002,91,,,3.58,6.0,9,en,1081886
15720,Побег с «Елисейских полей»,2001,106,6500000,2006391,1.1698,5.879,62,en,37852
9260,Добро пожаловать в Коллинвуд,2002,82,7000000,4402922,1.1132,6.1,233,en,19271
21828,Флирт,1991,99,,2415396,1.9654,6.7,78,en,72624
1682,Годзилла против Мотры,1964,89,,10000000,2.0805,7.013,319,ja,18598
39462,Атака Годзиллы,1969,70,,2399280,2.2061,5.08,201,ja,18598
18983,"Годзилла, король монстров!",1956,81,25000,2000000,0.9143,6.544,273,en,29321
41971,Модернисты,1988,126,,,0.9902,5.726,31,en,72427
33831,Луковое поле,1979,122,,,1.2803,6.0,110,en,23213
24348,Поваккатси,1988,99,2500000,589000,0.353,7.3,175,en,68993
19140,Гордость янки,1942,128,,,1.3411,7.4,130,en,10790
82545,Техасвилль,1990,123,,2268254,0.7817,6.0,55,en,39012
37606,Вальмон,1989,140,33000000,1132112,2.2879,6.7,286,en,3974
34600,Невероятные приключения Эрнеста в Африке,1997,90,,,0.4965,4.1,62,en,83961
11868,Дракула,1958,82,104880,3500000,2.6306,7.269,671,en,29662
12921,Странное варево,1983,90,4000000,1913389,0.5598,6.014,210,en,61961
19953,The Incredible Mr. Limpet,1964,99,,,0.9851,6.2,91,en,78845
53049,Claire of the Moon,1992,105,130000,799674,0.6151,5.2,29,en,224875
10772,Джанго,1966,93,,17277,1.7943,7.204,953,it,49450
77079,Джанго 2: Возвращение,1987,96,,,0.699,5.1,37,it,39018
74899,Поклонник,1981,95,10000000,3100000,2.3737,5.836,55,en,167786
120694,Фестиваль в Каннах,2001,100,,299171,0.5064,5.5,2,en,117075
12719,Флэшбэк,1990,108,,6488144,2.9138,6.3,99,en,73690
25001,Мошенничество,1982,110,14000000,9000000,1.2268,5.3,63,en,16897
43438,The Rocking Horse Winner,1949,91,,,0.8086,6.5,24,en,592252
3092,Сеанс дождливым вечером,1964,121,,,0.8861,7.188,112,en,31439
4989,Шэймас,1973,106,,,1.1773,6.1,24,en,40402
15313,Невезучий,1997,92,,,1.3012,6.82,64,en,15452
12590,Глубина,2002,105,40000000,2622015,1.3076,6.027,484,en,28239
37964,Темный сахар,2002,109,8000000,27362712,2.4029,6.6,122,en,51866
7501,Вышибалы,2001,92,15000000,12806614,2.5149,6.024,376,en,16304
1809,Правила секса,2002,110,4000000,11832822,2.2956,6.1,581,en,8297
13768,Бессмертные,2002,90,15000000,19158074,2.2528,6.653,488,en,46297
10994,Белый Олеандр,2002,109,16000000,21657770,2.9662,7.064,408,en,67781
1430,Боулинг для Колумбины,2002,120,4000000,35564473,1.7494,7.517,1633,en,17087
19973,Комик,2002,81,,2744253,2.789,6.619,88,en,85357
40815,Горбун,1997,128,30000000,,3.0251,6.668,197,fr,34613
12600,Покемон 4,2001,80,,40807089,3.2411,6.5,444,ja,65429
8051,"Любовь, сбивающая с ног",2002,96,25000000,24665649,3.6586,7.1,2584,en,4762
70443,Пропуск,2002,171,,,0.7795,6.4,32,fr,20556
12779,Унесённые,2002,89,10000000,598645,4.1254,4.764,299,en,956
146269,The Young Unknowns,2000,87,,,0.7621,4.0,5,en,210562
15992,Покинутая,2002,99,25000000,10719357,2.9595,4.879,174,en,2945
1613,Формула 51,2001,93,27000000,12881605,1.8405,6.1,639,en,17268
565,Звонок,2002,115,48000000,249348933,4.6036,6.691,6464,en,1704
14112,Автофокус,2002,104,7000000,2062066,0.3498,6.371,213,en,1035
41324,Fidel: The Untold Story,2001,91,,,0.1464,6.7,17,en,1390937
15192,Серая зона,2001,108,5000000,621592,1.568,6.591,173,en,1462
49872,Гензель и Гретель,2002,89,,100477,2.3797,5.4,42,en,62824
21925,Накойкаци,2002,89,3000000,13000,2.679,6.139,151,en,68993
30309,Настоящие женщины всегда в теле,2002,90,3000000,7700000,1.214,6.0,93,en,116832
16646,Русский ковчег,2002,96,,6723732,2.4487,7.2,491,ru,107762
37288,Присмотрите за моей кошкой,2001,112,,,1.8106,6.8,51,ko,120897
20861,Tully,2002,106,,466664,2.2822,6.22,25,en,237414
12647,Билли Батгейт,1991,106,48000000,15565363,1.8269,5.7,231,en,6729
12477,Могила светлячков,1988,88,3700000,842132,0.0078,8.447,6219,ja,628
10285,Джейсон отправляется в ад: Последняя пятница,1993,91,3000000,15935068,2.2294,4.601,1067,en,64743
19403,Механик,1972,100,3000000,,1.3752,6.678,323,en,19244
11009,Лихорадка субботнего вечера,1977,118,3500000,237113184,2.8036,6.729,2017,en,12840
10805,Остаться в живых,1983,96,22000000,64892670,2.6576,5.778,482,en,16483
40064,Дочь Дьявола,1976,95,,,1.5742,5.4,119,en,130093
17496,Городской ковбой,1980,132,10000000,53300000,3.0972,6.4,266,en,14838
40969,Поезд страха,1980,97,3500000,,3.2873,5.731,296,en,1724
76411,Times Square,1980,111,,,1.2449,6.402,41,en,55790
5917,Том Хорн,1980,94,,9000000,2.0727,6.3,126,en,46603
31278,L'uomo puma,1980,97,,,0.8521,2.8,78,it,101108
33670,Up the Academy,1980,87,,,1.1361,4.5,29,en,59874
47942,Когда кончилось время,1980,121,20000000,3763988,1.4101,5.393,75,en,15630
33076,Wholly Moses,1980,103,,14155617,2.0794,4.7,36,en,80482
44932,Предостережение,1980,97,150000,,1.2195,5.259,133,en,30689
15668,Ксанаду,1980,95,20000000,22762571,0.9687,5.7,278,en,51521
30709,...все куколки,1981,113,,,1.1765,6.2,57,en,18392
19429,Без злого умысла,1981,116,12000000,40716963,1.2864,6.639,237,en,2226
140413,Всю ночь напролет,1981,87,,10000000,1.034,5.1,31,en,1112512
21294,The Amateur,1981,112,8338578,6892098,2.331,5.2,18,en,29646
11340,Банановый Джо,1982,96,,,1.5597,6.668,479,it,67924
42142,Свинцовые времена,1981,106,,,1.0688,7.0,75,de,39298
11644,Прокол,1981,108,18000000,12000000,2.5451,7.4,1600,en,1150
33721,Буки,1981,95,,,2.1395,5.4,68,en,177876
36133,Друг-приятель,1981,96,10000000,7258543,2.2674,6.155,103,en,3146
24124,Сожжение,1981,91,1500000,,4.542,6.2,431,en,70415
34697,Бабочка,1982,108,3500000,,2.0939,4.8,35,en,140086
8691,Каннибалы,1981,93,,,3.8972,5.4,258,it,22467
53922,Точная копия,1981,92,6000000,9566593,2.5137,5.762,61,en,77300
66592,Чарли Чен и проклятье королевы драконов,1981,97,,,0.7154,5.2,31,en,33513
25773,Избранные,1981,108,,,2.2041,7.2,26,en,128947
19123,Невезучие,1981,90,,,3.8642,7.125,686,fr,38507
26560,Континентальный водораздел,1981,103,,15578237,1.8278,6.0,123,en,10781
36220,Голый космос,1983,88,,,2.6676,3.7,32,en,57110
225,Человек из железа,1981,147,,,0.9476,6.9,86,pl,2801
24274,"Похоронены, но не мертвы...",1981,94,3000000,216166,2.1467,6.401,317,en,33094
33016,Смертельное благословение,1981,96,2500000,,1.7824,5.5,197,en,5140
26444,Смертельная охота,1981,97,10000000,5000000,3.4017,6.6,193,en,9868
19114,Бесконечная любовь,1981,116,,32492674,3.3525,5.7,240,en,24657
17205,Входит ниндзя,1981,89,1500000,,0.5068,5.4,128,en,33008
24740,Существо,1982,125,9000000,13277558,3.2739,6.706,525,en,64508
10863,Ушко иголки,1981,108,,18000000,1.6624,6.631,245,en,19800
31679,Очевидец,1981,103,8500000,4500000,0.7459,5.612,121,en,12804
15900,Faces of Death II,1981,78,,,2.0593,3.9,55,en,167407
12237,Лики смерти,1978,105,,,2.2171,4.531,196,en,167407
15901,Faces of Death III,1985,86,5000,,1.916,3.464,42,en,167407
15902,Faces of Death IV,1990,89,,,0.867,3.643,28,en,167407
15904,Faces of Death VI,1996,70,,,1.1737,3.3,13,en,167407
97251,Лики Смерти: Правда или вымысел?,1999,54,,,1.1582,1.5,4,en,167407
12579,Соседка,1981,106,,,1.2811,7.1,328,fr,1650
85058,Первый понедельник октября,1981,98,,12480249,1.1875,6.056,27,en,7501
23668,"Форт Апачи, Бронкс",1981,125,10000000,65200000,1.3869,6.47,117,en,40549
70971,Четверо друзей,1981,115,,,1.7864,6.784,37,en,6448
25113,Времена года,1981,103,,50427646,1.4068,6.2,62,en,21278
28893,Галактика ужаса,1981,81,700000,,1.7236,5.3,240,en,102334
11646,Галлиполи,1981,110,2600000,17400000,2.1775,7.034,511,en,2690
5062,Под предварительным следствием,1981,84,,,1.2919,7.5,248,fr,18209
24634,История с привидениями,1981,110,,,0.7185,6.0,164,en,17784
75963,Обезьянник,1981,87,,,2.154,4.3,18,en,133351
16124,Goodbye Pork Pie,1981,105,300000,1400000,0.9203,6.6,27,en,32277
21764,Gregory's Girl,1981,91,,7710,0.9577,6.739,142,en,68687
22435,Göta Kanal eller Vem drog ur proppen?,1981,99,,,1.9303,5.6,59,sv,107924
42149,Рука,1981,100,6500000,566736,3.2896,5.861,162,en,1152
37936,С днём рождения меня,1981,110,3500000,10600000,1.44,6.02,220,en,18669
73247,Побег роботов,1981,78,12000000,2154696,2.1074,4.271,24,en,83198
38255,Historien om Kim Skov,1981,58,,,0.4404,0.0,0,en,2100618
46364,Планета ужасов,1981,92,2000000,,1.0651,4.0,114,en,106381
27016,Начисто,1982,87,,,0.8472,6.218,62,en,69500
35685,Любовник леди Чаттерлей,1981,104,3000000,3100000,2.2384,5.378,82,en,38007
38665,Легенда об одиноком рейнджере,1981,98,18000000,2945600,0.9688,4.8,44,en,12846
265,Лили Марлен,1981,120,,8144,2.93,6.4,86,de,2725
2264,Лола,1981,113,,,1.9356,6.9,126,de,2725
21874,Сотворивший красоток,1981,93,,3282232,3.3938,6.06,124,en,4782
41394,"Безумный, Безумный, Безумный Кролик Банни",1981,79,,,0.8683,7.2,146,en,930633
47957,Безумец,1981,89,,,0.6482,4.989,182,en,311395
31407,Медвежонок,1981,110,,,0.3049,7.798,94,pl,146873
16471,Современные проблемы,1981,95,8000000,26154211,1.4722,5.3,90,en,99339
63443,Современный роман,1981,93,,,1.5886,6.7,88,en,13
22171,Ангел мщения,1981,81,62000,,1.5346,6.7,377,en,39104
39874,Мой кровавый Валентин,1981,90,2200000,5672031,1.0939,6.434,535,en,133793
25468,Мой ужин с Андре,1981,110,475000,5250000,0.9446,7.5,430,en,15389
19507,Соседи,1981,95,8500000,29916207,2.0996,5.638,152,en,16513
29072,Night of the Zombies,1981,78,,,0.7019,3.8,4,en,239180
75596,The Night the Lights Went Out in Georgia,1981,112,,14923105,1.1397,5.7,16,en,66088
42146,Только когда я смеюсь,1981,120,,,1.0018,5.7,20,en,30038
17450,Гроши с неба,1981,108,22000000,9171289,0.9885,6.02,101,en,18378
47886,Куски,1982,85,,1198346,1.1422,5.9,274,es,100807
31646,Пираньи 2: Нерест,1982,84,145786,,2.1841,4.3,296,en,2710
14269,Полиэстер,1981,86,300000,1120000,1.9758,7.011,181,en,10367
41280,Частные уроки,1981,87,2800000,26279000,5.8858,5.7,127,en,14995
1672,Профессионал,1981,108,,,4.5031,7.2,560,fr,18563
35935,Derrida,2002,84,,,1.1772,6.5,13,en,994970
9645,Корабль-призрак,2002,91,35000000,71142361,4.5625,5.998,2558,en,57521
9012,Чудаки,2002,85,5000000,64282312,1.9737,6.3,1664,en,56578
13098,Заплатить сполна,2002,98,,3100000,2.4127,6.8,230,en,80215
13440,Правда о Чарли,2002,104,,,2.7849,4.789,191,en,16294
12454,Всё или ничего,2002,128,9000000,2847049,1.0612,7.0,161,en,65452
31668,Диверсанты,2001,105,15000000,23000,1.851,4.8,26,en,15115
41645,Menja d’amor,2002,105,,,1.2813,5.4,22,en,43330
1360,Фрида,2002,118,12000000,56298474,2.83,7.401,2114,en,16391
13441,Любимец женщин,2002,106,,1300000,2.1887,6.1,200,en,239075
45767,Изменяющий время,2003,95,855000,1500711,1.5069,5.56,50,en,122842
14626,Хорошая работа,2000,93,,,3.5677,7.081,339,fr,9888
48155,The Big Knife,1955,111,,,1.1655,6.0,91,en,18392
12208,Казино Рояль,1967,139,12000000,41744718,15.9396,5.252,784,en,47792
11905,В компании волков,1984,95,2000000,4389334,2.1442,6.3,369,en,17016
39497,Escanaba in da Moonlight,2001,91,,,0.9975,5.9,13,en,8447
1941,Исход,1960,208,4000000,20000000,3.4818,6.669,216,en,834
26685,Как пришить свою женушку,1965,119,,12000000,4.2576,6.307,140,en,18907
31918,Русские идут! Русские идут!,1966,126,3900000,,1.4937,6.4,117,en,13563
19662,The World of Henry Orient,1964,106,,,1.2095,5.8,46,en,9577
8427,Обмануть всех,2002,97,70000000,51386477,2.8885,5.394,990,en,31024
9021,Санта Клаус 2,2002,100,65000000,172842355,5.1477,6.0,1373,en,15045
277415,Besotted,2001,,,,0.0214,0.0,0,en,592891
28988,Школьные доски,2000,85,,,0.5127,6.625,40,fa,20026
52735,Love in the Time of Money,2002,90,,,1.1961,4.13,10,en,1654464
13526,Вес воды,2001,113,16000000,109130,1.5148,5.476,184,en,14392
9280,Роковая женщина,2002,114,35000000,16800000,3.2352,6.1,627,en,1150
65,8 миля,2002,110,41000000,242875078,5.7962,7.143,7598,en,323
117520,Tout près des étoiles,2001,100,,,0.1083,6.9,7,en,48440
10712,Вдали от рая,2002,107,13500000,29027914,1.5762,7.0,650,en,16863
27204,"Бог большой, я маленькая",2001,100,,,2.2841,4.4,29,fr,550338
152023,The Rising Place,2001,93,,,0.8368,6.0,2,en,945058
10167,"Ни жив, ни мёртв",2002,98,25000000,19233280,1.5609,5.131,377,en,27005
672,Гарри Поттер и Тайная комната,2002,161,100000000,876688482,21.3357,7.704,23029,en,10965
16351,Арарат,2002,115,,,2.9197,6.1,93,en,56205
542,Тайна отца Амаро,2002,118,1800000,,1.77,6.663,297,es,7348
36584,Интервью с убийцей,2002,88,500000,,0.8481,5.3,23,en,17329
30192,Standing in the Shadows of Motown,2002,116,,,1.1952,6.9,45,en,110464
33251,Дорога к дому,2002,86,2000000,,1.8701,8.0,225,ko,939140
25466,Операция Мутанты,1993,90,1804296,1089975,3.1299,6.241,187,es,57865
50677,Глаза ангела,1991,95,,,1.347,6.9,44,en,57895
2165,Под прицелом,2002,96,11000000,595214,1.2568,5.4,157,en,22140
25037,Жизнь и смерть полковника Блимпа,1943,163,2000000,275472,0.4705,7.4,260,en,68424
11617,Рио Гранде,1950,105,,,2.896,6.8,373,en,8500
24909,Молодые американцы,1993,103,,,1.305,5.712,59,en,33279
81530,Черная скала,1997,86,,,4.1318,5.346,13,en,61905
34341,Men with Brooms,2002,102,7500000,4245870,0.7051,5.191,34,en,84021
18993,Остров приключений,1961,101,2000000,,2.3269,6.6,199,en,76882
53000,Soul Assassin,2001,96,,,2.7949,4.583,12,en,22808
29229,Left Behind II: Tribulation Force,2002,96,3800000,,0.4855,4.5,83,en,94045
11880,Псы-воины,2002,105,2000000,3537283,1.6888,6.722,945,en,57581
63435,Пальцы,1978,90,1300000,,1.3039,6.3,63,en,56381
80849,"Добрый вечер, господин Валленберг",1990,118,,,1.2353,5.842,19,sv,260006
1377,Плавучий дом,1958,110,,3500000,2.5209,6.4,189,en,16745
11629,Легион живых мертвецов,2001,89,,,0.9583,4.5,18,en,65271
2528,Мадам Бовари,1991,143,,1942423,2.9188,6.3,143,fr,19069
12716,Слава моего отца,1990,105,,,2.2025,7.3,324,fr,25182
12717,Замок моей матери,1990,99,,,1.6237,7.2,292,fr,25182
13888,Возвращение в Голубую лагуну,1991,98,11000000,2807854,3.7382,6.193,1222,en,83467
48524,Слишком красивая для тебя,1989,91,,,1.1327,6.3,113,fr,34262
10750,Игрушечные солдатики,1991,112,10000000,15100000,4.0141,6.499,363,en,774
44247,Незнакомец,1981,89,1000000,,3.1766,5.9,243,en,64195
45226,Преследование Д. Б. Купера,1981,100,,,0.827,5.194,31,en,1724
96966,Бродяга,1981,94,,1976321,2.8693,5.3,33,en,5632
25566,Регтайм,1981,155,,,2.2684,7.0,171,en,3974
109962,Богатые и знаменитые,1981,115,11500000,5100000,0.9581,5.3,37,en,14674
13386,Ricomincio da tre,1981,107,,,1.1832,7.619,690,it,67792
43089,Дорожные игры,1981,101,1750000,100000,0.6606,6.5,188,en,29471
47888,Rollover,1981,116,,10217873,2.1121,5.1,26,en,6349
20472,"Суббота, 14-е",1981,77,,,1.3034,5.005,106,en,52187
9538,Сканнеры,1981,103,4100000,14225876,1.4856,6.719,1297,en,224
14664,Команда Шарки,1981,122,17500000,35610100,1.0524,6.1,110,en,16475
27997,Шоковая терапия,1981,94,3500000,,0.4954,5.8,100,en,13484
49934,Помнишь ли ты Долли Белл?,1981,107,,,0.6002,7.4,78,sh,15254
84735,So Fine,1981,90,,9800000,2.5825,4.6,23,en,41550
9317,Суп с капустой,1981,98,,,3.1765,6.369,915,fr,39138
12528,Южное гостеприимство,1981,105,,,2.7413,6.9,336,en,1723
47890,Сфинкс,1981,118,14000000,2022771,1.8449,5.5,26,en,13265
69014,Истории обыкновенного безумия,1981,101,,,0.9984,6.0,69,it,34264
21515,Тела студентов,1981,86,,5165432,1.6277,5.2,114,en,68936
42371,Take This Job and Shove It,1981,100,,,0.3855,5.25,18,en,101891
26325,"Тарзан, человек-обезьяна",1981,107,,36565280,2.1905,4.0,106,en,39608
69169,Tattoo,1981,103,,,1.7041,4.8,19,en,190448
31921,Все они смеялись,1981,115,,,1.0439,5.8,51,en,39012
11524,Вор,1981,123,5500000,11494812,2.1306,7.2,784,en,638
109264,This Is Elvis,1981,102,5000000,2028612,0.9901,7.0,33,en,108128
32077,Тайны исповеди,1981,108,,,2.0938,6.1,172,en,140354
326890,Revolution #9,2002,90,,,0.562,4.2,4,en,99859
277724,Better Housekeeping,2000,90,,,1.1414,1.0,2,en,1484160
36669,"007: Умри, но не сейчас",2002,133,142000000,431971116,4.282,5.999,3742,en,7256
17187,Императорский клуб,2002,108,,16300000,1.7968,7.121,393,en,52405
10426,Ещё одна Пятница,2002,85,20000000,33526835,3.0963,6.366,445,en,65133
32625,Personal Velocity,2002,86,125000,1025302,1.5386,5.8,45,en,41670
8198,Тихий американец,2002,101,30000000,27674124,1.4772,6.537,315,en,13015
204372,Vagón fumador,2002,91,,,0.3044,3.875,8,es,960883
64,Поговори с ней,2002,112,6500000,64826117,1.9895,7.576,1382,es,309
13376,Восемь безумных ночей,2002,76,,23833131,2.9544,5.2,352,en,84975
15074,Экстремалы,2002,93,40000000,10959475,1.9276,4.65,100,en,25735
2103,Солярис,2002,99,47000000,30002758,2.8042,5.9,1385,en,1884
9016,Планета сокровищ,2002,95,140000000,109578115,7.9578,7.561,4457,en,15810
16028,Они,2002,90,17000000,12840842,0.6749,5.019,285,en,57895
27070,Chopper Chicks in Zombietown,1989,86,,,0.6856,4.266,32,en,96878
5261,Что делать в случае пожара?,2001,101,,,0.8577,6.176,54,de,42457
15514,Ik ook van jou,2001,99,,,0.1531,5.1,17,nl,87918
23303,Другой ты,1991,94,17000000,2900000,2.8692,5.4,101,en,138204
20992,Брат,1997,100,,,1.885,7.568,431,ru,113337
66091,Жестокий романс,1984,137,,,1.1996,7.3,61,ru,107669
6007,Эллинг,2001,89,,,3.9502,7.15,183,no,49555
25239,День женщины,1978,101,80000,,3.6179,6.0,686,en,93410
42453,Остров на вершине мира,1974,93,,,1.8627,6.5,86,en,5834
25284,Последнее соблазнение,1994,110,2500000,5842603,1.754,6.77,405,en,21053
125337,Последнее соблазнение 2,1999,96,,,0.9208,3.9,14,en,152000
7011,Вступая в контакт,1985,94,,,1.3974,5.5,59,de,6046
35612,New Waterford Girl,1999,97,,,1.0142,6.596,26,en,55790
10880,Принцип Ноева ковчега,1984,100,600000,,1.4582,4.9,27,de,6046
13945,Меч и колдун,1982,100,4000000,39103425,1.1366,5.473,132,en,63937
14433,Зулусы,1964,138,1720000,8000000,3.3735,7.4,547,en,76882
9932,Анализируй то,2002,96,60000000,55003135,3.2563,5.819,1324,en,1524
13369,Империя,2002,99,4000000,18591272,2.5028,6.0,109,en,96318
2757,Адаптация,2002,115,19000000,32800000,2.1365,7.3,2657,en,5953
7299,Эквилибриум,2002,107,20000000,5400000,4.6913,7.047,4822,en,13927
48767,My Kingdom,2001,117,,,3.0471,5.1,7,en,79624
279784,Soap Girl,2002,90,,,0.0631,7.0,1,en,1187743
32273,Это начинается сегодня,1999,117,,,1.2926,7.1,57,fr,20556
26356,Медея,1969,110,,,2.2681,6.5,185,it,5970
23990,Пурпурная дива,2000,91,,,1.7302,4.7,66,it,18514
4241,Посетитель Q,2001,84,60400,,6.3272,6.4,524,ja,17282
37335,Болеро,1981,184,,,1.6905,6.869,84,fr,16862
34113,Urgh! A Music War,1981,121,,,0.2293,7.3,17,en,1124839
22257,Ва-банк,1981,104,,,3.405,7.6,116,pl,107639
35343,"Банда Йонссона, осторожнее с ними",1981,89,,,1.8759,6.2,63,sv,236545
30142,"Vernon, Florida",1981,55,,,1.3202,6.7,51,en,18533
17360,Победа,1981,116,10000000,27453418,2.5173,6.892,964,en,6593
31695,Whose Life Is It Anyway?,1981,119,11500000,6100000,1.1683,7.0,48,en,12840
76397,Костюм фасона «Зут»,1981,99,,3256694,1.7846,6.275,20,en,82219
40952,Одни во тьме,1982,93,1000000,,1.3146,5.8,159,en,62020
38849,Андроид,1982,80,,,2.9091,5.324,54,en,97847
71524,Ас из асов,1982,100,,,4.5829,7.064,337,fr,11195
43279,Штурмовой отряд Z,1982,93,,88000,1.4998,5.953,64,en,109997
29743,"Аттила, бич божий",1982,91,,,1.5083,5.985,233,it,67971
41760,Автора! Автора!,1982,110,,13100000,1.3137,5.9,113,en,133259
31665,Барбароса,1982,90,,1736123,2.9656,5.8,40,en,64061
40219,Зверь внутри,1982,98,,7742572,1.3075,5.4,118,en,114629
45840,Лучшие друзья,1982,116,15000000,36800000,2.345,5.123,53,en,13563
16363,Самый приятный бордель в Техасе,1982,115,27500000,69702172,2.0575,6.2,170,en,4967
22023,Граница,1982,108,22000000,6118683,2.8089,6.1,138,en,32765
171,Бум 2,1982,109,,,1.7648,6.4,644,fr,1961
73116,Brimstone & Treacle,1982,87,,,1.8241,5.8,29,en,33315
26639,Госпиталь «Британия»,1982,116,4000000,375713,2.3612,6.2,69,en,78157
42124,Бремя мечты,1982,95,,,1.1507,7.5,142,en,142594
25297,Консервный ряд,1982,120,11300000,,1.4928,5.767,45,en,12920
39274,Вызов,1982,109,,3600000,4.1874,5.837,49,en,13776
11564,Класс 1984,1982,98,4300000,,2.4428,6.4,387,en,67753
67772,"Приходи ко мне на встречу, Джимми Дин, Джимми Дин",1982,110,850000,840000,0.91,5.892,74,en,9789
4202,Дантон,1983,139,,,2.4362,6.8,171,fr,2801
17590,Смертельная ловушка,1982,116,10000000,19000000,1.6502,6.651,288,en,39996
20787,Dünyayı Kurtaran Adam,1982,91,300000,29934,0.8672,4.7,110,tr,550948
28940,Поедая Рауля,1982,87,350000,,2.0576,6.433,142,en,101377
13497,Барабанная дробь,2002,118,20000000,57600000,2.3753,6.9,543,en,80215
11852,Цыпочка,2002,104,34000000,54639553,4.6278,6.365,2099,en,66512
7303,Госпожа горничная,2002,105,55000000,154906693,2.6052,6.134,2009,en,39819
201,Звёздный путь: Возмездие,2002,116,60000000,67336470,2.795,6.292,1519,en,2523
2755,О Шмидте,2002,125,30000000,105834556,1.3058,6.841,1319,en,13235
33504,Шарик,2000,88,,100957,3.6907,7.1,159,es,59142
21868,Эвелин,2002,94,,,1.9097,6.357,105,en,5696
65684,Парни,2002,84,,,1.6729,5.55,20,en,160956
10856,Интакто,2001,108,,1864185,2.1845,6.556,187,es,17597
99826,The Jimmy Show,2002,96,,,0.8704,5.9,10,en,11805
18602,Морверн Каллар,2002,97,,,1.9855,6.624,176,en,83287
121,Властелин колец: Две крепости,2002,179,79000000,926287400,19.8985,8.411,23152,en,108
25838,Дьяволы у порога,2001,139,,,1.9977,8.211,178,zh,77301
1429,25-й час,2002,135,5000000,23932055,2.6607,7.319,2475,en,5281
13435,История Антуана Фишера,2002,120,12500000,23400000,1.7361,6.929,535,en,5292
3131,Банды Нью-Йорка,2002,167,100000000,193772504,4.1928,7.314,6967,en,1032
2642,Любовь с уведомлением,2002,101,60000000,199043242,2.0752,6.364,2143,en,18323
14317,Дикая семейка Торнберри,2002,85,35000000,,1.6982,6.4,270,en,78488
11022,Наркобарон,2002,105,6500000,12633747,2.2311,6.754,560,en,40223
24249,Дурное влияние,1990,99,7000000,12626043,0.974,5.953,180,en,323
9491,Голубая сталь,1990,102,,8217997,0.7231,5.8,438,en,14392
2149,Тело как улика,1993,99,30000000,38000000,2.5152,4.995,326,en,15868
20139,Детский час,1961,108,3600000,3000000,1.9287,7.7,383,en,10001
32074,Дело фирмы,1991,98,,1501785,2.8605,5.2,74,en,1788
19067,Дуэлянты,1977,100,900000,,1.6328,7.246,595,en,578
53712,Поцелуй перед смертью,1956,94,,,1.5977,6.2,69,en,8626
25848,Легенда о потерянном,1957,109,1750000,2200000,1.8479,6.1,64,en,37360
14931,Майами Блюз,1990,97,,9888167,1.7329,6.0,207,en,58294
11317,Вперед в прошлое,1994,99,,28000000,1.7982,6.0,522,en,34611
4032,Моя девочка,1991,102,17000000,59490000,6.749,7.4,2218,en,34611
8392,Мой сосед Тоторо,1988,86,3700000,41000000,8.3799,8.067,8482,ja,608
31804,Дорога в Гонконг,1962,91,2000000,5200000,0.784,5.8,31,en,50577
81048,Running Time,1997,69,130000,1596,2.2112,5.6,37,en,77625
12232,Багдадский вор,1940,106,,,0.9197,7.135,288,en,71788
11706,Война и мир,1956,208,5000000,12000000,2.6201,6.7,255,en,29962
61265,"Там, где покоится зло",1991,95,,,1.2046,4.7,16,en,58047
42569,Where’s Poppa?,1970,82,1000000,,1.0643,6.01,48,en,1895
25720,Предатель,1986,100,,,1.1664,5.811,45,en,126951
26946,Атака Крабов-Монстров,1957,63,70000,,1.1222,5.2,82,en,102429
16938,Черное Рождество,1974,98,686000,4000000,3.2428,6.924,886,en,12698
21143,День триффидов,1963,93,750000,,0.5565,6.1,186,en,94069
61578,Esther Kahn,2000,142,,,3.5613,5.9,26,en,38883
20424,Захватчики с Марса,1953,78,290000,,1.0805,5.9,196,en,11489
4561,История О,1975,105,,,3.2229,5.5,168,fr,38007
4435,Ашока,2001,176,17000000,19000000,2.8392,6.474,153,hi,37236
16993,Жирный город,1972,100,,,1.7853,7.0,171,en,6593
18002,Лондонские псы,2000,103,,,1.1649,5.7,63,en,82804
21332,Брокер,1986,105,10000000,7246979,1.9094,5.5,97,en,232235
640,"Поймай меня, если сможешь",2002,141,52000000,352114312,14.7021,7.978,16541,en,488
10599,Пиноккио,2002,110,40000000,41323171,2.5211,5.758,780,it,4818
1574,Чикаго,2002,113,45000000,306776732,3.0849,7.1,2792,en,17633
590,Часы,2002,110,25000000,108846217,3.4415,7.3,1817,en,468
13560,Макс,2002,109,11000000,,1.9241,6.081,105,en,736
29339,Николас Никлби,2002,132,10000000,3651462,2.8907,6.9,187,en,32983
423,Пианист,2002,149,35000000,120098945,6.7605,8.379,9788,en,3556
28028,Жиголо (Санни),2002,110,4000000,132221,2.9759,5.0,55,en,2963
41084,Шампанское для Цезаря,1950,99,,,0.3216,7.1,21,en,30270
18773,Доппельгангер,1993,104,,,1.6023,4.9,91,en,95550
16225,Тяжёлый металл 2000,2000,88,15000000,,1.336,6.04,239,en,80118
28679,Дом на краю парка,1980,91,,,2.8834,5.9,142,it,45572
262,Король комедии,1982,109,19000000,2536000,1.9996,7.8,2475,en,1032
15395,"С любовью, Лайза",2002,90,1000000,223426,2.6351,6.37,115,en,3230
4912,Признания опасного человека,2002,113,30000000,33013805,2.09,6.7,1219,en,1461
107693,Vale Abraão,1993,204,,,0.4255,7.5,39,pt,81749
23626,Blue Collar Comedy Tour: The Movie,2003,105,,604856,1.1256,5.8,53,en,108214
12090,Молодожёны,2003,95,18000000,101564935,3.3944,5.786,1427,en,17825
44233,P.S. Your Cat is Dead!,2002,92,,,0.806,4.042,12,en,26472
35172,Сын,2002,103,,,0.3592,7.5,160,fr,56209
36273,漂流街 THE HAZARD CITY,2000,102,,,0.9665,6.087,46,ja,17282
14390,Наперекосяк,2001,93,,,2.9876,5.449,65,en,6400
41209,WiseGirls,2002,96,,,2.5474,5.4,34,en,44847
9582,Мальчишник,2003,101,20000000,17400000,1.4428,5.9,374,en,58059
10628,Кенгуру Джекпот,2003,89,60000000,88900000,3.4484,5.3,965,en,48980
11078,Национальная безопасность,2003,88,,50097949,1.8558,6.0,1031,en,17494
77633,大腕,2001,100,,,1.6396,6.35,50,zh,1287732
598,Город бога,2002,130,3300000,30641770,6.6072,8.427,7893,pt,8557
27744,Божественное вмешательство,2002,92,,,1.3463,6.718,55,ar,131685
15842,История любви,2001,93,,,1.1271,5.5,12,da,56195
24711,Вне подозрений,1995,95,,,0.4019,6.3,46,en,80548
43886,Элис Адамс,1935,99,342000,770000,3.6002,6.625,60,en,18738
11222,Американский друг,1977,125,,,0.7233,7.063,416,de,2303
13199,Американизируй меня,1992,125,16000000,13100000,2.9318,7.4,381,en,587
8073,Банда аутсайдеров,1964,95,120000,182857,2.7312,7.5,591,fr,3776
26393,На грани разрыва,1997,90,,11690,2.3092,4.4,46,en,51521
15278,СиБи 4: Четвертый подряд,1993,88,6000000,17953778,0.9957,6.0,136,en,57691
1484,Убийца,1995,110,,,0.9345,6.797,37,de,17280
14667,Дурацкое пари,1991,93,,397631,2.2476,6.9,134,en,93025
47263,"Легко пришло, легко ушло",1967,95,2000000,1950000,1.1064,5.9,40,en,21452
18692,Вечеринка в Акапулько,1963,97,,6758000,1.1433,5.9,84,en,70862
15734,Девочки! Девочки! Девочки!,1962,99,,,0.7693,5.3,65,en,82800
34148,Имитация жизни,1959,125,,,1.4326,7.444,303,en,46712
20813,Маленький роман,1979,108,,,1.0206,6.8,80,en,9577
53027,Таинственное свидание,1991,97,,6166819,1.8079,5.802,54,en,196769
18894,"Paradise, Hawaiian Style",1966,91,2000000,2500000,1.1289,5.1,48,en,83791
26252,Пепе ле Моко,1937,94,,155895,1.4278,7.195,185,fr,39058
24742,Тайный поклонник,1985,98,,8622757,2.4976,6.7,190,en,87590
19415,Летние любовники,1982,98,,,1.6223,5.3,80,en,8876
41927,Настройте радиоприемники завтра...,1990,107,,,0.9208,5.2,28,en,15148
5968,Женщина в красном,1984,87,9000000,25300000,3.6503,6.247,539,en,3460
10727,Темнота наступает,2003,86,,,2.997,5.586,635,en,66739
9045,Аминь,2002,132,,,3.0507,6.954,362,fr,27436
9082,Im toten Winkel - Hitlers Sekretärin,2002,90,,378931,0.3573,6.4,23,de,56937
92348,Im Spiegel der Maya Deren,2002,103,,,0.9542,7.382,17,de,995584
80965,Свидание с незнакомцем,1984,106,,,3.9043,4.1,28,en,107301
14469,Пуля,1996,100,,,2.8597,6.2,128,en,22669
55909,Claudine,1974,92,,,2.9856,7.079,38,en,94169
20663,Рассчитаемся после смерти,1946,100,,,0.633,6.8,148,en,31497
31916,Дьявол в 4 часа,1961,126,,,1.3904,6.3,43,en,9054
61807,Итан Фром,1993,99,,,1.2256,5.486,35,it,18844
20639,Gus,1976,96,,,2.652,6.0,42,en,15657
7514,Тернистый путь,1972,103,,,1.0546,6.5,118,en,52837
42645,The Horse in the Gray Flannel Suit,1968,113,,,1.0587,6.8,23,en,83413
29463,Конфликт путей,1985,94,3000000,11000000,1.0664,6.2,43,en,77300
42795,Лунные пряхи,1964,118,5000000,3500000,1.5408,5.8,56,en,116641
39349,Шугар Хилл,1994,123,10000000,18225518,2.5705,5.6,101,en,78997
44164,Chaos,2001,109,,,1.8022,6.345,55,fr,35208
12253,Байкеры,2003,106,24000000,23510601,3.1216,6.243,378,en,71943
9358,Пункт назначения 2,2003,90,26000000,90941129,5.846,6.298,4625,en,4755
1647,Рекрут,2003,115,46000000,101200000,2.5783,6.381,1833,en,21370
9027,Гуру,2002,91,,24128678,3.667,5.28,241,en,56714
125945,קדמה,2002,100,,,1.1093,4.8,13,he,20024
21189,Затерянные в Ла-Манче,2002,93,,,1.4447,7.046,228,en,74647
10894,Мэй,2003,93,500000,264349,3.0471,6.584,676,en,51534
28528,Тем тяжелее падение,1956,109,,1350000,1.0237,7.1,146,en,19457
34783,"Всё в порядке, Джэк",1959,105,,,0.9898,6.6,81,en,112995
34374,Убийство по приказу,1979,118,,,1.5008,6.371,159,en,12698
12490,Обыкновенный преступник,2000,93,,,1.5695,6.14,239,en,72467
26761,Pursued,1947,101,,,0.602,6.6,89,en,8823
35185,Самое маленькое представление на свете,1957,83,,,0.7927,6.5,34,en,29504
15802,Токийский декаданс,1992,112,,795312,2.9312,5.9,116,ja,68113
39948,Two-Way Stretch,1960,84,,,1.0072,6.7,50,en,40599
8286,Неверная жена,1969,98,,,1.7601,6.864,121,fr,19069
43028,Жертва,1961,96,,,2.8028,7.5,153,en,29504
65300,Endangered Species,1982,97,7000000,1480000,0.4266,4.792,24,en,72427
24129,Den enfaldige mördaren,1982,108,,,1.4733,6.9,67,sv,70069
4628,Энигма,1982,122,,,1.6893,5.5,40,en,16187
4193,Зло под солнцем,1982,117,10000000,6110804,2.2717,6.9,474,en,9915
10724,Огненный лис,1982,136,18000000,70700000,2.0956,6.0,586,en,190
89571,Пять дней лета,1982,96,,199966,1.2895,5.675,20,en,4065
32065,Вынужденная месть,1982,90,,6660333,0.8468,5.392,65,en,66222
11915,Жандарм и жандарметки,1982,111,,,2.1251,6.0,574,fr,70937
42136,The Grey Fox,1982,92,4500000,6000000,1.3939,6.9,33,en,148119
28307,Хэммет,1982,98,,,1.7616,6.2,72,en,2303
37917,Поющий по кабакам,1982,123,2000000,4400000,2.7793,6.3,186,en,190
70011,Human Highway,1982,88,,,1.7768,5.0,22,en,15425
37191,Суд - это я,1982,111,,,1.1198,5.651,43,en,35525
210092,If You Could See What I Hear,1982,103,,,0.2,5.4,5,en,35325
3028,Jekyll and Hyde... Together Again,1982,87,,,1.4424,4.7,21,en,29705
29224,Банда Йонссона и Динамит-Гарри,1982,106,,,3.8174,5.9,66,sv,236540
81001,Поцелуй меня на прощанье,1982,101,,15782478,0.9961,5.8,45,en,8482
8219,Лабиринт страстей,1982,94,,,1.5248,6.1,125,es,309
27088,Последний девственник Америки,1982,92,,5829781,1.6293,6.55,238,en,16830
10150,Последний единорог,1982,92,,6455530,3.3827,7.2,560,en,16410
20980,Жидкое небо,1982,112,500000,,3.0949,5.8,129,en,95168
16407,Лорд Дракон,1982,86,,,2.1162,6.4,147,cn,18897
41913,Занимаясь любовью,1982,113,14000000,11897978,2.273,6.8,43,en,133259
30875,Manhattan Baby,1982,89,300000,,3.3823,5.06,100,it,29433
29450,Марафонцы бегут круг почета,1982,92,,,1.8719,7.5,96,sr,253414
27380,Мегасилы,1982,98,20000000,5675599,1.6496,4.0,82,en,67767
8288,Сексуальная комедия в летнюю ночь,1982,88,,9077413,0.7765,6.5,449,en,1243
15600,Пропавший без вести,1982,122,9600000,14000000,1.975,7.2,408,en,27436
52083,Миссионер,1982,90,,7241180,1.2148,5.5,51,en,33315
124963,Monsignor,1982,121,,,1.5938,4.2,17,en,113799
11949,Монти Пайтон в Голливуде,1982,80,,327958,1.1267,7.375,172,en,15239
42134,Лунный свет,1982,97,,,2.3035,6.978,67,en,43553
79257,Золотая жила,1982,101,,,2.1179,5.559,34,en,10017
42130,Ночь Святого Лаврентия,1982,107,,,1.4906,7.073,123,it,24279
42131,Ночь в Варенне,1982,152,,,1.2822,6.8,66,fr,31894
41291,От всего сердца,1982,99,26000000,716612,1.6286,5.944,196,en,1776
84784,Ад кромешный,1982,82,,,2.148,4.5,28,en,136911
23942,Рай,1982,102,,5588800,4.1461,6.016,127,en,76418
72340,Partners,1982,93,6000000,6100000,1.7049,5.339,28,en,157437
32692,Страсть,1982,88,,,3.0612,5.743,61,fr,3776
37997,Отпуск без конца,1981,75,12000,,3.8513,5.876,205,en,4429
27609,Личный рекорд,1982,124,16000000,5700000,1.1592,5.8,47,en,11057
25872,The Pirate Movie,1982,105,5900000,8996086,0.7938,5.081,43,en,35318
83562,Рядовые на параде,1983,113,,,0.4914,4.55,20,en,1080036
127,Случай,1987,117,,,4.0611,7.5,230,pl,1126
14645,Дед Мороз - отморозок,1982,88,,,2.2774,7.317,1030,fr,64909
27726,Кью,1982,93,1200000,,2.7291,5.7,487,en,19266
42135,Керель,1982,115,,,3.9941,6.593,194,en,2725
21923,Ричард Прайор: Концерт на Сансет-Стрип,1982,82,,,0.7795,7.316,95,en,79464
1563,Без солнца,1983,100,,30878,1.5075,7.426,258,fr,9956
17132,Улыбки Саванны,1982,105,,,2.1783,6.5,30,en,101750
59533,The Secret Policeman's Other Ball,1982,90,,,0.7357,6.0,4,en,22669
2262,Тоска Вероники Фосс,1982,104,,,1.3553,7.176,148,de,2725
52772,"Как аукнется, так и откликнется",1982,124,,8100000,1.0793,6.3,47,en,9168
46925,Банда шести,1982,108,,20225989,1.9233,6.471,35,en,40549
77073,Six Weeks,1982,107,,,1.7236,6.0,21,en,57138
76395,Солдат,1982,88,5450000,6300000,1.9692,5.3,40,en,99032
37607,Ну и герой,1982,97,8000000,23671186,0.9513,5.5,41,en,59649
30874,Нью-Йоркский потрошитель,1982,93,,,0.8609,6.2,320,it,29433
30363,Положение вещей,1982,121,,,1.3834,6.4,78,de,2303
49409,Starstruck,1982,96,,,2.6202,5.3,13,en,58094
32048,В ночной тиши,1982,91,10000000,6000000,1.3833,5.7,157,en,6729
48139,Юг,1983,95,,,2.6848,7.7,142,es,37833
30584,Легенда о сэре Гавейне и зеленом рыцаре,1984,102,,,0.7638,5.2,57,en,106565
48313,Tag: The Assassination Game,1982,90,,,0.819,5.3,23,en,14692
48249,Буря,1982,140,13000000,,1.7094,5.9,42,en,47773
29702,"Дрожь, Мрак, Тьма",1982,101,,,0.8795,6.8,672,it,4955
24830,They Call Me Bruce?,1982,85,,16894678,1.1488,5.078,32,en,92690
30049,Странник во времени,1982,83,750000,,0.4143,4.1,44,en,1494582
9699,След Розовой Пантеры,1982,96,,9056073,1.3239,5.2,298,en,1927
48561,Травиата,1982,109,,,2.873,7.2,25,it,24657
30789,Змеиный яд,1981,93,,,2.4759,5.6,88,en,32154
81346,Volver a empezar,1982,87,,,1.0708,6.5,35,es,103511
11057,Белая роза,1982,123,,,0.6094,5.9,19,de,26595
47955,Белая собака,1982,90,8000000,46509,0.9937,6.634,287,en,26959
19322,Who Dares Wins,1982,125,,,1.6155,6.2,47,en,113907
31661,Неправый прав,1982,113,,,0.7363,5.5,58,en,3632
52556,Дорога,1982,110,,,1.879,7.3,126,tr,150454
38219,"Йор, охотник будущего",1983,98,,,1.0577,4.3,52,it,5561
23943,Влипли!,1982,98,,16897768,2.1855,5.2,143,en,90661
26454,Избавьте нас от Евы,2003,105,,,1.9234,6.4,87,en,95458
9919,Как отделаться от парня за 10 дней,2003,116,50000000,177500000,5.3749,6.853,4296,en,18281
6038,Шанхайские рыцари,2003,115,50000000,88323487,2.7319,6.1,2367,en,42994
9480,Сорвиголова,2003,103,78000000,179179718,3.4494,5.283,5322,en,16837
14873,Книга джунглей 2,2003,72,20000000,135700000,2.5031,5.89,1170,en,142007
13132,Все настоящие девушки,2003,108,2500000,548712,0.9402,5.9,110,en,64141
22707,Amandla! A Revolution in Four-Part Harmony,2002,103,,405331,3.7665,6.4,7,en,89411
18302,Штрихи огня,2002,120,,,1.5749,7.0,62,ko,87554
1956,Джерри,2002,103,3500000,255000,0.4843,6.1,336,en,5216
12112,Любит - не любит,2002,92,,5126264,1.3563,6.7,243,fr,71307
50380,Взаперти,2000,105,,,1.8346,6.0,49,en,97026
212058,Ordinary Sinner,2001,91,,,1.6056,3.625,8,en,1198091
12139,Дэннис-мучитель,1993,94,35000000,117270765,5.1251,5.9,1532,en,14692
118936,Фабрика грез,1937,91,,,1.3571,6.3,15,en,74878
18587,За десять минут до полуночи,1983,101,4520000,7175592,1.3748,6.2,216,en,18669
24883,Возвращение черного скакуна,1983,103,,9800000,1.0683,6.426,61,en,4951
17264,Черный скакун,1979,118,2700000,37799643,2.0459,7.0,313,en,68212
3426,Сезар и Розали,1972,110,,,1.4129,7.165,185,fr,20789
2984,Графиня из Гонконга,1967,107,3500000,2000000,1.5631,6.0,172,en,13848
33221,На запад,1992,97,,,1.1999,6.423,52,en,10723
59201,Кинджайт: Запретные темы,1989,97,5000000,3416846,1.2159,5.4,96,en,18669
26172,Посланник смерти,1988,91,5000000,3074681,1.0968,6.0,84,en,18669
26173,Мистер Маджестик,1974,103,,,3.0858,6.802,197,en,2087
33055,Закон Мерфи,1986,100,6000000,9947631,1.5465,6.0,163,en,18669
33364,Клочок синевы,1965,105,800000,6792000,1.435,7.6,116,en,67619
33851,Отходная молитва,1987,107,6000000,1432687,1.7254,5.8,103,en,17281
31598,Вопросы и ответы,1990,132,,,3.0828,5.8,188,en,39996
59401,The Red Badge of Courage,1951,69,1640000,,1.01,6.4,64,en,6593
22233,The Thrill of It All,1963,108,,,0.473,7.05,80,en,13563
4952,Телефон пополам,1959,102,1600000,18750000,2.7891,7.1,305,en,123401
991,"Человек, который упал на Землю",1976,139,1500000,,1.7201,6.449,569,en,14132
4911,Проклятый сезон,2002,113,15000000,12150301,1.198,6.235,357,en,4037
16072,Боги и генералы,2003,218,56000000,12900000,1.4964,6.316,187,en,66088
11615,Жизнь Дэвида Гейла,2003,130,50000000,38955598,2.049,7.432,2118,en,9168
11635,Старая закалка,2003,92,24000000,87100000,6.6246,6.61,2004,en,57130
125806,Dischord,2001,102,,,2.0897,3.0,3,en,1081758
77283,Lawless Heart,2002,100,,,0.2034,4.917,18,en,109586
35824,The Navigators,2001,96,,,2.1856,6.9,81,en,15488
102,Открытые сердца,2002,113,,,1.3975,7.03,117,da,1011
14293,Поединок,2002,99,4000000,563711,2.8118,6.3,88,en,91389
41820,Пока не разбудят нас голоса живых,2002,101,,,0.7855,5.2,25,en,61239
105024,Stone Reader,2002,127,,,0.2543,6.7,7,en,1081892
10623,От колыбели до могилы,2003,101,25000000,56500000,3.1943,6.1,974,en,10765
9613,Паук,2002,98,10000000,5809240,2.0862,6.646,907,en,224
7015,Американское сердце,1992,110,10000000,384015,0.351,6.2,66,en,51845
210938,Edie & Pen,1996,96,,,2.7446,5.6,9,en,42461
42035,Ничтожество,1985,110,,,2.5368,6.3,67,en,14132
21867,Леди Джейн,1986,142,8500000,,2.2535,6.9,109,en,98750
49680,Поздняя женитьба,2001,102,,,0.3528,5.971,35,he,131925
6524,Жизнь дерьмо,1991,95,,,2.5741,5.7,209,en,14639
11244,Человек-метеор,1993,100,20000000,8000000,1.4011,5.788,186,en,68750
77233,Мистер Норт,1988,93,,1221366,1.8136,5.3,20,en,6413
140071,Seize the Day,1986,93,,,1.0267,4.865,26,en,165752
21801,В погоне за мечтой,2002,116,,,1.3571,5.556,45,en,1027145
35139,Тинейджеры из космоса,1959,86,,,0.212,4.042,60,en,131474
54845,Впереди одни неприятности,1993,86,,,2.2393,5.923,14,en,84023
23834,Вулканический удар,2001,120,,,2.8521,6.0,86,ko,116181
14633,Десять,2002,94,,105656,0.197,7.294,131,fa,119294
10678,Дом вверх дном,2003,105,20000000,132700000,2.0781,5.98,725,en,20739
9567,Слёзы солнца,2003,121,75000000,86500000,4.0485,6.888,2509,en,20907
979,Необратимость,2002,99,3500000,6500000,7.4858,7.2,3141,fr,14597
13819,Лорел Каньон,2003,103,,4600000,2.1186,5.977,215,en,75699
1591,Нигде в Африке,2001,140,,,2.0435,7.0,174,de,4522
24186,Безопасность вещей,2002,121,,,1.3953,6.413,52,en,172993
455,"Играй, как Бекхэм",2002,112,3500000,76585951,2.5817,6.328,1970,en,6220
10632,Загнанный,2003,94,55000000,34234008,2.9273,6.2,873,en,15175
10929,Уиллард,2003,100,22000000,8564586,0.6658,6.139,350,en,58403
170400,Gaudi Afternoon,2001,97,,,3.7146,4.848,23,en,53861
16229,Нация прозака,2001,95,,,2.6458,6.3,324,en,95760
12079,Высший пилотаж,2003,101,2000000,,2.0915,6.567,496,en,71329
44081,Под кожей города,2005,92,,,0.3837,7.0,10,fa,1061523
36362,Царь царей,1961,171,7775000,13400000,5.4968,7.2,223,en,2765
4762,Поруганная честь Катарины Блюм,1975,104,1000000,,1.1678,6.9,102,de,10249
18535,Loving You,1957,101,,,3.5098,6.2,53,en,3376
23159,Весь город говорит,1942,118,1000000,1100000,1.6208,7.3,117,en,18738
27236,Двухполосное шоссе,1971,102,850000,,0.6948,6.932,249,en,20921
42459,Бей в барабан медленно,1973,96,,,1.2278,5.957,70,en,79726
43261,История Бенни Гудмана,1956,116,,,1.0266,6.3,14,en,65481
15347,Рождённая свободной,1966,95,,,2.5026,6.7,127,en,126462
44968,Уроки любви,1993,100,,17952857,2.2004,5.285,93,en,46085
37258,Эквус,1977,137,,,1.9637,7.0,141,en,39996
8996,"Европа, Европа",1990,112,,5575304,3.1529,7.2,269,de,1128
125413,Fear Strikes Out,1957,100,,,1.6224,7.1,20,en,8482
17729,История Гленна Миллера,1954,116,,,1.0299,6.9,155,en,40199
12157,Вид на жительство,1990,108,12500000,29888235,0.8476,6.1,515,en,2690
11571,Путешествие к центру Земли,1959,132,3440000,10000000,2.285,6.9,495,en,39743
71142,Правосудие одиночки,1991,104,4000000,,1.0717,5.7,92,en,53387
10293,Полина на пляже,1983,94,,,1.237,7.0,240,fr,28615
2671,Звонок,1998,96,1200000,19400000,1.9723,7.1,1559,ja,26875
9669,Звонок 2,1999,95,6000000,31365000,2.0758,5.775,440,ja,26875
45129,"Салам, Бомбей",1988,113,,2080046,2.9723,7.3,112,hi,6495
42618,Милая Чарити,1969,153,8000000,20000000,2.3359,6.9,85,en,66777
41164,Talent for the Game,1991,91,,,1.2355,6.25,4,en,86293
66027,Влюбленные женщины,1969,131,1250000,,1.5051,6.553,131,en,32327
36211,Япония,2003,134,250050,,2.3543,6.579,70,es,20660
9557,Морское приключение,2002,94,20000000,8586376,1.8747,5.3,667,en,57962
6171,Ловец снов,2003,136,68000000,81240206,3.9409,5.63,1836,en,8844
13691,Большой фильм про поросенка,2003,79,46000000,62870546,2.3917,6.7,389,en,74298
11523,Вид сверху лучше,2003,87,30000000,19526014,1.5937,5.6,587,en,69719
114065,Down & Out With The Dolls,2002,88,,,0.1383,2.0,2,en,21404
14675,Ужасная правда,1937,90,600000,3000000,1.7129,7.2,335,en,30008
2525,Библия,1966,174,16500000,34900000,2.0374,7.3,272,en,6593
57447,Дом со смеющимися окнами,1976,110,,722,1.4562,7.2,378,it,72191
42695,Я любопытна - фильм в желтом,1967,121,,,1.4323,5.6,74,sv,133471
49845,Дамы Булонского леса,1945,84,,,0.4562,6.9,114,fr,10346
18992,My Friend Flicka,1943,89,,,0.3609,6.0,17,en,9082
29912,Плащаница,1953,135,4350000,36000000,3.8537,6.8,268,en,33064
28881,Ветер,1992,126,29000000,5519569,3.1835,6.134,41,en,68212
80243,Неизведанные радости,2002,112,,,1.201,6.415,53,zh,24011
10782,База «Клейтон»,2003,98,50000000,42792561,1.0229,6.508,1097,en,1090
9341,Земное ядро,2003,136,60000000,74208267,2.8742,5.8,2058,en,15148
9776,Глава государства,2003,95,35200000,37788228,1.2259,5.56,307,en,2632
10735,Чего хочет девушка,2003,105,20000000,50700000,3.4357,6.297,1689,en,66960
16425,Убийственное танго,2003,114,,,3.1387,5.3,46,en,3087
25461,Юность Виктора Варгаса,2002,88,800000,2816116,1.1447,6.795,44,en,71548
51927,Stevie,2002,145,,97000,0.1142,6.919,31,en,122449
12516,Сны Акиры Куросавы,1990,119,12000000,2970161,3.2074,7.705,523,ja,5026
1675,Американская ночь,1973,115,700000,850000,1.5981,7.8,633,fr,1650
62184,Глаз бога,1997,84,,,0.897,5.7,18,en,1462
17057,В укромном месте,1950,94,,,1.3856,7.598,637,en,2765
41938,Вещественное доказательство,1989,95,17000000,3560932,1.9429,5.071,57,en,4782
79615,Square Dance,1987,112,,225358,1.8108,4.5,22,en,40549
40718,Найти «Красную ведьму»,1948,106,,,1.2333,5.6,46,en,101709
42178,Зима приносит смерть,1979,97,,,2.4764,5.8,58,en,6385
203252,Феллини: Я великий лжец,2003,105,,,1.2188,6.1,26,it,1185691
6016,Хороший вор,2003,108,,,1.2892,6.072,138,en,17016
8409,Одиночка,2003,109,36000000,44350926,2.4242,6.09,932,en,37932
1817,Телефонная будка,2003,81,13000000,97837138,3.6689,6.858,3973,en,5572
284096,Cet amour-là,2001,100,,,0.6181,6.5,10,fr,37186
11299,Ковбой Бибоп (фильм),2001,114,,,3.0754,7.7,984,ja,56342
17995,Eddie Griffin: DysFunktional Family,2003,89,,,0.9825,6.2,10,en,21792
21052,Раскаяние,2003,100,7500000,723000,3.2663,6.1,114,en,9612
7294,Человек без прошлого,2002,97,,921,1.2823,7.423,407,fi,16767
9506,Управление гневом,2003,106,75000000,195745823,2.6678,6.2,3313,en,13426
14290,Завтра повезет больше,2002,101,250000,3800000,1.48,6.3,96,en,58189
24982,Призраки бездны: Титаник,2003,91,13000000,17040871,1.6585,6.9,223,en,2710
2662,Дом 1000 трупов,2003,89,7000000,17949758,2.7259,6.2,1696,en,16848
12093,Лиля навсегда,2002,109,2700000,1007747,1.8256,7.6,626,sv,11037
18941,Marion Bridge,2003,90,,,2.403,5.9,16,en,113290
42383,XX/XY,2002,91,,,1.0898,5.865,48,en,53477
11817,Пуленепробиваемый монах,2003,104,52000000,37713879,1.3428,5.509,969,en,70573
24621,В погоне за Папи,2003,80,,6126237,2.1775,6.76,125,en,1214860
13370,Могучий ветер,2003,91,6000000,18750246,0.9153,6.7,253,en,13524
8326,Клад,2003,117,20000000,71406573,3.0054,6.9,1482,en,12989
13411,Разыскиваются в Малибу,2003,86,15000000,34000000,1.8564,5.142,278,en,61175
11516,Птицы,2001,89,35866397,20217080,0.5909,7.6,191,fr,20030
10180,Мерцающие огни,2000,109,,,1.8383,7.127,229,da,1012
994,Соломенные псы,1971,118,2200000,3251794,1.7804,7.149,1020,en,7767
66918,Beginning of the End,1957,73,,,0.8699,3.757,37,en,101225
10514,Штамм Андромеда,1971,131,6500000,12376563,1.0782,7.043,744,en,1744
14237,Сканирование мозга,1994,92,,4352094,2.1694,6.17,274,en,38689
1714,451º по Фаренгейту,1966,113,1500000,2000000,1.299,7.1,1030,en,1650
14308,I Am Trying to Break Your Heart: A Film About Wilco,2002,92,,,1.022,7.6,14,en,76559
41461,Продавец льда грядет,1973,239,,,0.7649,5.9,29,en,13776
9930,Орлы юриспруденции,1986,116,40000000,93151591,2.449,6.0,224,en,8858
32083,Married to It,1991,112,14000000,2059832,1.2412,5.9,25,en,133259
107569,Воспоминания Обо Мне,1988,103,,,1.0347,5.1,18,en,31903
16651,Глаз бури,2001,113,7000000,4720371,0.8294,6.214,69,en,86164
57565,Частное торжество,1984,96,,,1.7201,6.389,63,en,22151
108553,"Братья-сестры, соперники-соперницы",1990,87,,,2.3798,5.147,58,en,1895
12661,Семейство Блюз под прикрытием,1993,90,,12416686,1.6447,6.0,165,en,18378
29355,Дикие кошки,1986,106,,26285544,2.815,6.3,201,en,12964
24961,Виз,1978,134,24000000,21049053,1.5234,6.049,278,en,39996
26866,Картуш,1962,114,,,2.648,6.363,190,fr,34613
31633,Привычка жениться,1991,116,26000000,12454768,2.0613,5.6,121,en,108217
20978,Мой отец - мой герой,1991,105,,,2.0376,5.64,136,fr,143491
47762,Сцены в магазине,1991,87,3000000,9563393,1.1545,5.1,76,en,47773
47329,Стелла,1990,109,,20240128,2.6148,5.7,36,en,150181
10743,Афера,2003,97,15000000,23014206,0.8351,6.3,467,en,15890
2832,Идентификация,2003,90,28000000,90259536,5.2307,7.174,4157,en,366
31459,Семейные ценности,2003,109,,,1.7084,6.0,76,en,64061
19153,The Real Cancun,2003,96,7500000,5345083,0.8848,3.907,27,en,1491995
31932,Город призраков,2002,116,17500000,1277187,1.3544,5.802,91,en,2876
38868,A Decade Under the Influence,2003,110,,34837,1.4615,7.939,41,en,34849
72996,Дом дураков,2002,104,2500000,157613,1.5194,5.8,49,ru,58728
15098,Маниакальный,2001,102,,,2.9439,6.9,113,en,77883
11458,Нужные люди,2002,100,20000000,5484302,1.2684,5.2,175,en,69696
16636,Spellbound,2002,97,,,3.1302,7.357,115,en,89576
18736,Лиззи Магуайр,2003,94,17000000,55534455,1.2108,6.3,1302,en,19228
36658,Люди Икс 2,2003,133,110000000,407711549,0.2288,7.032,10611,en,9032
46989,Синяя машина,2003,92,1000000,464000,1.7842,6.236,53,en,74638
20689,Танцующая наверху,2002,132,,5227348,1.2403,6.1,63,en,6949
13438,Заблудившийся в Ираке,2002,100,,,0.2483,6.9,12,ku,54607
15394,Одержимый,2003,104,10000000,1271244,2.4445,6.7,185,en,228797
10708,Дежурный папа,2003,89,60000000,164433867,3.4993,5.916,2194,en,52112
22016,Человек с поезда,2002,90,,7727906,1.4215,6.7,104,fr,37626
85472,Only the Strong Survive,2002,95,,57628,0.2175,6.5,4,en,115891
22958,Образ вещей,2003,96,,735992,0.9664,6.129,150,en,58689
15850,Поездка,2002,95,,306567,3.5204,6.105,43,en,146811
251053,Washington Heights,2002,89,210000,156021,0.8086,7.3,5,en,86378
10989,101 Рейкьявик,2000,88,,,2.6811,6.131,122,is,67813
1816,Кордебалет,1985,117,25000000,14202899,1.537,6.2,193,en,4786
42017,Абсолютные новички,1986,108,,,2.7434,5.4,66,en,22669
17667,Бит Стрит,1984,106,,,2.0754,6.852,92,en,60473
17464,Брейк-данс 2: Электрическое Бугало,1984,94,,,1.333,5.0,85,en,72543
15259,Брейк-данс,1984,90,1200000,38682707,2.8918,6.6,162,en,1027168
10515,Небесный замок Лапута,1986,125,3000000,5228752,5.8257,7.966,4495,ja,608
45069,Истерическая слепота,2002,99,,,3.0529,6.0,33,en,6495
117269,Lambada,1990,104,,4263112,2.1995,5.4,37,en,1027168
21024,Roadie,1980,106,4700000,4226370,0.3144,5.8,27,en,72427
42792,The Carpetbaggers,1964,150,,40000000,2.593,5.77,37,en,64114
43232,Герлз,1957,114,,,2.1325,6.375,56,en,14674
22201,Перестрелка в О.К. Коррал,1957,122,,11750000,1.4631,7.0,367,en,14520
11424,Высшее общество,1956,106,2800000,8200000,2.9817,6.8,249,en,69392
34857,Поцелуй меня Кэт,1953,109,1981000,3117000,1.0051,6.4,90,en,21506
604,Матрица: Перезагрузка,2003,138,150000000,738599701,6.3677,7.067,11565,en,9339
55616,Дракула: Страницы из дневника девственницы,2002,75,1596010,,0.2113,6.6,48,en,97579
10720,К чёрту любовь,2003,101,35000000,20298207,1.0057,6.1,759,en,59026
51230,Cinemania,2002,79,,,0.7733,6.8,50,en,107168
23423,Friends and Family,2001,87,,,0.7596,5.679,28,en,585280
1555,Испанка,2002,122,5300000,3897799,3.064,7.118,1190,fr,17520
33875,Покемон 5: Герои,2002,72,,27756381,3.252,6.7,371,ja,65429
310,Брюс Всемогущий,2003,97,80000000,484592874,6.1834,6.722,11177,en,4499
5146,Свадебная вечеринка,2003,98,40000000,26800000,1.6574,5.6,300,en,41549
30055,Gigantic (A Tale of Two Johns),2003,102,,,3.4796,8.2,9,en,946395
12544,Дыхание,2002,95,,,2.3296,6.6,115,it,20587
12,В поисках Немо,2003,96,94000000,940335536,11.6175,7.817,20080,en,7
9654,Ограбление по-итальянски,2003,110,60000000,176070171,4.2168,6.784,5812,en,37932
9902,Поворот не туда,2003,84,12600000,28650575,7.7933,6.4,2884,en,60243
2260,Захват Фридманов,2003,107,,4076990,1.8456,7.135,351,en,23287
61939,As Três Marias,2002,89,,,1.05,4.5,5,pt,130300
18385,和你在一起,2002,116,,,1.5978,6.9,61,zh,20640
584,Двойной форсаж,2003,101,76000000,236350661,0.9744,6.5,7884,en,6482
39125,Горечь любви,2003,104,,,1.0208,6.2,30,en,56201
1088,Оседлавший кита,2003,101,8000000,41400000,1.7888,7.057,430,en,15287
5921,Невада Смит,1966,139,,,1.8659,6.736,181,en,37360
47423,Рожденный вором,1991,103,,4303351,2.4122,6.8,168,cn,11401
49798,Regeneration,1997,114,,,0.2553,5.5,29,en,33405
43239,Шелковые чулки,1957,117,,,2.2398,6.7,59,en,29595
32140,Snowball Express,1972,93,,,3.2707,6.7,42,en,83413
14676,Человек по имени Лошадь,1970,114,,,1.8634,6.4,216,en,70262
78281,À vendre,1998,100,,,1.2408,4.9,17,fr,222216
21717,Большой Джейк,1971,110,4800000,7500000,2.2919,6.9,233,en,94096
29425,Безумцы,1973,103,275000,143784,2.3925,6.084,394,en,14999
28503,Безумие 13,1963,75,30000,47664,3.6093,5.511,187,en,1776
59950,Drôle de drame,1937,95,,,0.6056,6.9,65,fr,25161
5920,Ле-Ман,1971,106,7500000,,3.6783,6.8,257,en,19101
51391,Убийство воскресным утром,2001,111,,,0.1961,7.421,57,fr,937129
26593,Рио Лобо,1970,116,,,2.2934,6.5,275,en,11435
50285,Закат в Сиаме,1999,91,,,2.6853,5.846,13,en,15337
33564,Пловец,1968,95,,,0.8716,7.3,248,en,113799
43361,Белый шейх,1952,86,,,0.8616,7.2,282,it,4415
6646,Остров сокровищ,1950,96,,4419657,3.5135,6.6,224,en,51000
29514,Два злобных глаза,1990,120,9000000,,1.8286,6.137,313,en,14999
38720,Walk Don't Run,1966,114,,,1.3193,6.435,77,en,69392
147729,Животные — прекрасные люди,1974,92,,,0.9346,7.4,77,en,55668
38732,Излучина реки,1952,91,,3000000,1.641,6.9,195,en,40199
15462,Автомойка,1976,97,,,0.9172,5.9,119,en,77300
22386,Приходи в сентябре,1961,112,,14170000,2.4924,6.8,78,en,8482
43828,Дестри снова в седле,1939,94,,,0.721,7.163,181,en,19093
11145,Электрический всадник,1979,122,12500000,61801971,1.1083,6.1,159,en,2226
32328,Веселый Париж,1962,85,,,0.7899,6.6,64,en,100890
47715,Интервью,1987,112,,,2.5284,6.8,92,it,4415
29586,Король Крыса,1965,134,,,2.2435,7.1,76,en,31439
12629,Провод под током,1992,85,9000000,,1.7979,5.2,90,en,25735
111815,Мистер и миссис Бридж,1990,126,,,1.2657,6.0,75,en,54441
25381,Опасный перегон,1957,90,,,3.2716,6.4,74,en,116641
38800,Редкая Порода,1966,97,,,2.0425,6.1,74,en,51875
21027,Шинэндоа,1965,105,,17268889,3.1279,6.9,152,en,51875
37264,Разговор начистоту,1992,87,,21202099,2.345,6.0,74,en,121829
11890,Оскар,1991,109,35000000,23562716,2.6987,6.3,544,en,4610
36807,Шестой игрок,1997,107,,,1.5897,6.073,171,en,77121
18721,Далекий край,1954,97,,,1.3053,6.9,161,en,40199
37662,The Railway Children,1970,109,375000,,1.2383,6.7,95,en,30706
11916,Два мула для сестры Сары,1970,114,2500000,5050000,2.506,6.944,626,en,14773
14551,Винчестер 73,1950,92,,2250000,2.8587,7.289,379,en,40199
34759,Ziggy Stardust and the Spiders from Mars,1983,90,,,2.4526,7.3,51,en,21113
51426,Боевой клич,1955,149,,,1.6042,5.563,24,en,8823
42986,The Courtship of Eddie's Father,1963,120,,,1.0479,5.875,36,en,13980
26317,Человек с киноаппаратом,1929,68,,,1.5575,7.833,774,ru,95111
43490,Цель - Бирма,1945,142,,,1.7793,6.8,91,en,8823
40683,Операция «Пасифик»,1951,111,,,2.2182,6.0,53,en,30129
8092,Жизнь этого парня,1993,115,,4104962,2.6073,7.1,1042,en,30365
18200,Дом 13 по улице Мадлен,1947,95,,,1.236,6.0,37,en,37360
15925,Эскадрилья 633,1964,91,,,2.8344,6.1,67,en,101899
32087,Атака,1956,107,,,0.7018,6.8,133,en,18392
290,Бартон Финк,1991,117,9000000,6153939,2.2834,7.457,1797,en,1223
11463,Битва за Англию,1969,132,12000000,,1.646,6.9,333,en,9915
2470,Изящная эпоха,1992,109,,,3.2906,6.6,197,es,37526
42640,Большая слежка,1930,122,2000000,,1.5257,6.7,123,en,8823
44043,Плащ и кинжал,1946,106,,,1.2097,6.5,67,en,68
30462,Команчерос,1961,105,4260000,3500000,3.2479,6.7,204,en,4109
1403,Дуэль в Диабло,1966,104,,,1.6166,6.342,111,en,16888
10243,Полет Феникса,1965,142,5355000,,2.2766,7.2,350,en,18392
42541,С террасы,1960,149,,,1.0283,6.583,54,en,19457
37103,"Бог знает, мистер Аллисон",1957,107,,,1.508,6.9,132,en,6593
46059,Краденый камень,1972,101,4895000,3500000,1.4329,6.546,120,en,12804
40085,Долгое жаркое лето,1958,115,,,1.8902,7.056,214,en,18854
47684,Man of Aran,1934,76,,,1.1091,7.2,52,en,10092
2263,Музыкальная шкатулка,1989,124,,6263883,2.121,7.1,172,en,27436
6523,К северу от Аляски,1960,122,3500000,,2.2565,6.5,126,en,37360
2527,Пусть зверь умрет,1969,113,,,1.9155,7.4,155,fr,19069
18780,Потопить «Бисмарк»,1960,97,,,1.6897,6.8,111,en,10076
19728,Орден «Голубой Макс»,1966,156,5000000,,1.6025,6.8,112,en,6778
26205,The Desert Fox: The Story of Rommel,1951,88,,,1.5559,6.7,111,en,37360
3009,Процесс,1962,119,1300000,94243,3.303,7.411,536,en,40
6643,Непрощённая,1960,125,5000000,,2.2629,6.216,220,en,6593
18972,Непобежденные,1969,119,,,1.0493,6.2,125,en,51875
53380,Divine Trash,2000,97,,39842,2.2885,7.194,36,en,148000
14817,Отличный Гамбургер,1997,95,8500000,23712993,2.6897,6.129,554,en,53177
41426,Jubilee,1978,106,,,2.6217,5.877,77,en,86290
41791,Миссисипская масала,1991,118,8000000,7310000,3.2636,6.337,92,en,6495
49842,Набережная Орфевр,1947,108,,152961,1.3558,7.5,186,fr,2559
41670,Чужой среди нас,1992,110,,2960000,1.0438,5.51,99,en,39996
30708,Жестяная звезда,1973,103,,,1.5693,6.1,152,en,51875
38765,Чизам,1970,111,4000000,6000000,2.8853,6.7,199,en,51875
29627,Защита империи,1986,96,,750000,1.0799,6.4,39,en,21839
98984,Eat a Bowl of Tea,1989,102,,,1.1536,5.3,15,en,39819
36372,Улица полумесяца,1986,90,,,1.1446,5.07,57,en,129692
30529,Перемирие,1997,125,,,2.4683,6.1,76,it,87267
24073,Случайные потрясения,1990,103,,11359129,3.0132,5.6,49,en,18281
2071,Вдребезги,1991,98,22000000,11500000,1.7379,6.138,217,en,5231
43516,Песня Бернадетт,1943,156,2000000,,1.3523,7.0,122,en,37362
33638,Жизнь и времена судьи Роя Бина,1972,120,,,6.2628,6.438,169,en,6593
57476,Дух 76 года,1990,82,,,1.176,4.308,13,en,226326
32489,Весьма современная Милли,1967,152,,,1.5929,6.9,95,en,9577
48864,"Дом там, где сердце",1990,107,,,0.9689,6.1,46,en,19665
10152,Тупой и еще тупее тупого: Когда Гарри встретил Ллойда,2003,85,19000000,39267515,4.8624,4.155,876,en,58868
31246,От Джастина к Келли,2003,81,12000000,4922166,0.9136,3.19,105,en,64815
11375,Голливудские копы,2003,116,75000000,51142659,0.9174,5.2,676,en,4037
20694,Карапузы встречаются с Торнберри,2003,80,25000000,55443032,1.3883,6.3,316,en,86437
16311,Слово вора,2002,102,,,0.9715,5.4,49,en,80273
24985,Сердце моё,2004,96,7000000,,0.99,6.0,26,en,72467
18300,История любви,2002,91,,,3.2698,5.5,138,fr,1963
55735,Loco Love,2003,94,,,2.8572,5.0,8,en,292876
185465,Манито,2002,78,,,1.8183,5.8,8,en,151092
210728,No Turning Back,2002,101,,,0.164,7.3,3,en,1194410
39088,Олигарх,2002,128,,,1.4578,5.287,47,ru,126855
17813,Алекс и Эмма,2003,96,30000000,15368897,2.7787,5.215,209,en,3026
94996,On_Line,2002,97,,167544,2.2158,4.692,13,en,131770
42995,Эксперимент с ужасом,1962,123,,1400000,1.3302,7.1,130,en,1927
115665,Экстаз,1996,93,,,2.5837,5.7,18,es,932363
4708,Горит ли Париж?,1966,173,,,1.957,7.184,217,fr,9740
35068,Война Мерфи,1971,107,,,1.2276,6.1,86,en,12804
42511,Сиротки бури,1921,150,,,0.8776,6.774,93,en,100036
35669,Сатанинские обряды Дракулы,1973,88,,544476,1.4792,5.6,161,en,46997
49584,Чужая планета,1999,96,,,0.4406,4.545,11,en,142513
170,28 дней спустя,2002,113,8000000,85032676,6.3348,7.234,7990,en,2034
9471,Ангелы Чарли 2: Только вперёд,2003,103,120000000,259175788,3.9454,5.5,3184,en,36425
12800,Benzina,2002,84,,,2.0088,4.533,15,it,73656
44562,Эд и его покойная мамаша,1993,86,,,0.8488,5.4,48,en,196769
9581,Профессия киллер,2001,102,,181662,1.7982,6.8,153,cn,58052
117179,Немного безобидного секса,1999,98,,,0.2057,5.2,6,en,33341
15486,Банк,2001,104,,,3.412,5.6,40,en,75725
216,Страх съедает душу,1974,93,130000,186757,2.3307,7.741,436,de,2725
47676,Взрослая жизнь,1993,95,2500000,764083,1.1283,5.685,34,en,7406
45139,Иисус,1979,117,,,4.9014,8.306,242,en,130093
44736,Корабли викингов,1964,126,3000000,,0.7161,6.0,59,en,6603
18569,Созданы друг для друга,1939,92,,,0.9724,6.1,49,en,31497
113739,Ring of Terror,1961,71,,,0.5712,1.7,24,en,8429
52758,Живем один раз,1937,86,575,,0.9213,7.111,186,en,68
38171,Анастасия,1956,105,3520000,4300000,2.5949,6.8,182,en,37361
61225,Бэйб был только один,1992,115,,17530973,0.8978,5.6,162,en,133259
18886,Полет Нарушителя,1991,115,35000000,14587732,1.3443,5.7,130,en,8328
24109,Забавные приключения Дика и Джейн,1977,95,4500000,13600000,0.6392,6.5,72,en,16544
19957,Рыцари круглого стола,1953,115,,,1.7765,6.006,83,en,70862
42176,Главное событие,1979,112,,44800000,0.939,5.254,65,en,34611
39231,Любимый спорт мужчин,1964,120,,6000000,1.1395,6.9,138,en,11435
18722,Мистер Бейсбол,1992,108,,20000000,1.8985,5.8,137,en,64061
43039,Никогда в воскресенье,1960,91,151000,8000000,1.2409,6.8,69,el,14227
40634,Чокнутая,1987,116,25000000,,1.4889,6.3,119,en,18854
20645,Августовская рапсодия,1991,98,,,2.0489,7.2,144,ja,5026
33454,Скарамуш,1952,115,3005000,6746000,3.8486,7.026,96,en,21506
19753,Начинайте революцию без меня,1970,90,,,2.204,5.786,42,en,69946
48451,Странные супруги,1965,98,,,0.4697,5.9,22,en,50567
11482,Жилец,1976,125,,5100000,1.499,7.6,1195,en,3556
70912,Час свиньи,1993,112,,667,0.8491,6.051,39,en,67593
42492,Up the Sandbox,1972,97,2926000,3500000,0.7897,5.8,22,en,10930
6949,"В чем дело, док?",1972,94,4000000,66000000,1.264,7.4,428,en,39012
1927,Халк,2003,138,137000000,245360480,4.8194,5.576,6100,en,1614
10327,Блондинка в законе 2,2003,95,45000000,124914842,3.6233,5.714,1690,en,76247
14411,Синдбад: Легенда семи морей,2003,86,60000000,80767884,4.3692,6.995,2135,en,52870
296,Терминатор 3: Восстание машин,2003,109,200000000,435000000,4.9714,6.177,7007,en,7213
302,Бассейн,2003,102,7800000,22441323,2.1889,6.5,759,en,4387
22,Пираты Карибского моря: Проклятие Чёрной жемчужины,2003,143,140000000,655011224,14.4065,7.817,21637,en,1704
46993,Madame Satã,2002,105,,,2.9363,6.829,79,pt,55018
8698,Лига выдающихся джентльменов,2003,110,78000000,179265204,2.9698,6.0,4223,en,10808
554,Кукушка,2002,100,,,1.5041,7.0,115,ru,7588
61545,Eretz HaKodesh,2001,102,,,0.9475,3.75,4,he,233281
34840,Домохозяйка,2002,91,,,0.5767,5.58,75,fr,20718
17920,Я захватываю замок,2003,111,8000000,6586341,1.2569,6.724,96,en,125544
40947,Km. 0,2000,108,,,0.2323,6.2,29,es,96693
32235,Нортфорк,2003,103,1900000,1600000,2.5874,6.0,80,en,41887
8961,Плохие парни 2,2003,141,130000000,273339556,5.2751,6.655,5751,en,865
17403,Как быть?,2003,99,,,3.5818,5.43,158,en,51600
9486,Агент Джонни Инглиш,2003,87,40000000,160466000,5.4993,6.283,3652,en,1230252
20439,Поваренная книга анархиста,2002,101,2500000,,2.0866,4.474,19,en,131196
3472,Грязные прелести,2002,97,,,1.4783,6.9,474,en,3224
35265,Таксидермист,2002,101,,384336,2.3489,7.2,249,it,63973
25921,Garage Days,2002,105,,,2.6639,5.2,33,en,21085
24259,Cavale,2003,117,,,0.0766,6.1,21,fr,25854
41453,Лишь море знает,2002,119,,,1.5803,5.7,24,ja,24555
68927,Рожденная свободной,1995,100,,,1.3758,5.3,42,en,35155
11894,Кудряшка Сью,1991,101,,33691313,3.7793,6.4,552,en,11505
20726,Маленькие гиганты,1994,107,20000000,19300000,2.4496,6.467,456,en,6592
24558,Большой калибр,1990,94,15000000,5585154,2.0875,4.9,108,en,12698
12649,Рёв мыши,1959,83,,,1.2938,6.3,123,en,33883
44916,Гора Спенсера,1963,118,,,1.5986,6.7,39,en,76981
24356,Шоу века,2003,112,,546106,1.1391,5.036,56,en,6767
1996,Лара Крофт: Расхитительница гробниц 2 - Колыбель жизни,2003,117,95000000,160099222,3.4318,5.755,4388,en,2209
4464,Фаворит,2003,141,87000000,148300000,2.9665,7.062,890,en,23964
12279,Дети шпионов 3: Игра окончена,2003,83,38000000,197101678,3.2126,5.148,2310,en,2294
9104,Солдаты Буффало,2002,98,15000000,2300805,2.9699,6.26,340,en,57030
33339,Camp,2003,114,,1628154,2.3146,5.477,88,en,18342
47232,Отель,2001,93,,,2.6322,3.2,23,en,6111
71714,La hija del caníbal,2003,110,2750000,,1.2647,4.938,16,es,88875
54580,Солнечные понедельники,2002,113,4000000,146402,1.9683,7.229,236,es,15602
4613,Хуже не бывает,2003,90,7000000,,2.6855,5.5,130,en,38572
12530,Аванти!,1972,144,2750000,,1.8779,6.9,248,en,3146
45096,Канун разрушений,1991,99,13000000,5451119,0.7448,4.5,56,en,132200
21882,Гатор,1976,115,,11000000,2.4477,5.1,91,en,16475
29805,Джаггернаут,1974,109,,3400000,2.0554,6.2,127,en,10586
24993,Кикбоксер 2: Дорога назад,1991,89,,1250712,1.4742,5.497,193,en,63937
53021,"Поцелуй меня, глупенький",1964,125,3500000,,1.5271,6.998,203,en,3146
430,"Один, два, три",1961,115,3000000,4000000,1.4921,7.5,404,en,3146
123833,Возможная любовь,2001,98,,,1.6444,5.7,23,pt,132375
5185,Частная жизнь Шерлока Холмса,1970,125,10000000,1500000,0.75,6.834,311,en,3146
10553,Римо Уильямс: Приключение начинается,1985,116,,14393902,1.5474,6.223,271,en,9915
21512,Приветствие джаггера,1989,90,,882290,2.1113,5.9,149,en,7191
21449,"Что случилось, тигровая лилия?",1966,80,400000,,2.0476,5.3,197,en,1243
4984,Белая молния,1973,101,,,1.4211,6.1,104,en,15663
8273,Американский пирог 3: Свадьба,2003,99,55000000,231449203,4.3591,6.215,4248,en,54584
8046,Джильи,2003,121,75600000,7266209,2.4502,4.051,480,en,769
50350,"А теперь, дамы и господа...",2002,133,,,1.1512,5.645,31,en,16862
287811,Boys Life 4,2003,87,,,1.5677,4.0,7,en,1066114
48967,Я буду рядом,2003,105,,,0.8292,5.297,32,en,24264
8094,Сестры Магдалины,2002,119,5000000,21107578,1.9044,7.42,447,en,3064
26195,The Secret Lives of Dentists,2002,104,,,0.9204,5.864,33,en,72427
10330,Чумовая пятница,2003,97,26000000,160846332,6.6378,6.567,4126,en,54050
125952,Bord de mer,2002,90,,,0.4588,5.143,7,fr,230167
9257,S.W.A.T.: Спецназ города ангелов,2003,117,80000000,207700000,3.9998,6.2,2614,en,47640
9499,Развод,2003,117,,12991996,1.8955,4.95,159,en,54441
17180,修羅雪姫,2001,95,,77567,1.812,5.7,32,ja,144536
15292,Step Into Liquid,2003,88,,,1.0975,7.2,37,en,90425
12491,Аккатоне,1961,117,,,3.1766,7.7,501,it,5970
41660,И сказал Бог: Фильм о съёмках,1994,82,,,0.9134,5.133,15,en,139898
78041,Большие неприятности,1986,93,,,1.9063,5.3,40,en,11147
27814,Повреждение мозга,1988,86,,,2.6479,6.675,292,en,86250
41206,Двойная жизнь,1947,104,,,0.9795,6.3,79,en,14674
33954,Птицы большие и малые,1966,85,,,1.5857,7.2,355,it,5970
48364,Человек в стеклянной будке,1975,117,,,0.7962,6.1,25,en,133259
71010,Purpose,2002,96,,,3.1453,4.7,10,en,50141
23395,Рыжий пони,1949,91,,,0.708,5.944,18,en,2000
47278,Sex and the Other Man,1996,89,,,0.9074,4.273,11,en,226325
24192,Евангелие от Матфея,1965,137,,,1.4968,7.4,392,it,5970
10237,Убийцы медового месяца,1970,107,,,1.2297,6.5,123,en,64214
833,Умберто Д.,1952,91,,71461,4.4276,7.9,718,it,12329
26755,Brother's Keeper,1992,104,,,0.8408,7.0,55,en,69238
42470,День дельфина,1973,104,8100000,,1.576,5.8,55,en,5342
3101,Я люблю тебя до смерти,1990,94,,,1.4969,6.4,274,en,8844
6466,Фредди против Джейсона,2003,97,30000000,116643421,4.5557,6.087,2736,en,17268
20210,Скейтбордисты,2003,104,6000000,5141166,1.854,5.937,150,en,57048
2055,Открытый простор,2003,139,22000000,68296293,2.353,7.2,1153,en,1269
11770,Убойный футбол,2001,89,10000005,42776760,8.2952,7.145,2427,cn,57607
14926,Городские девчонки,2003,92,20000000,44600000,3.0579,6.9,1013,en,52358
2771,Американское великолепие,2003,101,2000000,6003587,2.2404,7.177,515,en,72206
1778,The Backyard,2002,80,,,0.1235,7.2,9,en,19026
44408,Бойня,2002,130,,,1.9162,5.364,11,fr,130709
54390,Апассионата,2003,108,,,2.5513,7.0,13,en,69099
10923,Агент Коди Бэнкс,2003,102,28000000,58795814,2.0493,5.534,1132,en,21981
17745,Затерянный лагерь,1994,96,,,1.3443,5.9,161,en,82346
79888,Клуб для вдов,1993,107,,,1.303,5.3,11,en,1103
114776,Changing Habits,1997,95,1200000,,3.0332,1.5,6,en,198945
21989,Здорово!,1984,96,4506756,20307325,1.5728,4.8,74,en,67632
18573,Музей восковых фигур,1953,88,1000000,23750319,1.3547,6.9,365,en,81799
37451,Постоялый двор шестой степени счастья,1958,158,,,1.4369,6.7,81,en,19457
41759,Лучший друг человека,1993,87,6000000,12974636,1.6446,5.9,135,en,65678
37227,Неизвестная тварь,1983,88,4000000,,0.9943,5.779,104,en,16566
48791,Принц Ютландии,1994,107,,,1.5669,5.363,40,en,70636
80047,Грести по ветру,1988,95,,,1.2025,5.6,30,es,54148
41944,The Rachel Papers,1989,95,,,1.0036,4.956,34,en,42301
8992,Абсолютно точно,1985,100,4500000,18135531,1.5113,6.5,310,en,3026
35371,Столкновение,1986,93,,,2.8671,6.2,66,en,29700
19053,Девушка из долины,1983,99,350000,17343596,1.2196,6.0,258,en,63713
11206,Дождись темноты,1967,108,4000000,11000000,2.4413,7.3,569,en,9855
49762,Where the Rivers Flow North,1993,106,,,0.7127,6.2,6,en,135796
30970,Код неизвестен,2000,118,,95242,2.5673,6.727,267,fr,6011
13154,Разборки в маленьком Токио,1991,79,8000000,2275557,3.1491,6.4,503,en,67753
18148,Токийская повесть,1953,137,,,3.0927,8.2,1161,ja,95501
54898,Зеленый луч,1986,99,,,1.383,7.4,267,fr,28615
636,Галактика ТНХ-1138,1971,88,777000,2437000,3.124,6.433,1015,en,1
3055,Долина кукол,1967,123,5000000,50000000,1.4725,6.0,135,en,19457
40920,The Business of Fancydancing,2002,103,200000,,0.8125,4.8,8,en,1201090
54986,춘향뎐,2000,137,,,1.9916,6.526,39,ko,87554
43048,Мотивы славы,1960,107,,,0.9611,7.1,61,en,7501
11898,Добрые сердца и короны,1949,106,,,1.4441,7.642,578,en,70864
26225,Ash Wednesday,2002,99,,2942,2.0749,5.442,43,en,12833
14881,Джо Кидд,1972,88,,6330000,2.5287,6.4,387,en,14520
26198,Крепость,1983,96,6000000,3661757,1.6672,5.6,294,en,638
35072,Аторагон: Летающая суперсубмарина,1963,96,,,0.6143,6.6,54,ja,18598
43226,Мистериане,1957,89,,,1.6561,6.364,59,ja,18598
44585,Attack of the Puppet People,1958,79,,,1.1862,5.0,62,en,101225
35073,Чудовище с глубины 20 000 морских саженей,1953,80,210000,5000000,1.2756,6.6,194,en,11558
9051,10,1979,122,7000000,107000000,2.6769,5.715,281,en,1927
9362,Дрожь земли,1990,96,11000000,48572000,3.6742,6.931,3436,en,33485
19542,Красные башмачки,1948,134,500000,10000000,1.93,8.0,713,en,68424
120683,Me & Isaac Newton,2000,,,,0.3538,0.0,0,en,10781
936,Розовая пантера,1963,114,,10878107,2.6557,6.848,1129,en,1927
12268,Розовая пантера наносит ответный удар,1976,103,6000000,33833201,1.5653,6.9,584,en,1927
10999,Коммандос,1985,87,10000000,57500000,4.7488,6.695,3002,en,67753
33521,Дракула,1979,109,,,3.0133,6.3,273,en,12840
4593,Скромное обаяние буржуазии,1972,101,800000,103230,2.0541,7.464,871,fr,793
34044,Waco: The Rules of Engagement,1997,136,,,0.2494,7.6,46,en,139537
12276,Дорога домой,1999,89,,,2.1159,7.5,218,zh,607
3782,Жить,1952,143,,55240,4.4642,8.3,1260,ja,5026
36629,Негодяи из комиксов,2002,92,,,1.2768,5.208,47,en,56113
2891,Ангел за моим столом,1990,158,,,1.3728,7.0,179,en,10757
12722,Военный фотограф,2001,96,,,0.3226,7.551,68,en,73645
41806,"Ай, Кармела!",1990,102,,2000000,1.4781,6.6,84,es,96369
143795,War and Peace,2002,148,,,0.6288,6.3,3,hi,1119816
38304,Loin,2001,120,,,0.7471,5.542,12,fr,96627
26246,Incident at Oglala,1992,89,,,0.5046,7.0,16,en,10781
124839,Prerokbe Ognja,1996,90,,,0.0729,6.5,6,sl,319627
20815,Рассказ служанки,1990,108,13000000,4960385,2.1379,6.1,267,en,10249
19433,Революционная ОС,2001,85,,,1.2704,6.9,82,en,110351
99006,Live Nude Girls Unite!,2000,75,,48752,0.0705,3.8,5,en,131456
48464,Все маленькие животные,1999,112,,23349,0.8654,6.026,38,en,3056
7504,Земля,1998,107,,528972,2.7333,6.5,39,hi,4760
513,Огонь,1997,108,,501533,1.2714,6.721,68,en,4760
6619,Смерть в Венеции,1971,131,,,1.3576,7.3,517,it,15127
32316,Marci X,2003,84,20000000,1675706,0.3852,3.4,59,en,24318
10610,Медальон,2003,88,38000000,34300000,3.6379,5.609,1150,en,64901
2830,Дочь моего босса,2003,83,14000000,,1.3896,5.043,713,en,12987
15920,Бабье лето,2001,95,,,1.6072,6.9,19,cs,140434
21413,Битва При Шейкер-Xайтс,2003,77,1000000,,1.064,5.652,56,en,88832
38874,Нет вестей от Бога,2001,95,1200000,,1.3658,5.5,86,es,127823
16405,Прах,2001,127,,,0.6223,5.333,30,mk,1364800
33255,Stoked: The Rise and Fall of Gator,2004,82,,,0.2557,5.867,15,en,110395
178675,Venus Boyz,2002,102,,,0.1847,5.9,10,en,1168924
99648,Tan de repente,2002,90,,,0.7043,5.619,21,es,145022
11351,Джиперс Криперс 2,2003,104,17000000,63102666,4.8718,6.153,1744,en,56349
333,Голливуд/Болливуд,2002,105,,,0.4541,5.633,30,en,4760
30246,Клеймо гражданина,2003,95,500000,243347,1.9778,6.9,22,en,105882
112961,Nola,2003,97,,10550,0.7832,6.5,11,en,947014
22200,Once Upon a Time in the Midlands,2002,104,,,1.7618,6.2,55,en,70520
2722,Другая сторона постели,2002,114,,,1.0585,6.0,109,es,27449
27090,Нулевой день,2003,92,20000,8466,1.5118,7.3,95,en,132973
13778,Дикки Робертс: Звездный ребенок,2003,98,17000000,23769505,9.3348,5.1,201,en,54967
9616,Пожиратель грехов,2003,102,35000000,11600000,2.1825,5.729,378,en,4723
55015,Когда смолкли выстрелы,2002,133,,,2.699,6.768,41,en,568406
1415,Клубная мания,2003,98,5000000,742898,2.231,5.8,189,en,16957
31094,Мнения сторон,2002,108,20000000,,2.5692,6.2,46,en,225898
11547,Лихорадка,2003,93,1500000,30600000,1.2135,5.691,1384,en,16847
7270,Великолепная афера,2003,116,62000000,65565672,2.0066,7.0,1875,en,578
1428,Однажды в Мексике: Отчаянный 2,2003,102,29000000,98769390,3.6599,6.295,2302,en,2294
17906,Кукла,2002,91,,71646,0.4994,5.9,95,en,82482
153,Трудности перевода,2003,102,4000000,119723856,5.5286,7.388,7770,en,1769
35565,Luster,2002,90,,,0.9448,5.5,19,en,116792
33320,Актриса тысячелетия,2002,87,,37641,2.8714,7.8,959,ja,40333
15136,Боевые ангелы,2002,111,,810243,2.8212,6.9,240,cn,35452
61054,Children of the Night,1991,92,,,1.1183,4.192,39,en,52194
4703,Daisy Miller,1974,91,2000000,,2.309,6.2,32,en,39012
29507,Просветление гарантируется,2000,109,,,1.3561,6.905,21,de,18969
27590,"Попался, или Шпионские игры",1985,101,,8800000,3.2483,5.9,158,en,67897
52734,Hard to Hold,1984,93,,,0.9089,4.269,13,en,51373
14603,Каффс,1992,102,10000000,21142815,2.2078,5.7,217,en,3028
10617,Однажды в Китае,1991,133,,3826459,3.1396,7.095,461,cn,26760
10618,Однажды в Китае 2,1992,113,,30399676,2.4372,7.167,270,cn,26760
10619,Однажды в Китае 3,1993,109,,27540561,2.0012,6.469,208,cn,26760
11293,Бумажная луна,1973,102,2500000,30900000,1.3333,7.9,779,en,39012
36759,Оркестр Клуба одиноких сердец сержанта Пеппера,1978,111,18000000,20378470,4.1685,4.3,55,en,77300
38960,En sång för Martin,2001,118,,,1.1245,5.4,19,sv,19684
19383,Мишени,1968,90,130000,,3.6141,7.05,228,en,39012
53650,Гадкий американец,1963,120,,,1.1978,6.6,34,en,93953
40775,Бостонцы,1984,122,,,3.3932,5.5,47,en,54441
9584,Конвой,1978,107,12000000,45000000,3.5657,6.3,401,en,7767
8408,День мертвецов,1985,101,3750000,34000000,1.3697,7.038,1333,en,14999
14030,"Хеллоу, Долли!",1969,148,24000000,33208099,2.5595,6.981,370,en,13294
49685,Я иду домой,2001,90,,,1.4519,6.7,43,fr,81749
2687,Исповедь невидимки,1992,99,40000000,14358033,1.3314,5.9,621,en,11770
16323,Роза,1979,125,9250000,29174648,2.5125,6.7,129,en,21958
39859,Слепой ужас,1971,89,,,0.8576,6.508,126,en,2087
41846,Super Sucker,2002,93,,,0.4925,5.3,10,en,8447
74585,Вокзал Термини,1953,64,,,2.6794,5.896,52,it,12329
23325,Дезертиры,1950,93,,,0.6673,5.3,56,en,102601
16790,Бинго,1991,89,10000000,8667684,2.4284,5.045,99,en,12677
31579,Бог велел мне,1976,91,,,1.4426,5.8,153,en,19266
40353,Безумная,1989,89,,151203,0.808,5.8,108,en,42309
23033,Книга джунглей,1942,108,,,1.0385,6.3,109,en,65852
19064,Однажды укушенный,1985,94,3200000,10000000,2.968,5.795,351,en,84047
34564,The Shrimp on the Barbie,1990,90,5500000,,1.1553,5.53,37,en,62043
25241,Черви,1976,92,,,2.0557,4.9,124,en,57239
43041,Приключения Гекльберри Финна,1960,107,1357000,2750000,1.1823,5.8,34,en,4109
28942,Выводок,1979,92,1355000,5000000,2.3845,6.7,776,en,224
37025,Принц и нищий,1937,118,,,1.6543,6.8,40,en,67426
10739,Кое-что еще,2003,108,18000000,13585075,2.0111,6.1,645,en,1243
12767,Дьявольский особняк,2003,118,45000000,29119434,1.7211,5.37,522,en,6111
22309,Борьба с искушениями,2003,122,15000000,30238577,1.2535,5.7,129,en,21217
13156,Подержанные львы,2003,111,,,3.7126,7.183,803,en,77919
277,Другой мир,2003,133,22000000,95708457,5.7354,6.839,6412,en,3950
9707,Бабба Хо-Теп,2002,95,1000000,1239541,1.487,6.507,666,en,58245
38244,Приемные матери,2003,96,,,0.9186,5.417,30,en,102445
24488,Демон-любовник,2002,121,7900000,231800,0.8635,5.735,117,fr,21678
278813,Esmeraldero,2003,,,101358,1.114,5.0,1,es,1091526
20321,Doctor Sleep,2002,108,,,2.6867,5.1,62,en,107395
36791,В этом мире,2003,88,,,1.2557,6.2,53,en,172
61401,Tibet: Cry of the Snow Lion,2002,104,,,0.0453,7.5,8,en,1667420
17614,Йосси и Джаггер,2002,64,267005,,1.333,6.622,98,he,160
7288,Дюплекс,2003,89,40000000,19322135,2.7303,6.1,1739,en,518
10159,Сокровище Амазонки,2003,104,85000000,80900000,2.9565,6.445,2099,en,36602
10934,Под солнцем Тосканы,2003,113,18000000,58878723,3.2138,6.881,928,en,36805
287816,Camera Obscura,2000,95,,,0.7653,2.333,3,en,2076101
54243,Kart Racer,2003,94,,,0.8486,6.1,25,en,76418
5653,Лютер,2003,123,30000000,29400000,4.5469,6.443,325,en,35325
321,Мамбо Итальяно,2003,89,4361898,3031801,2.7519,5.937,87,en,6980
20,Моя жизнь без меня,2003,106,2500000,12300000,1.72,6.069,486,en,90
18113,Переполох в общаге,2003,96,,436365,1.5006,5.1,161,en,63447
5168,Être et avoir,2002,104,1000000,,0.4162,7.3,144,fr,41788
9662,Трио из Бельвилля,2003,80,9500000,14776760,1.4006,7.386,1002,fr,21768
837,Видеодром,1983,84,5952000,2120439,1.9071,7.265,2366,en,224
20303,Life and Debt,2001,86,,,0.2115,7.2,14,en,85917
19666,Лагаан: Однажды в Индии,2001,224,5200000,8100000,2.1487,7.263,610,hi,78751
821,Нюрнбергский процесс,1961,179,3000000,10000000,3.2429,8.016,884,en,4081
41834,Путешествие надежды,1990,110,,,0.7158,7.1,34,de,65874
37672,"В то же время, в следующем году",1978,119,1180000,19703082,1.3623,6.5,75,en,8482
1358,Краткая история времени,1991,84,,2279692,1.4136,7.198,121,en,18533
2200,Jakob der Lügner,1974,100,,,1.3054,6.911,28,de,22562
11475,Ленинградские ковбои едут в Америку,1989,79,,,1.6525,6.93,192,fi,16767
776,Правила игры,1939,110,8847685,273520,2.1029,7.5,635,fr,11528
40440,Led Zeppelin - The Song Remains the Same,1976,137,,,1.8121,7.8,139,en,91483
16563,Семь невест для семи братьев,1954,102,,5000000,2.9245,7.1,556,en,13284
11703,Поцелуй женщины-паука,1985,120,1250000,17000000,2.2469,7.022,323,en,40542
891,Вся президентская рать,1976,138,8500000,70600000,2.0783,7.7,1976,en,6349
83714,Энджи,1994,107,,9398308,2.2494,5.703,37,en,63713
12531,Квартира,1996,116,,,3.9598,6.7,227,fr,72667
10881,Авалон,2001,107,8000000,8826094,2.6156,6.521,336,pl,12180
11832,Пир Бабетты,1987,102,,4398938,3.899,7.197,426,da,70636
51300,Сибирскiй цирюльникъ,1998,180,35000000,,1.0712,7.1,146,ru,82796
11806,Бетховен,1992,87,,147214049,2.6217,5.835,2175,en,13581
10438,Бетховен 2,1993,89,15000000,118243066,2.3304,5.564,1029,en,64877
36349,Восход «Черной луны»,1986,100,,6637565,1.522,5.509,159,en,23858
650,Ребята с улицы,1991,112,6500000,57504069,4.0527,7.625,2142,en,6482
10337,Багси,1991,136,30000000,49114016,0.8853,6.3,415,en,8246
8446,Багси Мэлоун,1976,93,,,2.5807,6.6,299,en,9168
42570,By the Sword,1991,91,,,0.4087,5.9,30,en,128947
9874,Кобра,1986,87,25000000,49042224,3.3871,6.152,1870,en,16566
11477,Коммунар,2000,109,,,3.6621,6.9,333,es,57865
37753,По взаимному согласию,1992,99,18000000,21591728,0.8473,5.4,165,en,6349
29161,Феномен,1985,110,3800000,,1.3156,6.798,883,en,4955
21627,Волна преступности,1985,83,3000000,5101,1.4708,5.5,155,en,7623
9501,Плачущий убийца,1995,102,6100000,,2.0924,6.3,347,en,8296
49291,Время не ждет,2000,113,,,1.5225,6.445,181,cn,26760
4543,Смысл жизни по Монти Пайтону,1983,107,9000000,42749697,2.2955,7.3,2010,en,10707
11046,"Там, где гнездятся орлы",1968,155,7700000,21000000,2.6532,7.511,943,en,54451
11707,Петля,1984,114,,48143579,1.0342,6.141,368,en,66274
7442,В постели с врагом,1991,99,19000000,175000000,2.6042,6.49,1164,en,52629
14425,ППУ,1994,79,9000000,4350774,2.4352,6.0,131,en,7678
6723,Новичок,1990,120,10000000,21600000,1.7658,5.881,585,en,190
13343,The Ghost & Mr. Chicken,1966,90,700000,,1.2509,6.691,98,en,85840
16969,Заваруха в городе,1984,97,25000000,38348988,2.874,5.473,203,en,24318
11338,В ночи,1985,114,11400000,6700000,1.1119,6.513,319,en,4610
13339,Ровно в 3 часа,1987,99,6000000,3685862,1.6002,6.8,290,en,18500
28761,"Белый охотник, черное сердце",1990,112,24000000,2300000,1.5552,6.4,291,en,190
25237,Иди и смотри,1985,136,,20929648,4.8442,8.2,1705,ru,93406
41780,Ярость в Гарлеме,1991,115,8000000,10400000,0.9265,5.4,55,en,1103
9871,Оборотень,2001,108,5000000,,3.3704,6.917,954,en,43
33258,More American Graffiti,1979,110,2500000,15000000,1.5242,5.2,105,en,58075
71940,Баллада о маленькой Джо,1993,121,,543091,1.2624,5.8,29,en,94831
26850,Под подозрением,1991,100,6000000,221000,2.0188,5.9,116,en,21705
70709,Руби,1992,110,9000000,919286,1.6929,5.4,28,en,40007
36855,The Reluctant Astronaut,1967,101,,,1.2275,5.964,42,en,116406
20238,Дантист на диком западе,1968,101,,,1.2089,6.2,45,en,85840
33783,Эта кошмарная Пэт,1994,77,8000000,60822,1.1358,3.1,72,en,111338
42102,Воскресенье за городом,1984,94,,8200000,1.1217,7.0,96,fr,20556
47898,Пистолет в сумочке Бетти Лу,1992,89,13000000,3721911,1.0597,5.1,33,en,55790
19171,Внезапный страх,1952,112,,,2.9567,7.254,136,en,73256
48345,Ничей ребенок,2001,110,,,1.3596,5.096,28,en,11834
11364,Кое-что о Генри,1991,108,25000000,43001500,2.7917,6.54,621,en,5342
38135,The Debut,2000,88,1000000,,3.9263,5.4,7,en,239051
55950,Почище напалма,1993,109,,84859,1.7639,5.5,30,en,58463
39916,Заражение,1980,95,,,2.9286,5.2,140,en,88164
31634,The Amazing Transparent Man,1960,57,,,1.2064,3.8,58,en,5030
43739,Любовный роман,1939,88,,,2.7219,7.0,119,en,30008
45203,Once in the Life,2000,107,,,1.2195,4.5,14,en,2975
14874,Семнадцатилетние,2002,96,,,0.7282,6.202,114,en,123163
32082,Больница,1971,103,,,2.6126,6.559,101,en,133259
25269,Article 99,1992,100,18000000,6400000,16.3646,6.161,62,en,26502
29449,Видения,1972,101,,,0.5468,6.8,152,en,9789
37943,Эврика,1983,130,,123572,2.3229,5.3,77,en,14132
33633,Oleanna,1994,87,,124693,1.9767,6.143,56,en,1255
86763,Чаттахучи,1990,98,,259486,1.7552,5.636,44,en,8843
78146,Tough Guys Don't Dance,1987,109,5000000,858250,1.044,4.6,46,en,143280
88641,There Goes My Baby,1994,99,10500000,123509,0.9879,6.1,12,en,67834
30315,Царство пауков,1977,91,500000,17000000,1.3275,5.561,131,en,97966
13765,Скрудж,1970,113,5000000,6000000,3.6161,6.83,153,en,7501
12772,Сила веры,1992,108,20000000,23400000,1.2822,5.797,224,en,73496
47866,"Бензин, еда, жилье",1992,101,,1345236,1.0583,6.276,67,en,3110
18900,Хладнокровно,1967,134,3500000,13007551,1.6112,7.488,409,en,3632
73265,Человек с кампуса,1987,94,4900000,989528,1.481,3.786,7,en,1905256
17744,Случай с Бедфордом,1965,102,,,1.3,7.0,96,en,3349
62124,Les blessures assassines,2000,94,,,1.0535,6.122,37,fr,240033
3087,Янки Дудл Денди,1942,126,,,1.0106,7.0,222,en,4109
14282,Манускрипт ниндзя,1993,94,,,3.9685,7.76,705,ja,56339
11502,Нож в воде,1962,94,,,1.1782,7.289,453,pl,3556
29451,Дьявол и Дэниэл Уэбстер,1941,107,,,0.9214,7.0,92,en,49214
21219,Гангстеры,1991,104,23000000,20246790,2.7244,6.222,187,en,42319
116094,Charlotte Sometimes,2002,85,,,2.6672,4.55,11,en,1016489
2116,Вне времени,2003,105,50000000,55495563,2.0395,6.3,1255,en,21712
1584,Школа рока,2003,108,35000000,131100000,4.1438,7.082,5951,en,564
28236,Concert for George,2003,140,,,1.0529,8.1,61,en,33317
40945,The Event,2003,114,,,2.2274,5.625,16,en,229519
19555,9 мёртвых геев,2002,83,,,1.1276,5.8,42,en,84830
2056,Станционный смотритель,2003,89,500000,8701337,3.2686,7.356,737,en,17867
4997,Уондерлэнд,2003,104,5000000,2466444,1.1191,6.077,285,en,40508
8439,Ônibus 174,2002,118,,217201,0.2946,7.335,136,pt,52576
322,Таинственная река,2003,138,25000000,156800000,5.8333,7.742,7159,en,190
21765,Лохматый спецназ,2003,87,17000000,,3.8475,5.5,144,en,89113
11059,Дом мертвецов,2003,90,12000000,13818181,1.4021,3.1,408,en,23799
11775,Невыносимая жестокость,2003,100,60000000,119940815,2.2817,5.947,1587,en,1223
24,Убить Билла,2003,111,30000000,180906076,10.6608,7.969,18335,en,138
54973,Dopamine,2003,79,,22278,1.3979,4.867,15,en,981142
10930,Цветок зла,2003,104,,,0.5213,6.039,76,fr,19069
21059,Девочки есть девочки,2003,79,,148047,0.8854,5.6,25,en,1213124
49475,La Chatte à deux têtes,2002,84,,,1.5013,5.8,24,fr,40304
11329,Вердикт за деньги,2003,127,60000000,80154140,19.9372,6.924,1459,en,5501
9373,Техасская резня бензопилой,2003,98,9500000,107967319,4.3221,6.3,2796,en,29922
1550,Праздник Эйприл,2003,81,300000,,1.3088,6.487,261,en,3290
5493,Пришелец из будущего,2002,116,,73060,2.0177,6.5,243,ja,43652
28200,Сильвия,2003,114,7000000,10000000,2.1035,5.721,118,en,74152
10629,Охота на Веронику,2003,98,17000000,9439660,1.9723,6.6,325,en,5572
10944,Темная сторона страсти,2003,119,12000000,23726793,2.565,5.1,447,en,10757
9839,За гранью,2003,127,35000000,,2.92,6.4,424,en,10702
13920,Радио,2003,109,35000000,53293628,3.7661,7.303,805,en,53178
4256,Очень страшное кино 3,2003,84,45000000,220673217,5.0218,5.968,4298,en,12987
10009,Братец медвежонок,2003,82,128000000,250397798,6.305,7.269,5634,en,61952
1807,Слон,2003,81,3000000,10000000,3.9705,7.0,2024,en,5216
33343,Джипси 83,2001,94,,,3.9809,6.3,28,en,40440
30141,Поющий детектив,2003,109,8000000,435625,1.2571,5.0,137,en,33054
10536,Ограбление по-итальянски,1969,99,3000000,,2.0831,7.0,815,en,39779
14157,Impulse,1984,91,10000000,2773433,1.9652,5.1,49,en,43513
67809,Normal,2003,110,,,2.2563,6.603,39,en,59670
42044,Шоа,1985,566,,20175,2.8639,8.2,211,fr,127491
37922,Кто убил Виктора Фокса?,2002,124,,,2.0368,5.868,59,en,3045
1376,Милые шестнадцать лет,2002,106,,,3.1397,7.0,236,en,15488
31397,Инопланетянка из Лос-Анджелеса,1988,87,,,1.1029,3.4,71,en,63937
50374,Черное воскресенье,1977,143,8000000,15769322,2.1007,6.7,156,en,13776
96171,Уважаемые люди,1990,113,,139155,0.9714,4.7,23,en,143312
20312,Трасса 60,2002,116,7000000,,3.79,7.383,742,en,1058
59809,Lipstick,1976,89,,,0.6101,5.2,53,en,1214133
135890,Сторивилл,1992,113,,422503,1.4934,4.8,17,en,58837
64945,That Was Then... This Is Now,1985,102,,,1.1588,5.7,32,en,56828
2348,Святые узы брака,1994,93,,616938,0.4717,5.2,59,en,1749
44591,The Black Scorpion,1957,88,,,1.0806,5.125,64,en,101709
10389,Глаз,2002,99,10706075,1766761,2.0197,6.6,439,cn,31033
18979,Captain Kronos: Vampire Hunter,1974,91,400000,,0.4893,6.114,136,en,26128
31206,The Jolson Story,1946,128,,,0.8436,6.6,17,en,97774
28658,Ты никогда не будешь богаче,1941,88,,,0.6772,6.449,59,en,97017
3117,Франкенштейн и монстр из ада,1974,95,,,1.2592,6.2,107,en,29662
20684,Preaching to the Perverted,1997,100,,,0.9792,6.0,32,en,133210
27450,Чикаго Джо и стриптизерша,1990,103,,85395,0.2778,4.889,18,en,57851
26643,The Magic Sword,1962,80,,,1.0417,4.2,46,en,101225
62327,Promised Land,1988,102,,316000,1.979,4.9,35,en,52405
897,Непокоренный,1956,110,,170215,1.0909,7.9,272,bn,12160
42522,Рука напрокат,1971,91,1000000,,1.3249,6.039,76,en,8949
11657,Красный круг,1970,134,,,1.7982,7.599,694,fr,3831
224,Человек из мрамора,1977,165,,,0.7621,7.0,84,pl,2801
27117,Шерлок Холмс и голос ужаса,1942,65,,,1.1136,6.5,100,en,97015
50553,Шерлок Холмс перед лицом смерти,1943,68,,,1.4508,6.8,85,en,25165
44383,Шерлок Холмс в Вашингтоне,1943,71,,,1.363,6.7,75,en,25165
78331,«Кадиллак» из чистого золота,1956,99,,,0.9689,6.1,34,en,18907
10922,Запятнанная репутация,2003,106,30000000,24900000,2.3253,6.0,490,en,6729
43708,"Die, Mommie, Die!",2003,90,,320092,1.0223,6.514,36,en,129796
240177,Dirt,2001,102,,,0.2398,4.333,6,en,1275303
51707,Girlhood,2003,82,,,2.1086,6.273,11,en,96199
30349,Невеста по почте,2003,84,,,0.7154,4.2,7,en,233474
13537,Афера Стивена Гласса,2003,99,6000000,2944752,1.4785,6.959,456,en,21807
28446,Suspended Animation,2001,114,1900000,,2.1883,5.111,9,en,79726
605,Матрица: Революция,2003,129,150000000,424988211,5.2107,6.747,10445,en,9339
33222,La revolución no será televisada,2003,74,,,0.5552,7.7,53,en,110337
10719,Эльф,2003,97,32000000,228500000,12.7464,6.659,4328,en,15277
266741,Anything But Love,2003,102,,,0.9267,0.0,0,en,119367
23995,Billabong Odyssey,2003,88,,54,0.3296,8.0,3,en,1048445
1277,Мрачное воскресенье,1999,112,,585604,2.7794,7.677,65,de,16225
1836,В моей коже,2002,93,,31046,1.2456,6.0,134,fr,19359
292974,Just an American Boy: A Film About Steve Earle,2003,95,,,0.3124,0.0,0,en,44023
508,Реальная любовь,2003,135,40000000,250779876,14.0909,7.104,7117,en,7018
197563,Défense d'aimer,2002,96,,,0.1463,4.7,10,fr,55968
11846,Отец невесты,1991,105,20000000,89325780,2.9386,6.473,1439,en,56106
50314,My Architect: A Son's Journey,2003,116,,,2.6984,6.774,31,en,230987
10715,Луни Тюнз: Снова в Деле,2003,92,80000000,68500000,2.8989,6.352,1569,en,4600
8619,Хозяин морей: На краю Земли,2003,138,150000000,211623421,3.8238,7.2,3374,en,2690
21525,Tupac: Воскрешение,2003,112,300000,7808524,2.4918,7.9,166,en,1110343
14892,Большая пустота,2003,94,,,0.6155,6.1,80,en,77523
12146,Последний рейд,2003,135,60000000,38364277,3.1378,6.311,669,en,6159
10588,Кот,2003,82,109000000,133800000,4.6996,5.3,1745,en,5133
4970,Готика,2003,98,40000000,141591324,2.5194,6.115,2411,en,2406
470,21 грамм,2003,124,20000000,60427839,2.7878,7.326,3275,en,223
11042,Нашествие варваров,2003,99,8000000,34883010,1.3888,7.1,383,fr,38516
579140,Blindness,1998,88,,,1.3846,6.0,1,en,236378
44708,Вдоль моста Блю Гэйт,2002,85,,,1.6991,7.069,87,zh,131295
10147,Плохой Санта,2003,91,23000000,76500000,4.1315,6.548,2270,en,17447
10756,Особняк с привидениями,2003,99,90000000,182290266,2.6545,5.7,2092,en,18898
9562,В ловушке времени,2003,116,80000000,43935763,2.4035,5.73,1128,en,7187
36068,Marquis,1989,83,,,1.9012,6.447,47,fr,560042
11012,Ущерб,1992,111,11000000,31000000,4.3282,6.6,643,en,15389
279714,OT: Our Town,2002,76,,,0.0311,5.444,9,en,550104
30068,Devil's Playground,2002,77,,,0.1555,6.6,34,en,34949
40913,Танец с незнакомцем,1985,102,,,1.1682,6.019,52,en,10723
158413,Journeys with George,2002,79,,,0.6532,6.6,7,en,1489544
9556,Человек тьмы,1990,95,16000000,48900000,1.6888,6.439,1450,en,7623
13581,Глубокой ночью,1945,103,,,1.3309,7.2,292,en,8929
1702,Машина смерти,1995,120,,1422749,2.6818,5.9,132,en,10808
19184,Последняя битва,1983,90,,,0.7365,6.347,161,fr,59
24203,Кабинетный гарнитур,1957,103,,,0.4367,6.9,122,en,80570
9065,Европа,1991,113,,1007976,0.7837,7.357,343,de,42
44479,Женщина-арбуз,1997,85,,,1.7443,6.9,108,en,232937
4823,Окончательный анализ,1992,124,32000000,28600000,3.5669,5.717,304,en,18500
10168,Новичок,1990,102,,,0.9769,6.3,293,en,41550
10234,Забавные игры,1997,108,,2506,3.9662,7.311,1976,de,6011
38939,Байки из склепа,1972,93,,,0.7449,6.856,329,en,5629
10952,Нью-Джек-Сити,1991,97,8500000,47624253,2.4973,6.636,565,en,16214
14022,Бездельник,1991,97,23000,1228108,3.6636,6.731,329,en,564
860,Военные игры,1983,114,12000000,124600000,5.8551,7.071,2050,en,12840
41521,Мистер Хоббс берет выходной,1962,116,2000000,4000000,1.503,6.4,90,en,33064
48035,Слово,1955,126,,,1.0441,8.0,393,da,11572
5000,Запрещённые игры,1952,87,,10188,1.0974,7.8,336,fr,9740
22744,Джейн Эйр,1943,97,1705000,3550000,2.8564,6.882,144,en,5834
17831,Повесть о двух городах,1935,128,1000000,,3.8752,6.8,77,en,82413
780,Страсти Жанны д`Арк,1928,110,,18121,2.1898,8.0,1038,fr,11572
31510,Бен-Гур: Расказ Христа,1925,143,3900000,9000000,0.6447,7.3,110,en,108106
234,Кабинет доктора Калигари,1920,71,18000,8811,2.7223,7.9,1708,de,2991
899,Сломанные побеги,1919,89,,2400000,1.0371,6.9,237,en,100036
8289,Парк Горького,1983,128,,15856028,2.4505,6.321,327,en,10781
11583,Большое ограбление поезда,1978,110,6000000,,1.5889,6.7,415,en,4782
11002,"Грейстоук: Легенда о Тарзане, повелителе обезьян",1984,143,,45858563,1.9287,6.36,484,en,58220
6472,Телохранитель Тесс,1994,96,20000000,27058304,2.283,6.0,341,en,28904
5143,Ханна и ее сестры,1986,107,6400000,40084041,2.0631,7.471,1110,en,1243
11384,Напролом,1991,111,24000000,65595485,1.0607,6.1,455,en,12840
5227,Геркулес в Нью-Йорке,1970,92,300000,,1.1647,4.128,328,en,41222
8010,Горец 2: Оживление,1991,100,34000000,15556340,2.1828,4.703,920,en,52968
10410,Хоффа,1992,140,35000000,,1.9103,6.254,339,en,518
47095,Карточный домик,1993,109,,,1.194,6.2,78,en,1213083
10407,Домохозяйка,1992,102,26000000,94900635,2.1232,6.1,454,en,7908
9292,Гудзонский ястреб,1991,100,65000000,17218080,3.0366,5.708,1072,en,7145
11850,Вторжение похитителей тел,1978,115,3500000,24946533,2.0811,7.227,1241,en,648
48745,Mindwalk,1991,111,,,2.8783,6.8,53,en,32640
2297,Кафка,1991,98,11000000,,1.4764,6.4,145,en,1884
951,Детсадовский полицейский,1990,111,15000000,201957688,1.7455,6.1,2675,en,8858
10804,Король Ральф,1991,97,23000000,52487045,2.8953,5.349,308,en,12920
5765,Ход королевой,1992,116,9000000,923418,3.074,5.8,231,en,47924
9319,Последний бойскаут,1991,105,29000000,59500000,3.1889,6.834,2046,en,893
1643,Последнее танго в Париже,1972,129,1250000,36182181,2.7092,6.91,1301,it,4956
2007,Масло Лоренцо,1992,135,30000000,7300000,1.7665,7.1,551,en,20629
10995,Любовник,1992,115,,5013090,9.6568,6.995,732,fr,2352
8047,Матадор,1986,105,,286126,3.9444,6.67,275,es,309
2612,Мистер Судьба,1990,110,20000000,15379253,2.7965,6.228,219,en,27444
3112,Ночь охотника,1955,93,795000,,2.3526,7.875,1738,en,10921
10413,Некуда Бежать,1993,94,15000000,64000000,2.4423,6.388,766,en,57895
2611,Поймет лишь одинокий,1991,104,,25092802,1.1927,6.0,175,en,10965
1825,Изо всех сил,1987,94,25000000,16057580,4.3493,6.447,1795,en,33008
10538,Пассажир 57,1992,84,15000000,44065653,1.6563,6.0,1070,en,40230
11092,Презумпция невиновности,1990,127,22000000,221303188,2.9924,6.8,769,en,6349
18410,Проект Икс,1987,108,18000000,18532286,2.9529,6.3,270,en,42171
14904,Доказательство,1991,86,,2155000,3.1654,6.6,106,en,3047
19065,Невезучие,1991,96,17010000,24941969,2.4607,5.5,138,en,15672
3176,Королевская битва,2000,113,4500000,30600000,3.5667,7.3,3653,ja,31074
9261,Свадебный банкет,1993,108,875000,23633459,2.1468,7.2,273,zh,1614
5336,"Сало, или 120 дней Содома",1976,116,800000,1800000,4.9768,6.357,2213,it,5970
23908,Полуночная чистка,1992,108,,,1.3432,6.5,120,en,33054
14671,Летняя школа,1987,97,,35114428,1.3228,6.353,268,en,1895
11509,Сильверадо,1985,133,23000000,32192570,2.4445,6.957,771,en,8844
10729,Быстрые перемены,1990,89,15000000,15260154,1.6618,6.686,398,en,2357
29437,Бешеная,1977,91,530000,,0.8946,6.3,533,en,224
20763,Планер,1992,114,35000000,4651977,0.8962,7.0,201,en,7187
2047,Настоящая Маккой,1993,100,24000000,6484246,1.4548,5.7,257,en,52968
14249,Месть,1990,100,,15645616,4.802,6.5,466,en,893
10021,Секрет моего успеха,1987,111,12000000,110996879,2.4059,6.477,662,en,18378
11634,Покажи мне любовь,1998,89,,,0.9602,7.1,569,sv,11037
14746,Улицы в огне,1984,93,14500000,8089290,1.7747,6.912,526,en,1723
11824,Волчонок,1985,92,1200000,80000000,4.1349,6.2,1217,en,64877
8222,Высокие каблуки,1991,112,,1710057,3.2152,7.1,440,es,309
20067,Женские тайны,2000,109,,1433668,1.2619,5.8,98,en,77162
12395,Громовое сердце,1992,119,,,1.8532,6.303,304,en,10781
9846,Жить и умереть в Лос-Анджелесе,1985,116,6000000,17307019,1.8166,7.124,725,en,15175
23719,Пойманный в раю,1994,111,,5777916,1.9145,5.594,265,en,21792
11986,Тридцать семь и два по утрам,1986,120,,2003822,2.7433,7.2,443,fr,37451
1626,Жить своей жизнью,1962,83,64000,24517,2.1385,7.7,677,fr,3776
483,Дикие сердцем,1990,125,9500000,14569027,2.1843,7.039,1820,en,5602
10166,Ведьмы,1990,91,11000000,15400000,4.8114,6.939,1328,en,14132
6069,Иствикские ведьмы,1987,118,22000000,63766510,2.9801,6.537,1507,en,20629
11018,Год Дракона,1985,134,24000000,18707466,1.7121,6.8,459,en,12114
11676,Нечего терять,1997,98,25000000,44480039,2.4026,6.6,661,en,4489
28293,Полет в Рио,1933,89,,,1.3603,6.2,69,en,129552
28292,Следуя за флотом,1936,110,747000,2727000,1.3058,6.8,72,en,30165
3681,"Что нового, кошечка?",1965,108,,18820000,0.9976,6.025,163,en,33513
43875,Mary of Scotland,1936,123,864000,1276000,0.5765,6.2,38,en,8500
31798,Роберта,1935,106,,,1.635,7.0,46,en,108987
43436,Маленькие женщины,1949,121,2776000,5910000,3.634,7.4,223,en,9054
20325,Время свинга,1936,103,886000,2600000,1.857,6.8,240,en,18738
17687,Враг общества,1931,84,151000,557000,1.4636,7.242,372,en,14643
19075,Сон в летнюю ночь,1935,143,,25002557,1.2635,6.283,46,en,49214
41465,Жизнь с отцом,1947,118,,,1.4388,6.7,68,en,4109
17641,Национальный бархат,1945,123,2770000,5840000,2.4514,7.2,115,en,84034
12545,Иисус Христос - Суперзвезда,1973,106,3500000,24593103,2.3123,7.1,591,en,13563
27972,Победить темноту,1939,104,,,0.4961,6.977,152,en,34740
898,Любитель птиц из Алькатраса,1962,148,2650000,3100000,1.6469,7.5,329,en,13776
2000,"Агирре, гнев божий",1972,95,370000,37041,2.1854,7.5,1185,de,6818
648,Красавица и чудовище,1946,94,,,3.0289,7.502,646,fr,9730
618,Рождение нации,1915,195,100000,11000000,1.9817,5.9,569,en,100036
44162,Синий бумажный змей,1994,141,,,1.7217,7.182,66,zh,583343
19120,Джульетта и духи,1965,148,,78550,1.3907,7.2,328,it,4415
4024,В прошлом году в Мариенбаде,1961,94,,,2.0107,7.431,521,fr,11983
11316,Макбет,1971,141,2400000,1000000,2.7124,7.071,294,en,3556
3089,Красная река,1948,133,3000000,9012000,2.9151,7.3,566,en,11435
29845,Женщина не в себе,1974,146,1000000,12200000,1.8606,7.8,538,en,11147
995,Дилижанс,1939,96,531374,1103757,2.189,7.6,1185,en,8500
1594,Выстрел в темноте,1964,102,,12368234,1.2429,7.177,604,en,1927
32318,Навигатор,1924,65,,,3.409,7.1,261,en,8635
11839,Придворный шут,1955,101,4000000,,1.9855,7.251,207,en,50567
916,Детектив Буллитт,1968,113,5500000,42300000,3.5772,7.153,1226,en,12804
31509,Водопад жизни,1920,150,,4500000,1.4719,6.95,109,en,100036
1976,Иезавель,1938,103,1250000,,0.9797,7.0,209,en,10001
31685,Горбун Собора Парижской Богоматери,1939,117,1800000,6877900,2.3216,7.305,208,en,49214
3062,42-я улица,1933,89,439000,2281000,2.8018,6.9,206,en,21305
34456,Я не ангел,1933,87,225000,2850000,0.6308,6.3,57,en,21311
12708,Этот мех норки,1962,99,,,1.1418,6.428,180,en,67451
42045,Сладкие грёзы,1985,115,,,1.8367,6.4,59,en,72709
11610,"Сыграй это еще раз, Сэм!",1972,85,,,1.6249,7.482,620,en,18378
4939,Не присылай мне цветы,1964,100,,9129247,0.7867,6.8,140,en,13563
25016,Пигмалион,1938,96,350000,,2.795,6.98,153,en,11493
15927,Поездка в Индию,1984,164,14500000,40000000,3.4311,6.8,314,en,12238
40423,Черный Орфей,1959,100,,,3.4961,7.0,222,pt,232669
7857,Амаркорд,1973,123,,,3.9185,7.895,1169,it,4415
79,Герой,2002,99,31000000,177394432,6.4476,7.502,2391,zh,607
13912,Лошадиные перья,1932,68,,,2.5547,6.888,237,en,82389
70881,Анна Каренина,1935,93,1152000,1439000,2.6453,6.5,91,en,84034
987,Первая полоса,1974,105,4000000,,1.5171,7.301,370,en,3146
65869,Влечение,2001,95,,,2.7499,6.919,99,en,544158
37749,В поисках мистера Гудбара,1977,136,,22512655,2.012,6.3,120,en,3632
30140,Rivers and Tides,2001,90,,,0.7276,7.3,39,en,105764
33302,Une hirondelle a fait le printemps,2001,103,,,1.6548,6.416,83,fr,70221
46932,Семь дней до полудня,1950,94,,,0.8021,6.7,40,en,47517
81,Навсикая из Долины Ветров,1984,117,1000000,9016411,5.8238,7.95,3882,ja,608
70423,CrissCross,1992,96,14000000,3052738,2.9887,6.1,46,en,8969
11821,Доктор Голливуд,1991,103,20000000,54830779,2.6327,6.346,660,en,30365
10023,Сети зла,1987,106,20000000,66700000,2.2855,6.0,516,en,7190
51036,Сумасшедший дом,1990,86,,,2.2796,5.3,81,en,19305
11519,1941,1979,118,35000000,94900000,2.2814,5.8,658,en,488
72087,A Shot at Glory,2000,104,,,1.3076,5.6,45,en,77076
42238,Черные и белые в цвете,1976,92,,,0.2185,6.3,43,fr,2352
15659,Грязная игра,1978,116,5000000,45000000,2.8981,6.3,249,en,4967
18857,Криминальная история,1993,103,,194720,1.8298,6.7,191,cn,58036
33517,За облаками,1995,110,,,1.6894,6.124,133,fr,15189
27425,Слепое чудовище,1969,84,,,2.1721,6.4,98,ja,81273
38953,Дочь Райана,1970,206,13300000,30800000,1.4541,7.1,164,en,12238
74544,Несчастный случай,1967,105,600000,,2.6626,6.3,114,en,39009
41785,Cabeza de Vaca,1991,111,,,1.205,6.714,35,es,145684
42740,Коллекционер,1965,119,,,3.1784,7.3,218,en,10001
20126,Кроваво-красное,1975,127,,2900000,1.5249,7.7,1549,it,4955
827,Дьяволицы,1955,114,,,2.9926,7.9,1049,fr,2559
11811,Лепрекон,1993,91,1000000,8600000,3.1631,5.6,830,en,70558
20043,Королевский Космический Корпус: Крылья Хоннеамиз,1987,121,8000000,,2.0734,6.81,142,ja,931555
16814,Психованные,1990,90,,,2.3198,5.866,93,en,57138
4368,Dark Wolf,2003,94,2500000,,2.2423,3.409,33,en,39167
25431,Ребро Адама,1949,101,1728000,9470000,1.1466,7.089,325,en,14674
17685,Червовый король,1966,102,,,1.5439,6.9,81,fr,34613
2742,Обед нагишом,1991,115,16000000,2641357,1.9586,7.0,1161,en,224
22010,Травка,1999,80,,,0.1923,6.5,35,en,88149
51145,Spring Forward,2000,110,,,1.1778,6.433,15,en,88750
32040,Убийство китайского букмекера,1976,135,,,1.5178,7.0,279,en,11147
48129,Беги,1991,91,16000000,4409328,1.8556,6.0,61,en,76193
3596,Облик грядущего,1936,89,,,1.5563,6.5,208,en,11489
120637,Дама червей,1989,108,,,0.7965,6.231,13,en,15148
24134,Дорогая,1965,128,,,2.1159,6.7,139,en,19304
18904,A Summer Place,1959,130,,,1.3521,6.5,51,en,76981
37719,Вечер в опере,1935,96,,,1.867,7.4,525,en,10790
47364,Металлический шторм: Крах Джаред-Сина,1983,84,,,0.8435,4.5,41,en,19707
9063,Элемент преступления,1984,104,,,4.0676,6.4,214,da,42
1818,Стреляйте в пианиста,1960,85,,,1.5229,7.186,424,fr,1650
255,Украденные поцелуи,1968,90,350000,1500000,4.0571,7.3,447,fr,1650
10744,Тормоз,2003,101,4000000,10400000,2.8161,6.698,377,en,19000
83505,El bonaerense,2002,105,,410474,3.0012,6.7,34,es,56210
10511,В Америке,2003,105,,25382911,0.6645,7.17,371,en,53334
180399,The Legend of Leigh Bowery,2002,83,,,0.8103,7.2,5,en,1109747
22289,My Flesh and Blood,2003,83,,,0.151,8.1,19,en,550044
10028,Лапочка,2003,94,18000000,62646763,5.682,6.344,1209,en,62116
616,Последний самурай,2003,154,140000000,456800000,7.9716,7.597,7270,en,9181
288953,Forget Baghdad: Jews and Arabs - The Iraqi Connection,2002,112,,,0.2484,8.0,1,en,64004
96393,What Alice Found,2003,96,,67497,1.0279,5.237,19,en,1009328
587,Крупная рыба,2003,125,70000000,123200000,5.1542,7.753,7535,en,510
21542,Любовь не стоит ничего,2003,100,,21964072,5.1312,7.535,648,en,42974
6964,Любовь по правилам и без,2003,128,80000000,270000000,3.1552,6.641,1694,en,17698
1792,Застрял в тебе,2003,114,55000000,65784503,1.609,5.3,692,en,7395
3635,Девушка с жемчужной серёжкой,2003,100,10500000,33030115,2.3908,6.621,1435,en,16785
41488,Приговор,2003,120,,,3.4725,5.6,76,en,13563
122,Властелин колец: Возвращение короля,2003,201,94000000,1118888979,15.5086,8.491,25719,en,108
11820,Улыбка Моны Лизы,2003,117,72300000,141337989,2.3201,6.916,1850,en,10723
8696,Девочки из календаря,2003,108,10000000,96542059,1.3263,6.541,394,en,24248
12698,Туман войны: одиннадцать уроков из жизни Роберта С. МакНамары,2003,107,,,1.2642,7.7,290,en,18533
19187,Убойный молот,2003,81,2000000,94615,0.9443,5.377,65,en,557818
11093,Дом из песка и тумана,2003,126,16500000,16942795,1.7911,7.1,809,en,78118
47952,Two Men Went To War,2002,109,,,0.9968,6.5,12,en,107736
504,Монстр,2003,104,8000000,60400000,5.7388,7.214,2452,en,6884
11007,Оптом дешевле,2003,98,40000000,190212113,5.7535,6.28,2876,en,17825
2289,Холодная гора,2003,155,79000000,173013509,3.8291,6.9,1897,en,2239
9620,Час расплаты,2003,119,60000000,117248958,2.9605,6.2,1944,en,11401
10601,Питер Пэн,2003,113,100000000,121975011,5.0127,7.144,2713,en,3045
52036,The Company,2003,112,15000000,2281585,2.7473,5.243,115,en,9789
42418,Рожденный в песках,2003,49,,,1.6929,6.6,101,en,18254
13433,Японская история,2003,110,5740000,4098613,1.9298,6.309,76,en,552208
35712,Тайные страсти,2002,115,,105090,4.6587,5.7,104,fr,83046
14844,Первая дочь,2004,111,23000000,12195626,2.873,6.2,636,en,80307
26710,Молодые папаши,2004,86,12000000,18490423,1.2839,4.6,59,en,232937
37088,Aileen: Life and Death of a Serial Killer,2003,89,,,1.5638,6.708,144,en,116791
31026,Отчуждение,2002,110,,767337,1.5078,7.092,251,tr,56214
5966,А вот и Полли,2004,90,42000000,178300000,2.7388,6.023,2949,en,17871
24034,Любимец учителя,2004,74,10000000,6491969,0.9797,6.0,36,en,1082114
10718,Крутящий момент,2004,84,40000000,46546197,3.2549,5.286,608,en,66823
40427,Багровое золото,2003,96,,400768,0.9432,6.8,82,fa,120229
14757,Усама,2004,83,46000,3910519,0.7714,7.0,124,ps,77273
11034,Великий Гэтсби,1974,144,6500000,26533200,3.1045,6.311,499,en,25630
25095,Грозовой перевал,1992,105,,,4.359,6.6,287,en,67781
26983,Ставки на завтра,1959,96,,,0.9172,6.8,91,en,1744
30080,Корабль дураков,1965,149,,,1.535,6.6,94,en,4081
52867,Lord Love a Duck,1966,105,,,1.0696,5.574,27,en,1931
42599,Эй! В моем супе девушка,1970,95,,,0.5321,5.4,63,en,47517
65012,На слом!,1966,110,4620000,2600000,1.4847,6.407,97,en,2226
44801,Настоящие мужчины,1987,85,,873903,1.7324,6.1,81,en,57396
27465,Однажды преступив закон,1992,94,18000000,3520427,1.4798,5.66,120,en,26510
83726,Это – судьба!,1987,93,,,3.1535,3.712,33,en,9789
24782,Бастер,1988,102,,,2.2111,5.6,88,en,51910
31395,Патрульная машина 54,1994,84,10700000,1200000,0.7283,3.3,28,en,93806
131313,Джен Эйр,1970,110,,,3.7578,7.1,17,en,67451
34151,Во всем виноват посыльный,1992,78,,3000000,2.02,5.302,58,en,55299
15797,Только сильнейшие,1993,99,6000000,3283371,2.0498,6.973,202,en,16590
9548,Приключения Форда Ферлейна,1990,104,49000000,20423389,1.1682,6.064,220,en,16938
1937,"Здравствуй, грусть",1958,94,,13200000,5.6637,6.6,138,en,834
26712,Насаждающий закон,1951,87,1109000,2873000,0.6,7.1,106,en,96071
1882,Мужчины,1950,85,,,0.6123,7.0,83,en,4065
70627,Выкуп,1974,95,,,2.8611,5.5,72,en,559043
17258,Специалист по съему,1987,81,15000000,13290368,1.3567,5.6,197,en,56381
34681,Melvin Goes to Dinner,2003,84,,,0.9359,5.3,34,en,59410
118910,Трибунал Билли Митчел,1955,100,,3000000,4.1675,6.8,41,en,834
6277,Ограбление по-французски,2003,98,,,2.0673,5.5,108,en,22007
11429,Возвращение реаниматора,2003,95,3000000,,0.8561,6.0,389,en,27992
47072,Окончательный монтаж,1998,93,,,1.7469,5.4,37,en,82804
33642,Ангелы ада на колёсах,1967,95,,,0.9161,5.3,35,en,21806
14815,Ветер и лев,1975,119,4500000,9200000,1.9482,6.5,199,en,8328
427,Мой дядюшка,1958,116,,,0.6644,7.4,591,fr,5763
43049,Where the Boys Are,1960,99,2000000,3500000,1.0776,5.9,34,en,39743
3022,Доктор Джекилл и мистер Хайд,1941,113,,,1.1696,6.5,176,en,9049
778,Каникулы господина Юло,1953,87,,,1.4,6.9,506,fr,5763
3088,Моя дорогая Клементина,1946,97,2000000,2750000,1.4606,7.44,457,en,8500
23152,Люди будут судачить,1951,110,,,0.9419,7.1,92,en,10601
23567,Солдат в юбке,1949,105,,,1.0511,6.9,139,en,11435
102057,Развод по-американски,1967,109,,,0.4169,5.6,24,en,69946
52367,Поцелуй их за меня,1957,105,,,1.0786,5.5,29,en,13284
22584,Иметь и не иметь,1945,100,,3650000,1.8165,7.446,549,en,11435
27725,Высокая Сьерра,1941,100,455000,,0.847,7.1,339,en,8823
16227,Черная полоса,1947,106,1678000,3430000,2.1086,7.278,335,en,76981
980,Случай в Окс-Боу,1943,76,565000,,3.2829,7.7,415,en,14643
16933,Они ехали ночью,1940,95,539000,1596000,0.7839,6.9,126,en,8823
42094,Микки и Мод,1984,118,,,1.5976,5.542,60,en,1927
26884,Платиновая блондинка,1931,89,,,1.3036,6.639,54,en,2662
37833,Мозги прокуренные,1938,66,100000,,0.9256,4.3,125,en,121402
18995,Мёртв по прибытии,1949,83,,,0.2782,6.9,184,en,11593
43759,Мальчик с зелеными волосами,1948,82,,,1.436,6.2,63,en,39009
5205,Качая железо,1977,85,1000000,,2.7355,7.1,504,en,42081
2017,Дом на Турецкой улице,2002,97,12000000,1440653,1.5077,5.375,208,en,19450
38606,Неприятности с ангелами,1966,112,,,1.9519,6.671,73,en,46617
14239,Параллельный Мир,1992,102,30000000,14100000,3.6219,5.637,775,en,16384
55448,Бесплатные деньги,1993,100,11000000,1044824,1.0744,5.5,76,en,4111876
21779,Тайные пришельцы,1966,102,,16318124,0.9848,6.0,46,en,29907
71189,"Where Angels Go, Trouble Follows",1968,93,,,0.8864,6.0,15,en,116641
67794,Жара и пыль,1983,133,,,1.3297,6.098,41,en,54441
73515,Заколдованная,1985,97,5000000,,1.4469,4.682,22,en,97355
405,Дорога,1954,108,,,3.8466,7.912,1126,it,4415
9696,Ичи-киллер,2001,129,1400010,80631,3.3748,6.995,1048,ja,17282
4917,Парень и его пёс,1975,90,400000,6900000,1.5372,6.27,366,en,8262
37774,Последний магнат,1976,123,,,1.4092,6.3,152,en,2746
5055,Пепел и алмаз,1958,106,,,1.9919,7.4,258,pl,2801
40140,Отрезанные от мира,1969,134,,,2.5675,5.9,100,en,14520
42040,Царь Давид,1985,114,22000000,5111099,1.8384,5.564,62,en,5696
29933,Канал,1957,95,,,0.3126,7.7,149,pl,2801
35888,Котяра,1989,90,,,1.7983,4.855,38,en,39104
3059,Нетерпимость,1916,210,385907,1750000,1.7839,7.1,363,en,100036
22727,The Beast of Yucca Flats,1961,54,34000,,0.2309,2.286,96,en,45091
28586,Tormented,1960,75,,,1.4058,4.991,56,en,101225
56157,The Violent Years,1956,57,,,0.9068,4.263,38,en,56929
11708,Пиф-паф ой-ой-ой,1968,144,10000000,7500445,2.9727,6.8,711,en,70308
27329,สุริโยไท,2001,185,11000000,14000000,1.8552,5.7,22,th,565524
42514,Номер в отеле Плаза,1971,114,,,1.9969,6.14,50,en,133259
20444,Приезжие,1970,98,,,0.8758,6.7,135,en,133259
17736,День в Городе Ангелов,1992,105,3000000,390152,1.0539,6.063,59,en,54971
114046,The Three Stooges in Orbit,1962,90,450000,,1.0884,5.0,22,en,34402
82283,Это,1927,72,,,3.6064,6.9,70,en,148839
1954,Эффект бабочки,2004,113,13000000,96800000,5.2477,7.571,7929,en,20219
13476,Свидание со звездой,2004,95,17000000,16980098,1.0032,5.7,504,en,36797
11194,Касаясь пустоты,2003,106,,13885802,1.8859,7.557,435,en,17350
12634,Большая кража,2004,88,50000000,6808550,1.4398,4.9,264,en,58294
13505,Высший балл,2004,93,,10900000,1.5069,5.8,497,en,53177
14114,Танцы улиц,2004,94,8000000,50576805,1.9298,6.4,450,en,127936
15708,Последние дни,2004,108,850000,819939,2.9446,6.822,267,en,69737
21301,Парикмахерская 2: Снова в деле,2004,106,18000000,65070412,2.1378,6.017,303,en,70777
20483,Запретная миссия,2004,92,18000000,16951702,1.5567,5.571,313,en,86203
14292,Чудо,2004,135,28000000,64400000,4.0763,7.1,648,en,77003
44539,Un couple épatant,2002,97,,,0.203,5.5,21,fr,25854
1278,Мечтатели,2003,115,15000000,15100000,3.8763,7.183,3004,en,4956
18841,Потерянный скелет Кадавры,2001,90,40000,143312,1.3798,6.202,84,en,88837
25925,Кто этот тип?,1993,85,,,0.9414,5.2,35,en,34849
32035,Любовь крупным планом,1990,97,,1436308,1.0956,4.817,30,en,72427
74395,Hangin' with the Homeboys,1991,89,,532346,0.9443,5.696,28,en,1042875
19361,Спи со мной,1994,86,,161410,1.1586,5.7,97,en,84552
81824,Just Between Friends,1986,110,,1991930,0.2651,4.909,11,en,87214
21968,Суперфлай,1972,91,500000,30000000,0.5527,6.2,150,en,88148
29493,Внеси свою лепту,1977,135,,,0.6139,5.6,17,en,16897
29473,Провернем это еще раз,1975,113,70000,11800000,1.0478,6.9,22,en,16897
29464,Uptown Saturday Night,1974,104,3000000,6700000,0.2722,6.1,38,en,16897
37900,Адская кухня,1998,95,6000000,,0.96,5.064,44,en,119059
91390,The Innocent,1993,119,,,2.0124,6.1,28,en,19304
33557,Папаша и другие,2001,101,4000000,6718,1.2537,5.342,38,en,879
7008,Заговор Уилби,1975,105,,,1.1564,6.4,39,en,16888
30566,Blacula,1972,93,500000,,2.9512,5.4,169,en,106540
42466,Scream Blacula Scream,1973,96,,,1.2995,5.8,68,en,101743
76176,Da Hip Hop Witch,2000,86,,,0.9369,1.8,21,en,117350
18446,Пересменка,1984,100,,,2.4653,5.5,83,en,16294
22004,Нарушение территории,1992,101,14000000,13249535,2.6577,6.3,208,en,1723
11023,Тринадцать,2003,100,2000000,10128960,3.0292,6.657,1705,en,19850
47802,Простые люди,1992,105,,,2.2217,6.673,67,en,91343
92298,"Моряк, который потерял милость моря",1976,105,,,7.7983,6.5,34,en,84657
35227,Глупые жены,1922,143,1100000,400200,0.5848,6.4,98,en,8630
29852,Night of the Dark Full Moon,1972,85,,,1.5463,5.031,98,en,105036
23001,The Sin of Harold Diddlebock,1947,92,1712959,,0.6969,6.3,31,en,30249
51049,Pontiac Moon,1994,113,,,1.6174,5.4,18,en,21377
11221,Лучшая защита,1984,94,18000000,19265302,2.2568,4.3,127,en,686
1824,50 первых поцелуев,2004,99,75000000,196482882,4.5863,6.873,7511,en,13426
16784,Добро пожаловать в Музпорт,2004,110,30000000,14000000,0.5126,5.1,180,en,18281
44674,Après la vie,2003,123,,,0.2716,6.3,23,fr,25854
292090,Face,2002,89,,,1.7177,4.0,2,en,1094114
11083,Кухонные байки,2003,95,,,1.1793,7.0,121,no,56377
54045,Кодекс,2002,116,,,1.9491,4.946,37,fr,149916
337,Мсье Ибрагим и цветы Корана,2003,91,,11576431,1.6724,7.019,156,fr,5005
11951,Исчезающая точка,1971,99,1300000,72266306,2.5578,7.1,488,en,21544
43376,Дневник сельского священника,1951,120,,,0.9653,7.5,275,fr,10346
28963,Багдадский вор,1924,149,1135654,1490419,1.4414,7.3,172,en,8823
2576,Дневник Анны Франк,1959,180,3000000,,1.9982,7.168,367,en,18738
22561,Не очень весело,1976,85,,,1.6664,7.1,109,it,94037
19345,Черная вдова,1987,102,10500000,25205460,3.1011,6.138,214,en,19450
14430,Закон Ирода,1999,123,,52000,2.2293,7.928,194,es,76864
12775,Плоть+кровь,1985,126,6500000,100000,1.3751,6.6,420,en,10491
9838,Копи царя Соломона,1985,96,12500000,15057465,1.2367,5.413,444,en,18669
50075,Черный пират,1926,88,1300000,,1.4296,6.7,55,en,145175
2099,Без компромиссов,1986,106,8500000,16209459,2.1918,5.828,845,en,17784
42852,"До свидания, мистер Чипс",1939,114,,,1.2406,7.4,132,en,10790
40454,"Follow Me, Boys!",1966,131,,,0.4126,6.552,29,en,83413
6470,Огненные птицы,1990,85,22000000,,2.8538,5.0,192,en,51910
20032,Истории роботов,2003,85,,131451,2.9099,4.8,23,en,107629
8842,Наперекор судьбе,2004,106,39000000,6432551,1.158,5.028,127,en,17764
11132,Звезда сцены,2004,89,15000000,29331068,4.2871,5.715,936,en,58628
9352,Евротур,2004,90,25000000,22605153,4.0596,6.609,2798,en,57405
615,Страсти Христовы,2004,127,30000000,610063468,7.5856,7.517,4960,en,2461
11217,Клуб страха,2004,104,8500000,5001655,2.0059,5.182,384,en,52049
10677,Грязные танцы 2: Гаванские ночи,2004,86,25000000,27685016,1.6646,6.428,684,en,43468
13572,Амнезия,2004,97,50000000,40954603,2.9179,5.588,579,en,648
30735,עלילה,2003,122,,,1.2991,5.2,18,he,20024
338,"Гудбай, Ленин!",2003,121,4800000,79384880,2.2734,7.537,2532,de,4780
2023,Идальго: Погоня в пустыне,2004,136,100000000,108103450,3.7555,6.9,1290,en,4945
9384,Старски и Хатч,2004,101,60000000,170300000,3.0717,5.822,2437,en,57130
25935,День расплаты,2004,112,,,1.7416,6.4,115,en,2291
797,Персона,1966,85,,,6.7012,8.139,2333,sv,6648
42602,Страсть,1969,101,,,1.0728,7.5,191,sv,6648
60792,Прогулка по беспутному кварталу,1962,114,,,1.2116,6.508,64,en,64114
70113,Токийский Джо,1949,88,,,1.495,6.1,37,en,81285
47474,Змеиное яйцо,1977,120,,,1.6196,6.228,123,en,6648
56188,Fire Down Below,1957,116,,,1.4531,5.8,31,en,8514
29084,Ворон,1943,92,,,2.9745,7.5,303,fr,2559
1723,Подставное лицо,1976,95,,,0.6067,7.0,175,en,18854
25955,Происшествие на Саут-Стрит,1953,80,780000,,1.3523,7.345,307,en,26959
41876,Гибель богов,1969,158,2000000,5000000,2.485,7.2,220,it,15127
62190,American Gun,2002,89,,,1.5734,5.167,12,en,131792
43323,Ричард III,1955,155,,,3.0823,7.2,96,en,3359
67022,Квартет,1981,101,,,2.7711,5.7,35,fr,54441
24548,Парень что надо,1985,100,11500000,11528900,1.8185,6.434,324,en,91727
31602,Погоня,1966,135,,2300000,3.3794,7.1,314,en,6448
57744,Поцелуй,1988,101,6000000,,1.8914,5.7,51,en,2182
37044,Wisconsin Death Trip,1999,76,,,0.981,5.6,27,en,76998
42989,Правосудие в ненадежных руках,1963,94,,,3.3739,6.5,42,en,201393
17047,Агент Коди Бэнкс 2: Пункт назначения – Лондон,2004,100,26000000,28818995,2.4901,5.62,661,en,36083
10591,Соседка,2004,110,21000000,31635150,8.7712,6.737,3839,en,65734
1586,Тайное окно,2004,96,40000000,92900000,3.0482,6.568,3821,en,508
11169,Спартанец,2004,106,19250000,8112712,0.8241,6.2,400,en,1255
49689,Сломанные крылья,2002,87,,,0.5493,6.9,29,he,563341
266687,Games People Play,2004,97,,,0.0814,2.0,2,en,1085919
66660,How to Draw a Bunny,2002,90,,,0.0717,5.4,5,en,1028250
156,Wilbur begår selvmord,2002,111,,,1.1093,6.535,100,da,1176
2778,Клиффорд,1994,89,19000000,7411659,0.9861,5.1,109,en,28169
10433,Бешеный Пёс и Глори,1993,97,19000000,11081586,1.4652,6.004,382,en,9200
47168,Ветер в ивах,1996,88,15400000,2300000,2.7582,5.7,57,en,10707
58995,Night Crossing,1982,107,,,2.7734,6.1,37,en,67451
43236,Пэйтон Плейс,1957,157,,,0.5882,6.7,84,en,19457
142168,Searching for Debra Winger,2002,99,600000,,0.5801,6.3,15,en,2165
40752,Walk Like a Man,1987,86,460608,,1.0188,4.7,24,en,50567
924,Рассвет мертвецов,2004,109,26000000,102278712,4.3174,7.052,4291,en,15217
38,Вечное сияние чистого разума,2004,108,20000000,72258126,9.5902,8.093,15841,en,201
11081,Забирая жизни,2004,103,45000000,65470529,3.0335,6.4,1690,en,40256
4377,"Ребёнок, которым я не был",2002,86,,2609,0.2167,6.522,23,de,36778
16941,Разрыв,2003,105,5000000,4856298,2.6107,6.143,161,en,77269
1720,Ной - белая ворона,2003,90,,,1.6213,6.9,102,is,18823
9541,Девушка из Джерси,2004,98,35000000,35492921,3.4266,6.183,1115,en,19303
5516,Игры джентльменов,2004,104,35000000,76700000,2.8765,6.129,1680,en,1224
20304,Не умирай в одиночку,2004,88,3000000,5923000,0.7182,5.4,128,en,15521
11024,Скуби-Ду 2: Монстры на свободе,2004,93,80000000,181466833,2.103,6.086,2848,en,1215
53734,A Foreign Affair,2004,82,,,0.9457,5.417,12,en,301013
553,Догвилль,2003,178,10000000,16690617,4.0008,7.8,2582,en,42
10544,Банда Келли,2003,110,,6585516,2.4603,6.062,378,en,57030
1487,Хеллбой: Герой из пекла,2004,122,66000000,99318987,4.6755,6.674,7208,en,10828
13700,Не бей копытом,2004,76,110000000,145358062,6.0661,6.054,2115,en,80671
11137,Принц и я,2004,111,,,1.7907,6.2,1027,en,63713
11358,Широко шагая,2004,86,46000000,57223888,3.294,6.331,1591,en,34453
13573,Соединенные штаты Лиланда,2003,108,,343847,1.0571,6.5,332,en,74683
19084,Каникулы Джонсонов,2004,97,12000000,31179516,1.9155,5.5,204,en,234818
10733,Форт Аламо,2004,137,107000000,25819961,1.0829,5.767,350,en,54040
14442,Заколдованная Элла,2004,96,31000000,27400000,3.7787,6.473,1923,en,62514
2122,Девять ярдов 2,2004,98,40000000,26155781,1.8646,5.738,996,en,26502
25300,Я не боюсь,2003,108,,,0.7375,7.109,946,it,55916
14576,Ловкие руки,2003,101,6800000,,2.5468,6.2,251,en,77062
13432,"С тех пор, как уехал Отар",2003,99,,,0.1622,6.569,36,fr,144082
26636,29 пальм,2003,114,,,3.5652,5.086,105,en,95901
6844,Десять заповедей,1956,220,13000000,122700000,6.1483,7.766,1769,en,8636
923,Рассвет мертвецов,1978,127,640000,55000000,3.2485,7.5,2219,en,14999
2587,"Брат Солнце, сестра Луна",1972,121,3000000,,1.4589,7.0,131,it,24657
3591,Миллион лет до нашей эры,1966,96,,,7.7807,6.084,233,en,25558
28026,Prey for Rock & Roll,2003,104,,86277,0.9697,4.707,29,en,17862
26176,"Маманя, Бюст и Живчик",1976,95,3000000,7000000,1.0028,5.314,43,en,12804
41857,Бандолеро!,1968,106,4450000,12000000,1.9931,6.5,120,en,51875
78364,The Slugger's Wife,1985,104,,1878561,1.0264,3.4,17,en,4964
10338,Воздушные приключения,1965,138,5600000,29950000,5.3726,6.8,188,en,35318
33839,Оптом дешевле,1950,85,,,2.9702,6.3,81,en,80570
133919,Сцены из супружеской жизни,1974,169,150000,,1.7542,8.1,387,sv,6648
95548,Baby the Rain Must Fall,1965,100,,,0.4262,6.098,41,en,8482
50549,Belles on Their Toes,1952,89,,,0.9049,6.8,14,en,39743
38978,Банда Келли,1970,106,,,3.0235,4.72,25,en,32765
92331,За пределами звезд,1989,94,,,1.357,4.98,25,en,43979
111883,Mac,1992,117,,,2.7565,5.5,31,en,1241
42245,Пища Богов,1976,88,,,1.9597,4.933,120,en,101225
68347,Пища богов 2,1989,86,,,0.7242,4.4,39,en,85203
107285,Анна,1987,100,,,1.8684,5.1,13,en,42002
34082,Дорога на Бали,1952,91,,,0.462,6.2,77,en,102601
22999,Летающая парочка,1939,69,,,1.3553,6.358,169,en,89669
20278,Africa Screams,1949,79,500000,1500000,2.3931,5.7,63,en,30099
18698,Джек и бобовый стебель,1952,78,,,1.5111,5.6,55,en,89745
47201,High Risk,1981,94,,,2.4292,5.81,29,en,59023
12239,Уик-энд Остермана,1983,103,,6486797,1.251,5.633,192,en,7767
4365,Обжоры,1987,83,,,2.6435,4.776,67,en,16157
86182,Кот и канарейка,1978,98,,,1.8983,5.667,45,en,104178
45862,Hangman's Curse,2003,106,,168406,0.8288,5.1,42,en,130424
65066,Красиво уйти,1979,97,5500000,30000000,1.2873,6.9,57,en,769
42228,Позднее шоу,1977,93,,,1.0191,6.2,62,en,6729
16561,Веселые ребята,1975,111,,,1.1521,6.84,106,en,18378
54655,Принц из Нью-Йорка,1992,95,,,1.2817,5.248,29,en,150971
70779,The American Nightmare,2000,73,,,1.4831,6.819,36,en,46442
10843,После работы,1985,97,4500000,10609321,4.6309,7.495,1642,en,1032
2098,Да здравствует Лас-Вегас,1964,85,1000000,9400000,1.6903,6.2,145,en,21506
65332,Фильм любви и анархии,1973,124,,,9.7011,7.67,110,it,26265
34303,Hitman Hart: Wrestling With Shadows,1998,93,,,1.0008,7.509,57,en,112215
15673,В шоу только девушки,2004,98,20000000,11341016,0.9527,5.8,92,en,15045
393,Убить Билла 2,2004,137,30000000,152159461,7.8035,7.875,14607,en,138
7220,Каратель,2004,124,33000000,54700105,4.6777,6.4,3018,en,876
33823,Paper Clips,2004,82,,,0.7154,6.9,18,en,2241725
163676,Тысячи мирных облаков,2003,83,,,0.4185,4.7,17,es,88309
237,Молодой Адам,2003,93,6400000,2500000,2.6349,5.811,185,en,3055
126117,This So-Called Disaster,2003,89,,,0.146,4.6,7,en,54469
10096,Из 13 в 30,2004,98,37000000,96500000,5.3433,6.765,5403,en,17046
9509,Гнев,2004,146,70000000,130300000,5.6836,7.459,5442,en,893
19016,Clifford's Really Big Movie,2004,74,5000000,3255965,1.4106,5.9,38,en,85716
60645,MC5: A True Testimonial,2002,120,,,0.2985,7.4,5,en,1373071
10710,Черная зависть,2004,99,40000000,14494036,2.1587,4.855,534,en,8246
11058,Другой,2004,102,25000000,30120671,0.5166,4.9,512,en,6361
11141,Законы привлекательности,2004,87,28000000,30000000,1.3713,5.8,441,en,1230252
10625,Дрянные девчонки,2004,96,17000000,130193514,10.2795,7.223,9228,en,54050
54807,Mickey,2004,90,6000000,293793,3.2917,5.3,9,en,28904
11025,Мгновения Нью-Йорка,2004,91,30000000,21289826,1.8598,6.157,922,en,66960
7131,Ван Хельсинг,2004,131,160000000,300257475,9.4516,6.384,6347,en,7775
26899,Маменькин сынок,2003,94,800000,62852,1.7193,6.6,94,en,42952
30125,Valentín,2002,86,,1691017,0.4821,7.4,110,es,21031
16428,Энциклопедия разводов,2004,85,10000000,12500000,1.0976,6.0,98,en,74063
652,Троя,2004,163,175000000,497409852,13.2771,7.2,10717,en,5231
8440,Карандиру,2003,145,3684600,10782155,3.4138,7.583,581,pt,40542
883,Кофе и сигареты,2004,97,,7897645,1.1022,6.899,994,en,4429
38018,Заблудившиеся,2003,95,,,3.5599,5.8,72,fr,96627
34377,Оркестранты,1970,118,5500000,3500000,1.4019,7.0,109,en,15175
20375,Raid,2003,128,2000000,,2.7822,5.952,31,fi,992858
10375,Детоксикация,2002,96,55000000,6632383,1.0228,5.579,688,en,33254
42015,Swimming to Cambodia,1987,85,,,0.8831,6.9,26,en,16294
68440,Дозор на Рейне,1943,114,,,1.1499,6.76,48,en,552028
12503,Под огнём,1983,128,,,2.8697,6.675,177,en,1724
11864,Враг мой,1985,108,40000000,12300000,1.7154,6.942,1022,en,5231
9461,Выход дракона,1973,99,850000,400000000,3.189,7.417,2008,en,57727
57811,Чужая земля,1996,105,,,2.1459,7.0,55,pt,8574
132,Gimme Shelter,1970,92,,252570,2.8824,7.3,182,en,1477
28276,Доброе утро!,1959,94,,,1.152,7.7,301,ja,95501
18329,Счастливы вместе,1997,96,125000,5000000,2.1737,7.6,764,cn,12453
17993,Генри и Джун,1990,136,,11567449,3.4641,6.02,213,en,648
37447,Berkeley in the Sixties,1990,117,,,0.8761,5.8,10,en,229294
4339,Гадкая девчонка,1990,92,,,1.1804,6.5,38,de,26595
42108,Между нами,1983,110,,,1.4739,6.6,58,fr,77005
18513,Голая добыча,1965,96,647649,,1.0443,6.6,101,en,35320
26517,Мартин,1978,95,250000,,0.8352,6.79,300,en,14999
28285,Три лица Евы,1957,91,965000,1400000,1.5055,7.214,145,en,8501
22137,Королевство,1994,275,1500000,,0.4219,7.8,253,da,42
5247,Милосердие,2000,117,,,2.0261,5.118,34,en,42301
31676,Часы отчаяния,1990,105,18000000,2742912,1.6972,5.4,215,en,12114
49622,Тайная страсть Айн Рэнд,1999,104,,,1.0533,4.867,15,en,68774
238952,Du côté de la côte,1958,26,,,0.5904,7.367,65,fr,6817
10035,100 девчонок и одна в лифте,2000,95,,,2.4057,5.8,478,en,24949
502,Система безопасности,1964,112,,,1.3527,7.8,437,en,39996
41965,Бумажный дом,1988,92,,241278,2.2437,6.5,153,en,57851
10347,Доберман,1997,103,,,3.7946,6.47,543,fr,56401
1373,Открытие небес,2001,127,,,0.8837,6.3,32,en,1924
30959,Кайдан,1965,183,,,2.4372,7.718,429,ja,76978
43341,Cat-Women of the Moon,1953,64,,,0.8015,4.052,48,en,7649
20561,28 Up,1984,136,,,1.51,7.5,72,en,10781
13055,Chance,2002,75,75000,,0.2243,5.682,11,en,35468
667,007: Живёшь только дважды,1967,117,9500000,111600000,5.322,6.589,2356,en,10076
700,007: Осьминожка,1983,131,27500000,187500000,3.6089,6.358,2109,en,10179
21594,The Blue Gardenia,1953,89,,,1.1512,6.526,96,en,68
26976,Эпилог,2001,99,,,2.4327,7.325,120,en,5342
36670,007: Никогда не говори «никогда»,1983,134,36000000,160000000,10.0047,6.053,1538,en,10930
18872,Призрачный свет,1995,110,,,2.0025,7.416,184,ja,25645
44864,Волшебная флейта,1975,135,650000,,4.2934,7.191,94,sv,6648
31993,Midnight,1939,94,,,2.206,7.33,88,en,108914
43818,Гордость и предубеждение,1940,113,,,0.9658,6.891,147,en,93906
28290,The Man in the Gray Flannel Suit,1956,153,,,1.5601,6.704,52,en,8501
24650,Источник,1949,112,,,2.2884,6.8,150,en,29962
55086,Верная подруга,1943,110,,,0.6099,7.0,34,en,19528
43525,В этом наша жизнь,1942,97,,,0.8587,6.8,52,en,6593
20640,Женщина года,1942,114,1000000,2700000,1.0829,6.924,158,en,18738
50363,Летняя пора,1955,100,1100000,6500000,0.7012,6.8,160,en,12238
633,Солдаты королевы,1977,148,,,1.2499,7.03,164,nl,10491
5511,Самурай,1967,106,,215245,2.0058,7.8,1195,fr,3831
41003,Белый дворец,1990,103,,17487531,4.46,6.298,168,en,46085
13936,Оклахома!,1955,145,,,1.3767,6.6,178,en,4065
294,Неприкаянные сердца,1985,91,350000,2400000,3.3644,7.0,165,en,4163
11507,Подставное тело,1984,114,10000000,8801940,3.4169,6.8,874,en,1150
17538,Рустер Когберн,1975,108,10000000,17594566,2.2678,6.4,210,en,13779
10435,Чаплин,1992,143,31000000,9493259,2.4462,7.432,1152,en,4786
1162,Сотворившая чудо,1962,106,500000,2500000,2.0936,7.9,325,en,6448
34328,Monster in a Box,1992,87,,311245,1.0299,6.2,12,en,92561
47108,Vengo,2000,90,,124994,0.9231,7.0,32,fr,41040
47140,O Primeiro Dia,1998,75,,,1.0996,5.4,11,pt,8574
40930,If You Only Knew,2000,107,,,0.7475,6.0,9,en,1546276
14684,Школьные узы,1992,106,18000000,14700000,4.1486,6.5,418,en,43786
58467,Girl,1998,99,,,1.8991,5.0,41,en,227851
10261,Подмена,1991,103,,15545943,3.1261,5.9,247,en,1927
163869,Напиши сценарий,1997,102,,,1.9819,5.2,12,en,1033607
13937,Воскрешение Каина,1992,92,12000000,37170057,0.8267,6.094,374,en,1150
25355,Ирма Веп,1996,99,,,4.006,6.667,236,fr,21678
29601,Рядовые,1941,84,,,1.6527,6.7,72,en,78845
66115,Nice Guys Sleep Alone,1999,91,,,0.9654,5.2,6,en,139080
118617,طلاق به سبک ایرانی,1998,76,,,0.0491,7.1,12,en,1068111
23981,Железо и шёлк,1991,92,,,0.2582,5.9,8,en,584537
26670,Безумные подмостки,1992,103,12000000,2280148,2.1145,7.2,203,en,39012
44047,Wildflowers,2000,93,,,2.6712,4.4,6,en,130106
31965,Великий инквизитор,1968,87,83000,1500000,0.5421,6.5,258,en,101238
5842,Противостояние,2000,130,400000,,1.7493,6.3,190,ja,45996
19463,Кентервильское привидение,1944,95,,,1.0799,6.7,42,en,14227
24012,Принц и танцовщица,1957,115,,,1.4531,6.342,187,en,3359
988,Китайский синдром,1979,122,5900000,51718367,1.093,7.159,496,en,14838
125103,¿Quién diablos es Juliette?,1997,91,,,0.7899,4.8,13,es,998745
204,Плата за страх,1953,131,,,2.2572,8.0,1026,fr,2559
9356,Уж кто бы говорил 2,1990,81,12000000,120889074,1.5915,5.469,1435,en,57434
32430,Колокола Святой Марии,1945,126,,21300000,1.9764,6.8,144,en,30008
42231,You Light Up My Life,1977,90,,,0.847,5.263,19,en,1121299
16113,Отряд «Дельта»,1986,125,9000000,17768900,2.4927,5.953,468,en,33008
33575,Пэт и Майк,1952,95,,,0.7834,6.3,68,en,14674
13913,Воры и охотники,1930,98,,,3.1884,6.914,251,en,144063
17956,"Он сказал, она сказала",1991,115,15000000,9804775,0.9487,5.9,128,en,143888
18209,Ослеплённый желаниями,1967,103,600000,,3.1831,6.2,167,en,13284
25508,Люди-кошки,1942,73,134000,4000000,3.4372,6.93,644,en,10146
18978,Камелот,1967,180,13000000,31500000,2.5116,6.2,73,en,86051
27171,Одинокий парень,1984,90,,,0.8317,6.2,150,en,133259
29486,Комедия ужасов,1964,84,,,0.9534,6.5,159,en,10146
12310,Четыре мушкетера,1974,108,,8760000,1.5239,6.434,204,en,10586
42205,Черные тигры,1978,95,1000000,18300000,1.0087,5.1,88,en,18635
27786,Стальной рассвет,1987,97,3520000,562187,2.8364,5.0,118,en,57154
9624,В смертельной опасности,1994,101,50000000,49000000,1.6483,5.213,496,en,23880
476392,Boy Meets Girl,1998,99,,,0.3958,0.0,0,en,1212571
37296,Протокол,1984,90,12000000,26200000,2.3316,5.455,89,en,18378
25736,Почтальон всегда звонит дважды,1946,113,1683000,5086000,1.2084,7.0,357,en,74878
25389,Дневной сеанс,1993,99,14000000,9532895,2.0945,6.646,311,en,4600
44807,Forever Fever,1998,95,1070000,570000,0.1198,4.654,13,en,987282
5248,Virtual Sexuality,1999,92,,,2.3284,5.151,53,en,42274
52794,Мертвая хватка,1989,82,,,2.534,6.3,83,fr,554314
9872,Исследователи,1985,109,25000000,9900000,3.0261,6.3,481,en,4600
19552,Аромат зеленой папайи,1993,104,,,0.6316,7.015,204,vi,107730
2786,Безумный Пьеро,1965,110,300000,,2.7141,7.3,909,fr,3776
8075,Уик-энд,1967,104,,,3.0885,6.884,306,fr,3776
94771,Сто и одна ночь Симона Синема,1995,105,,,5.0163,6.0,59,fr,6817
50271,Странный груз,1940,113,,,0.4535,7.0,54,en,14855
38274,Семь подружек,2000,99,,,1.5368,4.182,11,en,1217013
26133,Вторники с Морри,1999,89,,,1.3767,7.3,40,en,8843
68981,誘僧,1993,118,,,1.6084,5.333,12,zh,96449
10235,Александр Невский,1938,111,,,1.2759,7.056,223,ru,9603
11533,Язон И Аргонавты,1963,104,3000000,2100000,2.9338,7.16,662,en,25558
2817,Известные старые песни,1997,120,,,2.306,7.01,155,fr,11983
1394,Ностальгия,1983,125,875000,311708,1.6014,7.8,578,ru,8452
1719,Нежная кожа,1964,113,,,1.236,7.1,209,fr,1650
781,В зимней спячке,1997,122,,323041,0.9189,6.917,54,de,1071
13553,The Driller Killer,1979,101,,,1.0928,5.2,191,en,39104
183252,Perfectly Normal,1991,107,,,2.5082,6.6,4,en,74566
3777,Трон в крови,1957,108,,13422,2.922,7.919,939,ja,5026
11659,Лучшие из молодых,2003,367,,2693053,2.2364,8.069,582,it,70235
24065,Без ума от оружия,1992,97,800000,114516,1.924,5.2,58,en,57691
39907,Воины джунглей,2000,113,,,1.761,6.4,36,th,227703
26612,Остров сокровищ,1990,131,,,2.7871,6.6,145,en,66076
10604,Грек Зорба,1964,142,783000,9000000,2.8573,7.4,365,el,65843
44098,Undercurrent,1946,116,1644000,4327000,1.004,5.9,50,en,13980
16876,"Пиф-паф, ты – мертв",2003,87,,,0.6728,7.1,156,en,43468
37437,Моя сторона горы,1969,100,,,0.8651,6.6,24,en,38250
141003,The Thin Blue Lie,2000,97,,,0.2188,6.0,1,en,23946
77780,Смерч,1989,94,,33856,1.455,5.5,38,en,54469
9545,Снайпер,1993,98,,18994652,2.8777,6.2,447,en,26648
53117,Никому не говори,1998,120,,,0.404,5.8,24,es,147310
41651,Призрак в машине,1993,104,12000000,5086909,1.2423,4.66,78,en,56891
29270,Время пьяных лошадей,2000,80,,,0.229,7.6,113,fa,54607
28030,Genghis Blues,1999,87,,,0.2578,6.912,17,en,110879
16514,В ад и назад,1955,106,,,1.437,6.6,64,en,80568
1926,11 сентября,2002,134,,,1.0604,6.4,117,fr,20024
31112,"Bon Voyage, Charlie Brown (and Don't Come Back!)",1980,75,,2013193,1.8077,6.4,100,en,78615
11060,Внутреннее расследование,1990,114,15000000,27734391,2.6729,6.346,422,en,6111
17365,Заговор «Параллакс»,1974,102,,,1.439,6.812,340,en,6349
11474,Воины,1979,94,4000000,22490039,4.1849,7.674,2274,en,1723
63888,Майерлинг,1968,135,5000000,,4.3736,6.174,43,en,9855
49320,Сорок первый год: Противостояние,1999,123,,,0.4789,5.9,41,fi,141978
42204,FM,1978,104,2000000,,0.3456,6.7,20,en,1153
33157,Ватерлоо,1970,128,25000000,3052000,3.2313,7.117,213,en,38131
24798,True Stories,1986,89,,,0.3876,6.7,136,en,3078
277073,North Beach,2000,78,,,0.8305,2.0,2,en,1484539
4923,Зардоз,1974,105,1570000,1800000,3.4325,5.9,495,en,19665
36741,Школа для негодяев,1960,94,,,1.3103,6.884,69,en,70864
11656,Девичий источник,1960,89,,700000,1.3075,7.843,651,sv,6648
16284,Трудный путь в Александрию,1958,130,,,1.7527,7.3,94,en,18669
25009,Могамбо,1953,116,,,0.9297,6.423,168,en,8500
91226,Demon Lover Diary,1980,90,,,0.2857,5.8,9,en,939308
171229,Вторая кожа,1999,110,,,2.8583,5.7,36,es,1043784
40092,Тайная жизнь Уолтера Митти,1947,110,,956625,1.7604,6.8,133,en,82389
10133,Кодер,2002,95,7500000,898365,0.8387,6.627,605,en,5877
82838,Дыба,1956,100,,,2.0734,6.6,26,en,55692
14589,Другой тонкий человек,1939,103,1107000,2223000,1.2093,7.1,130,en,32427
14594,Тонкий человек едет домой,1944,100,1401000,2814000,1.6753,7.1,98,en,70862
14590,Тень тонкого человека,1941,97,821000,2301000,1.6735,6.965,113,en,32427
14588,После тонкого человека,1936,112,673000,3165000,0.812,7.3,186,en,32427
14595,Песня тонкого человека,1947,86,1670000,2305000,0.9211,6.8,93,en,77101
9459,Вудсток: 3 дня мира и музыки,1970,224,600000,50000000,3.014,7.5,284,en,57885
465,36 Fillette,1988,88,,,3.5491,4.9,37,fr,6295
86600,Междоусобный проект,1974,89,,,1.09,5.9,23,en,70308
20644,Любовное безумие,1941,99,889900,2000000,0.4445,6.743,37,en,82413
24965,Ганга Дин,1939,117,1915000,2807000,1.0144,6.5,172,en,18738
17653,Легенда,1993,106,,3956913,3.2888,7.0,173,cn,35452
11069,Дрожь земли 2: Повторный удар,1996,100,4000000,,3.3359,6.313,1010,en,26479
10829,Дрожь земли 3: Возврат в Совершенство,2001,104,6000000,,2.7033,5.813,678,en,26475
19425,The Peanut Butter Solution,1985,93,,,1.6613,5.6,48,en,544818
108055,"Hallelujah, I'm a Bum",1933,82,,,0.837,7.4,9,en,2000
86959,Всё как надо,1989,102,,,0.683,6.545,11,en,8876
9698,Прямо в ад,1987,86,,,1.0207,5.3,43,en,31493
57946,Margaret Cho: Notorious C.H.O.,2002,95,,,0.0327,5.375,16,en,99242
45044,Vendredi soir,2002,86,,,1.7891,6.0,35,fr,9888
26860,Белый зомби,1932,67,50000,,0.435,6.0,268,en,90064
29049,Чума зомби,1966,90,,,1.2688,6.3,147,en,101520
27130,Я гуляла с зомби,1943,69,,,1.489,6.794,315,en,10146
8468,Highway 61,1991,103,,,2.0978,6.8,21,en,55189
31952,Любовницы вампирши,1970,91,,,1.8004,6.34,212,en,26134
39043,Графиня Дракула,1971,93,,,3.2409,5.7,123,en,100296
54396,Девочки из группы поддержки,1973,83,,,3.8588,5.8,39,en,938741
22682,"Как преуспеть в бизнесе, ничего не делая",1967,121,3500000,2500000,5.7689,6.754,59,en,29715
11577,Пэт Гэрретт и Билли Кид,1973,122,4638783,11000000,1.2955,7.2,442,en,7767
42402,Пистолет в левой руке,1958,102,700000,,1.1352,6.1,107,en,6448
21159,Последний человек на Земле,1964,87,300000,,2.8022,6.6,459,en,91788
40810,Уличный боец,1974,90,,,1.9596,6.8,111,ja,141130
40812,Возвращение уличного бойца,1974,83,,,1.5164,6.0,91,ja,141130
336,За пригоршню динамита,1971,157,,,2.3296,7.693,1139,it,4385
11942,Принесите мне голову Альфредо Гарсиа,1974,112,1500000,700000,1.3584,7.088,400,en,7767
36206,Скачи по высокогорью,1962,94,813000,,1.663,7.04,238,en,7767
23330,Баллада о Кэйбле Хоге,1970,121,3716946,5000000,1.2221,6.9,213,en,7767
5927,Младший Боннер,1972,100,,,2.3429,6.1,110,en,7767
49636,Повелитель летающей гильотины,1976,93,,,1.7845,6.6,97,zh,584527
3075,Франкенштейн должен быть уничтожен,1969,100,,,1.2425,6.3,127,en,29662
30137,Заколдованный замок,1963,87,,2616000,1.2866,6.652,184,en,102429
5521,Finder's Fee,2001,100,,,0.776,6.038,66,en,43896
27636,Плеть и тело,1963,87,66500,,1.4565,6.376,154,it,25826
222,"Berlin, die Symphonie der Großstadt",1927,69,,,1.3242,7.5,124,de,2798
10686,Самурайская история,1998,111,,,0.3689,6.7,57,ja,66601
43096,Гиджет,1959,95,,1500000,2.5657,5.9,40,en,73150
42688,Дикари на улицах,1968,94,1000000,,0.9984,5.75,34,en,49063
25598,Индеец-беглец,1991,127,7000000,191125,1.5434,6.527,148,en,2228
25858,Пьяный ангел,1948,98,,,0.7712,7.6,294,ja,5026
14262,Desperate Living,1977,91,65000,,3.387,6.4,112,en,10367
38701,Адский дождь,1975,86,,,0.9917,5.0,92,en,20937
33357,Коза Ностра,1972,125,,,1.7352,6.5,110,en,9855
21948,Гремящий гром,1977,100,2000000,,0.704,6.772,243,en,38689
30368,Бездомный пес,1949,122,,47005,1.0931,7.5,335,ja,5026
1059,Трое негодяев в скрытой крепости,1958,139,,57673,2.6247,8.0,664,ja,5026
12493,Рай и ад,1963,142,250000,,4.6681,8.4,1051,ja,5026
42090,После репетиции,1984,75,,,0.8535,6.8,64,sv,6648
13122,Люди под лестницей,1991,103,6000000,31400000,2.1932,6.551,720,en,5140
55730,My New Gun,1992,99,,,0.9021,3.95,20,en,129708
14273,Dark Days,2000,82,,333843,2.3596,7.248,119,en,1081559
26940,Ночь в Касабланке,1946,85,,,1.5352,6.8,153,en,81165
11030,Зелиг,1983,79,13500000,11798616,2.0807,7.4,897,en,1243
29454,Лицом к лицу,1976,135,,,1.6105,7.2,129,sv,6648
26372,Стыд,1968,103,,,1.9076,7.5,231,sv,6648
11506,Молчание,1963,95,,,4.3427,7.5,386,sv,6648
29455,Причастие,1963,81,,,3.017,7.888,483,sv,6648
11602,Сквозь темное стекло,1961,91,,8939,1.3665,7.8,520,sv,6648
29453,Лицо,1958,102,,,3.6332,7.4,233,sv,6648
11700,Улыбки летней ночи,1955,109,,,3.4134,7.4,257,sv,6648
47735,Лето с Моникой,1953,98,,,1.58,7.3,373,sv,6648
14638,Убийцы,1946,103,,,0.7537,7.3,411,en,5029
14703,Ночь игуаны,1964,118,3000000,12000000,1.2201,7.148,160,en,6593
35806,Фрейд,1962,140,,,1.5009,6.5,74,en,6593
3547,Блики в золотом глазу,1967,108,4500000,,1.4996,6.408,136,en,6593
41089,У подножия вулкана,1984,112,,,1.5843,6.5,98,en,6593
42179,Мудрая кровь,1979,106,,,3.0748,6.3,99,en,6593
28415,Якудза,1974,112,5000000,1500000,3.1801,7.1,201,en,2226
107499,A Better Place,1997,87,100000,,0.8703,7.0,13,en,985403
20481,Ночной народ,1990,121,11000000,8862354,2.4309,6.388,509,en,31211
5481,Шок,1977,95,,,3.4683,6.306,130,it,25826
5485,Камера пыток,1972,98,,,0.9233,6.156,139,it,25826
31581,Кровавая мама,1970,90,,,2.2535,5.5,98,en,102429
22694,Трип,1967,85,450000,,2.5185,5.7,101,en,102429
7090,Кен Парк,2003,97,1300000,447741,3.9866,6.0,655,en,51917
42632,Monterey Pop,1968,80,,,2.19,7.3,91,en,21113
5902,Мост слишком далеко,1977,175,22000000,50750000,2.9912,7.214,887,en,4786
10775,Двойная рокировка,2002,100,6400000,8836958,4.3814,7.802,1776,cn,66718
4552,История двух сестер,2003,115,15100000,1100000,3.9396,7.088,1279,ko,69081
12762,Бродвей Денни Роуз,1984,84,8000000,10600497,1.1777,7.1,474,en,1243
14510,Извне,1986,81,4500000,1261000,2.4761,6.5,625,en,27991
101363,The Wonderful Ice Cream Suit,1998,77,,,0.8418,6.7,11,en,27991
15618,Робот Джокс,1990,85,10000000,,3.6466,5.504,139,en,27991
24341,Куклы,1986,77,,,2.0492,6.382,359,en,27991
10690,Космические дальнобойщики,1996,95,25000000,1614266,2.6986,5.418,184,en,27991
40028,Из другого мира,1988,81,210000,107352,1.1541,4.725,69,en,98132
26326,Высшая школа рок-н-ролла,1979,93,200000,,0.9835,6.4,151,en,83198
13282,Смертельные гонки 2000,1975,80,300000,8000000,2.546,6.14,529,en,101377
27658,Cockfighter,1974,83,400000,,1.4451,6.0,59,en,20921
22642,Ведро крови,1959,66,50000,180000,1.0774,6.6,155,en,102429
29235,Преждевременные похороны,1962,81,,1250000,1.497,6.276,136,en,102429
42725,Дикие ангелы,1966,87,,,1.2132,5.465,71,en,102429
24111,Бедлам,1946,79,350000,,2.6702,6.567,82,en,19457
17921,Планета вампиров,1965,88,200000,1035156,1.4115,6.414,251,it,25826
22627,Жизнь в стиле кантри,1992,112,,,2.3003,7.0,78,en,56828
18283,Бригадун,1954,108,,,2.7481,6.5,163,en,13980
33731,Марджори Морнингстар,1958,123,2000000,3000000,1.5184,6.2,20,en,93904
13823,Сила личности,1992,127,18000000,2827107,2.4698,7.5,147,en,16513
14108,The Weather Underground,2002,92,,,0.3259,6.7,47,en,130140
4291,Кикуджиро,1999,122,,,2.9363,7.499,568,ja,3317
20718,Любовь по случаю,2002,90,,,1.2736,5.278,36,en,186758
113,"Весна, лето, осень, зима... и снова весна",2003,103,,8945072,1.7663,7.799,1142,ko,1188
28476,The Phantom Tollbooth,1970,90,,,1.4888,6.8,81,en,980524
5916,Побег,1972,123,3352254,36734619,3.8652,7.1,620,en,7767
26234,"Риллингтон Плейс, дом 10",1971,106,,,1.1498,7.3,208,en,2087
12205,Тёмные воды,2002,101,4000000,1686839,2.2523,6.8,670,ja,26875
27804,"То, что называют любовью",1993,116,14000000,1029721,1.5407,6.2,144,en,39012
46187,Вор,1997,96,2000000,1126506,0.5737,7.056,99,ru,1096377
3001,Как украсть миллион,1966,123,6400000,4400000,2.3792,7.5,632,en,10001
39434,Синдром Стендаля,1996,119,3800000,,1.5526,5.4,283,it,4955
105130,Бегун-пуля,1996,82,,,1.3477,6.9,25,ja,58614
166472,Manslaughter,1922,100,,,2.9273,5.167,12,en,8636
11574,Поддержите своего шерифа!,1969,92,,,2.2235,6.966,192,en,18579
32450,Недоумки,1992,80,,918239,2.2889,6.143,70,en,17494
62383,Похороны Джека,1992,96,,,1.5062,5.028,18,en,65401
203,Злые улицы,1973,111,500000,3000000,1.9298,7.067,2217,en,1032
38749,Джек-Медведь,1993,95,,5145823,1.2578,6.381,59,en,9182
29740,Я – беглый каторжник,1932,92,195845,,1.2077,7.8,219,en,9054
10652,Высота «Гамбургер»,1987,110,,13839404,3.7926,6.546,490,en,17784
34288,Последняя трансляция,1998,87,900,12097,0.4598,5.1,117,en,74643
26268,Харпер,1966,121,3500000,12000000,2.9782,6.635,179,en,30422
33632,Сладкоголосая птица юности,1962,120,,,1.6191,6.7,124,en,3632
25853,Dahmer,2002,101,250000,144008,3.1299,5.273,317,en,53212
68430,Рай,1991,111,34000000,18634643,0.4777,6.2,61,en,66086
43001,Воскресенья в Виль-д'Эвре,1962,110,,,0.8094,7.1,64,fr,605481
42201,Приближается всадник,1978,118,,9585769,0.9573,6.1,74,en,6349
316,Гриль-бар «На полпути»,2002,111,600000,,2.7981,6.6,33,de,4617
3072,Франкенштейн освобождённый,1990,85,11500000,334748,3.4655,5.7,123,en,102429
10355,Шири,1999,125,8500000,,2.1353,6.4,178,ko,64883
14554,Плохой день в Блэк Роке,1955,81,1271000,3788000,1.7225,7.3,392,en,14520
87677,La Cucaracha,1998,97,,,2.2595,4.375,12,en,65242
250,Быстрые стволы,1999,91,,,1.3939,7.3,277,da,3395
19086,Отряд «Дельта» 2,1990,111,,6698361,0.9659,5.498,221,en,51572
15392,Перекрёстки,1986,96,,5738952,2.6891,7.4,459,en,1723
43267,29-ая улица,1991,101,,,1.5745,7.0,40,en,21792
41277,Моя прекрасная глушь,2003,108,,,1.3111,6.802,86,fr,123558
108059,Границы города,1985,86,,,1.6968,2.6,28,en,97847
42013,Sammy and Rosie Get Laid,1987,100,,,0.7036,5.5,22,en,3224
54715,Leaving Normal,1992,110,,,1.2143,6.0,28,en,9181
631,Восход солнца,1927,94,,1636000,2.8323,7.8,863,en,9076
25504,Шоковый коридор,1963,102,,,0.593,6.96,276,en,26959
23855,Как заработать 20 миллионов баксов,2002,105,,,3.0029,5.88,54,en,8843
1786,"До свидания, дети",1987,104,3000000,4542825,2.5088,7.512,699,fr,15389
51182,Sex: The Annabel Chong Story,1999,86,,,1.1868,5.9,25,en,228568
45042,Девушка по соседству,1999,82,,,1.189,5.523,22,en,1018069
210937,Погоня за счастьем,2001,93,,,1.1355,4.7,5,en,21475
16219,Гладиатор,1992,101,,900000,2.5587,7.6,376,en,63943
15824,Наследство,2003,115,,1219595,1.889,6.359,39,da,126774
14258,Фантастические дни,2003,86,,,2.8411,6.109,174,ko,553709
48385,Indestructible Man,1956,72,,,1.4241,4.225,51,en,41704
27545,Женщина-оса,1959,63,50000,,1.2069,4.4,113,en,102429
22718,Attack of the Giant Leeches,1959,62,,,1.4005,4.096,78,en,89157
39844,Deranged,1974,83,200000,,1.2229,5.752,106,en,12715
16914,Жестокое море,1953,126,,,1.0565,6.9,76,en,27920
43011,Содом и Гоморра,1962,148,,5450000,1.7356,5.278,36,en,18392
11315,Живым или мёртвым,1999,105,4615,,1.5335,6.3,170,ja,17282
35987,Лола Монтес,1955,116,,,2.8854,6.83,138,fr,14353
29146,Чарли,1968,103,950000,814666,1.6468,6.5,111,en,16888
36751,Twice Upon a Time,1983,73,3000000,5000,1.1919,6.6,27,en,19744
28758,"Атлантида, погибший континент",1961,90,,,1.144,5.163,46,en,21869
29592,Жажда жизни,1956,122,,,1.3025,7.2,201,en,13980
439,Сладкая жизнь,1960,179,,19647000,2.961,8.1,1973,it,4415
823,Оборотни,1999,102,,94072,4.7316,7.405,529,ja,12178
20289,Кайф,1991,120,17000000,,2.2519,6.643,147,en,5707
16905,Одиссея капитана Блада,1935,105,1200000,,2.648,7.2,248,en,4109
11417,Лифт,1983,95,350000,,0.7054,5.8,187,nl,21440
11548,Батарейки не прилагаются,1987,107,25000000,65088797,10.1623,6.679,760,en,12677
38291,Воспитание Риты,1983,106,,,2.6989,6.847,196,en,10076
41204,On Moonlight Bay,1951,95,,,1.1464,6.3,29,en,94218
20532,Управляющий Сансё,1954,124,,,2.5386,8.1,408,ja,97202
2546,Зази в метро,1960,93,,,2.2384,6.614,180,fr,15389
42791,Американизация Эмели,1964,115,,,0.9383,6.6,77,en,133259
22522,Тысяча дней Анны,1969,145,,,1.1262,7.1,124,en,29646
40478,Куколка,1956,114,,,3.4441,7.0,132,en,2746
5165,Приключение,1960,144,,,0.8461,7.529,733,it,15189
5722,Изнанка долины кукол,1970,109,2090000,9000000,2.0109,6.1,209,en,4590
5544,"Хиросима, любовь моя",1959,91,,3193,1.6759,7.7,885,fr,11983
19128,1000 глаз доктора Мабузе,1960,103,,,1.6045,6.8,108,de,68
14696,Сказки туманной луны после дождя,1953,96,,,2.2821,8.0,622,ja,97202
51515,Игры в полях Господних,1991,189,36000000,1345903,2.0849,6.4,51,en,40542
56167,Золотая карета,1952,103,,,1.4645,7.1,80,en,11528
4781,Война окончена,1966,117,,,1.5718,6.4,44,fr,11983
32652,Тайна музея восковых фигур,1933,78,,,1.281,6.4,146,en,4109
4909,День Шакала,1973,145,,16056255,3.9075,7.5,638,en,4065
56135,На краю лезвия,1946,145,,,1.5569,6.9,92,en,34740
27115,Ходячий мертвец,1936,66,,,1.1658,6.2,92,en,4109
38348,Война пуговиц,1994,94,,,1.5181,6.96,112,en,120218
35280,Другой,1972,108,,,2.2041,6.493,149,en,8482
21375,Als Je Begrijpt Wat Ik Bedoel,1983,84,,,2.6439,7.3,25,nl,108523
19185,Ночь живых мертвецов,1990,88,4200000,5835247,2.2289,6.845,908,en,11161
73194,Барабаны долины Махонке,1939,100,,,1.1471,6.4,116,en,8500
28257,The Maltese Falcon,1931,80,,,1.0417,6.317,52,en,94218
20643,Я люблю тебя снова,1940,99,,,0.9682,7.2,54,en,32427
22596,Наконец в безопасности!,1923,70,121000,1500000,1.3494,7.7,551,en,143385
36786,Пока город спит,1956,100,,,0.8188,6.9,137,en,68
28916,The Way Ahead,1944,115,,,1.4746,6.526,39,en,15378
4497,Виридиана,1962,90,,679244,1.1044,7.6,534,es,793
33560,Полный П,1994,79,,101071,1.6025,6.606,109,en,19224
25224,Masterminds,1997,106,,1935539,0.4308,5.3,49,en,5058
42728,Ты теперь большой мальчик,1966,97,,,0.584,6.1,44,en,1776
15371,Люпен III: Замок Калиостро,1979,100,7202188,8194857,2.2181,7.5,1090,ja,608
11044,Аризонская мечта,1993,142,19000000,112547,3.4176,7.164,733,en,15254
39983,カオス,2000,103,,,1.5452,6.3,34,ja,26875
31526,Королева Кристина,1934,99,1114000,2610000,2.5156,6.8,130,en,29595
31623,Поле битвы,1949,118,,,3.6329,6.7,96,en,14643
27601,Токсичный мститель 4: Гражданин Токси,2001,109,500000,,2.5854,6.1,159,en,78021
16214,Хупер,1978,107,6000000,78000000,1.871,6.285,135,en,67767
5071,Странный чужак,1998,102,,,1.4398,7.5,93,fr,41040
41662,3 женщины,1977,125,1500000,5568,2.6579,7.1,329,en,9789
95015,The Green Pastures,1936,93,,,0.8212,6.3,14,en,67426
33738,Возьми меня с собой на бейсбол,1949,93,1725970,,1.4304,6.6,48,en,95293
17346,Серые сады,1976,100,,30966,1.9955,7.316,239,en,209970
18274,Лягушки,1972,91,,1900000,2.2904,4.7,152,en,40378
13763,Пурпурный дождь,1984,111,7200000,68392977,2.1003,6.7,399,en,58729
67217,Знаки жизни,1968,91,,,1.1901,6.609,46,de,6818
10498,Убийца,1993,109,,30038362,1.934,6.2,725,en,12840
24731,Короткое время,1990,97,,,2.1632,6.44,58,en,27236
11796,Муж парикмахерши,1990,84,,,1.7235,6.8,221,fr,37626
31675,Кромвель,1970,140,8000000,,2.2043,6.5,96,en,70308
4507,"Ветчина, ветчина",1992,95,,,1.8429,6.2,380,es,37577
34847,Колледж,1927,66,,,3.2096,6.748,125,en,131405
32303,Mitchell,1975,97,,,1.5623,3.2,44,en,51875
4879,Десять негритят,1965,91,,,1.6843,6.2,132,en,11118
24774,Идиот,1951,166,,,2.3427,7.0,121,ja,5026
41779,Второе дыхание,1992,115,,,2.1798,5.7,36,en,20237
61048,Лебедь,1956,112,,,3.7553,6.9,31,en,32134
1994,Самая опасная игра,1932,60,219869,443000,1.2074,6.914,295,en,20370
42814,Первая полоса,1931,101,,,1.4803,6.474,78,en,2000
870,Куклы,2002,114,,,1.9248,7.6,341,ja,3317
96255,Three Came Home,1950,106,,,0.7905,6.56,25,en,19606
25495,Наш человек в Гаване,1960,111,,,1.1265,6.7,115,en,15378
26319,"Человек, который пришел к обеду",1941,112,,,0.8988,6.9,86,en,67426
45938,Воскрешение кровавого воскресения,1971,110,,,1.253,6.553,132,en,19304
15573,Ковбои,1972,128,6000000,7500000,3.3954,7.075,255,en,21958
41059,Уступи место завтрашнему дню,1937,92,,,1.1408,7.5,207,en,30008
39871,Майор и малютка,1942,100,,2500000,1.086,7.1,140,en,3146
10178,Восстание Кейна,1954,124,2000000,21750000,1.6903,7.2,352,en,64114
16391,Чёрный нарцисс,1947,100,1200000,,1.7982,7.5,525,en,68424
42997,Вызывающий проклятье,1962,101,,,1.9987,6.5,57,en,10076
10734,Побег из Алькатраса,1979,113,8000000,43004381,4.7179,7.508,3019,en,14773
10949,Оливер Твист,1948,110,375000,400000,1.1893,7.6,246,en,12238
258236,Skokie,1981,125,,,2.2382,6.0,1,en,79925
809,Шрэк 2,2004,93,150000000,935454538,11.9324,7.305,13041,en,12080
435,Послезавтра,2004,124,125000000,552639571,5.1805,6.547,8563,en,6046
4599,Модная мамочка,2004,119,50000000,49700000,2.787,6.137,677,en,1201
12657,Улетный транспорт,2004,86,16000000,14800000,4.3094,5.421,477,en,73832
28219,Мерзавец!,2004,108,,365248,2.6102,6.456,57,en,16214
59210,История матери,2003,112,2500000,1062253,4.8404,5.96,63,en,7017
13193,Спасенная,2004,92,5000000,10100000,2.2124,6.427,497,en,74259
24190,Время волков,2003,114,9966600,499149,1.2774,6.111,202,fr,6011
673,Гарри Поттер и узник Азкабана,2004,136,130000000,789804554,16.5228,8.011,22594,en,11218
16617,Охотники за разумом,2004,106,27000000,21100000,3.6624,6.463,1261,en,16938
246,Затойчи,2003,116,2500000,34196922,2.9773,7.233,916,ja,3317
2789,Хроники Риддика,2004,119,105000000,115772733,2.295,6.5,4323,en,28239
8920,Гарфилд,2004,80,50000000,200800000,6.4171,5.731,4163,en,18357
9890,Стэпфордские жены,2004,93,90000000,102000000,2.3134,5.686,1382,en,7908
26886,アカルイミライ,2003,115,10000000,,1.8238,6.8,52,ja,26882
26254,The Hunting of the President,2004,90,,376612,0.3002,5.571,14,en,183760
8193,Наполеон Динамит,2004,95,400000,46118097,5.5005,6.8,2040,en,53925
47821,Город удовольствий,1992,132,27000000,14683921,2.2165,6.607,159,en,8965
26142,Доктор,1991,123,12000000,38120905,2.3816,6.432,81,en,19798
42122,Костюмер,1983,118,,,2.9463,6.724,76,en,12804
65137,Отчаянный папа,1993,95,,3418141,3.0443,5.78,91,en,16730
27017,Для меня и моей девочки,1942,104,802000,4371000,1.1117,6.4,51,en,95293
35151,Снова привет,1987,96,,20419446,2.5484,5.721,95,en,113799
21544,Лепестки надежды,2003,92,,1600000,2.5413,5.287,167,en,55299
43846,Любовь находит Энди Харди,1938,91,212000,2247000,1.0618,6.017,29,en,89749
40894,"Вернись, моя любовь",1961,107,,16937969,1.3019,6.94,159,en,67451
11546,Полицейская академия: Миссия в Москве,1994,83,10000000,126247,1.2093,4.617,937,en,69801
59427,Круг чистой воды,1969,107,,,1.284,5.8,24,en,114269
18387,Все решается в среду,1978,120,11000000,,2.6556,6.88,187,en,8328
71125,Без ума от любви,1985,106,,,0.3598,5.6,49,en,9789
34748,Передайте привет Броуд-стрит,1984,109,,,1.8042,5.0,23,en,1278762
132725,Поворот судьбы,2000,95,,,0.6292,5.2,9,en,1095994
26331,Последний круиз на яхте «Шейла»,1973,119,,2200000,1.8554,7.0,156,en,18378
41774,Комедианты,1992,117,,,2.0272,6.0,20,en,33405
52959,Звезда,1968,176,14320000,14000000,2.4705,6.929,234,en,1744
24004,Мы не женаты,1952,86,,,1.2096,5.78,25,en,34740
46976,"Хочу, чтобы ты был здесь",1987,92,,,1.3028,6.5,74,en,33317
17481,Приключения Шерлока Холмса,1939,85,,,0.9701,6.92,156,en,81930
52560,Book of Love,1990,82,,1,0.9827,5.389,18,en,13663
42658,Helen of Troy,1956,121,,,1.7528,6.1,54,en,1744
27118,Шерлок Холмс: Собака Баскервилей,1939,80,,,1.2934,7.123,212,en,97017
18333,Час волка,1968,88,,,0.6803,7.4,527,sv,6648
42345,Молли Магуайерс,1970,120,11000000,2200000,1.4305,6.3,79,en,18854
18398,Suddenly,1954,77,,,2.2358,6.3,112,en,93975
54800,Urban Ghost Story,1998,82,,,1.1169,4.4,9,en,151135
20849,Одержимая,1947,108,,,1.4069,6.9,85,en,33062
57544,Muertos de risa,1999,113,3000000,,0.6243,6.4,81,es,57865
53779,Кингс Роу,1942,127,,,2.3563,7.2,42,en,10790
16661,Младший брат,1927,82,,,1.0837,6.9,97,en,143558
80708,Развод,1930,83,340691,,0.5229,6.205,56,en,93906
76516,Meet the Applegates,1990,90,5000000,485772,1.0987,5.397,39,en,7145
33441,Карнавал роботов,1987,90,,,2.0527,6.7,78,ja,110676
47819,Americathon,1979,86,,,1.8985,3.5,11,en,57359
21793,Приключения бурундучков,1987,77,,6804312,1.7978,6.8,109,en,30696
18712,Пески Иво Дзимы,1950,100,1000000,7800000,1.2536,6.4,154,en,93905
831,Этот остров Земля,1955,86,800000,1700000,0.9747,6.0,226,en,12327
10484,Папаши,1983,92,,,2.6356,6.603,417,fr,38507
37658,Антони-неудачник,1936,141,1192000,2750000,1.8573,5.682,33,en,9054
26516,Школьные джунгли,1955,101,,,1.1169,6.9,155,en,3632
110598,Миг за мигом,1978,102,,,1.1505,3.3,23,en,72402
44388,От судьбы не уйдешь,2000,96,,,0.8204,6.0,34,en,1764642
10573,Лунный папа,1999,107,,,1.2669,6.2,39,ru,1131742
113290,The Long Way Home,1997,120,,,1.0192,7.083,12,en,1036428
26451,Следствие по делу гражданина вне всяких подозрений,1970,111,,,3.2765,8.2,845,it,95456
111605,Истинная любовь,1989,104,,,4.009,5.605,19,en,93025
54568,Каждому свое,1946,122,,,1.2317,6.857,28,en,108914
28571,Наследница,1949,115,2600000,2300000,2.9188,7.8,264,en,10001
27686,Ярмарка,1945,100,,,1.9521,6.6,68,en,80570
123665,Потомство дракона,1944,148,3070000,4627000,2.8572,6.5,16,en,33026
43336,Номер для директоров,1954,104,,,2.1985,6.966,59,en,1744
62000,Джонни Белинда,1948,102,,,1.8174,6.771,72,en,19606
9372,Двойная порция,2004,100,65000,28575078,0.8167,6.7,1723,en,57492
41495,Джонни Игер,1941,107,,,2.7256,6.1,46,en,9054
52362,Только одинокое сердце,1944,113,,,0.7738,6.3,50,en,14567
662,Взлётная полоса,1962,29,,,4.9437,7.87,957,fr,9956
41799,"Далекие голоса, застывшие жизни",1988,84,,771745,0.5401,6.823,130,en,93911
49633,The King of Kings,1927,155,1265284,2641687,1.3091,6.371,62,en,8636
43805,Северо-западный проход,1940,126,,,2.4102,6.5,58,en,29962
16559,Портрет Дориана Грея,1945,110,,,2.0539,7.13,288,en,30252
44695,Рожденные неприкаянными,1967,113,360000,36000000,1.1604,6.0,62,en,129482
31217,Удел человеческий,1959,206,,,2.1498,8.1,268,ja,76978
8341,Самсара,2002,138,3000000,,1.572,7.4,124,bo,7324
36488,Мать-одиночка,1939,82,509000,1975000,2.7981,7.141,71,en,100131
19414,"Пожалуйста, не ешь маргаритки",1960,112,1775000,5150000,1.1847,6.119,80,en,69392
60595,На пути к истине,1972,83,,,2.2696,6.0,22,en,110588
15794,Белая горячка,1949,114,1300000,3483000,3.241,7.6,510,en,8823
13188,Рождественский гимн,1951,86,,,4.0745,7.4,350,en,261224
12651,Красавица Мемфиса,1990,107,23000000,,3.1365,6.7,402,en,30365
886,Цинциннати Кид,1965,102,,15260000,1.2962,7.0,289,en,13563
9791,Зверофабрика,2000,91,3600000,43805,3.4134,6.323,251,en,884
27554,Паника в Нидл-парке,1971,110,1645000,2197000,1.4912,6.8,349,en,98199
26973,Прелестное дитя,1978,110,3500000,11600000,3.5992,6.94,393,en,15389
38582,Годзилла против Мехагодзиллы,1974,84,,1330000,2.6032,6.987,268,ja,30561
9542,Попутчик,1986,98,6000000,5844868,2.0916,6.962,1004,en,57895
17820,Плавучий театр,1951,107,2300000,11000000,2.0241,6.1,76,en,21506
26175,Айвенго,1952,106,3842000,10878000,2.9033,6.783,189,en,70862
31146,Лунная шкатулка,1996,112,,,0.9632,6.7,73,en,6400
20506,Угорь,1997,117,,,2.2291,6.867,120,ja,20025
37696,Страх «Икс»,2003,91,6600000,,2.0224,5.797,195,en,21183
136,Уродцы,1932,64,310607,,4.3444,7.8,1258,en,1496
47653,Иммигрант,1917,24,,,1.8857,7.281,301,en,13848
10970,Немое кино,1976,87,4400000,36145695,2.3262,6.5,318,en,14639
28162,Лестница в небо,1946,104,450000,1750000,4.0936,7.8,446,en,37846
42812,Анна Кристи,1930,89,,,2.7636,6.0,54,en,84034
28159,The Bat People,1974,95,,,0.9167,3.5,44,en,52094
20676,Под прикрытием,1992,107,8000000,16600000,2.6527,6.8,245,en,1103
3019,Доктор Джекилл и мистер Хайд,1931,96,535000,1300000,1.4832,7.214,318,en,29595
29353,My Little Chickadee,1940,83,,,0.9503,6.4,33,en,13953
17761,Великий и могучий,1954,147,,,1.5113,5.9,80,en,14643
20277,Гадкая такса,1966,93,,13516000,1.4014,6.703,180,en,83413
10204,Вокруг света за 80 дней,2004,120,110000000,72178895,6.5316,5.95,2614,en,57370
3515,"Засну, когда умру",2003,97,,490964,0.8706,5.4,122,en,17281
9472,Вышибалы,2004,92,20000000,168423227,3.6273,6.359,3667,en,57633
594,Терминал,2004,124,60000000,219417255,5.1437,7.351,8389,en,488
8981,Дорогой Фрэнки,2004,105,,1656829,0.9501,7.0,209,en,56474
12153,Белые цыпочки,2004,109,37000000,113100000,12.6667,6.937,4330,en,35689
1944,Дверь в полу,2004,111,7500000,6715067,1.3502,6.063,221,en,20133
11036,Дневник памяти,2004,124,29000000,115600000,11.9694,7.892,12190,en,11151
1997,Два брата,2004,109,74500000,62172050,2.9398,7.098,843,en,2352
15237,Любимчик,2004,125,15000000,18400000,2.9419,6.101,144,en,11472
205481,Предназначенный,2002,110,,,1.8754,4.95,10,en,65879
11572,Каена: Пророчество,2003,85,,8500,0.9123,5.911,96,fr,69940
19096,Возвращение на Батаан,1945,95,,,1.5613,6.024,63,en,64114
72096,Ищейки с Бродвея,1989,93,4000000,43671,0.9986,5.6,24,en,940694
11939,День на скачках,1937,109,2016000,2305000,1.4436,7.1,219,en,10790
47555,Летающие морпехи,1951,102,,,0.6468,5.8,66,en,2765
24236,"Now You See Him, Now You Don't",1972,88,,,1.3935,6.3,65,en,101767
80218,Plain Dirty,2003,103,,,2.1535,4.667,6,en,74631
26520,"Боб и Кэрол, Тед и Элис",1969,105,2000000,30000000,1.3914,6.2,105,en,47773
43897,The Littlest Rebel,1935,70,,,1.088,6.2,30,en,76381
29456,Реконструкция,2003,92,,,2.1385,6.8,75,da,144195
21386,Claymation Christmas Celebration,1987,24,,,1.0338,7.2,20,en,60220
24908,Взмах крыльев мотылька,2000,90,,,0.9935,6.4,43,fr,586015
9256,Копы,2003,90,,,4.6615,6.376,221,sv,57022
25783,Команданте,2003,60,,,3.2008,6.5,43,en,1152
8991,Восставшие из мертвых,2003,97,645000,187847,1.6212,5.5,234,en,56501
23378,Into the Woods,1991,153,,,1.2741,8.1,50,en,90037
3293,Пираты кремниевой долины,1999,95,,,1.7474,7.0,572,en,15872
36947,Manufacturing Consent: Noam Chomsky and the Media,1992,167,,,3.4186,7.571,92,en,69359
54028,The Clock,1945,90,,,2.9417,7.184,49,en,13980
17645,Бог ей судья,1945,110,,,1.3323,7.4,264,en,82171
10448,Рапа Нуи: Потерянный рай,1994,107,20000000,305070,2.5154,6.4,152,en,8300
57684,Рокси Харт,1942,72,,,1.0349,6.9,26,en,14643
61487,Mayor of the Sunset Strip,2003,94,,,0.6951,6.8,29,en,37852
29383,Зимняя Война,1989,189,4414000,,2.1851,7.006,89,fi,222545
10606,Филадельфийский эксперимент,1984,102,9000000,8103330,1.19,6.105,422,en,59023
42988,The Wheeler Dealers,1963,107,,,0.7888,6.2,20,en,133259
16136,Авторитет,1992,96,5000000,20146880,3.8494,7.199,430,en,15521
58669,The Secret Life of Girls,1999,90,,,0.6715,6.0,3,en,71338
42407,Вздорный человек,1967,104,384500,1200000,0.653,7.045,22,en,10930
6081,Месть Розовой пантеры,1978,99,12000000,49579269,1.6158,6.4,452,en,1927
12577,Неудержимые,2002,83,,,0.9164,5.318,132,en,23945
36561,Я – Дина,2002,125,21000000,,1.4235,5.5,51,no,22676
13696,Ангелы с грязными лицами,1938,97,,,1.7065,7.5,337,en,4109
44494,Ноль за поведение,1933,48,,,1.8899,6.9,252,fr,142865
15484,Тени,1960,87,,,3.0115,6.88,263,en,11147
36672,Каминг-аут,1989,113,,,4.9833,6.478,45,de,22987
2330,Такси,1998,86,8700000,44218015,8.3881,6.711,2615,fr,23945
2334,Такси 3,2003,84,14500000,64497208,4.6671,5.8,1597,fr,21647
64204,Pull My Daisy,1959,26,,,0.7405,6.0,27,en,238714
13398,Однажды в Токио,2003,92,,607735,3.6656,7.9,1416,ja,40333
2912,Мясник,1970,95,,,2.1528,7.123,256,fr,19069
701,Наше гостеприимство,1923,73,,,2.7617,7.5,303,en,8635
10631,Весь я,1984,93,,36403064,1.4582,6.492,359,en,1895
43466,Дочь фермера,1947,97,,,0.8328,6.9,36,en,83399
2202,Лесси возвращается домой,1943,89,666000,4517000,1.3228,6.7,138,en,12300
76076,Время твоей жизни,1948,109,,,1.0459,5.5,14,en,83399
10780,За бортом,1987,112,22000000,26700000,3.0755,6.831,922,en,1201
3484,Маска Фу Манчу,1932,68,327627,,1.5409,5.371,85,en,32133
19590,В свете серебристой луны,1953,101,,,0.7934,5.9,18,en,76381
23724,Баттерфилд 8,1960,109,,,3.0467,6.266,92,en,90522
26596,Джонни-гитара,1954,110,,,3.1742,7.4,452,en,2765
44925,Сестра моя сестра,1994,104,,,0.9074,5.803,66,en,1112916
29264,Ангел-истребитель,1962,93,,,1.7217,7.949,701,es,793
33994,Иван под экстази,2000,94,,47027,3.3603,5.212,26,en,57851
1777,Фаренгейт 9/11,2004,123,6000000,222400000,1.5182,7.085,1475,en,17087
11584,Роксана,1987,107,12000000,40050884,1.6268,6.4,658,en,64061
9901,Freedom Downtime,2001,121,,,0.2794,7.0,20,en,60168
202475,The Same River Twice,2003,78,,,0.0709,4.625,8,en,90641
26811,Дом ужасов доктора Террора,1965,98,,,0.5141,6.4,187,en,5629
38631,Confessions of a Burning Man,2003,83,,,0.1679,4.0,2,en,120937
54022,Search and Destroy,1995,90,4000000,389503,0.2372,4.681,26,en,1151553
23522,The Book of Life,1998,63,,,1.1216,6.346,39,en,91343
207625,Such a Long Journey,1998,113,,,0.7425,5.8,4,en,43526
22094,Тяжёлые времена,1975,93,2700000,5000000,3.5453,6.8,217,en,1723
161080,Secret Society,2000,92,,4275,0.2481,3.333,3,en,1107939
11884,Последний звёздный боец,1984,101,15000000,28733290,2.4318,6.607,732,en,14692
21871,Танк,1984,113,,14134877,2.6747,5.7,87,en,29765
30876,Ад каннибалов 3,1977,92,,,1.2694,5.772,103,it,45572
558,Человек-паук 2,2004,127,200000000,788976453,5.3206,7.296,15873,en,7623
48732,America's Heart & Soul,2004,84,,314402,0.611,4.9,8,en,181233
80,Перед закатом,2004,80,2700000,15992615,5.8131,7.81,3638,en,564
10742,Расчет,2004,95,,12520799,1.9347,5.771,242,en,639
9477,Король Артур,2004,126,120000000,203567857,3.7023,6.303,2834,en,20907
8699,Телеведущий: Легенда о Роне Бургунди,2004,95,26000000,90574188,2.3996,6.703,4404,en,55710
9893,Ночная тусовка,2004,89,10000000,10143022,2.8517,6.064,499,en,54597
11247,История Золушки,2004,95,19000000,70067909,5.076,6.583,3313,en,68770
2048,"Я, робот",2004,115,120000000,347234916,5.8118,6.958,12324,en,21085
436,Благословенная Мария,2004,101,3000000,12450821,1.497,7.193,409,es,5872
61391,Далекие барабаны,1951,101,,,1.8048,6.2,77,en,8823
18643,Следуй за мечтой,1962,109,,,1.029,6.1,46,en,51677
67297,Девушка твоей мечты,1998,121,,,2.1841,6.45,109,es,37526
31948,Серая Дама уходит на глубину,1978,111,,5438927,1.5284,6.4,81,en,37915
43004,Долгий день уходит в ночь,1962,170,500000,,3.044,7.0,72,en,39996
45793,Человек из Ла Манчи,1972,132,12000000,11500000,1.5084,6.53,67,en,133259
46495,Ночь следующего дня,1969,93,,,1.2483,5.973,56,en,116133
45874,Отряд,1975,92,,,2.4811,6.007,74,en,2090
65994,Prince Valiant,1954,100,2970000,3373,2.6991,6.0,65,en,37360
19014,Ковбойская рапсодия,1985,88,5500000,6090497,1.9977,5.5,42,en,28904
10754,Короткий фильм об убийстве,1988,85,,,5.1466,7.6,379,pl,1126
30054,Жестяная звезда,1957,93,,1400000,1.547,7.0,138,en,40199
36630,Зандали,1991,94,,,2.9783,4.3,91,en,64099
39770,Короткая переправа,2001,84,,,3.4147,5.7,41,fr,6295
36627,Потоп,1974,287,,,1.3428,7.2,85,pl,113601
11897,Война на Диком Западе,1962,164,15000000,50000000,6.2475,6.987,468,en,8500
43443,Жанна Д'Арк,1948,145,,,1.5271,6.1,81,en,9049
54300,Live Forever,2003,82,,,2.0413,6.6,12,en,150347
58925,Мсье Кляйн,1976,123,,,1.8997,7.225,275,fr,39009
2502,Превосходство Борна,2004,108,75000000,288500217,4.9871,7.324,7886,en,25598
314,Женщина-кошка,2004,104,100000000,82102379,2.4166,4.6,3494,en,4586
18923,Дом на Краю Света,2004,96,6500000,1548955,1.4612,6.374,171,en,50460
146373,Some Girl,1998,94,,,1.3434,4.7,12,en,84552
5228,Оставайся голодным,1976,102,5000000,24854765,3.3063,5.7,85,en,19450
12206,Завет доктора Мабузе,1933,122,,27690,1.4837,7.65,270,de,68
16539,Zus & zo,2002,106,,,4.3735,4.929,21,nl,587376
75046,Боевой гимн,1957,109,1400000,3900000,2.2223,6.5,24,en,46712
74012,Опасное погружение,1943,106,,,0.4504,6.3,25,en,81165
26126,Диско свиньи,2001,93,,,2.8399,5.681,72,en,41285
15876,Под нами враг,1957,97,,,0.6534,7.0,200,en,19328
26300,Кулак Северной Звезды,1995,103,5000000,,1.5881,4.3,76,en,52194
68064,Flash Gordon Conquers the Universe,1940,195,,,0.497,5.8,23,en,11431
12625,Ружья великолепной семерки,1969,105,,,1.7135,5.3,102,en,73150
45520,The Hunters,1958,108,,,2.7222,5.7,24,en,19328
46767,За стеклом,1986,112,,,0.55,6.8,110,es,151162
55848,Ланселот Озерный,1974,85,,,1.2477,6.2,108,fr,10346
42525,Война крестоносцев,1971,128,11000000,,0.5809,6.4,56,en,46611
43417,Великолепная семерка снова в седле,1972,100,3000000,,2.1954,5.5,92,en,40378
15244,"Приговоренный к смерти бежал, или Дух веет, где хочет",1956,99,,,1.3525,7.943,587,fr,10346
62395,Marcelino pan y vino,1955,91,,,2.5775,7.3,271,es,12733
42737,Моритури,1965,123,,,2.9593,6.8,84,en,9894
47615,Оргия мертвецов,1965,90,10000,,0.5841,2.919,62,en,104583
39209,Шалако,1968,113,1455000,2620000,2.9348,5.7,88,en,64114
20876,Удар по системе,1990,91,,,1.651,6.4,137,en,110496
24559,Бойня номер пять,1972,100,3200000,,3.5394,6.5,241,en,9577
78208,Son frère,2003,92,,22352,3.6924,5.4,23,fr,23724
43786,Остров Уэйк,1942,87,,,2.3092,5.8,26,en,50300
72613,Какова цена славы,1952,110,,,0.8119,5.5,20,en,8500
43787,Ты никогда не была восхитительнее,1942,97,,,0.9821,7.0,55,en,108987
27437,Холостяк и девчонка,1947,95,1961000,5550000,2.4528,6.9,132,en,94880
40374,Веселушка,1973,108,750000,200000,2.6615,6.8,142,en,190
20316,En la ciudad sin límites,2002,125,,,0.8056,6.621,29,es,78996
41925,Утешение чужаков,1990,107,,1244381,1.9393,5.7,126,en,1035
259389,Dancing in September,2001,107,850000,,1.0908,6.5,1,en,71943
22871,Пункт назначения – Токио,1943,134,1516000,4544000,2.5127,6.8,65,en,76981
37019,Доктор Джекилл и Мисс Хайд,1995,90,8000000,,1.2599,4.593,54,en,102709
18190,"Секс, ложь, безумие",1994,103,,,8.2752,6.211,109,en,20213
71786,Фауст 5.0,2001,89,,,1.1646,5.9,30,es,131122
42347,За королеву и страну,1988,105,3500000,191051,1.0643,5.3,52,en,2261
39140,Странная штука – любовь,1990,101,12000000,8100000,0.7407,4.7,35,en,1749
69903,Величайший,1977,102,,8284000,2.8724,5.4,21,en,18592
219345,Grief,1994,87,,,2.0701,3.875,8,en,82335
41890,Hometown Legend,2002,120,2000000,112000,2.1367,4.0,8,en,1614225
27307,Как я попал в колледж,1989,86,,1642239,1.1859,5.9,41,en,87565
36709,Карта человеческого сердца,1993,109,,,0.9936,6.157,35,en,9198
32294,Мистер Блэндингз строит дом своей мечты,1948,94,,,1.3351,6.971,189,en,83399
41463,Моя любимая жена,1940,88,921000,2057000,1.4287,6.991,164,en,100131
19051,Новые приключения Пеппи Длинныйчулок,1988,101,5000000,3569939,1.5923,5.8,77,en,35318
43485,Ночь и день,1946,122,,,1.5412,5.868,34,en,4109
51997,Нет имени на пуле,1959,77,,,1.1353,6.6,83,en,33883
43885,Человек с равнины,1936,113,,,1.6747,6.3,34,en,8636
62694,Змеиная яма,1948,108,,,1.0793,7.1,108,en,37361
43785,Негодяи,1942,87,,,2.286,6.2,58,en,34751
53287,Домоуправ,1991,95,22000000,11000863,2.1349,5.908,120,en,64877
29584,Тай-Пан,1986,127,25000000,,2.2613,5.1,32,en,93587
32644,Хорошая пара,1983,88,14000000,23600000,1.2923,5.9,134,en,27846
89482,Миротворцы,2002,96,,,2.8233,4.853,17,es,212687
1040,Леопард,1963,185,,,3.5154,7.7,904,it,15127
42604,"Прощай, Колумбус",1969,102,,,3.7263,5.35,30,en,51373
24214,The President's Analyst,1967,103,,,0.9172,5.7,47,en,197458
5122,День Саранчи,1975,145,,,1.4455,6.439,106,en,19304
42469,Ползающая плоть,1973,92,,,1.1282,5.9,111,en,5629
119623,Любовь Свана,1984,110,,,1.6042,5.5,41,fr,10249
1783,Последняя война,2001,108,14000000,,1.0506,6.4,173,en,133635
10910,Мулен Руж,1952,119,1500000,,4.2317,6.6,105,en,6593
17238,Живот архитектора,1987,118,,,1.3127,6.8,124,en,30309
22156,Осиное гнездо,2002,107,,,1.4473,6.5,141,fr,1011158
26814,Love Happy,1949,85,,,2.0212,5.8,54,en,73256
43116,High School Confidential!,1958,85,,,0.8259,5.3,20,en,33883
39269,Как гром среди ясного неба,1981,94,2200000,,0.8016,6.9,88,en,2778
99859,Час убийств,1996,118,,,2.1734,3.818,11,en,18335
31522,Женщина есть женщина,1961,84,160000,100655,1.5536,7.329,390,fr,3776
47796,Мама Рома,1962,110,,,3.3358,7.87,424,it,5970
26893,На дне,1957,125,,,1.6868,7.1,138,ja,5026
69035,Ruby Cairo,1992,91,,608866,2.3286,4.9,38,en,13488
73621,Ночной патруль,1984,87,,,2.7372,4.2,33,en,234844
22976,Бигглз,1986,108,,112132,2.1566,5.182,77,en,19032
55441,Модные штаны,1950,92,,,2.2828,5.6,17,en,19093
45608,The World of Suzie Wong,1960,126,2000000,7300000,1.6979,6.4,39,en,18907
21619,Король муравьев,2004,102,,,1.1568,5.839,84,en,27991
9680,Дядя Сэм,1996,90,2000000,,2.4387,4.781,64,en,44765
42801,"Вчера, сегодня, завтра",1963,119,,,1.781,7.4,452,it,12329
12627,Очаровательная проказница,1991,238,,,1.7392,7.274,277,fr,73153
86404,Доносчик,1982,102,,,2.8484,6.3,72,fr,129692
18671,Без ума от оружия,1950,87,,,2.5947,7.4,293,en,86004
17218,Подстава,1949,73,,,1.0314,7.326,172,en,1744
41316,Unprecedented: The 2000 Presidential Election,2002,50,,,0.1122,7.1,11,en,1285799
5179,Расцвет мисс Джин Броди,1969,116,,,1.5136,6.85,121,en,7501
53198,Мое путешествие по Италии,1999,246,,,0.2304,7.594,69,it,1032
65156,The North Avenue Irregulars,1979,100,,,0.9019,6.2,16,en,151502
42593,Lovers and Other Strangers,1970,104,,,1.0608,4.935,23,en,1077512
76002,Котч,1971,113,,,2.5284,6.516,31,en,3151
64868,Бобби из Грейфраерса: Правдивая история,1961,87,,,1.7116,6.9,62,en,25558
52741,Переход подачи,1990,104,,,0.4532,5.244,39,en,82255
15081,Три жизни Томаcины,1963,97,,,1.2096,6.8,48,en,25558
21147,"No Deposit, No Return",1976,112,,,0.9731,6.2,90,en,83413
64877,"The One and Only, Genuine, Original Family Band",1968,110,,,1.1455,6.0,24,en,51313
147169,Under the Lighthouse Dancing,1997,94,,,0.2394,4.6,5,en,1125474
16703,Оружие для найма,1942,81,512423,1000000,1.0885,6.9,182,en,80727
20298,Black Angel,1946,81,,,2.2958,6.0,55,en,25165
19974,Большие часы,1948,95,,,0.9708,7.3,171,en,50300
22112,Крест – накрест,1949,84,,,0.4868,7.069,173,en,5029
4201,Пятый мушкетер,1979,116,7000000,,0.9775,4.75,16,en,35318
39868,Зловещий договор,1981,93,1000000,,1.529,5.326,118,en,205298
20408,Шерлок Холмс: Ночной террор,1946,60,,,1.1638,6.5,139,en,25165
13580,"Шпион, пришедший с холода",1965,112,,,2.7512,7.1,315,en,18854
18706,Шерлок Холмс и секретное оружие,1942,68,,,1.3775,6.351,131,en,25165
34327,Шерлок Холмс: Женщина в зелёном,1945,68,,,1.9584,6.416,137,en,25165
43013,Фальшивый предатель,1962,140,,,1.3895,6.42,50,en,24939
38505,"Раз, два, три... замри!",1993,104,,,1.1437,6.234,32,fr,34262
41940,Roadkill,1989,85,250000,,0.8218,5.6,14,en,55189
20417,Шерлок Холмс: Прелюдия к убийству,1946,76,,,0.895,6.6,125,en,25165
14652,Бон вояж,2003,114,,,4.05,6.2,94,fr,25950
69526,Бюро убийств,1969,110,,,1.4984,6.639,79,en,29504
14462,Маньчжурский кандидат,2004,129,80000000,96105964,2.4451,6.475,1660,en,16294
14623,Предвестники бури,2004,95,57000000,28283637,3.1034,5.0,302,en,2388
6947,Таинственный лес,2004,108,60000000,256700000,3.0899,6.489,4448,en,11614
401,Страна садов,2004,102,2500000,26781723,2.8308,7.1,1967,en,5367
50247,Раннее лето,1951,125,,,1.9447,7.8,199,ja,95501
46326,Набережная туманов,1938,93,,,1.4036,7.415,294,fr,25161
35780,Thunderbirds Are GO,1966,93,10000000,,2.4912,6.309,55,en,1304024
25361,Thunderbird 6,1968,89,,,3.3091,5.695,41,en,1304024
45522,Охрана замка,1969,105,,,2.328,5.7,76,en,2226
23750,Revengers Tragedy,2002,106,,,2.5848,5.4,12,en,31493
44289,Octane,2003,91,11500000,,2.1001,5.059,51,en,50757
25536,Полицейский спецназ,2003,88,,,3.7279,6.938,169,cn,25236
38837,Неоконченная пьеса для механического пианино,1977,98,,,0.9626,7.0,53,ru,82796
1436,Воин,2001,155,8000000,996179,2.2235,6.993,135,ko,17119
17768,Смешное происшествие по дороге на Форум,1966,97,,,1.3274,6.0,116,en,10586
27375,Коммивояжер,1969,91,105000,,2.0018,7.11,91,en,139002
1538,Соучастник,2004,120,65000000,220239925,4.1062,7.236,6023,en,638
14846,Маленькая черная книжка,2004,111,35000000,22035509,1.8673,5.3,355,en,42274
2577,Код 46,2003,93,7500000,,1.7726,6.2,379,en,172
52936,In the Soup,1992,96,,256249,0.9109,6.5,81,en,3111
46884,Они приехали в Кордура,1959,123,,,1.3535,6.7,29,en,14875
33333,Голубая весна,2001,83,500000,1000000,2.4212,7.1,101,ja,81107
41975,Женское дело,1988,110,,,1.3184,7.28,177,fr,19069
16606,Атакуй заправки!,1999,113,,,1.824,6.6,109,ko,80651
60760,Маски,1987,100,,,2.1337,6.7,68,fr,19069
11282,Гарольд и Кумар уходят в отрыв,2004,88,9000000,23936908,2.3222,6.547,2180,en,56591
11130,Дневники принцессы 2: Как стать королевой,2004,113,40000000,134734481,3.6363,6.717,3351,en,1201
14389,Danny Deckchair,2003,100,,,2.0023,6.02,76,en,143284
395,Чужой против Хищника,2004,100,70000000,177427090,4.9107,5.946,4761,en,4014
11052,Югио! (фильм второй),2004,90,20000000,29266490,1.8306,6.072,362,en,67941
60015,Novo,2002,98,,,2.0377,5.4,42,fr,240295
23601,Мы здесь больше не живём,2004,101,3000000,2037545,1.4812,5.638,116,en,96166
10762,Трое в каноэ,2004,99,19000000,69600000,2.023,5.6,684,en,32593
11026,Изгоняющий дьявола: Начало,2004,114,80000000,78000586,1.6834,5.39,856,en,16938
18693,Спидвей,1968,94,3000000,,2.2144,5.8,40,en,82800
45598,Ох уж эти женщины,1969,97,,,1.2647,4.7,23,en,37876
8745,Это случилось на Всемирной ярмарке,1963,105,,,2.1233,5.7,51,en,82800
45335,Двойные неприятности,1967,91,,1600000,1.9563,4.9,35,en,82800
18690,Выходные в Калифорнии,1966,93,,,2.611,5.5,39,en,82800
7506,Каникулы в Гареме,1965,85,2400000,3100000,3.3476,4.8,30,en,16002
65596,Unidentified Flying Oddball,1979,93,5250000,,0.9586,5.551,39,en,152646
36912,Афера 2,1983,102,,6347072,1.1147,4.735,49,en,128947
46081,If a Man Answers,1962,102,,,1.2505,6.0,27,en,39743
40087,Cheerleader Camp,1988,89,,,3.1491,4.971,86,en,171170
46831,Ressources humaines,1999,100,,,0.5897,6.855,83,fr,17386
20120,Билл Косби: Собственной персоной,1983,105,,,1.0137,7.342,57,en,51962
22543,Двойник,1964,111,,,0.8494,6.9,110,en,4112
44415,Возвращение Бенджи,2004,97,,,0.5564,5.538,26,en,94787
11237,Анаконда 2: Охота за проклятой орхидеей,2004,96,20000000,70992898,4.5192,5.5,1048,en,56998
8080,Охотник на убийц,2004,99,27000000,13000000,2.424,5.533,335,en,17279
14797,Воины неба и земли,2003,114,10000000,6106178,1.6447,6.2,99,zh,77305
11632,Ярмарка тщеславия,2004,141,23000000,16123851,2.6224,5.777,352,en,6495
18475,The Cookout,2004,97,16000000,12009070,3.1224,4.6,44,en,302339
15644,Папарацци,2004,84,20000000,16800000,1.1828,5.303,203,en,1216735
11208,Одержимость,2004,114,30000000,13000000,3.1743,6.823,715,en,2291
24079,Triggermen,2002,92,500000,,2.2398,4.6,17,en,224214
16153,Алиса здесь больше не живет,1974,112,1800000,21000000,1.4429,6.934,500,en,1032
13559,Давилка,1995,106,,1781383,2.0734,4.911,264,en,10051
42694,Кто стучится в дверь ко мне?,1968,90,,,1.2537,6.132,205,en,1032
32298,Лицензия на измену,2004,90,,,1.4064,5.758,33,en,486
66566,После полуночи,1992,99,,,1.9011,4.989,47,en,1216741
124029,A Million to Juan,1994,97,,1221832,1.8807,5.4,5,en,55259
42164,Кинолюбитель,1979,112,,,2.014,7.5,175,pl,1126
124,Без конца,1985,108,,,2.1756,6.9,110,pl,1126
29979,Шоссе смерти,2004,80,,371396,2.5353,5.7,223,en,57895
41762,Graffiti Bridge,1990,95,7500000,,1.6312,5.082,49,en,21037
12548,Маменькины сынки,1953,109,,,2.2568,7.6,712,it,4415
33345,Под вишневой луной,1986,98,,10090429,0.5446,5.6,58,en,21037
19893,Флиппер,1963,90,,,1.7923,5.8,56,en,38250
42264,Улыбка,1975,113,,,1.5176,5.8,41,en,12964
11387,Лорд Джим,1965,154,,,3.4047,6.8,81,en,3632
104659,Маленький круг друзей,1980,113,,,0.925,5.9,4,en,18878
24924,Ночь демонов,1988,90,1200000,3109904,0.951,6.24,379,en,82579
17994,Колдовская доска,1986,98,2000000,7369373,2.3462,5.7,194,en,82579
75759,Roller Boogie,1979,104,,,1.3706,5.5,43,en,67753
60437,Лилит,1964,114,,,2.2981,6.4,80,en,14875
49069,The Apple,1980,88,10000000,,3.2327,4.39,59,en,33008
31117,Superbabies: Baby Geniuses 2,2004,88,,9109322,1.641,2.9,158,en,12698
9759,Сотовый,2004,94,25000000,57678321,1.7159,6.39,2012,en,4755
1577,Обитель зла 2: Апокалипсис,2004,98,45000000,129342769,3.1597,6.354,4578,en,17649
14198,Аферисты,2004,87,,,2.1424,6.2,149,en,119665
288952,Evergreen,2004,86,,,2.3333,3.25,4,en,1157339
16232,Мистер 3000,2004,103,30000000,21800000,2.1008,5.3,176,en,80215
5137,Небесный капитан и мир будущего,2004,107,70000000,57958696,2.6078,5.899,1322,en,41378
11823,Уимблдон,2004,98,31000000,41512007,2.1027,6.223,1046,en,33315
2003,Порнократия,2004,77,,345000,2.2449,4.8,137,fr,6295
18804,Голова в облаках,2004,121,,,1.625,5.903,217,en,72624
13969,Первая дочь,2004,105,30000000,10592180,4.1242,6.162,979,en,2178
10145,Забытое,2004,91,42000000,117592831,3.1488,5.933,1194,en,52629
26486,Последний кадр,2004,93,,541330,1.2487,5.618,93,en,2689
13702,Грязный стыд,2004,84,15000000,1914166,2.1475,5.337,289,en,10367
1653,Дневники мотоциклиста,2004,126,,57663224,2.6075,7.413,1374,es,8574
747,Зомби по имени Шон,2004,100,6000000,39396175,5.2568,7.536,8999,en,11090
84214,"Вернись, малышка Шеба",1953,96,,,1.359,7.222,36,en,90522
84655,Черная орхидея,1959,94,,,1.1512,6.2,27,en,18854
23627,Второй хор,1941,84,,,1.9471,5.8,37,en,83399
26230,Атомная школа 2,1991,90,,,1.0286,4.639,72,en,256221
4176,Убийство в «Восточном экспрессе»,1974,128,1400000,35700000,4.4996,7.1,1515,en,39996
11177,Маска,1985,120,7500000,48230162,3.2133,7.2,477,en,39012
43839,Рэгтайм Бэнд Александра,1938,106,2000000,4000000,1.0054,6.7,29,en,37362
26690,Бостонский душитель,1968,116,,,1.4252,6.684,239,en,2087
35101,Последний полет Ноева ковчега,1980,97,,11000000,5.0185,5.5,53,en,29646
10905,Человек в красном ботинке,1985,92,16000000,8645411,1.3097,5.7,289,en,67411
18196,Часовой,1977,92,,3,2.9093,6.1,218,en,19244
70345,Ссссссс,1973,99,,,7.8713,5.2,108,en,89157
88174,Шепоты в ночи,1992,103,30000000,11124122,2.0215,4.862,47,en,57447
132422,Rennie's Landing,2001,98,,,0.8086,4.063,8,en,944544
42215,Наследие,1978,102,2500000,11364985,2.9232,5.4,77,en,19800
43105,The Alligator People,1959,74,300000,,1.1184,5.6,60,en,94218
71140,Не слыша зла,1993,97,10000000,5679569,1.0596,4.5,35,en,51521
27816,Существо в корзине 3: Потомство,1992,90,,,1.062,5.025,122,en,86250
27815,Существо в корзине 2,1990,90,2500000,,1.4368,5.7,152,en,86250
12707,Смерть среди айсбергов,1977,92,17500000,14717854,2.5937,6.2,449,en,20412
43657,AKA,2002,123,,,1.666,5.286,14,en,129992
43117,Я вышла замуж за монстра из космоса,1958,78,175000,,1.1319,6.1,61,en,51767
47446,Троянки,1971,105,,,1.1328,6.167,33,en,65843
54979,Робинзон Крузо,1954,90,350000,,0.5047,6.3,91,en,793
42172,Жесткач,1979,108,,,1.5987,6.7,298,en,1035
42600,Watermelon Man,1970,100,,1100000,1.8712,6.3,55,en,135650
47825,Вспышка,1984,94,,,2.7386,6.2,54,en,1339821
62697,Bug,1975,99,,,3.2158,5.286,96,en,16187
31655,Террор,1963,79,,,2.3531,5.2,167,en,102429
27498,Джек тыквенная голова,1995,88,,,1.6729,3.534,44,en,46912
1492,1492: Завоевание рая,1992,154,47000000,7191399,2.2615,6.275,884,en,578
8689,Ад каннибалов,1980,96,100000,2000000,4.0367,6.287,1784,it,45572
10555,Подводная Братва,2004,90,75000000,367300000,6.2926,6.028,6544,en,12058
11128,Команда 49: Огненная лестница,2004,115,60000000,100572044,2.4028,6.5,824,en,46297
22842,Чёрное облако,2004,97,,,2.0258,3.6,5,en,76546
1599,Взломщики сердец,2004,106,22000000,20094909,1.7587,6.287,681,en,17883
14024,Суперзвезда,2004,103,15000000,14867514,2.1755,6.5,849,en,129952
11045,Нью-Йоркское такси,2004,97,25000000,71255003,5.0607,5.582,1122,en,20400
15503,Свихнувшиеся,2004,83,,,1.6907,5.906,53,en,78600
14337,Детонатор,2004,77,7000,545436,4.04,6.762,2314,en,76624
26108,Красота по-английски,2004,106,,776691,0.4357,6.628,141,en,36693
4380,Давайте потанцуем,2004,106,50000000,170128460,1.9719,6.414,1244,en,36804
3989,Отряд «Америка»: Всемирная полиция,2004,98,32000000,50826898,2.2003,6.732,1966,en,34517
16358,Безумные похороны,2004,91,6500000,89781,2.5045,6.431,136,en,4910
25313,Постскриптум,2004,97,,273023,2.3692,5.6,77,en,239075
2438,Деревенская девушка,1954,104,,,1.3718,6.9,86,en,24939
65550,Татуированная роза,1955,117,,,1.0029,6.833,81,en,90522
29445,Эпидемия,1987,106,,,3.0737,5.7,130,da,42
11121,Тэсс,1979,172,12000000,20101247,3.0065,7.088,360,en,3556
55457,Я хочу держать тебя за руку,1978,99,2700000,,1.5478,6.3,115,en,24
101887,Проект Ельцин,2003,112,,,1.8967,5.588,18,en,1724
23739,Молчаливая Флейта,1978,102,,,1.8965,5.556,63,en,49358
21241,Гонки «Пушечное ядро»,1976,91,780000,1500000,2.1248,5.5,116,en,101377
3053,Бал вампиров,1967,108,2000000,,2.8203,6.955,792,en,3556
28356,Чёрный Красавчик,1971,106,,,2.4982,5.9,28,en,126462
12456,Пять препятствий,2003,90,,279032,1.5563,6.918,164,da,42
55047,Born Rich,2003,75,,,0.6437,6.5,28,en,137680
28153,Оно живо,1974,91,500000,7100000,1.1645,6.0,215,en,19266
18499,Закат американской империи,1986,101,1800000,30000000,1.077,6.7,165,fr,38516
36616,Bebe's Kids,1992,73,,8442162,1.0103,5.907,70,en,23684
13644,"Все, что я хочу на Рождество",1991,92,,14812144,1.0477,5.6,120,en,27146
41936,Жизнь и больше ничего,1989,135,,,1.0962,7.2,86,fr,20556
13416,В лучах славы,2004,118,30000000,61255921,1.8533,6.904,608,en,36602
1435,Проклятие,2003,91,218,1162014,2.0241,6.811,82,en,17108
11099,Окончательный монтаж,2004,94,,548039,1.3474,6.065,735,en,68020
167177,Hair Show,2004,104,,302990,3.1006,5.2,10,en,559968
12483,Верхом на пуле,2004,98,5000000,264505,1.1146,5.1,215,en,61824
184530,Spin,2003,107,,,2.4031,6.0,13,en,223895
18701,Театр,2004,104,18000000,14300000,2.4643,6.413,115,en,225898
2319,Фабрика пыли,2004,99,,12,1.1262,5.6,44,en,23883
110351,Therese: The Story of Saint Therese of Lisieux,2004,96,,,0.8272,8.1,5,en,1049309
15566,Пережить Рождество,2004,91,45000000,14793624,3.7614,5.703,564,en,64151
1970,Проклятие,2004,92,10000000,183474602,2.372,5.917,3088,en,20310
8849,"Красавчик Алфи, или Чего хотят мужчины",2004,106,60000000,35060882,1.2897,5.842,849,en,56106
9675,На обочине,2004,126,16000000,109502303,4.8989,7.115,1798,en,13235
4553,Машинист,2004,97,5000000,8203235,4.3053,7.524,5923,en,37948
11109,Вера Дрэйк,2004,125,11000000,13300000,2.4842,7.165,375,en,65452
48678,Падающие ангелы,2003,109,,,0.4171,5.818,22,en,1219158
202587,Stella Street,2004,80,,,0.8451,5.8,4,en,36086
126148,Lightning in a Bottle,2004,103,,,0.6654,7.3,6,en,20907
16131,Подводное течение,2004,108,,156767,2.9117,6.027,132,en,64141
9391,Терпеливая любовь,2004,100,,1673411,1.023,5.715,135,en,7017
176,Пила. Игра на выживание,2004,103,1200000,104045735,6.3877,7.4,9749,en,2127
1677,Рэй,2004,152,40000000,124700000,3.4804,7.45,2114,en,18596
10740,Рождение,2004,100,20000000,23900000,1.8612,6.032,721,en,66728
66641,Voices of Iraq,2004,80,,,0.1184,6.6,4,en,80286
9806,Суперсемейка,2004,115,92000000,631442092,10.8808,7.72,18446,en,7087
19614,JAY-Z: Fade to Black,2004,109,,,1.3378,6.133,15,en,84934
12777,Всё о любви,2003,104,,,0.9659,5.447,113,en,4453
47959,Каллас навсегда,2002,111,,,3.0412,6.3,34,en,24657
5255,Полярный Экспресс,2004,100,165000000,318432432,18.0333,6.723,6664,en,24
11184,Доктор Кинси,2004,118,11000000,17050017,3.0753,6.609,501,en,15557
11249,Потомство Чаки,2004,86,12000000,24829644,4.3538,5.501,1713,en,65677
10589,После заката,2004,97,60000000,61300000,1.9048,6.2,821,en,11091
9801,Бриджит Джонс: Грани разумного,2004,108,40000000,265126918,2.4621,6.227,2953,en,20237
866,Волшебная страна,2004,101,25000000,116766556,2.1336,7.319,3662,en,12995
4251,Вир и Зара,2004,192,7000000,29385320,2.5914,7.42,293,hi,35770
2059,Сокровище нации,2004,131,100000000,347500000,2.9526,6.6,6638,en,12962
140,Дурное воспитание,2004,106,5000000,40266982,2.4137,7.4,1018,es,309
11836,Губка Боб Квадратные Штаны,2004,87,30000000,141067890,6.6274,7.059,3075,en,70651
43743,Fabled,2002,84,,,1.4465,3.0,3,en,1003929
17818,Сан-Антонио,1945,109,,,2.2917,5.9,18,en,76381
1966,Александр,2004,175,155000000,167298192,5.7959,6.0,3405,en,1152
13673,Рождество с неудачниками,2004,99,60000000,,6.212,6.153,1242,en,18311
174787,Guerrilla: The Taking of Patty Hearst,2004,89,,,0.2976,6.273,11,en,209972
26347,Наша музыка,2004,80,,293681,3.0296,6.7,38,fr,3776
2288,Близость,2004,104,27000000,115505027,3.4095,6.824,3626,en,5342
15397,Меня зовут Дэвид,2003,90,,,1.4704,6.8,104,en,116805
9550,Дом летающих кинжалов,2004,119,15000000,92863945,2.9463,7.3,1731,zh,607
163,Двенадцать друзей Оушена,2004,120,110000000,362744280,5.0902,6.563,7633,en,1884
36648,Блэйд: Троица,2004,123,65000000,128905366,3.9761,5.86,4151,en,3893
15788,Коридорный,1960,72,900000,10000000,2.9521,6.18,122,en,3663
33377,Bush's Brain,2004,80,,,0.1511,6.9,12,en,110576
18973,Cinderfella,1960,91,3000000,7100000,2.2498,6.1,113,en,47399
41253,Damn Yankees,1958,111,,,2.4769,6.39,41,en,13284
15787,The Delicate Delinquent,1957,101,,,0.9029,6.4,34,en,58093
35188,The Disorderly Orderly,1964,89,,,1.5371,6.3,78,en,47399
35189,The Errand Boy,1961,92,,,1.0165,6.139,54,en,3663
52122,The Family Jewels,1965,99,,,0.9503,6.5,70,en,3663
28333,The Ladies Man,1961,95,,,1.318,6.3,132,en,3663
24062,The Patsy,1964,101,,,1.91,6.188,56,en,3663
43670,Увольнительная,2004,97,16000000,174318,2.233,5.0,34,en,66262
58182,The Stooge,1951,100,,,0.4464,6.636,33,en,82800
33740,Вот это развлечение!,1974,135,3200000,19100000,0.9761,7.4,65,en,145797
74719,Вот это развлечение! Часть 2,1976,133,,4979380,0.8173,6.91,39,en,13294
77448,Вот это развлечение! Часть 3,1994,113,2500000,280163,0.7552,7.0,37,en,252878
43752,Самый дурацкий корабль в армии,1960,99,,,1.1403,5.9,36,en,83905
42668,Александр Великий,1956,136,,,1.7408,5.99,101,en,14875
25952,Покорение космоса,1955,81,1500000,1000000,1.0854,5.5,43,en,51000
16248,Д.Э.Р.И.Л. D.A.R.Y.L.,1985,100,10000000,7840873,1.7782,6.4,346,en,18254
15613,Огонь в небе,1993,105,15000000,19885552,2.0577,6.6,652,en,27146
151848,Сады Аллаха,1936,79,2200000,,1.0,5.8,33,en,145968
30719,I'll Be Seeing You,1944,85,,,1.063,6.9,39,en,49214
28421,Человек-невидимка возвращается,1940,81,281743,,0.7801,6.3,131,en,100593
47657,The Last Minute,2002,104,,,0.9449,4.9,14,en,10808
8424,"Влюбись в меня, если осмелишься",2003,93,,8561072,1.7832,7.232,1838,fr,55379
32558,Портрет Дженни,1948,86,,,1.3709,7.1,116,en,49214
50085,Ruby Gentry,1952,82,525000,,0.4688,6.3,35,en,29962
50034,Тайная честь,1984,90,,,2.5885,6.8,44,en,9789
42401,С тех пор как вы ушли,1944,177,,,1.2518,6.52,50,en,31497
67962,Жизнь по наклонной,1999,109,,,0.9176,4.0,21,en,3006
30996,Окраплённый университет,1984,77,,,3.5326,4.2,55,en,107482
44375,Twist,2003,97,350000,47370,2.693,5.056,18,en,93396
18889,Control Room,2004,84,,2586511,0.6124,7.4,58,ar,115892
210864,Celsius 41.11,2004,72,1000000,93000,0.7248,5.0,3,en,2097852
70368,Обман,1915,59,17311,137365,1.6856,5.964,69,en,8636
3016,Доктор Джекилл и мистер Хайд,1920,82,,,1.4893,6.701,157,en,29571
2972,"Голем, как он пришел в мир",1920,76,,,2.0807,7.0,227,de,29168
71065,Последний из могикан,1920,73,,,0.4169,6.2,41,en,98043
42510,Праздный класс,1921,32,,,1.0898,6.7,107,en,13848
58129,Возница,1921,106,,,6.272,7.8,342,sv,8741
29267,Усталая смерть,1921,114,,,1.4701,7.398,163,de,68
36841,Шейх,1921,86,,,0.7934,5.9,60,en,931194
57283,Ведьмы,1922,105,220000,,4.5146,7.639,418,sv,89674
171432,Человек извне,1922,78,,,0.6965,5.0,14,en,1153824
18987,Горбун из Нотр Дама,1923,113,1250000,,1.8317,6.512,127,en,98019
41348,Зачем грустить?,1923,63,,,2.1306,6.476,41,en,143385
27511,"Тот, кто получает пощёчины",1924,95,172000,881000,1.3235,7.6,98,en,8741
96713,Брачный круг,1924,85,212000,,0.3236,6.3,40,en,2428
992,Шерлок младший,1924,45,,,3.5846,8.049,1103,en,8635
3060,Большой парад,1925,151,382000,20000000,1.2826,7.5,121,en,29962
42359,Первокурсник,1925,76,,,2.5163,7.0,123,en,143561
1405,Алчность,1924,140,665603,274827,2.6464,7.3,192,en,8630
964,Призрак оперы,1925,107,,2000000,0.9402,7.1,381,en,14473
939,Певец джаза,1927,88,422000,2600000,2.131,6.1,243,en,14281
697,Октябрь,1928,102,,,1.5022,6.9,213,ru,9607
104433,Старый Сан-Франциско,1927,88,,,0.9677,5.3,9,en,14281
27503,Неизвестный,1927,63,217000,,3.351,7.5,202,en,1496
905,Ящик Пандоры,1929,109,,885533,1.973,7.5,251,de,13899
31411,Кинооператор,1928,74,,,2.4058,7.835,413,en,122969
28189,Падение дома Ашеров,1928,63,,,3.1887,7.0,137,fr,100027
3061,Толпа,1928,98,,,3.8124,7.6,187,en,29962
27517,"Человек, который смеётся",1928,110,,,1.5836,7.3,215,en,48055
42538,Сэди Томпсон,1928,97,1000000,7000000,2.8288,6.513,39,en,8823
25768,Пароходный Билл,1928,70,,,1.9737,7.599,373,en,94180
120833,Applause,1929,80,,,1.8494,6.0,24,en,29595
626,Андалузский пёс,1929,17,,,1.2433,7.4,1363,fr,793
27899,Маленький Цезарь,1931,79,281000,752000,2.479,6.858,288,en,9054
5729,Золотой век,1930,60,,7940,1.5579,6.749,325,fr,793
42816,Чемпион,1931,86,356000,1600000,2.3429,7.121,58,en,29962
13911,Обезьяньи проделки,1931,77,,,1.4233,6.9,205,en,82389
51394,Ночная сиделка,1931,72,,,0.9256,6.688,85,en,14643
48365,"Будю, спасенный из воды",1932,84,,,2.4242,7.0,142,fr,11528
3574,Доктор Икс,1932,76,,,1.1511,6.0,84,en,4109
91,Земля без хлеба,1933,29,,,1.8133,7.1,163,es,793
31592,Старый страшный дом,1932,70,,,1.3939,6.734,289,en,2917
43132,Распутин и императрица,1932,121,,,1.1697,5.143,14,en,145968
877,Лицо со шрамом,1932,93,800000,600000,1.4291,7.4,654,en,11435
875,Шанхайский экспресс,1932,82,,,0.6573,6.9,219,en,2891
28268,Родиться-то я родился…,1932,100,,,1.7463,7.532,139,ja,95501
779,Вампир: Сон Алена Грея,1932,74,,,0.5283,7.28,573,de,11572
56724,Сколько стоит Голливуд?,1932,88,411676,,1.1689,6.75,38,en,14674
39130,Ужин в восемь,1933,110,435000,2156000,1.1763,6.7,120,en,14674
28046,Гуль,1933,80,,,2.0242,5.5,60,en,99460
31511,Золотоискатели 1933-го года,1933,97,433000,3200000,0.6482,7.2,166,en,9054
3031,Остров потерянных душ,1932,71,300000,,1.6535,6.909,258,en,29755
43130,Леди на один день,1933,96,,,0.8726,7.065,92,en,2662
43595,Она обошлась с ним нечестно,1933,65,200000,2200000,1.1206,5.8,125,en,116186
43149,Сын Кинг Конга,1933,70,250000,616000,1.3965,5.4,135,en,3239
43148,Летучая мышь - вампир,1933,64,,,1.134,5.413,75,en,34170
50073,Wild Boys of the Road,1933,68,,,0.9461,6.765,49,en,14643
43904,Аталанта,1934,88,,,2.4512,7.511,448,fr,142865
43693,Барреты с Уимпол-стрит,1934,109,820000,1258000,0.5881,6.048,21,en,42060
24106,Чёрный кот,1934,65,95745,236000,0.5701,6.702,297,en,5030
47921,Имитация жизни,1934,111,,,1.1448,7.0,85,en,82171
49640,Граница без закона,1934,59,,,0.5007,4.6,30,en,88648
46910,Потерянный патруль,1934,73,,,1.3897,6.479,73,en,8500
43689,Веселая вдова,1934,99,,,1.259,6.7,64,en,2428
22614,Алый первоцвет,1934,97,,,0.487,6.918,67,en,103344
51949,Toni,1935,84,,,3.1422,7.0,72,fr,11528
43889,Шотландский корпус,1935,80,,,2.4433,6.596,68,en,131405
131894,Разбитые сердца,1935,78,,,0.9626,4.938,8,en,1049883
43896,Осведомитель,1935,91,243000,950000,2.6326,6.7,113,en,8500
28910,Знак вампира,1935,60,305177,,0.9997,6.138,141,en,1496
17907,Ворон,1935,61,115000,,3.2595,6.587,150,en,82491
27970,Лондонский оборотень,1935,75,,,1.1005,6.049,144,en,99325
52677,Преступление господина Ланжа,1936,80,,,1.3371,7.1,95,fr,11528
14615,Ярость,1936,92,604000,1300000,0.8892,7.4,242,en,68
31773,Оклеветанная,1936,98,,,1.5935,7.3,125,en,82413
24807,Мистер Дидс переезжает в город,1936,115,,,1.1061,7.5,391,en,2662
17030,Окаменевший лес,1936,82,,,0.9704,7.1,204,en,81165
23389,Восстание зомби,1936,62,,,0.3283,3.207,29,en,90064
31548,Show Boat,1936,113,,,1.8047,6.8,47,en,2917
54569,Эти трое,1936,93,,,1.5346,7.1,42,en,10001
38721,Жена против секретарши,1936,88,,,0.7072,6.7,53,en,84034
43874,Дама с камелиями,1936,108,,,1.0184,6.936,142,en,14674
16515,Отважные капитаны,1937,115,1645000,,2.2025,7.4,173,en,9049
27973,Тупик,1937,93,900000,,2.7984,7.0,138,en,10001
20642,Двойная свадьба,1937,87,,,0.3018,6.371,35,en,70862
37650,Ничего святого,1937,77,,,2.3136,6.259,106,en,14643
43867,Узник крепости Зенда,1937,101,1250000,5000000,1.0699,7.455,55,en,31497
43864,Дверь на сцену,1937,92,952000,1762000,1.0969,7.004,126,en,74659
23101,Топпер,1937,97,500000,,2.2998,6.683,134,en,82389
60562,Большое радиовещание в 1938 году,1938,94,1000000,,2.4727,6.3,21,en,108914
46688,Утренний патруль,1938,103,,,0.9953,6.8,39,en,34740
16274,Праздник,1938,97,,,0.8781,7.275,271,en,14674
99318,The Shopworn Angel,1938,85,,,0.6102,6.7,19,en,83399
55207,Газовый свет,1940,84,,,0.4903,7.088,103,en,253716
31868,Интермеццо,1939,70,,,1.2711,6.571,42,en,10610
37698,"Ревущие двадцатые, или Судьба солдата в Америке",1939,106,,,1.1299,7.5,252,en,8823
3084,Грозовой перевал,1939,104,,,1.7009,7.2,295,en,10001
46069,Повесть о поздней хризантеме,1939,144,,,0.7067,7.8,124,ja,97202
43806,Линкольн в Иллинойсе,1940,110,,,1.2203,6.8,26,en,31497
55604,Шумный город,1940,119,1600000,5000000,0.5128,6.842,57,en,82413
26635,Брат «Орхидея»,1940,88,,,1.681,6.4,36,en,21305
43811,"Эдисон, человек",1940,107,,,0.9672,6.8,25,en,84034
17801,Письмо,1940,95,,,2.2565,7.3,231,en,10001
26201,Морской ястреб,1940,127,1700000,2000000,1.1132,7.163,144,en,4109
29884,С огоньком,1941,111,,2641000,1.3734,7.3,228,en,11435
45978,Сорок семь верных вассалов эпохи Гэнроку,1941,223,,,0.7416,6.9,72,ja,97202
38914,А вот и мистер Джордан,1941,94,,,0.5073,6.943,115,en,99667
33523,In the Navy,1941,86,,,0.9674,6.4,33,en,78845
33112,Всё началось с Евы,1941,90,,,0.9129,7.2,29,en,33064
28789,Не давай молокососу передышки,1941,71,,,0.9715,6.9,37,en,13953
43799,Это неопределенное чувство,1941,84,,,0.8641,6.6,52,en,2428
18790,Через океан,1942,97,,,1.87,6.6,80,en,6593
37036,На протяжении всей ночи,1942,107,,,1.2193,6.758,64,en,19528
43522,Джентльмен Джим,1942,104,,,2.5563,7.147,68,en,8823
36612,The Hard Way,1943,109,,,0.4037,6.3,21,en,19528
97648,Моя любимая блондинка,1942,78,,,0.5586,6.4,21,en,97017
22387,Плоды случайности,1942,125,1210000,8147000,3.9374,7.275,111,en,9054
27655,Сказки Манхэттена,1942,118,,,0.8956,6.206,34,en,39058
23051,Война в Северной Атлантике,1943,126,2231000,3460000,0.988,7.1,55,en,21305
43306,Парень по имени Джо,1949,120,2627000,5363000,0.9213,6.6,54,en,9049
18727,Небеса могут подождать,1943,112,,,1.4265,6.9,231,en,2428
33049,The Heavenly Body,1944,95,,,1.21,5.333,12,en,99667
41355,Мемфис Белль: История летающей крепости,1944,45,,,0.9769,6.6,42,en,10001
47352,Мистер Счастливчик,1943,100,,,1.0695,7.0,42,en,83399
43518,Тысячи аплодисментов,1943,126,,,2.6599,6.4,20,en,21506
41391,День гнева,1943,97,,,1.2751,8.0,240,da,11572
21622,Девушка с обложки,1944,107,,,1.3795,6.3,94,en,32134
28436,Проклятие людей-кошек,1944,70,212000,,1.5278,6.2,144,en,33414
22638,Король Генрих V,1944,137,,,8.0463,6.62,125,en,3359
51144,Травля,1944,101,,,3.4055,7.108,79,sv,48566
35006,The Mask of Dimitrios,1944,95,,,1.2511,7.0,51,en,19606
21451,Министерство страха,1944,86,,,1.2001,6.887,186,en,68
42879,Чудо в Морганс-Крик,1944,98,,,1.0676,6.8,118,en,30249
43307,Мистер Скеффингтон,1944,145,,,1.7974,6.694,62,en,19528
50066,Миссис Паркингтон,1944,124,,,1.8824,5.868,19,en,74878
18229,Путь в Марсель,1944,109,,,1.1817,6.6,62,en,4109
52440,Белые скалы Дувра,1944,126,,,1.0572,6.7,21,en,84034
17136,Женщина в окне,1944,107,,,1.3725,7.4,368,en,68
43494,The Enchanted Cottage,1945,91,,,1.5985,7.4,26,en,31497
30348,Остров мертвых,1945,71,246000,,1.0416,6.0,115,en,19457
9797,Иван Грозный,1944,95,,,1.443,7.272,216,ru,9603
45219,Южанин,1945,92,,,1.8461,6.5,62,en,11528
18771,Они были незаменимыми,1945,135,,,1.2494,6.5,120,en,8500
30177,Дерево растет в Бруклине,1945,128,,,1.2722,7.5,101,en,2746
41020,Зверь с пятью пальцами,1947,88,,,0.5213,6.3,47,en,29808
16090,Синий георгин,1946,96,,2750000,1.0594,6.7,161,en,19093
44041,Темное зеркало,1946,85,,,0.8503,6.9,116,en,5029
25502,Обман,1946,110,2882000,2300000,1.5165,6.5,45,en,93904
14320,Большие надежды,1946,118,400000,420000,0.9487,7.28,362,en,12238
26701,Юмореска,1947,124,,,0.4345,7.0,64,en,19606
43469,Шуша,1946,91,,17480,3.1244,7.8,262,it,12329
20246,Чужестранец,1946,95,1034000,3220000,0.6329,7.2,613,en,40
82101,Траур к лицу Электре,1947,173,,,1.1697,6.05,20,en,13802
19169,Аллея кошмаров,1947,111,,,2.7357,7.1,225,en,34740
43461,Выбывший из игры,1947,116,,,1.3275,7.3,218,en,15378
31980,Дорога в Рио,1947,100,,,1.0705,6.8,43,en,82389
27448,Две миссис Кэрролл,1947,99,,,1.1301,6.438,73,en,29625
29244,3 крестных отца,1948,102,1243000,2841000,2.847,6.7,199,en,8500
83838,Дочь Б.Ф.,1948,108,,,0.4525,6.3,8,en,93906
43452,The Babe Ruth Story,1948,106,,,1.1172,5.8,8,en,94218
29380,Пасхальный парад,1948,103,,,0.6111,7.024,146,en,69392
37347,Форт Апачи,1948,125,2500000,3000000,2.8925,7.0,390,en,8500
3766,Леди из Шанхая,1947,87,2300000,1564609,1.1043,7.345,701,en,40
946,Письмо незнакомки,1948,87,,,1.0612,7.769,324,en,14353
70447,Луизианская история,1948,78,258000,,3.2089,6.4,46,en,10092
20482,Обнаженный город,1948,96,,,1.0117,7.2,270,en,14227
35032,Пират,1948,102,3700000,2956000,1.2092,6.4,102,en,13980
44190,Они живут по ночам,1949,96,,,0.9042,6.879,174,en,2765
41609,Три мушкетёра,1948,125,4474000,8412000,1.5532,6.7,154,en,21506
33115,Только ваш,1948,105,,,1.7274,7.19,121,en,30249
20638,Желтое небо,1948,98,,2800000,2.1883,6.9,119,en,14643
29885,Парочка Баркли с Бродвея,1949,108,2250000,4421000,1.01,6.9,49,en,69392
25698,Старым добрым летом,1949,102,3400000,,1.0678,6.6,37,en,93906
45578,Письмо трем женам,1949,103,,,1.8553,7.2,165,en,10601
4558,Орфей,1950,95,,,4.2215,7.7,276,fr,9730
43439,The Secret Garden,1949,92,,,2.6804,7.1,33,en,12300
61828,The Story of Seabiscuit,1949,93,700000,,1.0764,5.8,13,en,76381
25209,"Хватай свою пушку, Энни!",1950,107,3768785,8000000,1.2545,6.7,82,en,21506
15390,Трудные дети,1950,107,,,1.1395,6.6,118,fr,3831
17409,Стрелок,1950,85,,,2.0488,7.3,195,en,37362
43388,Копи царя Соломона,1950,103,2300000,15057465,1.6212,6.5,124,en,142297
800,Забытые,1950,82,,,3.1377,8.0,513,es,793
32690,Скандал,1950,104,,,2.0623,6.9,91,ja,5026
43390,Летние гастроли,1950,108,2025000,3357000,1.8786,6.6,56,en,69392
41464,Европа 51,1952,118,,,2.9463,7.357,147,it,4410
43961,Carbine Williams,1952,92,1111,,2.5714,6.4,17,en,70862
43358,Сестра Кэрри,1952,118,,,2.4766,6.4,44,en,10001
24003,Стычка в ночи,1952,105,,,0.5958,6.6,126,en,68
28431,The Prisoner of Zenda,1952,100,1700000,5600000,0.924,6.8,55,en,70862
43364,"Жизнь О'хару, куртизанки",1952,148,,,2.1326,7.7,186,ja,97202
30801,Сын бледнолицего,1952,95,,,0.4999,6.3,34,en,47399
3023,Эбботт и Костелло встречают доктора Джекилла и мистера Хайда,1953,77,724805,2616000,0.987,6.335,85,en,29627
43348,Gun Fury,1953,83,,,2.8794,5.9,44,en,8823
43349,Врата ада,1953,89,,,1.7906,7.1,91,ja,213471
99898,Человек на канате,1953,105,,,1.088,6.5,32,en,2746
24381,The Titfield Thunderbolt,1953,84,,,1.0408,7.0,55,en,8929
11402,Красотки из Сент-Триниан,1954,91,,,1.09,6.3,58,en,14293
35861,Повесть Тикамацу,1954,102,,,2.2275,7.745,145,ja,97202
45213,Французский канкан,1955,102,,,1.8737,7.2,99,fr,11528
20127,Это должно случиться с вами,1954,86,,,0.9832,6.9,63,en,14674
24518,"Длинный, длинный трейлер",1954,96,,,1.1261,6.858,53,en,13980
13457,Великолепная одержимость,1954,108,,,2.1102,6.831,127,en,46712
23620,Соль земли,1954,94,,,1.5596,6.9,92,en,90370
31372,Самурай: Путь воина,1954,93,,,1.9637,7.2,198,ja,108012
3111,Звезда родилась,1954,182,5019770,12000000,1.5485,7.1,318,en,14674
41503,Три монеты в фонтане,1954,102,,,0.9401,5.877,53,en,19606
28696,Дикарь,1953,79,,,1.5505,6.572,313,en,89981
94123,Паутина,1955,124,1976000,,0.3788,5.6,33,en,13980
17640,Всегда хорошая погода,1955,102,2771000,2374000,0.9153,6.986,74,en,13284
44026,Господин Аркадин,1955,106,,,0.4624,6.9,181,en,40
803,Ночь и туман,1959,32,,,1.6697,8.235,533,fr,11983
31374,Самурай 2: Дуэль у храма,1955,103,,,1.8099,7.2,133,ja,108012
25893,Семеро маленьких Фоев,1955,93,,,0.89,6.0,15,en,16745
36439,Неизвестный солдат,1955,181,,,1.7109,7.3,72,fi,150977
46007,Что бы ни случилось,1956,106,,,2.1833,6.026,19,en,60063
33319,Бирманская арфа,1956,117,,,2.1366,7.9,162,ja,97205
28100,Карусель,1956,128,,,2.4085,5.2,82,en,37362
31378,Самурай 3: Поединок на острове,1956,105,,,2.2424,7.2,132,ja,108012
19742,Радон,1956,72,,1333289,1.117,6.5,180,ja,18598
44134,Barnacle Bill,1957,87,,,2.0362,6.4,22,en,27920
22334,Погоня за мрачной тенью,1958,87,,,3.714,7.041,37,en,20412
29347,Безликий демон,1958,75,50000,,0.4644,6.0,84,en,103589
15697,Тюремный рок,1957,96,1000000,4000000,1.642,6.2,183,en,70862
43234,Человек с тысячью лиц,1957,122,,,1.3864,6.61,41,en,15705
18776,Дух Сент-Луиса,1957,135,7000000,2600000,1.3449,6.6,139,en,3146
29071,The Undead,1957,71,70000,,2.7855,4.364,44,en,102429
54541,Zero Hour!,1957,81,,,0.9941,6.6,46,en,543946
44559,Carve Her Name with Pride,1958,119,,,0.9009,6.0,25,en,10076
30637,Коридоры крови,1963,86,37500,51500,1.4225,6.151,49,en,40599
76754,Гиганты и игрушки,1958,95,,,1.8864,6.9,36,ja,81273
56156,The Last Hurrah,1958,117,,,1.2507,7.167,60,en,8500
43119,Пулеметчик Келли,1958,80,,,0.9459,5.779,43,en,102429
43137,Любимец учителя,1958,120,,,1.3016,6.778,97,en,24939
69977,Пуск торпеды,1958,98,,,2.4185,5.96,25,en,15705
42661,Викинги,1958,116,5000000,20311,1.6058,7.033,346,en,2087
43051,Аль Капоне,1959,104,1000000,2500000,2.5334,6.6,52,en,96159
43101,Завтрак на траве,1959,91,,,0.4377,6.3,50,fr,11528
58997,Невидимые захватчики,1959,67,,,2.3467,5.0,43,en,31764
34528,Удел человеческий 2,1959,178,,,2.6328,8.21,209,ja,76978
31427,Полевые огни,1959,108,,,2.1332,7.6,118,ja,97205
58902,Северо-западная граница,1959,129,,,1.2016,6.8,51,en,18669
27029,История монахини,1959,151,3500000,12800000,2.3493,7.182,190,en,4065
690,Карманник,1959,75,,,2.9119,7.3,543,fr,10346
46918,Плавучие травы,1959,119,,,2.3744,7.5,197,ja,95501
43111,Мододые филадельфийцы,1959,136,,,1.1703,7.441,51,en,19528
52745,The Leech Woman,1960,77,,,0.6827,4.6,35,en,100985
36872,Когда женщина поднимается по лестнице,1960,111,,,2.1105,7.9,121,ja,125690
43047,Бродяги,1960,133,,,2.216,6.744,56,en,4065
72354,Sunrise at Campobello,1960,144,,,0.2377,6.0,14,en,217729
31589,Плохие спят спокойно,1960,151,,,2.0828,7.7,271,ja,5026
52841,Холостяк в раю,1961,109,,,0.9426,6.271,24,en,33883
18449,Смертельные компаньоны,1961,93,,,0.7331,5.625,64,en,7767
50474,The Four Horsemen of the Apocalypse,1962,153,,,1.4991,5.9,55,en,13980
79827,The Intruder,1962,84,90000,,0.7093,7.139,104,en,102429
750,В 16.50 из Паддингтона,1961,87,,,1.2212,7.3,221,en,11118
34530,Удел человеческий 3,1961,190,,,2.8887,8.4,200,ja,76978
33710,Парижский блюз,1961,98,,,2.8473,6.5,68,en,18854
64568,Вкус страха,1961,82,,,1.214,7.0,139,en,43789
17185,Совет и согласие,1962,139,,2000000,0.7518,7.2,113,en,834
109667,Дэвид и Лиза,1962,95,185000,,1.2702,7.2,59,en,113799
31287,Дикарь,1962,92,15000,3274,0.8497,2.7,65,en,99121
14537,Харакири,1962,135,,,3.5001,8.4,1132,ja,76978
16103,Одиночество бегуна на длинные дистанции,1962,104,,,1.3704,7.2,157,en,32765
13671,Музыкант,1962,151,4240000,15000000,1.6217,7.102,187,en,87521
11085,Мятеж на Баунти,1962,185,19000000,13680000,2.2007,7.031,335,en,2000
65048,Четыре дня Неаполя,1962,124,800000,,1.137,7.5,50,it,227311
24188,Обгон,1962,105,,,2.6803,8.22,814,it,57641
28367,Чудесный мир братьев Гримм,1962,140,,,1.1525,5.8,32,en,39743
21135,Затмение,1962,126,,,3.263,7.684,515,it,15189
52705,Карабинеры,1963,80,,,2.4679,6.5,89,fr,3776
3010,Кардинал,1963,175,,11170588,3.4483,6.6,44,en,834
31383,The Incredibly Strange Creatures Who Stopped Living and Became Mixed-Up Zombies!!?,1964,82,38000,,4.9551,2.603,58,en,138076
39222,Поцелуй вампира,1963,89,,,0.5014,6.2,111,en,101528
39495,Любовь с подходящим незнакомцем,1963,102,8500000,,0.9629,6.8,66,en,8482
15263,МакЛинток!,1963,127,4000000,14500000,3.2601,6.6,247,en,51875
751,После похорон,1963,78,,,1.4982,7.0,175,en,11118
42798,Новый вид любви,1963,110,,,1.0632,6.197,33,en,16745
4025,Приз,1963,134,,,2.5792,6.736,110,en,19457
61892,Воскресенье в Нью-Йорке,1963,105,,,1.235,6.716,44,en,37876
25253,Дядюшки-гангстеры,1963,105,,,1.7262,7.742,536,fr,18563
37684,36 часов,1964,115,,,1.89,7.0,68,en,24939
15421,Бекет,1964,148,,9100000,2.2888,7.1,192,en,86659
166607,Се конь блед,1964,118,,,1.2637,5.9,34,en,4065
37315,Самый достойный,1964,102,,,1.1865,7.213,40,en,13265
10299,"Тише... тише, милая Шарлотта",1964,133,2200000,4000000,1.4285,7.3,275,en,18392
24229,Убийцы,1964,93,,,2.6085,6.9,196,en,14773
26031,Обнажённый поцелуй,1964,90,200000,,0.9422,7.0,192,en,26959
3763,Женщина-демон,1964,103,,,3.4169,7.7,455,ja,33727
17696,Робин и 7 гангстеров,1964,123,,,1.4588,6.1,73,en,51677
7348,Робинзон Крузо на Марсе,1964,110,1200000,,1.9912,6.275,149,en,51000
28504,Ребенок паука,1967,84,65000,,0.5523,6.9,178,en,31310
151138,Визит,1964,100,,,0.8091,7.1,36,en,9894
23574,Так держать!,1964,111,20000000,13298000,3.5329,7.1,98,en,18669
17091,Att angöra en brygga,1965,101,,,0.8471,6.152,46,sv,3849
17295,Битва за Алжир,1966,121,800000,964028,4.2161,7.9,841,it,90694
13187,Рождество Чарли Брауна,1965,25,96000,,4.1754,7.674,740,en,94011
17102,Дракула: Принц тьмы,1966,86,280379,364937,1.2714,6.7,271,en,29662
23194,Тропа Аллилуйя,1965,134,7000000,4000000,1.3687,6.1,91,en,14520
16850,Герои Телемарка,1965,131,,,1.5594,6.9,168,en,40199
24395,Холм,1965,123,,,2.4677,7.5,239,en,39996
37921,По методу Харма,1965,165,4200000,9000000,1.908,6.56,149,en,834
59802,Злой дух,1966,78,125000,,1.387,5.7,50,eo,33841
16303,Незабвенная,1965,122,,,1.3579,6.2,43,en,32765
29715,Майор Данди,1965,125,3800000,14873,2.4925,6.643,168,en,7767
36583,Операция «Арбалет»,1965,115,115000,3700000,2.711,6.7,112,en,20412
60555,Побег в никуда,1966,82,,,1.267,6.3,98,en,20921
42731,Тысяча клоунов,1965,118,,,1.1641,7.1,29,en,15671
3482,Поезд,1964,133,5800000,6800000,1.3019,7.54,351,en,13776
895,Андрей Рублёв,1966,205,,24173,2.8543,7.968,900,ru,8452
20108,"Наудачу, Бальтазар",1966,95,,39388,1.7006,7.5,481,fr,10346
2661,Бэтмен,1966,105,1377800,3900000,1.6856,6.404,1008,en,27728
20379,Гран при,1966,176,9000000,20800000,1.2076,7.194,209,en,13776
29710,Хартум,1966,134,6000000,,2.0306,6.3,119,en,104764
104237,Харчевня Дракона,1967,111,,,1.9632,7.3,131,zh,83698
22293,Манос: Руки судьбы,1966,69,19000,,0.6131,2.1,224,en,88571
789,Поезда под пристальным наблюдением,1966,93,,,1.0536,7.168,253,cs,11720
45706,Токийский скиталец,1966,89,,,2.0252,7.1,200,ja,82461
11047,Астерикс из Галлии,1967,65,,1325312,1.3202,6.5,783,fr,67919
2097,大巨獣ガッパ,1967,84,,,2.1609,5.649,47,ja,21491
135,Dont Look Back,1967,96,,,1.1711,7.4,164,en,21113
33257,Фандо и Лис,1970,93,100000,,1.2125,6.782,142,es,55119
66043,"Инцидент, или Случай в метро",1967,107,105000,,4.7385,7.4,79,en,51373
17905,Рождённый убивать,1967,91,,,0.6791,7.2,244,ja,82461
4191,Невеста была в трауре,1968,107,747000,9600000,1.6928,7.1,275,fr,1650
10227,Время развлечений,1967,115,,,3.0949,7.739,622,fr,5763
26039,В упор,1967,91,2500000,3200000,1.341,7.0,412,en,19665
42701,Огонь на поражение,1966,82,75000,,3.0234,6.2,130,en,20921
42702,Резня в День святого Валентина,1967,100,2175000,,1.335,6.3,108,en,102429
41212,Titicut Follies,1967,84,,,0.8415,7.271,133,en,138006
26204,Тони Роум,1967,110,3480000,,3.086,6.3,66,en,51677
5767,Двое в пути,1967,111,,,1.8297,7.0,255,en,13284
42713,"Вверх по лестнице, ведущей вниз",1967,124,,,1.3725,7.0,24,en,8482
27277,Военный фургон,1967,101,,6000000,1.5321,6.8,205,en,18579
9929,Астерикс и Клеопатра,1968,72,,1090041,2.0772,6.9,1004,fr,24531
20873,Бриллиантовая рука,1969,94,,2258,2.0809,7.8,307,ru,1190421
29778,Дракула восстал из мертвых,1968,92,,,2.0415,6.7,200,en,5629
18193,Голова,1968,86,750000,16111,1.8323,6.2,97,en,19450
22176,Сердце - одинокий охотник,1968,123,,,0.4949,7.6,44,en,88458
42623,"Я люблю тебя, Элис Б. Токлас!",1968,92,,,0.922,4.9,34,en,120552
42634,Петулия,1968,105,,1600000,1.8941,5.833,45,en,10586
118872,The Subject Was Roses,1968,107,,,0.5819,5.905,21,en,140354
50789,Sympathy for the Devil,1968,115,500000,,1.5855,6.267,60,en,3776
29266,Война и мир,1967,403,9200000,14000000,1.9497,7.5,147,ru,38131
27983,"Твои, мои и наши",1968,111,,,2.5094,6.9,146,en,16745
5638,Ресторан Элис,1969,111,,,1.264,6.25,74,en,6448
36446,Дама с камелиями 2000,1969,130,,,2.9439,5.6,29,en,104178
14801,Колосс: Проект Форбина,1970,100,,,1.4885,6.92,237,en,15663
49397,Смерть скачет на коне,1967,114,,,1.5625,7.0,224,it,32831
42607,"Прощайте, мистер Чипс",1969,154,9000000,,1.6807,6.6,43,en,18378
40430,Путешествие по ту сторону Солнца или Двойник,1969,101,,,5.1835,6.228,125,en,8514
38096,Last Summer,1969,95,,,2.0446,6.2,45,en,113799
48831,Ночь у Мод,1969,110,,,1.7854,7.7,344,fr,28615
24152,Волшебный христианин,1969,92,,,1.4464,5.6,46,en,47792
1846,Марлоу,1969,96,,,2.8301,6.017,86,en,55146
21323,Ещё,1969,117,,,1.5917,6.3,79,en,23393
5928,Воры,1969,106,,,2.0653,6.33,50,en,21958
29748,Вкус крови Дракулы,1970,95,,,1.7462,6.1,181,en,100296
105627,Шутка,1969,77,,,2.6694,6.363,40,cs,588758
85255,Тик... Тик... Тик...,1970,100,,,0.9907,6.5,25,en,16888
26525,Брюстер МакКлауд,1970,105,,,0.6307,6.3,93,en,9789
31672,Город насилия,1970,108,,,1.3042,6.0,98,it,39463
48408,Грязный Дингус Маги,1970,91,,,1.2892,4.286,14,en,18579
33205,Под стук трамвайных колес,1970,140,,,1.8841,7.0,144,ja,5026
70327,Гамера против Джайгера,1970,83,200000,,1.8779,5.8,65,ja,89166
2860,Колено Клер,1970,105,,,1.5668,7.3,283,fr,28615
42589,"Хай, мамаша!",1970,87,,,1.7163,6.3,200,en,1150
71943,Дом темных теней,1970,97,750000,3672000,1.213,6.5,82,en,29648
31304,Шведская история любви,1970,115,,,1.7438,7.0,160,sv,45791
64828,The Landlord,1970,112,,,1.7573,5.781,48,en,4964
38222,В ясный день увидишь вечность,1970,129,8000000,14000000,4.6302,6.68,61,en,13980
26606,Представление,1970,106,900500,,0.7949,6.724,192,en,14132
36404,Rejs,1970,65,,,3.1042,7.0,74,pl,268271
42528,Да здравствует смерть,1971,90,,,0.2534,5.8,40,fr,233493
20848,Белое солнце пустыни,1969,81,,,1.5596,7.2,156,ru,98838
2998,Забриски Пойнт,1970,113,7000000,1000000,2.0976,7.0,428,en,15189
31906,Обманутый,1971,105,475000,1100000,2.7549,7.0,473,en,14773
31767,Дьяволы,1971,111,2000000,11000000,4.9795,7.5,405,en,32327
839,Дуэль,1971,89,450000,2544,1.9835,7.4,1986,en,488
25109,Evil Roy Slade,1972,97,,,0.8434,6.2,17,en,41720
36194,Посредник,1971,118,100000,,1.4984,6.8,149,en,39009
16328,Джонни взял ружье,1971,106,1000000,,1.683,7.491,403,en,11993
42500,Представитель закона,1971,98,3000000,,3.0361,6.48,125,en,19244
16154,Напугать Джессику до смерти,1971,89,180000,,2.032,6.2,184,en,79726
9394,Меня зовут Троица,1970,115,,,2.9352,7.55,1391,it,56033
74689,Мой дядя Антуан,1971,104,,,0.2816,6.844,48,fr,545675
36850,Новый лист,1971,102,4000000,5000000,1.4113,7.262,183,en,58251
38646,Николай и Александра,1971,189,,,1.2856,6.9,75,en,13265
84285,Красный барон,1971,97,,,1.0512,6.2,38,en,102429
18287,Поддержи своего стрелка,1971,91,,,1.432,6.6,89,en,18579
5822,Свит Свитбэк: Песня мерзавца,1971,98,150000,15200000,1.166,5.1,112,en,135650
13041,Крот,1970,125,400000,,4.3125,7.05,640,es,55119
40732,Эмигранты,1971,172,1600000,,3.6626,7.4,120,sv,27014
122677,Blood of Ghastly Horror,1967,85,,,0.9924,2.9,21,en,30678
121923,Brother John,1971,95,,,2.5022,6.2,13,en,15630
18250,Возвращение доктора Файбса,1972,89,75000,,1.4739,6.3,150,en,20937
33020,Дракула 1972,1972,95,,,1.732,5.9,182,en,46997
89417,"Надо знать, где твой кролик",1972,91,,,0.9752,4.9,21,en,1150
12089,Высокий блондин в чёрном ботинке,1972,90,,4300000,2.4929,7.0,466,fr,25182
41471,Меч отмщения,1972,84,,,2.067,7.364,242,ja,80702
17810,Меч отмщения 2,1972,95,,,1.9854,7.3,184,ja,80702
23148,Леди поет блюз,1972,144,2000000,19726490,1.3129,6.899,74,en,64508
80911,Payday,1973,103,760000,,1.9836,5.9,18,en,93587
87417,Slither,1973,97,,,1.9353,5.679,28,en,34611
11378,Трафик,1971,96,,,0.5326,7.1,198,fr,5763
760,Приключения раввина Якова,1973,95,,,2.1184,7.4,1020,fr,11195
27331,Чарли Варрик,1973,111,,,3.2048,7.34,269,en,14773
1410,Тёмная Звезда,1974,83,60000,,2.6702,5.963,616,en,11770
38729,Неустойчивое равновесие,1973,133,,,0.9997,6.077,13,en,32765
86889,Dracula,1974,98,,,2.3451,6.3,73,en,29648
31943,Император севера,1973,118,,,1.3125,6.7,136,en,18392
29142,Привести в исполнение,1973,91,,,1.464,6.4,46,en,73256
56764,Стеклянный зверинец,1973,100,,,1.0118,7.6,16,en,12009
9474,Меня зовут Никто,1973,111,,,2.4965,7.263,1009,it,57639
27084,Вторжение девушек-пчел,1973,86,,,0.8651,4.514,73,en,96909
31596,Лемора: Детская сказка о сверхъестественном,1973,85,,,1.2564,6.1,68,en,43304
59189,Фаза 4,1974,86,,,3.0019,6.3,279,en,19460
38714,Спасите тигра,1973,100,,3000000,1.4887,6.545,89,en,16513
31587,Пугало,1973,112,875000,4000000,2.9035,7.0,328,en,98199
22307,Сестры,1973,92,500000,1000000,3.7384,6.693,427,en,1150
62330,The Spook Who Sat by the Door,1973,102,,,1.6877,6.25,32,en,95224
28498,Театр крови,1973,104,,1000000,0.9856,6.722,237,en,100979
21964,Пять пальцев смерти,1972,97,,,1.9659,6.7,110,zh,240189
21035,Турецкие наслаждения,1973,108,250000,,3.2011,6.798,198,nl,10491
25473,Широко шагая,1973,125,500000,40000000,3.411,6.6,138,en,29907
118121,Butley,1974,127,,,2.4177,5.95,10,en,26157
32044,Калифорнийский покер,1974,108,,5000000,2.616,6.6,133,en,9789
62761,"Машины, которые съели Париж",1974,74,250000,,1.4752,5.505,97,en,2690
30702,Conrack,1974,106,,,1.5611,6.8,37,en,18854
25627,Пускай мертвые лежат в могилах,1974,93,,,4.8321,6.401,222,it,33821
24402,Эммануэль,1974,105,500000,20200000,6.3728,6.0,793,fr,38007
5558,Призрак свободы,1974,104,,6749,1.8638,7.4,314,fr,793
3043,Тело для Франкенштейна,1973,95,450000,,1.7755,5.8,147,en,18627
36665,Général Idi Amin Dada: Autoportrait,1974,90,,,1.199,7.0,34,fr,23393
16246,Угнать за 60 секунд,1974,105,1000000,40000000,1.4605,6.2,180,en,58499
27977,The Groove Tube,1974,75,,,0.7635,4.958,24,en,99339
42448,Гарри и Тонто,1974,115,980000,4600000,0.8273,7.1,94,en,47773
42449,Hearts and Minds,1974,112,,30000,1.6947,7.6,91,en,2613476
8327,Святая Гора,1973,113,750000,96262,2.783,7.5,980,es,55119
37627,Маленький принц,1974,88,,,1.8951,6.8,118,en,13284
32940,"Человек, несущий смерть",1974,107,,,1.0019,5.277,56,en,17281
31656,Воры как мы,1974,123,,,1.3411,6.5,85,en,9789
29859,Приключения хитроумного брата Шерлока Холмса,1975,91,2800000,20000000,1.1325,6.0,161,en,3460
5618,"Кузен, кузина",1975,95,,,2.2738,6.0,42,fr,210193
19174,Долемайт,1975,90,120000,12000000,2.0152,5.8,125,en,109086
9385,12 подвигов Астерикса,1976,82,,,3.0117,7.3,1308,fr,24530
28209,Эммануэль 2,1975,91,,,2.6748,5.6,154,fr,100117
1835,"Прощай, моя красавица",1975,95,2500000,2000000,0.7695,6.596,172,en,19333
70259,Состояние,1975,88,3500000,,1.6487,5.365,52,en,5342
10711,Французский связной 2,1975,119,4300000,12500000,1.4927,6.791,446,en,13776
19740,Великий Уолдо Пеппер,1975,108,5000000,20642922,0.6974,6.466,89,en,9577
1829,История Адели Г.,1975,96,,763000,5.6504,6.9,224,fr,1650
43430,"Ирония судьбы, или С легким паром!",1975,184,,,1.1254,7.3,246,ru,107669
32042,Ночные ходы,1975,100,,,2.8344,6.7,335,en,6448
9652,Профессия: Репортер,1975,126,,768744,0.7344,7.2,526,it,15189
38099,Рука смерти,1976,95,,,1.6313,6.0,63,zh,11401
47313,Леди карате,1974,86,,,1.7143,6.6,52,ja,138416
5725,Супермегеры,1975,106,100000,17000000,5.5767,5.7,154,en,4590
3870,Двадцатый век,1976,318,9000000,,3.2497,7.8,661,it,4956
1660,Карманные деньги,1976,104,,,0.587,7.1,150,fr,1650
83864,Baby Blue Marine,1976,90,,,1.0251,4.9,11,en,79726
133008,Двадцать дней без войны,1976,101,,,0.4098,6.467,30,ru,270361
6476,С полудня до трех,1976,99,,,1.6402,5.882,68,en,49923
10640,Мир будущего,1976,108,2500000,4200000,3.5751,5.9,344,en,35525
33324,"Округ Харлан, США",1977,105,,,1.3409,7.5,110,en,22020
48205,Маркиза фон О,1976,102,,,1.3622,6.7,77,de,28615
46978,Любовница-хозяйка,1976,112,,,1.6326,5.7,52,fr,23393
26842,Послание: История Ислама,1976,178,10000000,15000000,3.4479,7.227,379,en,66203
42252,Излучины Миссури,1976,126,10000000,14000000,1.1035,6.504,236,en,6448
73100,Раба любви,1976,94,,,1.0686,5.9,32,ru,82796
11558,Серебряная стрела,1976,114,6500000,51100000,4.1628,6.7,350,en,133259
5651,Встать!,1976,80,,,2.4186,5.6,104,en,4590
43751,Кто может убить ребенка?,1976,112,,,1.3073,7.053,266,es,133004
14336,АББА: фильм,1977,95,,,1.205,6.6,80,en,5306
18775,Потомство демона,1977,94,,,0.6817,5.9,253,en,95462
12535,Страх высоты,1977,94,4015000,31063038,1.7071,6.5,377,en,14639
1421,"Мужчина, который любил женщин",1977,119,,,1.7799,7.13,204,fr,1650
62847,Собака Баскервилей,1978,85,,,1.3689,4.268,28,en,18627
77360,El lugar sin límites,1978,110,,,1.2715,7.3,60,es,532227
12637,"Нью-Йорк, Нью-Йорк",1977,163,14000000,16400000,1.4835,6.6,486,en,1032
54140,Провидение,1977,110,,,1.0351,6.8,64,en,11983
38985,Колдун,1977,121,22000000,9000000,2.0845,7.431,619,en,15175
61280,Поворотный пункт,1977,119,,,1.0914,6.5,65,en,18378
16378,"Ратлз: Всё, что тебе нужно – бабки",1978,76,200000,,1.4313,6.8,102,en,10713
72412,Звездная мишень,1978,111,,5011158,2.5243,5.4,38,en,19032
11935,Козерог один,1977,123,5000000,12000000,1.2641,6.778,487,en,37710
13481,Пять злодеев,1978,97,,,1.97,6.691,157,zh,99436
24998,Gates of Heaven,1978,83,,,0.9737,6.8,109,en,18533
13514,Последний салют рыцарству,1979,106,,,1.423,7.0,49,cn,11401
113777,Harper Valley P.T.A.,1978,102,,,0.7878,7.1,24,en,175885
156235,In Praise of Older Women,1978,110,,,1.3639,4.929,14,en,164641
98851,Parts: The Clonus Horror,1979,90,257000,,0.4212,4.37,46,en,1018959
29107,Гроздья смерти,1978,85,,,0.7618,5.8,99,fr,88820
45691,Приключения Пикассо,1978,115,,,2.4877,6.915,53,sv,3849
11537,Змея в тени орла,1978,98,92,,2.9258,7.3,334,cn,18899
45695,Свадьба,1978,125,,,2.6394,6.2,58,en,9789
42165,Best Boy,1979,111,,,1.7304,6.4,10,en,1380238
33701,Загорелые на лыжах,1979,83,,,2.036,7.341,1239,fr,37626
38438,Холодные закуски,1979,92,,,0.6373,7.054,334,fr,34262
10654,Волосы,1979,121,11000000,15313606,1.7317,7.272,706,en,3974
25264,И как Икар,1979,129,,,1.8895,7.7,162,fr,34580
19827,Свояки,1979,103,9000000,38200000,0.768,6.7,126,en,133259
18966,Любовь с первого укуса,1979,96,,43885000,1.5013,6.0,106,en,67411
30636,Луна,1979,142,,,4.5732,6.29,112,it,4956
33665,Премьера,1977,144,,,2.4949,7.6,249,en,11147
45169,Квинтет,1979,118,,,0.2937,5.146,72,en,9789
15717,Рокеры,1979,100,,,0.2414,7.1,32,en,75214
54663,Начать сначала,1979,105,10000000,35649012,0.548,6.3,65,en,6349
179798,Неповиновение,1980,103,,,2.4122,6.3,29,en,38689
114516,Genocide,1982,84,3000000,,0.1597,7.389,18,en,1146734
47542,Pelle Svanslös,1981,81,48740,955401,3.1977,6.3,30,sv,139056
86295,К сокровищам авиакатастрофы,1981,110,,,1.5076,5.8,31,en,15196
23615,Алый первоцвет,1982,142,,,1.4635,6.7,47,en,33513
13633,Плохие мальчики,1983,123,,9190819,4.7053,7.0,286,en,33341
14087,Босоногий Гэн,1983,83,,,2.0849,7.5,225,ja,4477780
6341,Голубой гром,1983,110,22000000,42313354,1.6652,6.187,516,en,12840
27679,Вашингтонское такси,1983,100,8000000,16134627,1.3446,5.22,100,en,5572
7012,На следующий день,1983,127,,,2.2732,6.8,420,en,1788
20545,Сделка века,1983,98,,,1.0617,4.7,64,en,15175
23096,Доктор Детройт,1983,89,8000000,10375893,2.4553,5.027,73,en,59649
15251,Эдди Мерфи: Околесица,1983,69,,,0.4886,7.6,335,en,82234
17435,Север,1983,141,800000,,0.7368,7.1,76,es,16395
78177,Лианна,1983,113,300000,1530839,3.1172,6.309,34,en,102445
11948,"Счастливого рождества, мистер Лоуренс",1983,124,,2306560,2.0787,7.3,502,ja,46230
15716,Пираты Пензенса,1983,112,,694497,1.1275,6.0,47,en,254182
32689,Имя Кармен,1983,85,,,2.2692,6.0,106,fr,3776
21356,Рок и правила,1983,77,8000000,,3.9627,5.9,90,en,68738
42115,Аллея черных лачуг,1983,103,,,0.2315,6.7,35,fr,108824
232,Бойцовая рыбка,1983,94,10000000,2494480,2.0188,7.0,731,en,1776
42116,Мелкий снег,1983,140,,,1.7702,7.4,48,ja,97205
30707,Звезда Плейбоя,1983,102,,6472990,2.9114,6.4,133,en,66777
12633,Звездная палата,1983,105,8000000,5555305,1.0216,6.0,174,en,37710
19258,Гонщик Строкер,1983,94,14000000,11400000,1.7935,4.9,58,en,67767
22998,Быть или не быть,1983,107,9000000,13030214,1.7738,6.7,226,en,111492
15301,Сумеречная зона,1983,101,10000000,29450920,2.4514,6.5,767,en,4610
29140,Четвертый мужчина,1983,102,,,1.2863,6.7,182,nl,10491
28054,Пригород,1984,94,,,0.3299,6.67,91,en,58448
11609,Жёлтая борода,1983,96,10000000,4300000,1.1315,5.599,151,en,70008
9041,Убийственное лето,1983,130,,,1.243,6.915,217,fr,37633
31939,Другая страна,1984,90,2256000,,2.4389,6.515,171,en,78523
63418,Парень встречает девушку,1984,100,,,0.716,6.657,118,fr,27977
42086,Выбери меня,1984,106,835000,2000000,1.5858,6.026,39,en,72427
48677,Плащ и кинжал,1984,101,,9700000,1.9848,6.3,150,en,29471
30278,Comfort and Joy,1984,106,,,1.2574,6.5,59,en,68687
46088,Диагональ слона,1984,100,,,1.6096,5.792,37,fr,134733
19596,Электрические грёзы,1984,96,,2193612,3.3117,6.3,187,en,18308
19621,Стукач,1984,98,,876775,3.2265,6.428,221,en,3224
10179,Ледовые пираты,1984,94,9000000,14250000,1.4368,5.6,202,en,59023
47874,Непримиримые противоречия,1984,113,,12384120,2.353,5.6,54,en,56106
108241,Next of Kin,1984,70,,,0.647,5.6,21,en,56205
27102,Ночи полнолуния,1984,101,,,3.1968,6.8,125,fr,28615
47359,Наперегонки с луной,1984,108,9000000,6045657,1.3511,6.2,90,en,24318
27414,"Тихая ночь, смертельная ночь",1984,79,1065000,2491460,2.7911,5.898,401,en,97710
33138,Времена Харви Милка,1984,90,,,1.3094,7.217,115,en,109402
25425,Пьяный тайчи,1984,91,,,0.8007,6.4,17,cn,18899
8221,За что мне это?,1984,102,,706685,1.224,7.1,258,es,309
8868,Астерикс против Цезаря,1985,79,,,1.412,6.5,621,fr,56147
29903,Королева варваров,1985,75,,,3.4681,4.4,93,en,52121
92802,Beer,1985,82,,,1.8439,4.0,9,en,3453773
54407,Блаженство,1985,112,3400000,660537,2.1418,6.325,20,en,38774
41243,Создатель,1985,107,,,1.2824,6.1,52,en,84736
12615,Смерть коммивояжера,1985,136,,,2.0077,6.9,175,en,10249
14029,Демоны,1985,89,1800000,,2.3744,6.6,609,it,44955
40929,Heaven Help Us,1985,104,,,1.058,6.3,73,en,84165
67342,Мистер Вампир,1985,98,,,2.3385,6.8,127,cn,932916
9056,Полицейская история,1985,106,500000,18724000,12.1431,7.528,977,cn,18897
27064,Мисима: Жизнь в четырёх главах,1985,121,5000000,502758,2.128,7.832,330,ja,1035
51878,9 смертей ниндзя,1985,94,,,1.1093,5.227,55,en,103474
62429,Pelle Svanslös i Amerikatt,1985,78,,,0.8067,5.8,11,sv,139056
10176,Тихая Земля,1985,91,1000000,,1.7731,6.609,591,en,32277
9080,Шпионы как мы,1985,103,22000000,60088980,2.6843,6.182,672,en,4610
18502,Вкусная дрянь,1985,86,1700000,,1.3267,5.998,506,en,19266
31600,Мишень,1985,117,,,2.8978,5.9,109,en,6448
41205,Tuntematon sotilas,1985,199,,,0.6416,6.683,41,fi,125796
30069,Зрительный поиск,1985,105,,,2.8884,6.3,135,en,23213
16082,Белые ночи,1985,136,,42160849,3.4212,6.7,138,en,18596
14670,Полночный джаз,1986,131,3000000,10000000,2.8099,7.1,102,en,20556
9318,Астерикс в Британии,1986,79,,,1.6914,6.8,707,fr,57290
30653,Лучшие времена,1986,104,,,1.0631,5.6,125,en,1724
26555,"Клуб ""Рай""",1986,96,15000000,12308521,3.0596,5.054,92,en,1524
47340,Кинотюрьма будущего,1986,87,,,2.2942,5.6,114,en,84981
10570,Семья Флоддер,1986,109,,,3.4096,6.3,146,nl,21440
42021,Джинджер и Фред,1986,125,,,1.0636,6.841,135,it,4415
65326,Девчонка не промах,1986,107,,,1.288,4.2,15,en,586734
24657,Жертвоприношение,1986,149,,1095380,1.167,7.697,582,sv,8452
53157,Это мой парк,1986,102,4500000,,1.4287,5.5,51,en,51516
41480,Sherman's March,1985,158,75000,,0.0293,6.8,37,en,126620
36677,Дети Cолнца,1986,94,25000000,1579260,2.2249,5.267,86,en,111492
11471,Светлое будущее,1986,95,,4469460,3.6001,7.398,578,zh,11401
21733,Драконы Навсегда,1988,90,,,2.4205,7.246,283,cn,62410
22572,Переполох в городе жаб,1988,86,,,0.6114,5.497,162,en,88939
4043,Закон желания,1987,102,600000,1400000,1.5085,7.125,319,es,309
27342,Мэлоун,1987,92,,,0.706,6.0,69,en,23858
2172,Проводник,1987,86,,,1.6272,7.039,77,se,22558
8852,Князь тьмы,1987,102,3000000,14182492,1.8658,6.784,1103,en,11770
30421,Китайская история призраков,1987,96,1250000,,3.2733,7.3,315,cn,67259
60631,Уличный парень,1987,97,,,2.074,5.9,82,en,98199
96333,Weeds,1987,115,,,1.1186,5.118,17,en,79726
49815,Августовские киты,1987,90,,,1.4121,7.0,73,en,78157
18305,Светлое будущее 2: Ураганный огонь,1987,103,150000,,2.6132,7.074,299,zh,11401
92663,Ашик-Кериб,1988,75,,,1.016,6.2,48,ka,95066
26369,Женщины-каннибалы в смертельных джунглях авокадо,1989,89,,,1.7453,4.471,68,en,1203
11513,Зелёная кобра,1987,111,,,3.3886,6.9,160,de,6818
40844,Comic Book Confidential,1989,90,,,1.5033,6.6,27,en,88149
49314,Доминик и Юджин,1988,111,,,1.2777,6.8,47,en,86293
41959,Джек-потрошитель возвращается,1988,97,,,1.1435,5.4,83,en,63943
16296,Клоуны-убийцы из космоса,1988,83,1800000,43625095,2.6947,6.603,1113,en,80247
13192,Лунная походка,1988,93,22000000,67000000,2.105,6.991,598,en,13493
18917,Алиса,1988,86,,,0.546,7.4,337,cs,83784
116345,Остров Паскали,1988,104,,,1.1546,6.214,21,en,67752
48309,Тюрьма,1987,102,4000000,354704,0.7828,5.7,132,en,16938
93457,Удар на удар,1988,95,,695822,0.3945,4.979,24,en,21839
41967,Tales from the Gimli Hospital,1988,64,25000,,0.7828,5.817,30,en,97579
47795,Пейзаж в тумане,1988,125,,,2.0777,7.621,214,el,10316
4271,Жизнь - это долгая спокойная река,1988,90,,,1.8369,6.752,450,fr,20849
41949,Разделенный мир,1988,113,,,0.9928,6.339,31,en,8969
16859,Ведьмина служба доставки,1989,103,6900000,4493017,7.7411,7.8,4382,ja,608
38695,Мсье Ир,1989,81,,,2.458,7.2,168,fr,37626
41939,利休,1989,135,,,1.7841,7.467,31,ja,96801
85556,Speaking Parts,1990,92,,,1.4197,5.9,31,en,56205
26936,Точка Кипения,1990,96,,,2.002,6.875,212,ja,3317
25943,Почти ангел,1990,95,25000000,6939946,1.3917,5.8,115,en,57594
71373,Чёрная радуга,1989,103,7000000,,2.6572,5.7,45,en,17281
9768,Плакса,1990,91,11000000,8266343,1.8383,6.531,1545,en,10367
11909,Пуля в голове,1990,136,3500000,,2.4567,7.576,296,cn,11401
60778,Крутой район,1990,96,,2346150,1.8394,5.619,42,en,24318
27274,Франкеншлюха,1990,85,2500000,205068,1.8253,6.3,355,en,86250
110838,The Garden,1990,88,,,1.9029,5.5,31,en,86290
10485,Папа-призрак,1990,84,30000000,25421633,0.6265,5.093,215,en,16897
9569,Смерти вопреки,1990,95,10000000,47410000,2.2972,5.99,645,en,58040
22189,Гавана,1990,144,40000000,9243140,2.6837,5.8,158,en,2226
71805,Битва за остров сокровищ,1990,93,8500000,15024232,0.6719,6.7,71,no,22558
7975,Я нанял убийцу,1990,80,,,1.2907,6.86,214,en,16767
41821,Цзюй Доу,1990,95,,,1.8251,7.1,169,zh,607
21344,Братья Крэй,1990,115,,9060847,2.0549,6.0,112,en,21377
9399,Самоволка,1990,105,6000000,24271196,5.4983,6.573,1103,en,16590
31597,Узкая грань,1990,97,17500000,10900000,2.1932,6.4,215,en,37710
30017,Крупный план,1990,98,,,1.9357,7.947,426,fa,119294
11131,Монахини в бегах,1990,89,10959015,,1.3565,5.825,154,en,21217
21168,Зеркальная кожа,1990,95,,17042,1.2944,6.7,215,en,87213
59058,Отбросы общества,1991,95,,295444,3.455,6.7,111,en,15488
1662,Состояние исступления,1990,135,7000000,1911542,1.8017,6.9,391,en,18500
6444,Tatie Danielle,1990,111,,,1.7358,6.522,232,fr,20849
71642,Время убивать,1989,110,,,0.5263,4.9,29,it,132257
31923,"Добро пожаловать домой, Рокси Кармайкл",1990,96,13000000,3989297,1.1126,6.108,107,en,12936
20562,35 Up,1991,116,,,1.3418,7.6,55,en,10781
18311,Дикие дни,1990,94,,3255404,1.2835,7.258,553,cn,12453
48448,Гонки по кругу,1991,100,,,1.362,5.7,45,en,231756
1483,Порождённый,1991,72,33000,,4.5233,5.907,333,en,17279
28553,Дисбат,1990,93,,,2.2668,6.7,100,en,8349
58648,Страна в шкафу,1991,89,4000000,259012,2.3029,6.602,44,en,588957
36337,Мираж,1991,88,1000000,,1.8142,4.806,18,en,83142
25330,Он сведет меня с ума,1991,107,17000000,4603929,3.3061,6.4,215,en,58453
22423,Виновен по подозрению,1991,100,13000000,9480198,1.1357,6.465,184,en,11472
4539,Сердца тьмы: Апокалипсис кинематографиста,1991,96,,1394661,6.0589,7.9,394,en,37850
22828,Отдел по расследованию убийств,1991,102,11000000,2900000,2.7849,6.234,143,en,1255
12776,Джонни-Зубочистка,1991,121,,,2.5375,7.339,1046,it,4818
31696,Поцелуй перед смертью,1991,95,,15400000,1.9188,5.5,128,en,67752
17467,История о Рикки,1991,92,,,2.7127,6.8,351,cn,81913
36351,Чуткий сон,1992,103,5000000,1055987,2.5761,6.7,205,en,1035
47252,История с ограблением,1991,93,,,1.4419,6.6,22,en,44740
34376,Mannequin Two: On the Move,1991,95,13000000,3800000,2.733,5.8,165,en,59023
39233,Еще кружок,1991,115,,,2.8396,6.0,60,en,5306
6463,Чужие деньги,1991,103,,,1.2286,6.1,143,en,13563
14362,Во имя справедливости,1991,91,14000000,39673161,1.5153,6.131,476,en,38689
5048,Книги Просперо,1991,120,1738125,1750301,1.0454,6.72,100,en,30309
9588,Куигли в Австралии,1990,119,,21413845,2.1945,6.7,409,en,18254
41792,Рубин и Эд,1992,82,,,2.5624,6.4,28,en,583988
25674,Крик,1991,89,,3500000,1.5917,5.8,39,en,150207
21338,Невозмутимый,1991,88,25000000,9151887,1.5618,6.14,200,en,63709
123778,The Company of Strangers,1990,101,,,1.2807,7.087,23,en,1078813
94666,Surviving Desire,1992,53,,,2.2861,6.9,22,en,91343
41804,Все утра мира,1991,115,,,1.5434,7.1,184,fr,35927
147164,Цареубийца,1991,102,,,1.3681,5.5,24,ru,235417
23438,Храбрых сердцем не сломить,1991,88,,,1.2891,7.4,102,en,58712
97044,Aileen Wuornos: The Selling of a Serial Killer,1992,87,,,0.2404,6.7,71,en,92561
13995,Капитан Америка,1990,97,3000000,,3.481,4.5,441,en,63937
11198,Городской охотник,1993,105,,,2.1062,6.58,438,cn,548474
41678,Balanţa,1992,105,3700000,,1.4084,6.394,47,ro,592762
186809,Crossing the Bridge,1992,103,,,0.9463,5.594,16,en,24173
19143,Поединок в Диггстауне,1992,98,17000000,4836637,2.1609,6.289,121,en,12964
27381,Кровь невинных,1992,112,20000000,4943279,1.5124,6.147,238,en,4610
45145,Джонни-замша,1991,97,500000,90091,2.7689,5.146,72,en,6400
11621,Порко Россо,1992,94,9200000,44600000,6.2601,7.795,3550,ja,608
47714,Похититель детей,1992,113,,,1.2312,7.6,90,it,128107
19087,Божьи коровки,1992,90,20000000,14796494,2.9526,5.622,172,en,64508
40082,Короли мамбо,1992,104,,6742168,1.3809,6.277,128,en,56872
36288,Ночь в большом городе,1992,105,20000000,,0.7096,5.7,78,en,11472
38143,Цю Цзю идёт в суд,1992,100,,1890247,1.8701,7.314,153,zh,607
31962,Свет во тьме,1992,132,35000000,43800000,3.0289,6.5,217,en,11834
22590,Парный удар,1992,101,7500000,17200000,2.4687,5.2,180,en,51572
41777,Тито и ја,1992,104,,,1.2423,7.0,35,sr,253085
48150,Ледяное сердце,1992,105,,1666511,1.7204,7.2,213,fr,20789
41778,Visions of Light,1992,92,,,1.1566,7.0,48,en,71466
40213,Таверна Дракона,1992,88,,,2.2114,7.2,138,cn,130367
83761,Жизнь и ничего более,1992,95,,,0.931,7.7,164,fa,119294
34683,Дом ангелов,1992,127,,,2.9033,5.8,61,sv,22323
5051,Дитя Макона,1993,122,,,2.1428,6.894,109,en,30309
27678,Варвары у ворот,1993,107,,,1.2401,6.813,48,en,30038
83599,Calendar,1993,74,,,1.8505,6.3,31,en,56205
251732,Deadly Advice,1994,91,,,3.5528,4.167,6,en,1229085
17811,Легенда 2,1993,95,,2967668,1.9747,6.7,108,cn,35452
12088,Крепость,1992,95,8000000,6739141,3.3452,6.06,698,en,27991
96712,戲夢人生,1993,143,,,0.2188,6.6,53,zh,64992
48706,Джош и Сэм,1993,96,18000000,1528163,1.0879,4.7,17,en,909
47105,Latcho Drom,1993,103,,,1.0115,7.7,42,fr,41040
30366,Ленинградские ковбои встречают Моисея,1994,94,,,1.7078,5.783,46,en,16767
19371,Мистер няня,1993,84,10000000,4348572,2.1824,5.13,196,en,62043
41661,"Ночь, в которую мы никогда не встретимся",1993,99,,1884814,0.9749,5.31,29,en,1182532
35610,Филадельфийский эксперимент 2,1993,97,5000000,2970,1.7342,5.114,79,en,132350
12664,Шустрая,1993,91,,,2.8623,6.4,86,en,3224
7500,Сонатина,1993,94,,,4.8252,7.5,666,ja,3317
20339,Перепутанные наследники,1993,87,,3200000,2.6956,5.159,82,en,127716
11143,Два воина,1993,96,,652527,1.8678,7.2,265,cn,18899
5187,Три сердца,1993,102,,5495507,1.4968,4.8,42,en,42002
32764,71 фрагмент хронологии случайностей,1995,100,,,0.9826,6.982,195,de,6011
26877,Обнаженная убийца,1992,93,,,3.7806,6.0,87,cn,931778
8983,Приключения знаменитого Кота-сыщика,1994,82,,,3.6509,6.7,142,de,56477
17796,Уроды,1993,80,13000000,29296,2.6076,6.1,176,en,18355
63097,Golden Gate,1994,91,,,2.6476,4.0,15,en,18844
17809,Кулак легенды,1994,104,,1907743,3.5244,7.47,577,zh,64901
271304,Счастливый перелом,1994,94,,,3.0991,4.357,7,en,168330
11067,Высшая лига 2,1994,105,25000000,30626182,1.8264,5.7,352,en,12920
10486,Мой отец - герой,1994,90,,,1.4991,5.3,211,en,58712
58416,"Береги свою косынку, Татьяна",1994,62,,,0.8674,6.718,85,fi,16767
19223,Простая формальность,1994,107,,,1.436,7.42,375,fr,65314
54804,Особенности холостяцкой вечеринки,1994,95,,,2.417,5.3,12,en,22159
18674,Телохранитель из Пекина,1994,94,,,2.1313,6.8,145,cn,35452
57221,Blood & Donuts,1995,90,,,2.2231,5.2,39,en,163198
26830,Гонин,1995,109,,,3.7989,6.5,60,ja,96855
30718,Последний из племени людей-псов,1995,118,,,6.0381,6.7,100,en,61950
37797,Шёпот сердца,1995,111,,,5.4178,7.9,2175,ja,555254
37062,Темный полдень,1995,99,,,0.9271,5.7,82,en,87213
18665,Степень риска,1995,101,,,2.7148,6.6,136,cn,548474
21846,Атомные бомбы: Тринити и что было потом,1995,92,,,0.731,7.2,59,en,85919
16233,Тромео и Джульетта,1996,107,350000,,3.1356,6.0,157,en,78021
13063,Каннибал! Мюзикл,1996,97,125000,,1.4884,6.374,159,en,34517
63054,Fetishes,1996,84,,,0.1875,5.654,26,en,92561
16003,Охотники,1996,113,17500000,,0.3736,6.517,117,sv,76367
8214,Вдаль уплывают облака,1996,97,,,1.042,7.6,193,fi,16767
30330,The Late Shift,1996,95,6000000,,1.1008,6.4,62,en,31024
29927,Красивые деревни красиво горят,1996,115,,,1.7102,7.894,100,sr,213379
48709,Мужчина моей жизни,1996,99,,,3.3801,5.622,41,fr,34262
37431,Нет пути назад,1995,91,,,1.4184,4.8,67,en,10948
2061,Дилер,1996,110,965000,,1.4702,6.998,812,da,21183
148478,Sairaan kaunis maailma,1997,95,,,0.3045,4.818,12,fi,213449
55902,Американское совершенство,1997,100,,,1.6806,6.25,22,en,1596334
74097,Bikini Summer III: South Beach Heat,1997,88,,,0.7126,2.556,9,en,51966
16992,Боксер,1997,114,,16534578,2.0603,6.705,290,en,53334
9956,Храбрец,1997,123,,,2.244,6.0,198,en,85
36702,Cremaster 5,1997,55,,,1.7388,6.1,23,hu,116018
134458,Цель номер 1,1997,100,,,1.6423,4.591,22,en,36146
26124,Лицо,1997,105,,,1.8731,6.2,77,en,42617
18415,Гуммо,1997,89,1300000,116799,3.8228,6.63,676,en,51918
17629,Гамильтон,1998,122,,,2.9683,5.7,51,sv,21981
116008,Адское такси,1998,96,10000000,,2.3856,5.5,17,en,992965
37517,Поцелуй или убей,1997,96,,,0.8972,4.139,18,en,49361
37673,Судьба мудреца,1997,135,,,1.5999,6.8,35,ar,20023
26103,Крутые стволы,1997,110,,,2.4608,5.459,86,en,63937
44641,Эскадроны смерти,1998,127,,,0.6932,6.2,28,en,102445
8765,Нирвана,1997,113,,,0.8901,6.5,292,it,55916
9845,Пердита Дуранго,1997,126,7552917,2957970,1.2466,6.5,220,es,57865
36221,ポストマン・ブルース,1997,110,,,1.6498,7.3,32,ja,58614
64559,Ставки сделаны,1997,105,,,0.9982,6.5,92,fr,19069
28123,Бастион,1998,112,,,1.1804,6.2,42,en,126303
35638,"Sick: The Life and Death of Bob Flanagan, Supermasochist",1997,90,,116806,1.7303,6.9,26,en,112588
5470,Беовульф,1999,95,20000000,1531251,3.1525,4.4,241,en,43513
10213,От заката до рассвета 3: Дочь палача,2000,94,5000000,9617,3.6824,4.913,380,en,64190
19846,Интервью,1998,104,,,2.7056,6.752,159,en,75510
50008,Проект 281,2000,84,,,2.6808,6.387,97,en,81020
35016,Koko Flanel,1990,95,,,1.9026,6.5,32,nl,81964
44625,Улыбка мертвеца,1998,91,1000000,,1.9884,5.444,80,en,72620
36282,Фудо: Новое поколение,1996,98,,,1.4596,6.5,68,ja,17282
14533,Джиа,1998,125,,,2.3402,7.1,792,en,21136
9812,Кровавый четверг,1998,87,,3121,2.8485,6.912,342,en,18185
41992,Sofies verden,1999,113,,,2.3173,6.3,46,no,127429
88421,Wavelength,1967,45,,,1.7999,5.2,91,en,936169
8697,Кто я?,1998,108,,,3.1188,7.1,936,cn,18897
22140,Королевство II,1998,280,,,0.6206,7.719,47,da,42
21039,Аферист,1999,101,12800000,,2.3164,5.9,127,en,67752
19850,Имплантаторы,1997,95,,,2.5495,5.167,66,en,1060257
344,Верняк,1999,110,2888030,,1.2869,7.509,219,de,4918
14439,Войны Пентагона,1998,104,,,1.1166,6.9,71,en,24318
41227,A Place Called Chiapas,1998,93,891000,229000,0.2462,7.0,10,en,1484637
13428,Пальцы веером,1999,103,,,0.8608,6.6,148,en,57030
67899,Хитрый вор,1999,93,,,0.9361,5.9,56,en,92657
36105,Emporte-moi,1999,95,,,3.6045,5.8,19,fr,135534
47186,Claire Dolan,1998,95,,,1.9525,5.316,20,en,17277
50173,地獄,1960,99,,,2.0678,6.33,106,ja,239551
46817,Зимние каникулы,1998,96,,,0.8898,5.7,49,fr,18209
45935,Шанхайские цветы,1998,113,,,1.9703,6.843,105,zh,64992
47060,Дыра,1999,95,,,1.3393,6.9,87,zh,71174
84002,Про уродов и людей,1998,93,,,1.8347,6.3,85,ru,113337
2487,Госпожа Кровавый Снег,1973,97,,,2.5796,7.521,400,ja,25467
38821,Häjyt,1999,105,1143000,,0.6113,6.191,47,fi,93561
17985,Истекающий кровью,1999,97,,,3.0069,6.7,195,da,21183
54860,ボディガード牙,1973,88,,,1.5929,4.762,21,ja,1082623
9597,Видок,2001,93,,13240767,3.8123,5.94,556,fr,4586
21644,Molokai: The Story of Father Damien,1999,109,,,0.3127,6.0,17,en,939275
45758,Крестный сын,1998,100,,,2.1411,3.1,16,en,133666
49745,Четвертый этаж,1999,86,,,1.2045,5.7,128,en,113664
62825,Pitkä kuuma kesä,1999,100,,,0.9994,6.463,27,fi,151084
18491,Конец Евангелиона,1997,87,,20563523,5.6445,8.266,1750,ja,77923
175739,Aleksis Kiven elämä,2002,105,,,0.6747,6.364,11,fi,148011
13777,Он умер с фалафелем в руке,2001,107,,,1.328,6.9,149,en,75286
11854,Всё в жизни бывает,1998,177,2420000,25690000,3.83,7.5,411,hi,35736
87489,Документы живых мертвецов,1981,66,33000,,0.6047,6.5,28,en,88448
33491,Салон красоты 'Венера',1999,105,,,1.1949,5.808,128,fr,125037
12619,Убийства в Черри-Фолс,2000,92,,,2.2406,5.324,304,en,65026
39927,Freeway II: Confessions of a Trickbaby,2000,98,2000000,,1.4408,5.5,64,en,55117
24272,Иосиф и его удивительный разноцветный плащ снов,1999,76,,,1.0452,6.1,69,en,90657
3716,Солнце Ацтеков,2000,96,,,3.379,7.207,229,de,5125
21348,Кирику и Колдунья,1998,71,4495000,,2.4937,7.3,1140,fr,87429
15319,После дождя,2000,91,3800000,,1.8103,7.3,93,ja,78107
9011,Пророчество 3: Вознесение,2000,84,,,1.0669,5.8,177,en,27226
2332,Такси 2,2000,88,10500000,64433844,4.4955,6.3,1828,fr,21647
54003,Pups,1999,99,,,2.0587,6.038,26,en,77465
20882,Особенности национальной рыбалки,1998,95,,,1.8911,6.665,91,ru,7588
10205,Cut,2000,82,,,1.8947,4.488,84,en,64163
40476,Кадош,1999,110,,,1.1228,5.788,26,he,20024
18394,Парни из Эссекса,2000,102,,,2.227,5.617,64,en,129119
31774,По кусочкам,2000,91,,,1.309,4.2,94,en,22767
35735,Badding,2000,103,,,0.3172,5.5,16,fi,114678
38203,Katsastus,1988,56,,,0.135,6.543,23,fi,151083
19362,Meeting People Is Easy,1998,95,,,1.1941,7.3,39,en,84554
31161,Выброс адреналина,1999,112,,,1.4432,7.1,13,ja,83524
65296,Человечность,1999,141,,,2.8261,6.668,110,fr,95901
32067,Красавчик Джо,2000,98,,,2.6925,5.208,24,en,1148665
32306,The Underground Comedy Movie,1999,92,,,1.1045,2.441,17,en,146977
66668,The Shrink Is In,2001,87,6000000,,0.9394,4.821,28,en,24318
72490,Харизма,1999,104,,,1.6051,6.6,50,ja,26882
10482,Guest House Paradiso,1999,86,,,1.0366,6.1,141,en,98464
107942,Swimming,2000,91,,234287,2.7209,4.923,13,en,1132116
28031,Если бы эти стены могли говорить 2,2000,96,,,4.5773,6.5,107,en,59670
54491,Лебединая труба,2001,75,,628387,1.3984,5.5,67,en,107274
43423,Нас унесет ветер,1999,118,,259510,0.7227,7.1,187,fa,119294
12480,Капли дождя на раскаленных скалах,2000,86,,87313,1.7999,6.411,124,fr,4387
13439,The Tracker,2002,90,,442000,3.1912,6.8,60,en,112674
844,2046,2004,128,12000000,20205757,3.6676,7.2,1013,zh,12453
29512,Вышибала,2000,96,5000000,,2.2432,5.5,137,en,14999
20617,Табу,1999,100,,,1.9455,6.521,117,ja,46230
101338,Mundo grúa,1999,90,,,4.1396,6.109,23,es,56210
23985,Cremaster 2,1999,79,1700000,7982,1.558,6.3,25,en,116018
2463,Совсем мало времени,1999,93,225000,1866462,2.6837,7.3,161,cn,25236
16874,The Wog Boy,2000,92,,,1.2323,5.6,26,en,80957
274669,龍在邊緣,1999,108,,,1.8427,6.4,14,cn,931778
32166,Навязчивый сон,2001,100,,,2.6704,5.994,86,en,185995
38987,Возможные миры,2000,93,,,0.2085,6.36,43,en,38527
9439,Без имени,1999,100,,1069154,1.7302,5.603,180,es,54525
52666,Долг,1999,106,,,0.2363,6.968,63,pl,146428
71138,Заключенная №701: Скорпион,1972,87,,,2.3982,7.0,169,ja,107563
39872,Скорпион: Барак № 41,1972,90,,,1.8694,7.0,101,ja,107563
53048,Бартлби,2001,85,,,1.1031,5.757,37,en,132812
22616,"Night of the Day of the Dawn of the Son of the Bride of the Return of the Revenge of the Terror of the Attack of the Evil, Mutant, Alien, Flesh Eating, Hellbound, Zombified Living Dead Part 2",1991,96,,,0.5162,4.2,12,en,89465
20160,Levottomat,2000,111,,,2.6091,5.028,54,fi,87322
28943,Билли Фингал,2000,99,,,1.7864,5.229,24,en,17784
82550,Роберто Зукко,2001,124,,,3.6384,5.961,38,fr,93903
11599,Тайна реки Сучжоу,2000,83,,,1.9872,7.2,159,zh,71056
33253,Шесть Девять,1999,110,,,1.1735,6.76,52,th,69991
11075,Кинопроба,2000,115,250000,359853,2.8063,7.123,1681,ja,17282
33355,For Love or Country: The Arturo Sandoval Story,2000,120,,,1.8347,6.2,16,en,15663
49671,Параграф 175,2000,74,,,2.5164,6.485,34,de,109402
15917,Девдас,2002,185,6663555,13311117,2.4237,7.493,363,hi,42804
10706,Мутанты 2,2001,82,10000000,,2.7594,5.297,236,en,36185
36246,Понедельник,2000,100,,,1.4721,6.9,58,ja,58614
17208,Потерянный рай 2: Откровение,2000,130,,,1.3033,7.143,119,en,69237
26245,Князь Дракула,2000,92,,,3.1501,6.1,48,en,55116
62529,Sound and Fury,2000,80,,,0.0388,7.1,14,en,1039158
467,Яма,2001,102,4158370,7819851,3.4602,6.206,864,en,6361
73952,Завтрак на обочине,2001,98,2000000,,1.1706,6.192,60,en,206549
19738,Юная революционерка Утэна: Конец Света юности,1999,85,998000,,2.0528,7.421,82,ja,148097
16435,Поговорим о сексе,2001,97,,,0.526,5.409,33,en,9200
26014,Спросите Синди,2001,93,,,4.3721,5.8,105,en,54590
45418,Нуждаюсь в тебе,2000,101,,,1.6828,6.1,33,cn,25236
11366,Спираль,2000,90,1000000,,1.8814,5.883,248,ja,69290
89823,Большое животное,2000,73,,3757,1.5409,7.019,26,pl,1148
10751,Дави на газ!,2002,95,,144192,0.7686,6.8,115,da,3395
38294,Purely Belter,2000,95,,,1.8045,6.6,31,en,55299
18836,Давай сделаем это по-быстрому,2001,99,3000000,,2.0969,4.4,20,en,130938
10757,"И в печали, и в радости..",2001,209,7500000,11336308,3.8389,7.7,581,hi,35736
55256,Joki,2001,111,1000000,,1.1358,5.933,16,fi,213449
23160,Гармонии Веркмейстера,2001,145,,64974,0.7665,7.9,353,hu,85637
2899,Астерикс и Обеликс: Миссия Клеопатра,2002,108,58500000,131116046,5.2687,7.4,3683,fr,4275
44756,Дарья - А Скоро Осень?,2000,75,,,1.7599,7.308,73,en,87055
18088,За покупкам на ночь глядя,2001,91,,,0.7563,6.229,48,en,1048458
31010,Восстание,2001,177,,9266,3.2374,6.5,89,en,18250
20536,61*,2001,129,,,1.0414,7.0,142,en,7904
3577,Туннель,2001,150,,,2.9807,7.1,106,de,33036
27259,Давно умерший: Месть джина,2002,94,,13102295,1.3045,5.202,142,en,50757
19448,Проект Ларами,2002,95,,,1.2508,6.2,56,en,239073
14923,"Беги, Ронни, беги",2002,84,,,1.0371,5.863,80,en,58868
2440,Объединённая зона безопасности,2000,110,12500000,,6.7955,7.8,769,ko,10099
10836,Дагон,2001,97,4800000,,4.1147,6.153,453,en,27991
10955,Игра Рипли,2002,110,30000000,6200000,1.0472,6.394,296,en,67750
37998,フリーズ・ミー,2000,101,,,1.6665,5.67,50,ja,96855
10978,Jalla! Jalla!,2000,88,,871351,1.5654,6.2,125,sv,57022
81540,Техногенная любовь,2002,85,,28554,2.0264,4.257,37,en,213613
40096,Сам о сострадании,2000,104,,4903192,1.5411,8.4,1192,pt,102560
11847,Случайный шпион,2001,107,25697387,790144,1.072,6.012,495,cn,70703
52999,Соперник,2002,129,,,2.5046,6.618,187,fr,24485
41714,Страна надежды,2004,137,6000000,,0.8387,5.89,41,en,95972
11056,Тьма,2002,88,10600000,33988736,2.113,5.6,411,en,54525
27967,Mockingbird Don't Sing,2001,98,,,1.3378,6.353,34,en,91659
919,Кровь: Последний вампир,2000,48,,,1.9951,6.838,354,ja,16136
55852,Southern Comfort,2001,90,,,0.2353,7.0,16,en,223276
211,Berlin is in Germany,2001,97,,,0.1528,5.167,15,de,10230
10046,Блуберри,2004,124,53000000,,3.5661,4.8,233,en,56401
6382,The Nugget,2002,89,200000,,3.1661,5.6,17,en,49361
36243,"Годзилла, Мотра, Кинг Гидора: Монстры атакуют",2001,105,9400000,20000000,2.414,7.5,263,ja,46366
45538,Shackleton's Antarctic Adventure,2001,40,,,0.1763,6.4,8,en,42081
22242,Грязные делишки,2002,98,,,1.2664,5.493,40,en,108022
16077,Одним глазком,2002,91,3000000,,1.164,5.339,220,en,4575
11553,Миллениум Мамбо,2001,106,,,2.1404,7.0,236,zh,64992
29832,Martin & Orloff,2002,87,,,1.4034,5.118,17,en,1170415
10726,Американский психопат 2: Стопроцентная американка,2002,88,10000000,,2.2384,4.487,458,en,66800
57100,Двойное видение,2002,113,,,1.4898,6.6,73,zh,53218
44793,Un crabe dans la tête,2001,102,,,1.4589,6.5,11,fr,982586
35110,Samouraïs,2002,93,,,0.3665,3.4,13,fr,113736
9298,Али Джи в парламенте,2002,85,7000000,23280529,2.3446,6.054,1436,en,57199
13899,Живым или мертвым 2,2000,97,,,1.2398,6.8,100,ja,17282
437,Куб 2: Гиперкуб,2002,90,,3563603,1.9044,5.5,1538,en,3115
38901,"Milwaukee, Minnesota",2003,95,,17350,1.8027,4.6,8,en,91046
37712,Пистолетная опера,2001,112,,,1.6752,6.0,22,ja,82461
14809,Бесшабашное ограбление,2002,97,5000000,54028,0.963,6.1,81,en,1004922
27324,Пульс,2001,119,25000000,318451,2.6529,6.662,622,ja,26882
33625,Черная метка,2002,104,,,0.454,5.28,25,en,111083
35583,Забытая рота,2001,92,,,1.0984,6.788,132,en,52968
35848,Hukkle,2002,78,,,3.2992,6.8,51,hu,81078
4592,Каролина,2003,97,15000000,308641,2.1603,5.759,83,en,13496
9025,Собачья жара,2001,113,,545527,2.5143,6.5,99,de,40506
2111,巴尔扎克与小裁缝,2002,116,,,1.6565,6.8,70,zh,19837
14752,Любящие сердца,2001,183,2079000,4099000,1.5976,6.9,315,hi,78916
11178,Дрянная девчонка,2001,123,,32000000,2.5335,7.532,615,ko,63429
10943,Город проклятых,2003,92,,,2.6718,5.5,184,en,58080
125842,Shot in the Heart,2001,98,,,0.87,5.6,17,en,1128
100973,Sprängaren,2001,128,,,2.0646,4.6,26,sv,22323
23305,Воин,2001,86,,,0.8287,6.3,42,en,55251
21707,Моя жена-гангстер,2001,107,,,1.8916,5.9,71,ko,87780
10981,Пустота,2003,90,,,2.4853,5.806,111,en,5877
10918,Четверо похорон и одна свадьба,2002,94,8000000,1868949,1.4885,6.1,109,en,42274
30839,Пловцы,2001,91,,,1.9869,6.5,58,ja,83524
4612,Абсолон,2003,96,8000000,7016,2.1381,4.1,77,en,38549
36222,Живым или мертвым 3,2002,89,,,0.9934,5.6,66,ja,17282
33068,Hell House,2001,85,,,1.2266,6.189,37,en,46802
13984,Fubar,2002,80,350000,,2.5145,6.144,52,en,71280
16184,Счастье семьи Катакури,2002,113,1500000,,1.8409,6.9,217,ja,17282
53244,Интимные сцены,2002,94,,,1.446,5.815,54,fr,6295
14868,Неисправимый оптимист,2003,89,,,1.3128,6.441,34,en,77723
36353,Девушка из стратосферы,2004,90,,,0.6603,5.4,24,ko,305273
11427,Тупик,2003,80,900000,898994,1.1127,6.348,574,en,59848
18072,Непорочный,2002,96,,102471,2.8545,6.12,49,en,33405
4689,Сочувствие господину Месть,2002,129,4000000,1954937,3.1627,7.467,1564,ko,10099
16209,Иисус Христос – охотник на вампиров,2001,85,100000,,0.782,4.89,114,en,80047
45379,Китайская одиссея 2002,2002,97,,,2.0898,6.8,51,cn,57617
8441,Человек года,2003,104,,,0.6426,6.7,83,pt,54974
12720,Клуб самоубийц,2001,99,250000,,2.0767,6.454,531,ja,67075
21041,Den tredje vågen,2003,115,4667404,,1.8213,6.156,64,sv,92410
5552,Бессмертные: Война миров,2004,103,24665810,,1.784,5.7,431,fr,44070
8325,Маленькие пальчики,2002,90,,,1.2841,3.8,96,en,55117
10077,И грянул гром,2005,101,80000000,11700000,1.5535,4.9,419,en,37710
31076,Страх и трепет,2003,107,,,1.5894,6.442,130,fr,35927
28730,Из Багдада в прямом эфире,2002,108,,,0.5077,6.7,53,en,8843
40432,Planta 4ª,2003,100,,,2.9429,6.6,54,es,1007551
26955,Оазис,2002,133,,,1.9533,7.7,265,ko,96657
23986,Cremaster 3,2002,182,4000000,11047,2.6099,6.6,32,xx,116018
4326,Берлинский блюз,2003,105,,,0.6483,6.736,123,de,23116
16132,Сестры-близнецы,2002,137,,,4.8645,6.8,79,nl,79437
36730,Мой дом в Умбрии,2003,103,,,1.3318,6.0,36,en,33315
55496,Nousukausi,2003,99,,,1.6181,5.946,37,fi,88862
20164,Pahat pojat,2003,126,,,2.1274,5.638,47,fi,93561
38970,Помни обо мне,2003,125,,,1.2659,5.809,241,it,20646
32526,Солдатская девушка,2003,112,,,1.7807,6.952,93,en,13861
15271,Золотая молодежь,2003,106,10000000,,1.464,6.242,91,en,11275
45572,성냥팔이 소녀의 재림,2002,123,,,1.46,5.2,31,ko,145623
22076,Охотник за пришельцами,2003,100,7000000,,2.1945,5.089,141,en,112340
16973,Объект любви,2004,88,1000000,,2.6196,5.9,77,en,81104
55931,Аниматрица,2003,102,5000000,68000000,4.2306,7.201,1690,en,28249
12703,Бурый кролик,2003,93,100000,365734,1.9745,5.4,258,en,22461
46814,Элина,2003,77,,,0.3695,6.2,22,sv,109891
9282,11:14,2003,82,6000000,,1.8063,6.8,910,en,57125
5844,ALIVE,2003,119,,,2.8813,5.814,51,ja,45996
61485,小城之春,2002,116,,,1.0018,6.9,19,zh,583343
25334,Wondrous Oblivion,2004,106,,,0.324,6.425,20,en,93560
12540,Добейся успеха снова!,2004,90,,,0.0791,5.9,444,en,66039
60672,Багровые реки 2: Ангелы апокалипсиса,2004,97,,40152148,3.5572,6.114,747,fr,16919
24241,Панчо Вилья,2003,112,,,2.0996,6.7,93,en,5696
11556,Никотин,2003,93,,5751007,2.365,6.6,90,es,69867
49007,Ангелы с железными зубами,2004,123,,,1.2773,6.8,86,en,62872
11197,Зло,2003,113,3000000,12469000,4.8391,7.316,380,sv,29605
27079,Игрок,2003,120,,,1.5632,6.3,18,en,96902
3177,Королевская битва 2,2003,155,9080000,14902587,1.3241,4.967,514,ja,31073
11774,Лемони Сникет: 33 несчастья,2004,108,140000000,209073645,5.1692,6.818,5162,en,11887
10855,Обнаженное оружие,2002,90,,78340,0.8626,6.78,388,cn,67259
16765,Bukowski: Born Into This,2003,115,,,0.2001,6.676,51,en,2570346
4972,Зеленые мясники,2003,100,,,1.9327,7.069,317,da,1012
54764,Helmiä ja sikoja,2003,114,,,0.5618,5.763,38,fi,151084
120360,An Injury to One,2002,53,,,0.2482,6.5,4,en,1072046
20162,Неприкаянный 3,2004,103,,,0.6464,3.556,45,fi,148348
2841,Долгая помолвка,2004,128,47000000,,1.7288,7.311,1276,fr,2419
11606,Последняя жизнь во Вселенной,2003,112,,,1.9196,7.2,157,th,69991
189332,Загадка Галиндеза,2003,124,,,1.0061,4.036,14,es,47059
363,Головой о стену,2004,117,,11030861,1.5785,7.5,606,de,5125
12140,Призрак в доспехах 2: Невинность,2004,100,,10079829,4.1609,7.3,932,ja,12180
4254,Наступит завтра или нет?,2003,187,,13214520,2.2696,7.4,426,hi,35735
15370,Возвращение кота,2002,75,,54016370,4.8164,7.1,2367,ja,78173
16635,В моей стране,2004,103,12000000,1491434,1.4782,5.92,50,en,19665
23520,Девять жизней,2004,96,20000000,1039526,1.8192,5.168,116,en,2380
1418,Возьми мои глаза,2003,102,,,1.6642,7.2,210,es,16973
15990,Кафедральный собор,2002,6,,,1.3121,6.8,105,pl,80577
11492,Глухая шахта,2003,92,,,0.9106,7.477,65,zh,71049
12496,Сумрачный самурай,2002,129,5000000,7372769,2.4984,7.785,340,ja,72496
17457,Близнецы,2003,88,,3639926,1.8469,6.1,182,cn,81220
22618,Обратная сторона Луны,2003,106,,,3.1562,6.406,32,fr,38527
29987,Окно напротив,2003,106,,15530077,2.0565,7.0,325,it,72197
10361,Сестра оборотня,2004,94,,,2.1842,6.427,348,en,51034
41070,Тёмный лес,2003,85,6200000,1156728,2.9363,5.813,93,no,111532
14527,Защита от дурака,2003,97,8256269,460978,2.4629,6.1,192,en,107630
32276,Беспечный ездок и бешеный бык,2003,119,,,0.9098,7.1,60,en,109070
100594,Kohtalon kirja,2003,85,,,0.9239,3.6,9,fi,969801
14455,Последний меч самурая,2003,137,4000000,2487338,1.5329,7.487,112,ja,76936
24092,Двухкомнатная квартира,2003,70,,,3.3117,6.8,97,ja,81355
20357,Травма,2004,94,,,2.711,5.163,59,en,4575
21200,Откровенное признание,2004,104,4293360,10485817,0.7814,6.3,77,fr,37626
40876,Down to the Bone,2004,104,,,1.0906,6.4,37,en,121873
95536,Разговорный фильм,2003,96,,20312,0.5245,6.6,46,pt,81749
11838,Проклятие,2002,92,3500000,3657876,3.4979,6.7,879,ja,20310
670,Олдбой,2003,120,3000000,17500000,8.7489,8.245,9380,ko,10099
25500,Красные огни,2004,102,,,0.2268,5.453,53,fr,93903
85873,GhostWatcher,2002,90,,,1.6411,3.6,8,en,227732
12583,Рождение оборотня,2004,95,3500000,,1.7011,6.091,296,en,72952
21513,Дитя Луны,2003,120,,,1.5349,5.7,33,ja,106549
14190,Ammrika,2003,87,,,1.7357,5.9,21,no,1321054
49681,El abrazo partido,2004,99,,,0.4729,6.447,38,es,584335
9694,Один пропущенный звонок,2003,112,1700000,17605379,2.0981,6.2,453,ja,17282
12802,Goldfish Memory,2003,85,1200000,,1.7389,5.661,28,en,73663
22537,Инуяся. Фильм 2: Замок в зазеркалье,2002,100,,7506630,2.9815,7.674,153,ja,99203
9667,Пиджак,2005,102,29000000,21733230,3.5068,6.9,1606,en,40307
13373,Миллионы,2004,98,7500000,11782282,2.8185,6.4,399,en,2034
37209,The Saddest Music in the World,2003,101,,,1.2567,6.7,64,en,97579
10304,Звёздный десант 2: Герой федерации,2004,88,7000000,,2.2566,4.5,662,en,7727
40823,"Человек, который копировал",2003,123,514059,24391,1.5967,7.501,365,pt,102561
9666,Проклятие 2,2003,92,20000000,70700000,2.6339,6.448,365,ja,20310
13371,Сексуальная  жизнь продавцов картофеля,2004,85,2295691,1593126,0.71,4.391,32,en,1285005
11049,Интерстелла 5555,2003,67,4000000,6664789,2.5059,7.788,500,en,67925
9316,Онг Бак,2003,100,1100000,20112926,4.6645,7.1,1777,th,57214
11647,Двойная рокировка 2,2003,119,125000,3208262,1.8676,7.3,449,cn,66718
1913,Море внутри,2004,126,12806000,43731621,2.8647,7.568,973,es,19840
45693,Lucky 7,2003,96,,,1.5144,5.746,63,en,92554
2539,Испанский английский,2004,130,80000000,55470154,2.0888,6.0,1350,en,3388
15177,Buddy,2003,104,,2575055,3.2648,6.3,41,no,77965
14770,Festival Express,2003,90,,,2.3329,7.14,25,en,255283
5528,Хористы,2004,95,5300000,83600000,7.1007,7.73,2525,fr,43993
10105,Они были солдатами,2003,90,780000,1310470,1.4575,6.3,296,en,63477
1114,Рассказ плачущего верблюда,2003,91,,,0.4231,7.1,107,mn,15459
179,Переводчица,2005,128,80000000,162944923,2.0508,6.301,1509,en,2226
83,Открытое море,2004,80,120000,54683487,3.7662,5.5,1098,en,640
12653,Ромасанта: Охота на оборотня,2004,90,4500000,432671,2.2096,5.0,102,en,54526
32233,Бег судьбы,2003,93,,,1.6594,6.437,95,cn,58052
55177,Почти натурал,2004,91,,,0.85,6.037,54,en,190339
14310,Двойная рокировка 3,2003,118,250000,4468597,4.9586,6.9,356,cn,66718
24860,Синдром Альцгеймера,2003,118,,,0.7618,6.72,152,nl,82418
26766,Slasher,2004,85,,,0.0941,6.5,8,en,4610
24747,Бобби Джонс: Гений Удара,2004,128,20000000,,0.5738,5.9,50,en,63943
4836,Слоеный торт,2004,105,6500000,11900000,2.4854,6.912,2260,en,957
18711,Серебряный город,2004,128,,1384395,2.192,6.1,75,en,102445
11190,Возвращение,2003,106,,8482993,1.8861,7.288,674,ru,68519
37918,The Agronomist,2004,90,,,0.9687,5.906,16,en,16294
11866,Полет Феникса,2004,113,45000000,21009180,2.4928,6.0,905,en,12028
12281,Жестокий ручей,2004,90,500000,603943,2.4853,6.843,395,en,72034
10320,Звонок 2,2005,110,50000000,161451538,2.3976,5.8,2378,en,26875
16427,День без мексиканца,2004,98,1500000,10057021,1.7299,5.821,70,en,120871
30973,Евангелие от Иоанна,2003,181,10000000,4100000,1.5356,7.5,124,en,107414
12086,Мачука,2004,116,1500000,3187700,3.0756,7.8,208,es,71203
11420,Корпорация,2003,145,,4500000,0.5216,7.621,273,en,69359
57337,Game Over: Kasparov and the Machine,2003,90,,,0.3606,6.4,24,en,225952
81792,ヴァイブレータ,2003,94,,,1.6517,5.857,29,ja,78268
3396,The Yes Men,2003,80,,,0.9956,6.918,97,en,31652
1404,Нежный поцелуй,2004,104,,30148,0.9768,6.437,135,en,15488
62276,Бумер,2003,110,700000,1600000,1.5862,6.3,123,ru,137442
464,Как на небесах,2004,132,,,1.9074,7.11,181,sv,6284
40974,绿茶,2003,83,,,1.0637,7.0,13,zh,27075
59196,Lost Boys of Sudan,2003,87,,,0.195,6.4,10,en,946122
20912,Она ненавидит меня,2004,138,8000000,1500000,1.224,5.1,117,en,5281
5889,Азуми,2003,128,,,2.1276,6.891,350,ja,45996
1126,В доме моего отца,2004,127,,,1.2424,6.952,105,en,15574
11658,38-я параллель,2004,148,1500000,,1.2885,7.988,739,ko,64883
20544,Творение Господне,2004,110,,,2.3471,7.8,287,en,15663
11401,Металлика,2004,141,,,0.8326,7.1,229,en,69237
19423,Держись до конца,2004,93,,1752950,2.2702,5.4,78,en,106491
31781,Redemption: The Stan Tookie Williams Story,2004,95,,,2.7495,6.0,56,en,6198
9483,Schultze Gets the Blues,2003,114,,4035118,0.3699,6.484,32,de,19236
1392,Рожденные в борделях,2004,85,350000,3529201,1.0972,6.791,242,en,53384
1843,Dig!,2004,107,,127067,4.1582,6.7,66,en,19416
33102,The Girl from Monday,2005,84,,,0.1887,4.1,17,en,91343
291,Верхом на великанах,2004,101,2600000,3166000,2.0042,7.592,49,en,4319
88138,Dear Pillow,2004,84,,,1.7778,3.7,3,en,589479
28105,Word Wars,2004,80,,,0.1299,6.4,24,en,113371
51363,Когда меня полюбят,2004,81,,159429,1.1216,4.076,46,en,56381
16843,11:11,2004,95,,,0.8067,3.491,58,en,141197
4896,Тихий как мышь,2004,85,40000,,2.6145,6.238,40,de,39861
8357,What the #$*! Do We (K)now!?,2004,109,,10000000,2.6863,5.077,124,en,55420
3509,Помутнение,2006,100,8700000,7659918,2.7277,6.8,1863,en,564
11662,Легион,2004,145,6000000,12353768,2.2064,5.9,252,ja,70212
10103,Порыв ветра,2004,123,,25000000,2.2119,7.148,149,ko,63429
33150,Howard Zinn: You Can't Be Neutral on a Moving Train,2004,78,,,1.7094,6.5,23,en,110203
13372,Outfoxed: Rupert Murdoch's War on Journalism,2004,74,,,1.2521,7.1,69,en,51521
36678,"Hijacking Catastrophe: 9/11, Fear & the Selling of American Empire",2004,68,,,0.0416,6.6,8,en,223418
21754,Fahrenhype 9/11,2004,80,,,0.8281,3.7,7,en,96200
23319,Jerry Seinfeld: I'm Telling You for the Last Time,1998,75,,,1.0053,7.432,118,en,80172
41171,Ноэль,2004,96,,,4.6531,5.8,313,en,9046
23592,U-429: Подводная тюрьма,2004,94,5400000,64236,1.1492,5.8,108,en,42712
47614,Dependencia sexual,2003,104,,,1.1556,4.3,10,en,1029145
986,Полуночные колокола,1965,115,800000,,1.1041,7.2,231,en,40
70,Малышка на миллион,2004,132,30000000,216763646,4.7091,8.0,10075,en,190
31713,Узкая грань,1952,71,10000000,,0.6875,7.3,157,en,2087
32041,Ад для героев,1962,90,,,0.8183,6.5,127,en,14773
55309,Винсент и Тео,1990,138,,,4.1667,6.4,66,en,9789
38724,И подбежали они,1958,137,,,1.5797,6.9,139,en,13980
12487,Театр ужасов якудза: Годзу,2003,130,250000,,4.0771,6.757,226,ja,17282
56616,Прибежище дракона,2003,82,,,1.3861,6.7,164,zh,71174
205,Отель «Руанда»,2004,121,17500000,38000000,5.18,7.715,3033,en,2589
150523,The Mahabharata,1990,173,,,0.3616,6.944,18,en,60981
46761,Крысятник,1998,80,,,2.0895,6.4,131,fr,4387
43872,Рожденная танцевать,1936,105,,,0.2832,5.929,28,en,94218
5183,Путешествия с моей тетей,1972,109,,,0.8096,5.885,39,en,14674
28055,Кровь и черные кружева,1964,88,,,1.0529,7.3,453,it,25826
12597,Восставший из ада 5: Преисподняя,2000,96,2000000,,1.0331,5.41,508,en,55499
118,Чарли и шоколадная фабрика,2005,115,150000000,475000000,9.1423,7.04,15777,en,510
113213,Во власти наваждения,2000,109,,,1.7825,5.597,31,en,1004120
1280,Пустой дом,2004,88,,3403957,2.8905,7.823,1210,ko,1188
88288,It Happens Every Spring,1949,87,,1850000,0.8019,6.4,21,en,21305
421,Водная жизнь,2004,119,50000000,34808403,2.3265,7.1,3048,en,5655
2567,Авиатор,2004,163,110000000,213719942,4.3918,7.218,5621,en,1032
9833,Призрак оперы,2004,143,70000000,154674241,4.2178,7.263,1721,en,5572
6478,У моря,2004,118,25000000,8400000,1.0086,6.3,173,en,1979
9692,Дровосек,2004,87,4000000,4700000,2.0946,6.869,508,en,58573
1901,Крутая компания,2004,110,,61314565,1.3604,6.046,657,en,3289
693,Знакомство с Факерами,2004,115,80000000,516642939,4.3524,6.254,4994,en,6737
842,Убить президента. Покушение на Ричарда Никсона,2004,95,,4426087,0.9736,6.5,295,en,12624
9953,Любовная лихорадка,2004,119,,1841260,1.3324,6.8,408,en,60860
11162,Венецианский купец,2004,132,30000000,21600000,1.8215,6.8,590,en,28898
54291,Река,1997,115,,,1.1736,6.7,73,zh,71174
57564,Бунтари неонового бога,1994,106,,28791,1.6077,7.3,147,zh,71174
15401,Капитан Кидд,1945,89,,,0.4274,6.2,33,en,30146
14604,Задержите это привидение,1941,86,,,0.9919,6.8,70,en,78845
26275,Девочки-камикадзе,2004,102,,,2.9707,7.0,211,ja,131186
15045,Толстяк Альберт,2004,93,45000000,48600000,3.2072,5.129,268,en,54644
42420,Ключи от дома,2004,111,,,1.3156,6.5,81,it,128107
1853,In the Realms of the Unreal,2004,81,,,0.4816,7.1,40,en,19509
11804,Белый шум,2005,101,10000000,91196419,2.2613,5.602,840,en,61357
19803,Новичок,2005,95,,,2.0244,4.9,92,en,74062
11354,Видимость гнева,2005,118,12000000,28237488,1.3593,6.271,280,en,24173
41613,Bomb the System,2002,93,,,0.1884,6.9,16,en,93019
61049,Arrowhead,1953,105,,,1.8959,5.9,26,en,83455
41384,The Grateful Dead Movie,1977,132,,,1.034,7.12,25,en,1442
14677,Последний поезд из Ган Хилл,1959,98,,2500000,2.0187,7.082,207,en,14520
61988,The Naked Jungle,1954,95,,,1.223,6.4,111,en,51000
46021,Пригоршня праха,1988,118,,1561000,1.3693,6.037,41,en,77104
40881,The Pickle,1993,103,,,2.2777,4.692,13,en,47773
147747,Уэзерби,1985,102,,,2.2057,5.9,40,en,8403
47876,Маленькая мисс Маркер,1980,103,,6321392,0.8335,6.571,49,en,6835
43150,Little Miss Marker,1934,79,,,0.5691,6.4,24,en,99667
66600,Сладкая свобода,1986,106,,,2.5658,5.3,39,en,21278
64334,Жизнь обетованная,2002,93,,,0.7347,5.094,16,fr,16919
75976,It's All True,1993,89,,,1.0163,7.6,16,en,366325
43442,"Я помню, мама",1948,134,,,1.1789,7.1,62,en,18738
25033,Последний фильм ужасов,2004,76,780000,,0.7923,5.5,46,en,92994
21259,Завещание,1983,90,1500000,2044892,2.3834,6.3,131,en,92443
33766,Приятный разговор,1985,91,,,0.4053,6.202,62,en,146150
220690,Далекий гром,1988,114,8000000,156188,2.285,5.6,16,en,33341
22301,Ангелы ада,1930,131,3950000,8000000,1.4136,6.4,100,en,13348
21030,Daddy's Dyin'... Who's Got the Will?,1990,95,,1373728,0.7346,5.2,8,en,5632
79008,Сглазили!,1982,103,,,2.1602,4.5,23,en,14773
120328,Замёрзший,1989,92,,,1.5465,5.9,26,en,22151
95466,Сердце Америки,2003,87,3000000,,0.9586,4.922,32,en,23799
26426,A Show of Force,1990,95,,,0.9802,4.8,9,en,69719
18627,Сын Годзиллы,1967,86,,2399280,2.1915,6.453,234,ja,30561
39472,Мужские хлопоты,1992,100,30000000,4096030,1.7243,4.9,64,en,19450
34326,仁義なき戦い,1973,99,150000,,1.8947,7.328,116,ja,31074
10630,Наци,2002,105,6854500,,1.4298,6.177,31,de,66091
18927,Стандер,2003,116,15000000,,1.9212,6.181,113,en,18320
42257,Хестер Стрит,1975,89,,,1.9259,6.1,31,en,97646
59143,Мики и Ники,1976,119,4300000,,0.971,6.855,186,en,58251
74122,The Bigamist,1953,80,,,1.96,6.4,107,en,46617
58097,Поборницы свободы,1996,125,,,0.3879,6.3,64,es,105153
25350,Вымышленные герои,2004,111,10000000,,2.0971,6.474,116,en,11013
16442,Сержант Йорк,1941,134,1400000,16361885,2.3799,7.2,224,en,11435
7229,Невезучие,2003,87,27440000,27729359,3.479,6.679,870,fr,38507
12576,На страже смерти,2002,94,,2300000,1.8087,5.745,216,en,69593
42223,Мадам Роза,1977,105,,,1.3087,6.8,40,fr,545021
20719,День психа,2002,93,,,1.8513,7.6,221,pl,228086
16220,Волшебники,1977,82,1200000,9000000,3.9286,6.2,227,en,16384
23832,Армия Бранкалеоне,1966,120,,1314230,1.4739,7.699,380,it,32375
54794,Heartlands,2003,90,,,1.4235,5.909,22,en,65865
33475,Эббот и Костелло встречают человека-невидимку,1951,82,627000,,0.9862,6.3,110,en,29627
33472,Эбботт и Костелло отправляются на Марс,1953,77,762446,1250000,1.2628,5.4,53,en,29627
33477,Эбботт и Костелло встречают убийцу Бориса Карлоффа,1949,84,686000,,0.4354,6.573,55,en,30099
10609,Жизнь и смерть Питера Селлерса,2004,122,,,0.6787,6.6,185,en,2042
2091,Метка,2002,103,6000000,,2.4531,5.822,45,en,21415
11633,Яблочное зёрнышко,2004,101,10000000,1461989,1.8791,6.687,378,ja,70100
35031,Млечный Путь,1969,102,,,1.5719,7.037,175,fr,793
12127,Пеппи в стране Така-Тука,1970,95,,,1.8775,6.9,130,sv,55006
11626,Путешествие С Пеппи Длинныйчулок,1970,94,,,1.8682,6.7,112,sv,55006
36430,Ограбление,2002,97,,,1.6709,6.2,19,en,63943
9947,Электра,2005,97,43000000,56681566,4.5061,5.046,2577,en,12523
6439,Бешеные скачки,2005,102,30000000,90754475,3.3726,5.9,641,en,50582
7214,Тренер Картер,2005,136,30000000,76669554,4.4612,7.574,3166,en,52038
43504,The Fighting Sullivans,1944,112,,,0.777,6.025,20,en,21305
24749,Ледяной человек,1984,100,,,1.4594,6.2,136,en,64061
17657,Полярная станция «Зебра»,1968,148,8000000,4600000,1.2469,6.3,173,en,14520
32546,Lugares comunes,2002,110,,,1.5292,7.8,29,es,109356
42390,Город мальчиков,1938,96,,,2.5542,6.7,95,en,82800
26488,Торремолинос 73,2003,87,,1819410,3.9083,6.2,73,es,95528
61477,周渔的火车,2002,97,,,1.5192,6.2,26,zh,65278
27429,Судороги,1975,87,179000,1000000,3.3296,6.4,689,en,224
19610,Звезда родилась,1976,139,6000000,80000000,1.5518,6.0,233,en,13861
27549,Повелитель зверей 2: Сквозь портал времени,1991,107,6000000,869325,1.8994,4.572,76,en,24757
43892,Золотоискатели 1935-го года,1935,95,,,1.0999,6.435,54,en,95293
8422,Рокко и его братья,1960,179,,,3.3617,8.0,635,it,15127
989,The Mortal Storm,1940,100,,,1.1437,7.3,89,en,14855
43779,Однажды в медовый месяц,1942,115,,,1.4896,6.2,51,en,30008
49696,Утро понедельника,2002,126,,,2.0718,5.9,18,fr,40260
34778,Christmas in July,1940,67,,,1.1973,6.894,85,en,30249
25970,Я женился на ведьме,1942,77,,,1.3807,6.8,216,en,33166
100894,Мэр ада,1933,90,229000,,1.0949,7.1,31,en,81165
44463,Чудесная девушка,1931,90,,,1.1107,6.684,49,en,2662
39504,Убежище,2004,124,,214605,4.0425,7.158,73,bm,557134
14883,История одной девушки,2004,104,,,1.1545,4.9,51,en,77465
11423,Воспоминания об убийстве,2003,131,2800000,26000000,7.4079,8.1,4314,ko,21684
10694,Погоня,1994,84,26000000,8000000,3.2928,5.8,373,en,50583
16410,Hobson's Choice,1954,108,,210000,1.2208,7.4,156,en,12238
342,Летний шторм,2004,98,2700000,2085166,1.8215,6.8,206,de,5192
613,Бункер,2004,156,16000000,92181574,3.7763,7.857,4121,de,7832
273,Das weisse Rauschen,2001,107,250000,,0.3881,7.0,58,de,3722
8978,Нападение на 13-й участок,2005,109,30000000,35294470,4.3753,6.186,1155,en,58324
11637,"Ну что, приехали?",2005,95,32000000,97918663,3.1207,5.7,1022,en,13581
12142,Один в темноте,2005,96,20000000,12693645,2.0609,3.251,638,en,23799
11096,Игра в прятки,2005,97,30000000,127369981,2.3227,6.329,1656,en,15337
22559,Чужие из бездны,2005,99,,,1.7079,6.1,76,en,2710
8968,Бугимен,2005,89,20000000,67192859,2.5002,5.0,782,en,56435
6961,Жених напрокат,2005,90,15000000,47175038,2.2714,6.817,1232,en,51600
31165,...А в душе я танцую,2004,104,,,0.8912,7.4,219,en,65865
2517,Никто не узнает,2004,141,,,4.2314,7.972,599,ja,25645
11413,Герой месяца,2004,98,,,1.5472,5.658,154,en,66571
24962,Волшебное Озеро,1995,98,,,1.0021,5.3,36,en,92905
17978,Большая белая надежда,1970,103,,,1.522,6.2,34,en,18854
42729,Шерлок Холмс: Этюд в кошмарных тонах,1965,95,,,1.0063,6.2,72,en,126462
22383,Профессионалы,1966,117,,,1.9459,7.092,326,en,3632
43801,Дьявол и мисс Джонс,1941,92,,,1.0038,7.7,60,en,10790
41851,Everyday People,2004,91,,,0.3552,5.971,17,en,205639
661,Замужество Марии Браун,1979,120,,,1.2965,7.355,286,de,2725
10310,Горькие слезы Петры Фон Кант,1972,124,,,2.6981,7.388,228,de,2725
36851,Красавчик Жест,1939,112,,,2.2546,6.935,107,en,14643
147882,На кончике шпаги,1952,81,,,0.9464,4.846,13,en,93975
27007,Overnight,2003,82,550,,0.8054,6.333,66,en,96748
29259,Дыра,1960,132,,33187,2.1858,8.3,531,fr,103393
53200,Уроки темноты,1992,54,,,0.3341,7.8,143,de,6818
55624,Fata Morgana,1972,76,,,1.2763,6.6,81,de,6818
2436,Двойной дракон,1994,96,3500000,2341309,2.1213,4.52,366,en,22636
20196,Мак и я,1988,99,,5935269,1.4998,4.4,263,en,59023
61144,Южане,1991,88,,,1.8285,4.167,15,en,121760
6317,Rosenstraße,2003,136,,,0.9468,6.3,42,de,39298
68822,Золотая Каска,1952,99,,,1.0457,7.3,197,fr,103393
27430,Не тронь добычу,1954,95,,,1.6093,7.2,269,fr,103393
43141,Сваха,1958,101,,,1.2783,7.0,15,en,149091
135473,The Ballad of the Sad Cafe,1991,101,,184890,0.8987,5.5,12,en,4001
41968,Душители,1988,102,,346297,1.8417,5.274,31,hi,1788
34090,Siberia,1998,91,,,0.0993,4.615,13,nl,91518
34561,Пурпурная бабочка,2003,127,,,1.4093,6.7,20,zh,71056
45174,Передышка,2003,99,,,2.5813,5.621,30,en,663866
16638,Эль Сид,1961,172,6250000,26600000,3.9702,6.832,289,en,40199
118075,Попутчики,1997,103,,86175,0.8304,4.625,32,en,11676
42011,Сборщица налогов,1987,127,,,1.3112,6.7,38,ja,69167
7454,Бункер,2001,95,,,1.455,5.6,78,en,53357
70498,Прекрасное безумие,1966,107,,,1.1399,4.722,18,en,10930
63617,Пожнешь бурю,1942,119,,,1.3886,6.4,57,en,8636
23132,2009 로스트메모리즈,2002,136,7000000,12049825,2.0169,6.221,77,ko,89796
68348,Undergångens arkitektur,1989,119,,,1.5791,7.2,30,sv,550886
37198,Inferno,1953,83,1055000,,2.297,6.0,40,en,26134
4935,Ходячий замок,2004,119,24000000,236049757,10.4663,8.392,10644,ja,608
8953,Стимбой,2004,126,26000000,18900000,2.2347,6.9,466,ja,185
10951,Великолепный,1999,121,,,2.6507,6.4,401,cn,65934
42845,Лезвие,1995,105,,,1.8512,7.0,114,cn,26760
193704,Assisted Living,2005,76,500,41,1.2922,7.5,1,en,1174060
41569,The Nomi Song,2004,98,,,0.3504,6.239,23,en,1197567
8488,Правила съёма: Метод Хитча,2005,117,70000000,371600000,4.209,6.573,6047,en,17167
13682,Винни и Слонотоп,2005,68,20000000,52900000,2.4065,6.8,479,en,73161
12228,Inside Deep Throat,2005,90,2000000,653621,1.4975,6.396,140,en,16958
32588,Uncle Nino,2003,104,,,3.2447,7.6,10,en,112078
57825,Невеста и предрассудки,2004,112,7000000,24700000,2.9505,6.4,395,en,6220
561,Константин: Повелитель тьмы,2005,121,100000000,230900000,6.25,7.116,7717,en,10943
10214,Сын маски,2005,94,84000000,59918422,3.7116,4.209,1909,en,64191
17880,Благодаря Винн Дикси,2005,106,14000000,32645546,2.0296,6.455,243,en,39819
8340,И черепахи умеют летать,2005,98,,1075462,1.0732,7.7,232,ku,54607
6414,Прекрасный боксер,2003,118,,638317,1.558,6.5,51,th,49605
27202,Поли Шор мертв,2003,82,,,0.7495,4.343,86,en,64998
1942,Исчезнувшая Банни Лейк,1965,102,,,1.4394,7.2,197,en,834
61574,Jeremy,1973,90,,,2.3111,7.0,26,en,233331
21433,А ей ни слова обо мне,1990,101,6700000,,1.1845,5.7,54,en,22151
52778,До сентября,1984,95,,4100000,2.7461,4.733,15,en,19800
19119,Ночь и город,1950,96,,,1.0322,7.478,270,en,14227
18279,Paha maa,2005,133,2000000,,1.8683,6.7,64,fi,87322
10636,Большие девочки не плачут,2002,91,,,1.2495,5.857,35,de,53339
123452,White Banners,1938,92,,,1.5795,5.8,6,en,34740
3040,Ночной дозор,2004,114,10000000,50336279,2.1972,6.2,772,ru,23430
18538,Точки над I,2003,92,,,1.051,6.028,126,en,307791
41475,Bright Leaves,2004,108,,,0.1382,6.8,15,en,126620
44875,Топпер возвращается,1941,88,,,0.43,6.4,59,en,94218
43128,Сыновья пустыни,1933,68,,,1.1582,7.0,255,en,108987
42641,Марокко,1930,92,491000,,2.2398,6.304,153,en,2891
39179,Surplus: Terrorized Into Being Consumers,2003,54,,,0.7959,6.5,37,en,90139
13498,Крутой и цыпочки,2005,100,40000000,21577624,2.4226,5.8,486,en,18356
29993,Самсон и Далила,1949,134,3000000,11500000,2.9806,6.5,232,en,8636
9470,Разборки в стиле кунг-фу,2004,99,20000000,102034104,7.5425,7.5,3024,cn,57607
36867,鮫肌男と桃尻女,1999,108,,,1.8657,6.8,50,ja,107668
30698,Куда приводят сны,2004,132,20000000,,3.1277,7.0,102,en,581423
12721,Не отступать и не сдаваться,1986,85,,4662137,1.3901,6.3,602,en,35452
27042,Чаббчаббы!,2002,6,,,1.7625,6.8,89,en,97000
37232,ཆང་ཧུབ་ཐེངས་གཅིག་གི་འཁྲུལ་སྣང,2003,108,,,1.0701,6.868,34,dz,115309
19765,Желяры,2003,150,,,3.5138,6.961,51,cs,213337
37527,Хихикающий доктор,1992,95,,8403433,2.502,5.547,172,en,41795
43492,Кукуруза зеленая,1945,115,,,0.2613,7.162,34,en,93904
29578,Критическое решение,1976,113,5000000,,1.2817,6.2,105,en,18378
2926,Три мушкетера,1973,105,4500000,22018000,1.7626,6.76,338,en,10586
54302,Королевский блеск,1975,102,,,2.0589,5.804,28,en,10586
4710,Мужское-женское,1966,110,,,1.3708,7.2,406,fr,3776
26243,Падший ангел,1945,98,,1500000,2.3363,6.5,122,en,834
10568,Четыре пера,1939,129,,,0.6452,7.1,99,en,65852
205061,Always a Bridesmaid,2000,98,,,0.0874,4.5,4,en,213602
52943,La cabina,1972,35,,,2.5781,7.2,134,es,1007551
25103,Ночь демона,1957,95,,,0.8283,7.0,297,en,10146
5204,Контроль,2003,105,500000,1277800,3.5496,7.181,279,hu,41671
89065,Прекрасный город,2004,98,,,0.2957,7.8,63,fa,229931
4974,5x2,2004,90,,,2.2004,6.433,165,fr,4387
30331,Колледж,2001,94,3300000,,3.0603,4.3,66,en,1222235
258,Семейный очаг,1970,97,,,0.7328,7.1,300,fr,1650
8016,"Германия, год нулевой",1948,78,,,1.5886,7.7,407,it,4410
37601,Могилы слепых мертвецов,1972,91,,,1.1889,6.2,163,es,72891
4235,Сицилийский клан,1969,121,19000000,,2.3428,7.6,351,fr,34580
31532,Люби меня сегодня,1932,89,,,1.0056,6.541,86,en,29595
34614,Ett hål i mitt hjärta,2005,98,,,1.359,4.2,74,sv,11037
51177,"Больше, чем небо",2005,106,750000,20149,2.3239,5.3,24,en,38576
16186,Дневник безумной черной женщины,2005,116,5500000,50652203,1.786,6.5,230,en,77441
10012,Оборотни,2005,97,35000000,19300000,2.3802,5.43,750,en,5140
65967,Horem pádem,2004,108,2000000,,0.2769,6.6,29,cs,135678
281189,Gory Gory Hallelujah,2003,96,,,0.051,2.6,9,en,1116801
10022,Лысый Нянька: Спецзадание,2005,95,56000000,198636868,4.6389,6.073,3158,en,20739
4551,Будь круче!,2005,118,53000000,95200000,3.551,5.457,935,en,37932
30856,Gunner Palace,2004,85,,,2.1975,6.3,22,en,107147
26,Прогулки по воде,2004,103,1400000,444,1.7293,6.8,90,he,160
2026,Заложник,2005,113,52000000,77944725,1.9694,6.345,1695,en,1011158
9928,Роботы,2005,91,75000000,262511490,5.7654,6.475,4788,en,5713
29735,Смеющийся полицейский,1973,112,2280000,1700000,1.3928,6.2,66,en,13859
76264,Bopha!,1993,120,12000000,212483,2.1593,5.3,11,en,192
15771,Коллективный иск,1991,105,,,2.6085,6.29,169,en,10781
76804,Кот и канарейка,1927,82,,325550,1.2112,6.86,82,en,48055
43912,Courage Mountain,1990,98,,,2.354,5.7,13,en,57436
82432,Поцелуй невесту,2002,89,,,0.7388,4.643,14,en,566987
3115,Годзилла против Морского монстра,1966,87,,3000000,2.1336,6.3,205,ja,30561
6593,Годзилла против Мехагодзиллы 2,1993,105,9500000,18000000,3.575,7.273,218,ja,50651
116698,That Championship Season,1982,110,,,0.6217,4.7,9,en,21736
63115,Crush,1992,92,,,2.0761,5.8,8,en,157879
76403,Генозавр,1997,97,,,2.04,4.008,65,en,16601
87169,The Low Life,1995,96,,,0.8516,5.1,7,en,37852
34093,Свидание,1985,82,,,2.84,5.617,77,fr,96627
38148,"О, Боже! Ты дьявол",1984,97,,,1.0481,5.6,43,en,55146
77041,Среди друзей,1993,88,,,1.8047,5.9,7,en,183055
167087,Asfalto,2000,90,,,1.5083,6.054,28,es,212687
34196,Бог – бразилец,2003,113,,,1.0764,6.221,156,pt,112117
54380,Capitães de Abril,2000,123,6105121,,1.1745,6.5,63,pt,2319
15443,Черный шар,2003,96,,48000,1.143,5.2,54,en,141450
36815,Муки и радости,1965,138,10000000,4000000,1.2815,7.1,147,en,15378
111017,Return to Peyton Place,1961,123,,,6.1971,6.5,40,en,12515
37598,Буч и Сандэнс: Ранние дни,1979,115,,,1.5582,5.022,36,en,10586
40957,Это случилось с Джейн,1959,97,,,1.1552,6.1,65,en,18907
33539,Однажды в лесу,1993,71,13000000,6582052,2.1418,6.5,133,en,90864
41749,Hello Down There,1969,88,,,0.8753,5.7,16,en,33883
88930,Всей работы на одну ночь,1961,94,,,0.899,5.9,21,en,149091
31835,Двадцатый век,1934,91,,,0.4298,6.8,109,en,11435
60966,Моя сестра Эйлин,1955,108,,1800000,1.0978,6.5,26,en,18907
85926,"Мы незнакомы, когда встречаемся",1960,117,,,1.1391,6.2,42,en,18907
1918,אור,2004,95,,,0.5753,6.81,21,he,19939
20511,Хроники,2004,108,,783778,2.1881,6.3,50,es,86255
133382,Lackawanna Blues,2005,95,,,0.5036,5.732,28,en,5369
22377,Зеленые береты,1968,142,7000000,11000000,1.9999,5.7,181,en,4165
1093,Лифт на эшафот,1958,118,,263404,1.5754,7.6,664,fr,15389
45212,The Diary of a Chambermaid,1946,91,,,0.6516,6.2,35,en,11528
12622,Жестокий полицейский,1989,103,,,2.3759,7.222,394,ja,3317
25283,Fyra nyanser av brunt,2004,192,,,0.6234,6.5,33,sv,74396
18047,Brian's Song,1971,73,,,1.0839,7.2,89,en,40402
15018,Триллер: Жестокий фильм,1973,104,,,1.9004,6.4,207,sv,77709
438,Куб Зеро,2004,97,825000,,1.5904,5.7,1102,en,5917
57953,Project Grizzly,1997,72,,,0.0498,5.8,16,en,279107
64022,Lumikuningatar,1986,93,,,1.012,6.6,16,fi,936887
42222,Джулия,1977,117,7840000,20700000,2.3681,6.4,156,en,4065
11297,Спасти зеленую планету!,2003,118,3000000,,3.5536,7.0,207,ko,68905
11196,Rembrandt,2003,109,3000000,59466,2.3343,6.0,36,da,68554
33431,Июньский змей,2003,77,,,2.1097,6.8,163,ja,58608
18770,Тридцать секунд над Токио,1944,138,2900000,,1.5857,6.6,60,en,9054
37988,Vares – Yksityisetsivä,2004,95,,,2.6133,6.125,44,fi,93561
40916,Girl Crazy,1943,99,,,2.3596,5.4,22,en,82800
42837,Трехгрошовая опера,1931,112,,,1.0343,7.0,59,de,13899
1589,The Boys & Girl from County Clare,2003,91,,,1.0016,5.833,21,en,17784
13374,Принцесса Льда,2005,98,25000000,27645491,3.5422,6.4,927,en,125544
9688,Мелинда и Мелинда,2004,99,16000000,20085825,1.1084,6.2,483,en,1243
228890,Milk and Honey,2003,90,,,0.9573,1.0,2,en,146745
10040,Мисс Конгениальность 2: Прекрасна и опасна,2005,115,,101393569,3.3229,5.7,1922,en,58072
11638,"Угадай, кто?",2005,105,35000000,103100000,2.2121,6.009,951,en,70777
540,Шпионки,2005,91,3500000,97446,2.321,6.5,603,en,7312
77120,A League of Ordinary Gentlemen,2004,93,,,0.5141,6.3,11,en,2762765
48463,Инцидент на Лох-Нессе,2004,94,1400000,37493,1.2572,5.8,91,en,11011
45218,Река,1951,99,,,2.8363,7.2,118,en,11528
44540,Бегство,2002,103,,,0.8216,7.2,12,en,67632
21666,Янки,1979,138,,,2.1503,5.9,60,en,19304
23916,Адская Кухня,1978,107,6000000,7185518,3.2348,5.8,145,en,16483
52277,Mávahlátur,2001,102,,,2.4462,5.5,15,is,239605
32208,Caballos salvajes,1995,122,,,3.111,6.5,29,es,87014
44634,Woman Thou Art Loosed,2004,94,3000000,6804016,0.7611,5.286,21,en,77300
84298,Доктор Эрроусмит,1931,108,,,1.8202,6.6,28,en,8500
76499,Варварское побережье,1935,91,,,2.6366,6.542,36,en,11435
43865,Стелла Даллас,1937,106,,,1.6915,6.912,92,en,29962
48598,Böse Zellen,2003,120,,,3.2411,4.333,6,de,4645
72847,The Unfaithful,1947,109,,,1.8792,5.833,21,en,19528
93313,Иди и бери,1936,99,,,0.7231,6.838,39,en,10001
32078,Паника на улицах,1950,96,,,1.0518,6.9,155,en,2746
26038,Звонить Нортсайд 777,1948,111,,,1.082,6.708,166,en,37360
45694,Молодой Тёрлесс,1966,87,,,0.7908,6.5,55,de,10249
43029,Звонят телефоны,1960,126,,,0.9914,6.3,47,en,13980
42622,Радуга Финиана,1968,145,3500000,11600000,0.721,5.9,44,en,1776
27495,Кошмар дома на холмах,1978,93,185000,,1.4623,5.5,116,en,97959
19884,Меч судьбы,1966,119,,,2.108,7.7,247,ja,85309
47007,Кроваво-красный,1996,110,,,4.7692,6.8,46,es,532227
37748,800 пуль,2002,124,4380750,1947000,2.9817,5.8,105,es,57865
52302,Нападение людей-грибов,1963,89,,,1.8502,6.8,100,ja,18598
39327,The Music of Chance,1993,98,,,0.9948,6.537,27,en,55038
86458,Смешанная кровь,1984,98,,,1.2182,5.5,14,en,18627
22434,Если бы взгляды могли убивать,1991,88,,7788597,3.0624,6.1,174,en,56506
12778,Жадность,1994,113,,13145977,2.1058,6.1,277,en,21217
42106,Кармен,1983,102,,,4.2178,6.572,69,es,96369
16198,Наши соседи Ямада,1999,104,,,2.4497,7.028,580,ja,628
158,Достучаться до небес,1997,87,3500000,,1.9581,7.7,557,de,1843
1772,City of Hope,1991,129,,,1.2655,6.583,36,en,102445
5996,Мы не ангелы,1955,106,,3000000,1.3297,7.2,190,en,4109
53939,Sons and Lovers,1960,103,,,1.0685,6.4,38,en,6603
19665,Стрела,1997,180,7800000,,2.43,6.667,12,en,168782
36006,Рагглз из Ред-Геп,1935,90,,,1.0958,7.1,77,en,30008
73604,Приветствия,1968,88,,,2.3989,5.5,104,en,1150
16301,End of the Century: The Story of the Ramones,2003,110,,,1.046,7.6,57,en,80488
47002,Любовное письмо,1995,117,,,3.421,7.753,235,ja,55785
14573,Город будущего,2003,114,6000000,,1.4808,5.4,114,ko,77063
18774,Такова спортивная жизнь,1963,134,286281,,0.6456,7.0,114,en,78157
44154,Прикосновение дзен,1970,180,,,1.8946,7.7,214,zh,83698
28448,Уокер,1987,94,5800000,257043,1.7508,6.4,82,en,31493
38155,Зу: Воины с волшебной горы,1983,95,,,3.0844,6.8,92,cn,26760
34282,Свистни по ветру,1961,99,,,1.2465,7.2,56,en,31439
27030,Мадам де…,1953,105,,,1.7081,7.5,250,fr,14353
120129,Полковнику никто не пишет,1999,118,,,5.2914,5.3,26,es,532227
22595,Гонщик,1928,85,,,2.8751,7.3,105,en,143558
19545,Годзилла против Монстра Зеро,1965,96,,3000000,2.1393,6.763,238,ja,18598
21131,Харви Крампет,2003,22,,,3.3289,7.4,189,en,92733
47237,Исследуя секс,2002,108,8000000,,1.6304,4.6,36,en,72427
17592,The Wild Parrots of Telegraph Hill,2003,83,,,0.9936,7.135,26,en,1134304
17113,Баллада о Джеке и Роуз,2005,111,1500000,712294,1.6786,6.113,165,en,41670
187,Город грехов,2005,124,40000000,158733820,4.6228,7.5,8561,en,2294
14177,Салон красоты,2005,105,25000000,36351350,2.2925,6.295,538,en,62116
11399,Посмотри на меня,2004,110,,,1.4695,6.333,99,fr,28279
23638,Dust to Glory,2005,97,,,0.609,6.4,14,en,90425
7364,Сахара,2005,124,130000000,119269486,3.9001,5.912,1572,en,52609
11431,Бейсбольная лихорадка,2005,103,30000000,50500000,1.091,6.2,737,en,7396
52796,Зимнее солнцестояние,2004,90,,337617,2.5043,5.8,20,en,139558
45824,Smile,2005,107,,,1.5378,4.7,15,en,1515861
27271,Глаз тигра,1986,92,3000000,,1.0569,6.0,60,en,21544
51945,Только не в губы,2003,115,,,0.2346,5.647,34,fr,11983
51104,Гибель на вулкане Кракатау,1968,131,,,5.9715,5.9,38,en,89157
16551,Горный хрусталь,1984,111,28000000,21435321,0.686,4.808,117,en,12698
26332,Парни в синей форме,1973,114,,,0.9754,6.9,99,en,95134
24964,Sting - Bring on the Night,1985,97,,,0.8222,6.9,7,en,10781
42229,Необычный день,1977,106,,,1.7014,8.0,728,it,31894
45220,Эта земля моя,1943,103,,,1.1601,7.2,67,en,11528
52663,반칙왕,2000,112,,,1.5649,6.8,87,ko,69081
49565,"Человек, который сажал деревья",1987,30,,,0.4765,8.0,171,fr,142449
2029,Танги,2001,108,,24272365,3.3656,5.956,485,fr,20849
44181,Золотоискатели,2003,90,,527000,4.3114,3.167,33,en,130405
24619,Слепой горизонт,2003,99,5000000,,1.1097,5.7,107,en,124390
70926,Острова в океане,1977,104,,,1.9414,6.4,22,en,13265
37214,Go for Broke!,1951,92,,,1.2797,5.78,25,en,70980
26774,Обличье сатаны,1971,96,140000,,0.678,6.169,160,en,32154
31944,"Reuben, Reuben",1983,101,,,0.2486,6.208,24,en,88458
85673,TNT Jackson,1974,72,,,0.3607,4.6,41,en,105084
62637,Почему Бодхидхарма ушел на Восток?,1989,137,,,0.3468,7.111,36,ko,235647
94794,Blue,1993,79,,1718328,3.0285,7.026,76,en,86290
50435,Билитис,1977,95,,,3.5201,5.3,97,fr,188517
42617,Кеймада,1969,129,,,3.3443,6.8,126,it,90694
13524,Битва в Арденнах,1965,167,6500000,11118000,2.2419,6.911,271,en,35318
31219,Ghosts... of the Civil Dead,1988,93,,,0.6962,5.671,35,en,53333
19971,Девочка живущая вниз по переулку,1976,91,,,1.0273,7.0,334,en,29494
47406,Цветок тысяча и одной ночи,1974,131,,,2.0479,6.5,218,it,5970
49225,Совершеннолетие,1969,107,,,1.3873,5.9,78,en,68424
42691,Царь Эдип,1967,104,,,2.9588,6.748,357,it,5970
9674,Звонок 0: Рождение,2000,99,6000000,11918069,1.8248,6.1,272,ja,58677
3875,Братья,2004,117,,,2.9533,6.7,107,da,1011
24182,Parenti serpenti,1992,105,,,2.3834,7.365,342,it,32375
38770,Major Barbara,1941,121,,,2.4218,6.7,20,en,101373
74948,Степной волк,1974,107,,,2.5769,5.8,25,en,254234
14689,Гавайи,1966,189,15000000,34562222,2.1072,6.3,50,en,9577
69321,"Хорошенькие девушки, станьте в ряд",1971,91,,,1.2081,5.7,47,en,53767
31321,Samotáři,2000,103,,,3.3684,7.337,46,cs,1081564
26638,Красная пустыня,1964,117,,,1.8605,7.34,485,it,15189
37512,Сатанинское зелье,1976,113,,,2.3718,6.3,32,de,2725
9653,Девушки в униформе,1931,88,,,1.138,7.1,113,de,58343
42637,Дневник падшей,1929,113,,,1.8386,7.3,119,de,13899
19673,Сексмиссия,1984,117,,,5.028,7.236,313,pl,107639
14842,44 Minutes: The North Hollywood Shoot-Out,2003,86,10000000,,1.6417,6.6,105,en,74566
27883,Макбет,1948,92,,,0.5513,7.2,176,en,40
41115,Гараж Олимпо,1999,98,,,1.4522,6.8,90,es,73748
32085,Винсент,1982,6,60000,,2.7367,7.9,893,en,510
43824,Мост Ватерлоо,1940,108,1200000,2500000,3.2861,7.476,168,en,9054
41954,Отель Терминус: Жизнь и времена Клауса Барби,1988,268,,341000,0.7681,7.0,36,en,19789
54156,Первые желания,1983,93,,,3.756,4.2,36,fr,188517
39225,Шестеро под одной крышей,1968,95,,,2.0505,6.3,40,en,27517
30204,"Я вернулась, дорогой",1963,103,,12705882,0.5375,6.7,97,en,123401
40633,Люби меня или покинь меня,1955,122,,,1.2289,6.74,50,en,32134
4595,Праздничный день,1949,86,,,0.7724,7.0,236,fr,5763
26182,Большой магазин,1941,83,,,1.381,6.2,73,en,94180
42260,Вознесение матушки Кюстерс,1975,108,,,0.5847,7.6,32,de,2725
31442,Иваново детство,1962,96,,,1.4493,7.823,796,ru,8452
775,Путешествие на Луну,1902,15,5985,,5.3916,7.901,1911,fr,11523
36971,Whisky,2004,99,,,4.0424,6.9,89,es,116583
50183,Восхождение,1977,111,,,2.0594,7.8,231,ru,143285
7342,Кэрри,2002,132,5000000,,1.2954,6.1,536,en,2380
45267,Боккаччо 70,1962,204,,,2.5953,6.869,145,it,32375
9636,Контроль,2004,100,6800000,,2.1829,6.055,181,en,15858
36984,Trespassing,2004,88,,8747,1.6834,4.75,20,en,33156
48580,Un héros très discret,1996,107,,,1.3765,6.8,109,fr,17496
36843,Сладости жизни,1990,103,,1500000,1.325,7.0,169,en,65452
18871,Розовая лошадь,1947,101,,,0.983,7.2,67,en,19406
69069,Песнь Джимми Блэксмита,1978,120,1380000,,1.2157,6.7,66,en,64061
45713,Двойное самоубийство,1969,105,,,1.8561,6.9,56,ja,133518
104193,Мальчик,1969,105,,,1.9475,7.2,55,ja,46230
64167,Let Him Have It,1991,115,3735600,635064,1.2538,6.63,46,en,21377
124083,Guelwaar,1993,115,,,0.4622,6.6,7,wo,557134
68528,Доктор Акаги,1998,128,,,1.721,6.4,25,ja,20025
185987,Черный дождь,1989,123,,,1.6227,7.5,126,ja,20025
40177,Les Démons de Jésus,1997,117,,,1.3199,6.615,65,fr,145302
39851,Очищение,2004,111,,,3.2975,6.4,73,en,21678
45161,The Delicate Art of Parking,2003,86,944149,,1.0459,5.889,9,en,64755
84084,Уилсон,1944,154,2995000,2000000,1.8492,5.5,24,en,37362
84087,Blossoms in the Dust,1941,99,,,1.2623,6.6,32,en,9054
7453,Автостопом по галактике,2005,109,50000000,104500000,3.7614,6.68,4081,en,52842
6183,Босиком по мостовой,2005,110,,,0.4231,6.776,194,de,1844
8220,Нескромное обаяние порока,1983,100,,1450000,1.8477,6.6,200,es,309
35170,Искусство Шаолиня – змея и журавль,1978,96,,,2.066,6.5,85,cn,83736
20187,Санкция на пике Эйгера,1975,129,9000000,14200000,1.138,6.144,430,en,190
38151,Это началось в Неаполе,1960,100,,2300000,1.7886,6.3,77,en,16745
20628,Skin Game,1971,102,,,2.7392,6.6,33,en,55146
43003,Фальшивка,1973,89,,,1.5851,7.4,348,fr,40
16250,Любовь приходит тихо,2003,88,,,2.798,6.7,138,en,60438
10065,Ужас Амитивилля,2005,90,19000000,107516369,2.0605,6.131,2277,en,62721
30863,Mutant Aliens,2002,81,200000,29687,1.5778,6.2,29,en,126125
49920,Acts of Worship,2001,94,,,0.9229,4.833,6,en,176794
31065,Айк: обратный отсчет,2004,89,,,1.1435,6.4,48,en,57895
37992,Леди-призрак,1944,87,,,0.4667,7.0,133,en,5029
32850,Act of Violence,1949,82,1290000,1129000,1.5357,6.9,102,en,4065
68883,Румяна,1987,96,,,2.1375,7.3,77,cn,96861
43379,Чудо в Милане,1951,97,,,1.2504,7.3,255,it,12329
9393,Академия Смерти,2004,117,4500000,3764219,2.2504,7.0,350,de,52961
16972,Парень из Сан-Франциско,1979,119,9200000,9300000,1.5061,6.1,158,en,18392
21325,Колдун,2001,112,,16234,1.9018,6.292,36,ja,76936
13409,State Property: Blood on the Streets,2005,94,,1691706,1.6704,5.694,18,en,60545
14287,The Year of the Yao,2004,88,,38585,0.2465,6.2,6,en,62795
24363,Тайны прошлого,2004,97,6000000,389866,1.4221,6.3,151,en,12640
13073,Palindromes,2005,100,,809686,1.0066,6.179,165,en,66605
35384,Down and Derby,2005,90,,,0.9442,5.4,12,en,51708
113178,A Wake in Providence,1999,94,,402805,0.6985,3.2,5,en,189487
8976,"Больше, чем любовь",2005,107,30000000,42886719,2.2113,6.8,1334,en,24248
27360,Выкупить Кинга,2005,95,15000000,4139856,1.2503,4.8,56,en,109695
29078,Игра их жизни,2005,101,,,0.8869,5.7,64,en,44847
38717,Madison,2005,99,13500000,517262,1.9102,5.7,33,en,140151
13020,Enron. Самые смышлёные парни в этой комнате,2005,110,,,1.0497,7.168,285,en,71797
11679,Три икса 2: Новый уровень,2005,101,60000000,71410636,3.5984,5.077,1954,en,7256
25007,Смерть династии,2003,92,,42108,1.1205,5.4,6,en,60545
1495,Царство небесное,2005,144,130000000,218366336,9.6536,7.005,4684,en,578
10066,Дом восковых фигур,2005,113,40000000,68766121,3.6592,6.019,3216,en,59521
1640,Столкновение,2005,112,6500000,98400000,5.143,7.215,3710,en,455
67445,Джимини Глик в Ля-ля-вуде,2005,90,,,1.577,4.1,35,en,70905
11171,Загадочная кожа,2005,105,3000000,2148548,2.7388,7.705,1197,en,19224
14750,Шалопай,1985,93,,8692426,1.5925,6.6,152,en,70008
43260,Джубал,1956,100,,,3.0177,6.8,86,en,76981
11799,Вива Мария!,1965,120,,,2.9938,6.0,97,fr,15389
53116,Между ног,1999,115,,3470643,1.3698,5.3,55,es,108499
83995,The Angry Silence,1960,95,,,1.1445,7.212,33,en,67619
42626,Любовники Айседоры,1968,131,,,2.2615,6.057,35,en,72709
43881,Сан-Франциско,1936,115,1300000,5273000,2.8937,6.5,77,en,32427
46594,Земля,1930,73,,,0.5838,6.7,145,uk,141713
43344,Он,1953,92,,,3.3142,7.6,147,es,793
26614,Сука,1931,96,,,3.694,7.27,128,fr,11528
133750,Eréndira,1983,103,,,3.1922,5.882,17,es,20548
16902,Частная жизнь Елизаветы и Эссекса,1939,106,,,0.5587,6.3,90,en,4109
41131,Поиск,1948,104,,,0.9058,7.0,77,en,4065
31414,Сатанинское танго,1994,432,1500000,,3.1,8.1,283,hu,85637
40730,On Borrowed Time,1939,99,,,1.2552,7.5,24,en,33026
15318,Вкус чая,2004,143,,,2.1193,7.5,156,ja,107668
13384,Кес,1970,110,,,3.1865,7.4,418,en,15488
48993,Человеческая комедия,1943,118,1000000,3900000,0.9039,6.172,32,en,84034
9463,D: Охотник на вампиров,1985,80,,,5.8529,6.594,513,ja,57730
13163,Кот в мешке,2002,88,,,1.4373,5.063,119,en,68573
26810,Вышивальщицы,2004,89,,,1.4226,6.355,31,fr,124971
20625,Кокосовые орешки,1929,93,500000,1800000,2.2225,6.4,120,en,29808
1566,Мост,1959,103,,,2.2919,7.514,184,de,9894
21997,Времена бабочек,2001,95,,,1.5455,6.264,42,en,932363
30624,Road House,1948,95,,,1.5842,6.7,44,en,19606
44658,Очи черные,1987,121,,,1.432,6.7,97,ru,82796
27233,Ребята возвращаются,1996,107,125000,,2.0935,6.9,329,ja,3317
41386,The Fearless Freaks,2005,100,,,0.1759,7.0,17,en,76349
24078,Off the Map,2003,108,,,0.6641,6.361,36,en,55152
43271,Убить Фрейда,2004,100,,,2.8067,6.91,39,es,43317
26541,Тессеракт,2005,93,,,3.1649,4.6,18,en,31033
63066,25 Watts,2001,94,200000,,3.3981,6.6,32,es,116583
37720,The Hiding Place,1975,150,,,1.0256,6.8,32,en,1055778
18050,Ключи от царства небесного,1944,137,3000000,,1.2503,7.0,50,en,82171
155325,300 миль до неба,1989,90,,,0.9755,7.0,19,pl,6414
31819,Искатель приключений,1917,26,,,3.1142,6.8,143,en,13848
14672,Crackerjack,2002,92,2600000,6500000,2.3669,7.1,19,en,77140
11628,Solino,2002,120,,,2.5459,7.0,67,de,5125
10913,Дорогая Венди,2005,105,,,2.1366,5.8,133,en,4453
11605,Список Эдриана Мессенджера,1963,99,,,1.4313,6.6,88,en,6593
16976,9 душ,2003,120,,,1.231,6.4,51,ja,81107
38643,В роли самого себя – Лос-Анджелес,2004,169,,,1.0491,7.6,59,en,120969
10027,Дэнни Цепной пёс,2005,103,45000000,50871113,3.9073,6.9,2099,en,18865
43429,Martín (Hache),1997,134,,,3.381,7.4,96,es,109356
19413,"Отвратительные, грязные, злые",1976,116,,,2.0458,7.5,330,it,31894
11139,Леоло,1992,107,,,0.9261,7.144,132,fr,68315
10837,Утиные истории: Заветная лампа,1990,70,20000000,18115724,1.6163,6.7,907,en,67056
32610,Дети в доспехах,1939,93,,,0.6079,6.409,44,en,95293
1279,Самаритянка,2004,96,1000000,328161,2.4527,6.99,245,ko,1188
1895,Звёздные войны: Эпизод 3 - Месть Ситхов,2005,140,113000000,850000000,5.7157,7.455,14499,en,1
9981,Бей и кричи,2005,95,45000000,56070433,2.5614,5.808,663,en,54584
4379,Если свекровь - монстр,2005,101,43000000,154749918,2.7644,6.2,1713,en,36797
31200,Агата,1979,99,3500000,7500000,2.1319,6.1,62,en,10781
37215,Смерть берёт отпуск,1934,79,,,1.7399,6.3,45,en,108914
56946,Водка Лимон,2003,87,,,0.8747,6.6,38,hy,225244
11019,Голубая бездна,2003,83,5000000,19292500,3.8675,6.825,83,en,67818
28423,Женщина-невидимка,1940,72,269062,659600,1.1815,5.7,81,en,89669
14694,Потерянный в снегах,2003,103,,,1.419,6.939,122,en,1270
20271,Развод по-итальянски,1961,104,,,1.2703,7.9,507,it,95040
29872,Беззаботная,1938,83,1253000,1731000,2.9484,6.56,67,en,30165
85014,Шаолиньский пьяница,1983,92,,,1.4651,7.6,8,zh,18899
34856,雷霆戰警,2000,92,13500000,145969,1.9883,5.3,38,cn,44916
27,9 песен,2004,67,1000000,1574623,8.1522,5.556,553,en,172
16373,Незваные,1944,99,,,3.0014,6.9,222,en,93975
25649,Плохой парень,2002,100,,62100,0.9872,6.519,285,ko,1188
19398,Simon,2004,102,,,3.2855,7.2,55,nl,81717
100605,December 7th,1943,32,,,1.6059,5.8,26,en,8500
43506,Bataan,1943,114,,,2.3138,6.4,34,en,74878
953,Мадагаскар,2005,86,75000000,542064525,9.9205,6.917,11375,en,18863
16605,16 лет. Любовь. Перезагрузка,2004,105,,1482316,2.2036,6.197,108,en,93286
42268,Похитители бриллиантов,1974,95,,,2.3486,5.643,28,en,239412
13064,Airborne,1993,91,2600000,2850263,2.2291,5.945,82,en,12523
14358,Mad Hot Ballroom,2005,105,500000,9400000,0.8472,6.9,31,en,229374
26825,Tell Them Who You Are,2004,95,,,0.6729,5.9,11,en,96371
12700,Изгоняющий дьявола: Приквел,2005,92,30000000,251495,2.4044,5.339,397,en,1035
9291,Всё или ничего,2005,113,90000000,191466556,5.4227,6.666,3563,en,13426
19316,Спасая лицо,2004,97,2500000,1230000,3.2134,7.262,248,en,84461
34309,Особо опасный преступник,1997,99,25000000,11838218,2.0252,5.4,113,en,70792
921,Нокдаун,2005,144,88000000,108539911,3.7271,7.566,2320,en,6159
9779,Джинсы-талисман,2005,119,25000000,39053061,1.1294,6.517,1327,en,29009
9787,Короли Догтауна,2005,107,25000000,13411957,1.7315,7.096,780,en,19850
16932,Только после Вас!,2003,110,,,0.5691,6.0,95,fr,51116
23825,Школа рока,2005,93,,,3.4581,6.1,15,en,90583
787,Мистер и миссис Смит,2005,120,110000000,487287646,8.2184,6.688,10902,en,11694
14199,Приключения Шаркбоя и Лавы,2005,93,50000000,72000000,3.0986,5.208,1572,en,2294
10226,Кровавая жатва,2003,91,2500000,6291958,3.635,6.772,1408,fr,59291
21295,The Honeymooners,2005,90,25000000,13200000,2.178,4.0,72,en,79656
20651,Замужняя женщина,2005,124,6250000,,2.2279,6.423,52,hi,229130
56321,Тото-герой,1991,88,,1228153,1.6943,7.0,115,fr,107490
9528,Дамы в лиловом,2004,104,,20377075,1.0243,6.4,135,en,4391
12109,Глухой пролёт,2004,90,2000000,120620,1.3347,6.5,193,en,71280
13935,Когда молчат фанфары,1998,95,,,1.2543,6.637,142,en,17784
20941,Невинные голоса,2005,120,,837000,2.1536,8.2,508,es,46085
18289,Годзилла против Биолланте,1989,83,5000000,7000000,3.1802,7.4,278,ja,72823
43471,Анна и король Сиама,1946,128,,,0.8353,6.0,40,en,31497
3011,Хороший сосед Сэм,1964,130,,9072726,1.2172,6.5,51,en,29715
13589,Эдди Иззард: Убийственный наряд,1999,114,,,0.1815,7.7,76,en,1299424
11620,Камо грядеши?,1951,171,7623000,21037000,3.4699,7.115,435,en,9054
43354,Райская жизнь капитана,1953,94,,,1.3453,5.409,22,en,130056
272,Бэтмен: Начало,2005,140,150000000,374218673,10.7106,7.7,22010,en,525
5845,Бог войны,2003,78,,,1.3357,6.983,58,ja,45996
15767,Годзилла: Финальные войны,2004,125,19500000,12000000,3.1843,7.062,345,ja,45996
44524,Короли и королева,2004,150,,3839556,1.2916,7.0,81,fr,38883
15648,Идеальный мужчина,2005,100,,,2.588,6.14,802,en,68770
9709,Мое лето любви,2005,87,,2766094,1.5678,6.139,303,en,64194
29080,Heights,2005,98,,1306281,0.5024,6.3,42,en,131680
10274,Сделка,2005,103,,,0.3925,5.563,24,en,32733
45881,Мост короля Людовика Святого,2004,120,24000000,,0.5743,5.1,62,en,130482
25248,Святой Ральф,2005,98,,489389,2.1956,6.955,78,en,83415
11451,Сумасшедшие гонки,2005,101,50000000,144100000,3.89,5.818,2374,en,7312
25312,Да,2005,100,,,1.4514,5.652,33,en,57206
11683,Земля мертвых,2005,93,15000000,47074133,2.4582,6.2,1692,en,14999
9722,Колдунья,2005,102,85000000,131426169,3.2347,5.1,1609,en,9248
2287,Подъем!,2005,86,,,2.7191,6.6,45,en,23590
18497,Изгнанники,2004,104,,,2.449,6.02,49,fr,41040
47924,Home Movie,2001,66,,,0.6227,6.889,9,en,31654
43888,Бекки Шарп,1935,84,,,2.3148,5.7,23,en,29595
2994,Дьяболик,1968,100,400000,,1.1544,6.374,236,it,25826
76094,Тропинка одинокой сосны,1936,96,,,1.5881,6.5,31,en,37360
1382,"Я и ты и все, кого мы знаем",2005,91,,,1.0746,7.007,359,en,16860
9534,Идеальное преступление,2004,98,6000000,9040667,2.2111,6.7,329,es,57865
