movie_id,genre_id
862,10751
862,35
862,16
862,12
8844,12
8844,14
8844,10751
15602,10749
15602,35
31357,35
31357,18
31357,10749
11862,35
11862,10751
949,80
949,18
949,28
11860,10749
11860,18
11860,35
45325,10751
45325,28
45325,12
45325,18
9091,28
9091,18
9091,53
9091,80
710,12
710,28
710,53
9087,35
9087,18
9087,10749
12110,35
12110,27
21032,10751
21032,16
21032,12
10858,18
10858,36
1408,28
1408,12
524,80
524,18
4584,18
4584,10749
5,35
9273,80
9273,35
9273,12
11517,28
11517,35
11517,80
8012,35
8012,53
8012,80
1710,53
1710,80
1710,9648
9691,28
9691,12
9691,80
9691,53
12665,18
12665,14
451,18
451,10749
16420,18
9263,35
9263,18
9263,10749
17015,18
17015,10749
902,14
902,878
902,12
37557,18
37557,80
9909,18
63,878
63,53
63,9648
78802,10749
78802,12
9598,14
9598,18
9598,35
9598,10751
47018,36
47018,18
47018,10749
687,18
139405,12
139405,36
139405,18
139405,10751
33689,35
33689,10751
33689,10749
9603,35
9603,10749
34615,18
31174,18
31174,10752
11443,28
11443,80
11443,18
11443,53
11443,10752
35196,18
35196,10749
9312,28
9312,14
577,18
577,35
577,80
11861,18
11861,10749
807,80
807,9648
807,53
10530,12
10530,16
10530,10751
10530,10749
8391,18
8391,10749
629,18
629,80
629,53
117164,28
117164,53
117164,18
11448,35
11448,10749
49133,18
26441,10751
26441,35
97406,18
124057,10751
124057,14
124057,35
124057,12
9089,35
9089,18
9089,10749
11010,35
11010,18
11010,10749
99040,53
99040,18
99040,9648
11359,12
11359,10751
11359,14
17182,53
17182,18
2054,18
2054,10402
10607,35
10607,80
19760,35
19760,10749
9536,35
11525,878
11525,27
11525,28
11525,53
40628,18
40628,10751
4482,35
4482,10749
10634,35
10634,18
755,27
755,28
755,53
755,80
11859,28
28387,35
28387,18
28387,10749
48750,18
48750,36
20927,18
20927,10749
36929,35
9102,27
9102,878
9102,10752
124626,99
27526,18
27526,53
9623,53
9623,80
9623,18
46785,18
46785,10751
400,18
400,80
880,18
880,35
146599,10749
146599,18
188588,35
188588,18
8447,18
8447,10749
10534,18
10534,12
17414,10751
17414,35
17414,12
13997,35
2086,53
2086,80
2086,28
61548,18
9095,18
9095,27
9095,53
12158,35
12158,27
12158,10749
12158,14
9283,35
9283,18
9283,10749
9208,28
9208,53
40154,35
406,18
45549,80
45549,18
45549,28
63076,99
11062,18
11062,53
13685,35
13685,80
13685,18
47475,35
47475,10749
2045,53
2045,9648
2045,878
9614,35
688,18
688,10749
11907,18
11907,35
11907,10751
10874,10751
10874,35
10874,12
89333,99
96357,80
197,28
197,18
197,36
197,10752
103,80
103,18
33542,80
33542,28
33542,35
33542,53
43566,80
43566,18
43566,9648
71754,18
43612,35
51352,99
16934,35
16934,80
16934,18
10324,35
10324,10749
78406,35
78406,18
55731,12
55731,35
55731,18
32119,18
32119,80
11066,35
11066,10749
11104,18
11104,35
11104,10749
37975,18
37975,10749
2074,35
27793,10751
27793,14
27793,12
27793,35
44284,18
290157,99
110972,35
110972,10749
32622,18
73067,18
73067,10749
73067,10752
11863,9648
11863,53
55475,35
55475,18
55475,10749
124636,10402
124636,99
9101,35
123360,99
5757,35
39428,18
124639,18
9302,18
9302,10749
11000,35
525153,18
249882,18
16388,35
16388,18
16388,10749
9737,28
9737,35
9737,80
9737,53
30765,12
30765,18
30765,10751
10474,18
10474,80
22279,10749
22279,18
22279,35
30157,80
30157,35
30157,18
30157,53
568,18
568,36
11780,12
11780,36
11780,18
11780,28
11780,10752
34996,18
34996,27
414,28
414,80
414,14
649,18
649,10749
1873,18
1873,53
5894,35
1775,35
20649,80
20649,18
20649,9648
10329,28
10329,12
10329,878
8963,53
8963,28
8963,18
8963,10752
26564,99
8068,53
8068,28
8068,80
8512,53
8512,80
8512,9648
1572,28
1572,53
13552,35
13552,80
13552,18
259209,18
259209,80
6520,28
6520,12
6520,18
6520,10749
9073,10751
9073,12
9073,18
9073,35
10428,28
10428,80
10428,53
10428,18
17447,35
17447,18
17447,10749
9886,878
9886,28
9886,12
9482,878
9482,28
19326,35
19326,18
9344,18
9344,80
9071,35
8973,27
8973,14
8973,18
15730,35
15730,18
47608,18
47608,10749
2293,10749
2293,35
9070,28
9070,12
9070,878
9070,14
68274,35
68274,18
68274,10749
48787,53
48787,27
48787,80
34574,27
34574,53
1642,80
1642,18
1642,9648
1642,53
1642,28
11472,10749
11472,35
36196,35
36196,18
36196,10749
11980,27
11980,14
11980,53
11980,28
11980,80
11980,18
11980,9648
58372,14
58372,35
58372,18
32646,18
10533,18
10533,10749
56088,99
10802,18
10149,35
10149,18
18402,35
18402,18
9348,878
9348,27
9348,28
139408,18
281,80
281,18
281,878
281,53
5967,18
5967,10749
79593,53
79593,80
47939,14
47939,10751
47939,18
36834,18
36834,10749
9090,35
9090,18
3512,28
3512,53
52856,35
52856,18
52856,10751
77350,99
9560,18
9560,10749
9804,12
9804,28
9804,878
31611,18
65796,37
65796,28
65796,18
65796,36
49805,18
26258,12
26258,10751
26258,35
26258,28
50797,18
19155,18
19155,10752
76,18
76,10749
11017,35
37141,18
37141,53
9382,35
9382,18
6715,18
6715,10751
18256,53
18256,18
18256,27
18256,9648
22625,18
22625,10749
2292,35
1909,10749
1909,18
1909,35
8984,53
8984,18
8984,80
61813,53
61813,14
4954,28
4954,53
4954,80
62488,80
62488,35
62488,14
10531,18
10531,53
11929,80
11929,18
11929,9648
8467,35
10451,35
10451,18
10451,10749
20156,18
18395,35
18395,80
18395,53
522,35
522,18
522,36
397,35
397,10749
10525,35
10525,18
10525,10749
27985,28
27985,12
27985,18
27985,10751
15789,12
15789,35
15789,10749
15789,16
15789,10751
27303,18
27303,53
27303,27
21183,18
21183,12
21183,10751
10954,36
10954,18
10954,10402
47867,18
47867,10751
47867,14
43475,14
43475,16
43475,10751
43475,10402
43475,12
72031,18
72031,28
72031,53
72031,80
14275,99
1024,18
1024,14
17207,35
13701,18
13701,10402
13701,10749
14819,10751
14819,35
32631,28
32631,18
32631,53
11777,35
11777,18
11777,10749
628,27
628,18
628,14
87729,18
87729,10749
87729,36
18713,35
18713,80
6280,35
6280,878
9061,28
9061,18
9061,9648
9061,53
37108,12
37108,14
37108,35
37108,10751
6071,80
6071,53
6071,18
11,12
11,28
11,878
9587,18
9587,10749
19101,18
19101,10751
19101,14
49980,18
17961,18
17961,53
18183,18
18183,10749
4476,18
4476,37
4476,10749
4476,10752
4476,28
11008,12
11008,35
11008,10751
47504,18
47504,80
32325,80
32325,18
43742,18
43742,10749
28313,18
11318,35
11318,18
11318,36
3036,18
3036,27
3036,878
3036,10749
40490,35
40490,10751
24070,35
24070,18
24070,10749
8986,35
8986,10749
8986,18
10510,14
10510,18
10510,10751
17402,35
17402,10749
38722,35
38722,18
8438,80
8438,18
11593,18
11593,35
1945,18
1945,53
39310,80
39310,18
109560,28
109560,53
109560,80
109560,18
56428,27
63105,878
63105,28
63105,53
131957,18
131957,10749
241,80
241,53
241,18
9058,10749
9058,35
527,18
6950,28
6950,18
6950,878
6950,53
101,80
101,18
101,28
63020,35
63020,18
63020,10749
2307,35
2307,18
2307,10749
680,53
680,80
680,35
41478,18
41478,36
25296,18
25296,35
40156,18
40156,10749
11450,36
11450,18
30304,18
30304,36
10452,18
10452,36
10452,10749
12106,37
12106,28
12106,18
12106,10749
12106,53
161495,18
161495,35
3586,35
110,18
110,9648
110,10749
108,18
109,35
109,18
109,9648
159185,18
36357,35
36357,10751
36357,10770
92769,27
92769,18
28033,35
28033,18
22586,10751
22586,16
22586,14
22586,12
22586,35
14334,12
14334,14
14334,10751
14334,18
2636,28
2636,53
2164,28
2164,12
2164,878
11395,14
11395,18
11395,35
11395,10751
278,18
278,80
9905,80
9905,53
87078,18
87078,53
12527,35
12527,18
20306,80
20306,35
36614,35
36614,18
36614,10749
27993,35
31439,18
31439,10749
31439,10752
9067,28
9067,35
9067,878
9067,14
9059,27
9059,35
9059,53
193,878
193,28
193,12
193,53
25066,27
25066,80
25066,53
25066,18
25066,14
46797,18
46797,10749
12122,53
12122,27
12122,878
11381,35
32636,18
36141,80
36141,18
36141,53
95963,18
95963,10752
1587,10749
1587,18
9271,28
9271,80
9271,878
9271,53
2064,10749
2064,35
19855,18
19855,10752
60855,35
60855,10749
60855,18
236,35
236,18
236,10749
48287,35
48287,18
48287,10751
3049,35
3049,9648
3049,80
2759,18
2759,35
12635,18
12635,10402
10497,53
10497,18
10497,10749
11382,35
11382,80
9331,28
9331,18
9331,53
10731,18
10731,53
10731,80
10731,9648
10464,35
10464,10751
10464,10749
34152,35
34152,18
9495,14
9495,28
9495,53
29973,18
888,14
888,35
888,10751
13,35
13,18
13,10749
712,35
712,18
712,10749
16295,18
16295,80
16295,53
48992,35
48992,18
48992,10749
10879,10749
10879,35
10660,35
10660,18
10660,10749
10714,10751
10714,12
10714,18
41647,99
8587,10751
8587,16
8587,18
8587,12
1689,18
1689,36
11596,27
11596,9648
11596,14
854,10749
854,35
854,80
854,14
9359,28
9359,12
9359,35
9359,18
9359,37
23333,18
36593,35
36593,80
12280,35
12280,18
2788,18
2788,10749
2788,35
10427,80
10427,18
10427,53
11011,35
11011,10751
49803,18
8987,12
8987,53
8987,18
1637,28
1637,53
15128,10749
15128,35
8831,53
8831,878
8831,28
8831,80
36955,28
36955,53
10449,18
10449,10749
10395,27
10395,18
10395,10749
12160,37
12160,18
12160,28
12160,12
40480,28
40480,80
40480,10749
40480,53
52038,35
52038,18
29444,35
29444,18
26352,35
26352,80
26352,28
39953,18
41580,18
315,80
315,28
315,53
315,35
22067,80
22067,18
22067,10749
18242,16
18242,878
18242,12
18242,27
11667,28
11667,12
11667,35
11667,53
32502,28
32502,35
267188,18
267188,9648
267188,10749
28732,28
28732,12
28732,80
28732,18
28732,53
75555,27
42981,99
278939,10749
278939,12
278939,80
278939,18
291731,53
291731,18
226229,28
226229,53
203119,35
172923,35
172923,18
172923,80
2654,27
2654,9648
18069,18
18069,10749
18069,37
19092,80
19092,18
19092,53
46094,10751
46094,35
9409,35
9409,80
9409,28
11853,10749
11853,37
16771,35
16771,18
16771,10749
46924,18
46924,35
46924,14
11041,35
11041,10751
306,28
306,35
306,80
14522,10751
14522,12
14522,18
26203,80
26203,53
178,28
19819,18
57834,18
57834,10749
4722,27
4722,878
18215,18
18215,10749
18215,53
1607,18
1607,80
26391,35
26391,14
26391,12
26391,10749
117553,35
117553,18
6075,80
6075,18
6075,53
11310,35
11310,37
18658,35
18658,9648
9350,28
9350,12
9350,53
9612,35
9612,878
2124,10749
2124,9648
2124,53
26261,35
26261,53
26261,80
19176,28
19176,35
19176,80
19176,18
19176,53
19176,37
49299,18
11566,35
9571,35
9571,18
9739,80
9739,28
9739,878
24257,99
34444,35
34444,18
34444,10749
34444,37
26141,35
26141,80
10997,18
50463,35
50463,10749
10443,18
20239,35
20239,10402
16297,35
16297,18
18551,18
18551,10749
18551,53
25440,35
25440,53
25440,9648
25440,10749
9024,35
9024,10749
37233,18
37233,9648
37233,53
1634,10751
1634,12
1634,18
13815,80
13815,18
13815,53
5503,28
5503,53
5503,18
35588,37
35588,36
35588,28
35588,18
2087,28
2087,80
2087,9648
2087,53
41579,35
41579,80
41579,10751
18620,10749
18620,35
18620,18
41006,35
41006,18
4916,53
4916,18
2019,28
2019,53
2019,80
31642,36
31642,10752
31642,18
9255,28
9255,35
9255,10752
26271,35
10612,18
10612,35
10612,10749
2259,10749
2259,18
16097,35
11934,35
11934,18
11934,14
106143,35
106143,18
12475,35
9386,28
9386,18
9386,53
9386,80
9386,9648
7984,18
59930,35
59930,18
59930,10749
15765,18
15765,10402
15765,36
31643,35
6,28
6,80
6,53
329,12
329,878
10909,53
10909,80
507,28
507,80
507,18
507,53
34024,18
34024,36
29918,10751
29918,12
9593,12
9593,14
9593,28
9593,35
9593,10751
42580,35
42580,10751
22317,35
22317,37
1413,10749
1413,18
12121,35
2246,53
10502,18
10440,35
10440,9648
9516,18
9516,80
9516,53
2320,28
2320,12
2320,18
2320,53
5879,18
5879,10749
83718,35
83718,18
83718,10749
11971,18
11971,35
11971,10749
2625,18
2625,10749
31911,35
31911,10749
788,35
788,18
788,10751
21450,18
21450,35
11231,28
11231,18
11231,10751
11231,12
41588,35
41588,18
10447,28
10447,18
10447,878
10447,53
31586,35
31586,10751
31586,14
31586,12
31586,18
9300,18
9300,14
9559,18
9559,80
9559,53
9800,18
713,18
713,10749
8291,18
8291,10749
18133,18
18133,28
18133,10749
25557,27
25557,878
25557,53
22588,35
22588,80
22588,18
10872,35
10872,80
10872,18
1245,18
1245,10749
11858,35
11858,18
7007,28
7007,18
7007,53
10467,35
10467,10749
10467,18
5550,28
5550,12
5550,80
5550,878
5550,53
8005,35
2088,80
2088,18
2088,10749
10412,28
10412,18
10412,53
47889,18
47889,10749
14534,18
14534,36
56583,18
41878,18
424,18
424,36
424,10752
35233,35
14291,18
103413,18
103413,10751
11236,18
11236,10751
11236,14
11592,35
11592,80
8850,14
8850,28
8850,80
10445,18
10445,10749
695,18
695,35
43535,10751
43535,35
43535,18
12519,35
12519,18
23210,9648
23210,18
23210,35
858,35
858,18
858,10749
867,18
867,53
78,878
78,18
78,53
13203,35
13203,18
13203,10749
10442,35
10442,80
10442,10749
11074,80
11074,28
11074,9648
11074,53
9607,12
9607,14
9607,35
9607,10751
17585,28
17585,53
17585,12
17585,80
17585,18
9057,28
20967,18
20967,10402
10635,35
10635,18
10635,10749
9479,14
9479,16
9479,10751
10057,28
10057,12
10057,35
10057,10749
11969,37
11969,28
41590,18
41590,28
41590,53
319,28
319,80
319,10749
26408,99
26408,36
15139,10751
15139,14
15139,16
161158,18
161158,35
218473,18
85247,53
85247,18
85247,10749
11446,35
11446,18
51980,18
51980,10749
24405,35
24405,10749
11655,18
11655,27
11655,53
11800,35
11800,10749
8223,35
8223,18
14587,35
14587,18
31504,35
31504,10751
41653,18
53185,10770
53185,18
53185,10749
53185,35
95743,18
95743,10749
23637,35
17600,35
17600,18
10897,10749
10897,35
10897,10751
349394,35
21352,10751
21352,12
21352,35
68806,53
68806,80
68806,18
37345,35
37345,18
37345,36
37345,9648
32562,99
32562,36
47507,35
47507,10749
25403,35
25403,18
124304,10749
124304,18
9066,10751
9066,35
9066,10749
771,35
771,10751
251,14
251,18
251,53
251,9648
251,10749
812,16
812,10751
812,12
812,14
812,10749
280,28
280,53
280,878
581,12
581,18
581,37
80350,53
80350,28
80350,18
268,14
268,28
268,80
274,80
274,53
274,18
408,14
408,16
408,10751
10020,10749
10020,10751
10020,16
10020,14
10895,16
10895,10751
10895,14
114,10749
114,35
41043,35
41043,18
41043,14
576,37
15477,80
15477,53
59146,18
59146,10749
124472,99
124472,10402
124472,36
30528,35
30528,10749
7300,10749
7300,35
10824,27
10824,53
261246,10749
261246,18
275,80
275,18
275,53
25059,12
25059,35
25059,18
25059,10751
11827,16
11827,878
11827,12
11827,14
11827,10402
8766,27
8766,878
8766,53
23570,35
23570,10749
47333,18
47333,10749
54850,18
54850,9648
54850,53
51242,35
51242,18
10112,16
10112,35
10112,10751
10112,12
4307,18
4307,10749
46029,35
46029,10749
32308,35
32308,10751
88893,12
88893,18
52873,18
123505,35
123505,18
123505,10749
44281,35
44281,18
28121,35
28121,53
28121,80
28121,10749
12520,35
12520,53
12520,80
12520,18
1592,80
1592,18
1592,9648
1592,53
166901,18
166901,80
36447,18
36447,10749
19042,10749
19042,16
19042,10751
19042,12
19042,14
38884,10752
38884,18
38884,36
47449,35
36259,14
36259,878
36259,10751
36259,35
41852,35
41852,18
40926,18
40926,53
40926,80
40926,27
9099,35
2021,35
2021,18
2021,10749
61752,35
61752,18
10988,9648
10988,53
10988,27
11479,12
11479,18
11479,10751
11479,35
398959,10749
398959,18
287305,35
339428,35
12652,18
12652,10749
10684,18
10684,53
10684,9648
10684,10752
954,12
954,28
954,53
68445,18
68445,35
18989,18
18989,10749
10801,35
54285,27
54285,9648
54285,53
8840,14
8840,28
8840,12
8840,18
278978,18
124625,18
124625,36
11107,28
11107,35
16417,35
70934,10402
10363,80
10363,18
10363,53
161070,10749
161070,35
161070,18
10539,12
10539,16
10539,10751
10539,14
10543,53
18414,35
47502,35
47502,80
47502,18
11902,35
11902,18
11902,10752
27098,18
27098,10749
27098,10752
25087,28
25087,53
5801,18
5801,36
896,18
3065,35
3065,878
318177,18
2300,35
2300,16
2300,10751
2300,878
8069,878
8069,12
8069,35
8069,14
8069,28
288173,53
288173,28
288173,18
187851,35
187851,27
187851,878
27768,18
27768,53
221917,18
221917,10749
8072,18
8072,878
8072,9648
35797,35
35797,80
35797,18
88030,99
185191,99
83857,27
83857,18
83857,53
33245,18
124460,18
124460,10749
27281,28
27281,12
27281,35
27281,10751
105045,18
105045,10749
40001,10749
40001,18
29621,28
29621,12
29621,878
29621,53
117730,18
20762,28
20762,80
20762,18
20762,53
37144,80
37144,9648
37144,53
48260,80
48260,18
48260,10749
48260,53
12656,35
12656,18
12656,53
12656,80
12656,10749
38867,18
38867,10749
277270,10749
277270,35
25969,35
25969,18
25969,10751
25969,10749
44103,18
44103,36
753,18
43634,10749
43634,18
43634,9648
9103,28
9103,12
9103,18
90214,35
90214,18
90214,10402
90214,10749
29649,18
10990,18
10990,9648
10990,53
10990,80
8866,35
8866,10749
12233,16
12233,35
12233,10751
23449,35
36355,12
36355,10751
37667,18
37667,53
37667,9648
37667,10749
90148,18
922,18
922,14
922,37
11876,12
11876,10749
11876,36
11876,18
52633,28
52633,80
52633,18
62364,35
11687,14
11687,35
9304,35
9304,14
9304,878
9304,10749
503475,10751
503475,16
503475,35
73183,99
123067,18
123067,10770
9100,27
9100,18
9100,14
20759,35
46063,18
46063,80
365371,99
32513,35
32513,10749
40651,18
36915,18
36915,9648
36915,53
40507,28
40507,18
40507,80
40507,53
9802,28
9802,12
9802,53
25697,35
21588,35
21588,27
664,28
664,12
664,18
11867,878
11867,28
11867,12
47119,18
314352,35
9323,28
9323,16
9323,878
10280,14
10280,27
10535,35
10535,28
124613,35
124613,18
532,10751
532,16
532,35
26744,80
26744,18
16299,35
16299,10751
10547,878
10547,53
10547,27
245268,28
245268,35
245268,18
245268,10752
935,35
935,10752
55613,35
55613,18
55613,14
215107,35
215107,99
41007,35
41007,18
41007,10749
35645,18
35645,12
35645,10751
35645,9648
110465,12
110465,18
110465,10751
255546,99
40751,18
40751,28
85778,99
11101,18
11101,36
11101,10752
9826,12
9826,28
9879,35
9879,80
9879,18
63564,18
63564,35
22621,18
22621,10749
7095,35
7095,10751
7095,18
26890,18
46732,35
46732,18
46732,10751
124633,18
581579,99
202425,10402
202425,10749
196940,35
77771,18
77771,10749
181083,18
41225,27
41225,9648
41225,18
188589,10749
188589,35
188589,18
87190,37
87190,18
87190,10752
87190,36
627,18
627,80
32872,35
32872,10749
602,28
602,12
602,878
14553,18
14553,10749
9566,53
9566,28
9566,18
10545,18
10545,16
10545,10751
9894,35
9894,18
9894,53
11543,35
9268,28
9268,9648
9268,53
52059,99
9327,14
9327,35
9327,10749
9327,878
123763,18
123763,10749
123763,36
81949,18
81949,10749
81949,10752
42005,14
124306,18
183955,18
183955,80
44535,35
44535,18
44495,18
44495,10749
78285,35
78285,80
78285,18
11228,28
11228,12
11228,53
10779,27
10779,35
26748,18
26748,9648
26748,10749
38223,35
38223,18
38223,10751
9294,18
9294,10749
9294,878
9294,14
49963,35
49963,18
49963,10749
11363,10749
11363,35
1645,80
1645,18
1645,53
31546,18
31546,80
77056,10749
77056,35
77056,18
36344,10751
36344,18
36344,12
18550,28
11511,14
11511,35
11511,10751
172198,18
172198,14
34170,35
34170,10751
281085,80
281085,18
281085,10749
109478,28
109478,9648
109478,53
124645,10752
124645,18
12606,10751
12606,35
69895,35
35206,18
35206,12
525936,53
525936,10749
525936,9648
151489,10752
151489,18
4837,18
4837,10749
12632,18
9098,35
282919,18
124614,9648
124614,18
18975,10751
18975,14
18975,12
18975,18
11962,35
11962,14
2925,35
28628,10749
28628,18
28628,35
28628,36
3595,28
3595,53
9308,35
9308,80
9308,10749
92381,35
92381,18
18555,28
18555,18
18555,53
12123,53
12123,28
12123,878
10830,35
10830,10751
10830,14
3573,10749
3573,35
3573,18
10546,28
10546,14
10546,53
18862,35
18862,10751
31417,18
31417,27
31417,53
9431,27
9431,35
124619,18
297645,18
297645,10749
48144,9648
48144,80
48144,18
46986,18
46986,10749
144982,18
47907,35
47907,18
10061,28
10061,12
10061,878
10061,53
36266,18
36266,80
549,18
549,36
10478,18
10478,10749
10478,35
66634,18
66634,10402
116690,18
213917,18
145925,35
100914,18
238,18
238,80
484245,36
484245,10402
484245,18
159,35
159,18
11134,28
11134,80
11134,53
88224,18
88224,35
132641,18
42758,18
9303,18
9303,53
9303,80
23945,10751
23945,35
37820,35
37820,80
37820,18
37820,53
22479,18
22479,80
9054,35
241058,10749
241058,35
241058,14
11985,18
10232,18
59569,18
410921,28
410921,80
410921,18
38955,28
38955,80
38955,53
38955,35
110513,35
110513,18
114089,18
11015,27
11015,9648
11015,53
11015,878
9306,878
9306,27
12559,35
12559,10751
58770,18
58770,53
124851,18
3587,14
3587,35
3587,10751
10723,35
10723,80
10723,28
56077,18
56077,10749
56077,10752
101230,18
101230,10749
253632,53
253632,80
253632,9648
253632,10749
10987,27
10987,53
44705,18
44705,35
44705,10749
20318,18
20318,36
43596,18
43596,10749
79782,18
79782,10749
26933,18
26933,10749
27854,10752
27854,10749
27854,36
27854,18
27854,12
981,35
981,10749
872,35
872,10749
2769,10402
2769,10749
2769,35
13320,10402
13320,35
13320,10749
164,35
164,10749
164,18
426,9648
426,10749
426,53
567,53
567,9648
3078,35
3078,10749
13528,53
13528,18
13528,9648
13528,80
28288,35
28288,10749
213,53
213,12
284,35
284,18
284,10749
239,35
239,10749
239,80
4808,35
4808,9648
4808,10749
289,18
289,10749
963,9648
963,80
963,53
11113,10402
11113,35
11113,10749
6620,35
6620,10749
6620,18
804,10749
804,35
804,18
26531,10751
26531,18
26531,35
909,35
909,18
909,10749
909,10751
630,12
630,14
630,10751
770,18
770,10752
770,10749
31044,35
31044,18
599,18
15,9648
15,18
62,878
62,9648
62,12
121357,12
121357,10749
705,18
22490,35
22490,18
223,9648
223,10749
223,53
25670,53
25670,9648
25670,28
303,53
303,10749
303,9648
4174,53
4174,9648
4174,10749
8356,18
8356,10749
381,9648
381,10749
381,53
20758,35
20758,10749
20758,18
29376,10402
29376,35
29376,10749
1859,35
1859,10749
18299,35
18299,10749
17281,35
17281,10749
64382,35
64382,10749
10907,12
10907,10749
10907,36
32093,12
32093,10749
32093,28
1939,18
1939,9648
22292,10749
22292,14
22292,18
3598,12
3598,14
3598,18
3598,10749
3080,10402
3080,35
3080,10749
198,35
198,10752
198,10749
13562,35
1712,18
1712,37
220,18
3529,35
3529,9648
3529,80
3085,35
3085,10749
2897,12
2897,35
2897,10751
2897,14
2897,10749
1585,18
1585,10751
1585,14
3083,35
3083,18
900,35
900,10749
43795,18
43795,10749
85638,18
85638,36
50001,9648
50001,35
50001,10402
50001,80
43905,18
43905,10749
22688,35
22688,14
22688,10749
23114,18
23114,10751
26378,80
26378,18
40206,35
40206,10402
40206,10749
22356,37
22356,10749
22356,12
22356,28
260,9648
260,53
43488,10752
43488,18
22613,37
22613,18
10331,27
10331,53
488,10749
488,12
488,18
22733,12
22733,35
261,18
57575,18
57575,10749
32574,35
32574,18
22657,18
22657,9648
22657,10749
22657,80
76464,35
76464,10749
22649,18
22649,10749
22649,10752
176841,9648
176841,35
176841,10402
125587,18
39448,28
39448,35
39448,80
52855,18
52855,80
39940,18
39940,10749
172868,10749
85328,35
85328,10749
85328,18
124632,99
124632,10751
11076,12
11076,18
11076,10751
63945,18
63945,10749
58985,35
58985,18
58985,10402
890,18
10861,28
10861,53
10861,80
1770,10752
1770,18
1770,53
1770,36
44465,53
2033,18
2033,10749
18203,18
18203,10749
18203,35
9333,80
9333,28
9333,37
47260,28
47260,18
47260,53
9400,80
9400,18
9400,53
9401,35
9401,80
9401,53
12241,35
12241,80
12241,53
25739,35
161806,35
161806,10749
11306,18
11306,53
9625,28
9625,80
9625,53
10680,35
10680,28
10680,10751
10680,18
6346,80
6346,18
18660,35
18660,10751
18660,37
35115,12
35115,10751
35115,37
14821,12
14821,14
14821,878
14821,10751
14136,35
14136,10751
14136,14
10869,10749
10869,35
10869,10751
10869,14
22660,12
22660,18
22660,10751
22660,37
19186,35
19186,10751
19186,10749
31102,35
31102,18
31102,10751
6878,12
6878,35
6878,10751
15944,35
15944,10751
15944,14
18444,12
18444,10751
20723,10751
20723,35
20723,80
173,12
173,878
173,10751
864,35
864,12
864,18
24795,35
24795,10751
24795,14
11224,10751
11224,14
11224,16
11224,10749
81310,10751
81310,16
81310,10402
15947,16
15947,10751
15947,10402
9078,16
9078,10751
9078,14
29682,18
29682,10751
29682,16
8367,28
8367,12
8367,18
433,35
433,10751
433,14
11360,16
11360,10751
11114,14
11114,16
11114,35
11114,10751
12335,12
12335,14
12335,35
12335,10751
12335,10402
12335,16
12092,16
12092,10751
12092,14
12092,12
10948,12
10948,16
10948,18
10948,10751
11229,35
11229,80
11229,53
11229,18
15121,18
15121,10751
15121,10402
15121,10749
562,28
562,53
10163,878
10163,27
48862,18
48862,10749
117036,99
47199,18
47199,53
11159,18
9591,35
9591,18
9591,10749
9591,10402
30500,18
30500,10749
41843,18
41843,10749
55058,35
55058,10749
10938,35
10938,18
10938,10749
11412,80
11412,28
11412,9648
11412,53
10586,12
10586,53
10586,36
42314,99
27845,18
27845,35
108365,18
23223,80
23223,18
23223,10749
49471,18
49471,12
38153,53
25147,18
25147,10749
9716,35
9716,10749
43777,18
43777,10749
454,18
454,10749
10218,35
10218,18
819,80
819,18
819,53
38191,18
38191,80
56830,18
56830,10749
27256,9648
27256,80
27256,18
31530,35
31530,10749
66473,10402
66473,35
66473,10749
28120,80
28120,9648
28120,53
1834,80
1834,18
1834,9648
1834,53
26282,12
26282,18
26282,10749
26282,80
37218,10752
37218,18
37218,10749
37218,28
252,10751
252,14
252,35
116356,35
116356,10749
16372,27
16372,9648
16372,18
11561,35
11561,878
11302,35
623,35
623,80
583,35
12614,10402
12614,35
12614,10749
21711,35
21711,18
11575,35
11575,12
11575,28
475,80
475,18
11331,12
11331,18
521,53
521,80
21202,10402
88,18
88,10402
88,10749
500,80
500,53
792,18
792,10752
792,28
8491,35
8491,80
402,53
402,9648
10537,10402
10537,18
10537,36
11386,80
11386,18
11386,53
9504,80
9504,18
9504,9648
15764,18
15764,10749
15764,10752
601,878
601,12
601,10751
601,14
67365,35
25842,18
25842,14
25842,10751
2119,12
2119,28
2119,18
744,28
744,18
136311,28
136311,35
221,18
702,18
702,53
25750,27
17642,99
427043,35
146341,80
146341,18
9305,99
37616,35
37616,80
11112,35
21612,80
21612,18
141210,35
141210,27
102461,18
36998,18
200383,28
200383,12
200383,18
200383,37
116844,18
1630,18
26626,35
470646,99
124837,99
11816,18
11816,10749
11843,35
11843,80
11843,9648
10379,35
10379,14
10379,10751
2756,12
2756,53
2756,878
790,27
1103,878
1103,28
11298,27
4480,18
4481,18
575751,35
575751,10749
49688,18
49688,80
10765,35
762,12
762,35
762,14
44497,10749
44497,35
278621,18
99479,18
55049,35
55049,80
55049,14
55049,9648
124829,99
79306,99
356054,18
356054,35
10548,99
10548,10770
10548,36
10548,10402
531,16
531,35
531,10751
104931,99
4483,18
4483,36
18919,16
18919,14
31556,53
31556,80
26167,80
26167,53
26174,80
26174,53
572997,18
572997,36
572997,10752
61461,18
117500,18
218713,35
217802,35
217802,10402
217802,10749
127973,35
659,18
659,36
659,10752
30892,35
30892,18
86369,18
86369,35
8074,35
8074,18
124676,18
559489,80
38554,35
49763,27
41326,99
36555,28
36555,80
36555,18
36555,53
10608,35
10608,18
11216,18
11216,10749
7452,80
7452,18
64567,35
892,35
892,878
892,14
1600,18
26561,10749
26561,18
975,10752
975,18
18129,80
18129,18
54405,35
150823,37
409,18
409,10749
409,10752
38251,35
38251,10749
38251,10752
10161,18
1412,18
41768,18
10409,35
10409,18
10409,10749
14285,80
14285,99
2469,35
2469,10749
2469,18
10174,10402
10174,99
31225,99
510,18
11455,12
11455,35
1891,12
1891,28
1891,878
2493,12
2493,10751
2493,14
2493,35
2493,10749
85,12
85,28
68,35
68,878
679,28
679,53
679,878
429,37
13446,35
13446,18
389,18
947,12
947,36
947,10752
185,878
185,80
595,18
28,18
28,10752
335,18
335,37
1892,12
1892,28
1892,878
144,18
144,14
144,10749
1092,53
1092,9648
769,18
769,80
348,27
348,878
766,14
766,27
766,35
175,10749
175,18
175,12
11645,28
11645,18
11645,36
10835,28
10835,80
10835,18
10835,53
539,27
539,53
539,9648
525,10402
525,35
525,28
525,80
240,18
240,80
600,18
600,10752
530,10751
530,16
530,35
530,878
530,14
10705,10752
10705,18
10705,36
279,36
279,10402
279,18
3109,10749
3109,35
3109,18
311,18
311,80
1578,18
703,35
703,18
703,10749
9549,18
9549,36
9549,12
1398,878
1398,18
387,18
387,36
387,10752
9277,35
9277,80
9277,18
343,35
343,18
343,10749
37291,18
37291,35
37291,10749
490,14
490,18
11235,35
11235,18
218,28
218,53
218,878
763,27
763,35
9665,18
9665,36
9665,10752
18971,35
18971,18
696,35
696,18
696,10749
379,18
379,53
379,80
207,18
37247,18
37247,10749
37247,35
1480,80
1480,53
9322,28
9322,53
826,18
826,36
826,10752
422,18
829,80
829,18
829,9648
829,53
828,878
828,53
828,18
3090,12
3090,18
3090,37
9964,28
9964,35
9964,27
9964,878
3063,35
3063,10752
13667,35
13667,10749
694,27
694,53
235,80
235,18
832,18
832,53
832,80
765,27
765,35
765,14
5925,12
5925,18
5925,10752
11778,18
11778,10752
4485,28
4485,18
4485,53
137,10749
137,14
137,18
137,35
33,37
982,53
982,18
8428,10402
8428,18
212,35
212,80
105,12
105,35
105,878
1633,18
1633,35
11202,10752
11202,18
11202,36
1554,80
1554,18
1554,35
149,16
149,878
149,28
8009,12
8009,28
8009,14
903,18
903,80
11673,18
11673,35
11673,36
11673,10749
3034,35
339,35
339,18
10404,18
914,35
914,10752
756,16
756,10751
756,14
288,37
288,18
910,9648
910,80
910,53
2640,35
2640,80
16633,18
16633,14
16633,10749
665,36
665,18
665,12
11031,35
11031,10402
11314,99
11314,10402
15143,10749
15143,35
89,12
89,28
10322,35
10322,18
783,18
783,36
10644,18
10644,10749
11257,18
11257,10749
14370,35
14370,10749
14370,878
12104,10402
12104,18
625,18
625,36
625,10752
8816,18
8816,35
830,878
830,12
2323,18
2323,14
983,12
983,18
642,12
642,37
642,80
642,18
642,36
655,18
10341,18
10341,878
10341,12
639,35
639,10749
639,18
266022,80
168450,18
168450,10749
30180,99
30180,10402
31388,28
31388,10751
31388,35
41801,18
41801,10749
41801,53
66034,28
66034,35
66034,80
348138,10749
348138,35
96288,99
61536,35
18762,35
18762,10749
331367,99
8077,878
8077,28
8077,27
814,35
814,27
41671,27
27214,27
52263,27
33519,27
16235,27
11449,27
41848,27
25944,27
25944,35
24913,27
24913,9648
49126,18
49126,27
49126,53
32076,27
32076,9648
32076,53
571,27
571,53
8851,27
8851,878
37843,878
37843,27
32146,27
32146,53
30346,27
6114,10749
6114,27
229,27
229,878
13549,27
13549,53
13549,9648
9529,18
9529,27
9529,53
1598,18
1598,80
1598,53
11349,53
11349,18
7340,27
7340,53
6217,53
6217,27
377,27
653,27
653,14
28198,27
794,27
794,53
31640,80
31640,53
8744,80
8744,18
8744,53
25189,35
25189,18
25189,10749
145,18
145,10749
2212,18
2212,27
2212,9648
2212,53
199,878
199,28
199,12
199,53
7863,18
12498,18
9279,10751
9279,35
9279,12
53234,18
53234,10749
17204,99
17204,80
21539,10751
21539,14
21539,18
21539,35
21539,10749
85589,18
85589,53
12709,35
12709,18
12709,10749
20539,18
20539,36
11674,10751
11674,35
199512,18
64900,18
64900,9648
64900,53
1573,28
1573,53
152,878
152,12
152,9648
174,878
174,28
174,12
174,53
172,878
172,28
172,12
172,53
154,28
154,12
154,878
154,53
157,878
157,28
157,12
157,53
168,878
168,12
364,28
364,14
11967,37
11967,28
11967,12
9086,37
9086,12
621,10749
621,35
9037,35
9037,10402
9037,10749
10173,28
10173,80
10173,18
10173,53
55687,28
55687,878
55687,53
168535,18
8845,28
8845,53
46681,37
578,27
578,53
578,12
579,27
579,53
17692,53
17692,27
17795,35
75,35
75,14
75,878
13891,18
13891,35
9390,35
9390,18
9390,10749
378,35
378,80
10896,35
10896,18
2322,35
2322,80
2322,18
41240,18
26949,18
26949,10749
9819,18
49799,18
31908,18
31908,36
46027,18
46027,80
46027,53
3179,16
3179,35
3179,12
3179,80
3179,10402
1802,18
1802,53
4232,80
4232,27
4232,9648
9361,28
9361,36
9361,10749
9361,10752
2928,35
2928,18
2928,14
30285,35
30285,18
30285,10749
10549,18
58102,18
58102,36
18451,18
18451,10749
27265,35
27265,18
49935,10749
49935,80
49935,18
8818,36
8818,18
36758,18
36758,10749
36040,12
36040,18
74239,10402
74239,99
9415,28
9415,18
9415,9648
9415,53
9415,80
55146,18
55146,53
55146,99
55146,10749
303693,80
303693,18
303693,10770
12145,35
12145,10749
42424,12
42424,35
42424,10751
42424,10749
34314,28
34314,53
34314,80
2892,18
2892,10749
9404,28
9404,12
9404,35
9404,80
9404,18
9404,53
85242,18
85242,28
85242,35
85242,53
9622,35
9622,28
8860,28
8860,35
8860,80
197537,27
197537,53
197537,878
66597,18
66597,10749
14832,18
9619,28
9619,12
9619,18
9619,53
40506,35
31000,28
31000,35
4104,35
4104,18
26306,18
26306,10749
203829,99
43775,18
43775,35
43775,10749
14908,35
784,18
784,35
12489,35
12489,80
12489,18
168283,99
16448,35
16448,10402
55936,18
55936,10752
17894,35
17894,10749
28059,35
28059,18
58911,35
58911,10749
17949,28
17949,35
1968,35
1968,18
1968,10749
61563,35
61563,18
61563,10749
66,80
66,18
66,28
20735,10751
20735,35
11419,35
333165,99
25796,35
25796,18
25796,10749
638,18
638,53
638,9648
25624,18
25624,36
25624,28
25624,53
9366,80
9366,18
9366,53
60083,35
21915,35
90928,99
90928,10402
50091,18
50091,10749
18420,53
19952,35
19952,10749
9446,35
9446,10751
28005,18
28005,36
28005,10749
9403,35
9403,18
27322,35
27322,18
27322,10749
10003,53
10003,28
10003,10749
10003,878
10003,12
9311,18
9311,53
11844,35
11844,18
884,53
884,18
49806,35
49806,18
1624,35
88423,18
16052,18
16052,10402
16052,36
4477,80
4477,53
4477,18
24662,16
24662,35
24662,10751
24662,10402
18423,35
76996,35
76996,10749
6499,28
6499,12
6499,10751
6499,14
6499,878
50512,18
50512,10749
9405,28
9405,878
12723,18
12723,10749
9360,12
9360,27
9360,53
9434,28
9434,35
9434,53
9434,10749
118991,80
118991,18
118991,53
21626,10749
21626,18
13982,35
13982,80
13982,12
13982,9648
93946,18
77223,10752
77223,18
77223,36
31465,18
31465,80
12793,18
12793,10749
102878,18
105763,18
105763,35
105763,10749
9611,35
47694,18
47694,10749
10357,878
10357,28
10357,18
10357,53
9977,35
9977,18
816,878
816,35
816,80
2163,80
2163,9648
2163,53
2163,18
2163,28
124680,10749
124680,18
16399,35
16399,18
16399,10749
124843,18
31017,28
31017,80
31017,18
24645,18
49478,14
49478,10751
49478,28
12499,35
12499,10751
18,878
18,28
18,12
68545,18
68545,35
1811,35
1811,18
1811,878
109614,18
109614,10749
60082,35
60082,10749
24183,18
53023,18
53023,10749
64802,18
11239,10402
11239,35
11239,18
11239,10749
50850,12
50850,10751
15321,35
15321,18
2058,35
2058,10749
9450,35
9450,10749
9450,18
125021,18
330,12
330,28
330,878
38523,18
16375,35
16375,14
16375,9648
33660,18
33660,10751
59232,18
45671,35
45671,18
45671,10749
45671,14
17770,35
17770,10749
15170,10751
15170,12
15170,35
15170,18
1701,28
1701,53
1701,80
201445,35
201445,18
201445,10749
26422,18
26422,10749
124642,18
124642,10749
1639,28
1639,12
1639,53
1639,10749
1639,18
49235,80
49235,18
106129,35
106129,18
106129,14
106129,9648
291634,18
291634,10402
107743,35
107743,10749
415,28
415,878
415,12
47686,35
47686,18
65889,35
65889,10749
65889,18
11103,35
11103,53
11970,16
11970,10751
11970,14
11970,12
11970,35
11970,10749
34941,18
407992,18
407992,10749
8874,35
8874,10749
17991,878
17991,27
17991,18
11956,35
266,18
266,10749
754,28
754,80
754,878
37567,18
37567,10749
43771,18
43771,9648
43771,10749
124834,18
249358,53
111367,18
111367,35
111367,10752
607,28
607,12
607,35
607,878
18080,35
18080,10749
38225,12
38225,35
38225,10751
17834,12
17834,35
17834,10751
17834,14
686,18
686,878
686,9648
65046,35
65046,10749
4421,28
4421,18
9387,12
9387,14
9387,28
10603,12
10603,35
10603,10751
10603,10749
2142,80
2142,18
2142,53
38904,18
38904,10749
45565,18
45565,10751
45565,10749
9407,80
9407,18
9407,53
4824,28
4824,53
4824,12
4824,80
9444,16
9444,10751
9444,14
9444,12
9414,35
9414,80
9414,28
8078,878
8078,27
8078,28
29938,27
29938,878
11831,18
11831,36
11831,9648
2895,18
39177,18
39177,36
19601,18
19601,36
19601,10749
124606,18
42832,35
22797,35
22797,18
2639,35
2639,18
9574,35
9574,10751
9574,878
10371,35
10371,10749
489,18
167738,18
293820,18
9714,35
9714,10751
102406,18
531591,53
8197,9648
8197,80
8197,18
6283,35
6283,10751
279698,35
279698,18
279698,10749
49728,27
49728,53
49728,35
64562,18
4233,27
4233,9648
191874,53
10217,18
438108,878
597,18
597,10749
714,12
714,28
714,53
52537,18
12799,10749
12799,18
62394,18
62394,10751
9922,878
9922,12
9922,28
547,12
547,18
547,10749
25994,18
184,80
184,18
184,53
9746,18
9746,36
9438,35
9438,10751
115,35
115,80
26941,18
26941,10749
27103,18
27103,35
9410,35
9410,18
9410,10749
32302,10751
32302,28
32302,35
216794,18
216794,28
88863,18
88863,53
88863,80
154821,99
41417,28
41417,12
41417,53
12538,35
12538,10749
586,35
586,18
2666,9648
2666,878
46338,53
54007,28
54007,12
54007,10751
54007,878
11258,53
11258,80
11258,28
9490,35
9490,80
9411,80
9411,18
9411,53
25719,80
25719,35
25719,10749
9033,27
9033,14
9033,53
11220,28
11220,10749
11220,80
21253,53
21253,18
21253,36
6116,12
6116,14
6116,18
6116,35
6116,10402
9457,12
9457,28
9457,27
9457,878
281289,53
281289,35
281289,27
43911,18
43911,80
43911,9648
39424,35
39424,18
39424,10749
44361,18
11702,28
11702,80
11702,53
2923,10749
2923,80
2923,18
12238,27
12238,9648
11568,10402
11568,28
11568,35
11568,80
41577,53
41577,28
41577,18
66894,35
11003,10749
11003,35
10153,878
10153,9648
10153,53
49645,99
47112,18
47112,53
47112,10749
102732,35
102732,10749
30949,80
30949,9648
30949,53
2898,18
2898,35
2898,10749
9558,53
9558,80
83593,99
320011,18
320011,80
26269,80
26269,53
11808,53
11808,80
11808,28
6970,10402
6970,35
6970,14
6970,12
47452,18
47452,10749
18205,18
36943,12
21736,99
17941,18
17941,53
10668,28
10668,35
10668,80
10668,18
10668,53
9313,12
9313,28
9313,18
42807,80
42807,28
42807,18
617,9648
617,53
617,18
36568,18
36568,35
36568,10751
36568,12
37272,18
37272,10749
5910,80
5910,18
9440,18
9440,35
53092,18
53092,10749
32911,35
32911,18
32911,10751
44308,18
44308,10749
124821,18
32456,18
32456,10749
93350,18
93350,10749
62695,99
62695,10402
32144,18
32144,10749
17127,35
17127,18
17127,10749
40688,35
40688,10751
17133,18
17133,28
17133,35
17133,53
17133,80
19848,35
19848,18
17644,10751
17644,14
17644,12
1774,99
30265,18
30265,10749
558884,35
2157,878
2157,12
70581,18
70581,28
70581,53
70581,80
8838,28
8838,80
8838,18
8838,53
29193,18
29193,9648
29193,53
795,10749
795,18
795,14
16980,35
16980,18
16980,10749
27472,12
27472,35
47881,35
47881,18
47881,10751
9469,18
12488,53
81367,10751
81367,12
81367,35
267,18
267,10749
267,53
16148,35
16148,80
16148,18
16148,9648
21252,18
73135,53
9449,12
9449,14
9449,28
9449,35
9449,10751
6264,12
6264,14
90414,35
90414,10749
188870,35
188870,18
188870,10749
215373,18
215373,53
78149,35
15513,35
15513,10749
31220,35
31220,10751
13907,99
13907,10402
29825,35
29825,18
29825,10749
10622,80
10622,28
10622,35
30020,18
17139,36
17139,18
34582,35
34582,53
10216,878
10216,28
10216,27
9771,35
24560,35
76330,10402
76330,99
9448,28
9448,12
9448,35
9448,80
9448,53
38618,12
38618,28
18316,28
78373,35
78373,18
78373,10751
77514,18
77514,35
49474,10749
49474,18
49474,10770
4415,80
4415,18
4415,36
4415,10749
39467,35
39467,18
39467,10749
55561,18
8656,28
8656,18
8656,878
209345,18
58680,35
58680,10749
35161,18
35796,18
18937,14
18937,16
18937,18
18937,10749
18937,10751
929,878
929,28
929,53
9452,35
9452,18
9452,80
9452,53
9452,10749
1878,12
1878,18
1878,35
9844,35
9844,18
40505,28
40505,35
14342,12
14342,35
14342,37
9715,10749
9715,18
9715,35
26610,53
26610,80
26610,9648
20064,18
20064,53
40961,27
40961,53
1965,80
1965,53
1965,18
312,18
312,10402
6068,35
6068,28
6068,12
6068,10749
15037,35
15037,10749
50043,35
50043,18
50043,10749
37636,18
37636,10749
17044,18
17044,10749
17044,10752
60951,12
21334,18
21334,10751
416437,99
32284,10749
32284,35
32284,18
51955,35
51955,10749
37410,35
37410,18
47481,18
47481,10749
53765,35
53765,10749
10674,16
10674,10751
10674,12
136134,53
136134,80
136134,18
846,9648
846,878
846,53
12655,28
12655,35
12655,80
3050,35
3050,10751
3050,14
1389,10749
1389,35
1389,80
11020,18
11020,9648
20862,18
20862,35
108548,18
9464,18
9464,10749
9464,35
95,28
95,53
95,878
95,12
944,28
944,12
944,35
944,80
944,53
35680,10751
35680,35
35680,18
11551,35
11551,12
11551,14
11551,878
11551,28
473,9648
473,18
473,53
102304,18
544,10749
544,35
10513,878
10513,27
28966,18
28966,28
28966,10752
28966,10749
65203,10402
65203,10749
65203,18
143,18
143,10752
42861,37
42861,18
33680,18
33680,10749
56164,18
56164,10752
12311,12
12311,18
12311,36
43277,10402
43277,18
43277,10749
43278,18
43278,36
34106,35
34106,10749
43266,18
27367,18
27367,10749
27367,10752
17661,18
17661,35
17661,10402
28580,18
887,18
887,10749
33667,18
23383,18
25430,18
27191,18
27191,10749
11426,10752
11426,10749
11426,18
654,80
654,18
654,10749
15919,18
15919,10749
1725,80
1725,18
1725,10749
5769,35
5769,12
5769,36
5769,10749
874,18
874,36
10633,80
10633,18
10633,9648
10633,53
17917,18
17917,10751
3116,18
1051,28
1051,80
1051,53
1366,18
12102,18
16619,18
9443,18
9443,36
11050,18
11050,35
606,36
606,10749
606,18
746,18
746,36
380,18
403,18
11485,35
11485,80
466,53
466,9648
466,80
13820,35
13820,878
15389,35
15389,18
15389,10749
13597,12
13597,10751
13597,14
2108,35
2108,18
10014,27
10072,27
10072,53
10072,14
10131,27
10131,53
10160,27
10160,53
11284,27
11284,53
4488,27
9725,27
9725,53
9728,27
9728,53
9730,27
9730,53
9731,27
9731,53
10225,27
10225,53
10281,27
10281,53
10283,27
10283,53
948,27
948,53
11281,27
11281,53
10676,27
10676,878
11357,27
11357,53
11361,27
11361,53
36599,27
36599,9648
36599,53
39929,27
39929,14
39929,53
41828,35
41828,27
41828,53
41769,27
41769,53
10585,27
11186,27
11186,53
11187,27
11187,53
609,27
11133,27
11133,53
10306,27
10306,53
9552,27
11586,27
11587,27
941,12
941,28
941,35
941,53
941,80
942,28
942,12
942,35
942,80
942,53
943,28
943,35
943,53
943,80
927,14
927,27
927,35
928,35
928,27
928,14
9340,12
9340,35
9340,10751
9342,28
9342,12
38509,35
38509,18
60033,80
60033,18
60033,53
12101,878
12101,53
12101,80
12101,9648
19,18
19,878
165,12
165,35
165,878
196,12
196,35
196,878
551,12
551,18
551,53
16084,14
16084,35
16084,10751
17984,35
17984,10751
17984,878
22328,35
22328,10751
22328,37
32611,35
32611,14
32611,10751
32611,10402
3170,16
3170,18
3170,10751
346,28
346,18
859,18
859,10749
841,28
841,878
841,12
11051,18
242,80
242,18
242,53
1411,9648
1411,18
1411,14
1411,53
9769,18
9769,10749
9424,9648
9424,27
9424,878
9835,35
9835,80
857,10752
857,18
857,36
17539,35
17539,10749
44322,18
22777,35
22777,10751
20173,35
20173,10751
10957,16
10957,28
10957,12
10957,10751
10957,14
9570,12
9570,878
9570,28
16249,35
16249,14
16249,10751
13962,35
13962,10751
14612,10751
19378,35
19378,10751
19378,878
65157,18
65157,10751
29228,35
29228,10751
29228,18
19379,35
19379,28
19379,12
11164,35
11164,28
11164,10751
11164,18
18887,12
18887,10751
18887,14
18887,10749
40866,14
40866,35
24736,18
24736,12
10122,10751
10122,878
10122,12
24816,14
24816,35
24816,10751
9994,16
9994,10751
9994,12
9994,9648
25445,35
25445,18
25445,10751
25445,10402
12129,14
12129,35
12129,10751
12129,12
14140,10749
14140,35
14140,10751
14140,28
14140,12
10439,14
10439,35
10439,10751
11158,12
11158,35
11158,10751
11158,878
9354,12
9354,35
9354,10751
9354,878
28736,28
28736,35
28736,10751
28736,37
34774,12
34774,10751
37969,12
37969,10751
9631,28
9631,80
9631,18
9631,53
9820,35
9820,10751
9820,10749
14013,35
36606,99
96196,18
96196,10749
98505,18
1779,99
1779,36
1779,35
10849,14
10849,35
10849,10749
678,80
678,53
907,18
907,10749
907,10752
5961,14
5961,18
5961,9648
47908,18
42121,18
42121,10402
42121,10749
2887,18
2887,10770
11974,35
11974,27
11974,53
20348,35
20348,18
26648,10752
26648,18
26648,10749
11911,18
793,9648
793,53
793,80
35144,12
35144,10751
35144,18
9325,10751
9325,16
9325,12
43037,28
43037,12
43037,18
43037,10751
10340,10751
10340,16
10340,10749
10144,16
10144,10751
10144,14
10414,35
10414,10751
10414,18
10414,28
10437,10402
10437,35
10437,10751
10437,14
10437,18
15300,18
15300,10402
15300,36
15300,10751
12230,12
12230,16
12230,35
12230,10751
13380,10751
13380,14
10693,16
10693,10751
10693,12
10693,14
11335,28
11335,12
11335,35
11335,10751
11135,16
11135,12
11135,10751
11135,14
11319,14
11319,10751
11319,16
11319,12
14822,12
14822,14
14822,878
14822,10751
13155,12
13155,10751
13155,14
10249,28
10249,12
10249,878
10249,10751
15943,35
15943,10751
15943,14
10882,14
10882,16
10882,10749
10882,10751
24808,14
24808,9648
24808,27
19762,35
19762,10751
19762,878
13850,10751
13850,16
2619,35
2619,10749
2619,14
65158,12
65158,36
53565,16
53565,35
41841,12
41841,10751
41841,37
27332,18
97,878
97,28
97,12
10419,10402
10419,18
11675,27
11675,53
2107,35
2107,14
2107,10749
6471,35
9442,35
9442,9648
9442,80
11591,35
11591,878
13697,18
19158,27
227,80
227,18
87,12
87,28
123,12
123,16
123,14
9314,18
9314,878
11336,53
11336,27
11336,878
9980,27
9980,28
9980,878
9980,35
10657,18
10657,27
10489,27
10489,53
10823,27
10823,53
11497,18
11497,16
11497,10751
11497,35
11497,14
2907,35
2907,14
9454,18
9454,10749
9454,35
8688,80
8688,9648
8688,53
118452,18
16155,35
16155,80
48894,99
23954,80
23954,18
23954,10749
12761,18
396,18
14367,35
11814,35
11814,14
11814,878
11814,10749
16081,10402
16081,10751
16081,35
16081,14
18331,35
18331,878
18331,10749
15171,10751
15171,10402
15171,16
11837,12
11837,16
11837,18
11704,10751
11704,16
11704,14
11704,12
11704,9648
11639,12
11639,10751
11639,14
4978,16
4978,35
4978,12
4978,18
4978,10751
10380,16
10380,10751
10380,37
10380,12
10380,35
11976,12
11976,14
15144,35
15144,10749
11522,10749
11522,18
11557,18
11557,10749
11557,35
13853,12
13853,18
11415,35
11415,27
11415,14
37530,14
37530,27
37530,35
8393,28
8393,35
11937,28
11937,35
21661,35
21661,10751
9320,28
9320,12
9320,53
9320,878
9320,35
33644,18
33644,35
33644,10749
14662,35
14662,18
125124,35
115872,10749
115872,18
39930,80
39930,27
39930,53
10692,80
10692,27
10692,53
10692,18
805,18
805,27
805,53
34584,12
34584,14
34584,10751
34584,18
34636,10751
34636,14
34636,12
34636,18
2182,35
2182,27
2182,878
28070,28
28070,35
28070,27
77469,18
77469,35
10278,18
10278,53
10278,10749
36647,27
36647,28
17915,18
17915,10402
17915,10749
14557,35
9417,28
9417,12
9417,35
41469,35
41469,18
41469,10749
19381,18
19381,35
34637,28
34637,12
34637,14
34637,9648
4011,14
4011,35
161795,10749
161795,18
1580,53
1580,80
1580,18
5854,35
5854,80
5854,53
5854,9648
573,80
573,53
573,27
2370,18
2370,53
5780,53
506,53
506,9648
506,10749
22527,80
22527,18
574,53
574,9648
11219,35
11219,9648
30159,18
30159,53
30159,80
845,80
845,53
1978,53
3682,18
3682,10402
51942,35
51942,16
51942,14
51942,878
46702,18
46702,10749
54795,35
54795,18
54795,10749
46748,18
46748,53
847,14
847,12
847,28
117,80
117,36
117,53
14577,35
37498,28
37498,80
37498,53
38621,10749
38621,18
59138,99
59138,10402
28047,18
28047,53
28047,80
28047,10749
4175,18
4175,36
31667,18
31667,9648
31667,10749
13321,10752
13321,18
21734,53
21734,9648
31997,53
24197,35
24197,10749
11462,9648
11462,10749
11462,53
31995,80
31995,12
31995,53
940,9648
940,53
2762,53
2762,10749
2762,9648
12684,18
12684,53
12684,80
2761,53
2761,9648
2761,10749
8208,53
8208,9648
52907,36
52907,10749
52907,10402
15007,53
15007,9648
15007,80
36049,35
36049,10749
36049,18
36049,12
52748,18
75793,10402
75793,35
47695,18
47695,35
31930,9648
31930,80
31930,53
20213,10749
20213,18
543,18
543,53
543,80
36054,35
36054,18
35832,35
35832,18
52782,18
36055,10749
36055,18
36056,18
36056,10749
2760,80
2760,53
2760,9648
64398,18
64398,10749
10220,18
10220,80
431,53
431,878
431,9648
31641,18
69848,37
69848,28
69848,18
69848,36
22796,35
22796,18
22796,10751
22256,18
22256,10749
37550,35
37550,18
37550,10752
37916,35
37916,18
37916,10749
21873,35
21873,18
21873,10751
21500,35
21500,18
84116,18
12626,35
12626,10749
37818,35
37818,10749
3525,35
3525,10749
3525,18
129628,35
2321,35
2321,80
2321,10749
2028,10749
2028,35
2028,18
16384,28
16384,35
16384,80
91217,18
91217,35
77314,27
77314,878
10699,35
10699,18
11597,10751
11597,14
11597,35
11597,878
218624,18
47947,35
48311,27
48311,878
44772,35
44772,18
44772,10749
14347,35
14347,10749
41090,80
41090,18
41090,28
18282,35
18282,10749
18282,10751
18169,35
18169,18
18169,10749
11082,27
11082,18
11082,53
5971,35
5971,80
11933,35
11933,12
20096,14
20096,35
20096,10749
30815,9648
30815,53
881,18
4478,10749
4478,18
22318,18
53113,18
53113,10749
2109,28
2109,35
2109,80
122289,18
24746,28
24746,12
24746,878
24746,35
72987,18
193103,35
193103,18
8195,28
8195,53
8195,80
9877,27
9877,9648
26618,80
26618,35
26618,18
26618,10749
21132,18
21132,53
21132,80
11855,35
11855,18
24016,18
24016,12
14785,28
14785,80
14785,18
14785,36
14794,18
3486,35
3486,27
3486,80
11071,878
11071,27
1091,27
1091,9648
1091,878
10403,9648
10403,18
10403,53
10403,35
11337,35
11337,18
11337,10749
162,14
162,18
162,10749
25723,35
25723,10749
73351,18
8916,16
8916,10751
8916,35
8916,12
28134,35
9429,35
9429,10749
12159,18
12159,14
12159,10749
27791,27
43106,35
30197,35
10156,35
10377,35
10377,18
3121,18
3121,35
3121,10402
4975,18
37532,18
9713,18
9713,35
134368,28
85837,28
85837,80
1039,18
9821,18
9821,35
4437,53
4437,878
1890,18
1890,10749
1955,18
1955,36
39437,18
39437,53
39437,27
39437,9648
11932,27
11932,35
6435,10749
6435,35
6435,14
108316,35
10683,35
10683,18
63709,35
63709,18
9445,18
9445,53
2657,14
2657,35
2657,18
9425,878
9425,28
9425,18
9425,14
32326,99
637,35
637,18
8675,35
125762,80
125762,18
20701,53
20701,35
20701,14
20701,27
9945,28
9945,14
9945,27
73,18
18603,99
46889,35
46889,18
46889,10749
12888,80
12888,18
3033,18
9882,18
9882,28
9882,53
9882,80
10663,35
4518,18
4518,36
1808,18
1808,10402
3600,27
3600,9648
3600,53
17037,35
17037,10751
297,14
297,18
297,10749
5332,18
21589,18
21589,35
21589,10402
8336,18
8336,35
11893,28
11893,53
11893,18
11893,12
123056,18
123056,10751
12223,9648
12223,53
12223,878
12223,27
32081,28
32081,35
32081,80
14924,18
14924,10749
10002,80
10002,18
10002,10749
10002,53
41817,35
41817,80
41817,18
41817,14
19426,18
12560,35
12560,18
9798,28
9798,18
9798,53
14444,10751
14444,35
14444,12
14444,16
9487,10751
9487,16
9487,12
9487,35
9466,18
9466,35
666,18
2042,36
2042,18
2042,10752
10162,35
309,18
692,35
692,80
24018,18
24018,35
1678,53
1678,27
1678,878
39256,28
39256,878
39256,53
1680,878
1680,35
1680,12
1680,14
1680,28
244,12
244,14
244,27
10730,12
10730,14
31947,14
31947,28
31947,12
8130,18
8130,35
8130,80
11532,28
11532,12
11532,18
9749,35
9749,80
9749,9648
14628,35
14628,80
14628,9648
9626,12
9626,14
9626,28
13698,35
13698,18
10466,35
10466,10749
707,12
707,28
707,53
11954,27
11954,878
11954,28
11954,9648
9336,35
9336,80
10157,35
10157,80
12118,35
12118,80
10587,35
10587,80
11825,35
11825,80
11895,35
11895,80
9447,10751
9447,12
9447,35
9447,18
12257,35
12257,18
12257,10749
37536,35
10029,35
10029,80
10029,53
27104,18
11252,27
11252,9648
11252,53
8545,35
8545,18
8545,10402
10223,80
10223,18
10223,53
9745,35
9745,10751
9745,18
9745,14
200,878
200,28
200,12
200,53
9837,12
9837,16
9837,18
9837,10751
11545,35
11545,18
1934,10749
1934,36
1934,35
110643,35
110643,18
11881,35
11881,18
11881,10751
13764,10751
13764,14
13764,12
24951,10751
24951,18
24951,14
8879,37
8879,18
1369,28
1369,12
1369,53
1369,10752
1368,28
1368,12
1368,53
1368,10752
1370,28
1370,12
1370,53
1370,10752
10303,12
10303,28
10303,35
10303,10749
9326,10749
9326,35
9326,28
9326,12
10328,35
10328,878
10328,9648
10328,18
11285,35
11285,878
1367,18
1371,18
1374,18
1375,18
15196,35
15196,53
15196,80
15196,9648
11904,9648
11904,12
215875,18
215875,10749
15596,35
13818,35
13818,18
13818,10749
29968,18
29968,35
29968,10749
44326,53
44326,18
1885,28
1885,12
1885,18
1885,10751
8856,12
8856,18
8856,28
8856,10749
8856,10751
10495,28
10495,10751
10495,18
10495,12
5825,35
9489,35
9489,10749
16885,80
16885,18
76857,18
76857,35
76857,10749
8741,18
8741,36
8741,10752
9276,27
9276,878
9822,12
9822,10751
9822,28
9822,14
39314,12
39314,14
39314,18
39314,28
10312,35
10312,18
9441,18
9441,10749
9441,35
9422,18
125582,18
24525,35
24525,18
10368,35
10368,18
10368,10752
11365,18
11365,36
140897,53
140897,35
140897,18
140897,10749
31662,80
31662,18
31662,9648
31662,53
36136,53
36136,80
36136,18
1363,18
1363,10749
1363,37
46992,18
46992,10402
825,35
825,18
825,10749
22913,18
15556,18
15556,10749
28902,9648
28902,53
28902,27
14709,35
14709,18
14709,10749
9423,27
9423,28
9423,878
14443,12
14443,878
14443,35
14443,10751
10658,14
10658,35
10658,28
10658,12
10658,10749
10658,878
6917,27
6917,14
40729,27
40729,14
24086,18
24086,10751
24086,14
11815,878
11815,27
11815,18
9426,27
9426,878
10344,27
10344,878
15698,28
15698,35
15698,80
15698,53
2620,28
2620,35
2620,80
30497,27
16337,27
16337,35
25018,27
16780,27
16780,35
12151,35
25438,27
25438,35
25438,10402
33278,27
33278,878
274253,18
274253,36
274253,10749
192,18
192,53
192,9648
10945,10749
10945,35
10945,53
10013,35
10013,18
10013,14
9671,12
9671,35
9396,12
9396,35
11038,35
11038,80
12278,35
11873,18
18588,80
18588,18
18588,53
18588,28
10015,10752
10015,18
12715,28
12715,12
12715,35
8388,35
8388,37
8388,18
45712,18
45712,80
45712,53
6187,18
8129,18
1618,35
1618,10402
10722,27
10722,35
10722,28
296543,35
10314,35
10314,10749
125548,35
125548,10749
47139,28
47139,35
47139,53
11167,27
11167,53
11167,18
170187,35
170187,10749
2112,28
2112,18
2112,80
2112,53
16172,35
16172,10749
111794,10749
111794,35
9524,10402
9524,18
20595,99
20595,36
16306,16
16306,878
11622,18
11622,10749
11622,35
10207,10749
10207,18
9849,35
9849,10751
9849,878
82865,35
18892,35
18892,80
18892,53
13466,18
1542,35
43978,18
15256,35
15256,18
15256,10749
8224,53
8224,80
8224,9648
18417,35
18417,18
18417,10749
12479,35
12479,18
15031,35
15209,35
15209,10749
26425,35
26425,10749
1847,9648
1847,18
1847,80
42113,18
8913,27
10906,27
25748,27
25749,27
25749,53
8769,27
14742,35
15856,27
15856,9648
10671,28
10671,18
10671,53
27932,18
27932,53
27932,28
7227,28
7227,12
7227,18
7227,53
10670,28
10670,53
5919,28
5919,18
5919,53
33518,27
33518,878
33518,53
40160,878
40160,53
40160,28
2362,12
2362,878
2362,37
10803,28
10803,878
871,878
871,12
871,18
871,28
1685,12
1685,878
1685,9648
1705,28
1705,878
1688,28
1688,878
1687,28
1687,878
166680,28
166680,12
166680,18
11123,28
11123,18
11123,53
29723,28
29723,18
29723,53
31638,28
31638,12
31638,18
113286,99
9535,35
9535,80
9455,28
9455,80
9455,53
9455,18
796,18
796,10749
100,35
100,80
47501,35
77936,18
77936,9648
77936,10749
84586,35
84586,18
84586,10749
30943,18
30943,9648
107946,18
7341,27
7341,53
7341,878
10350,878
10350,28
10350,12
11772,27
9540,53
9540,27
31503,35
31503,10749
31503,27
11773,27
11773,878
30202,18
30202,27
30202,9648
30202,878
22345,878
22345,35
22345,10751
53685,18
53685,35
53685,10749
1567,18
1567,53
1641,10749
1641,35
47288,16
47288,10751
47288,10402
47288,10749
10212,12
10212,37
10212,27
10212,35
10354,18
10354,80
10354,53
10354,9648
11526,18
11526,10402
8583,18
8583,10749
123728,18
123728,27
16520,10402
16520,10749
16520,36
16508,16
16508,10751
16508,35
11374,35
16379,28
16379,9648
16379,53
16379,18
125123,35
125123,10749
28029,18
28029,10749
603,28
603,878
4951,35
4951,10749
4951,18
65749,10402
65749,10749
65749,18
8970,35
9840,18
186705,18
186705,10749
30950,35
30950,18
70687,878
70687,18
11660,18
11660,53
9430,80
9430,35
9430,53
11355,10749
11355,35
11355,18
18764,28
18764,35
18764,80
9465,35
9465,18
27455,35
27455,18
1414,18
1414,9648
1414,10749
49981,53
49981,35
49981,80
49981,9648
6522,35
6522,80
114719,35
114719,10749
114719,18
10209,10749
10209,18
25512,18
25512,10749
143299,80
143299,18
22826,35
1902,18
1902,53
1902,878
445590,10770
445590,36
445590,99
445590,10752
6396,35
6396,18
6396,80
6396,10402
39964,35
39964,10749
12596,35
12596,18
9451,35
9451,18
1946,28
1946,53
1946,878
89522,35
89522,878
42230,28
42230,14
42230,12
42230,27
139445,18
139445,35
74140,99
1844,10749
1844,18
1844,9648
6552,35
6552,27
6552,14
6552,10749
24584,18
24584,10749
213985,80
213985,53
25471,18
4154,18
28519,18
3309,80
3309,18
18462,35
18462,27
18462,878
28941,27
28941,878
18252,35
18252,10751
18252,14
18252,878
8592,12
8592,35
8592,80
564,12
564,28
564,14
13852,18
13852,35
140519,35
140519,18
25232,18
25232,10749
33194,18
10210,14
10210,35
10210,10749
53862,35
53862,10749
17962,14
17962,18
9460,28
4927,35
4927,18
4927,10749
122190,18
122190,99
1893,12
1893,28
1893,878
31342,35
31342,10749
44297,18
44297,10749
95627,53
95627,35
95627,80
8785,14
8785,9648
8785,36
15849,27
15849,14
15849,10749
18990,27
29242,27
29242,14
29243,27
29243,14
31498,27
31498,14
29239,27
29239,14
15660,18
1924,878
1924,28
1924,12
8536,878
8536,28
8536,12
9531,35
9531,878
9531,28
9531,12
11411,28
11411,12
11411,878
138,27
138,14
138,10749
30793,27
30793,878
3103,27
3103,878
3035,18
3035,27
3035,878
3077,27
3077,878
3074,27
3074,878
3076,27
3076,878
3079,27
3079,878
32023,27
13666,27
13666,18
29794,53
29794,27
29794,35
9077,878
9077,27
36685,35
36685,878
36685,14
36685,27
43391,53
43391,878
30168,35
30168,99
10785,18
10785,27
10785,878
19483,878
19483,27
8974,878
8974,28
29959,878
29959,12
29959,27
11549,878
11549,27
11549,53
18158,28
18158,878
27625,878
27625,53
27625,27
41516,12
41516,14
41516,27
41516,878
17918,27
17918,878
37305,18
37305,36
37305,10752
18784,18
18784,10752
509,10749
509,35
1090,53
1090,878
1090,9648
24858,18
15059,18
55912,35
55912,18
55912,10749
12117,18
12117,53
11779,99
11779,10402
41730,35
41730,18
84198,99
100568,18
13533,35
13533,10749
62676,12
62676,18
62676,53
817,12
817,35
817,80
817,878
265966,35
265966,18
265966,14
91598,18
91598,35
14283,18
14283,53
14283,9648
14283,10402
14283,10749
37135,10751
37135,12
37135,16
37135,18
2275,53
2275,9648
2275,80
68426,35
68426,99
24137,18
24137,35
24137,10749
10376,18
10376,10402
104,28
104,18
104,53
15800,99
9032,35
9032,18
13821,18
9421,35
55955,18
55955,35
67067,878
6488,35
6488,27
9473,16
9473,35
8487,28
8487,12
8487,35
8487,878
8487,37
10279,80
10279,18
10279,53
125263,18
2767,18
2767,10749
78568,18
78568,10749
2105,35
2105,10749
1073,80
1073,18
1073,53
1073,9648
10239,18
10239,10749
10208,10751
10208,35
10208,878
2667,27
2667,9648
48958,35
48958,18
345,18
345,53
345,9648
9825,27
9825,35
9825,28
9825,878
9825,53
16158,35
16158,18
16158,10749
133575,18
133575,10749
133575,35
620,35
620,14
2978,35
2978,14
10490,35
11618,27
11618,53
11618,14
11618,9648
332,28
332,12
332,35
332,10751
1812,35
1812,10749
8914,28
8914,27
8914,878
9824,12
9824,14
9824,28
9824,35
9824,878
4806,35
4806,10749
33430,18
33430,10749
247,80
247,53
10056,53
10056,80
10056,18
967,36
967,10752
967,18
967,12
802,18
802,10749
802,35
802,80
3175,18
3175,10749
3175,10752
3175,36
147,18
1628,18
1628,10749
21185,10749
21185,28
21185,35
11120,18
11120,12
10136,28
10136,12
10136,35
32060,35
48686,28
48686,53
48259,35
48259,18
873,18
873,36
48660,27
48660,878
26789,28
26789,80
26789,53
3934,35
3934,80
3934,18
108312,18
198469,18
198469,10402
11416,12
11416,18
11416,28
11416,36
10776,27
10776,35
24452,27
24452,35
24452,14
9710,12
9710,28
9710,35
9710,9648
31924,53
31924,9648
31924,10749
31924,80
30890,35
30890,18
24081,35
24081,18
20242,35
39074,18
39074,53
66194,35
66194,27
2115,10402
2115,18
23599,28
23599,80
3526,18
41166,18
41166,10749
16406,35
16406,12
197239,18
197239,10749
10386,16
10386,10751
10386,878
10386,18
745,9648
745,53
745,18
913,18
913,80
913,10749
912,80
912,10749
12229,35
12229,18
67323,35
67323,18
91076,18
91076,35
89861,35
19457,80
19457,18
19457,53
11353,35
17707,18
17707,53
17707,9648
9781,35
9781,10402
9781,12
102489,18
102489,10749
18212,18
18212,10749
18212,35
13817,18
126996,99
38715,18
38715,10749
48781,53
48781,10749
12185,14
12185,35
12185,10749
29056,35
29056,27
29056,14
29056,18
26857,27
26857,878
28501,27
28501,9648
28501,18
29030,27
25319,18
25319,27
29074,27
29074,35
29074,9648
29074,53
24103,35
24103,27
24103,9648
10552,27
10552,53
9267,35
10766,27
10766,53
10768,27
10768,9648
10768,53
813,35
2665,35
9406,27
9406,35
9406,14
11418,12
11418,35
11418,10749
11153,35
11153,12
14170,35
2280,14
2280,18
2280,35
2280,10749
2280,10751
11077,35
11077,10751
28597,35
28597,10751
22611,12
22611,16
22611,10751
22611,14
39780,18
39780,10749
10396,53
10396,80
10396,10749
9944,53
9944,80
9944,18
850,35
850,10751
10154,35
10154,80
10154,10749
10342,35
10342,53
10366,28
10366,878
9349,53
9349,28
9349,878
9349,80
15122,35
15122,10749
10494,16
10494,53
126152,35
22314,18
22314,28
22314,53
22314,80
51679,99
51679,36
35813,27
35813,9648
35813,53
35813,80
11037,28
11955,28
11955,12
11955,18
11955,10752
2038,28
2038,53
28737,28
28737,12
11963,53
11963,9648
53761,12
53761,18
9096,12
9096,18
9096,10749
91893,12
91893,80
113273,99
103793,18
1911,12
1911,36
1911,28
2900,18
2900,878
2900,53
17709,35
17709,10751
17709,10749
37718,14
37718,35
37718,10749
47144,18
47144,53
104896,18
104896,10751
30964,53
30964,80
30964,18
52366,18
52366,10752
6373,35
6373,10749
2162,28
2162,35
2162,53
14578,10749
14578,35
14578,18
40694,35
40694,18
40694,10749
4338,35
4338,80
49184,18
49184,35
49184,10749
10307,27
10307,53
10307,14
11601,27
11601,9648
11601,53
18621,18
18621,53
18621,80
1075,35
1075,10749
1075,80
21719,18
21719,53
40879,35
40879,18
40879,10402
47951,12
47951,18
47951,10751
43832,10749
43832,12
43832,18
47697,18
49792,35
49792,18
77064,18
77064,53
26522,9648
26522,80
26522,18
23761,27
23761,9648
23761,80
23761,18
23761,53
24097,27
24097,53
42114,27
42114,878
28295,53
28295,27
28295,80
12105,10402
12105,16
12105,12
12105,35
12105,14
14,18
24128,99
24128,10402
11001,28
11001,35
11001,80
10390,18
10390,10749
9453,18
9453,36
704,35
704,10402
35122,35
35122,10749
142132,35
24153,18
24153,10402
11797,35
11797,27
18086,27
18086,35
124475,18
17887,35
17887,10749
10669,18
10669,12
10669,53
11527,12
11527,14
42848,18
42848,9648
42848,10749
42848,53
40867,10402
40867,35
40867,10749
1049,18
1049,53
1049,9648
1049,10749
28032,16
28032,14
28032,10749
28032,10402
28032,10751
11326,18
11326,10402
28377,27
28377,53
10975,28
10975,12
10975,80
10975,53
10974,12
10974,28
10974,35
10398,18
10398,53
10398,9648
2290,35
2290,18
2290,36
24071,35
24071,18
24071,10749
62994,10749
62994,35
60994,18
60994,10749
16112,10751
16112,35
16112,12
16112,10402
32305,28
32305,35
32305,53
14429,10749
14429,35
14429,18
15198,18
15198,35
6415,28
6415,35
6415,10752
24066,35
24066,80
21430,18
21430,9648
21430,878
10381,28
10381,35
10381,18
26338,18
26338,10749
42486,28
42486,12
42486,18
42486,10751
60285,37
60285,10752
5622,35
5622,18
10349,9648
10349,27
42518,16
42518,10751
42518,28
42518,12
29787,27
29787,878
29787,18
29787,53
9638,27
9638,878
10576,27
10576,9648
10576,53
12662,27
12662,9648
12662,53
61369,18
11712,18
11712,28
11712,35
12618,18
12618,10749
12618,53
13824,35
226,80
226,18
288772,99
55107,18
55107,10749
69851,18
10388,80
10388,18
10388,53
10388,9648
17198,35
17198,10749
17198,878
44857,18
44857,35
44857,10749
9346,10749
9346,35
9346,18
861,28
861,12
861,878
14412,53
14412,80
9377,35
11541,10749
11541,18
2457,18
2457,10749
11901,37
11901,18
11901,9648
4929,37
4929,18
85325,35
11230,28
11230,35
8416,18
11054,35
11054,10402
11054,10749
851,18
851,10749
24453,18
24453,10749
18254,18
18254,36
18254,10749
56235,99
20123,18
20123,35
20123,80
20123,14
16642,18
16642,10749
2593,18
42020,10402
42020,18
3086,35
3086,10749
16305,35
16305,10749
16305,12
32255,35
32255,10749
48797,9648
48797,878
48797,18
19997,53
19997,80
3767,10749
3767,18
3767,53
17352,10402
17352,10749
17352,10752
535,18
535,10749
2731,18
2731,10749
1654,28
1654,12
1654,10752
31043,18
31043,9648
31043,53
14831,35
14831,10402
14831,12
658,12
658,28
658,53
657,28
657,53
657,12
646,12
646,28
646,53
5689,12
5689,18
5689,10749
391,37
8052,18
8052,80
772,35
772,10751
772,12
65448,28
65448,18
65448,80
65452,28
65452,53
65452,80
65452,18
31650,18
31650,10749
31650,53
73575,18
302579,18
550,18
550,53
97537,18
97537,36
97537,99
12220,18
12220,35
12220,10749
1610,35
1610,10749
53151,80
53151,18
42881,18
29064,53
29064,14
29064,18
404,18
404,10751
42196,53
42196,18
42196,27
36819,10751
36819,14
36819,878
36819,12
36819,35
42726,18
42726,10749
9343,18
9343,12
16858,18
42006,18
42006,10749
42006,36
11562,35
11562,18
11562,80
10496,27
10496,53
10496,878
16162,18
16162,35
8649,18
31306,35
31306,18
10563,35
10563,10749
14484,18
14484,10749
214735,35
214735,18
94857,99
94857,36
32043,18
32043,14
32043,27
32043,9648
32043,53
15247,53
29251,99
5548,28
5548,53
5548,878
5549,28
5549,12
5549,80
5549,878
5549,53
856,14
856,16
856,35
856,80
38772,35
38772,18
699,12
699,28
699,53
709,12
709,28
709,53
253,12
253,28
253,53
13511,27
660,12
660,28
660,53
46798,18
11377,27
26149,18
26149,10402
492,35
492,18
492,14
108346,10749
108346,18
98480,10749
98480,35
98480,14
128,12
128,14
128,16
46286,35
46286,18
46286,10402
8672,99
8056,18
8056,35
8056,10752
2020,35
2020,10749
9481,18
9481,9648
9481,53
9481,80
9008,18
9008,53
14242,99
14242,35
16129,35
16129,10749
16129,18
104103,18
104103,35
11489,18
28145,18
51371,35
51371,10749
18111,27
18111,35
18111,878
31361,35
31361,18
11223,53
11223,9648
16281,27
16281,35
16288,27
16288,35
1694,878
1694,35
1694,27
476,18
476,80
37094,80
37094,18
37094,53
13555,27
961,28
961,12
961,35
961,10752
961,10749
73969,18
73969,35
73969,10749
24831,27
24831,878
64963,10749
64963,37
85160,27
25560,35
25560,10749
21610,28
21610,80
21610,53
11878,18
11878,53
11510,35
11510,27
11234,878
11234,28
11234,18
11234,53
957,35
957,878
11886,16
11886,10751
11886,12
37853,35
37853,18
37853,10752
62204,12
62204,18
11040,37
11040,35
11040,12
21849,18
1621,35
14035,35
40771,35
40772,35
40773,35
11498,9648
11498,18
11498,80
11498,53
11790,35
11790,18
29371,35
29371,18
29371,10749
276635,35
276635,10770
47941,35
29048,35
29048,10752
19052,18
19052,53
21349,18
21349,35
21349,10749
1832,14
1832,35
1832,12
10047,12
10047,18
10047,28
10047,36
10047,10752
10228,16
10228,10751
10228,12
10228,14
10228,28
47692,18
47692,53
18561,80
18561,18
18561,9648
18561,53
144953,35
144953,9648
144953,53
37426,27
37426,9648
37426,878
51787,10752
51787,18
11663,35
11663,18
11663,10402
13485,35
13485,18
13485,10749
9289,10752
9289,28
9289,18
9264,53
9264,18
18222,53
18222,10749
18222,18
124853,18
124853,28
11165,10752
11165,36
11165,18
4203,35
4203,18
24226,18
88875,18
11379,878
11379,35
11379,12
11379,10749
29154,18
2039,35
2039,18
2039,10749
77915,18
77915,10749
11943,12
11943,37
11943,18
11943,28
11481,18
11481,53
11481,27
2690,10749
2690,35
20565,99
27141,18
10399,10749
10399,18
90762,12
90762,35
90762,14
90762,878
90762,27
2668,14
2668,53
2668,9648
2668,27
36643,12
36643,28
36643,53
99,35
99,18
159569,99
77010,27
25898,14
25898,35
25898,10751
9647,14
9647,35
9647,18
11787,35
11787,14
5156,18
24276,18
24276,36
11953,28
11953,18
11953,36
11953,10752
44662,36
44662,18
44662,28
29005,37
29005,18
26371,18
26371,10749
596,18
52470,35
20334,35
20334,18
20334,10749
11393,18
31121,35
31121,18
293,18
293,10751
10998,53
10998,18
10998,10749
12235,53
36094,18
36094,10749
9013,28
9013,35
9013,80
9013,53
11005,18
59820,18
59820,10749
59820,36
2924,18
2924,53
2924,28
2924,80
177,35
177,18
38557,18
42087,18
13681,18
34760,18
9946,28
9946,27
9946,14
863,16
863,35
863,10751
31582,35
31582,18
31582,80
125520,18
22267,18
22267,10752
22267,10749
22267,37
55123,35
55123,18
5486,27
5486,53
10411,35
41462,53
41462,80
41462,18
1718,37
28604,35
15506,18
20024,10749
20024,18
78256,18
78256,10749
13787,35
13787,18
54933,18
9684,35
9684,18
9684,10402
9586,35
9586,18
41638,35
41638,18
41638,10749
70801,18
70801,35
33015,35
33015,37
777,18
777,36
777,10752
21887,18
5652,99
19664,10752
19664,28
19664,53
32331,18
32331,10749
76083,28
76083,12
76083,18
76083,10749
32628,35
32669,80
32669,18
32669,9648
32669,10749
18161,10402
18161,99
31681,18
31681,10752
31681,12
33666,35
33666,10749
32274,18
10402,35
10402,10749
497,14
497,18
497,80
1715,18
35118,35
35118,18
35118,9648
42739,18
26162,9648
26162,35
26162,80
26162,27
25188,18
25188,10749
15515,28
15515,12
15515,10751
15515,14
75888,28
75888,18
75888,10752
1439,18
1439,10749
1439,36
2277,878
2277,18
10137,10751
10137,14
10137,35
10137,12
10387,36
10387,18
49948,16
49948,10751
49948,10402
334,18
30237,18
30237,10749
50116,35
50116,18
46435,35
46435,18
46435,10402
46435,36
94260,18
22213,18
22213,28
22213,80
22213,53
47070,12
47070,14
47070,35
47070,10749
36492,18
36492,10749
36492,35
624,12
624,18
26578,53
26578,18
26578,80
415072,37
43103,18
43103,10749
43194,12
43194,14
9563,18
1850,35
1850,18
926,35
926,878
926,12
1213,53
1213,80
1213,18
10471,35
10400,18
10397,18
20761,35
12524,18
12524,36
28216,99
36773,18
30814,18
30814,28
30814,35
30814,80
10219,18
10219,10749
3558,18
104878,18
41276,99
17908,35
17908,18
17908,10751
10384,878
10384,27
10384,53
125317,18
48233,18
581335,99
10236,18
10236,10749
71067,10749
71067,18
632,35
632,18
632,10752
11851,28
11851,80
11851,9648
11851,53
5924,80
5924,18
33734,10402
33734,10749
33734,35
14886,18
14886,35
26617,18
11900,35
11900,18
10493,53
10493,27
16241,18
16241,9648
16241,878
27632,27
22160,80
22160,18
22160,10749
22160,53
4460,12
4460,10749
4460,18
9644,35
9644,80
9644,28
43455,18
43455,10749
13342,35
13342,10749
35119,18
21256,35
21256,80
21256,18
14919,28
14919,16
14919,80
14919,9648
14919,18
14040,18
75641,18
75641,10752
17343,27
22692,18
22692,10749
47620,18
47620,27
47620,878
2990,53
2990,18
2990,9648
38775,53
38775,9648
38775,10749
38775,27
10831,36
10831,9648
10831,35
21193,10402
21193,18
33078,35
33078,18
16672,18
16672,53
10472,35
10472,18
10472,10749
123277,99
123277,10402
79474,35
79474,18
79474,10749
79474,53
97805,35
53714,80
53714,18
21489,53
51392,18
51392,35
32600,35
32600,10749
110479,35
299121,14
299121,35
13005,35
65134,35
65134,18
65134,10402
65134,37
121738,99
18681,9648
18681,53
75531,35
75531,18
20468,35
14521,35
46835,18
46835,10749
10406,35
14741,35
14741,18
14741,10749
32015,18
1883,18
1883,36
2005,10402
2005,35
6279,10402
6279,35
11087,18
11087,53
7305,12
7305,18
7305,36
24735,18
24735,9648
9475,18
8872,35
8873,35
11287,35
11287,18
9869,18
9869,28
9869,53
9869,80
619,28
619,18
619,10749
9374,35
9374,14
9374,27
11259,12
11259,18
11259,10749
11259,37
8293,18
8293,10749
11068,10749
11068,35
11068,18
1923,18
1923,9648
1923,27
10158,35
10158,18
10206,28
10206,35
10206,27
11782,28
11782,53
11782,80
10086,35
10086,80
9367,28
9367,80
9367,53
9876,28
9876,35
10326,12
10326,14
10326,18
10326,878
10326,10749
16562,10749
16562,35
16562,18
9609,18
12143,80
12143,18
4234,27
4234,9648
9605,53
9605,27
8374,28
8374,53
8374,80
29076,28
29076,35
29076,10749
29076,53
80471,18
49477,99
121940,18
28156,27
28156,53
113096,99
106837,35
106837,18
106837,10749
24349,10749
24349,18
24349,35
27841,35
27841,9648
1907,18
1907,12
1907,10749
1907,53
15489,35
15489,10751
15489,12
15655,16
15655,10751
15655,35
68546,18
36210,18
279444,35
77908,18
77908,53
77908,10749
22342,18
22342,80
96484,878
96484,18
96484,14
30062,27
30062,53
62463,18
62463,80
25934,18
101383,99
14181,80
14181,18
14181,53
10385,18
10385,35
2787,53
2787,878
2787,28
2069,35
2069,80
61416,10752
61416,35
61416,18
79515,99
14839,18
14839,80
42186,80
42186,53
42186,27
28978,35
28978,10749
28978,18
901,35
901,18
901,10749
25010,35
25010,18
25010,10749
36208,35
10098,35
10098,18
18264,18
18264,37
291861,10749
291861,18
33374,35
33374,27
43368,18
43368,37
127602,10402
127602,10749
127602,35
2155,53
2155,28
2155,80
11004,35
11004,18
25212,28
25212,18
25212,9648
25212,53
36048,35
36048,18
139,18
139,35
139,10749
210307,35
47816,28
47816,35
47816,10749
20682,80
20682,35
25166,35
25166,80
25166,9648
1831,35
1831,18
1831,10749
10416,35
10416,18
10416,10749
10416,878
14271,99
4816,80
4816,18
19958,18
19958,10749
28569,18
28569,10749
2193,35
2193,18
2193,10749
64871,10751
64871,12
54575,35
54575,18
11016,80
11016,53
23020,80
23020,53
54195,18
54195,878
54195,10752
139058,35
139058,18
20423,99
20423,36
10839,18
10839,28
10839,36
10839,10752
36489,27
36489,878
24481,35
24481,10749
11296,18
11296,10752
61651,35
61651,18
61651,10749
28172,27
57855,12
57855,10751
28180,35
28180,27
14280,12
14280,18
14280,28
72086,53
72086,9648
72086,27
149687,35
149687,10402
29478,18
29478,10749
28177,27
64166,18
64166,28
64166,53
64166,9648
73642,35
2067,878
2067,12
2067,9648
622,9648
622,53
622,27
110666,99
28463,18
28463,10749
12186,35
12186,14
12186,10749
12186,18
20283,18
20283,35
5693,18
5693,10751
287,35
287,10749
968,80
968,18
968,53
838,35
838,18
16958,80
16958,18
3114,37
31938,28
31938,18
31938,10752
12501,18
12501,37
12501,10749
22650,80
31618,53
31618,80
31618,18
42232,10402
42232,18
15873,10752
15873,28
26928,28
26928,35
26928,37
26928,12
26928,18
68427,18
68427,10749
25392,878
25392,12
25392,18
67455,35
67455,14
67455,10749
22178,18
22178,53
22178,10752
48213,18
48213,10752
35412,878
35412,18
35412,10749
43463,53
43463,18
43463,80
59939,35
59939,10402
59939,18
159727,18
159727,10402
244151,10402
244151,18
8333,80
8333,53
8333,28
19259,35
820,18
820,53
820,36
11718,35
11718,80
11718,9648
8989,35
8989,10751
8989,14
8989,18
32031,28
58048,10749
58048,12
58048,80
58048,35
26827,35
26827,10749
11157,35
28370,35
28370,14
28370,10749
28370,878
918,35
918,10749
61178,10749
61178,35
61178,80
61178,28
11176,10751
11176,35
11176,12
11176,10402
14900,10751
14900,35
14900,80
14900,10749
14900,9648
11899,10749
11899,35
11899,10751
36536,10751
36536,35
36536,12
36536,10402
18890,16
18890,878
18890,10751
19736,12
19736,28
19736,10751
19736,878
123047,18
123047,35
123047,10749
24575,28
24575,12
24575,18
24575,53
16535,18
16535,10749
10971,18
10971,28
10971,36
23928,12
23928,10752
23928,36
31336,35
31336,18
462,18
9532,27
117259,35
117259,18
78231,18
78231,10402
78231,10770
2383,12
2383,18
2383,10751
25503,53
25503,18
25503,9648
53879,18
53879,10749
1396,18
1396,36
11570,12
11570,35
1541,18
1541,53
1541,80
1541,12
150043,18
150043,35
150043,80
17443,18
8469,35
27995,35
27995,10749
36739,35
36739,18
36739,10402
925,18
41823,18
41823,10402
1713,18
1713,10749
26170,28
26170,80
26170,18
26170,53
30547,18
54825,16
54825,35
54825,10751
13939,80
13939,18
13939,28
14373,28
14373,80
14373,18
14373,53
24873,28
24873,80
24873,18
24873,53
26263,80
26263,28
34746,28
34746,80
34746,18
996,80
996,53
9079,18
9079,10749
1496,10749
1496,10402
1496,35
1498,878
1498,28
1498,12
1498,35
1498,10751
1497,878
1497,12
1497,28
1497,35
1497,10751
1499,28
1499,12
1499,35
1499,10751
1499,14
1499,878
1880,28
1880,53
1880,10752
1880,18
1880,878
33762,28
103960,18
103960,28
103960,53
11690,28
11690,53
11690,18
29143,9648
29143,53
29143,27
35292,35
36652,18
36652,36
36652,10749
801,35
801,18
801,10752
104301,18
104301,10749
11520,35
11520,10749
1879,18
1879,10749
2085,28
2085,80
2085,53
13539,10749
13539,18
16222,18
16222,35
16222,10749
109479,18
109479,53
17078,10751
17078,18
37722,9648
37722,18
37722,10749
75892,18
75892,10749
33516,27
99008,35
99008,27
99008,10402
9960,18
9960,12
9960,53
3082,35
3082,18
3082,10749
49338,35
52961,35
52961,18
12187,14
12187,35
12187,10749
24748,18
24748,37
990,18
990,10749
1908,18
9764,12
9764,18
840,878
840,18
39890,9648
39890,27
42237,18
26689,878
26689,53
26689,28
26689,80
26689,18
25673,18
25673,10749
25673,80
2291,18
2291,9648
2291,27
13531,10402
13531,35
13531,18
13531,10749
16620,18
16620,10402
526,12
526,35
526,14
13346,35
13346,18
13346,10749
243,18
243,35
243,10749
243,10402
10501,10751
10501,12
10501,16
10501,35
10501,14
11478,80
11478,18
11478,53
96167,27
96167,53
96167,9648
24212,878
24212,27
6644,37
41038,27
41038,878
879,12
879,14
879,35
879,10751
32613,27
39406,35
39406,10749
85689,28
85689,12
85689,18
85689,10749
31624,27
31624,53
31624,9648
17529,37
40841,28
40841,12
40841,35
40841,18
118098,18
118098,10402
1793,35
1793,18
1793,10751
11327,18
11327,80
1700,18
1700,53
54087,35
54087,18
34322,35
34322,18
34322,10749
41659,18
41659,10749
593,18
593,878
593,9648
10774,18
10083,53
10083,18
29786,35
29786,18
11356,35
10747,37
38809,18
10559,878
10559,53
10559,10751
10559,80
20697,28
20697,35
2621,10749
2621,35
10479,10752
10479,18
125709,18
49721,35
49721,10749
2006,35
2006,14
2006,10749
184885,18
184885,80
184885,27
46625,18
46625,53
17339,18
17339,12
17339,10752
26879,35
26879,10402
26879,10749
11305,35
48211,18
48211,36
28975,28
28975,53
13665,35
13665,18
13665,10749
12309,35
1552,35
1552,18
1552,10749
1552,10751
106,878
106,28
106,12
106,53
10333,18
10333,10749
11027,80
11027,10749
11027,18
11027,53
61560,18
61560,35
61560,10749
123757,35
123757,18
123757,10749
27197,18
10468,35
10468,18
1359,53
1359,18
1359,80
4967,35
4967,10749
31776,35
31776,80
31776,18
10557,18
10557,35
27745,99
27745,10402
19214,18
19214,10749
46686,28
46686,18
46686,53
71402,18
13776,35
13776,18
26291,35
26291,80
26291,18
10784,10402
10784,18
10784,10749
10242,53
10242,18
10242,27
27857,18
16347,35
16347,18
4825,35
4825,80
4825,10749
11654,27
11654,18
10518,53
10518,80
10518,18
10518,28
11977,35
18041,9648
18041,53
14736,35
14736,18
14736,10749
3536,10752
3536,28
3536,12
1443,18
1443,10749
10424,80
10424,18
10424,9648
10424,53
80677,18
80677,80
28971,10749
28971,18
28971,10402
49096,18
49096,10749
49096,27
310431,18
40562,35
40562,18
9456,28
9456,53
9456,27
9456,80
9456,14
9456,9648
889,35
889,10751
889,10749
10564,35
10564,18
10564,10749
15723,35
15723,18
19600,35
19600,18
19600,10749
125537,35
125537,10749
452,35
452,18
68170,18
68170,10749
36234,18
36234,10749
39283,27
39283,878
65460,27
65460,878
55667,28
55667,27
55667,878
31978,18
31978,10749
12476,878
12476,28
12476,27
5241,18
5241,10749
98,28
98,18
98,12
21311,10749
21311,18
21311,12
47724,18
47724,10749
11129,35
11129,18
94214,18
94214,35
94214,99
117781,10402
117781,10749
117781,18
117781,35
1058,10749
1058,18
1058,28
37112,28
37112,12
37112,18
37112,10751
37112,10752
37112,37
42159,18
42159,10749
42159,10402
16395,27
16395,53
50627,18
5608,18
5608,12
5608,14
38925,18
38925,35
38925,10749
13105,35
13105,18
22501,16
22501,878
22501,12
5491,878
5491,28
5491,12
10560,18
10560,10402
19489,35
19419,28
19419,35
23531,35
23531,10749
10688,18
17889,10402
17889,35
17889,10749
18228,10402
18228,35
18228,10749
80351,12
80351,10751
80351,35
80351,37
18642,10402
18642,35
18642,10749
205054,35
39391,35
39391,18
39391,10402
18644,18
18644,10402
18644,80
31516,10402
31516,35
31516,10749
45827,10751
45827,35
45827,37
5683,35
5683,12
5683,10751
113279,99
2094,10402
2094,10749
14906,16
14906,12
14906,10402
14906,99
16176,14
16176,10749
16176,10402
52770,35
52770,80
52770,18
12518,35
12518,10749
10567,16
10567,10751
10567,12
10567,18
10642,35
10642,10749
9285,35
9285,12
10569,35
10569,80
21879,35
98502,18
98502,35
98502,10749
21484,27
24918,35
24918,18
955,12
955,28
955,53
8584,12
8584,28
8584,35
8584,37
47295,99
47295,10402
11332,18
11332,35
16093,27
16093,9648
16093,14
29372,28
29372,18
29372,10752
962,12
962,35
962,18
5483,27
21060,10749
21060,35
30588,35
30588,80
30588,18
668,12
668,28
668,53
23518,18
23518,53
691,12
691,28
691,53
31353,10749
31353,18
44018,18
698,28
698,12
698,53
698,878
682,12
682,28
682,53
28973,35
28974,18
28974,10749
40685,28
40685,10749
40685,37
22994,18
22994,28
22994,10752
40639,18
40639,10749
40639,37
499,18
9600,80
9600,35
120077,10751
38006,12
38006,27
2768,80
2768,18
2768,9648
42002,27
42002,53
40365,18
40365,27
40365,53
24920,27
21,99
10911,10752
10911,12
10911,53
10911,28
10102,18
10102,35
30308,9648
30308,80
30308,53
38688,10749
38688,18
38688,14
26912,878
26912,27
26912,9648
26278,878
26278,27
26956,27
26956,14
26956,878
26957,27
26957,878
26957,14
26958,27
26958,14
26958,878
26959,27
26959,53
26959,878
26960,27
26960,14
26960,878
80287,35
80287,80
80287,28
6003,18
6003,10749
23939,35
23939,14
46614,18
46614,10752
11072,37
11072,35
23069,12
23069,10751
23069,10749
21299,28
21299,12
21299,10751
38802,10751
13368,35
13368,10402
13368,10749
985,878
985,27
14002,99
541,18
541,80
21137,99
21137,10402
36724,99
36724,10402
938,37
10648,18
10648,80
10648,28
11368,80
11368,18
11368,53
10875,35
10875,18
10875,10402
10875,10749
2075,10749
2075,35
2075,80
1551,18
1551,878
1551,27
22500,16
22500,878
22500,14
22500,12
10246,35
19698,35
23919,35
18835,35
18835,10749
26554,27
26554,35
26554,878
26554,53
15239,28
15239,35
15239,27
15239,878
28165,28
28165,35
28165,27
28165,878
28169,28
28169,35
28169,27
28169,878
15762,27
15762,35
15762,878
169,878
169,28
169,53
865,28
865,53
865,878
9663,878
9663,10749
9663,18
26889,35
26889,878
10128,878
10128,80
10128,53
9659,12
9659,28
9659,53
9659,878
8810,12
8810,28
8810,53
8810,878
9355,28
9355,12
9355,878
1727,28
1727,12
1727,35
1727,10749
635,27
635,9648
10068,18
10068,10749
11495,27
11495,878
11495,53
11428,27
11428,14
11428,53
10117,28
10117,35
35936,10402
35936,18
35936,10751
25562,35
51763,18
51763,36
73079,18
38921,80
38921,35
35463,28
35463,35
9679,28
9679,80
9679,53
24587,99
51333,35
51333,10402
51333,10749
17771,18
17771,36
17771,10749
17771,10752
31610,28
31610,35
31610,9648
31610,53
60005,35
10264,18
10264,36
31657,18
31657,10749
31657,10752
29204,16
29204,10402
29204,18
29204,36
17814,53
17814,28
17814,80
11879,27
21128,80
21128,18
21128,53
482,28
482,80
482,53
592,80
592,18
592,9648
31593,18
31593,9648
31593,53
31593,80
12611,27
12611,878
12611,53
14328,18
32047,18
32047,53
32047,80
9040,80
9040,18
25364,18
43002,37
43002,18
5121,80
5121,18
5121,35
195,35
195,80
195,10749
6978,28
6978,35
6978,14
6978,12
3133,80
3133,18
3133,10749
643,18
643,36
643,10752
10571,35
10571,18
10571,10749
479,28
479,12
479,80
479,53
7450,16
7450,878
7450,12
7450,10751
7450,28
31023,18
25636,35
25636,18
25636,10749
41160,35
41160,10749
47439,18
207731,18
7443,16
7443,35
7443,10751
2123,35
2024,18
2024,36
2024,10752
2024,28
17711,10751
17711,12
17711,16
17711,35
17711,14
2133,18
2133,12
2133,28
29946,10749
29946,18
25993,27
28774,18
28774,27
28774,878
28774,53
46929,16
46929,10402
11598,35
9702,80
9702,28
9702,18
9702,53
117026,27
9873,28
9873,53
16820,28
16820,53
14864,10749
14864,80
14864,53
15379,28
15379,12
15379,53
15379,10752
15379,18
12764,28
12764,10752
27352,28
27352,10752
8348,35
8348,28
8348,18
8348,12
24099,18
24099,878
24099,53
17897,28
17897,12
17897,18
17897,14
17897,10751
28050,27
28050,53
16094,35
16096,35
20343,16
20343,10402
20343,10751
13757,16
13757,10402
13757,10751
11822,18
11822,27
90980,35
90980,10402
90980,10749
26270,878
37744,878
37744,12
494,28
494,80
494,12
494,18
494,53
493,28
493,80
493,53
12706,18
12706,53
4244,14
4244,35
4244,10751
4247,35
20770,35
20770,10749
1050,35
1050,18
1052,18
1052,9648
1052,53
20540,18
23655,18
23655,10402
23655,10749
1788,18
1788,10749
32275,37
32275,18
32275,10749
36657,12
36657,28
36657,878
44490,18
44490,35
47585,35
47585,18
47585,10749
1448,14
1448,10749
1448,53
36047,18
36047,9648
36047,53
2655,18
2655,27
2655,9648
2655,53
12599,12
12599,14
12599,16
12599,878
12599,10751
33828,27
33828,53
33828,10749
93,80
93,18
93,9648
9278,878
9278,28
9278,80
9278,18
90715,37
90715,35
59181,35
22167,28
22167,18
18118,12
18118,28
18118,37
11940,28
11940,12
11940,10751
11940,14
11940,878
24167,18
24167,10752
10276,35
19380,80
19380,53
19380,28
19380,12
13783,18
13783,36
13783,10752
11624,35
15867,18
11686,35
29263,18
29263,36
46754,18
46754,35
18702,35
18702,10402
18702,10749
11830,35
16110,10751
16110,14
16110,12
12107,14
12107,35
12107,10749
12107,878
10401,18
10401,35
10401,10749
32640,18
10641,18
10641,10749
6282,35
6282,18
6282,10402
6282,10749
9383,28
9383,878
9383,53
5551,28
5551,12
5551,53
277726,35
43079,35
43079,10749
43079,18
27723,35
27723,27
2360,80
2360,35
28043,27
33468,27
33468,878
21866,18
21866,10749
21866,35
33408,53
33408,18
11589,12
11589,35
11589,10752
15158,28
15158,27
15158,878
15158,53
16139,27
16139,878
16139,28
16146,27
16146,878
26515,14
26515,27
11856,28
11856,12
11856,35
11856,18
13567,27
10860,35
10860,18
10860,10749
8420,18
8420,10749
18391,35
20850,53
20850,27
20850,10752
20850,18
39473,18
39473,53
39473,9648
27452,9648
27452,53
27452,27
77571,80
77571,18
77571,27
77571,9648
77571,53
38548,35
20438,35
20438,10749
274868,18
2211,18
2211,36
2211,10749
46991,10749
46991,18
201581,18
10391,18
10391,27
10391,53
10391,80
14195,80
14195,35
14195,28
15665,99
15665,18
45905,35
45905,80
45905,18
45905,10749
10393,35
18168,35
18168,10749
8843,27
8843,878
8843,53
10643,28
10643,12
10643,878
23618,35
23618,99
117262,35
117262,18
30946,35
37136,35
37136,80
37137,35
37137,80
23283,18
23283,10749
3110,18
3110,37
14698,53
14698,18
14698,9648
11694,37
11694,35
47434,10749
47434,35
39891,27
76891,28
76891,35
76891,18
76891,80
9651,12
9651,14
9651,28
9651,878
26865,27
26865,878
26865,9648
11398,28
11398,53
11398,80
161687,10402
161687,99
26244,99
26244,10402
1588,35
287821,18
287821,35
19150,28
19150,35
19150,80
25128,35
25128,18
25128,10749
18153,18
30910,18
41282,35
41282,18
41282,10749
12211,28
12211,12
12211,14
137236,10770
137236,99
9995,28
9995,80
9995,18
1698,27
1698,53
10480,35
10480,80
10480,53
10480,18
10480,10749
80713,18
10685,9648
10685,53
1619,28
1619,80
1619,18
1619,53
786,18
786,10402
14805,28
14805,53
14805,80
51179,80
51179,18
51179,53
46119,18
46119,80
46119,53
18074,35
18074,18
18074,10402
170767,18
170767,36
77332,18
77332,10749
77332,9648
77332,27
27665,53
29015,35
29015,14
29015,878
29015,28
10562,53
10562,80
10562,18
201724,10751
12212,27
12212,9648
14629,35
14629,18
14629,10749
14629,14
16,18
16,80
13785,35
34299,35
34299,18
15752,99
22597,35
22597,18
22597,10749
19348,18
10637,18
9003,27
9003,53
9064,27
9064,53
11569,27
11569,53
10434,18
10434,14
26484,35
26484,10402
39113,35
39113,10402
39113,10749
38126,27
38126,878
53617,35
53617,10402
53617,10749
53617,878
469,35
469,18
2160,12
2160,18
2160,878
2161,878
2161,12
3073,27
3073,35
911,35
10973,12
10973,27
10973,878
34077,27
34077,878
10787,27
10787,878
43109,27
43109,878
43230,878
15855,27
15855,10749
9507,878
9507,80
9507,53
9507,18
27475,27
27475,35
27764,27
27764,35
27767,27
27767,35
40760,27
40760,35
40446,35
40446,27
40446,53
24664,35
24664,18
21370,35
21370,18
21370,10402
20455,14
20455,16
20455,878
20455,10751
10461,28
10461,18
10461,53
10461,80
1485,80
1485,53
1597,35
1597,10749
641,80
641,18
10687,18
10687,10752
63956,18
63956,10749
6521,18
6521,53
10763,35
10763,18
10763,10749
100975,18
100975,35
16888,35
10383,27
10383,53
10383,18
21142,28
78140,18
2134,53
2134,12
2134,14
2134,878
2134,10749
18801,9648
18801,27
18801,14
18801,10749
18498,35
18498,27
18498,14
28605,27
28605,35
42797,35
13465,27
13465,14
13465,16
13465,10751
27033,18
27033,53
20367,18
20367,53
71,18
71,35
71,10402
1636,14
1636,35
1636,10749
10647,18
19204,27
13762,35
13762,9648
13762,27
12207,28
12207,35
11531,27
11531,9648
24100,10751
24100,12
24100,35
24100,14
10783,35
10783,80
47302,35
47302,18
4327,28
4327,12
4327,35
4327,80
4327,53
4958,18
4958,10749
4958,14
9678,35
9678,14
11978,18
8870,53
8870,28
8870,878
77434,35
77434,18
77434,10749
14295,18
681,28
681,53
11372,12
11372,18
11372,28
11372,53
11372,10752
8452,878
8452,28
8452,9648
8452,18
8452,53
10862,18
10862,10749
8871,10751
8871,35
8871,14
34045,99
34045,36
16340,10751
16340,35
16340,12
16340,16
10481,10751
10481,35
10867,18
10876,18
9741,53
9741,18
9741,9648
79920,35
79920,18
79920,14
146,12
146,18
146,28
146,10749
11849,18
11849,12
11849,14
11983,53
11983,28
11983,18
11678,12
11678,28
11678,53
2669,28
2669,18
2669,36
20721,28
20721,80
20721,18
20721,53
2609,35
12714,35
12714,18
12714,10749
92603,18
708,28
708,12
708,53
1857,16
1857,878
1857,28
1857,12
1857,10751
10673,80
10673,18
2604,18
2604,10752
10132,18
11064,35
107,80
107,35
40820,35
40820,18
37716,35
392,35
392,18
392,10749
8859,35
8859,10749
8859,878
8859,9648
11688,12
11688,16
11688,35
11688,10751
11688,14
12509,18
12509,36
3981,35
3981,10749
711,18
711,36
2046,27
2046,18
2046,53
2046,9648
5001,18
8358,12
8358,18
5994,35
5994,18
5994,10749
5994,14
25520,18
25520,10749
1493,35
1493,80
1493,28
25660,28
25660,35
25660,80
134,12
134,35
134,80
62677,18
62677,10402
21991,35
21991,18
10577,53
10577,27
10577,28
10577,14
21355,18
21355,10749
21355,37
29122,35
29122,80
11973,36
11973,53
1900,53
1900,18
1900,80
44853,18
44853,10749
44853,37
10873,18
10873,27
26719,80
26719,53
26719,18
31583,18
31583,28
31583,53
31583,80
15739,35
15739,18
15739,10751
15413,35
15413,10751
2623,18
2623,10749
11209,10752
11209,12
11209,36
11209,37
13715,80
13715,18
13715,53
19108,28
19108,12
19108,80
19108,53
8043,53
8043,37
8043,9648
43258,18
43258,10752
10655,18
10655,36
10655,10752
75490,18
42261,35
42261,37
34794,27
34794,53
9989,28
9989,80
9989,18
18828,12
18828,18
18828,28
18828,35
18828,10749
9816,18
9816,10751
9816,10749
9816,10402
20637,80
20637,18
5955,80
5955,18
5955,9648
5955,53
125498,12
125498,35
125498,14
125498,10751
77825,18
77825,35
77825,10749
220976,18
220976,10770
66599,18
66599,10749
17474,18
17474,10751
17474,10749
11191,10749
11191,18
11191,35
2613,18
2613,35
2613,10749
22021,28
22021,80
22021,53
22048,28
22048,80
22048,53
17006,35
17006,28
17006,80
26333,18
26333,10749
16723,80
16723,35
16723,18
2018,35
2018,10749
31768,35
31768,18
287991,80
287991,18
47595,18
47595,10749
18856,18
10499,18
37949,12
37949,16
37949,10751
83500,35
83500,10749
47943,18
47943,35
47943,9648
74340,18
5709,35
5709,878
11215,18
11215,35
11215,10749
26477,35
26477,10402
10937,35
10937,18
10937,10749
4639,28
4639,80
4639,18
4639,53
96,28
96,35
96,80
90,35
90,80
90,28
11028,18
11028,28
11028,80
11028,9648
57240,12
57240,35
57240,80
57240,18
67307,18
67307,10749
19324,35
19933,16
19933,12
19933,14
19933,10751
12919,18
12919,35
12919,10749
15785,28
15785,12
15785,878
15785,35
15785,10749
31701,80
31701,18
31701,9648
31701,53
31563,35
12506,18
74747,27
74747,878
70199,53
70199,27
39507,18
62185,18
62185,28
24826,35
30994,18
30994,10402
17159,35
10110,18
10110,36
10110,10752
18935,35
18935,10751
764,27
20287,28
20287,53
20287,80
20287,18
20287,37
26964,18
71881,18
71881,80
71881,53
15658,18
15658,9648
15658,53
15658,27
4918,28
4918,53
28368,10752
28368,18
28368,36
58084,18
58084,14
52780,18
48149,10749
48149,36
48149,18
26156,28
26156,12
26156,35
26156,18
26156,10751
26156,53
34101,35
32054,18
32054,10752
32054,10751
14464,35
65501,35
65501,18
32227,14
32227,35
2614,28
2614,35
2614,878
40962,18
12704,35
12704,12
580,12
580,53
580,27
24828,28
24828,35
24828,878
13703,18
13703,80
13703,10749
36914,35
36914,14
1547,27
1547,35
1547,53
1547,18
1547,10749
42010,35
42010,18
42010,14
42010,10749
2608,35
2608,14
32058,35
32058,10749
32058,878
10019,35
10019,10749
10019,14
11649,28
11649,14
11649,878
11649,12
11649,53
84499,35
84499,53
13509,35
13509,28
13509,14
63639,36
63639,18
30175,35
51521,35
51521,14
51521,27
51521,10749
34379,28
34379,18
34379,80
22915,10749
22915,28
22915,18
24940,10749
24940,35
37302,18
37302,14
37302,878
37302,53
10984,27
10984,53
843,18
843,10749
121091,18
121091,53
318,18
318,53
12806,35
12806,10749
9740,80
9740,18
9740,53
10878,35
10878,80
10878,10749
47588,18
10697,18
10697,35
10697,10749
7093,36
7093,18
7093,10749
16300,14
16300,35
16300,10749
19405,10751
19405,16
19405,35
1921,18
1921,10749
44412,35
21620,35
21620,18
21620,10749
21620,14
23685,12
23685,14
23685,16
23685,35
23685,878
12138,28
12138,12
12138,35
12138,80
12138,53
48217,10749
48217,18
48217,36
6073,28
6073,35
6073,80
6073,10749
39180,10751
39180,35
39180,28
39180,80
35569,18
35569,28
25208,18
25208,9648
25208,53
82103,18
82103,10749
19513,28
19513,35
19513,53
2749,28
2749,80
2749,53
10050,35
10050,10749
17203,35
17203,18
168485,35
168485,18
168485,10749
95682,99
54968,9648
54968,18
54968,14
49929,35
49929,10749
2302,18
32686,35
32686,18
32686,99
13889,18
13889,35
6028,9648
6028,80
6028,53
51802,18
42148,80
42148,18
29492,28
29492,35
29492,80
25447,35
25447,18
25447,10402
28410,18
28410,28
28410,10749
38545,35
38545,18
38545,10749
19490,35
19490,14
19490,18
31151,99
31151,10402
1888,35
1888,18
1888,80
38805,35
38805,18
16618,10402
16618,10751
16618,35
2428,18
2428,36
22013,18
15598,35
15598,18
15598,10749
43332,12
43332,36
43332,18
62127,35
62127,10402
62127,10749
56137,10749
56137,18
56137,35
17965,27
17965,35
29067,878
29067,27
33250,35
14460,878
14460,28
14460,12
17466,28
17466,80
17466,53
17466,9648
9594,53
9594,28
9594,80
9594,18
35976,35
4986,35
4986,80
4986,18
2453,28
2453,53
33676,35
4587,35
4587,18
4587,10749
31004,28
31004,80
31004,18
31004,9648
31004,53
125099,35
125099,18
125099,99
27859,18
11454,80
11454,27
11454,53
38718,18
4192,9648
11607,28
11607,27
11607,53
11607,878
14052,35
16889,35
39934,18
39934,10749
26580,99
26580,10770
21309,80
21309,18
21309,53
16263,35
16263,10751
16263,10402
16263,10749
4985,35
4985,18
4985,80
20704,35
23730,27
23730,878
853,18
853,10752
853,36
853,10749
10877,28
10877,80
10877,53
5257,35
5257,18
5257,36
77,9648
77,53
20322,35
20322,18
20322,10749
10833,35
10833,10749
10833,80
20309,35
20309,10749
125093,35
125093,9648
12658,35
12658,10749
10054,10751
10054,28
10054,35
10054,12
10054,878
10646,35
10646,10749
2575,18
2575,53
55,18
55,53
65075,99
44379,99
2043,80
2043,9648
2043,53
2043,28
4133,80
4133,18
56715,35
56715,14
56715,878
10991,12
10991,14
10991,16
10991,28
10991,10751
15940,35
15940,80
15940,18
15940,53
26791,80
26791,9648
26791,18
44069,18
68894,18
68894,36
634,35
634,10749
634,18
10956,9648
10956,12
10956,35
10956,10749
10956,18
19366,35
19366,10402
19366,10751
136558,35
136558,99
28308,18
28308,9648
28308,10749
28308,53
9519,80
9519,18
9519,53
13898,18
196280,18
9290,12
9290,35
13166,35
32590,18
32590,10749
109472,18
109472,53
109472,10749
153141,10749
153141,18
52654,10749
52654,18
70282,18
47643,18
47643,10749
111,28
111,80
111,18
32488,18
32488,10749
10477,28
10477,18
12484,27
12484,53
2144,35
2144,80
24113,35
24113,10749
118052,18
118052,14
118052,35
118052,10751
1734,12
1734,28
1734,14
38047,18
8076,14
8076,18
8076,35
8076,878
8076,10749
8076,10751
4973,18
4973,9648
8095,18
8095,36
8095,10749
849,28
849,12
849,14
849,878
27223,35
2981,12
2981,14
2981,18
2981,10749
2981,878
2981,53
39266,99
31863,80
31863,18
11307,18
11307,35
46498,12
46498,35
46498,14
11163,18
11163,14
11035,35
11035,18
18691,35
18691,10402
18691,10749
3784,18
3784,10749
3784,35
78133,18
22829,10749
22829,35
35717,18
35717,10749
11936,35
11936,12
11936,14
25221,18
25221,10402
25221,35
25221,10752
19494,35
40842,18
19357,35
33743,10751
33743,14
33743,10402
32924,18
32924,28
32924,53
32924,10749
9062,10749
9062,18
11174,18
934,80
934,53
934,18
9476,12
9476,18
9476,10749
9476,28
37691,35
37691,18
115810,99
115810,10402
10613,18
19094,35
14268,99
5852,18
5852,10749
5852,53
808,16
808,35
808,14
808,12
808,10751
49453,35
49453,10749
824,18
824,10749
824,10402
37558,18
37558,35
676,10752
676,10749
676,36
676,28
88727,53
88727,80
88727,9648
26813,12
26813,18
29572,10749
29572,18
29572,10402
29572,10752
48109,18
291675,18
291675,10749
50541,18
50541,10749
26255,35
26255,10749
26255,14
22414,35
22414,18
43329,28
43329,37
42233,37
42233,35
1406,35
1406,37
13554,18
13554,36
17664,37
17664,10752
66035,37
41050,18
41050,10749
1632,18
1632,80
1632,9648
1632,53
966,37
966,28
966,12
12639,37
301,37
31527,18
31527,36
31527,10749
4988,35
4988,18
4988,10749
12623,80
12623,18
12623,53
11896,35
11896,80
11896,53
25538,18
17971,35
17971,10751
6498,27
6498,53
5923,18
5923,10752
15497,10752
15497,28
15497,18
21876,10752
21876,28
21876,12
21876,53
11090,35
11090,878
14034,28
14034,35
14034,80
21056,18
21056,10749
9397,35
9397,878
9397,28
9705,28
9705,80
9705,53
26475,35
26475,18
56934,10749
56934,18
56934,10402
29937,35
29937,18
49922,35
10364,10752
10364,35
32458,35
32458,10770
1089,28
1089,53
1089,80
38043,35
38043,18
38043,10749
9967,18
9967,10752
9967,28
17494,53
17494,9648
17465,18
17465,10749
759,35
759,10749
10297,35
10297,10749
29393,27
29393,53
29393,9648
10653,35
10653,10749
21468,10402
21468,35
9576,35
9576,10749
22323,80
22323,18
22323,53
31935,18
31935,28
31935,10752
126881,35
126881,80
126881,10749
52616,10752
52616,18
52616,10749
10865,16
10865,10751
10865,12
10865,878
1995,12
1995,28
1995,14
10808,35
10808,10751
10808,10749
10808,14
9799,28
9799,80
9799,53
644,18
644,878
644,12
16161,80
16161,18
16161,10749
16161,53
10691,18
10691,10749
10615,28
10615,35
47596,35
47596,10749
21488,35
59733,10402
59733,99
271462,35
271462,18
271462,10749
11826,80
11826,53
11826,18
24470,28
24470,35
24470,18
24470,37
9301,10749
9301,18
11444,35
15564,99
60670,80
60670,9648
60670,53
55551,18
55551,36
40880,18
10992,10751
10992,35
10992,28
10992,12
10992,14
2140,28
2140,80
2140,53
4248,35
17612,18
17612,10749
3134,80
3134,18
3134,53
34899,18
34899,10749
8217,14
8217,18
8217,10749
8217,35
22478,18
26483,10402
26483,35
24382,35
24382,80
11286,28
11286,35
11286,10751
11950,28
11950,35
12236,35
12236,28
36245,18
36245,35
43342,878
43342,27
43342,53
15875,12
15875,35
15875,10749
26573,35
26573,878
23439,27
23439,18
10728,14
10728,18
10728,27
5991,18
11697,37
6106,18
6106,53
6106,10752
22477,18
19200,35
19200,9648
19200,80
11300,80
11300,35
11300,10749
16211,37
28650,35
28650,878
42780,878
32569,878
32569,53
32569,27
20075,35
28430,878
28430,18
28794,27
28794,9648
20197,28
20197,35
43316,18
43316,10749
34689,18
25690,18
25690,9648
25690,53
10238,18
18929,18
4789,18
4789,36
32595,27
18030,9648
18030,53
18030,80
18988,18
18988,36
11536,37
11536,18
11536,10749
10339,12
10339,18
39875,35
39875,27
50031,18
50031,36
976,18
69605,18
69605,10749
65632,35
65632,18
65632,878
29471,18
29471,36
4780,53
4780,9648
4780,18
11906,27
11713,18
11713,28
11713,53
9589,18
12481,28
13333,18
13333,28
13333,53
13938,28
13938,12
13938,10402
13938,35
13938,18
10540,878
10540,28
10540,53
10540,80
9462,28
9462,80
82623,10751
82623,12
2114,12
2114,28
2114,14
2114,878
2114,53
2114,10749
2114,16
8835,35
8835,10749
11371,28
11371,80
11371,53
11371,9648
11371,18
78248,18
9517,80
9517,18
25985,18
25985,35
25985,10749
15745,35
15745,80
24977,99
36107,16
36107,878
113271,99
113271,12
58904,27
58904,53
58904,16
103489,10402
13794,99
13795,99
103488,99
73482,99
38965,14
38965,35
47817,18
47817,10752
47817,10749
31052,35
31052,18
31052,10749
10868,80
10868,18
9395,28
9395,80
9395,53
14506,14
14506,12
14506,35
5333,53
5333,18
5333,27
4281,53
4281,80
4281,9648
4281,18
2,35
2,18
2,10749
2,80
26044,35
26044,10749
59797,27
59797,53
14911,28
14911,10752
14911,18
15592,35
15592,18
15267,10752
15267,18
12710,35
30502,35
30502,10751
19382,35
19382,18
19382,10752
24679,18
24679,10402
9599,27
9599,878
94440,18
94440,10749
17170,18
17170,10749
18509,35
11709,18
11709,36
11709,10749
34604,35
34604,10749
14441,18
7520,10749
7520,18
7520,35
10126,28
10126,80
10126,18
10126,10749
10126,53
9602,35
9602,10749
23752,35
41952,18
41952,53
41952,10749
3980,35
3980,27
3980,878
10127,35
10127,27
10127,878
12702,35
12702,27
12702,878
27397,35
27397,10749
9748,9648
9748,53
40095,28
40095,27
40095,878
40095,53
40095,35
10651,28
10651,80
10651,53
10141,35
10141,80
27362,35
27362,80
27362,18
5680,35
5680,14
5680,27
26386,35
26386,10751
34053,18
34053,10749
25884,35
25884,80
26355,35
26355,18
26355,10749
10675,9648
10675,80
10675,18
38982,18
38982,10749
10130,18
10130,36
2617,35
38615,35
38615,10402
21362,14
21362,35
21362,27
30690,35
75889,18
75889,53
38500,27
26723,99
26723,10402
20443,35
49365,9648
49365,27
49365,53
11347,27
11347,35
12144,10751
12144,16
12144,12
13704,35
13704,10751
13704,10749
12505,18
12505,28
12505,53
41963,18
41963,10749
41963,53
13482,35
13482,18
13482,14
34014,35
34014,10749
29739,35
29739,10751
12120,35
12120,878
47818,18
47818,10749
47818,35
38617,28
38617,80
38617,18
38617,9648
38617,53
3543,35
3543,18
51321,18
9604,28
9604,80
24929,27
24929,35
10925,35
10925,27
13965,12
13965,37
24266,18
24266,10749
24266,12
24266,37
24266,10751
58434,18
58434,10751
18197,18
18197,10749
18197,80
70842,18
38909,10402
38909,10749
17126,35
17126,10402
17126,10749
11503,27
11503,53
38558,28
38558,80
38558,18
38558,53
38558,9648
9717,28
9717,53
9717,80
9717,18
11966,35
11966,10751
11966,878
11966,18
2605,878
2605,35
2605,10751
8740,53
8740,9648
25497,53
38560,80
38560,9648
38560,53
38560,37
50203,35
50203,18
50203,10749
26798,35
91445,18
91445,35
41428,27
41428,878
8337,878
8337,28
8337,53
47493,18
47493,53
47493,36
8463,35
8463,18
8463,10749
41974,18
41974,9648
28176,18
9493,35
26603,35
26603,14
33172,27
33172,878
33172,53
29095,27
29095,35
12582,35
12582,80
10001,35
10001,878
11352,10749
11352,14
11352,18
12500,28
25678,28
25682,28
25682,12
25682,18
32049,28
32049,53
32049,80
32049,18
45225,35
45225,10749
45225,18
1648,12
1648,35
1648,878
4105,18
4105,28
4105,53
22711,35
22711,18
22711,10749
19124,28
19124,53
69828,28
69828,12
69828,35
69828,80
53150,27
53150,35
53150,878
10142,18
10142,36
10142,10752
3064,14
3064,35
3064,10749
86093,35
86093,80
10134,878
10134,28
10134,53
10134,12
21291,18
4925,28
4925,53
4925,80
30352,28
30352,35
30352,80
15142,14
15142,35
15142,10749
14550,35
14550,80
14550,53
32075,18
32075,53
2210,35
2210,878
2210,10402
2210,10749
25005,18
25005,53
25005,10402
21721,18
21721,10402
116014,35
116014,18
116014,10749
11828,12
11828,14
11828,35
55699,28
55699,35
10551,80
10551,18
10551,35
20713,10752
20713,12
27461,18
27461,36
27461,10752
41969,18
41969,53
1380,80
1380,53
1380,28
19157,35
11465,18
11465,36
11465,10402
17190,35
17190,18
17190,10749
55059,35
55059,10749
9085,35
9085,80
9085,18
17819,35
17819,80
46786,35
46786,80
46786,9648
14776,14
14776,35
14776,18
59585,35
59585,18
32855,18
29185,80
29185,18
29185,53
39787,18
39787,10752
32059,80
32059,9648
32059,53
32059,35
505,80
505,18
505,53
4486,18
4486,35
4486,10749
10345,28
10345,35
10345,80
10222,28
10222,53
10222,18
12774,18
14621,18
19118,35
14372,12
14372,27
14372,53
14372,878
15138,12
15138,14
15138,35
15138,10751
9972,28
9972,80
9972,18
9972,53
9494,35
9494,10749
17362,35
17362,10749
9942,35
8216,35
8216,10402
8216,14
4296,878
24739,10749
24739,18
24739,878
24739,53
24739,35
24739,28
39197,35
9686,35
9686,18
9686,10749
27418,28
27418,12
27418,80
27418,18
27418,53
39002,28
39002,18
43345,28
43345,18
43345,10749
31606,80
31606,53
31606,28
27607,27
27607,35
37146,35
20006,28
20006,12
20006,35
20006,18
20006,10749
8867,28
8867,80
8867,18
8867,53
12663,12
12663,28
12663,10752
331,12
331,28
331,53
331,878
11467,35
11467,10749
327,80
327,18
327,53
1548,35
1548,18
13403,35
13403,10402
13403,18
869,53
869,878
869,28
869,12
552,35
552,10749
36095,80
36095,53
36095,27
36095,9648
33379,35
33379,18
33379,28
33379,80
33379,10749
196859,18
196859,10402
196859,35
47574,53
47574,80
2171,35
87462,9648
87462,53
87462,27
87462,80
20307,28
20307,80
20307,53
19142,27
19142,878
41946,35
41946,28
41946,12
10135,28
10135,53
32767,18
32767,36
56162,35
24254,35
19236,53
19236,18
19236,27
32261,18
32261,36
32261,10749
60276,35
12150,80
12150,18
12150,10749
11185,35
11185,80
47045,35
47045,10749
18683,10749
18683,35
12521,27
12521,53
12478,10749
12478,35
12478,18
49788,18
31083,35
31083,18
31083,10749
30666,27
30666,53
25155,27
25155,53
65015,18
65015,35
24077,35
24077,10749
9618,28
9618,53
9618,35
9618,18
9618,80
16560,18
16560,10402
31608,35
31608,80
22102,10751
22102,12
22102,35
6951,28
6951,35
6951,53
6951,80
6951,10751
11959,35
2616,35
2616,18
2616,10751
7091,35
7091,27
7091,80
7091,14
249,35
249,18
11342,27
11342,14
11342,28
183,12
183,35
183,18
183,10751
32330,35
32330,10749
24126,14
24126,27
24126,878
24126,28
8494,35
8494,80
8494,12
26535,35
26535,10749
26535,18
41784,12
41784,18
41784,36
27431,27
27431,9648
27431,53
2148,80
2148,18
42033,878
42033,53
42033,28
11308,35
11308,18
23239,35
23239,18
23239,53
53119,18
31941,80
31941,28
31941,18
19317,37
19317,28
19317,35
19317,12
19317,10749
27813,27
27813,35
57745,35
57745,18
2057,53
2057,18
2057,9648
2057,10749
9880,35
9880,10751
9880,10749
5175,28
5175,35
5175,80
21596,18
21596,35
21596,878
21596,10749
41951,18
11385,12
11385,35
11385,28
4484,35
11684,35
44414,53
44414,9648
44414,10749
44258,10402
44258,18
44258,36
20391,35
20391,37
20391,10402
12584,37
70042,99
70042,10402
1627,18
1627,36
11542,27
11542,878
11542,53
17169,28
17169,12
17169,35
39176,27
33214,9648
33214,18
33214,53
19267,28
19267,35
2770,35
2770,10749
12610,12
12610,16
12610,28
12610,35
12610,10751
1933,27
1933,9648
1933,53
13496,37
13496,28
21055,35
21055,10749
24936,9648
24936,53
24936,80
24936,18
80070,18
80070,10749
10972,27
10972,9648
10972,18
207541,99
1722,18
1722,10749
1722,10752
9896,12
9896,35
26665,18
26665,35
9683,35
9683,12
9683,10749
2779,35
2779,80
2779,10749
2294,35
2294,12
10016,28
10016,27
10016,878
26602,35
26602,10749
37920,18
37920,10751
22230,35
22230,10749
22230,878
206412,35
206412,18
13966,35
13966,10749
742,18
742,35
742,10749
248757,35
248757,10749
15104,35
15104,18
15104,10749
8922,27
11065,18
11065,10749
11065,53
21118,35
21118,10749
46727,10749
46727,18
46727,80
16314,10751
16314,28
16314,12
16314,35
18885,10751
18885,12
18885,28
18885,35
40508,10751
40508,12
40508,28
40508,35
5922,53
5922,28
5922,35
27346,27
34223,35
34223,27
16307,27
27681,10770
27681,10751
27681,35
27681,14
11370,12
11370,28
11370,10749
12508,10402
12508,18
12508,35
14033,27
14033,9648
14033,53
25462,35
25462,10749
223346,99
34714,18
34714,53
34714,9648
47161,18
106230,35
35176,18
35176,53
35176,80
35176,10749
18734,18
18734,80
44321,80
44321,18
44321,10749
26661,12
26661,27
26661,35
26661,14
5998,80
5998,53
58062,99
58062,36
58062,10752
2176,18
2176,53
20857,18
22617,18
22617,28
22617,53
75386,35
2185,28
2185,35
2185,53
2185,9648
2185,80
10696,18
10696,10402
10696,10749
2034,28
2034,80
2034,18
21538,28
21538,35
21538,878
21538,10402
51722,99
101860,99
48834,18
30379,28
30379,53
30379,27
30379,14
31016,35
31016,18
31016,10749
32567,99
32567,36
12537,18
12537,10749
12537,36
9028,37
9028,18
16180,27
16180,9648
11521,18
11521,10751
21028,18
21028,35
21028,10749
27327,10402
27327,35
27327,27
35200,37
35200,12
21242,37
29756,27
82523,35
82523,18
82523,10749
20115,27
20115,53
20115,9648
30295,12
30295,35
30295,10749
25767,35
25767,10749
33725,35
33725,18
22874,35
22874,10749
11576,28
11576,12
11576,35
11576,80
43860,28
43860,12
43860,18
43802,18
43802,10749
43802,36
9660,35
9660,10752
9660,10749
15393,18
15393,53
248,35
248,18
40885,18
40885,10749
25905,18
25905,10752
21148,35
21148,10749
1644,53
1644,18
1644,9648
1644,27
12502,18
12502,53
66092,18
10373,18
10373,10402
13766,10751
13766,12
13766,878
16380,878
12103,53
12103,9648
11313,18
9398,35
35066,35
35066,10749
45864,28
45864,12
45864,35
45864,10749
55372,18
55372,35
55372,10749
292947,10402
292947,99
10866,9648
10866,53
10866,18
34549,35
34549,10751
9778,35
9778,10749
34453,99
34453,10402
58429,18
16121,18
16121,10752
40220,27
166,18
166,10749
166,35
42787,18
42787,9648
42787,53
42787,27
1623,80
1623,18
40932,35
40932,10402
32027,18
13550,27
13612,28
13612,12
13612,35
16769,10402
16769,18
42158,18
42158,10749
42158,10402
27958,80
27958,9648
27958,53
86463,99
86463,10402
86463,36
31703,27
31703,9648
31703,53
1716,18
1716,10749
1716,10752
27059,99
27059,35
27059,10402
20681,53
20681,28
20681,12
57743,80
57743,18
57743,53
3172,35
3172,80
17708,28
17708,35
17708,80
12780,28
12780,80
12780,18
570,18
1018,53
1018,18
1018,9648
25641,35
25641,18
25641,10749
16767,28
16767,16
16767,878
102933,18
102933,10402
11380,27
11380,53
11380,80
27396,28
27396,80
27396,18
27396,53
27396,35
26299,35
26299,10402
26299,10749
984,28
984,80
984,53
15559,99
14811,18
14811,10749
21741,99
77670,18
77670,53
77670,80
77670,10749
55727,35
15560,99
9585,18
9585,53
14267,35
14267,80
45929,99
768,27
768,9648
768,53
2100,28
2100,18
2100,53
11091,35
11091,18
11091,10749
3173,53
3173,28
3173,80
27092,10749
27092,80
23941,18
23941,9648
18192,18
11845,10749
11845,18
11845,14
9081,16
9081,18
9081,14
167,878
167,18
167,9648
34043,35
34043,10751
34043,10749
9378,27
9378,53
27444,10749
27444,18
27444,35
141,14
141,18
141,9648
10034,28
10034,80
10034,35
11457,18
10778,80
10778,18
78657,35
67385,18
151727,99
11456,53
11456,80
11456,9648
585,16
585,35
585,10751
10796,28
10796,878
10796,53
23949,18
11088,28
11088,80
11088,18
11088,53
9889,35
9889,10749
9889,14
9889,18
140511,18
140511,53
133115,18
133115,35
133115,10749
45964,27
45964,53
32014,878
32014,37
13408,28
13408,35
671,12
671,14
17731,18
20794,35
20794,80
20794,53
11469,35
11469,14
11469,12
14369,35
1535,28
1535,80
1535,53
1433,14
1433,18
1433,27
1433,53
1999,18
1999,53
58098,18
78076,28
78076,53
78076,80
78076,18
87774,28
87774,80
87774,18
23847,28
23847,80
23847,18
23847,53
50785,18
50785,10749
12472,35
12472,10751
12472,878
42258,18
42258,36
11834,14
11834,35
16085,35
16085,18
16085,10749
27405,27
27405,80
269,18
269,80
16441,14
16441,12
16441,28
11422,28
11422,18
11422,36
11422,10752
31037,18
31037,36
31037,10752
40739,10752
40739,18
40739,28
10656,28
10656,53
32847,10749
32847,18
39938,18
39938,10751
38766,12
38766,18
38766,28
38766,10752
43510,28
43510,10752
43510,18
35284,10752
35284,28
35284,18
14584,35
14584,80
14584,9648
58886,35
58886,18
58886,10402
72277,18
72277,9648
72277,14
72277,27
5781,35
5781,18
5781,10749
23805,35
23805,10751
34388,53
39867,27
11033,53
11033,9648
11033,27
69716,28
69716,18
69716,12
37835,28
33356,35
3537,18
3537,10402
38922,35
38922,18
38922,10749
27145,18
27145,35
27145,10749
8738,10752
8738,28
8738,878
28614,80
28614,18
28614,9648
28614,53
3604,878
3604,12
3604,28
6974,12
6974,878
6974,27
26398,12
26398,14
26398,878
42218,27
42218,878
10649,80
10649,28
42566,12
42566,28
42566,80
17689,18
17689,28
17689,80
17689,53
34084,9648
34084,27
15983,28
15983,53
14854,28
14854,80
10847,12
10847,18
10847,53
33525,35
33525,878
27591,12
27591,14
27591,878
299,80
299,35
31945,18
31945,80
31945,53
42160,28
42160,35
42160,18
42160,53
42160,10749
10650,53
10650,80
10650,28
8007,28
8007,18
8007,53
8007,10752
19076,18
19076,36
19076,10749
81442,35
50562,99
13503,37
13503,28
13503,12
13503,18
13503,53
161,53
161,80
43774,18
43774,10749
31064,18
31064,53
31682,878
31682,18
31682,12
31682,27
8342,28
8342,36
8342,10752
55479,18
4886,80
4886,18
4886,9648
228,18
23111,35
23111,18
23111,10749
42597,35
42597,10749
194,35
194,10749
11397,35
1903,9648
1903,10749
1903,878
11889,18
11889,10749
28171,18
9523,80
9523,18
9523,9648
9428,35
9428,18
1649,12
1649,35
1649,878
11938,35
43143,27
43143,878
35201,28
35201,53
35201,18
42724,35
24264,28
24264,12
24264,14
27150,28
27150,27
27150,878
27150,10749
26978,12
26978,878
19209,12
19209,18
8386,35
12589,10751
12589,35
12589,12
12589,16
12589,878
12312,35
12312,10749
12312,10751
12312,18
11232,10749
11232,35
11232,14
120,12
120,14
120,28
11086,18
11086,10749
453,18
453,10749
18939,35
18939,14
18939,27
18939,16
12724,27
12724,28
12724,35
11414,80
11414,18
11414,28
11414,12
11414,53
31507,18
31507,10749
42612,18
18783,12
18783,10752
12593,16
12593,35
12593,18
14683,16
14683,35
10794,35
43136,18
43136,10749
45491,18
45491,35
45491,10749
5052,35
5052,80
5052,12
37257,18
37257,9648
37257,80
8489,18
855,28
855,10752
855,36
12660,18
12660,36
12660,10749
12660,10752
10269,10402
10269,18
10269,10749
5279,18
5279,9648
5279,53
10950,18
1365,18
1365,10749
6440,18
6440,10749
14580,80
14580,53
49410,35
49410,12
28296,18
24206,18
24206,28
24206,53
6037,35
6037,80
6037,9648
6037,53
42987,18
61418,18
27099,10749
27099,18
11857,35
11857,18
6312,12
6312,27
6312,28
6312,36
11595,53
11595,28
11595,35
11595,80
24166,18
24166,10749
26337,9648
26337,53
26337,80
59066,18
59066,10749
77985,18
77985,10749
77074,35
77074,10749
10170,18
10170,53
10170,10749
18317,14
18317,18
18317,35
18317,10749
98491,18
98491,10749
26686,35
26686,18
26686,10749
61934,35
61934,18
27273,16
27273,14
27273,10751
848,14
848,12
9610,12
9610,14
9610,28
15035,16
15035,14
15035,878
16127,10402
16127,35
16127,14
31603,53
31603,9648
31603,80
32020,18
32020,53
33155,35
33155,878
4965,28
4965,878
4965,53
11891,35
11891,28
11888,35
11888,10751
11888,12
150,80
150,28
150,35
35263,18
112,35
112,18
112,10749
125717,18
20678,12
20678,35
20678,10751
20678,28
20678,80
15050,878
15050,53
10423,18
10423,36
10423,28
11710,18
11710,36
17691,35
17691,37
27378,18
57976,99
651,35
651,18
651,10752
31955,18
31955,10749
20620,878
20620,53
20620,27
18647,37
18647,18
11362,12
11362,18
11362,36
11362,28
11362,53
2637,18
2637,27
2637,9648
10229,18
10229,10749
50819,35
50819,10749
12659,18
41870,35
41870,27
41870,878
35650,18
35650,35
9606,16
9606,878
11447,18
16550,35
16550,18
13915,35
13915,18
34723,12
34723,18
34723,10751
31674,35
31674,10749
52744,18
52744,10749
43340,10749
43340,18
43340,10402
20009,35
20009,10749
2084,35
2084,80
2084,53
50225,18
74692,35
74692,18
74692,9648
74692,10749
39775,28
39775,18
51044,18
51044,10749
29475,18
29475,10402
4267,10749
4267,35
4267,18
4031,35
4031,18
47871,35
11594,18
11594,27
19562,35
19562,10749
19562,28
19562,12
11870,10751
11870,35
11870,12
9884,28
9884,53
9884,18
11535,28
11535,878
11535,53
27593,35
27593,80
11212,35
11212,12
11212,10751
11212,80
11212,18
29887,18
29887,10751
29887,10402
32484,18
32484,10751
28345,18
28345,10751
28345,10402
69928,35
69928,18
69928,10749
21921,35
21921,99
21921,10770
21845,10751
21845,35
11528,10751
11528,35
2441,18
2441,9648
2441,10749
2441,10752
931,53
931,18
931,27
17130,18
17130,10749
17130,35
10592,18
10592,10752
8470,18
8470,53
8470,80
16690,12
16690,14
16690,16
16690,10751
39939,35
39939,80
39939,9648
9272,18
9272,53
9272,27
14778,35
14778,18
19137,80
19137,35
32499,18
32499,10749
8737,10752
8737,18
33668,35
33668,10749
39282,35
39282,18
39282,10749
40687,10749
40687,35
37230,18
37230,10749
993,53
993,9648
993,80
11698,18
41357,35
41357,18
41357,10749
42458,35
42458,10749
93427,18
14475,35
43715,27
43715,878
10052,53
10052,14
10052,9648
10052,27
10052,10749
10052,18
11979,14
11979,27
11979,10749
75151,18
75151,35
35868,18
13791,35
13791,18
27824,35
270306,18
9991,35
9991,18
480,35
480,18
480,10749
44340,27
44340,18
44340,53
18984,99
18984,10402
25006,80
25006,28
25006,18
23479,10751
23479,35
66946,35
19050,35
19050,10751
38442,35
108266,12
108266,37
108267,28
108267,12
108267,37
39387,35
39387,18
39387,10749
15999,16
15999,14
15999,27
15999,28
15999,12
15999,878
614,18
56133,18
121703,37
77955,18
2752,35
2752,10749
10590,28
10590,36
10590,10752
40723,18
40723,27
40723,10749
29039,28
29039,12
22910,28
22910,80
22910,18
42517,28
42517,18
40364,27
115332,18
115332,10749
13225,10751
13225,14
13225,16
13225,12
21380,27
21380,878
46717,18
46717,10749
63510,18
63510,35
63510,14
20465,27
35614,14
35614,16
35614,878
35614,10751
7219,27
35810,10749
35810,18
35810,35
18649,35
18649,9648
18649,10749
18646,10402
18646,35
18646,10749
17058,18
17058,80
13950,28
13950,12
13950,35
13950,80
13950,53
2135,878
2135,12
2135,28
15186,35
15186,10749
43997,35
43997,10749
31651,18
47869,18
47869,53
965,18
965,10749
33135,18
33135,53
33135,10749
10889,80
10889,18
10889,53
16149,35
16149,99
16149,10402
54287,28
54287,878
54287,53
25628,14
25628,12
65262,27
10935,18
10935,37
44004,28
44004,35
44004,18
22288,18
22288,10402
22288,10749
32030,35
32030,12
119617,35
29343,27
29343,878
39503,18
7988,53
7988,27
7988,9648
15310,18
15310,10402
15310,10749
17909,18
17909,35
17909,12
22130,27
26843,36
26843,10752
26843,18
27458,35
27458,18
14807,80
14807,53
14807,18
14729,37
14729,28
14729,80
14729,18
14729,36
46973,99
46973,18
8690,12
8690,27
39543,35
39543,18
39543,10749
39578,27
39578,35
3418,18
3418,878
30924,35
30924,27
14929,28
14929,27
14929,35
75552,12
75552,37
75552,18
18910,18
18910,53
18910,35
18910,9648
18910,27
24919,27
26200,28
26200,35
26200,80
26200,9648
24825,12
24825,28
24825,53
38147,14
38147,35
24032,14
24032,35
26179,35
26179,53
26179,80
26179,9648
26179,14
4499,35
4499,18
11333,14
11333,28
11333,35
11333,878
425,16
425,35
425,10751
425,12
1576,27
1576,28
1576,878
5851,28
5851,35
25014,18
25014,10749
25014,10752
15647,35
25110,18
25110,35
38880,99
1391,18
1391,10749
18172,10749
18172,18
24248,36
24248,18
24248,12
14605,35
14605,27
14605,9648
19797,35
19797,10749
17804,35
17804,37
31805,35
31805,10402
31805,12
31805,10749
13861,35
13861,10402
13861,10749
29021,12
29021,35
29021,10402
29021,10751
31812,12
31812,35
31812,10749
13006,878
13006,28
13006,80
13006,53
13006,27
28213,18
28213,10749
10627,18
42750,18
27930,18
27930,10402
27930,99
259557,18
259557,28
259557,12
28124,35
28124,10749
41034,35
41034,10749
11563,28
11563,35
15119,28
15119,12
55792,35
55792,878
12705,28
12705,35
11006,28
11006,12
11006,35
15120,28
15120,35
15120,80
40072,18
40072,10749
21629,35
21629,80
16026,35
2371,28
2371,18
2371,53
73134,18
73134,10749
36586,14
36586,27
36586,28
36586,53
6020,35
39541,18
39541,10751
39541,35
125764,18
125764,27
125764,9648
18292,18
29394,27
29394,53
112942,18
90974,12
90974,18
90974,14
29402,27
29402,9648
29396,53
29396,27
29396,18
15028,12
15028,10751
15028,878
15028,53
9275,35
9275,80
9275,18
9275,53
4547,80
4547,18
4547,53
14635,18
14635,10751
29135,14
29135,18
29135,27
1791,18
1791,10749
184835,35
41756,35
41756,10749
41756,18
35651,18
62956,35
116904,10749
22784,80
22784,18
40814,80
40814,18
40814,53
53426,28
53426,12
53426,80
53426,53
24585,35
24585,10749
17990,18
17990,35
17990,10402
17990,10749
129542,18
5678,35
5678,28
11560,18
11560,9648
11560,53
11560,80
11452,35
11452,10749
18435,10749
18435,35
18435,18
35944,35
35944,80
64310,18
64310,10749
25501,80
25501,18
25501,9648
26851,99
26851,36
17487,18
34276,12
34276,878
548,80
548,18
548,9648
11590,35
11590,18
1537,53
1537,18
12149,18
12149,53
12149,80
44373,18
44373,53
44373,9648
11812,10749
11812,35
35080,18
35080,9648
35080,53
35080,80
35080,36
441,18
441,35
8346,35
8346,18
8346,10749
14168,37
14168,18
14168,53
32617,28
32617,37
32617,12
31671,28
31671,12
31671,53
2565,35
2565,10749
307,18
307,10752
15482,35
15482,27
15482,878
45878,27
45878,35
6393,35
12154,35
11630,10751
11630,35
25133,35
25133,27
21970,14
21970,27
21970,53
11892,80
11892,18
11892,53
9334,28
9334,12
9334,14
9334,18
36093,18
36093,53
36093,10749
35694,18
10491,9648
10491,18
10491,53
10491,10749
10491,10752
70054,18
18323,18
18079,80
18079,53
18079,18
110989,12
110989,10751
110989,9648
110989,27
35337,35
35337,18
35337,10749
59199,18
11470,27
11470,878
16643,35
16643,18
16643,10749
1282,99
21220,28
21220,35
21220,9648
21220,53
52717,18
69324,18
69324,10749
11468,80
11468,18
11468,9648
11468,53
292917,18
19085,18
19085,27
19085,53
19085,80
73462,18
73462,12
73462,10749
26030,18
26030,28
26030,80
10164,35
10164,18
10164,80
42048,35
42048,18
42048,10749
62001,28
62001,18
62001,10749
62001,53
62001,12
62001,10752
28117,14
28117,35
28117,10749
40555,18
40555,10749
28384,35
28384,18
28384,10749
46691,18
46691,80
27094,18
26725,18
26725,14
26725,53
17168,18
17168,9648
17168,53
17168,27
48482,80
48482,18
48482,53
56179,18
56179,10752
56179,36
5203,18
5203,10749
13201,28
13201,80
13201,18
9689,35
9689,18
557,28
557,878
69850,18
69850,35
44768,14
44768,18
44768,35
44768,10749
1815,80
1815,9648
55106,35
55106,10749
28289,35
28289,10749
32037,28
32037,53
39154,27
39154,878
24767,12
24767,10751
24767,28
33796,12
33796,18
33796,36
32221,18
28466,18
28466,35
12227,28
12227,12
12227,18
12227,10751
43643,12
43643,10751
10985,35
2251,53
2251,18
2251,10749
2894,18
2894,36
2894,10749
2894,10752
20712,18
20712,35
11240,35
11240,18
11240,10749
46592,18
46592,10749
46592,10752
45186,28
45186,35
45186,80
45186,18
86483,28
86483,35
86483,80
5425,27
14117,35
14117,10402
14117,10749
14117,37
38360,18
38360,10749
38360,10752
29318,27
29318,9648
28907,10402
28907,37
28907,10749
28907,35
39771,28
39771,80
39771,10749
39771,18
245,18
245,35
245,10749
1894,12
1894,28
1894,878
4012,18
9026,35
9026,18
9026,36
9026,10749
42193,18
42193,36
42193,10752
15417,28
15417,35
15417,12
15417,10749
15417,18
11791,9648
11791,53
11791,27
28577,18
28577,80
13963,99
13963,10402
23102,10752
23102,36
23102,10749
1957,18
1957,53
320,53
320,80
320,18
9023,16
9023,12
9023,10751
9023,18
9023,37
9023,10749
27834,35
27834,18
17734,18
24010,35
24010,18
24010,10749
39435,37
24005,18
24005,53
44800,18
44800,80
24014,35
24014,10749
24008,35
24008,878
53229,18
1936,12
1936,37
4614,53
4614,28
4614,18
12277,28
12277,35
267345,18
267345,99
112991,18
15677,18
15677,10749
58455,37
36554,10752
36554,28
48216,18
48216,35
41165,18
13153,28
13153,53
13153,80
13153,18
811,12
811,878
811,18
43532,10402
43532,10749
163907,35
163907,37
7216,27
3132,28
3132,12
3132,35
3132,53
9583,35
9583,18
18408,35
18408,18
18408,9648
18408,53
13245,14
13245,18
2501,28
2501,18
2501,9648
2501,53
9637,9648
9637,12
9637,35
12100,10752
12100,28
16857,35
16857,18
52258,35
52258,18
10394,28
10394,18
10394,53
10394,80
27451,18
15813,28
15813,18
15813,10752
31591,37
31591,18
18905,35
18905,12
14774,35
4993,37
4993,9648
27052,18
34130,35
34130,37
34130,10749
38950,18
38950,28
38950,53
38950,80
38950,10749
17898,27
21635,53
21635,9648
27945,37
43139,35
30194,878
30194,53
10169,35
10169,80
27225,35
13909,18
13909,37
103299,18
103299,28
103299,53
103299,80
103299,9648
41805,80
41805,9648
35696,35
11544,16
11544,10751
11544,35
180,878
180,28
180,53
9555,12
9555,18
9555,36
57022,18
17710,16
17710,35
17710,10751
17710,12
17710,18
17710,53
2022,35
2022,10749
50035,35
50035,18
50035,10749
9719,35
9719,18
9719,10749
11982,10749
11982,35
11982,10751
27224,18
12251,28
12251,35
12251,80
12251,10749
12251,53
12251,18
88818,18
88818,35
88818,80
30114,12
30114,35
30114,37
70489,18
70489,10749
21972,10751
21972,35
21972,14
608,28
608,35
608,878
59387,16
59387,28
59387,10751
26290,18
17043,10751
17043,12
17043,35
17043,28
6278,12
6278,28
6278,14
4147,80
4147,18
4147,53
16664,18
16664,80
14651,35
14651,10749
96238,35
96238,10749
15096,878
15096,27
19731,35
19731,28
19731,80
19731,12
19731,10749
19731,53
20324,35
49370,18
49370,10749
14902,18
14902,36
42254,18
1842,12
1842,9648
1842,27
1842,53
2721,53
2721,80
2721,18
11442,27
11442,53
1364,18
1364,10749
8869,28
8869,35
8869,27
8869,53
8665,18
8665,36
8665,53
8665,9648
8665,10752
10996,10751
10996,12
10996,35
818,35
818,80
818,878
18357,12
18357,35
18357,10751
29047,99
45861,18
45861,35
39141,35
39141,18
39141,10749
33152,28
33152,35
33152,80
149445,80
149445,35
10309,18
6404,18
6404,27
19133,28
19133,35
43199,18
43199,10749
43199,10402
43915,28
43915,35
43915,18
24130,28
24130,12
24130,35
43445,18
36645,35
36645,80
36645,28
36645,53
5155,80
5155,18
5155,10749
23728,28
23728,35
23728,12
23728,878
3780,18
10786,12
10786,10749
8764,35
13908,35
13908,10751
13908,14
13908,12
2675,18
2675,53
2675,878
2675,9648
12308,35
12308,18
12308,10749
9488,10751
9488,28
9488,12
9488,35
9488,878
9962,18
9962,35
9962,10749
9573,53
9573,80
9573,28
9573,9648
7451,28
7451,12
7451,53
7451,80
7451,18
2750,35
2750,18
2750,10402
30586,10402
30586,99
61112,35
61112,18
61112,10749
92384,18
92384,53
92384,10749
43772,35
20337,35
20337,99
27062,18
27062,10749
34070,18
34070,35
6173,80
6173,18
6173,10749
6173,53
10305,53
10305,18
10305,9648
42337,18
42337,10749
18694,80
18694,18
18694,10402
18694,10749
74578,18
10081,28
10081,12
10081,80
10081,18
11484,878
11484,28
11692,28
11692,35
11692,878
9266,12
9266,10749
9266,18
3640,10749
3640,35
8653,18
8653,53
30072,18
30072,9648
30072,10749
9357,18
9357,53
12771,35
9296,878
9296,35
9296,18
9296,10749
15070,28
15070,18
15070,80
26942,35
26942,10749
206042,35
206042,10751
206042,10749
26895,18
26895,35
60608,18
146231,99
97447,10402
97447,18
11243,12
11243,14
11243,16
11243,35
11243,10751
19975,16
19975,12
19975,10751
10323,12
10323,14
10323,28
9595,28
9595,35
9595,10752
28319,27
28319,878
28319,28
46878,53
46878,878
46878,27
24750,12
24750,18
24750,35
24750,878
24750,53
31393,878
31393,27
24038,27
79783,12
79783,18
79783,35
79783,10751
9941,35
18639,37
39833,18
39833,37
39833,10402
39833,10749
32858,27
3127,27
3127,878
10859,28
10859,35
10859,10749
32825,18
10725,27
10725,53
9544,27
9544,53
9544,80
23967,35
57351,28
57351,53
57351,35
57351,80
57351,10749
26165,18
26165,36
26165,10749
31514,35
31514,10402
13571,18
26056,18
26056,53
13536,80
13536,18
13536,9648
20616,53
20616,9648
20616,10749
20616,18
96218,35
96218,10749
79319,27
79319,53
16806,35
16806,80
15516,27
15516,53
15516,80
15516,18
9299,27
9299,53
113369,99
10611,35
10611,18
12770,28
12770,35
12770,18
12770,80
4108,28
4108,80
4108,53
55903,18
55903,53
55903,80
46466,18
46466,10749
9685,35
9685,18
87481,18
16370,12
18913,35
18913,10749
14361,12
14361,35
41021,27
41021,878
41021,80
18943,35
18943,10751
18943,80
32685,35
32685,10751
32685,27
64079,10749
64079,18
64079,28
18477,27
18477,53
12262,27
12262,53
33506,35
33506,18
29515,18
29515,80
41582,35
41582,10751
50382,27
50382,35
42633,35
42633,53
26680,27
26680,878
26680,10752
34086,35
34086,10751
34086,878
11504,28
11504,35
11504,10751
11504,878
23470,28
23470,12
23470,35
23470,10751
977,10749
977,18
977,12
233,18
19049,18
19049,10751
19049,37
5506,35
5506,80
32961,35
32961,80
32568,35
32568,878
29698,18
22244,35
22244,27
22244,9648
19460,35
19460,18
19460,10749
575,18
575,53
10550,28
10550,12
10550,53
9034,35
9034,18
9093,28
9093,12
9093,18
9093,10749
9093,10752
9039,53
9039,80
1958,35
1958,53
1958,9648
23550,18
23550,10749
68569,18
68569,10752
318535,27
11013,10749
11013,18
11013,35
129,16
129,10751
129,14
54714,99
11529,35
11529,10749
10771,53
10771,28
10771,35
10771,878
38951,10749
38951,18
38951,35
55018,27
55018,53
44635,35
44635,10749
31005,10749
31005,18
72308,99
50123,28
50123,18
2110,18
2110,28
2110,35
15173,12
15173,16
15173,35
15173,10751
15173,10402
9533,80
9533,53
9533,27
38866,18
4107,18
4107,36
10575,18
10575,53
10575,10749
10575,80
47500,35
47500,10749
15720,18
15720,10749
9260,35
9260,80
21828,18
21828,10749
1682,18
1682,28
1682,878
39462,14
39462,878
39462,10751
18983,878
18983,27
41971,35
41971,18
41971,10749
33831,80
33831,18
24348,99
19140,18
19140,10751
82545,18
82545,10749
37606,18
37606,10749
34600,35
34600,10751
34600,12
11868,27
12921,35
12921,80
12921,878
19953,16
19953,10751
19953,35
19953,10752
53049,18
53049,10749
10772,28
10772,37
77079,37
77079,28
74899,18
74899,27
74899,53
120694,35
12719,28
12719,35
12719,80
25001,9648
25001,28
25001,35
25001,80
43438,18
3092,80
3092,53
3092,18
4989,53
4989,9648
4989,35
4989,28
15313,35
15313,53
12590,53
12590,27
12590,9648
37964,10749
37964,35
7501,80
7501,53
1809,18
1809,10749
1809,35
13768,18
13768,10751
13768,14
13768,10749
10994,18
1430,99
1430,18
19973,35
19973,99
40815,12
40815,28
40815,18
12600,12
12600,14
12600,16
12600,878
12600,10751
8051,10749
8051,18
8051,35
70443,10752
70443,18
70443,36
12779,35
12779,10749
146269,18
15992,18
15992,9648
15992,53
1613,53
1613,28
1613,35
1613,80
565,27
565,9648
14112,80
14112,18
41324,99
41324,36
15192,18
15192,10752
15192,36
49872,35
49872,10751
49872,14
21925,99
30309,35
30309,18
16646,18
16646,14
16646,36
37288,18
20861,18
12647,80
12477,16
12477,18
12477,10752
10285,27
10285,53
19403,28
19403,53
11009,10402
11009,18
10805,18
10805,10402
40064,27
17496,18
17496,10749
17496,37
40969,27
40969,53
76411,18
76411,10402
5917,37
5917,28
5917,18
31278,878
31278,28
33670,35
47942,28
47942,12
47942,18
47942,53
33076,35
44932,27
44932,878
15668,14
15668,878
15668,10749
30709,35
30709,18
19429,18
19429,10749
140413,35
140413,10749
21294,28
21294,80
21294,53
11340,28
11340,35
42142,18
11644,53
11644,9648
11644,80
33721,27
36133,35
36133,80
24124,27
34697,80
34697,18
8691,12
8691,27
53922,35
53922,18
66592,35
66592,9648
66592,53
25773,18
19123,35
19123,80
19123,12
26560,35
26560,10749
36220,35
36220,27
225,18
225,36
24274,27
24274,9648
33016,27
33016,53
26444,28
26444,12
26444,37
19114,10749
19114,18
17205,28
17205,80
17205,18
17205,53
24740,27
24740,9648
24740,53
10863,18
10863,53
31679,53
15900,99
15900,27
12237,27
12237,99
15901,99
15901,27
15902,99
15902,27
15904,99
15904,27
97251,99
97251,27
12579,18
12579,10749
85058,35
85058,18
23668,80
23668,18
23668,28
70971,18
70971,10749
70971,35
25113,35
25113,18
25113,10749
28893,28
28893,12
28893,27
28893,878
11646,10752
11646,36
11646,18
5062,80
5062,18
5062,53
24634,27
24634,18
24634,53
75963,35
75963,80
75963,10751
16124,12
16124,35
21764,35
21764,10749
22435,35
42149,27
42149,53
37936,27
37936,9648
73247,35
73247,10749
73247,10751
38255,18
46364,27
46364,878
27016,35
27016,18
27016,10402
35685,18
35685,10749
38665,28
38665,12
38665,37
265,18
265,10752
265,10749
2264,18
2264,10749
21874,878
21874,53
41394,16
41394,35
41394,10751
41394,80
41394,10402
41394,37
47957,27
47957,53
31407,35
16471,35
16471,878
16471,10749
63443,35
63443,18
63443,10749
22171,80
22171,53
22171,28
39874,27
39874,53
25468,18
19507,35
29072,27
75596,18
75596,10402
75596,35
42146,35
42146,18
17450,18
17450,10402
17450,10749
47886,27
47886,53
31646,27
14269,35
14269,18
41280,35
41280,10749
1672,28
1672,12
1672,53
35935,99
9645,27
9645,9648
9645,53
9012,28
9012,35
9012,99
13098,28
13098,80
13098,18
13440,53
13440,9648
12454,18
31668,28
31668,35
31668,18
31668,36
31668,10752
41645,18
41645,10749
1360,18
1360,10749
13441,35
13441,18
45767,18
45767,10751
45767,878
45767,14
14626,18
48155,80
48155,18
12208,12
12208,28
12208,35
11905,27
11905,14
39497,35
39497,18
1941,18
1941,10752
26685,35
31918,35
31918,10752
19662,35
19662,18
8427,28
8427,12
8427,35
8427,53
9021,14
9021,35
9021,10751
28988,18
28988,36
28988,10752
52735,18
52735,10749
13526,9648
13526,18
13526,53
9280,9648
9280,80
9280,53
65,18
65,10402
117520,99
117520,10402
10712,18
10712,10749
27204,35
27204,10749
152023,18
10167,80
10167,28
10167,53
672,12
672,14
16351,18
16351,10752
16351,36
542,18
542,10749
36584,18
36584,53
30192,99
30192,10402
33251,18
33251,10751
25466,28
25466,35
25466,878
25466,53
50677,18
2165,53
2165,28
2165,18
25037,10752
25037,18
25037,10749
25037,35
11617,37
24909,53
24909,18
24909,80
81530,18
81530,53
34341,35
34341,10749
18993,12
18993,878
53000,28
53000,53
53000,80
29229,14
29229,18
29229,53
11880,27
11880,28
11880,53
63435,18
63435,28
63435,53
63435,80
80849,18
80849,10752
80849,36
1377,35
1377,10749
11629,14
11629,27
11629,35
2528,10749
2528,18
2528,36
12716,12
12716,18
12717,12
12717,35
12717,18
12717,10749
13888,12
13888,18
48524,18
48524,10749
48524,35
10750,28
10750,12
10750,53
44247,27
44247,53
44247,9648
45226,12
45226,80
45226,53
96966,18
25566,18
25566,36
109962,18
13386,35
43089,9648
43089,53
43089,27
47888,18
47888,9648
47888,10749
47888,53
20472,35
20472,14
20472,27
9538,878
9538,27
14664,80
14664,18
14664,28
14664,53
27997,35
27997,10402
49934,35
49934,18
49934,10749
84735,35
9317,35
9317,878
12528,53
12528,28
47890,12
47890,9648
47890,53
69014,18
21515,35
21515,27
42371,35
42371,10749
26325,28
26325,12
26325,35
69169,53
69169,18
69169,27
31921,35
31921,10749
11524,80
11524,53
11524,18
109264,18
109264,10402
109264,99
32077,80
32077,18
326890,18
277724,35
36669,12
36669,28
36669,53
17187,18
10426,35
10426,18
32625,18
8198,10749
8198,53
8198,18
8198,10752
204372,18
204372,10749
64,18
64,10749
13376,16
13376,35
15074,28
15074,12
15074,53
2103,18
2103,878
2103,9648
9016,878
9016,12
9016,16
9016,10751
9016,14
16028,27
16028,53
27070,35
27070,27
5261,53
5261,18
5261,35
5261,28
5261,10749
15514,18
23303,35
20992,18
20992,80
66091,18
66091,10749
6007,35
6007,18
25239,27
25239,53
42453,12
42453,10751
42453,14
25284,53
25284,80
25284,10749
25284,18
125337,53
125337,10749
125337,80
7011,878
7011,14
7011,27
7011,12
35612,35
35612,18
10880,878
10880,53
13945,28
13945,12
13945,14
13945,27
14433,28
14433,18
14433,36
14433,10752
9932,35
9932,80
13369,80
13369,28
13369,18
2757,35
2757,80
2757,18
7299,28
7299,878
7299,53
48767,28
48767,80
48767,18
279784,18
279784,10749
32273,18
26356,18
26356,14
23990,18
4241,35
4241,18
4241,27
4241,53
37335,18
37335,10402
34113,10402
34113,99
22257,80
22257,35
22257,36
35343,35
35343,80
30142,99
17360,18
17360,10752
31695,18
76397,18
76397,10402
40952,27
40952,53
38849,878
38849,53
71524,12
71524,35
43279,10752
43279,28
29743,35
41760,35
41760,18
41760,10749
31665,37
31665,28
40219,27
40219,14
40219,878
45840,35
45840,10749
16363,35
22023,80
22023,18
171,35
171,10749
171,18
73116,9648
73116,18
73116,27
26639,35
26639,878
42124,99
25297,18
25297,10749
39274,28
39274,18
11564,28
11564,80
11564,18
11564,53
67772,18
4202,18
4202,36
17590,35
17590,80
17590,53
20787,878
20787,28
20787,12
20787,14
28940,35
28940,80
28940,27
13497,18
13497,10749
13497,35
13497,10402
11852,35
11852,14
7303,35
7303,18
7303,10749
201,878
201,28
201,12
201,53
2755,18
2755,35
33504,18
21868,18
65684,18
10856,28
10856,35
10856,18
10856,10749
10856,878
10856,53
99826,35
99826,18
18602,18
121,12
121,14
121,28
25838,18
25838,10752
1429,80
1429,18
13435,18
13435,36
13435,10749
3131,18
3131,36
3131,80
2642,10749
2642,35
14317,10751
14317,35
14317,12
14317,16
11022,80
11022,18
11022,9648
11022,53
24249,53
9491,53
2149,18
2149,53
2149,10749
20139,18
32074,28
32074,53
19067,18
19067,10752
53712,53
53712,18
53712,80
25848,12
14931,28
14931,80
14931,18
14931,53
11317,35
11317,10751
4032,35
4032,18
8392,14
8392,16
8392,10751
31804,35
31804,12
31804,10402
31804,878
81048,80
81048,53
12232,12
12232,14
12232,10749
11706,10752
11706,10749
11706,18
11706,36
61265,9648
61265,53
42569,35
25720,28
25720,53
26946,878
26946,27
16938,27
16938,9648
21143,878
21143,27
61578,18
61578,10749
20424,878
20424,27
4561,18
4435,28
4435,12
4435,18
4435,36
4435,10749
4435,10752
16993,18
18002,28
18002,35
18002,53
18002,80
21332,28
21332,12
21332,18
640,18
640,80
10599,35
10599,10751
10599,14
1574,35
1574,80
1574,18
590,18
13560,10752
13560,18
29339,12
29339,18
423,18
423,10752
28028,80
28028,18
41084,35
18773,27
18773,9648
18773,53
16225,28
16225,12
16225,16
16225,14
16225,878
28679,53
28679,80
28679,27
262,18
262,35
15395,35
15395,18
4912,35
4912,80
4912,18
4912,10749
4912,53
4912,36
107693,18
23626,35
23626,99
12090,10749
12090,35
44233,35
35172,18
36273,28
36273,80
36273,18
14390,35
14390,80
14390,18
41209,28
41209,18
41209,53
41209,80
9582,35
9582,10749
10628,28
10628,12
10628,35
10628,10751
10628,80
11078,28
11078,35
11078,80
77633,35
77633,18
598,18
598,80
27744,18
27744,10749
27744,35
15842,18
15842,10749
24711,18
24711,53
43886,10749
43886,18
11222,18
11222,53
11222,80
13199,80
13199,18
8073,80
8073,18
8073,35
26393,10749
26393,35
15278,35
15278,10402
1484,18
14667,18
14667,10749
47263,12
47263,35
47263,10402
18692,10402
18692,35
18692,10749
15734,35
15734,10402
15734,10749
34148,18
34148,10749
20813,35
20813,10749
53027,35
53027,10749
18894,10402
18894,35
18894,10749
26252,18
26252,80
26252,10749
24742,35
24742,10749
19415,18
19415,10749
19415,35
41927,35
41927,18
41927,10749
5968,35
5968,10749
10727,53
10727,27
9045,18
9045,36
9082,99
92348,99
80965,27
80965,53
14469,28
14469,18
14469,53
14469,80
55909,18
55909,10749
55909,35
20663,80
20663,9648
31916,12
31916,18
31916,53
61807,18
61807,10749
20639,35
20639,10751
7514,80
7514,18
7514,10402
42645,18
42645,10751
42645,35
29463,35
29463,18
29463,10402
42795,9648
42795,10751
42795,53
42795,10749
39349,18
39349,28
39349,53
39349,80
44164,18
12253,28
12253,18
9358,27
9358,9648
1647,28
1647,53
9027,35
9027,10749
9027,18
125945,10752
125945,18
21189,99
10894,18
10894,27
10894,35
28528,18
34783,35
34374,80
34374,9648
34374,53
12490,35
12490,53
26761,37
26761,18
26761,10749
35185,35
15802,18
39948,35
39948,80
8286,80
8286,18
8286,53
43028,18
43028,80
43028,53
65300,53
65300,18
65300,9648
65300,878
24129,18
4628,18
4628,53
4193,53
4193,80
4193,9648
4193,18
10724,878
10724,28
10724,12
10724,53
89571,18
89571,10749
32065,28
32065,12
32065,53
32065,18
11915,35
42136,37
28307,18
28307,53
37917,18
37917,10402
70011,878
70011,35
70011,18
37191,80
37191,53
37191,9648
210092,18
3028,35
3028,27
3028,878
29224,35
29224,80
81001,35
81001,14
81001,10749
8219,35
8219,18
8219,10749
27088,35
10150,14
10150,16
10150,10751
10150,12
20980,878
20980,35
20980,53
16407,28
16407,35
41913,18
41913,10749
30875,27
29450,35
29450,18
27380,12
27380,28
27380,878
8288,35
8288,10749
15600,18
15600,9648
15600,53
52083,35
124963,80
124963,18
124963,10752
11949,35
42134,18
79257,28
79257,12
79257,53
42130,10752
42130,18
42131,36
42131,35
42131,18
41291,18
41291,10749
84784,35
84784,27
84784,9648
23942,10749
23942,12
72340,35
72340,80
32692,18
32692,35
37997,18
27609,18
25872,10749
25872,12
25872,35
83562,35
83562,18
83562,10752
83562,10402
127,18
14645,35
27726,80
27726,27
27726,9648
42135,18
42135,80
21923,35
21923,99
1563,99
17132,10751
17132,35
59533,35
59533,10402
59533,10770
2262,18
52772,18
52772,10749
46925,18
46925,35
46925,10751
77073,18
76395,28
76395,18
37607,35
37607,18
30874,27
30874,80
30874,53
30874,9648
30363,18
49409,35
49409,18
49409,10402
32048,53
32048,18
32048,27
48139,18
30584,12
30584,14
48313,53
48249,35
48249,18
48249,10749
29702,27
29702,53
29702,9648
24830,28
24830,35
24830,53
30049,27
30049,878
9699,35
9699,80
9699,9648
48561,18
48561,10402
30789,27
30789,53
81346,18
81346,10749
11057,18
11057,36
47955,18
47955,27
47955,53
19322,28
19322,53
31661,35
31661,18
52556,18
52556,10749
38219,14
38219,878
38219,28
23943,35
26454,10749
26454,35
9919,35
9919,10749
6038,28
6038,12
6038,35
6038,37
9480,14
9480,28
14873,10751
14873,16
14873,12
13132,18
13132,10749
22707,99
18302,18
18302,36
1956,18
1956,12
1956,9648
12112,18
12112,10749
12112,53
50380,18
50380,53
212058,10749
212058,18
12139,10751
12139,35
118936,35
118936,10749
18587,80
18587,18
18587,53
24883,10751
24883,12
17264,10751
17264,12
3426,10749
3426,18
2984,35
2984,10749
33221,12
33221,18
33221,10751
33221,14
33221,37
59201,28
59201,18
59201,53
26172,28
26172,80
26172,53
26173,28
26173,80
33055,28
33055,53
33055,80
33364,18
33364,10749
33851,80
33851,18
33851,28
33851,53
31598,28
31598,53
31598,80
59401,10752
22233,35
22233,10749
4952,35
4952,10749
991,878
991,18
4911,80
4911,53
16072,18
16072,36
16072,10752
11615,18
11615,53
11615,80
11635,35
125806,53
77283,35
77283,18
77283,10749
35824,18
102,18
102,10749
14293,35
14293,18
14293,53
41820,18
41820,9648
41820,10749
41820,53
105024,99
10623,28
10623,80
10623,18
9613,18
9613,9648
9613,53
7015,80
7015,18
7015,10749
210938,35
42035,18
42035,35
21867,18
21867,10749
21867,36
49680,35
49680,18
49680,10749
6524,35
11244,14
11244,28
11244,35
11244,878
77233,18
77233,35
140071,18
21801,18
35139,80
35139,27
35139,878
35139,10749
35139,53
54845,28
54845,35
23834,28
23834,35
14633,18
10678,35
10678,18
9567,10752
9567,28
9567,18
979,18
979,53
979,80
13819,18
13819,10749
1591,18
24186,18
455,35
455,18
455,10749
10632,18
10632,28
10632,53
10632,80
10929,27
10929,18
10929,53
170400,35
170400,18
170400,9648
16229,18
16229,10749
12079,80
12079,18
12079,35
44081,18
36362,18
36362,36
4762,18
18535,18
18535,10402
18535,10749
23159,35
23159,18
23159,10749
27236,18
42459,18
43261,18
43261,10402
15347,12
15347,10751
15347,18
15347,36
44968,35
44968,10749
37258,18
37258,9648
37258,53
8996,36
8996,18
8996,10752
125413,18
17729,18
17729,10402
17729,10749
12157,35
12157,10749
12157,18
11571,12
11571,14
11571,10751
71142,28
71142,80
71142,18
71142,53
10293,18
10293,10749
10293,35
2671,27
2671,53
9669,27
9669,9648
9669,878
45129,80
45129,18
42618,35
42618,10402
42618,10749
42618,18
41164,18
66027,18
66027,10749
36211,18
9557,35
6171,18
6171,27
6171,878
6171,53
13691,16
13691,10751
11523,35
11523,10749
11523,18
114065,35
114065,10402
14675,35
14675,10749
2525,12
2525,36
2525,18
57447,9648
57447,53
57447,27
42695,18
49845,18
49845,10749
18992,28
18992,12
18992,18
18992,10751
18992,37
29912,18
29912,36
28881,28
28881,18
80243,35
80243,18
10782,28
10782,18
10782,9648
10782,53
10782,80
9341,878
9341,12
9341,53
9776,35
9776,18
10735,35
10735,10749
10735,18
10735,10751
16425,18
16425,10749
16425,53
25461,18
25461,10749
51927,99
51927,18
12516,14
12516,18
1675,35
1675,18
62184,18
62184,53
62184,80
62184,9648
17057,53
17057,18
17057,10749
17057,9648
41938,53
41938,80
79615,18
79615,10749
40718,12
40718,18
40718,36
42178,18
42178,9648
42178,53
42178,35
203252,99
6016,80
6016,18
6016,53
8409,28
8409,18
8409,80
1817,53
1817,80
284096,18
11299,28
11299,16
11299,878
17995,35
17995,99
21052,80
21052,18
7294,35
7294,18
7294,10749
9506,35
14290,80
14290,18
14290,10749
24982,99
2662,27
12093,18
12093,80
18941,18
42383,18
42383,35
42383,10749
11817,28
11817,35
11817,14
24621,35
24621,10749
13370,35
13370,10402
8326,12
8326,10751
8326,18
8326,35
13411,35
13411,80
11516,99
10180,28
10180,35
10180,80
994,53
994,18
994,80
66918,27
66918,878
10514,878
10514,53
14237,27
14237,878
1714,18
1714,878
14308,10402
14308,99
41461,18
9930,35
9930,80
32083,35
32083,10749
107569,35
107569,18
16651,28
16651,12
16651,18
16651,10751
57565,35
108553,35
108553,10749
12661,35
12661,80
29355,35
24961,10402
24961,14
24961,12
26866,12
26866,35
26866,10749
26866,28
31633,28
31633,35
31633,10749
31633,53
31633,18
20978,35
20978,18
47762,35
47329,10749
47329,18
10743,28
10743,35
10743,53
10743,80
10743,9648
2832,9648
2832,53
31459,35
31459,18
19153,99
31932,53
31932,80
38868,99
72996,18
72996,10749
72996,10752
15098,18
11458,18
11458,53
16636,99
18736,10751
18736,35
36658,12
36658,28
36658,878
46989,18
20689,80
20689,18
20689,10749
20689,53
13438,18
13438,10752
15394,80
15394,18
15394,53
10708,35
10708,10751
22016,80
22016,18
85472,99
85472,10402
22958,35
22958,18
22958,10749
15850,18
15850,10749
251053,18
251053,10749
10989,18
10989,35
10989,10749
1816,18
1816,10402
42017,18
42017,10402
42017,10749
17667,18
17667,10402
17464,18
17464,10402
15259,10402
15259,18
15259,10749
10515,12
10515,14
10515,16
10515,28
10515,10751
45069,18
45069,10770
117269,18
117269,10402
117269,10749
21024,35
21024,10402
42792,18
43232,35
43232,10402
43232,10749
22201,37
22201,18
11424,10402
11424,35
11424,10749
34857,10402
34857,35
34857,10749
604,12
604,28
604,53
604,878
55616,27
55616,10402
10720,35
10720,10749
51230,99
23423,28
23423,35
23423,80
1555,18
1555,35
1555,10749
33875,16
33875,12
33875,28
33875,14
33875,878
310,14
310,35
5146,28
5146,35
30055,99
30055,10402
12544,35
12544,18
12,16
12,10751
9654,28
9654,80
9902,27
9902,53
2260,99
2260,80
61939,18
18385,18
584,28
584,80
584,53
39125,10749
39125,18
39125,80
1088,18
1088,10751
5921,37
47423,28
47423,35
47423,53
47423,80
49798,18
49798,10752
43239,35
43239,10402
43239,10749
32140,35
32140,10751
14676,37
14676,18
78281,10749
78281,18
78281,9648
21717,37
29425,878
29425,27
29425,28
28503,27
28503,9648
28503,53
59950,35
5920,28
5920,18
51391,80
51391,99
26593,37
50285,35
50285,10749
33564,18
43361,35
43361,10749
6646,12
6646,10751
29514,27
38720,35
38720,10749
147729,35
147729,99
147729,10751
38732,37
38732,12
15462,35
15462,18
15462,10749
22386,35
22386,10749
43828,37
43828,35
11145,18
11145,10749
11145,35
11145,37
32328,16
32328,10402
32328,10749
32328,10751
47715,18
47715,35
29586,18
29586,10752
12629,28
12629,53
12629,18
12629,10770
111815,18
25381,37
38800,37
21027,37
21027,10752
37264,35
37264,10749
11890,35
36807,14
36807,18
36807,35
36807,878
18721,37
37662,18
37662,10751
11916,37
11916,12
11916,10749
14551,37
34759,10402
51426,10752
51426,18
51426,10749
42986,18
42986,35
42986,10749
42986,10751
26317,99
43490,10752
43490,12
43490,18
43490,28
40683,10752
40683,18
40683,28
8092,18
18200,53
18200,10752
15925,18
15925,10752
32087,18
32087,10752
290,35
290,18
290,53
11463,10752
11463,36
11463,28
2470,35
2470,18
2470,10749
42640,18
42640,37
44043,18
44043,53
44043,10752
30462,37
30462,28
1403,37
10243,12
10243,18
42541,18
42541,10749
37103,12
37103,10752
37103,18
46059,80
46059,35
40085,18
47684,99
2263,18
2263,53
2263,9648
6523,37
6523,35
6523,10749
2527,53
2527,18
2527,80
18780,10752
18780,18
19728,10752
19728,28
19728,12
19728,18
26205,28
26205,18
26205,36
26205,10752
3009,80
3009,18
3009,9648
6643,37
6643,18
6643,10749
18972,37
53380,99
14817,10751
14817,35
41426,35
41426,18
41426,14
41426,10402
41791,18
41791,10749
49842,18
49842,9648
49842,53
41670,80
41670,9648
41670,53
30708,18
30708,37
38765,37
29627,28
29627,53
98984,18
98984,10749
36372,18
30529,18
30529,36
30529,10752
24073,35
2071,9648
2071,53
43516,18
33638,37
33638,35
57476,35
57476,878
32489,35
32489,10402
32489,10749
48864,35
48864,18
10152,35
31246,35
31246,10749
31246,10402
11375,28
11375,12
11375,35
11375,53
20694,10751
20694,35
20694,12
20694,16
16311,28
16311,35
16311,80
24985,18
24985,10749
18300,35
18300,18
18300,10749
55735,35
55735,10749
185465,18
210728,28
210728,12
210728,18
39088,18
39088,28
39088,53
39088,80
17813,35
17813,10749
94996,18
94996,10749
42995,53
42995,80
115665,18
115665,53
4708,10752
4708,18
4708,36
35068,18
35068,10752
42511,18
42511,36
42511,10749
35669,27
49584,35
49584,10749
170,27
170,53
170,878
9471,28
9471,12
9471,35
12800,80
12800,10749
44562,35
44562,27
9581,28
9581,80
9581,18
9581,53
117179,35
117179,10749
15486,18
15486,53
216,10749
216,18
47676,18
47676,10749
45139,18
44736,12
44736,18
18569,35
18569,18
18569,10749
113739,27
113739,53
52758,80
52758,18
52758,10749
38171,18
38171,10749
61225,18
18886,28
18886,10752
24109,35
24109,80
19957,10749
19957,28
19957,12
19957,14
19957,18
42176,35
42176,10749
39231,35
39231,10749
18722,35
43039,35
43039,10749
40634,18
20645,18
33454,12
33454,10749
19753,35
19753,36
48451,35
48451,10749
11482,53
11482,9648
11482,18
70912,18
70912,36
70912,53
70912,80
70912,10749
70912,9648
42492,35
42492,18
6949,35
6949,10749
1927,878
1927,12
1927,28
10327,35
10327,10749
14411,10751
14411,16
14411,12
14411,35
14411,14
14411,28
296,28
296,53
296,878
302,80
302,53
22,12
22,14
22,28
46993,80
46993,18
46993,10749
46993,36
8698,14
8698,28
8698,53
8698,878
554,18
554,36
554,10749
554,35
61545,18
34840,35
34840,18
34840,10749
17920,18
17920,10749
40947,35
40947,10749
32235,14
32235,18
8961,28
8961,80
8961,35
17403,18
17403,35
17403,10749
9486,12
9486,28
9486,35
20439,18
20439,35
20439,53
3472,80
3472,18
3472,53
35265,18
35265,10749
25921,35
25921,18
25921,10402
24259,53
41453,18
41453,10749
68927,18
68927,10751
11894,35
11894,18
11894,10751
11894,10749
20726,35
20726,10751
24558,35
24558,80
24558,28
24558,53
12649,35
44916,18
44916,10751
24356,18
24356,10402
1996,12
1996,28
1996,14
4464,18
4464,36
12279,10751
12279,28
12279,35
12279,12
12279,878
9104,18
9104,35
9104,10752
9104,80
9104,53
33339,35
33339,10402
33339,18
47232,35
71714,12
71714,18
71714,35
71714,53
71714,80
71714,10749
54580,18
54580,35
4613,35
4613,80
12530,35
12530,10749
45096,878
45096,28
45096,53
21882,18
21882,80
21882,28
29805,53
29805,28
24993,28
24993,12
53021,35
53021,10749
430,35
123833,18
123833,10749
5185,9648
5185,35
5185,80
5185,12
5185,36
10553,35
10553,28
10553,12
21512,28
21512,12
21512,878
21449,28
21449,35
4984,18
4984,28
4984,80
8273,35
8273,10749
8046,35
8046,80
8046,18
8046,10749
50350,18
50350,10749
50350,53
287811,35
287811,18
48967,35
48967,18
48967,10751
8094,18
8094,36
26195,18
10330,10751
10330,14
10330,35
10330,10749
125952,18
9257,28
9257,53
9257,80
9499,18
9499,10749
9499,35
17180,28
17180,878
15292,99
15292,18
12491,18
78041,35
78041,80
27814,27
27814,35
41206,18
41206,53
33954,35
33954,14
48364,18
48364,53
71010,53
23395,28
23395,18
23395,37
47278,18
47278,35
24192,18
10237,80
10237,18
10237,10749
10237,53
833,18
26755,99
42470,18
42470,878
42470,53
42470,12
3101,35
3101,80
3101,10749
6466,27
20210,28
20210,35
20210,12
2055,37
2055,18
2055,28
2055,10749
11770,28
11770,35
14926,35
14926,18
2771,35
2771,18
1778,99
44408,18
54390,35
54390,10749
10923,28
10923,12
10923,35
10923,10751
17745,35
17745,10751
79888,35
114776,10749
114776,35
114776,18
21989,35
21989,10749
18573,27
18573,80
37451,10752
37451,18
41759,27
41759,878
41759,53
41759,35
37227,27
48791,18
48791,12
80047,27
80047,18
80047,10749
80047,53
41944,35
41944,10749
8992,35
8992,10749
35371,28
35371,18
19053,35
19053,10749
11206,53
11206,27
49762,18
30970,18
13154,28
13154,35
13154,80
18148,18
54898,18
54898,10749
636,878
636,18
3055,18
3055,10749
40920,10402
40920,18
54986,18
54986,10749
43048,18
11898,35
11898,80
26225,18
26225,28
26225,80
14881,37
14881,18
26198,27
26198,14
35072,878
35072,28
35072,12
35072,14
43226,878
43226,28
43226,18
43226,53
43226,10752
44585,27
44585,878
35073,18
35073,27
35073,878
9051,35
9051,10749
9362,27
9362,28
9362,878
9362,35
19542,18
19542,10749
120683,99
936,35
936,80
12268,35
12268,80
10999,28
10999,12
10999,53
33521,27
33521,10749
4593,35
34044,99
12276,18
12276,10749
3782,18
36629,35
36629,80
2891,18
12722,99
41806,35
41806,18
41806,10752
143795,99
38304,18
26246,99
124839,10402
124839,99
20815,18
20815,878
19433,99
99006,99
48464,18
48464,12
48464,53
7504,18
7504,10749
7504,36
513,18
513,10749
6619,18
32316,35
10610,53
10610,14
10610,28
10610,35
2830,35
2830,10749
15920,10751
15920,35
15920,18
21413,35
21413,18
21413,10749
38874,35
16405,28
16405,18
16405,10749
16405,37
33255,99
178675,99
99648,18
99648,35
11351,27
333,35
333,18
333,10402
333,10749
30246,80
30246,18
30246,53
112961,35
112961,10749
22200,10749
22200,35
22200,18
2722,18
2722,10749
27090,80
27090,18
13778,35
9616,14
9616,27
9616,9648
9616,53
9616,10749
9616,18
55015,18
1415,35
1415,18
1415,80
1415,53
31094,18
31094,10752
31094,10402
11547,27
7270,35
7270,18
7270,80
7270,53
1428,28
1428,80
1428,53
17906,35
17906,18
17906,10749
153,18
153,10749
153,35
35565,18
35565,35
33320,18
33320,16
33320,10749
33320,14
15136,28
15136,53
61054,27
4703,35
4703,18
4703,10749
29507,35
29507,18
27590,28
27590,35
27590,53
52734,18
52734,10749
14603,28
14603,35
14603,80
10617,28
10617,18
10618,28
10618,35
10619,28
11293,35
11293,80
11293,18
36759,12
36759,10402
36759,35
36759,878
38960,18
38960,10749
19383,80
19383,18
19383,53
53650,53
53650,18
40775,18
40775,10749
9584,28
9584,35
9584,18
8408,27
8408,18
8408,9648
14030,35
14030,10749
49685,18
2687,878
2687,35
2687,10749
2687,53
16323,18
16323,10402
16323,10749
39859,53
39859,27
41846,35
74585,18
74585,10749
23325,35
16790,28
16790,12
16790,35
16790,10751
31579,80
31579,27
31579,878
40353,27
40353,53
23033,12
23033,14
23033,10751
19064,35
19064,27
19064,10749
34564,35
34564,10749
25241,27
43041,12
43041,35
43041,18
43041,10751
28942,27
28942,878
37025,12
37025,18
37025,10751
37025,14
10739,18
10739,35
10739,10749
12767,9648
12767,53
22309,35
22309,10402
22309,10749
13156,10751
13156,35
277,14
277,28
277,53
9707,35
9707,27
9707,53
9707,9648
9707,14
38244,18
24488,18
24488,9648
24488,53
278813,18
278813,99
20321,80
20321,27
20321,53
20321,9648
36791,18
61401,99
17614,10752
17614,18
17614,10749
7288,35
10159,12
10159,28
10159,35
10159,53
10934,10749
10934,35
287816,80
287816,18
54243,28
54243,18
54243,10751
5653,18
5653,36
321,35
321,10749
20,18
20,10749
18113,35
5168,99
9662,16
9662,35
9662,18
9662,10751
837,27
837,878
837,9648
20303,99
19666,12
19666,18
19666,36
821,18
821,36
41834,18
37672,35
37672,18
37672,10749
1358,99
2200,36
2200,18
2200,35
11475,35
11475,10402
776,18
776,35
776,10749
40440,10402
40440,99
16563,35
16563,18
16563,37
11703,18
891,18
891,9648
891,53
83714,35
83714,18
83714,10749
12531,9648
12531,18
12531,10749
10881,28
10881,878
11832,18
51300,35
51300,18
51300,10749
51300,36
11806,10751
11806,35
10438,10751
10438,35
36349,28
36349,878
36349,53
650,80
650,18
10337,80
10337,18
10337,9648
8446,18
8446,28
8446,35
8446,10402
8446,10751
42570,18
9874,28
9874,80
9874,53
11477,35
11477,53
11477,80
37753,53
37753,18
29161,27
29161,53
21627,35
21627,80
21627,27
9501,28
9501,80
49291,28
49291,53
49291,80
4543,35
11046,28
11046,12
11046,10752
11707,9648
11707,53
11707,80
11707,27
7442,18
7442,53
14425,35
6723,28
6723,80
6723,18
6723,53
13343,35
13343,10751
13343,9648
13343,10749
13343,27
16969,28
16969,80
16969,35
11338,53
11338,35
11338,28
11338,80
11338,18
11338,10749
13339,35
28761,12
28761,18
25237,18
25237,10752
41780,80
41780,35
9871,14
9871,27
9871,18
9871,53
33258,35
33258,18
33258,10752
71940,10749
71940,18
71940,37
26850,80
26850,53
70709,18
70709,28
70709,53
70709,80
36855,35
36855,10751
36855,878
20238,35
20238,10751
20238,37
33783,35
42102,18
42102,10751
47898,35
47898,53
47898,9648
19171,53
19171,80
48345,35
11364,10749
11364,18
38135,18
55950,14
55950,35
55950,878
55950,10749
39916,878
39916,27
31634,878
31634,80
31634,53
43739,18
43739,10749
45203,28
45203,80
45203,18
14874,35
14874,10749
14874,18
32082,35
32082,18
32082,9648
25269,18
29449,53
29449,9648
29449,27
37943,18
37943,53
33633,18
86763,18
78146,35
78146,80
78146,53
88641,18
88641,35
30315,27
30315,878
13765,14
13765,18
13765,10751
12772,35
12772,18
12772,10749
47866,18
47866,10749
18900,80
18900,18
18900,53
18900,36
73265,35
17744,28
17744,18
17744,53
17744,10752
62124,18
3087,18
3087,10402
14282,14
14282,12
14282,16
14282,28
11502,18
11502,53
29451,18
29451,14
21219,28
21219,80
21219,18
21219,53
116094,18
116094,10749
2116,53
2116,80
2116,18
1584,35
1584,10402
28236,10402
28236,99
40945,35
40945,18
19555,35
19555,80
2056,18
2056,35
4997,80
4997,9648
4997,18
8439,99
8439,80
322,53
322,80
322,18
322,9648
21765,35
21765,10751
21765,878
11059,27
11059,28
11059,53
11775,35
11775,10749
11775,80
24,28
24,80
54973,35
54973,10749
10930,18
10930,53
21059,35
49475,18
11329,18
11329,53
9373,27
1550,35
1550,18
5493,28
5493,12
5493,878
28200,18
28200,10749
10629,18
10629,80
10629,53
10944,18
10944,9648
10944,53
10944,10749
9839,18
9839,10749
9839,12
9839,10752
13920,18
4256,35
10009,12
10009,16
10009,10751
1807,80
1807,18
33343,18
30141,35
30141,10402
30141,9648
30141,80
10536,28
10536,80
10536,35
10536,53
14157,27
14157,9648
14157,878
14157,53
67809,18
67809,10770
42044,99
42044,36
37922,18
37922,35
37922,53
1376,80
1376,18
31397,10751
31397,878
31397,12
50374,28
50374,18
50374,53
96171,18
96171,28
96171,80
20312,12
20312,35
20312,14
20312,18
59809,18
59809,53
135890,18
135890,9648
135890,53
64945,18
2348,35
2348,80
44591,878
44591,27
10389,27
18979,12
18979,27
31206,18
31206,10402
28658,35
28658,10402
28658,10749
3117,27
3117,878
20684,35
20684,18
27450,10749
27450,18
27450,80
26643,12
26643,14
26643,28
26643,10751
62327,18
62327,10749
897,18
42522,37
11657,80
11657,53
224,18
27117,80
27117,9648
27117,53
27117,27
50553,9648
50553,80
50553,27
44383,9648
44383,80
44383,53
78331,35
78331,10749
10922,18
10922,10749
43708,35
240177,35
240177,80
51707,99
51707,80
30349,28
30349,35
30349,18
30349,10749
30349,53
13537,18
13537,36
28446,27
28446,53
605,12
605,28
605,53
605,878
33222,99
10719,35
10719,10751
10719,14
266741,10402
266741,10749
23995,28
23995,12
23995,99
1277,18
1277,10749
1836,18
1836,27
292974,10402
292974,99
508,35
508,10749
508,18
197563,18
11846,35
11846,10749
50314,99
10715,16
10715,35
10715,10751
8619,12
8619,18
8619,10752
21525,10402
21525,99
14892,35
14892,18
14892,9648
14892,878
12146,53
12146,37
12146,12
10588,10751
10588,35
10588,12
10588,14
4970,27
4970,53
4970,9648
470,18
470,80
470,53
11042,35
11042,18
579140,18
44708,18
44708,10749
10147,18
10147,35
10147,80
10756,53
10756,14
10756,35
10756,10751
10756,9648
9562,28
9562,12
9562,878
36068,16
36068,35
11012,18
11012,10749
279714,99
30068,99
40913,80
40913,18
158413,99
9556,28
9556,878
9556,53
13581,27
13581,53
1702,28
1702,27
1702,878
1702,53
19184,878
24203,35
24203,10749
9065,80
9065,18
9065,53
44479,18
44479,35
44479,10749
4823,18
4823,53
4823,10749
10168,35
10168,80
10234,18
10234,27
10234,53
38939,27
10952,53
10952,80
10952,18
14022,18
14022,35
860,53
860,878
860,18
41521,10751
41521,35
48035,18
5000,18
5000,10752
22744,18
22744,10749
17831,36
17831,18
17831,10749
17831,12
780,18
780,36
31510,12
31510,18
31510,10749
234,18
234,27
234,53
234,80
899,18
899,10749
8289,53
8289,80
8289,18
8289,9648
11583,53
11583,12
11583,18
11583,80
11002,12
11002,18
11002,28
11002,10749
6472,35
6472,18
5143,35
5143,18
11384,28
11384,35
11384,80
5227,35
5227,12
5227,14
8010,14
8010,28
8010,12
8010,878
10410,80
10410,36
10410,18
47095,18
10407,35
10407,10749
9292,28
9292,12
9292,35
11850,878
11850,27
48745,18
2297,18
2297,9648
2297,878
951,35
10804,35
5765,9648
5765,53
9319,28
9319,53
1643,18
1643,10749
2007,18
10995,18
10995,10749
8047,18
8047,53
2612,14
2612,35
2612,878
2612,10749
3112,80
3112,18
3112,53
10413,28
10413,18
10413,53
10413,10749
2611,35
2611,10749
1825,28
1825,18
10538,28
10538,12
10538,53
11092,9648
11092,80
11092,53
18410,18
18410,35
14904,18
14904,10749
19065,35
19065,18
3176,18
3176,53
3176,28
9261,35
9261,18
9261,10749
5336,27
5336,18
23908,18
23908,10752
23908,36
14671,35
11509,37
11509,28
10729,35
10729,80
29437,27
29437,878
20763,18
2047,28
2047,80
2047,18
2047,53
14249,53
14249,10749
14249,18
10021,35
11634,35
11634,10749
11634,18
14746,28
11824,35
11824,14
11824,10749
8222,18
8222,35
8222,80
20067,18
20067,10749
12395,80
12395,9648
12395,53
9846,80
9846,53
9846,28
23719,35
23719,80
23719,12
23719,10749
11986,18
11986,10749
1626,18
483,80
483,53
483,10749
10166,14
10166,10751
10166,27
6069,35
6069,14
6069,27
11018,28
11018,80
11018,53
11676,35
11676,80
11676,28
11676,12
28293,35
28293,10749
28292,35
28292,10749
3681,35
3681,10749
43875,18
43875,36
43875,10749
31798,35
31798,10402
31798,10749
43436,10749
43436,18
43436,10751
20325,10749
20325,35
17687,80
17687,18
19075,14
19075,10749
19075,35
41465,35
41465,10751
17641,18
17641,10751
12545,10402
12545,18
12545,36
27972,18
27972,10749
898,18
898,80
2000,36
2000,12
2000,18
648,18
648,14
648,10749
618,18
618,36
618,10752
44162,18
19120,35
19120,18
19120,14
4024,18
4024,10749
11316,10752
11316,18
3089,37
29845,18
29845,10749
995,37
995,12
1594,35
1594,9648
1594,80
32318,35
32318,28
32318,12
32318,10749
11839,10402
11839,12
11839,35
916,28
916,80
916,53
31509,18
31509,10749
1976,18
1976,10749
31685,18
31685,10749
31685,27
3062,35
3062,18
3062,10749
34456,35
34456,10749
12708,35
12708,10749
42045,18
42045,10402
42045,10749
11610,35
11610,10749
4939,35
4939,10749
25016,35
25016,18
25016,10749
15927,18
15927,12
15927,36
40423,18
40423,10749
7857,35
7857,18
79,18
79,12
79,28
79,36
13912,35
13912,10749
70881,36
70881,18
70881,10749
987,35
65869,53
65869,10749
37749,18
30140,99
33302,18
33302,35
46932,53
81,12
81,16
81,14
70423,80
70423,18
11821,35
11821,10749
10023,28
10023,35
10023,80
51036,35
11519,35
11519,10752
72087,18
42238,18
42238,35
42238,10752
15659,35
15659,9648
15659,53
18857,28
18857,80
18857,53
18857,18
33517,18
33517,10749
27425,53
27425,27
38953,10749
38953,36
38953,18
74544,10749
74544,18
41785,28
41785,18
41785,36
42740,53
20126,27
20126,9648
20126,53
827,53
827,9648
11811,27
11811,35
20043,16
20043,878
16814,35
16814,10749
4368,27
25431,35
25431,18
25431,10749
17685,35
17685,18
17685,10752
2742,80
2742,18
22010,99
51145,18
32040,53
32040,80
32040,18
48129,28
48129,53
48129,18
3596,18
3596,878
120637,35
120637,10749
24134,18
24134,10749
18904,18
18904,10749
37719,35
37719,10402
47364,14
47364,878
9063,80
9063,18
9063,878
1818,18
1818,53
1818,80
255,35
255,18
255,10749
10744,10749
10744,18
83505,18
83505,80
10511,18
180399,99
22289,99
10028,10402
10028,18
10028,10749
616,18
616,28
616,10752
288953,99
96393,18
96393,80
587,12
587,14
587,18
21542,35
21542,18
21542,10751
21542,10749
6964,18
6964,35
6964,10749
1792,35
3635,18
3635,10749
41488,18
41488,53
122,12
122,14
122,28
11820,18
11820,36
11820,10749
8696,18
8696,35
12698,99
12698,10770
12698,36
12698,10752
19187,28
19187,35
11093,18
47952,35
47952,10752
504,80
504,18
11007,35
11007,10751
11007,18
2289,10752
2289,36
2289,12
2289,10749
9620,28
9620,12
9620,9648
9620,878
9620,53
10601,12
10601,14
10601,10751
52036,10749
52036,10402
52036,18
42418,12
42418,18
42418,10751
13433,18
13433,10749
35712,18
14844,35
14844,10749
26710,35
37088,99
37088,80
31026,18
5966,35
5966,10749
24034,16
24034,10751
24034,10402
24034,35
24034,18
10718,28
10718,35
10718,80
40427,18
40427,80
40427,53
14757,18
11034,18
11034,10749
25095,18
25095,10749
26983,80
26983,18
26983,53
30080,18
30080,10749
52867,35
52867,18
42599,35
42599,10749
65012,18
65012,10749
44801,35
44801,878
27465,80
27465,35
27465,9648
83726,35
24782,35
24782,10749
24782,80
31395,28
31395,35
131313,18
131313,10770
34151,35
15797,28
15797,18
9548,28
9548,35
9548,53
9548,80
9548,9648
9548,12
1937,18
1937,10749
26712,18
26712,53
1882,18
70627,28
70627,18
70627,53
17258,10749
17258,35
17258,80
34681,35
34681,18
34681,10749
118910,18
118910,10752
6277,35
6277,80
6277,28
11429,27
11429,878
11429,35
47072,18
47072,53
33642,12
33642,18
33642,28
33642,53
33642,80
14815,28
14815,12
14815,18
14815,36
427,35
43049,35
43049,18
43049,10749
3022,18
3022,27
3022,878
778,35
3088,37
3088,18
3088,10749
23152,35
23152,10749
23152,18
23567,35
23567,10749
23567,10752
102057,35
52367,35
52367,10749
22584,12
22584,10749
22584,10752
27725,80
27725,18
27725,28
16227,53
16227,9648
980,37
980,18
16933,18
16933,80
16933,53
42094,35
42094,10749
26884,35
26884,10749
37833,18
18995,9648
18995,53
18995,80
43759,18
43759,35
43759,10751
5205,99
2017,28
2017,80
2017,18
2017,9648
2017,53
38606,35
14239,16
14239,35
14239,14
55448,18
55448,35
55448,80
21779,35
21779,28
21779,12
71189,35
67794,18
67794,10749
73515,18
405,18
9696,28
9696,80
9696,27
4917,18
4917,878
4917,35
37774,18
37774,10749
5055,18
5055,10752
5055,10749
40140,12
40140,18
40140,878
42040,28
42040,12
42040,36
42040,18
29933,10752
29933,18
35888,28
35888,53
3059,18
3059,36
22727,27
22727,878
28586,53
28586,27
56157,18
56157,53
56157,80
11708,10751
11708,10402
11708,12
11708,14
11708,35
27329,36
27329,10752
27329,18
27329,28
42514,35
42514,18
42514,10749
20444,35
17736,18
17736,53
17736,80
114046,878
114046,35
82283,35
82283,10749
1954,878
1954,53
13476,35
13476,10749
11194,99
11194,28
11194,12
11194,18
12634,35
12634,80
13505,35
13505,80
14114,10402
14114,18
15708,18
15708,35
15708,10749
21301,35
21301,18
20483,10751
20483,28
20483,12
14292,18
14292,36
44539,18
1278,18
1278,10749
18841,35
18841,27
18841,878
25925,18
25925,28
25925,35
32035,35
32035,18
32035,9648
32035,10749
74395,35
74395,18
19361,35
19361,18
19361,10749
81824,18
81824,10749
21968,80
21968,18
21968,28
29493,35
29493,80
29473,35
29473,80
29464,35
29464,80
29464,28
37900,80
37900,18
91390,18
91390,10749
33557,18
33557,35
7008,12
7008,53
30566,27
30566,14
42466,27
42466,14
76176,27
76176,35
76176,12
76176,28
18446,18
18446,10749
18446,10752
22004,28
22004,53
22004,80
11023,18
47802,80
47802,18
47802,10749
92298,18
92298,9648
92298,53
35227,18
35227,53
29852,53
29852,27
29852,9648
23001,35
51049,18
11221,35
11221,10752
1824,35
1824,10749
16784,35
44674,80
44674,18
292090,18
11083,18
11083,35
54045,18
54045,28
54045,53
337,18
11951,28
11951,80
11951,18
11951,53
43376,18
28963,10749
28963,12
28963,14
2576,18
2576,36
22561,14
22561,16
22561,18
22561,35
22561,10402
19345,53
14430,35
14430,80
14430,9648
14430,18
12775,12
12775,18
9838,28
9838,12
9838,35
50075,12
50075,18
50075,28
2099,28
2099,80
2099,53
42852,18
42852,10749
40454,18
40454,10751
6470,28
6470,12
20032,18
20032,878
20032,10749
8842,10749
8842,18
11132,35
9352,35
615,18
11217,35
11217,27
11217,9648
11217,53
10677,10749
10677,18
13572,28
13572,12
13572,80
13572,18
13572,53
30735,35
30735,18
338,35
338,18
2023,37
2023,12
9384,35
9384,80
25935,80
25935,18
25935,9648
797,18
42602,18
60792,18
70113,18
70113,53
70113,80
47474,9648
47474,18
47474,53
56188,18
56188,12
56188,10749
29084,9648
29084,18
29084,53
1723,35
1723,18
25955,53
25955,80
41876,18
41876,36
62190,18
43323,18
43323,36
67022,18
67022,10749
24548,35
24548,10749
31602,80
31602,18
57744,53
57744,27
57744,18
57744,14
37044,99
37044,80
42989,80
42989,35
17047,35
17047,28
17047,12
17047,10751
17047,10749
10591,35
10591,10749
1586,9648
1586,53
11169,9648
11169,28
11169,18
11169,53
11169,80
49689,18
266687,35
66660,99
156,35
156,18
156,10749
2778,35
10433,35
10433,80
10433,10749
10433,18
47168,14
47168,35
47168,10751
47168,12
58995,12
58995,18
58995,28
43236,18
43236,10749
142168,99
40752,35
924,27
924,28
38,878
38,18
38,10749
11081,53
4377,18
4377,80
16941,35
16941,80
16941,18
1720,18
9541,35
9541,10749
9541,18
5516,35
5516,80
5516,53
20304,28
20304,80
20304,18
20304,53
11024,9648
11024,12
11024,35
53734,35
53734,18
53734,10749
553,80
553,18
553,53
10544,28
10544,12
10544,18
10544,36
1487,14
1487,28
13700,16
13700,10751
11137,35
11137,10749
11358,12
11358,18
11358,28
11358,53
13573,80
13573,18
19084,35
19084,10751
10733,36
10733,10752
10733,18
14442,10751
14442,14
14442,35
2122,35
2122,53
2122,80
25300,9648
25300,18
25300,53
25300,80
14576,28
14576,53
14576,80
13432,18
26636,18
26636,53
6844,18
6844,36
923,27
923,878
2587,18
2587,36
3591,12
3591,14
28026,18
28026,10402
26176,35
41857,37
78364,10749
78364,18
78364,35
10338,35
33839,35
33839,18
33839,10751
133919,18
133919,10749
95548,18
95548,10749
50549,35
38978,18
38978,28
38978,37
92331,878
92331,18
111883,18
42245,27
42245,878
68347,27
68347,878
107285,18
34082,35
34082,12
34082,10402
34082,10749
22999,35
22999,10752
20278,35
20278,12
18698,35
18698,14
18698,10402
47201,28
47201,53
47201,12
12239,28
12239,18
12239,53
4365,35
4365,27
4365,878
86182,27
86182,35
86182,9648
45862,27
45862,9648
45862,53
65066,80
65066,18
65066,35
42228,9648
42228,80
42228,35
16561,35
54655,35
54655,18
54655,10749
70779,99
70779,27
10843,35
10843,53
10843,18
2098,10402
2098,10749
2098,35
65332,10749
65332,18
65332,35
34303,99
34303,10770
15673,35
15673,80
15673,10402
393,28
393,80
393,53
7220,28
7220,80
7220,18
33823,99
163676,18
163676,10749
237,18
237,53
237,80
237,10749
126117,99
10096,35
10096,14
10096,10749
9509,28
9509,18
9509,53
19016,10751
19016,12
19016,16
19016,35
60645,10402
60645,99
10710,35
11058,18
11058,27
11058,878
11058,53
11141,35
11141,10749
10625,18
10625,35
54807,18
54807,10751
11025,35
7131,27
7131,12
7131,28
26899,18
26899,10749
30125,10749
30125,18
30125,35
16428,35
16428,10749
652,10752
652,28
652,36
8440,18
883,35
883,18
38018,18
38018,10749
38018,10752
34377,18
20375,80
20375,53
20375,28
10375,53
10375,80
10375,27
42015,99
42015,35
68440,18
68440,53
12503,18
12503,10752
11864,18
11864,878
9461,28
57811,18
57811,53
57811,10749
132,99
132,10402
28276,35
28276,10751
28276,18
18329,18
18329,10749
17993,10749
37447,99
4339,35
4339,18
42108,18
42108,10752
18513,12
18513,53
26517,27
26517,18
28285,18
22137,18
22137,14
22137,27
22137,9648
5247,18
5247,9648
5247,53
5247,80
5247,27
31676,53
31676,80
49622,18
49622,10749
49622,36
49622,10770
238952,99
10035,35
10035,18
10035,10749
502,53
502,18
502,10752
41965,18
41965,14
10347,28
10347,80
1373,18
1373,14
30959,27
30959,14
30959,18
43341,878
20561,99
13055,35
13055,18
667,28
667,53
667,12
700,12
700,28
700,53
21594,80
21594,9648
26976,18
26976,10770
36670,12
36670,28
36670,53
18872,18
44864,10402
44864,10749
44864,14
31993,35
31993,10749
43818,18
43818,10749
28290,18
24650,18
24650,10749
55086,18
43525,18
43525,10749
20640,35
20640,10749
20640,18
50363,18
50363,10749
633,18
633,53
633,10752
5511,80
5511,53
41003,18
41003,10749
13936,37
13936,10402
13936,10749
294,18
294,10749
11507,80
11507,9648
11507,53
17538,12
17538,18
17538,37
10435,18
1162,18
34328,35
47108,18
47108,10402
47140,18
40930,35
40930,10749
14684,18
58467,35
58467,18
58467,10749
58467,10402
10261,14
10261,35
163869,10749
163869,35
13937,53
13937,80
13937,9648
25355,35
25355,18
29601,35
29601,10402
29601,10752
66115,35
66115,10749
118617,99
23981,18
23981,35
26670,35
44047,18
31965,18
31965,36
31965,27
5842,27
5842,14
5842,28
5842,53
5842,12
19463,35
19463,14
24012,35
24012,10749
988,18
988,53
125103,10402
125103,99
204,18
204,53
204,12
9356,10749
9356,35
32430,18
32430,35
42231,18
42231,10749
16113,28
16113,53
16113,12
16113,10752
33575,35
33575,10749
13913,35
13913,10402
17956,35
17956,18
17956,10749
18209,14
18209,35
18209,10749
25508,9648
25508,27
25508,10749
18978,12
18978,10402
18978,10749
27171,35
27171,10749
29486,35
29486,27
29486,80
12310,28
12310,12
12310,35
12310,18
42205,28
27786,28
27786,12
27786,878
9624,28
9624,12
9624,53
476392,35
476392,14
476392,10749
37296,35
25736,18
25736,10749
25736,80
25736,53
25389,35
25389,18
44807,35
44807,10402
44807,10749
5248,35
5248,878
5248,18
52794,27
52794,18
52794,35
9872,878
9872,12
9872,10751
19552,18
19552,10749
2786,18
2786,10749
2786,80
8075,35
94771,35
50271,18
50271,10749
50271,12
38274,35
38274,10749
26133,18
26133,10770
68981,18
68981,10749
10235,18
10235,36
10235,10752
11533,12
11533,10751
11533,14
2817,18
2817,35
2817,10749
1394,18
1394,10749
1719,18
1719,10749
781,18
781,10749
13553,27
183252,35
183252,10402
183252,10749
3777,18
3777,36
11659,18
11659,36
11659,10749
24065,18
24065,10749
24065,53
24065,80
39907,28
39907,36
39907,10752
26612,12
26612,10751
26612,10770
10604,18
44098,18
44098,53
16876,18
16876,53
37437,28
37437,12
37437,18
37437,10751
141003,18
77780,18
77780,35
9545,28
9545,18
9545,53
53117,35
53117,18
41651,878
41651,53
41651,27
29270,18
29270,10752
28030,99
28030,10402
16514,28
16514,10749
16514,18
16514,36
16514,10752
1926,18
31112,10751
31112,16
31112,35
11060,80
11060,18
17365,80
17365,18
17365,53
11474,28
11474,53
63888,18
63888,10749
63888,36
49320,18
49320,10752
42204,35
42204,18
42204,10402
33157,36
33157,18
33157,10752
24798,35
24798,10402
277073,10749
277073,35
277073,18
4923,14
4923,28
4923,53
4923,878
36741,35
11656,18
11656,36
16284,10752
16284,12
16284,18
25009,12
25009,18
25009,10749
91226,99
171229,10749
171229,18
40092,35
40092,14
40092,10749
10133,53
10133,878
82838,18
82838,10752
14589,35
14589,9648
14589,80
14594,35
14594,9648
14590,35
14590,80
14590,9648
14588,35
14588,9648
14588,80
14595,35
14595,80
14595,9648
9459,99
9459,36
9459,10402
465,18
465,10749
86600,53
86600,18
20644,35
20644,10749
24965,12
24965,10752
24965,28
24965,35
17653,12
17653,28
17653,35
11069,28
11069,27
11069,35
10829,28
10829,35
10829,27
10829,878
10829,53
19425,10751
19425,14
19425,12
108055,10402
108055,10749
86959,35
86959,10749
9698,28
9698,37
9698,35
9698,80
57946,35
45044,18
45044,10749
26860,27
29049,27
27130,9648
27130,27
27130,18
8468,35
31952,27
39043,18
39043,27
54396,35
22682,35
22682,10749
11577,37
11577,18
42402,37
21159,878
21159,27
40810,28
40810,80
40810,53
40812,28
40812,80
40812,18
40812,53
336,37
11942,28
11942,80
11942,18
36206,37
23330,35
23330,37
23330,28
5927,37
5927,18
49636,14
49636,28
49636,18
3075,27
3075,878
30137,27
5521,18
5521,53
27636,18
27636,27
222,99
10686,28
10686,35
43096,35
43096,10749
42688,35
42688,18
42688,10402
25598,18
25858,18
14262,35
14262,80
38701,27
33357,80
33357,18
21948,28
21948,18
21948,80
21948,53
30368,80
30368,18
30368,53
1059,18
1059,28
1059,12
12493,18
12493,80
42090,18
13122,27
13122,35
13122,9648
13122,53
55730,35
14273,99
26940,35
11030,35
29454,18
26372,10752
26372,18
11506,18
11506,10749
29455,18
11602,18
29453,18
11700,35
11700,10749
47735,18
47735,10749
14638,80
14638,9648
14638,53
14703,18
14703,10749
35806,18
3547,18
3547,10749
3547,53
41089,18
42179,35
42179,18
28415,80
28415,18
28415,53
28415,28
107499,18
20481,27
20481,14
20481,28
5481,27
5485,27
31581,80
31581,18
22694,18
7090,18
42632,10402
42632,99
5902,18
5902,36
5902,10752
10775,18
10775,28
10775,53
10775,80
10775,9648
4552,18
4552,27
4552,9648
12762,35
12762,18
14510,27
14510,878
101363,35
101363,14
101363,10751
15618,878
15618,28
24341,14
24341,27
10690,35
10690,878
10690,53
10690,12
40028,27
40028,35
40028,878
26326,35
26326,10402
13282,28
13282,878
13282,35
27658,18
22642,35
22642,27
29235,27
29235,18
29235,9648
29235,53
42725,18
42725,28
24111,18
24111,53
17921,878
17921,27
17921,12
22627,18
22627,10402
22627,10749
18283,10402
18283,14
18283,10749
33731,18
33731,10749
13823,18
14108,99
4291,35
4291,18
20718,35
20718,10749
113,18
28476,14
28476,16
28476,12
5916,28
5916,80
5916,53
26234,80
26234,53
12205,27
12205,9648
12205,53
27804,18
27804,10749
27804,10402
46187,18
46187,80
3001,35
3001,80
3001,10749
39434,53
39434,27
105130,80
105130,35
105130,28
166472,18
11574,35
11574,37
32450,35
62383,35
203,18
203,80
38749,18
38749,35
29740,18
29740,80
10652,10752
10652,28
10652,18
34288,27
34288,9648
26268,9648
26268,80
26268,53
33632,18
33632,10749
25853,80
25853,18
25853,53
25853,27
68430,18
43001,18
42201,37
42201,18
42201,10749
316,35
316,18
3072,27
3072,878
10355,28
10355,12
10355,18
10355,53
14554,53
14554,9648
14554,18
14554,37
87677,18
87677,53
250,28
250,35
250,80
19086,28
15392,18
15392,10402
15392,9648
15392,10749
43267,35
41277,18
41277,35
108059,28
108059,878
42013,18
42013,35
54715,18
54715,35
631,18
631,10749
25504,18
25504,53
25504,9648
23855,35
1786,18
1786,10752
51182,99
45042,99
210937,35
16219,28
16219,18
15824,18
14258,16
14258,878
48385,80
48385,27
48385,878
27545,878
27545,27
22718,27
22718,878
39844,80
39844,27
39844,53
16914,18
16914,36
16914,10752
43011,12
43011,18
43011,36
11315,28
11315,53
11315,80
35987,18
35987,36
35987,10749
29146,18
29146,10749
29146,878
36751,16
36751,35
36751,12
36751,14
28758,12
28758,14
29592,18
29592,36
439,35
439,18
823,16
823,18
823,10749
823,53
823,878
20289,80
20289,18
16905,12
16905,36
16905,10749
11417,27
11417,53
11417,35
11548,10751
11548,35
11548,14
11548,878
38291,18
38291,35
41204,10402
41204,35
41204,10749
20532,18
2546,35
2546,14
42791,35
42791,18
42791,10749
42791,10752
22522,18
22522,36
22522,10749
40478,18
5165,18
5165,9648
5165,10749
5722,35
5722,18
5722,10402
5544,18
5544,36
5544,10749
19128,80
19128,9648
19128,53
14696,14
14696,18
14696,9648
51515,18
51515,10749
56167,35
56167,18
56167,10749
4781,18
32652,27
32652,9648
32652,35
4909,28
4909,53
56135,18
56135,10749
27115,80
27115,27
27115,878
38348,35
38348,18
38348,12
38348,10751
35280,18
35280,27
35280,9648
21375,16
19185,27
73194,18
73194,36
73194,10752
28257,9648
28257,80
20643,35
20643,10749
22596,35
22596,10749
36786,53
36786,18
28916,18
28916,10752
4497,18
33560,35
33560,18
25224,35
25224,28
25224,53
25224,12
42728,35
42728,10749
15371,16
15371,12
15371,35
15371,80
11044,14
11044,35
11044,18
11044,10749
39983,18
39983,9648
39983,53
31526,10749
31526,36
31526,18
31623,28
31623,12
31623,18
31623,10752
27601,28
27601,35
27601,27
27601,878
16214,28
16214,35
5071,18
5071,10402
5071,10749
41662,18
95015,18
95015,14
33738,35
33738,10749
33738,10402
17346,99
18274,27
13763,18
13763,10402
13763,10749
67217,18
67217,10752
10498,28
10498,80
10498,53
24731,28
24731,35
24731,80
11796,35
11796,18
11796,10749
31675,18
31675,36
31675,10752
4507,35
4507,18
4507,10749
34847,18
34847,35
34847,10749
32303,80
32303,18
32303,28
4879,80
4879,9648
4879,53
4879,27
24774,18
24774,10749
41779,35
41779,18
41779,10749
61048,10749
61048,18
61048,35
1994,53
1994,12
1994,27
1994,28
42814,35
42814,80
42814,18
42814,10749
870,18
870,10749
96255,10752
96255,18
25495,35
25495,53
26319,35
45938,18
15573,37
15573,12
15573,18
15573,28
41059,18
41059,10749
39871,35
39871,10749
10178,18
10178,10752
16391,18
42997,12
42997,36
42997,10752
10734,18
10734,53
10949,18
10949,12
10949,80
10949,35
258236,18
258236,36
258236,10770
809,16
809,10751
809,35
809,14
809,12
809,10749
435,878
435,53
435,12
4599,18
4599,35
4599,10749
12657,35
28219,18
59210,18
59210,10749
13193,35
24190,18
673,12
673,14
16617,9648
16617,53
16617,80
246,12
246,18
246,28
2789,28
2789,878
8920,35
8920,10751
9890,35
9890,878
9890,27
26886,18
26886,9648
26254,99
8193,35
47821,18
26142,18
42122,18
65137,28
65137,35
65137,10751
27017,10402
27017,10749
27017,10752
35151,14
35151,35
35151,10749
21544,35
21544,10749
43846,35
43846,10749
40894,35
40894,10749
11546,35
11546,80
59427,18
59427,10751
18387,18
18387,35
71125,18
34748,18
34748,10402
34748,9648
132725,18
132725,10749
26331,80
26331,18
26331,9648
26331,53
41774,18
41774,10749
52959,18
52959,10402
52959,10749
24004,35
24004,10749
46976,35
46976,18
46976,10749
17481,80
17481,9648
17481,53
52560,35
52560,10749
42658,12
42658,10752
42658,10749
42658,36
27118,9648
27118,27
27118,80
27118,53
18333,18
18333,27
42345,18
42345,36
42345,53
18398,80
18398,53
54800,27
54800,9648
54800,53
20849,18
20849,53
20849,10749
57544,35
53779,10749
53779,18
53779,9648
16661,35
16661,18
80708,18
80708,10749
76516,35
76516,14
76516,27
33441,16
33441,878
47819,35
21793,16
21793,10751
21793,12
21793,35
21793,10402
18712,10752
18712,18
831,878
831,12
831,27
10484,35
37658,18
37658,36
37658,10749
26516,80
26516,18
110598,18
110598,10749
44388,10749
44388,35
10573,18
10573,35
113290,99
113290,36
113290,10752
26451,18
26451,53
111605,35
111605,10749
111605,18
54568,18
28571,18
28571,10749
28571,36
27686,10402
27686,35
27686,10749
123665,18
43336,18
62000,18
9372,99
41495,80
41495,18
52362,18
52362,10749
662,18
662,10749
662,878
41799,18
41799,10402
49633,18
49633,36
43805,12
43805,36
43805,10752
43805,18
16559,18
16559,27
16559,14
44695,28
44695,18
44695,53
31217,10752
31217,18
31217,36
8341,12
8341,18
8341,10749
36488,35
36488,10749
19414,35
19414,10751
19414,10749
60595,18
60595,9648
15794,80
15794,18
15794,53
13188,14
13188,18
12651,18
12651,10752
12651,28
886,18
9791,80
9791,18
27554,18
27554,10749
27554,80
26973,18
38582,28
38582,12
38582,878
9542,27
9542,28
9542,53
17820,10402
17820,10749
17820,18
26175,12
26175,10749
26175,36
31146,35
31146,18
20506,18
20506,80
37696,53
136,18
136,27
47653,35
47653,10749
10970,35
28162,10749
28162,14
28162,18
28162,35
42812,18
42812,10749
28159,27
20676,28
20676,53
20676,80
3019,27
3019,878
3019,18
29353,35
29353,37
17761,28
17761,12
17761,18
17761,53
20277,35
20277,18
20277,10751
10204,28
10204,12
10204,35
3515,18
3515,28
3515,53
3515,80
9472,35
594,35
594,18
8981,18
8981,10751
12153,35
12153,80
1944,18
11036,10749
11036,18
1997,12
1997,18
1997,10751
15237,18
15237,10402
205481,53
205481,18
11572,16
11572,12
19096,10752
19096,18
72096,18
72096,35
72096,10749
11939,35
11939,10402
47555,10752
47555,28
47555,18
24236,35
24236,10751
24236,878
24236,14
80218,10749
80218,53
80218,18
26520,35
26520,18
43897,35
43897,18
43897,10751
43897,10402
43897,10752
29456,18
29456,10749
21386,16
21386,35
24908,10749
24908,18
24908,35
9256,28
9256,35
25783,99
8991,27
8991,28
8991,35
8991,878
23378,18
23378,10402
23378,14
23378,10770
3293,18
3293,10770
36947,99
54028,10749
54028,18
17645,18
17645,53
17645,10749
10448,12
57684,35
57684,10749
61487,99
61487,10402
29383,18
29383,10752
10606,878
10606,12
10606,53
42988,35
42988,10749
16136,80
16136,18
16136,53
16136,28
58669,35
58669,18
42407,35
42407,80
6081,35
6081,80
6081,9648
12577,80
12577,28
12577,53
36561,18
13696,80
13696,18
44494,35
44494,18
15484,18
36672,18
36672,10749
2330,28
2330,35
2330,80
2330,12
2334,28
2334,35
2334,80
64204,35
64204,18
13398,16
13398,18
13398,35
2912,53
2912,80
2912,18
701,35
701,10749
10631,35
10631,14
10631,10749
43466,35
43466,10749
2202,10751
2202,12
2202,18
76076,35
76076,18
10780,35
10780,10749
3484,12
3484,27
3484,878
19590,35
19590,10751
19590,10402
19590,10749
23724,18
26596,37
26596,18
26596,10749
44925,18
44925,53
29264,35
29264,18
29264,14
33994,18
1777,99
11584,35
11584,10749
9901,99
202475,99
26811,27
38631,99
54022,28
54022,35
54022,18
54022,53
23522,35
23522,14
207625,18
22094,18
22094,28
22094,80
161080,35
161080,18
161080,10749
11884,12
11884,878
11884,28
21871,35
30876,12
30876,27
558,28
558,12
558,878
48732,99
48732,10751
80,18
80,10749
10742,18
10742,9648
10742,53
9477,12
9477,10752
9477,36
9477,28
9477,18
8699,35
9893,10751
9893,35
11247,35
11247,10751
11247,10749
2048,28
2048,878
436,18
436,53
436,80
61391,37
61391,12
61391,10752
18643,35
67297,35
67297,18
67297,10752
31948,53
31948,18
31948,28
43004,18
45793,12
45793,35
45793,18
45793,10402
46495,53
46495,80
45874,37
65994,12
65994,28
65994,10749
19014,28
19014,35
19014,37
10754,80
10754,18
30054,37
36630,18
36630,10749
36630,53
39770,18
39770,10749
36627,36
36627,12
36627,10752
36627,10749
11897,37
43443,18
43443,36
54300,99
54300,10402
58925,9648
58925,18
58925,53
2502,28
2502,18
2502,53
314,28
314,14
314,80
18923,18
18923,10749
146373,35
146373,18
146373,10749
5228,35
5228,18
12206,80
12206,9648
12206,53
16539,35
75046,18
75046,10752
74012,10752
74012,10749
74012,18
74012,28
74012,12
74012,53
26126,18
26126,10749
26126,80
15876,10752
26300,28
26300,878
26300,53
68064,878
68064,28
12625,37
45520,10752
45520,28
45520,18
46767,18
46767,27
46767,53
55848,18
55848,10749
55848,36
42525,36
42525,10752
42525,18
43417,37
15244,18
15244,53
62395,18
42737,28
42737,18
42737,53
42737,10752
47615,14
47615,27
47615,10402
39209,37
20876,80
20876,35
24559,18
24559,878
24559,10752
78208,18
43786,10752
43786,28
43786,18
72613,18
72613,35
72613,10749
72613,10752
43787,10749
43787,35
27437,35
27437,10749
40374,18
40374,10749
20316,53
20316,18
41925,53
41925,18
41925,80
41925,14
259389,18
22871,10752
37019,35
37019,27
37019,878
18190,18
18190,9648
18190,53
71786,18
71786,27
42347,28
42347,18
42347,53
39140,35
39140,10749
69903,18
219345,35
219345,18
41890,35
41890,18
41890,10751
27307,35
27307,10749
36709,12
36709,18
36709,10749
36709,10752
32294,35
41463,35
41463,10749
19051,14
19051,12
19051,10751
43485,18
43485,10402
51997,28
51997,53
51997,37
43885,37
43885,10752
43885,10749
62694,18
62694,9648
43785,18
43785,37
53287,35
29584,12
29584,18
29584,36
32644,14
32644,35
32644,10749
89482,18
89482,10752
1040,18
42604,35
42604,18
42604,10749
24214,35
24214,878
24214,53
5122,18
42469,27
42469,878
119623,18
119623,10749
1783,18
1783,10752
1783,28
10910,18
17238,18
22156,80
22156,28
26814,35
43116,80
43116,18
39269,18
99859,53
99859,80
99859,27
31522,35
31522,18
31522,10749
47796,18
26893,18
69035,9648
69035,53
73621,35
22976,28
22976,10751
22976,14
22976,878
22976,10752
55441,10402
55441,35
55441,37
45608,18
45608,10749
21619,80
21619,18
21619,53
9680,35
9680,27
42801,35
42801,10749
12627,18
86404,53
18671,80
18671,10749
17218,18
17218,80
41316,99
5179,18
53198,99
65156,10751
65156,28
65156,35
65156,80
42593,35
42593,18
42593,10749
76002,35
76002,18
64868,18
64868,10751
52741,35
52741,18
52741,10749
15081,14
15081,18
15081,53
15081,9648
15081,10751
21147,35
21147,10751
21147,80
64877,10402
64877,10751
147169,18
147169,10749
147169,35
16703,80
16703,53
16703,9648
20298,9648
20298,80
20298,53
19974,80
19974,53
22112,80
22112,53
4201,28
4201,36
39868,27
39868,878
20408,9648
20408,80
20408,53
13580,18
13580,53
18706,9648
18706,53
18706,80
34327,9648
34327,80
34327,53
43013,10752
43013,53
43013,18
38505,18
38505,35
41940,12
41940,35
41940,18
20417,9648
20417,80
20417,53
14652,18
14652,35
69526,35
69526,80
69526,12
14462,18
14462,53
14462,9648
14623,28
14623,12
14623,35
14623,10751
6947,18
6947,9648
6947,53
401,35
401,18
401,10749
50247,18
46326,10749
46326,18
46326,80
35780,16
35780,10751
35780,28
35780,878
25361,12
25361,10751
25361,878
25361,16
45522,35
45522,18
45522,10752
23750,35
23750,18
23750,878
44289,9648
44289,53
44289,27
25536,80
25536,53
38837,18
1436,36
1436,18
1436,28
1436,10752
17768,10402
17768,35
17768,10749
27375,99
1538,18
1538,80
1538,53
14846,35
14846,10749
14846,18
2577,18
2577,878
2577,53
52936,35
52936,18
46884,37
33333,18
41975,18
41975,36
16606,28
16606,35
60760,53
60760,9648
11282,35
11282,12
11130,35
11130,18
11130,10751
11130,10749
14389,35
14389,10749
14389,18
395,12
395,878
395,28
395,27
11052,16
11052,14
11052,28
11052,878
60015,18
60015,35
60015,10749
23601,18
23601,10749
10762,35
10762,28
10762,12
10762,9648
11026,27
18693,35
18693,10402
18693,10749
45598,35
45598,10402
45598,10749
8745,35
8745,10402
8745,10749
45335,35
45335,80
45335,18
45335,10402
45335,10749
18690,35
18690,10402
18690,10749
7506,35
7506,80
7506,10402
7506,10749
65596,35
65596,878
65596,10751
36912,35
36912,80
46081,35
46081,10749
40087,35
40087,27
40087,53
46831,18
20120,35
22543,80
22543,18
22543,53
22543,27
44415,18
44415,10751
11237,12
11237,27
11237,53
8080,80
8080,53
14797,18
14797,28
14797,12
11632,18
11632,10749
18475,35
15644,28
15644,18
15644,53
11208,18
11208,9648
11208,10749
11208,53
24079,28
24079,35
24079,53
24079,80
16153,10749
16153,18
13559,27
13559,53
42694,18
42694,10749
32298,18
32298,35
32298,10749
66566,18
66566,9648
66566,10749
66566,53
124029,35
42164,18
124,18
29979,28
29979,53
29979,80
29979,27
41762,18
41762,10402
12548,35
12548,18
33345,35
33345,10402
33345,10749
19893,12
19893,18
19893,10751
42264,35
11387,12
11387,18
11387,10749
104659,18
104659,10749
24924,27
24924,35
17994,27
17994,9648
17994,53
75759,18
75759,10749
60437,18
60437,10749
60437,53
49069,14
49069,35
49069,878
49069,10402
31117,35
31117,10751
9759,28
9759,53
9759,18
9759,80
1577,27
1577,28
1577,878
14198,28
14198,35
14198,53
288952,18
16232,35
16232,18
5137,9648
5137,28
5137,53
5137,878
5137,12
11823,35
11823,10749
2003,18
18804,18
18804,10749
18804,10752
13969,10751
13969,35
13969,18
13969,10749
10145,53
10145,9648
10145,878
10145,18
26486,28
26486,35
13702,35
13702,14
1653,18
747,27
747,35
84214,10749
84214,18
84655,10749
84655,18
23627,10402
23627,35
23627,10749
26230,35
26230,27
26230,878
4176,18
4176,53
4176,9648
11177,18
43839,10402
43839,18
43839,10749
26690,18
26690,80
26690,53
35101,12
35101,10751
10905,28
10905,35
18196,27
18196,9648
18196,14
70345,27
70345,878
88174,9648
88174,53
88174,27
132422,18
132422,28
132422,35
42215,27
43105,878
43105,27
43105,9648
71140,53
27816,27
27816,35
27815,27
27815,35
12707,27
12707,53
43657,18
43117,27
43117,878
47446,18
54979,12
54979,18
42172,9648
42172,18
42172,80
42600,35
47825,28
47825,80
47825,18
47825,9648
47825,53
62697,878
62697,27
62697,9648
62697,53
31655,27
31655,9648
27498,27
1492,28
1492,12
1492,18
1492,36
8689,27
10555,16
10555,28
10555,35
10555,10751
11128,18
11128,28
11128,53
22842,18
1599,35
1599,10749
14024,10402
14024,18
14024,10749
14024,10751
11045,28
11045,35
11045,53
11045,80
15503,18
14337,878
14337,18
14337,53
26108,35
26108,10749
4380,18
4380,10749
4380,35
3989,12
3989,28
3989,35
16358,35
16358,18
25313,18
25313,10749
2438,18
65550,18
65550,10749
29445,18
29445,27
11121,18
11121,10749
55457,35
55457,10402
101887,35
101887,18
23739,28
23739,12
23739,14
21241,28
21241,35
3053,35
3053,27
28356,18
28356,10751
12456,99
55047,99
28153,27
28153,878
18499,35
18499,18
36616,16
36616,35
13644,10751
13644,18
13644,35
41936,10752
41936,18
13416,18
1435,99
1435,18
11099,18
11099,9648
11099,878
11099,53
167177,35
167177,10749
12483,18
12483,27
12483,53
184530,10751
184530,18
18701,35
18701,18
18701,10749
2319,14
2319,10751
2319,12
110351,18
110351,36
15566,35
15566,10749
1970,27
1970,9648
1970,53
8849,35
8849,18
8849,10749
9675,35
9675,18
9675,10749
4553,53
4553,18
11109,18
48678,35
48678,18
202587,35
126148,10402
126148,99
16131,18
16131,53
9391,18
9391,53
9391,9648
9391,10749
176,27
176,9648
176,80
1677,18
1677,10402
10740,18
10740,9648
66641,99
66641,10752
9806,28
9806,12
9806,16
9806,10751
19614,99
19614,10402
12777,18
12777,10749
12777,878
12777,53
47959,10749
47959,18
5255,16
5255,12
5255,10751
5255,14
11184,18
11249,27
11249,35
10589,28
10589,35
10589,80
10589,18
9801,35
9801,10749
866,18
866,14
4251,18
4251,10749
2059,12
2059,28
2059,53
2059,9648
140,18
140,80
11836,10751
11836,35
11836,12
11836,16
43743,18
43743,9648
43743,27
17818,37
1966,10752
1966,36
1966,28
1966,12
1966,18
1966,10749
13673,35
13673,10751
174787,99
26347,18
2288,18
2288,10749
15397,18
15397,12
9550,12
9550,18
9550,28
163,53
163,80
36648,28
36648,27
36648,878
15788,35
33377,99
18973,35
18973,14
18973,10402
41253,10402
41253,35
15787,35
35188,35
35188,10749
35189,35
52122,35
28333,35
24062,35
43670,18
43670,10402
43670,10749
58182,35
58182,18
58182,10749
33740,99
33740,10751
33740,10402
74719,99
74719,10402
77448,99
77448,10402
43752,35
43752,10752
42668,12
42668,36
42668,18
42668,10752
25952,878
16248,10751
16248,878
16248,28
15613,878
15613,18
15613,9648
15613,53
15613,14
151848,18
151848,10749
151848,12
30719,10749
30719,18
28421,27
28421,878
47657,53
47657,18
47657,9648
8424,18
8424,35
8424,10749
32558,18
32558,10749
32558,14
32558,9648
50085,18
50085,10749
50034,18
42401,18
42401,10749
42401,10752
67962,18
67962,10749
30996,27
30996,9648
30996,53
44375,18
18889,99
18889,10752
210864,99
70368,18
3016,27
3016,878
3016,18
2972,14
2972,27
71065,12
71065,18
71065,36
42510,35
58129,18
58129,14
58129,27
29267,18
29267,14
36841,12
36841,18
36841,10749
57283,99
57283,27
57283,36
171432,9648
171432,18
171432,12
171432,53
18987,10749
18987,18
18987,27
41348,35
27511,18
27511,53
27511,10749
96713,35
96713,10749
992,28
992,35
992,9648
3060,10749
3060,10752
3060,18
42359,35
42359,10749
1405,18
1405,80
964,27
964,10402
939,18
939,10402
697,18
104433,18
104433,36
104433,10749
27503,18
27503,10749
27503,27
905,18
905,80
905,10749
31411,35
31411,10749
28189,27
3061,18
3061,10749
27517,18
27517,10749
27517,27
42538,18
42538,10749
25768,35
25768,10749
120833,10402
120833,18
626,27
27899,18
27899,80
5729,10749
5729,35
5729,18
42816,18
42816,10751
13911,35
51394,80
51394,18
51394,35
48365,35
3574,27
3574,53
3574,9648
3574,878
91,99
31592,18
31592,27
31592,53
43132,18
43132,36
877,80
877,28
877,18
875,18
875,10749
875,10752
875,80
875,36
28268,35
28268,18
779,27
779,14
779,9648
56724,18
39130,35
39130,18
28046,27
28046,9648
31511,35
31511,18
3031,27
3031,878
43130,35
43130,18
43595,35
43595,80
43149,12
43149,28
43149,27
43149,10751
43149,878
43148,27
43148,53
50073,18
43904,35
43904,18
43904,10749
43693,18
43693,10749
24106,27
47921,18
47921,10749
49640,28
49640,37
46910,28
46910,10752
43689,35
43689,10402
43689,10749
22614,18
22614,12
51949,18
51949,10749
43889,35
131894,18
131894,10749
43896,80
43896,18
28910,9648
28910,27
17907,27
27970,27
27970,14
52677,18
52677,80
52677,35
14615,80
14615,18
31773,35
31773,10749
24807,35
24807,18
24807,10749
17030,80
17030,18
17030,10749
17030,53
23389,27
31548,10402
31548,10749
31548,18
31548,35
54569,18
54569,10749
38721,18
38721,35
38721,10749
43874,18
43874,10749
43874,36
16515,12
16515,18
16515,10751
27973,80
27973,18
20642,35
20642,10749
37650,35
37650,10749
43867,10749
43867,12
43867,18
43864,35
43864,18
23101,35
23101,14
23101,10749
60562,35
60562,10402
60562,10749
46688,28
46688,18
46688,10752
16274,35
16274,10749
16274,18
99318,10749
99318,18
99318,10752
55207,53
55207,9648
31868,18
31868,10749
37698,80
37698,18
37698,53
3084,18
3084,10749
46069,10749
46069,18
43806,18
43806,36
55604,12
55604,18
55604,10749
55604,37
26635,35
26635,80
26635,18
26635,10749
43811,36
43811,18
17801,80
17801,18
26201,12
26201,36
26201,10749
29884,35
29884,10749
29884,80
45978,18
45978,36
38914,35
38914,14
38914,10749
33523,35
33523,10402
33523,10752
33112,35
33112,10749
33112,10402
28789,35
43799,35
43799,10749
18790,12
18790,53
18790,18
37036,35
37036,28
37036,53
43522,18
43522,35
36612,18
97648,35
22387,10749
22387,18
27655,18
27655,35
27655,10749
23051,10752
43306,18
43306,10749
43306,10752
43306,14
18727,35
18727,10749
18727,14
18727,18
33049,35
33049,10749
41355,99
41355,10752
47352,35
47352,10749
47352,80
43518,10402
43518,35
43518,10749
41391,18
41391,36
21622,10402
21622,35
21622,10749
28436,14
28436,18
28436,27
22638,36
22638,18
22638,10752
51144,18
35006,9648
35006,80
35006,18
21451,9648
21451,53
42879,35
42879,10749
42879,10752
43307,18
43307,10749
50066,18
50066,10749
18229,12
18229,10752
52440,18
52440,10752
52440,10749
17136,80
17136,18
17136,53
43494,18
43494,14
43494,10749
30348,27
30348,18
9797,18
9797,36
45219,18
18771,18
18771,10752
30177,18
41020,9648
41020,27
16090,80
16090,9648
44041,53
44041,9648
44041,27
25502,18
25502,10749
25502,10402
14320,18
14320,10749
26701,18
26701,10749
43469,18
20246,53
20246,80
82101,18
19169,18
19169,53
19169,80
43461,80
43461,18
43461,53
31980,35
31980,12
31980,10402
31980,10749
27448,53
27448,18
29244,37
83838,18
83838,10749
43452,18
29380,10749
29380,10402
37347,37
3766,9648
3766,80
3766,53
946,18
946,10749
70447,12
70447,18
20482,80
20482,9648
20482,53
35032,10402
35032,10749
35032,35
35032,12
44190,80
44190,10749
44190,18
41609,12
41609,10749
33115,35
33115,10749
20638,37
29885,35
29885,10749
25698,35
25698,10402
25698,10749
45578,10749
45578,18
45578,9648
4558,10749
4558,14
4558,18
43439,10751
43439,18
61828,18
61828,10751
61828,10749
25209,10402
25209,35
25209,10749
25209,37
15390,18
17409,37
43388,12
43388,28
43388,10749
800,18
800,80
32690,18
43390,10402
43390,10749
41464,18
43961,80
43961,18
43358,18
43358,10749
24003,18
24003,10749
28431,12
43364,18
30801,35
30801,37
3023,35
3023,27
3023,9648
3023,878
43348,37
43349,18
43349,36
43349,10749
99898,18
99898,53
24381,35
11402,35
35861,18
35861,10749
45213,35
45213,18
45213,10749
45213,10402
20127,35
20127,10749
24518,35
24518,10749
13457,18
13457,10749
23620,18
23620,36
31372,18
31372,28
31372,12
3111,18
3111,10402
3111,10749
41503,18
41503,10749
28696,18
94123,18
17640,10402
17640,35
17640,10749
44026,9648
44026,53
803,99
803,36
31374,18
31374,28
31374,12
25893,10402
25893,35
25893,18
36439,18
36439,10752
46007,35
46007,10402
33319,18
33319,10752
28100,10402
28100,10749
31378,28
31378,12
31378,18
31378,10749
31378,36
19742,27
19742,878
44134,35
22334,53
22334,9648
22334,18
29347,27
29347,878
15697,10402
15697,18
43234,18
18776,12
18776,18
18776,36
29071,27
29071,14
54541,18
54541,53
44559,18
44559,10752
30637,18
30637,27
30637,80
76754,35
76754,18
56156,18
43119,80
43119,28
43137,35
43137,10749
69977,10752
69977,18
42661,12
42661,36
42661,28
43051,28
43051,12
43051,80
43051,18
43101,10749
43101,35
58997,878
58997,27
34528,10752
34528,18
34528,36
31427,18
31427,10752
58902,12
58902,18
27029,18
690,80
690,18
46918,18
43111,18
52745,27
52745,878
36872,18
43047,18
43047,12
72354,18
72354,36
31589,80
31589,18
31589,53
52841,35
52841,10749
18449,37
50474,18
50474,10752
79827,18
750,35
750,80
750,18
750,9648
34530,10752
34530,18
34530,36
33710,10749
33710,18
33710,10402
64568,53
64568,9648
64568,27
17185,18
109667,18
109667,10749
31287,27
31287,878
31287,10749
14537,28
14537,18
14537,36
16103,18
13671,35
13671,10751
13671,10402
13671,10749
11085,12
11085,18
11085,36
65048,18
65048,10752
24188,18
24188,35
24188,12
28367,14
28367,10751
28367,10402
28367,35
21135,18
21135,10749
52705,10752
52705,18
52705,35
3010,18
3010,36
3010,10752
31383,27
31383,10402
39222,27
39495,35
39495,18
39495,10749
15263,37
15263,35
751,35
751,80
751,18
751,9648
751,53
42798,35
42798,10749
4025,9648
4025,53
61892,35
61892,10749
25253,35
25253,80
37684,18
37684,53
37684,10752
15421,18
15421,36
166607,18
166607,10752
37315,18
10299,27
10299,9648
10299,53
24229,80
24229,9648
26031,80
26031,18
3763,27
17696,10402
17696,35
17696,80
7348,878
7348,12
28504,35
28504,27
151138,18
23574,35
23574,10749
17091,35
17295,18
17295,10752
17295,36
13187,16
13187,10751
13187,35
13187,10770
17102,27
23194,37
23194,35
16850,28
16850,18
16850,10752
24395,18
24395,10752
37921,10752
37921,18
59802,27
16303,35
29715,37
29715,10752
36583,18
36583,10752
36583,53
60555,37
60555,53
60555,18
42731,35
42731,18
42731,10749
3482,10752
3482,53
895,18
895,36
20108,18
2661,28
2661,35
2661,80
20379,28
20379,18
29710,36
29710,10752
29710,12
104237,28
104237,12
22293,27
789,35
789,18
789,10752
45706,53
45706,80
45706,28
11047,10751
11047,16
11047,12
11047,35
2097,27
2097,878
2097,28
135,99
135,10402
33257,10749
33257,12
33257,14
66043,53
66043,80
66043,18
17905,53
17905,80
17905,28
4191,80
4191,18
4191,9648
10227,35
26039,80
26039,53
26039,18
42701,37
42701,9648
42702,36
42702,80
41212,99
26204,80
26204,9648
26204,53
5767,18
5767,10749
5767,35
42713,18
27277,37
27277,28
27277,80
9929,10751
9929,16
9929,12
9929,35
20873,12
20873,35
20873,80
29778,27
18193,35
18193,10402
22176,18
42623,35
42623,10749
42634,18
42634,10749
118872,18
50789,99
50789,10402
29266,36
29266,18
29266,10752
29266,10749
27983,35
5638,18
5638,35
36446,18
36446,10749
14801,878
14801,53
49397,37
42607,18
42607,10402
42607,10749
40430,878
38096,18
48831,10749
48831,35
48831,18
24152,35
1846,80
1846,9648
1846,18
21323,10749
21323,18
21323,80
5928,35
5928,18
29748,27
105627,35
105627,18
85255,18
85255,28
26525,35
31672,28
31672,80
31672,53
48408,35
48408,37
33205,18
70327,28
70327,12
70327,878
70327,10751
70327,14
2860,18
2860,10749
42589,35
42589,80
71943,18
71943,27
71943,53
31304,18
31304,10749
64828,35
64828,18
38222,14
38222,10749
38222,35
38222,18
26606,80
26606,18
36404,35
36404,18
42528,18
42528,10752
20848,28
20848,18
20848,10749
20848,35
20848,12
20848,10752
2998,18
31906,53
31906,18
31906,10752
31767,18
31767,36
31767,27
839,28
839,53
839,10770
25109,10770
25109,37
25109,35
36194,18
36194,10749
16328,10752
16328,18
42500,37
16154,27
16154,9648
16154,18
9394,28
9394,35
9394,37
74689,18
36850,35
36850,10749
38646,18
38646,10752
38646,36
84285,10752
84285,18
84285,28
18287,35
18287,37
5822,28
5822,80
5822,18
5822,53
13041,12
13041,18
13041,37
40732,18
40732,36
40732,37
122677,27
122677,878
121923,18
121923,878
18250,35
18250,27
33020,27
89417,35
12089,35
12089,9648
41471,18
41471,28
41471,12
17810,28
17810,18
17810,12
23148,18
23148,10402
80911,18
80911,10402
87417,35
87417,80
87417,53
11378,35
760,35
27331,80
27331,53
27331,18
27331,28
1410,35
1410,878
38729,18
86889,18
86889,27
86889,10770
86889,10749
31943,12
31943,18
31943,28
31943,53
29142,53
56764,18
56764,10770
9474,35
9474,37
27084,27
27084,878
27084,53
31596,27
59189,27
59189,878
38714,18
31587,18
22307,53
22307,27
22307,9648
62330,28
62330,18
62330,80
62330,10752
28498,35
28498,27
21964,28
21964,18
21035,18
21035,10749
25473,28
25473,80
25473,18
118121,18
32044,35
32044,18
62761,35
62761,27
62761,878
30702,18
25627,27
24402,18
24402,10749
5558,35
3043,27
36665,99
16246,28
16246,80
16246,18
16246,53
27977,35
42448,35
42448,18
42448,12
42449,99
42449,10752
8327,18
37627,878
37627,14
37627,10751
37627,10402
32940,27
32940,878
32940,53
31656,80
31656,18
31656,10749
29859,35
29859,80
29859,9648
5618,35
5618,10749
19174,28
19174,35
19174,80
9385,10751
9385,16
9385,35
9385,12
28209,18
28209,10749
1835,80
1835,9648
1835,53
70259,35
70259,80
70259,10749
10711,28
10711,80
10711,53
19740,12
19740,18
1829,18
1829,36
1829,10749
43430,10770
43430,35
43430,10749
32042,9648
32042,53
32042,80
9652,18
9652,9648
9652,53
38099,28
38099,18
47313,28
47313,80
5725,35
3870,18
3870,36
1660,35
1660,18
83864,18
133008,10752
133008,18
6476,35
6476,37
10640,28
10640,12
10640,878
10640,53
33324,99
48205,36
48205,18
46978,18
46978,10749
26842,12
26842,18
26842,28
26842,36
42252,37
42252,18
73100,18
73100,10749
73100,35
11558,35
11558,80
11558,10749
11558,53
11558,28
5651,35
43751,18
43751,27
43751,53
14336,35
14336,18
14336,10402
18775,27
18775,878
12535,35
12535,9648
12535,53
1421,18
1421,35
1421,10749
62847,35
62847,80
62847,9648
77360,18
12637,10749
12637,18
12637,10402
54140,18
54140,35
38985,53
38985,12
38985,18
61280,18
61280,10749
16378,35
16378,10402
16378,10770
72412,28
11935,18
11935,28
11935,53
11935,878
13481,28
13481,18
13481,9648
24998,99
13514,28
13514,18
113777,35
156235,18
156235,10749
98851,27
98851,878
29107,27
45691,35
11537,28
11537,35
45695,35
45695,18
42165,99
33701,35
38438,35
38438,80
10654,10402
10654,18
10654,35
25264,53
25264,80
25264,9648
19827,28
19827,12
19827,35
19827,9648
18966,10749
18966,35
18966,27
30636,18
33665,18
45169,878
15717,35
15717,18
15717,10402
54663,35
54663,10749
179798,53
179798,28
179798,80
114516,99
114516,36
114516,10752
47542,10749
47542,10751
47542,16
47542,18
86295,28
86295,12
23615,28
23615,18
23615,10749
23615,10770
13633,80
13633,18
13633,53
14087,16
14087,18
14087,10752
14087,36
6341,18
6341,28
6341,53
27679,12
27679,35
27679,80
27679,28
7012,878
7012,18
7012,10770
20545,35
20545,80
23096,35
15251,35
17435,12
17435,18
78177,18
78177,10749
11948,18
11948,36
11948,10752
15716,35
15716,10402
15716,10749
15716,12
32689,80
32689,18
32689,35
32689,10749
21356,12
21356,16
21356,14
42115,18
42115,10751
232,80
232,18
232,10749
42116,18
42116,10749
30707,18
12633,18
12633,53
19258,28
19258,35
22998,35
22998,18
22998,10752
15301,27
15301,14
15301,878
29140,53
29140,9648
28054,18
28054,10402
28054,53
11609,35
11609,12
9041,9648
9041,18
9041,80
31939,18
31939,10749
63418,18
63418,10749
42086,10749
42086,35
42086,18
48677,12
48677,28
48677,10751
30278,35
46088,18
46088,53
19596,35
19596,878
19596,10402
19621,18
19621,53
19621,80
10179,878
10179,28
10179,12
10179,35
47874,35
47874,18
47874,10749
108241,18
108241,35
27102,18
27102,10749
47359,18
47359,10749
27414,53
27414,27
33138,99
25425,28
25425,35
8221,35
8221,18
8868,35
8868,16
8868,10751
8868,12
29903,12
29903,14
92802,35
54407,35
54407,18
54407,10749
41243,35
41243,10749
41243,878
12615,18
12615,10770
14029,27
40929,35
40929,18
40929,10749
67342,28
67342,35
67342,27
9056,28
9056,80
9056,35
27064,18
51878,28
62429,16
62429,10751
10176,18
10176,878
10176,53
9080,35
9080,12
18502,27
18502,878
18502,35
31600,28
31600,53
41205,18
41205,10752
30069,18
30069,10749
16082,18
16082,53
14670,18
14670,10402
9318,10751
9318,16
9318,12
9318,35
30653,35
26555,35
26555,18
26555,10749
47340,27
47340,878
47340,28
10570,35
42021,35
42021,18
65326,35
65326,18
65326,10749
24657,18
53157,10770
53157,28
53157,18
41480,99
36677,878
36677,28
36677,12
36677,10749
11471,28
11471,80
11471,18
21733,28
21733,35
21733,10749
22572,28
22572,35
22572,878
4043,18
4043,10749
4043,53
4043,35
27342,28
27342,53
2172,12
8852,27
30421,14
30421,28
60631,53
60631,80
60631,18
96333,18
49815,18
18305,28
18305,80
18305,53
92663,18
92663,36
92663,14
26369,27
26369,35
26369,12
26369,10749
26369,28
11513,12
11513,18
40844,99
49314,18
41959,27
41959,53
41959,9648
41959,80
16296,35
16296,27
16296,878
13192,14
13192,10402
18917,16
18917,14
18917,12
116345,18
48309,80
48309,27
48309,53
48309,18
93457,18
41967,35
41967,27
47795,18
4271,35
41949,18
16859,16
16859,10751
16859,14
38695,80
38695,18
41939,18
85556,18
85556,10749
26936,80
26936,35
26936,18
25943,35
71373,9648
71373,53
71373,27
9768,35
9768,10749
11909,28
11909,80
11909,53
11909,10752
60778,28
60778,35
27274,35
27274,27
27274,878
110838,18
10485,35
10485,10751
10485,14
9569,28
9569,18
9569,80
9569,53
22189,18
22189,10749
71805,12
71805,10751
7975,35
7975,80
7975,18
7975,10749
41821,18
21344,18
21344,80
21344,36
9399,28
31597,28
31597,53
31597,80
31597,9648
30017,80
30017,18
11131,35
11131,80
21168,18
21168,53
21168,27
59058,35
59058,18
1662,18
1662,80
1662,53
6444,35
6444,18
71642,10752
71642,18
31923,35
31923,18
20562,99
18311,80
18311,18
18311,10749
48448,18
1483,14
1483,27
28553,18
58648,18
58648,53
36337,80
25330,35
25330,18
22423,18
22423,53
4539,99
22828,18
22828,80
22828,9648
22828,53
12776,35
31696,9648
31696,53
31696,80
17467,28
17467,80
17467,35
17467,53
36351,18
36351,80
47252,35
47252,80
34376,14
34376,35
34376,878
34376,10749
39233,35
39233,18
39233,10749
6463,35
6463,18
6463,10749
14362,28
14362,80
14362,18
14362,53
5048,18
5048,14
9588,37
41792,12
41792,18
41792,35
25674,18
25674,10749
21338,28
21338,80
21338,53
21338,18
123778,18
123778,12
94666,35
94666,18
94666,10749
41804,18
41804,36
41804,10402
41804,10749
147164,36
147164,18
23438,18
23438,10751
97044,99
97044,80
13995,28
13995,12
13995,878
13995,10752
11198,28
11198,12
11198,35
11198,10749
41678,35
41678,18
186809,18
19143,35
19143,18
27381,35
27381,27
27381,80
27381,28
27381,10749
45145,35
45145,10749
11621,10751
11621,35
11621,16
11621,12
11621,14
11621,10752
47714,18
19087,35
19087,10751
19087,10749
40082,18
40082,10402
36288,80
36288,18
38143,35
38143,18
31962,18
31962,10749
31962,53
31962,10752
22590,28
22590,12
22590,18
22590,10751
41777,35
48150,18
48150,10749
41778,99
41778,36
40213,28
40213,53
83761,18
83761,12
34683,35
34683,18
5051,18
5051,36
27678,35
27678,18
27678,10770
83599,35
83599,18
83599,10749
251732,35
251732,18
17811,28
17811,35
12088,28
12088,53
12088,878
96712,18
96712,10752
96712,36
48706,12
48706,28
48706,35
47105,10402
47105,99
30366,35
30366,12
30366,10402
19371,10751
19371,35
41661,10749
41661,35
35610,878
35610,28
35610,12
12664,35
12664,18
7500,28
7500,80
7500,53
20339,35
11143,28
11143,35
11143,18
11143,53
5187,35
5187,18
5187,10749
32764,18
26877,28
26877,80
26877,53
8983,16
8983,9648
8983,53
8983,27
8983,14
17796,35
17796,878
17796,27
63097,80
63097,18
17809,28
271304,35
271304,10749
11067,35
10486,10751
10486,35
10486,10749
58416,35
58416,10749
19223,9648
19223,53
19223,80
19223,18
54804,35
18674,18
18674,28
18674,53
57221,27
57221,35
26830,28
26830,80
26830,53
26830,18
30718,12
30718,9648
30718,53
30718,37
37797,16
37797,18
37797,10751
37062,9648
37062,18
37062,53
37062,27
18665,28
18665,35
18665,80
18665,53
21846,99
21846,36
21846,10752
16233,35
16233,18
16233,10749
16233,28
16233,14
16233,27
16233,9648
13063,35
13063,37
13063,53
63054,99
16003,53
16003,80
16003,9648
8214,35
8214,18
30330,35
30330,18
30330,10770
29927,18
29927,10752
48709,10749
48709,35
48709,18
37431,28
37431,80
37431,53
2061,28
2061,80
2061,18
148478,18
55902,53
55902,18
74097,35
16992,18
16992,10749
9956,18
36702,18
36702,10402
134458,28
134458,53
26124,80
26124,18
26124,53
18415,18
18415,35
17629,28
17629,53
116008,35
116008,18
37517,80
37517,18
37673,18
37673,36
37673,10402
26103,28
26103,80
26103,53
44641,18
44641,12
8765,878
8765,53
8765,28
8765,18
9845,28
9845,53
36221,80
36221,18
36221,35
64559,35
64559,80
64559,53
28123,53
35638,99
5470,12
5470,14
5470,28
5470,27
10213,37
10213,27
10213,53
19846,80
19846,9648
19846,18
50008,18
50008,36
50008,10770
35016,35
35016,10749
44625,18
44625,27
44625,9648
44625,53
36282,28
36282,53
36282,80
36282,35
14533,10749
14533,18
9812,53
9812,28
9812,35
9812,80
9812,18
9812,9648
41992,14
41992,18
41992,10751
41992,12
41992,28
88421,18
8697,12
8697,28
8697,35
8697,53
22140,9648
22140,14
22140,27
22140,35
22140,18
21039,18
21039,36
21039,53
19850,10770
19850,18
19850,35
344,80
344,28
344,35
14439,35
14439,18
14439,10752
14439,10770
41227,99
13428,35
13428,80
13428,53
67899,18
67899,28
67899,35
67899,80
36105,18
36105,10749
47186,18
50173,27
50173,18
46817,9648
46817,18
45935,18
47060,18
47060,10749
47060,878
84002,35
84002,18
2487,28
2487,80
2487,18
38821,18
38821,80
17985,18
17985,80
54860,28
54860,53
9597,14
9597,28
9597,53
9597,80
9597,878
9597,9648
21644,18
45758,28
45758,35
45758,80
49745,27
49745,9648
49745,53
62825,35
62825,10402
18491,16
18491,878
18491,18
18491,14
175739,18
175739,36
13777,35
11854,10749
11854,18
11854,35
87489,99
87489,27
33491,35
33491,18
33491,10749
12619,27
12619,9648
12619,53
39927,35
39927,80
24272,10751
3716,12
3716,35
3716,10749
21348,14
21348,12
21348,16
21348,10751
15319,18
9011,27
9011,14
9011,53
2332,28
2332,35
2332,12
2332,80
54003,53
54003,28
54003,18
54003,80
20882,35
10205,27
10205,53
40476,18
40476,10749
18394,80
18394,53
31774,35
31774,53
31774,9648
31774,10749
35735,18
38203,18
38203,35
38203,10770
19362,10402
19362,99
31161,35
31161,80
31161,10749
65296,18
65296,9648
32067,18
32067,28
32067,35
32067,53
32067,10749
32306,35
66668,35
66668,10749
72490,9648
72490,18
72490,53
10482,35
107942,18
28031,10749
28031,18
54491,10751
54491,16
43423,18
12480,18
12480,10749
12480,35
13439,18
13439,36
844,18
844,878
844,10749
29512,53
29512,27
29512,9648
20617,18
20617,36
20617,53
101338,18
23985,14
23985,27
23985,37
2463,18
2463,28
2463,53
2463,80
16874,35
274669,53
274669,80
274669,28
32166,27
32166,9648
32166,53
38987,9648
38987,878
38987,53
9439,53
9439,9648
9439,27
9439,18
52666,18
52666,80
71138,80
71138,53
71138,28
39872,28
39872,80
39872,18
53048,35
53048,18
22616,35
22616,27
20160,18
20160,10749
28943,18
28943,28
28943,80
82550,18
11599,18
11599,10749
33253,35
33253,80
33253,53
11075,27
11075,18
33355,18
33355,10770
49671,36
49671,99
15917,18
15917,10749
10706,27
10706,878
10706,53
36246,35
36246,80
36246,9648
36246,53
17208,99
17208,80
26245,10770
26245,27
62529,99
467,80
467,18
467,27
467,53
73952,53
73952,28
73952,9648
19738,16
19738,14
19738,28
19738,10749
16435,35
16435,10749
26014,35
26014,10749
45418,18
45418,35
45418,10749
11366,9648
11366,14
11366,27
89823,35
89823,18
10751,28
10751,35
10751,80
10751,53
38294,35
38294,18
18836,18
18836,80
10757,35
10757,18
55256,18
55256,10749
23160,18
2899,10751
2899,14
2899,35
2899,12
44756,16
44756,35
44756,10770
18088,35
18088,10749
31010,18
31010,36
31010,10752
31010,10770
20536,10770
20536,18
20536,36
3577,18
3577,53
27259,27
27259,53
19448,80
19448,18
19448,10770
14923,35
2440,18
2440,53
2440,28
10836,14
10836,27
10836,53
10955,80
10955,53
37998,18
37998,27
37998,53
10978,35
10978,18
81540,35
81540,18
81540,10749
81540,878
40096,35
40096,18
40096,14
40096,10749
11847,28
11847,35
11847,53
52999,9648
52999,18
52999,80
41714,18
11056,27
27967,18
919,16
919,14
919,27
55852,99
211,35
211,18
10046,37
6382,35
36243,28
36243,12
36243,27
36243,14
36243,878
45538,99
22242,80
22242,35
22242,18
22242,53
16077,27
11553,18
11553,10749
29832,35
10726,27
10726,53
57100,9648
57100,27
44793,18
44793,10749
35110,28
35110,878
9298,35
13899,80
13899,18
13899,35
437,53
437,878
437,9648
38901,35
38901,18
37712,80
37712,28
14809,35
14809,80
14809,28
27324,27
27324,53
27324,9648
33625,28
33625,80
33625,18
33625,9648
33625,53
35583,36
35583,18
35583,10752
35583,10770
35848,80
35848,18
35848,9648
4592,35
4592,10749
9025,18
9025,35
2111,18
14752,18
14752,10749
11178,18
11178,35
11178,10749
10943,27
10943,53
125842,18
125842,10770
100973,18
100973,53
100973,80
100973,9648
23305,12
23305,18
21707,28
21707,35
10981,35
10981,14
10981,878
10918,35
10918,10749
30839,35
4612,28
4612,878
36222,28
36222,35
36222,878
36222,80
33068,99
13984,35
13984,10402
16184,35
16184,18
16184,27
53244,35
53244,18
14868,35
36353,18
36353,9648
36353,53
11427,9648
11427,27
11427,53
18072,18
4689,28
4689,18
4689,53
16209,28
16209,35
16209,27
45379,28
45379,35
45379,10749
8441,18
8441,80
8441,53
12720,18
12720,27
12720,53
21041,28
21041,53
5552,18
5552,28
5552,878
8325,18
8325,10749
10077,53
10077,878
10077,12
10077,28
31076,35
31076,18
28730,18
28730,10752
28730,10770
40432,10751
40432,35
40432,18
26955,18
26955,10749
23986,18
23986,14
4326,35
4326,18
16132,10749
16132,18
16132,36
36730,18
36730,9648
36730,10770
55496,35
20164,18
20164,35
20164,80
38970,18
38970,35
38970,10749
32526,10770
32526,18
32526,10749
32526,80
15271,35
45572,28
45572,35
45572,878
22076,878
22076,28
22076,12
16973,18
16973,27
16973,10749
16973,53
55931,16
55931,878
12703,18
46814,18
46814,10751
9282,53
9282,35
9282,80
5844,28
5844,878
5844,27
61485,18
61485,10749
25334,18
12540,35
60672,28
60672,53
60672,80
24241,18
24241,36
24241,10752
24241,37
24241,10770
11556,18
11556,28
11556,35
11556,53
49007,18
49007,10770
11197,18
27079,18
3177,28
3177,53
11774,12
11774,35
11774,10751
10855,28
10855,18
10855,53
16765,99
4972,35
54764,35
120360,99
20162,18
20162,10749
2841,18
2841,10749
2841,10752
11606,18
11606,28
11606,53
189332,53
189332,18
363,18
363,10749
12140,16
12140,18
12140,878
4254,35
4254,18
4254,10749
15370,12
15370,14
15370,16
15370,18
15370,10751
16635,10749
16635,18
23520,28
23520,53
1418,10749
1418,18
15990,878
15990,16
11492,18
11492,80
12496,18
12496,10749
17457,28
17457,35
17457,27
22618,18
22618,35
29987,18
29987,10749
10361,18
10361,27
10361,14
10361,53
41070,27
41070,28
41070,12
14527,28
32276,99
32276,36
100594,28
100594,27
100594,878
100594,37
100594,10752
14455,28
14455,18
14455,36
24092,35
24092,18
24092,53
24092,27
20357,18
20357,9648
20357,53
20357,27
21200,18
21200,10749
40876,18
40876,10749
95536,18
95536,36
11838,27
670,18
670,53
670,9648
670,28
25500,53
25500,9648
25500,80
85873,27
85873,9648
85873,878
12583,27
12583,18
12583,37
12583,14
12583,53
21513,27
21513,28
21513,53
21513,878
21513,18
14190,35
14190,80
14190,18
49681,18
49681,35
9694,27
9694,9648
9694,14
12802,35
12802,18
12802,10749
22537,28
22537,16
22537,12
22537,14
9667,18
9667,9648
9667,878
9667,53
9667,14
13373,35
13373,80
13373,18
13373,10751
37209,35
37209,18
37209,10402
10304,12
10304,27
10304,28
10304,878
40823,35
40823,18
40823,10749
40823,80
9666,27
9666,53
13371,35
11049,16
11049,878
11049,10402
11049,12
9316,28
9316,80
11647,28
11647,53
11647,80
1913,18
45693,10749
45693,35
45693,10770
2539,18
2539,35
15177,35
15177,18
15177,10749
14770,99
14770,36
14770,10402
5528,18
10105,10752
10105,18
10105,28
10105,12
10105,36
1114,99
1114,18
179,80
179,53
83,27
83,53
12653,28
12653,27
32233,28
32233,80
32233,18
32233,53
55177,35
55177,10749
14310,80
14310,18
14310,28
24860,80
24860,53
24860,28
26766,99
24747,18
4836,18
4836,53
4836,80
18711,35
18711,18
18711,9648
18711,53
11190,18
37918,99
11866,28
11866,12
11866,18
12281,80
12281,18
10320,18
10320,27
10320,53
16427,35
16427,9648
30973,18
12086,18
11420,99
57337,99
81792,18
81792,10749
3396,35
3396,99
1404,18
1404,10749
62276,80
62276,18
464,10749
464,18
464,35
464,10402
40974,18
40974,10749
59196,99
20912,35
20912,18
5889,12
5889,18
5889,28
5889,53
5889,10749
1126,18
1126,9648
1126,53
11658,28
11658,12
11658,18
11658,36
11658,10752
20544,10770
20544,18
11401,99
11401,10402
19423,35
19423,10749
31781,80
31781,18
31781,10770
9483,35
9483,18
9483,10402
1392,99
1843,99
1843,10402
33102,28
33102,35
33102,878
33102,18
291,99
88138,18
28105,99
51363,18
51363,53
51363,10749
16843,27
16843,53
4896,35
4896,18
8357,99
8357,35
8357,18
3509,16
3509,878
3509,53
11662,18
11662,27
11662,878
10103,35
10103,10749
10103,18
33150,99
13372,99
36678,99
21754,99
23319,35
41171,18
41171,10749
23592,10752
47614,18
47614,10749
986,35
986,18
986,36
986,10752
70,18
31713,53
31713,80
32041,10752
55309,18
38724,18
38724,10749
12487,27
12487,35
12487,80
12487,53
12487,9648
56616,18
205,18
205,36
205,10752
150523,18
150523,10752
46761,35
46761,18
46761,53
46761,10749
43872,35
43872,10402
43872,10749
5183,12
5183,35
28055,27
28055,53
28055,9648
12597,27
12597,53
118,12
118,35
118,10751
118,14
113213,18
113213,9648
113213,53
1280,18
1280,10749
1280,80
88288,35
421,12
421,35
421,18
2567,18
9833,53
9833,18
9833,10749
6478,18
6478,10402
9692,18
9692,80
1901,35
1901,18
1901,10749
693,35
693,10749
842,18
842,36
842,53
842,80
9953,18
11162,18
11162,10749
54291,18
54291,10749
57564,18
57564,80
15401,28
15401,12
15401,36
14604,35
14604,27
26275,35
15045,35
15045,10751
15045,14
42420,18
1853,99
11804,18
11804,27
11804,53
19803,35
19803,28
11354,35
11354,18
41613,18
41613,28
61049,28
61049,37
41384,10402
41384,99
14677,37
61988,12
61988,10749
61988,18
46021,10749
46021,18
40881,35
40881,18
40881,10749
40881,53
147747,18
147747,9648
47876,35
47876,10749
43150,35
43150,10751
66600,35
66600,10749
64334,18
75976,99
43442,10751
43442,18
25033,27
25033,53
21259,18
21259,878
33766,18
33766,53
220690,18
22301,18
22301,10752
22301,28
21030,35
79008,35
120328,35
120328,18
120328,53
95466,18
26426,80
26426,9648
26426,53
18627,12
18627,10751
18627,878
39472,35
39472,10749
34326,18
34326,80
10630,18
18927,28
18927,80
18927,18
42257,18
42257,10749
59143,80
59143,18
74122,18
74122,10749
58097,10752
58097,18
58097,36
25350,35
25350,18
16442,10752
16442,18
7229,35
7229,80
12576,18
12576,27
12576,53
12576,10752
42223,18
42223,35
20719,35
20719,18
16220,16
16220,14
16220,878
23832,35
23832,12
54794,18
54794,35
33475,27
33475,35
33475,878
33472,35
33472,878
33477,35
33477,27
33477,9648
10609,18
10609,35
10609,10749
2091,80
2091,53
11633,16
11633,28
11633,878
35031,35
35031,18
12127,12
12127,10751
11626,10751
36430,28
36430,53
9947,28
9947,14
9947,12
6439,35
6439,10751
7214,18
7214,36
43504,18
43504,36
43504,10752
24749,878
17657,28
17657,12
17657,53
32546,18
42390,18
26488,35
26488,18
61477,18
61477,10749
27429,27
27429,878
19610,18
19610,10402
19610,10749
27549,28
27549,12
27549,14
27549,878
43892,35
8422,18
8422,10749
989,18
43779,35
43779,10749
43779,18
49696,18
49696,35
49696,10749
34778,35
34778,10749
25970,10749
25970,14
25970,35
100894,80
100894,18
44463,18
39504,18
14883,18
11423,80
11423,18
11423,53
10694,12
10694,35
10694,28
10694,80
16410,35
16410,18
16410,10749
342,35
342,18
613,18
613,36
613,10752
273,18
8978,53
8978,28
8978,12
8978,80
11637,10751
11637,12
11637,35
11637,10749
12142,28
12142,14
12142,27
11096,27
11096,9648
22559,99
8968,53
8968,27
8968,18
8968,9648
6961,10749
6961,35
31165,18
2517,18
11413,28
11413,35
24962,12
24962,14
24962,18
24962,10751
17978,18
42729,80
42729,18
42729,27
42729,9648
22383,37
22383,12
22383,28
43801,35
43801,10749
41851,18
41851,10770
661,18
10310,18
10310,10749
36851,12
36851,18
36851,10752
147882,12
147882,28
27007,99
29259,18
29259,53
29259,80
53200,10752
53200,99
55624,99
2436,28
2436,12
2436,35
2436,14
2436,878
20196,10751
20196,14
20196,878
20196,12
61144,35
61144,18
61144,10749
6317,18
6317,10752
68822,18
68822,80
68822,10749
27430,80
27430,53
43141,35
43141,10749
135473,18
135473,10749
135473,35
135473,9648
41968,12
34090,18
34090,80
34090,10749
34561,10752
34561,18
34561,36
45174,35
45174,18
45174,10749
16638,28
16638,18
16638,36
16638,10749
16638,10752
118075,18
118075,10749
42011,35
42011,80
7454,27
7454,9648
7454,18
70498,35
70498,18
70498,10749
63617,12
63617,28
63617,10749
23132,53
23132,28
23132,18
68348,99
37198,12
37198,53
37198,18
4935,14
4935,16
4935,12
8953,16
8953,14
8953,878
10951,12
10951,28
10951,35
10951,10749
42845,28
193704,35
193704,18
41569,99
41569,10402
8488,35
8488,18
8488,10749
13682,10751
13682,16
13682,35
13682,14
12228,99
32588,35
32588,10751
32588,18
57825,18
57825,35
57825,10749
561,14
561,28
561,27
10214,14
10214,35
10214,10751
10214,12
17880,10751
17880,35
17880,18
8340,18
6414,18
27202,35
1942,9648
1942,53
61574,18
61574,10751
61574,10749
21433,35
21433,10749
52778,18
52778,10749
19119,18
19119,80
18279,18
10636,18
123452,18
3040,14
3040,28
3040,53
18538,35
18538,18
18538,10749
18538,53
41475,99
44875,35
44875,14
44875,9648
43128,35
42641,18
42641,10749
39179,99
13498,35
13498,28
29993,10749
29993,18
29993,36
9470,28
9470,35
9470,80
9470,14
36867,80
36867,35
36867,53
36867,28
30698,18
30698,14
30698,878
30698,10770
12721,28
12721,35
12721,80
12721,18
27042,16
27042,878
27042,35
37232,12
37232,18
19765,18
19765,10749
37527,27
37527,35
43492,18
29578,9648
29578,53
2926,28
2926,12
2926,10749
54302,12
54302,35
54302,10749
4710,18
4710,10749
26243,80
26243,9648
26243,18
26243,10749
10568,12
10568,18
10568,10752
10568,36
205061,99
52943,18
52943,27
25103,14
25103,27
25103,9648
5204,35
5204,80
5204,18
5204,53
89065,18
4974,18
4974,10749
30331,18
30331,80
258,35
258,18
258,10749
8016,18
37601,27
4235,80
4235,18
31532,35
31532,10749
34614,18
51177,35
51177,10749
51177,18
51177,10751
16186,18
16186,10749
16186,35
10012,27
10012,35
65967,35
65967,18
281189,27
10022,35
10022,10751
10022,28
4551,35
4551,80
30856,99
30856,36
30856,10752
26,18
2026,28
2026,53
2026,80
9928,16
9928,35
9928,10751
9928,878
29735,80
29735,53
76264,18
15771,18
15771,80
15771,36
76804,35
76804,27
76804,9648
43912,18
43912,10751
82432,35
82432,18
82432,10749
3115,878
3115,28
3115,14
6593,28
6593,12
6593,18
6593,878
116698,18
63115,18
63115,53
76403,27
76403,53
76403,878
76403,28
87169,18
34093,18
34093,10749
38148,35
38148,14
77041,80
77041,18
167087,18
167087,9648
167087,53
34196,12
34196,35
34196,14
54380,18
54380,36
15443,35
36815,18
36815,36
111017,18
111017,10749
37598,37
37598,35
40957,35
40957,10749
33539,16
33539,10751
33539,12
41749,35
41749,10402
41749,878
88930,35
88930,10749
31835,35
31835,10749
60966,10402
60966,35
60966,10749
85926,10749
85926,18
1918,18
20511,80
20511,18
20511,53
133382,18
133382,10402
133382,10770
22377,10752
22377,18
1093,80
1093,18
1093,53
45212,18
45212,10749
45212,35
12622,80
12622,53
25283,35
25283,18
18047,18
18047,10770
15018,28
15018,53
15018,80
15018,27
438,9648
438,878
438,53
57953,99
64022,14
64022,10751
42222,18
42222,10749
42222,53
11297,35
11297,878
11297,80
11196,28
11196,35
33431,10749
33431,18
33431,53
18770,10752
18770,18
37988,80
37988,28
40916,35
40916,10749
40916,10402
42837,10402
42837,80
1589,10749
1589,35
1589,10402
13374,10751
13374,18
13374,35
9688,35
9688,18
9688,10749
228890,18
10040,28
10040,35
11638,35
11638,10749
540,28
540,35
540,10749
77120,99
48463,35
48463,12
48463,27
45218,18
45218,10749
44540,18
44540,10751
21666,10749
21666,18
21666,10752
23916,28
23916,18
52277,18
52277,35
32208,18
32208,80
32208,35
44634,18
84298,18
76499,10749
76499,37
76499,18
43865,18
43865,10749
48598,18
48598,10749
72847,53
72847,18
72847,9648
93313,18
93313,10749
32078,53
32078,80
26038,80
26038,18
45694,18
43029,35
43029,10749
42622,14
42622,10749
42622,10751
27495,27
27495,9648
27495,53
19884,28
19884,18
47007,80
47007,18
37748,35
37748,28
37748,37
52302,27
52302,878
52302,53
52302,18
52302,9648
52302,14
39327,18
86458,28
22434,28
22434,35
12778,35
42106,18
42106,10749
42106,10402
16198,16
16198,35
16198,10751
158,35
158,80
158,28
158,18
1772,18
5996,35
5996,80
53939,18
19665,18
19665,10770
36006,35
73604,35
16301,99
16301,10402
47002,18
47002,10749
14573,878
14573,28
14573,18
14573,53
18774,18
44154,28
44154,12
44154,14
28448,18
28448,36
28448,37
38155,14
38155,28
38155,12
38155,35
34282,80
34282,18
27030,18
27030,10749
120129,18
22595,35
19545,878
19545,28
21131,16
21131,35
21131,18
47237,18
47237,35
17592,99
17113,18
187,80
187,53
14177,35
14177,10749
11399,35
11399,18
23638,99
7364,28
7364,12
7364,35
7364,18
7364,9648
11431,10749
11431,35
52796,18
45824,18
45824,10751
27271,28
27271,18
51945,35
51945,10749
51104,28
51104,12
51104,18
51104,53
16551,35
26332,80
26332,18
26332,9648
24964,10402
24964,99
42229,18
42229,10749
45220,18
45220,10752
52663,35
52663,18
49565,16
49565,18
49565,14
2029,35
44181,35
24619,53
70926,18
37214,28
37214,18
37214,10752
37214,36
26774,27
31944,18
31944,35
31944,10749
85673,28
85673,53
62637,18
94794,18
50435,18
50435,10749
42617,36
42617,18
42617,10752
13524,18
13524,36
13524,10752
31219,80
31219,18
19971,18
19971,9648
19971,53
47406,12
47406,14
49225,18
49225,35
42691,18
9674,27
9674,53
9674,18
3875,18
3875,10752
24182,35
38770,35
74948,18
14689,18
14689,12
14689,10749
14689,36
69321,35
69321,80
69321,9648
69321,53
31321,35
31321,18
26638,18
37512,35
37512,18
9653,18
9653,10749
42637,18
19673,878
19673,12
19673,35
14842,28
14842,10770
27883,18
41115,18
32085,16
32085,14
43824,18
43824,10749
41954,10752
41954,99
54156,18
54156,10749
39225,35
39225,10749
39225,10751
30204,35
30204,10749
40633,10402
40633,18
40633,10749
4595,35
26182,35
26182,10402
42260,18
31442,18
31442,10752
775,12
775,878
775,14
36971,35
36971,18
50183,18
50183,10752
7342,27
7342,18
7342,10770
45267,35
45267,10749
9636,53
9636,28
36984,27
48580,18
48580,10752
48580,35
36843,35
36843,18
18871,18
18871,9648
18871,53
69069,80
69069,18
69069,36
45713,18
45713,10749
104193,80
104193,18
64167,18
124083,18
68528,35
68528,18
68528,36
185987,18
185987,36
40177,35
39851,18
45161,35
84084,18
84087,18
84087,10749
7453,12
7453,35
7453,878
6183,10749
6183,35
6183,18
8220,35
8220,18
35170,28
35170,18
20187,28
20187,12
20187,18
38151,35
38151,10749
20628,28
20628,35
20628,37
43003,99
16250,18
16250,10749
16250,37
16250,10751
16250,10770
10065,27
30863,16
30863,35
30863,878
49920,18
49920,10751
31065,18
31065,10752
31065,36
31065,10770
37992,9648
37992,53
37992,80
32850,53
68883,18
68883,14
68883,10749
68883,9648
43379,35
43379,14
43379,18
9393,18
16972,12
16972,35
16972,37
16972,18
21325,18
21325,27
21325,36
21325,28
13409,80
13409,28
13409,18
14287,99
24363,35
24363,18
13073,35
13073,18
35384,35
35384,10751
113178,35
113178,10749
8976,35
8976,18
8976,10749
27360,35
27360,80
29078,18
38717,12
38717,28
38717,18
13020,99
11679,28
11679,12
11679,80
11679,53
25007,35
1495,18
1495,28
1495,12
1495,36
1495,10752
10066,9648
10066,27
10066,53
1640,18
67445,35
11171,18
14750,35
14750,10749
43260,37
43260,18
11799,12
11799,35
11799,10749
11799,37
53116,18
53116,10749
53116,53
83995,18
42626,18
42626,36
42626,10402
43881,18
43881,10749
43881,10402
46594,18
43344,18
43344,53
26614,18
26614,80
133750,18
16902,18
16902,36
16902,10749
41131,18
41131,10752
31414,18
40730,35
40730,18
40730,14
15318,35
15318,18
15318,14
13384,18
48993,18
48993,10751
9463,16
9463,14
9463,27
13163,35
13163,10749
26810,18
20625,35
20625,10402
1566,18
1566,36
1566,10752
21997,10770
21997,53
21997,18
21997,36
21997,10749
30624,53
30624,18
30624,10749
44658,35
44658,18
44658,10749
27233,18
27233,80
41386,10402
41386,99
24078,18
43271,35
43271,9648
43271,10749
26541,53
26541,18
63066,35
63066,18
37720,18
37720,36
18050,18
155325,18
31819,35
31819,12
14672,35
11628,35
11628,18
11628,10749
10913,35
10913,80
10913,18
10913,10749
11605,9648
11605,53
16976,80
16976,35
16976,18
16976,12
38643,99
10027,28
10027,80
43429,18
19413,35
19413,18
11139,35
11139,18
11139,14
10837,12
10837,16
10837,10751
10837,35
10837,14
32610,35
32610,10402
1279,18
1895,12
1895,28
1895,878
9981,10751
9981,35
4379,10749
4379,35
31200,18
31200,9648
31200,53
37215,14
37215,10749
37215,18
56946,18
56946,35
56946,10749
11019,99
28423,35
28423,27
28423,878
14694,12
14694,18
20271,35
20271,80
29872,10402
29872,35
29872,10749
85014,28
85014,35
85014,14
85014,53
34856,28
34856,53
27,18
27,10402
27,10749
16373,9648
16373,27
16373,14
16373,10749
25649,18
25649,53
25649,10749
19398,18
19398,35
100605,36
100605,10752
100605,28
43506,28
43506,18
43506,10752
953,10751
953,16
953,12
953,35
16605,18
16605,10749
42268,18
42268,28
42268,35
42268,80
13064,28
13064,12
13064,35
14358,99
14358,10751
26825,99
12700,27
9291,18
9291,35
9291,80
19316,35
19316,10749
19316,18
34309,28
34309,53
921,10749
921,18
921,36
9779,18
9779,35
9779,10749
9787,18
16932,35
16932,10749
23825,28
23825,99
23825,10402
787,28
787,35
787,18
787,53
14199,12
14199,10751
14199,878
10226,27
10226,53
10226,9648
21295,35
20651,10749
20651,18
56321,18
56321,35
56321,14
9528,18
9528,10749
12109,18
12109,35
12109,10402
13935,18
13935,10752
13935,10770
20941,18
20941,10752
18289,28
18289,27
18289,14
18289,878
43471,18
43471,10749
3011,35
13589,35
11620,18
11620,36
11620,10749
43354,10749
43354,35
43354,18
272,18
272,80
272,28
5845,28
5845,27
5845,14
15767,28
15767,12
15767,878
15767,14
15767,53
44524,35
44524,18
44524,10749
15648,35
15648,18
15648,10751
15648,10749
9709,18
9709,10749
29080,18
29080,10749
10274,53
10274,80
10274,18
45881,10749
45881,18
25248,35
25248,18
11451,35
11451,10751
11451,12
11451,14
11451,10749
25312,18
25312,10749
11683,27
11683,878
11683,53
9722,35
9722,14
9722,10749
2287,99
18497,12
18497,18
18497,10402
47924,35
47924,99
43888,18
43888,10749
2994,28
2994,80
2994,53
76094,12
76094,18
76094,10749
1382,35
1382,18
9534,35
9534,53
