movie_id,person_id,role
862,7885,Original Music Composer
862,7885,Songs
8844,1729,Original Music Composer
15602,37,Original Music Composer
31357,224253,Original Music Composer
11862,37,Original Music Composer
949,5581,Original Music Composer
11860,491,Original Music Composer
11860,491,Songs
45325,21276,Original Music Composer
9091,4500,Original Music Composer
710,996,Original Music Composer
710,82426,Original Music Composer
710,33684,Original Music Composer
9087,9251,Original Music Composer
12110,53839,Music
12110,53839,Original Music Composer
21032,1729,Original Music Composer
10858,491,Original Music Composer
1408,4500,Original Music Composer
524,2612131,Music
4584,9152,Original Music Composer
5,3116,Original Music Composer
9273,43393,Original Music Composer
11517,9989,Original Music Composer
8012,6394,Original Music Composer
1710,19155,Original Music Composer
9691,9989,Original Music Composer
12665,1760,Original Music Composer
451,6111,Original Music Composer
451,982,Songs
16420,46863,Original Music Composer
9263,2120,Original Music Composer
17015,1073310,Original Music Composer
902,5628,Original Music Composer
37557,2028034,Original Music Composer
9909,34061,Original Music Composer
9909,34060,Original Music Composer
63,1020074,Original Music Composer
78802,5488,Original Music Composer
9598,58065,Original Music Composer
47018,10759,Original Music Composer
687,10364,Original Music Composer
139405,2289,Music
33689,3940508,Original Music Composer
33689,961175,Original Music Composer
9603,25143,Original Music Composer
34615,2289,Original Music Composer
31174,7020,Original Music Composer
11443,531,Original Music Composer
11443,531,Music
35196,1213,Original Music Composer
9312,9204,Original Music Composer
9312,10826,Songs
577,531,Original Music Composer
11861,153,Original Music Composer
807,117,Original Music Composer
10530,15813,Original Music Composer
10530,15813,Songs
10530,42910,Songs
8391,39827,Original Music Composer
629,9039,Original Music Composer
117164,1073555,Music
11448,20967,Original Music Composer
49133,59915,Original Music Composer
26441,14712,Original Music Composer
124057,17212,Original Music Composer
9089,4140,Original Music Composer
11010,66675,Original Music Composer
99040,1567889,Original Music Composer
11359,14712,Original Music Composer
17182,1213,Original Music Composer
2054,7714,Original Music Composer
10607,66134,Original Music Composer
19760,1123365,Music
19760,57263,Music
9536,57874,Original Music Composer
11525,43393,Original Music Composer
40628,1225,Original Music Composer
4482,2806818,Original Music Composer
10634,1654408,Original Music Composer
10634,2901356,Original Music Composer
10634,61654,Original Music Composer
755,5912,Original Music Composer
11859,9989,Original Music Composer
28387,132583,Original Music Composer
48750,578514,Original Music Composer
48750,19607,Original Music Composer
48750,10934,Original Music Composer
48750,1991956,Original Music Composer
48750,1086223,Original Music Composer
20927,4055,Original Music Composer
36929,3393,Original Music Composer
9102,17212,Music
27526,7066,Original Music Composer
9623,1213,Original Music Composer
400,4055,Original Music Composer
880,13502,Music
8447,55041,Original Music Composer
10534,59472,Original Music Composer
17414,63964,Original Music Composer
13997,11166,Original Music Composer
2086,12845,Original Music Composer
61548,21276,Music
9095,1528,Original Music Composer
12158,28156,Original Music Composer
9283,57124,Original Music Composer
9283,1488936,Music
9208,947,Original Music Composer
40154,151797,Original Music Composer
406,5429,Music
45549,27265,Original Music Composer
63076,21418,Original Music Composer
11062,1760,Original Music Composer
13685,5666,Original Music Composer
47475,63923,Original Music Composer
2045,19155,Original Music Composer
9614,5666,Original Music Composer
688,195,Original Music Composer
11907,4524,Original Music Composer
10874,947,Original Music Composer
10874,1785342,Songs
10874,2016242,Songs
96357,1557518,Original Music Composer
197,1729,Original Music Composer
103,1045,Original Music Composer
33542,46324,Original Music Composer
33542,28156,Original Music Composer
43566,117,Original Music Composer
71754,29453,Music
43612,20855,Original Music Composer
51352,24717,Music
16934,29486,Original Music Composer
10324,68188,Original Music Composer
10324,68189,Original Music Composer
78406,65256,Original Music Composer
55731,5912,Original Music Composer
32119,1055964,Original Music Composer
11066,63976,Original Music Composer
11104,12454,Original Music Composer
11104,68029,Original Music Composer
11104,1011224,Original Music Composer
37975,1259,Original Music Composer
2074,21276,Original Music Composer
27793,56006,Original Music Composer
44284,1604800,Music
110972,4055,Original Music Composer
32622,105669,Original Music Composer
73067,7182,Original Music Composer
11863,1729,Original Music Composer
9101,14712,Original Music Composer
5757,1200355,Music
39428,1978933,Original Music Composer
9302,153,Original Music Composer
9302,1234405,Songs
11000,60790,Original Music Composer
525153,1138218,Original Music Composer
16388,1482555,Original Music Composer
9737,9989,Original Music Composer
30765,11166,Original Music Composer
10474,5912,Original Music Composer
22279,39023,Original Music Composer
30157,91343,Music
30157,1521755,Music
568,1729,Original Music Composer
11780,1225,Original Music Composer
34996,39107,Original Music Composer
414,5581,Original Music Composer
1873,947,Original Music Composer
5894,6394,Music
5894,46402,Music
5894,46403,Music
1775,19746,Original Music Composer
1775,7182,Original Music Composer
20649,5287,Original Music Composer
10329,1760,Original Music Composer
8963,947,Original Music Composer
26564,140994,Music
8068,1242713,Original Music Composer
8068,1285211,Original Music Composer
8068,1233757,Original Music Composer
8068,1285208,Original Music Composer
8068,1285210,Original Music Composer
8512,7182,Original Music Composer
1572,7714,Original Music Composer
13552,113813,Original Music Composer
259209,1135,Original Music Composer
6520,1760,Original Music Composer
9073,7728,Original Music Composer
10428,7741,Original Music Composer
10428,220903,Original Music Composer
17447,21276,Original Music Composer
9886,2722,Original Music Composer
9886,5359,Original Music Composer
9482,37,Original Music Composer
19326,25143,Original Music Composer
9344,57394,Original Music Composer
9344,1529606,Original Music Composer
9071,56905,Original Music Composer
8973,7741,Original Music Composer
15730,939704,Original Music Composer
47608,1813161,Original Music Composer
2293,12939,Original Music Composer
9070,5912,Original Music Composer
68274,117,Original Music Composer
48787,58389,Original Music Composer
34574,32804,Original Music Composer
1642,4140,Original Music Composer
11472,947,Original Music Composer
36196,1181479,Original Music Composer
11980,56748,Original Music Composer
58372,21276,Original Music Composer
32646,556882,Original Music Composer
10533,2289,Original Music Composer
56088,9769,Music
10802,57124,Original Music Composer
10149,3562,Original Music Composer
18402,947,Original Music Composer
18402,2006060,Original Music Composer
9348,19155,Original Music Composer
139408,197815,Music
281,5912,Original Music Composer
5967,10934,Original Music Composer
5967,24882,Songs
5967,10934,Songs
79593,5912,Original Music Composer
47939,1531237,Original Music Composer
36834,22680,Original Music Composer
9090,3562,Original Music Composer
3512,7728,Original Music Composer
52856,153,Original Music Composer
77350,2245849,Original Music Composer
9560,2704,Original Music Composer
9804,1213,Original Music Composer
31611,117,Original Music Composer
65796,58099,Original Music Composer
49805,4140,Original Music Composer
26258,10494,Original Music Composer
50797,560802,Original Music Composer
76,577,Original Music Composer
11017,14712,Original Music Composer
37141,49044,Original Music Composer
9382,3393,Original Music Composer
6715,10771,Original Music Composer
18256,19711,Original Music Composer
22625,7714,Original Music Composer
1909,7714,Original Music Composer
1909,25211,Original Music Composer
1909,56683,Songs
8984,1259,Original Music Composer
61813,983104,Original Music Composer
4954,947,Original Music Composer
62488,82271,Original Music Composer
10531,1400,Original Music Composer
11929,531,Original Music Composer
8467,55165,Original Music Composer
10451,57053,Original Music Composer
20156,5359,Original Music Composer
18395,9152,Original Music Composer
18395,3184518,Songs
522,117,Original Music Composer
397,1213,Original Music Composer
10525,9251,Original Music Composer
27985,29056,Music
15789,1225,Original Music Composer
15789,2032410,Songs
15789,1731081,Songs
15789,2853179,Songs
15789,1880612,Songs
15789,5359716,Songs
27303,7020,Original Music Composer
21183,27181,Original Music Composer
47867,50239,Music
43475,2083680,Original Music Composer
72031,1341802,Original Music Composer
14275,3792727,Music
1024,11327,Original Music Composer
17207,4500,Original Music Composer
14819,66941,Original Music Composer
32631,2165593,Original Music Composer
11777,1760,Original Music Composer
628,5581,Original Music Composer
87729,54449,Original Music Composer
18713,12939,Original Music Composer
6280,1213,Original Music Composer
9061,1213,Original Music Composer
37108,66941,Original Music Composer
6071,7020,Original Music Composer
11,491,Original Music Composer
9587,153,Original Music Composer
19101,9152,Original Music Composer
49980,1528,Original Music Composer
17961,19167,Original Music Composer
18183,1173081,Original Music Composer
4476,1729,Original Music Composer
11008,63923,Original Music Composer
47504,91147,Original Music Composer
43742,1259,Original Music Composer
28313,4140,Original Music Composer
11318,1528,Original Music Composer
11318,2496487,Music
3036,9152,Original Music Composer
40490,9989,Original Music Composer
24070,1528,Original Music Composer
8986,4055,Original Music Composer
10510,20897,Original Music Composer
17402,4140,Original Music Composer
8438,19155,Original Music Composer
11593,117,Original Music Composer
1945,4140,Original Music Composer
39310,545376,Music
109560,1838024,Original Music Composer
56428,959,Original Music Composer
56428,129271,Original Music Composer
63105,94667,Original Music Composer
131957,957928,Original Music Composer
241,3187,Original Music Composer
9058,3562,Original Music Composer
527,7260,Original Music Composer
527,7261,Original Music Composer
6950,1213,Original Music Composer
101,996,Original Music Composer
63020,37,Music
63020,129782,Original Music Composer
2307,3562,Original Music Composer
41478,9769,Original Music Composer
25296,2824929,Original Music Composer
25296,1672903,Original Music Composer
40156,2249620,Original Music Composer
11450,4140,Original Music Composer
30304,3278,Original Music Composer
10452,53908,Original Music Composer
10452,1008866,Songs
12106,37,Original Music Composer
161495,7182,Original Music Composer
3586,10934,Original Music Composer
110,1346,Original Music Composer
110,1135,Original Music Composer
108,1135,Original Music Composer
109,1135,Original Music Composer
92769,55641,Music
28033,9251,Original Music Composer
22586,45962,Original Music Composer
22586,45962,Songs
14334,20836,Original Music Composer
2636,2289,Original Music Composer
2164,6489,Original Music Composer
11395,4055,Original Music Composer
278,153,Original Music Composer
9905,7741,Original Music Composer
87078,1643438,Original Music Composer
12527,72653,Original Music Composer
20306,568314,Original Music Composer
36614,2110512,Music
27993,38335,Original Music Composer
31439,65285,Original Music Composer
9067,5912,Original Music Composer
9059,1999,Original Music Composer
193,2398,Original Music Composer
25066,19155,Original Music Composer
46797,51064,Original Music Composer
12122,11770,Original Music Composer
12122,71345,Original Music Composer
11381,3393,Original Music Composer
32636,196726,Music
36141,8377,Original Music Composer
1587,3862,Original Music Composer
1587,1714546,Original Music Composer
9271,19155,Original Music Composer
9271,10826,Songs
2064,14712,Original Music Composer
19855,153,Original Music Composer
60855,1396494,Music
236,3048,Original Music Composer
48287,50715,Original Music Composer
3049,12939,Original Music Composer
2759,26050,Original Music Composer
12635,73185,Original Music Composer
10497,595,Original Music Composer
9331,1729,Original Music Composer
10731,117,Original Music Composer
10464,65380,Original Music Composer
10464,153,Music
34152,5287,Original Music Composer
9495,5912,Original Music Composer
29973,5581,Original Music Composer
888,558640,Original Music Composer
888,558641,Original Music Composer
888,3393,Original Music Composer
13,37,Original Music Composer
712,10724,Original Music Composer
16295,9769,Original Music Composer
48992,3306336,Original Music Composer
10879,3393,Music
10660,1225,Original Music Composer
10660,69160,Original Music Composer
10714,7728,Original Music Composer
41647,38813,Original Music Composer
41647,38812,Original Music Composer
8587,947,Original Music Composer
8587,11370,Songs
8587,72743,Songs
1689,11382,Original Music Composer
11596,28156,Original Music Composer
854,14712,Original Music Composer
9359,7885,Original Music Composer
23333,4140,Original Music Composer
36593,12939,Original Music Composer
12280,7885,Original Music Composer
2788,4351871,Music
10427,65256,Original Music Composer
11011,37,Original Music Composer
49803,4140,Original Music Composer
8987,1760,Original Music Composer
1637,9989,Original Music Composer
15128,9251,Original Music Composer
8831,4140,Original Music Composer
36955,2722,Original Music Composer
10449,1135,Original Music Composer
10395,1259,Original Music Composer
12160,1213,Original Music Composer
40480,1225,Original Music Composer
52038,7657,Original Music Composer
29444,5912,Original Music Composer
26352,63976,Original Music Composer
315,4681,Original Music Composer
315,4683,Original Music Composer
11667,5912,Original Music Composer
32502,38335,Original Music Composer
267188,1206675,Original Music Composer
28732,53839,Original Music Composer
75555,98606,Original Music Composer
291731,198990,Music
291731,198990,Original Music Composer
226229,1199560,Music
172923,3288597,Music
2654,11770,Original Music Composer
2654,27582,Original Music Composer
18069,10494,Original Music Composer
19092,63976,Original Music Composer
46094,3393,Original Music Composer
9409,12845,Original Music Composer
11853,1760,Original Music Composer
16771,72210,Original Music Composer
46924,70588,Original Music Composer
11041,9217,Original Music Composer
306,4613,Original Music Composer
14522,531,Original Music Composer
26203,2722,Original Music Composer
178,37,Original Music Composer
19819,107602,Original Music Composer
19819,1788056,Original Music Composer
19819,4613,Original Music Composer
57834,7066,Original Music Composer
4722,39107,Original Music Composer
18215,5912,Original Music Composer
1607,3485088,Original Music Composer
26391,38335,Original Music Composer
117553,947,Original Music Composer
6075,9152,Original Music Composer
11310,9251,Original Music Composer
18658,37,Original Music Composer
9350,7020,Original Music Composer
9612,3393,Original Music Composer
2124,21810,Original Music Composer
26261,11166,Original Music Composer
19176,3393,Original Music Composer
49299,39107,Original Music Composer
11566,1213,Original Music Composer
9739,5581,Original Music Composer
24257,592589,Music
24257,132583,Music
34444,108988,Original Music Composer
34444,1028792,Original Music Composer
26141,21068,Original Music Composer
10997,1192656,Original Music Composer
10997,65285,Original Music Composer
10997,1192656,Music
10997,1381631,Songs
10997,1192656,Songs
50463,153,Original Music Composer
10443,2704,Original Music Composer
16297,228185,Original Music Composer
18551,153,Original Music Composer
25440,24717,Original Music Composer
9024,20897,Original Music Composer
37233,10771,Original Music Composer
1634,7728,Original Music Composer
13815,2987,Original Music Composer
5503,1213,Original Music Composer
35588,6918,Original Music Composer
2087,4140,Original Music Composer
41579,63964,Original Music Composer
18620,2889150,Original Music Composer
18620,2889151,Original Music Composer
41006,8933,Original Music Composer
4916,117,Original Music Composer
2019,5912,Original Music Composer
2019,28241,Original Music Composer
31642,1157806,Original Music Composer
9255,7728,Original Music Composer
26271,1181479,Original Music Composer
10612,21276,Original Music Composer
2259,947,Original Music Composer
16097,1692281,Original Music Composer
11934,1225,Original Music Composer
106143,947,Original Music Composer
12475,43393,Original Music Composer
9386,1259,Original Music Composer
7984,7020,Original Music Composer
7984,62642,Songs
7984,33684,Songs
7984,62641,Songs
59930,5287,Original Music Composer
15765,9769,Original Music Composer
31643,72861,Original Music Composer
6,37,Original Music Composer
329,491,Original Music Composer
10909,1225,Original Music Composer
34024,8377,Original Music Composer
29918,7728,Original Music Composer
9593,7714,Original Music Composer
42580,15813,Original Music Composer
22317,76200,Music
1413,117,Original Music Composer
1413,11389,Songs
12121,4140,Original Music Composer
2246,1760,Original Music Composer
10502,1729,Original Music Composer
10440,71473,Music
10440,69394,Music
9516,57778,Original Music Composer
2320,1760,Original Music Composer
5879,2230329,Original Music Composer
83718,119232,Original Music Composer
11971,9152,Original Music Composer
2625,2704,Original Music Composer
31911,32398,Original Music Composer
788,117,Original Music Composer
21450,68047,Original Music Composer
11231,10494,Original Music Composer
41588,5666,Music
10447,5912,Original Music Composer
31586,9251,Original Music Composer
9300,57206,Original Music Composer
9300,57468,Original Music Composer
9559,195,Original Music Composer
9559,64025,Songs
9800,117,Original Music Composer
713,10759,Original Music Composer
8291,54421,Original Music Composer
8291,9769,Original Music Composer
8291,54604,Original Music Composer
8291,54605,Original Music Composer
18133,35838,Original Music Composer
25557,35079,Original Music Composer
22588,49285,Original Music Composer
10872,57124,Original Music Composer
1245,54449,Original Music Composer
1245,1605893,Music
11858,947,Original Music Composer
7007,51808,Original Music Composer
10467,3562,Original Music Composer
5550,7728,Original Music Composer
8005,53839,Original Music Composer
2088,4140,Original Music Composer
10412,65029,Original Music Composer
47889,1030290,Original Music Composer
14534,1760,Original Music Composer
56583,1213,Original Music Composer
41878,23300,Original Music Composer
41878,127283,Original Music Composer
424,491,Original Music Composer
35233,10494,Original Music Composer
14291,1729,Original Music Composer
103413,7741,Original Music Composer
11236,1135,Original Music Composer
11592,7728,Original Music Composer
8850,1760,Original Music Composer
10445,1528,Original Music Composer
695,4140,Original Music Composer
43535,2120,Original Music Composer
12519,3562,Original Music Composer
23210,1760,Original Music Composer
858,9251,Original Music Composer
867,117,Original Music Composer
78,595,Original Music Composer
13203,21068,Original Music Composer
10442,20897,Original Music Composer
11074,2722,Original Music Composer
9607,37,Original Music Composer
17585,2987,Original Music Composer
9057,49285,Original Music Composer
10635,153,Original Music Composer
9479,531,Original Music Composer
9479,531,Songs
10057,7714,Original Music Composer
10057,56683,Songs
11969,20897,Original Music Composer
41590,5287,Original Music Composer
319,947,Original Music Composer
15139,1729,Original Music Composer
161158,939704,Original Music Composer
218473,72635,Original Music Composer
85247,983104,Music
85247,983104,Original Music Composer
11446,69486,Original Music Composer
51980,3139702,Original Music Composer
24405,20309,Music
24405,215516,Music
11655,70369,Original Music Composer
11800,5628,Original Music Composer
14587,32347,Original Music Composer
14587,6229,Original Music Composer
31504,9769,Original Music Composer
41653,3862,Original Music Composer
53185,35079,Music
95743,37187,Original Music Composer
23637,2728388,Original Music Composer
17600,5340,Original Music Composer
10897,11166,Original Music Composer
349394,1169578,Original Music Composer
21352,76200,Original Music Composer
68806,1259,Original Music Composer
37345,39023,Original Music Composer
32562,1225,Original Music Composer
47507,4885501,Original Music Composer
25403,9245,Original Music Composer
124304,9245,Music
9066,56889,Music
9066,4002946,Music
771,491,Original Music Composer
251,2704,Original Music Composer
812,15813,Original Music Composer
812,15813,Songs
812,62049,Songs
280,2722,Original Music Composer
581,2289,Original Music Composer
80350,2286131,Original Music Composer
268,531,Original Music Composer
268,21037,Songs
274,117,Original Music Composer
408,2107,Original Music Composer
408,5467,Original Music Composer
408,5466,Original Music Composer
408,31021,Music
408,137461,Songs
408,5466,Songs
10020,15813,Original Music Composer
10020,15813,Songs
10020,62049,Songs
10895,5467,Original Music Composer
10895,2107,Original Music Composer
10895,5466,Music
10895,31021,Music
10895,5467,Songs
114,1213,Original Music Composer
41043,125340,Music
41043,545613,Original Music Composer
576,7769,Original Music Composer
15477,95339,Original Music Composer
30528,66941,Original Music Composer
7300,1213,Original Music Composer
7300,53273,Original Music Composer
10824,1551,Original Music Composer
261246,70588,Original Music Composer
275,1225,Original Music Composer
25059,20897,Original Music Composer
11827,7182,Original Music Composer
8766,46353,Original Music Composer
23570,2987,Original Music Composer
47333,65250,Original Music Composer
47333,138559,Original Music Composer
54850,32804,Music
51242,31543,Original Music Composer
10112,57337,Original Music Composer
10112,5839,Songs
10112,5838,Songs
4307,405,Original Music Composer
46029,1062037,Original Music Composer
32308,21276,Original Music Composer
52873,20075,Original Music Composer
123505,45528,Original Music Composer
44281,1604800,Music
28121,2022918,Original Music Composer
12520,5666,Original Music Composer
1592,1213,Original Music Composer
166901,115036,Original Music Composer
166901,5227955,Original Music Composer
166901,4595349,Original Music Composer
36447,20897,Original Music Composer
19042,1785342,Songs
19042,2016242,Songs
19042,30693,Original Music Composer
38884,1528,Original Music Composer
47449,107837,Original Music Composer
36259,43393,Original Music Composer
41852,50520,Original Music Composer
40926,101843,Original Music Composer
40926,1343912,Music
40926,1073773,Music
9099,37,Original Music Composer
2021,7741,Original Music Composer
61752,21037,Songs
10988,14712,Original Music Composer
11479,69544,Original Music Composer
11479,69545,Original Music Composer
11479,69546,Original Music Composer
12652,20075,Original Music Composer
10684,1729,Original Music Composer
954,531,Original Music Composer
68445,43528,Original Music Composer
18989,9989,Original Music Composer
10801,66875,Original Music Composer
54285,2507100,Original Music Composer
8840,14712,Original Music Composer
278978,56134,Music
124625,7657,Music
124625,18161,Music
11107,9769,Original Music Composer
16417,69101,Original Music Composer
16417,1320525,Original Music Composer
10363,3098,Original Music Composer
161070,4173,Original Music Composer
10539,7885,Original Music Composer
10539,7885,Songs
10543,1225,Original Music Composer
18414,960248,Original Music Composer
18414,1303152,Original Music Composer
18414,5515893,Songs
47502,38545,Original Music Composer
11902,53908,Original Music Composer
25087,62811,Original Music Composer
5801,13745,Original Music Composer
896,13745,Original Music Composer
3065,89006,Original Music Composer
318177,3735810,Original Music Composer
2300,1213,Original Music Composer
8069,1251718,Original Music Composer
8069,50239,Original Music Composer
288173,1332252,Music
288173,1380067,Music
187851,1330531,Original Music Composer
27768,2583332,Original Music Composer
221917,1531237,Original Music Composer
8072,24295,Original Music Composer
35797,20075,Original Music Composer
88030,1153076,Original Music Composer
88030,3599047,Original Music Composer
83857,1259,Original Music Composer
33245,7728,Original Music Composer
124460,3048,Original Music Composer
27281,3393,Original Music Composer
105045,2308,Music
40001,9152,Original Music Composer
29621,47927,Original Music Composer
117730,4009323,Original Music Composer
20762,40438,Original Music Composer
37144,117842,Original Music Composer
48260,2361473,Original Music Composer
12656,1285208,Original Music Composer
12656,1242713,Original Music Composer
12656,1285211,Original Music Composer
12656,1233757,Original Music Composer
12656,1285210,Original Music Composer
38867,9204,Original Music Composer
25969,51386,Original Music Composer
44103,21699,Music
753,11416,Original Music Composer
43634,2987,Original Music Composer
9103,14712,Original Music Composer
90214,21276,Music
29649,63964,Original Music Composer
29649,4270653,Original Music Composer
10990,10771,Original Music Composer
8866,117,Original Music Composer
12233,66941,Original Music Composer
12233,168702,Songs
12233,71791,Songs
12233,1880612,Songs
12233,1785342,Songs
12233,5310750,Songs
12233,1792776,Songs
12233,35496,Songs
12233,2032410,Songs
12233,3612151,Songs
12233,2158108,Songs
12233,2049,Songs
12233,71794,Songs
12233,62049,Songs
12233,18898,Songs
23449,7728,Original Music Composer
36355,49285,Original Music Composer
37667,35079,Original Music Composer
90148,125212,Original Music Composer
922,15425,Original Music Composer
11876,37187,Original Music Composer
52633,99452,Original Music Composer
62364,27045,Original Music Composer
11687,64911,Music
9304,1528,Original Music Composer
73183,68358,Music
123067,61801,Original Music Composer
9100,5912,Original Music Composer
20759,63976,Original Music Composer
46063,4140,Original Music Composer
365371,1972208,Music
32513,1978933,Original Music Composer
40651,1797721,Original Music Composer
36915,1528,Original Music Composer
36915,2612131,Music
40507,71108,Music
9802,57263,Original Music Composer
9802,947,Original Music Composer
25697,4500,Original Music Composer
21588,38759,Original Music Composer
21588,1575784,Original Music Composer
664,9989,Original Music Composer
11867,35838,Original Music Composer
9323,57304,Original Music Composer
10280,46353,Original Music Composer
10535,10494,Original Music Composer
124613,469,Original Music Composer
532,7657,Original Music Composer
26744,18593,Music
16299,28947,Original Music Composer
10547,58124,Original Music Composer
245268,2056949,Music
245268,19407,Original Music Composer
935,14252,Original Music Composer
55613,2813269,Music
41007,9245,Music
35645,49285,Original Music Composer
110465,5805,Original Music Composer
110465,14861,Original Music Composer
40751,1011224,Original Music Composer
40751,68029,Original Music Composer
275096,574872,Music
85778,13669,Music
11101,36596,Original Music Composer
9826,3393,Original Music Composer
9879,117,Original Music Composer
63564,4055,Music
22621,101831,Original Music Composer
7095,7714,Original Music Composer
7095,56683,Songs
26890,7491,Music
46732,7422,Original Music Composer
124633,68047,Original Music Composer
196940,4023093,Music
181083,2904102,Original Music Composer
41225,3098,Original Music Composer
41225,36125,Original Music Composer
41225,1763198,Original Music Composer
87190,2680171,Original Music Composer
87190,2680172,Original Music Composer
32872,63964,Original Music Composer
32872,5287,Original Music Composer
602,6489,Original Music Composer
14553,39023,Original Music Composer
9566,947,Original Music Composer
10545,15813,Songs
10545,15813,Music
10545,42910,Songs
9894,9039,Original Music Composer
11543,69794,Original Music Composer
9268,37,Original Music Composer
9327,3393,Original Music Composer
123763,1069958,Music
81949,1181815,Original Music Composer
183955,1043019,Music
44535,57053,Original Music Composer
44495,2071965,Music
44495,2071966,Music
78285,20075,Original Music Composer
11228,14712,Original Music Composer
10779,531,Original Music Composer
26748,20836,Original Music Composer
38223,64186,Music
9294,153,Original Music Composer
49963,1174227,Music
11363,60642,Original Music Composer
1645,5581,Original Music Composer
31546,153,Original Music Composer
77056,68064,Original Music Composer
36344,100544,Original Music Composer
18550,5912,Original Music Composer
11511,68126,Original Music Composer
172198,2221017,Music
34170,63964,Original Music Composer
109478,20692,Original Music Composer
124645,947,Original Music Composer
12606,56889,Original Music Composer
69895,1118296,Original Music Composer
69895,5395020,Original Music Composer
35206,24295,Original Music Composer
151489,4447029,Songs
151489,50934,Songs
151489,1711461,Original Music Composer
4837,1620068,Original Music Composer
4837,1620069,Original Music Composer
12632,73174,Original Music Composer
9098,45910,Music
18975,3562,Original Music Composer
18975,18746,Songs
11962,1225,Original Music Composer
2925,9251,Original Music Composer
28628,7714,Original Music Composer
3595,1729,Original Music Composer
9308,12939,Original Music Composer
92381,42369,Original Music Composer
18555,35838,Original Music Composer
12123,1760,Original Music Composer
10830,3393,Original Music Composer
3573,3562,Original Music Composer
10546,5912,Original Music Composer
18862,20897,Original Music Composer
31417,2704,Original Music Composer
9431,21514,Original Music Composer
48144,1316840,Original Music Composer
46986,1521755,Music
46986,91343,Music
144982,5666,Music
47907,1729,Original Music Composer
10061,11770,Original Music Composer
10061,26981,Original Music Composer
36266,1993102,Original Music Composer
36266,5814267,Songs
549,7491,Original Music Composer
549,7482,Original Music Composer
10478,11166,Original Music Composer
66634,15393,Original Music Composer
66634,10934,Original Music Composer
116690,1487840,Original Music Composer
116690,1725016,Original Music Composer
213917,135916,Music
100914,2050031,Original Music Composer
238,3098,Original Music Composer
159,1872,Original Music Composer
11134,1341966,Original Music Composer
11134,1192656,Original Music Composer
11134,4759190,Original Music Composer
11134,4759193,Original Music Composer
88224,6394,Original Music Composer
132641,125001,Original Music Composer
42758,33391,Original Music Composer
9303,4949,Original Music Composer
23945,4500,Original Music Composer
37820,3933461,Original Music Composer
9054,14712,Original Music Composer
241058,52515,Original Music Composer
10232,1103709,Original Music Composer
10232,3767,Original Music Composer
38955,1341966,Original Music Composer
110513,224096,Original Music Composer
11015,4500,Original Music Composer
9306,40438,Original Music Composer
12559,21068,Original Music Composer
12559,29069,Original Music Composer
58770,1213,Original Music Composer
3587,9251,Original Music Composer
10723,7182,Original Music Composer
56077,7020,Original Music Composer
101230,1249230,Music
10987,15445,Original Music Composer
10987,67695,Original Music Composer
44705,26140,Original Music Composer
20318,4055,Music
43596,28877,Original Music Composer
79782,2130163,Music
27854,26026,Original Music Composer
981,8619,Original Music Composer
872,1147360,Music
2769,20153,Songs
2769,20153,Original Music Composer
2769,554823,Original Music Composer
13320,20153,Original Music Composer
13320,20153,Songs
164,1938,Original Music Composer
164,3892,Songs
164,1938,Songs
426,1045,Original Music Composer
567,8619,Original Music Composer
3078,29276,Original Music Composer
13528,14861,Original Music Composer
28288,1404224,Music
28288,2423196,Music
28288,69394,Music
28288,1343387,Music
28288,1367961,Music
213,1045,Original Music Composer
284,4100,Original Music Composer
239,4100,Original Music Composer
4808,1938,Original Music Composer
4808,3892,Songs
4808,1938,Songs
289,3249,Original Music Composer
289,936701,Songs
289,119538,Songs
963,4100,Original Music Composer
11113,68128,Original Music Composer
11113,68128,Songs
6620,2916,Original Music Composer
804,2578,Original Music Composer
26531,1535874,Music
26531,14647,Music
26531,1336275,Music
909,1409259,Songs
909,1409262,Songs
909,13288,Original Music Composer
909,554823,Original Music Composer
630,9056,Original Music Composer
770,3249,Original Music Composer
31044,69343,Original Music Composer
599,8619,Original Music Composer
15,1045,Original Music Composer
121357,26026,Original Music Composer
705,8503,Original Music Composer
705,1597780,Music
22490,19407,Original Music Composer
22490,101711,Original Music Composer
223,8619,Original Music Composer
25670,8503,Original Music Composer
303,4345,Original Music Composer
4174,7647,Original Music Composer
8356,13571,Original Music Composer
8356,1147115,Songs
8356,1447969,Songs
8356,30008,Songs
381,5184,Original Music Composer
20758,4100,Original Music Composer
29376,149028,Songs
29376,130185,Songs
1859,2500,Original Music Composer
17281,68128,Music
17281,68128,Songs
64382,239136,Original Music Composer
10907,67429,Original Music Composer
32093,8503,Original Music Composer
1939,18593,Original Music Composer
1939,1368063,Music
1939,3258,Music
22292,1045,Original Music Composer
3598,4082,Original Music Composer
3080,30176,Original Music Composer
198,2500,Original Music Composer
1712,4082,Original Music Composer
220,2027,Original Music Composer
3529,29967,Original Music Composer
3085,30232,Music
3085,29275,Music
3085,34173,Music
2897,26026,Original Music Composer
1585,4082,Original Music Composer
3083,4082,Original Music Composer
900,4345,Original Music Composer
900,4345,Music
43795,13336,Original Music Composer
50001,100579,Original Music Composer
50001,956981,Songs
43905,3249,Original Music Composer
22688,4082,Original Music Composer
23114,3249,Original Music Composer
26378,3249,Original Music Composer
40206,175505,Original Music Composer
22356,88673,Original Music Composer
260,3613,Original Music Composer
260,3604,Original Music Composer
43488,1040471,Original Music Composer
22613,26026,Original Music Composer
488,1627145,Original Music Composer
22733,36017,Original Music Composer
261,3642,Original Music Composer
57575,554823,Original Music Composer
57575,975566,Songs
32574,4082,Original Music Composer
22657,89085,Original Music Composer
22657,89086,Original Music Composer
76464,1710292,Original Music Composer
22649,29810,Original Music Composer
22649,13336,Original Music Composer
22649,121115,Original Music Composer
22649,30256,Original Music Composer
22649,1532469,Original Music Composer
22649,998190,Original Music Composer
22649,1092864,Original Music Composer
176841,101711,Original Music Composer
176841,72066,Original Music Composer
125587,1731406,Music
39448,65957,Original Music Composer
39448,1092381,Music
52855,9769,Original Music Composer
39940,16748,Original Music Composer
85328,2736267,Original Music Composer
11076,4140,Original Music Composer
63945,22680,Original Music Composer
890,14617,Original Music Composer
890,14619,Original Music Composer
890,36596,Original Music Composer
10861,43393,Original Music Composer
1770,5581,Original Music Composer
44465,21962,Original Music Composer
2033,20897,Original Music Composer
18203,133811,Original Music Composer
9333,6918,Original Music Composer
47260,110559,Music
9400,19155,Original Music Composer
9401,28155,Original Music Composer
12241,71829,Original Music Composer
12241,71832,Original Music Composer
25739,68485,Original Music Composer
25739,125649,Original Music Composer
11306,531,Original Music Composer
9625,894,Original Music Composer
10680,66941,Original Music Composer
6346,1225,Original Music Composer
18660,67610,Music
35115,57337,Original Music Composer
14821,9796,Original Music Composer
14136,57337,Original Music Composer
10869,57337,Original Music Composer
22660,64868,Music
22660,2438667,Original Music Composer
19186,2107,Original Music Composer
19186,5838,Songs
19186,5839,Songs
31102,2107,Original Music Composer
6878,20897,Original Music Composer
15944,2107,Original Music Composer
18444,39054,Original Music Composer
20723,226002,Original Music Composer
173,2107,Original Music Composer
864,947,Original Music Composer
24795,14712,Original Music Composer
11224,2107,Original Music Composer
11224,64868,Original Music Composer
11224,1726478,Songs
11224,1726479,Songs
11224,1726480,Songs
81310,67610,Original Music Composer
81310,5838,Songs
81310,5839,Songs
15947,1027100,Songs
15947,1737913,Songs
15947,974946,Songs
15947,3642,Songs
9078,5838,Songs
9078,5839,Songs
9078,57337,Original Music Composer
29682,2107,Original Music Composer
8367,7714,Original Music Composer
433,5839,Original Music Composer
433,5838,Original Music Composer
11360,5466,Original Music Composer
11360,64868,Original Music Composer
11360,5466,Songs
11360,64868,Songs
11114,68135,Original Music Composer
11114,68136,Original Music Composer
11114,68137,Original Music Composer
11114,68136,Songs
11114,68135,Songs
12335,68137,Original Music Composer
12335,5838,Songs
12335,5839,Songs
12092,1012323,Songs
12092,1726478,Songs
12092,1726480,Songs
12092,1726479,Songs
12092,1579645,Songs
12092,2083691,Songs
12092,64868,Songs
12092,5449,Songs
12092,64868,Original Music Composer
10948,67610,Original Music Composer
10948,3986973,Songs
10948,934395,Songs
10948,107274,Songs
11229,531,Original Music Composer
15121,931310,Music
15121,98751,Music
15121,68137,Original Music Composer
15121,931310,Songs
15121,931310,Original Music Composer
562,7714,Original Music Composer
10163,64050,Original Music Composer
48862,1017998,Original Music Composer
47199,1551,Original Music Composer
11159,68047,Original Music Composer
9591,117,Original Music Composer
9591,68437,Music
30500,1729,Original Music Composer
41843,54449,Original Music Composer
55058,20692,Original Music Composer
10938,32347,Original Music Composer
11412,37,Original Music Composer
10586,1760,Original Music Composer
42314,117,Original Music Composer
27845,1947696,Original Music Composer
108365,54449,Original Music Composer
23223,1300920,Music
23223,1072476,Music
49471,82702,Songs
49471,5287,Original Music Composer
38153,20897,Original Music Composer
25147,72854,Original Music Composer
454,6206,Original Music Composer
454,7045,Original Music Composer
454,74333,Songs
454,74334,Songs
454,74335,Songs
454,74332,Songs
454,74336,Songs
454,1316159,Original Music Composer
10218,1537704,Original Music Composer
819,491,Original Music Composer
38191,2704,Original Music Composer
27256,97422,Original Music Composer
31530,20153,Original Music Composer
66473,20153,Songs
66473,20153,Original Music Composer
28120,4345,Original Music Composer
1834,4345,Original Music Composer
26282,95015,Original Music Composer
26282,146672,Songs
252,3616,Original Music Composer
252,3375,Original Music Composer
252,3616,Songs
252,81409,Songs
16372,2578,Music
11561,1243,Original Music Composer
11302,10468,Original Music Composer
623,8933,Original Music Composer
583,10716,Original Music Composer
12614,1938,Original Music Composer
12614,1938,Songs
21711,44261,Original Music Composer
11575,1938,Original Music Composer
475,6459,Original Music Composer
11331,4082,Original Music Composer
521,4082,Original Music Composer
21202,958346,Original Music Composer
88,719,Original Music Composer
88,3997579,Music
88,3997581,Music
88,51667,Music
792,3535,Original Music Composer
8491,56004,Original Music Composer
402,1760,Original Music Composer
10537,65554,Original Music Composer
10537,65556,Original Music Composer
11386,851,Original Music Composer
9504,1213,Original Music Composer
15764,10468,Original Music Composer
601,491,Original Music Composer
67365,2414796,Original Music Composer
67365,4350030,Original Music Composer
25842,8619,Music
2119,947,Original Music Composer
744,799,Original Music Composer
744,172365,Songs
744,3997570,Music
136311,1003243,Original Music Composer
221,2027,Original Music Composer
702,10536,Original Music Composer
25750,56748,Original Music Composer
17642,2987,Original Music Composer
427043,73599,Music
427043,22288,Music
427043,2810067,Music
146341,2454156,Original Music Composer
9305,35073,Original Music Composer
37616,3562,Original Music Composer
11112,12994,Original Music Composer
11112,68126,Original Music Composer
21612,39107,Original Music Composer
36998,2469247,Original Music Composer
200383,29056,Original Music Composer
200383,76200,Music
116844,39107,Original Music Composer
1630,153,Original Music Composer
26626,1544681,Original Music Composer
26626,2676509,Original Music Composer
11816,10771,Original Music Composer
11843,1592416,Songs
11843,1938,Original Music Composer
10379,14712,Original Music Composer
2756,37,Original Music Composer
790,11770,Original Music Composer
1103,15445,Original Music Composer
1103,11770,Original Music Composer
11298,14138,Original Music Composer
4480,37187,Original Music Composer
4481,37187,Original Music Composer
49688,1655283,Original Music Composer
10765,10494,Original Music Composer
85588,2506198,Music
278621,1415883,Music
99479,1046883,Original Music Composer
99479,10494,Original Music Composer
55049,134463,Original Music Composer
356054,5907,Original Music Composer
531,7657,Original Music Composer
4483,25351,Original Music Composer
31556,9102,Original Music Composer
26167,4681,Original Music Composer
26174,4681,Original Music Composer
572997,1495459,Music
61461,4416,Original Music Composer
218713,1759289,Songs
218713,2060058,Songs
217802,30268,Original Music Composer
217802,1343387,Original Music Composer
127973,30256,Original Music Composer
127973,998190,Original Music Composer
659,2704,Original Music Composer
30892,19043,Original Music Composer
86369,72671,Music
559489,2359057,Music
38554,1542803,Original Music Composer
38554,1492543,Original Music Composer
49763,46353,Original Music Composer
41326,6357,Original Music Composer
10608,10364,Original Music Composer
11216,1259,Original Music Composer
7452,10759,Original Music Composer
64567,23300,Original Music Composer
892,13683,Original Music Composer
1600,1135,Original Music Composer
26561,10724,Original Music Composer
975,3350,Original Music Composer
18129,7182,Original Music Composer
54405,32347,Music
150823,1393228,Music
150823,1406552,Music
409,5488,Original Music Composer
38251,1603847,Original Music Composer
38251,71302,Original Music Composer
10161,7182,Original Music Composer
1412,8377,Original Music Composer
41768,20836,Original Music Composer
10409,37757,Original Music Composer
14285,1551,Music
2469,1259,Original Music Composer
10174,3125,Music
31225,107837,Music
510,7066,Original Music Composer
1891,491,Original Music Composer
2493,8271,Original Music Composer
85,491,Original Music Composer
85,2922346,Music
68,7714,Original Music Composer
68,1737913,Music
679,1729,Original Music Composer
429,1259,Original Music Composer
13446,95109,Original Music Composer
13446,232961,Original Music Composer
389,5260,Original Music Composer
947,2704,Original Music Composer
185,2284,Original Music Composer
595,7182,Original Music Composer
28,2872,Original Music Composer
28,1776,Original Music Composer
335,1259,Original Music Composer
1892,491,Original Music Composer
144,2308,Original Music Composer
1092,15383,Original Music Composer
348,1760,Original Music Composer
766,11468,Original Music Composer
175,996,Original Music Composer
11645,51808,Original Music Composer
10835,238973,Original Music Composer
10835,56811,Songs
539,1045,Original Music Composer
525,7182,Original Music Composer
240,3098,Original Music Composer
600,8645,Original Music Composer
530,7657,Original Music Composer
10705,9152,Original Music Composer
279,18170,Music
3109,26026,Original Music Composer
3109,1778918,Songs
311,1259,Original Music Composer
1578,17657,Music
703,29352,Music
9549,10494,Original Music Composer
1398,560802,Original Music Composer
387,5240,Original Music Composer
9277,10468,Original Music Composer
9277,2257431,Original Music Composer
343,7445,Songs
37291,4562485,Original Music Composer
490,6651,Original Music Composer
11235,8271,Original Music Composer
218,2722,Original Music Composer
763,11327,Original Music Composer
9665,1729,Original Music Composer
18971,40150,Original Music Composer
379,1225,Original Music Composer
207,2704,Original Music Composer
37247,64928,Music
37247,10557,Music
37247,10557,Songs
1480,1938,Original Music Composer
9322,996,Original Music Composer
826,12241,Original Music Composer
422,3098,Original Music Composer
829,1760,Original Music Composer
828,1045,Original Music Composer
3090,3249,Original Music Composer
9964,61575,Original Music Composer
3063,30009,Music
3063,12924,Music
3063,30256,Original Music Composer
3063,29758,Music
13667,1561102,Original Music Composer
694,2284,Original Music Composer
694,2285,Original Music Composer
694,1596223,Music
694,55975,Music
694,1655425,Music
235,7066,Original Music Composer
765,11468,Original Music Composer
5925,7182,Original Music Composer
11778,40150,Original Music Composer
4485,1965,Original Music Composer
137,1528,Original Music Composer
33,195,Original Music Composer
982,14725,Original Music Composer
8428,8377,Original Music Composer
212,3249,Original Music Composer
212,17915,Original Music Composer
105,37,Original Music Composer
105,168702,Songs
1633,153,Original Music Composer
11202,1760,Original Music Composer
1554,6394,Original Music Composer
1554,2887,Songs
149,1695,Original Music Composer
8009,7714,Original Music Composer
8009,84527,Songs
8009,928828,Songs
8009,84532,Songs
8009,84530,Songs
903,9217,Original Music Composer
11673,37187,Original Music Composer
3034,719,Original Music Composer
339,2887,Original Music Composer
339,1014033,Songs
339,2887,Songs
10404,64994,Original Music Composer
10404,65285,Original Music Composer
914,13848,Original Music Composer
914,424103,Original Music Composer
756,2522,Music
756,1564900,Music
756,67826,Music
756,1808200,Music
756,1281066,Music
756,974330,Music
756,70650,Music
756,29798,Music
288,4082,Original Music Composer
910,3249,Original Music Composer
2640,3393,Original Music Composer
16633,2289,Original Music Composer
665,7647,Original Music Composer
11031,13524,Original Music Composer
11031,21731,Original Music Composer
11031,3026,Original Music Composer
11031,6008,Original Music Composer
11314,1551,Original Music Composer
11314,1551,Music
89,491,Original Music Composer
10322,9796,Original Music Composer
783,1528,Original Music Composer
783,13745,Original Music Composer
10644,3278,Original Music Composer
11257,54449,Original Music Composer
14370,153,Original Music Composer
12104,67273,Music
625,8968,Original Music Composer
8816,3862,Original Music Composer
830,12305,Original Music Composer
830,12306,Original Music Composer
2323,1729,Original Music Composer
983,2704,Original Music Composer
642,9580,Original Music Composer
642,9580,Songs
642,1592416,Songs
642,1011260,Songs
655,6918,Original Music Composer
10341,5912,Original Music Composer
639,9251,Original Music Composer
639,9252,Original Music Composer
266022,2009840,Original Music Composer
31388,959123,Original Music Composer
41801,51064,Original Music Composer
66034,1375562,Music
18762,1725254,Original Music Composer
8077,5581,Original Music Composer
814,7182,Original Music Composer
41671,46353,Original Music Composer
27214,33319,Original Music Composer
52263,1176975,Music
33519,46353,Music
16235,9217,Original Music Composer
11449,9217,Original Music Composer
41848,29453,Original Music Composer
25944,29877,Original Music Composer
24913,13669,Original Music Composer
49126,6357,Original Music Composer
32076,28156,Original Music Composer
8851,56463,Original Music Composer
8851,1726478,Songs
8851,9580,Songs
37843,65513,Music
32146,49044,Original Music Composer
30346,4345,Original Music Composer
6114,1400,Original Music Composer
6114,74042,Songs
229,8619,Original Music Composer
13549,29649,Original Music Composer
9529,1551,Original Music Composer
1598,1045,Original Music Composer
1598,7182,Original Music Composer
11349,1045,Original Music Composer
7340,14138,Original Music Composer
6217,1154,Original Music Composer
377,13669,Original Music Composer
653,9838,Original Music Composer
28198,519846,Original Music Composer
28198,595,Original Music Composer
794,1760,Original Music Composer
31640,6422,Original Music Composer
8744,19016,Original Music Composer
25189,10468,Original Music Composer
2212,1637,Original Music Composer
199,1760,Original Music Composer
199,1089637,Songs
7863,37757,Original Music Composer
12498,72538,Original Music Composer
9279,3393,Original Music Composer
53234,2110043,Music
53234,2221673,Songs
21539,947,Original Music Composer
85589,1635724,Original Music Composer
12709,3529,Original Music Composer
20539,1528,Original Music Composer
11674,7714,Original Music Composer
64900,1087765,Original Music Composer
64900,168772,Original Music Composer
1573,7714,Original Music Composer
152,1760,Original Music Composer
174,2120,Original Music Composer
172,1760,Original Music Composer
154,1729,Original Music Composer
157,1729,Original Music Composer
168,2027,Original Music Composer
364,531,Original Music Composer
11967,28155,Original Music Composer
11967,53558,Original Music Composer
9086,32362,Music
9086,37,Original Music Composer
621,1485825,Original Music Composer
621,1485824,Original Music Composer
621,1485824,Songs
621,3836194,Songs
621,1485825,Songs
9037,56756,Original Music Composer
10173,1213,Original Music Composer
55687,94667,Music
168535,55440,Original Music Composer
8845,40438,Original Music Composer
46681,3350,Original Music Composer
578,491,Original Music Composer
579,491,Original Music Composer
17692,1714546,Original Music Composer
17795,11166,Original Music Composer
75,531,Original Music Composer
13891,24190,Original Music Composer
9390,11656,Original Music Composer
9390,1114134,Songs
378,1225,Original Music Composer
10896,2416205,Original Music Composer
10896,185224,Original Music Composer
10896,2416206,Original Music Composer
2322,1729,Original Music Composer
41240,58099,Original Music Composer
26949,1528,Original Music Composer
9819,3562,Original Music Composer
49799,43609,Music
31908,9251,Original Music Composer
46027,4140,Original Music Composer
3179,21962,Original Music Composer
1802,19167,Original Music Composer
4232,7229,Original Music Composer
9361,14712,Original Music Composer
9361,7020,Original Music Composer
2928,7885,Original Music Composer
30285,11166,Original Music Composer
10549,9152,Original Music Composer
18451,5553,Original Music Composer
27265,9251,Original Music Composer
49935,20075,Original Music Composer
8818,65360,Music
8818,65360,Songs
8818,3643998,Music
8818,65360,Original Music Composer
36758,1400,Original Music Composer
36040,2289,Music
36040,1848822,Songs
36040,263720,Songs
36040,1848823,Songs
36040,2289,Original Music Composer
9415,19155,Original Music Composer
303693,3006044,Original Music Composer
12145,1760,Original Music Composer
42424,76200,Original Music Composer
34314,26981,Original Music Composer
2892,62641,Music
2892,65029,Music
2892,62642,Music
9404,46324,Original Music Composer
9404,28156,Music
85242,28155,Original Music Composer
85242,10826,Songs
9622,9204,Original Music Composer
8860,56187,Original Music Composer
197537,25351,Original Music Composer
66597,10934,Original Music Composer
14832,1999,Original Music Composer
9619,21962,Original Music Composer
9619,1213,Original Music Composer
40506,35838,Original Music Composer
31000,21068,Original Music Composer
4104,3562,Original Music Composer
26306,20836,Original Music Composer
14908,2398,Music
784,11690,Original Music Composer
12489,2987,Original Music Composer
16448,21731,Original Music Composer
16448,13524,Original Music Composer
16448,6008,Original Music Composer
55936,223416,Original Music Composer
17894,2120,Original Music Composer
17949,51588,Original Music Composer
1968,37,Original Music Composer
61563,533061,Original Music Composer
66,195,Original Music Composer
20735,21068,Original Music Composer
11419,49285,Original Music Composer
25796,7422,Original Music Composer
638,5628,Original Music Composer
638,4932106,Songs
25624,491,Original Music Composer
9366,9152,Original Music Composer
60083,1175417,Music
21915,43393,Original Music Composer
90928,1486522,Original Music Composer
18420,21276,Music
19952,5666,Original Music Composer
9446,4055,Original Music Composer
28005,5359,Original Music Composer
28005,5359,Music
27322,1179601,Original Music Composer
10003,5912,Original Music Composer
9311,5553,Original Music Composer
9311,947,Original Music Composer
11844,2585,Original Music Composer
11844,39023,Original Music Composer
884,117,Original Music Composer
49806,3196993,Original Music Composer
1624,4500,Original Music Composer
16052,10771,Original Music Composer
4477,1729,Original Music Composer
24662,7885,Music
24662,2393039,Original Music Composer
24662,7885,Songs
18423,9769,Original Music Composer
76996,581056,Original Music Composer
6499,50099,Original Music Composer
6499,1366007,Songs
50512,2987,Original Music Composer
9405,40438,Original Music Composer
12723,7714,Original Music Composer
9360,14712,Original Music Composer
9434,58296,Original Music Composer
118991,21276,Original Music Composer
21626,64765,Original Music Composer
21626,5362894,Songs
13982,57874,Original Music Composer
93946,851,Original Music Composer
77223,1615770,Original Music Composer
31465,2067607,Original Music Composer
12793,18660,Music
12793,1538328,Music
102878,3984317,Original Music Composer
105763,53908,Original Music Composer
9611,38335,Original Music Composer
47694,65285,Original Music Composer
10357,37,Original Music Composer
9977,58065,Original Music Composer
816,9204,Original Music Composer
2163,7728,Original Music Composer
16399,55440,Original Music Composer
124843,1181479,Original Music Composer
31017,559484,Music
24645,92112,Music
49478,4949,Original Music Composer
12499,1213,Original Music Composer
18,996,Original Music Composer
68545,29294,Original Music Composer
109614,116085,Original Music Composer
24183,3864210,Music
24183,1491754,Music
53023,24664,Original Music Composer
53023,18170,Music
64802,994575,Original Music Composer
11239,68716,Original Music Composer
50850,29056,Original Music Composer
15321,62086,Original Music Composer
2058,3562,Original Music Composer
9450,7020,Original Music Composer
125021,39023,Original Music Composer
330,491,Original Music Composer
38523,20075,Original Music Composer
16375,1884,Original Music Composer
16375,8377,Original Music Composer
16375,59472,Original Music Composer
33660,26064,Original Music Composer
59232,7728,Original Music Composer
45671,39023,Music
17770,132583,Original Music Composer
15170,7182,Original Music Composer
1701,9989,Original Music Composer
1701,894,Original Music Composer
1701,1234405,Songs
201445,2889164,Original Music Composer
201445,2889163,Original Music Composer
201445,72403,Original Music Composer
26422,37317,Original Music Composer
1639,9989,Original Music Composer
106129,774676,Original Music Composer
291634,3727267,Original Music Composer
291634,5400482,Original Music Composer
107743,126401,Original Music Composer
107743,3313703,Original Music Composer
415,5581,Original Music Composer
47686,53763,Music
65889,7020,Original Music Composer
11103,19155,Original Music Composer
11970,15813,Original Music Composer
11970,15813,Songs
34941,15221,Original Music Composer
8874,1213,Original Music Composer
17991,144931,Original Music Composer
11956,4139920,Original Music Composer
266,3535,Original Music Composer
754,11098,Original Music Composer
37567,68188,Original Music Composer
43771,39405,Music
111367,2340520,Music
111367,5145359,Music
111367,48068,Music
111367,3216858,Music
607,531,Original Music Composer
18080,3393,Original Music Composer
38225,49285,Music
17834,20897,Original Music Composer
686,37,Original Music Composer
4421,7020,Original Music Composer
9387,7728,Original Music Composer
10603,9251,Original Music Composer
2142,117,Original Music Composer
38904,13502,Original Music Composer
45565,1314702,Original Music Composer
9407,153,Original Music Composer
4824,1225,Original Music Composer
9444,3393,Original Music Composer
9444,3965994,Songs
9444,1778308,Songs
9414,19155,Original Music Composer
8078,21962,Original Music Composer
11831,491,Original Music Composer
2895,7435,Original Music Composer
39177,565140,Original Music Composer
19601,1551,Original Music Composer
124606,1487597,Original Music Composer
22797,5581,Original Music Composer
9574,531,Original Music Composer
10371,14712,Original Music Composer
489,6631,Songs
489,531,Original Music Composer
9714,57263,Music
102406,3047679,Original Music Composer
102406,960074,Original Music Composer
102406,3047681,Original Music Composer
102406,3047682,Original Music Composer
8197,195,Original Music Composer
6283,37,Original Music Composer
279698,3585481,Original Music Composer
279698,15520,Original Music Composer
49728,1947696,Original Music Composer
4233,7229,Original Music Composer
191874,55641,Music
10217,5359,Original Music Composer
597,1729,Original Music Composer
597,3997537,Music
714,6489,Original Music Composer
52537,1352801,Original Music Composer
52537,1352800,Original Music Composer
62394,4140,Original Music Composer
9922,1213,Original Music Composer
547,7533,Original Music Composer
547,153,Original Music Composer
25994,7714,Original Music Composer
9746,1551,Original Music Composer
9438,58289,Original Music Composer
115,1225,Original Music Composer
26941,4140,Original Music Composer
27103,1146101,Original Music Composer
27103,3167965,Original Music Composer
9410,9152,Original Music Composer
88863,1023366,Original Music Composer
154821,2521059,Music
41417,28156,Original Music Composer
12538,57911,Original Music Composer
586,8271,Original Music Composer
586,168702,Songs
2666,7020,Original Music Composer
46338,1999,Original Music Composer
54007,57902,Original Music Composer
11258,19155,Original Music Composer
9490,47896,Original Music Composer
9411,1360,Original Music Composer
25719,69101,Original Music Composer
9033,56748,Original Music Composer
11220,1011224,Original Music Composer
11220,68029,Original Music Composer
21253,17657,Music
21253,65464,Music
21253,2987,Original Music Composer
6116,1324662,Original Music Composer
9457,1760,Original Music Composer
43911,18694,Music
39424,21068,Original Music Composer
11702,5553,Original Music Composer
2923,66675,Original Music Composer
2923,63729,Original Music Composer
12238,72184,Original Music Composer
11568,69921,Music
11568,69921,Original Music Composer
41577,144931,Original Music Composer
11003,20822,Original Music Composer
10153,5581,Original Music Composer
47112,1095270,Music
47112,26140,Original Music Composer
47112,5430,Original Music Composer
47112,33391,Original Music Composer
30949,5240,Original Music Composer
2898,947,Original Music Composer
9558,39107,Original Music Composer
320011,63853,Original Music Composer
26269,7182,Original Music Composer
11808,1760,Original Music Composer
6970,26050,Original Music Composer
47452,1472952,Original Music Composer
47452,2564017,Original Music Composer
18205,1388727,Original Music Composer
36943,5401190,Original Music Composer
21736,10593,Music
17941,19155,Original Music Composer
10668,5912,Original Music Composer
10668,28241,Original Music Composer
9313,57263,Original Music Composer
42807,2993695,Music
42807,2993694,Original Music Composer
617,9204,Original Music Composer
617,1277231,Songs
36568,4500,Original Music Composer
37272,63906,Music
5910,636,Original Music Composer
9440,6918,Original Music Composer
53092,1472684,Original Music Composer
32911,42383,Original Music Composer
44308,39827,Original Music Composer
124821,2722,Original Music Composer
93350,39107,Original Music Composer
32144,21276,Original Music Composer
17127,1528,Original Music Composer
40688,38335,Original Music Composer
17133,894,Original Music Composer
17644,58099,Original Music Composer
1774,3914158,Music
1774,3914159,Music
30265,5912,Original Music Composer
2157,20897,Original Music Composer
70581,2498999,Original Music Composer
70581,1230336,Original Music Composer
8838,2289,Original Music Composer
29193,1225,Original Music Composer
795,5488,Original Music Composer
16980,72210,Original Music Composer
27472,37,Original Music Composer
47881,9251,Original Music Composer
9469,57684,Music
9469,1629787,Music
12488,4140,Original Music Composer
98499,72184,Original Music Composer
81367,63923,Music
267,405,Original Music Composer
16148,4153528,Original Music Composer
21252,2585,Original Music Composer
73135,568295,Original Music Composer
9449,5553,Original Music Composer
6264,21418,Music
188870,94999,Original Music Composer
215373,545376,Original Music Composer
78149,3687460,Original Music Composer
78149,61109,Original Music Composer
15513,55440,Original Music Composer
31220,20897,Original Music Composer
13907,92562,Original Music Composer
13907,21418,Original Music Composer
29825,56905,Music
10622,66053,Original Music Composer
10622,28156,Original Music Composer
10622,66052,Original Music Composer
17139,1945979,Original Music Composer
34582,1637,Original Music Composer
10216,1999,Music
9771,43393,Music
9448,5912,Original Music Composer
38618,47927,Original Music Composer
18316,9204,Original Music Composer
78373,70054,Original Music Composer
77514,1285180,Original Music Composer
49474,2046614,Original Music Composer
4415,7728,Original Music Composer
39467,1573466,Original Music Composer
55561,57053,Original Music Composer
8656,1729,Original Music Composer
58680,35838,Original Music Composer
35161,2049493,Music
35796,7020,Original Music Composer
18937,9152,Original Music Composer
18937,939928,Songs
18937,62053,Songs
929,14749,Original Music Composer
929,6489,Original Music Composer
9452,1259,Original Music Composer
1878,19726,Original Music Composer
9844,20836,Original Music Composer
40505,1034666,Original Music Composer
40505,2111709,Original Music Composer
14342,1537021,Original Music Composer
9715,10771,Original Music Composer
26610,552319,Original Music Composer
20064,2987,Original Music Composer
40961,67112,Music
1965,1213,Original Music Composer
312,4524,Original Music Composer
6068,14712,Original Music Composer
15037,25143,Original Music Composer
50043,7741,Original Music Composer
37636,2863,Music
37636,17748,Music
37636,4150817,Music
17044,3433523,Original Music Composer
21334,1729793,Music
32284,2499070,Original Music Composer
51955,34061,Original Music Composer
51955,34060,Original Music Composer
37410,91343,Music
53765,1841195,Original Music Composer
53765,66260,Original Music Composer
10674,1760,Original Music Composer
10674,129889,Songs
136134,1889,Original Music Composer
846,12633,Original Music Composer
12655,11269,Original Music Composer
3050,21068,Original Music Composer
1389,1889,Original Music Composer
11020,69980,Music
20862,42304,Music
108548,1983895,Music
9464,22461,Original Music Composer
95,894,Original Music Composer
95,1234405,Songs
944,2585,Original Music Composer
944,7714,Original Music Composer
944,14322,Original Music Composer
35680,10934,Original Music Composer
11551,1760,Original Music Composer
473,6377,Original Music Composer
102304,5474497,Original Music Composer
544,139767,Original Music Composer
544,3003282,Songs
65203,1147360,Songs
65203,1147360,Music
143,2085,Music
42861,3249,Original Music Composer
33680,1535874,Music
56164,100579,Original Music Composer
56164,1192628,Original Music Composer
56164,1071172,Original Music Composer
56164,1086331,Original Music Composer
12311,72066,Original Music Composer
43277,100579,Original Music Composer
43278,3249,Original Music Composer
34106,4082,Original Music Composer
43266,8503,Original Music Composer
27367,72066,Original Music Composer
27367,30234,Songs
17661,1025725,Music
17661,3448,Songs
28580,7647,Original Music Composer
887,13571,Original Music Composer
33667,8503,Original Music Composer
23383,119339,Original Music Composer
25430,135166,Original Music Composer
27191,26026,Original Music Composer
11426,16748,Original Music Composer
654,9851,Original Music Composer
15919,4345,Original Music Composer
1725,9851,Original Music Composer
5769,14930,Original Music Composer
874,3535,Original Music Composer
10633,13301,Original Music Composer
10633,13301,Songs
17917,9903,Original Music Composer
17917,175505,Original Music Composer
17917,9903,Music
3116,2289,Original Music Composer
3116,1150009,Music
1051,15177,Original Music Composer
1366,10494,Original Music Composer
16619,10468,Original Music Composer
9443,595,Original Music Composer
11050,32398,Original Music Composer
606,2289,Original Music Composer
746,3078,Original Music Composer
746,11382,Original Music Composer
746,1076281,Music
380,947,Original Music Composer
403,947,Original Music Composer
11485,10468,Original Music Composer
466,6357,Original Music Composer
13820,1017998,Original Music Composer
13820,53763,Original Music Composer
13820,13604,Songs
15389,2201960,Original Music Composer
15389,72210,Original Music Composer
13597,7020,Original Music Composer
13597,7487,Songs
2108,21644,Original Music Composer
10014,19155,Original Music Composer
10014,5380152,Songs
10072,5628,Original Music Composer
10131,63923,Original Music Composer
10160,24954,Original Music Composer
11284,58438,Original Music Composer
4488,20953,Original Music Composer
9725,20953,Original Music Composer
9728,2110748,Music
9728,20953,Original Music Composer
9730,20953,Original Music Composer
9730,3103,Music
9731,1446531,Music
9731,20953,Original Music Composer
10225,20953,Original Music Composer
10281,20953,Original Music Composer
10281,23860,Original Music Composer
10283,23860,Original Music Composer
948,11770,Original Music Composer
11281,11770,Original Music Composer
11281,15445,Original Music Composer
10676,11770,Original Music Composer
10676,15445,Original Music Composer
11357,15445,Original Music Composer
11361,15445,Original Music Composer
36599,12700,Original Music Composer
36599,12701,Original Music Composer
39929,12700,Original Music Composer
41828,12700,Original Music Composer
41769,12700,Original Music Composer
10585,65681,Original Music Composer
11186,5912,Original Music Composer
11187,68499,Original Music Composer
11187,68498,Original Music Composer
609,1760,Original Music Composer
11133,1760,Original Music Composer
10306,65681,Original Music Composer
9552,7066,Original Music Composer
11586,1259,Original Music Composer
11587,29707,Original Music Composer
941,7714,Original Music Composer
941,2585,Original Music Composer
942,14322,Original Music Composer
942,2585,Original Music Composer
942,7714,Original Music Composer
943,2585,Original Music Composer
943,7714,Original Music Composer
943,14322,Original Music Composer
927,16155,Original Music Composer
927,1760,Original Music Composer
928,1760,Original Music Composer
9340,10771,Original Music Composer
9342,1729,Original Music Composer
60033,545569,Original Music Composer
12101,58249,Original Music Composer
19,69,Original Music Composer
19,1899458,Original Music Composer
165,37,Original Music Composer
196,37,Original Music Composer
551,491,Original Music Composer
551,68135,Songs
551,68136,Songs
16084,9796,Original Music Composer
17984,57337,Original Music Composer
22328,67610,Music
32611,57337,Music
32611,2523524,Songs
3170,5466,Original Music Composer
3170,31021,Original Music Composer
3170,5467,Music
3170,5466,Songs
346,7460,Original Music Composer
859,1528,Original Music Composer
841,37317,Original Music Composer
841,957917,Original Music Composer
841,1624071,Original Music Composer
841,957919,Original Music Composer
841,56187,Original Music Composer
841,558641,Original Music Composer
841,220908,Original Music Composer
841,72538,Original Music Composer
841,1367506,Original Music Composer
841,1213,Original Music Composer
841,3288743,Music
11051,39624,Original Music Composer
242,2872,Original Music Composer
242,1776,Songs
1411,153,Original Music Composer
9769,1259,Original Music Composer
9424,12633,Original Music Composer
9835,21962,Original Music Composer
857,491,Original Music Composer
17539,50141,Original Music Composer
44322,1749672,Original Music Composer
22777,67610,Original Music Composer
20173,226002,Original Music Composer
10957,7182,Original Music Composer
9570,2289,Original Music Composer
16249,226002,Original Music Composer
13962,57902,Original Music Composer
14612,7752,Original Music Composer
19378,9217,Original Music Composer
29228,226002,Original Music Composer
19379,1938,Original Music Composer
11164,66941,Original Music Composer
18887,64868,Original Music Composer
40866,67610,Original Music Composer
24736,1729,Original Music Composer
10122,37,Original Music Composer
24816,67610,Original Music Composer
24816,5839,Songs
24816,5838,Songs
9994,1938,Original Music Composer
9994,1938,Songs
9994,1227251,Songs
25445,5838,Original Music Composer
25445,5838,Songs
25445,5839,Original Music Composer
25445,5839,Songs
12129,21011,Original Music Composer
14140,21011,Original Music Composer
10439,4500,Original Music Composer
11158,20897,Original Music Composer
9354,3035225,Songs
9354,1729,Original Music Composer
28736,67610,Music
34774,39054,Original Music Composer
34774,5838,Songs
34774,5839,Songs
37969,64868,Original Music Composer
9631,5912,Music
9820,37,Original Music Composer
14013,12939,Original Music Composer
36606,1643438,Original Music Composer
36606,3977592,Original Music Composer
96196,1999,Original Music Composer
10849,20967,Original Music Composer
678,4345,Original Music Composer
907,2704,Original Music Composer
5961,46874,Music
5961,46873,Music
5961,46875,Music
5961,46870,Music
5961,46872,Music
47908,66941,Original Music Composer
42121,1323936,Original Music Composer
2887,1225,Original Music Composer
11974,1760,Original Music Composer
20348,37,Original Music Composer
26648,1163700,Original Music Composer
11911,70917,Original Music Composer
793,5628,Original Music Composer
35144,1729,Original Music Composer
9325,57337,Original Music Composer
9325,5839,Songs
9325,5838,Songs
43037,1398549,Original Music Composer
10340,64868,Original Music Composer
10340,423177,Songs
10340,64870,Songs
10144,15813,Original Music Composer
10144,62049,Songs
10144,15813,Songs
10414,3393,Original Music Composer
10437,63964,Original Music Composer
10437,35040,Songs
15300,15813,Songs
15300,66941,Original Music Composer
15300,197193,Songs
12230,57337,Original Music Composer
12230,116675,Songs
13380,1379643,Original Music Composer
10693,64868,Original Music Composer
10693,1012323,Songs
10693,64868,Songs
11335,69052,Original Music Composer
11335,69052,Songs
11135,20897,Original Music Composer
11319,29352,Original Music Composer
11319,3986969,Songs
11319,3986972,Songs
11319,1012323,Songs
14822,9217,Original Music Composer
13155,8422,Original Music Composer
10249,1729,Original Music Composer
15943,67610,Original Music Composer
10882,57337,Music
10882,1281066,Music
10882,57337,Original Music Composer
10882,57337,Songs
10882,64866,Songs
10882,1012323,Songs
10882,163297,Songs
10882,63670,Songs
10882,5449,Songs
10882,10551,Songs
24808,1729,Original Music Composer
19762,57337,Original Music Composer
13850,3642,Music
13850,1615801,Songs
13850,3890906,Songs
13850,3487906,Songs
13850,1378276,Songs
13850,11440,Songs
13850,1815157,Songs
13850,29758,Songs
13850,89230,Songs
13850,3890967,Songs
13850,20152,Songs
2619,47452,Original Music Composer
65158,49285,Original Music Composer
53565,11434,Music
53565,144566,Music
41841,14712,Original Music Composer
27332,14138,Original Music Composer
97,2284,Original Music Composer
10419,1729,Original Music Composer
11675,9039,Original Music Composer
2107,21611,Original Music Composer
6471,52029,Original Music Composer
9442,7647,Original Music Composer
11591,26064,Original Music Composer
13697,1213,Original Music Composer
19158,53558,Original Music Composer
19158,28155,Original Music Composer
227,2872,Original Music Composer
87,491,Original Music Composer
123,2027,Original Music Composer
9314,57269,Original Music Composer
11336,7714,Original Music Composer
9980,84006,Original Music Composer
9980,84010,Original Music Composer
9980,84008,Original Music Composer
9980,84009,Original Music Composer
10657,9152,Original Music Composer
10489,13669,Original Music Composer
10823,66992,Original Music Composer
11497,69343,Original Music Composer
11497,6459,Songs
11497,2395089,Songs
2907,9251,Original Music Composer
9454,1528,Original Music Composer
8688,11382,Original Music Composer
118452,17748,Original Music Composer
118452,2863,Original Music Composer
16155,10572,Original Music Composer
23954,10934,Original Music Composer
396,10536,Original Music Composer
14367,7714,Original Music Composer
11814,12939,Original Music Composer
16081,3616,Original Music Composer
16081,3616,Songs
18331,3375,Original Music Composer
15171,68137,Music
15171,68137,Original Music Composer
15171,5838,Original Music Composer
15171,5839,Original Music Composer
15171,5838,Songs
15171,5839,Songs
11837,70667,Original Music Composer
11837,30760,Music
11704,1760,Original Music Composer
11704,1760,Songs
11639,7020,Original Music Composer
4978,1729,Original Music Composer
4978,1729,Songs
4978,1785342,Songs
4978,2016242,Songs
10380,1729,Original Music Composer
10380,1729,Songs
11976,1760,Original Music Composer
11976,69601,Music
11976,69600,Music
11976,47927,Music
11976,4813842,Music
15144,12939,Original Music Composer
11522,32398,Original Music Composer
11557,62053,Original Music Composer
13853,37,Original Music Composer
11415,20953,Original Music Composer
37530,20953,Music
8393,55671,Original Music Composer
11937,50239,Original Music Composer
21661,61247,Original Music Composer
9320,49285,Original Music Composer
33644,35838,Original Music Composer
14662,24190,Original Music Composer
125124,33804,Music
115872,405,Original Music Composer
39930,1072476,Original Music Composer
10692,1072476,Original Music Composer
10692,9202,Original Music Composer
10692,1300920,Original Music Composer
805,12013,Original Music Composer
34584,5240,Original Music Composer
34584,1154,Original Music Composer
34636,43393,Original Music Composer
2182,22353,Original Music Composer
28070,1073311,Original Music Composer
10278,9989,Original Music Composer
36647,4140,Original Music Composer
17915,4055,Music
14557,5666,Original Music Composer
9417,10494,Original Music Composer
41469,147865,Original Music Composer
19381,5912,Original Music Composer
34637,1813206,Original Music Composer
4011,531,Original Music Composer
5854,491,Original Music Composer
573,7752,Original Music Composer
2370,2704,Original Music Composer
5780,14930,Original Music Composer
506,1045,Original Music Composer
22527,1045,Original Music Composer
574,1045,Original Music Composer
11219,1045,Original Music Composer
30159,4082,Original Music Composer
845,4082,Original Music Composer
1978,20396,Original Music Composer
3682,7229,Original Music Composer
51942,554253,Original Music Composer
46702,1341802,Original Music Composer
54795,1024855,Original Music Composer
46748,70687,Original Music Composer
847,1729,Original Music Composer
117,1259,Original Music Composer
14577,21068,Original Music Composer
37498,960067,Original Music Composer
37498,961004,Original Music Composer
38621,16929,Original Music Composer
28047,5912,Original Music Composer
4175,37467,Original Music Composer
31667,8619,Original Music Composer
13321,13571,Original Music Composer
21734,4082,Music
21734,13957,Music
21734,4082,Original Music Composer
21734,590785,Original Music Composer
31997,30104,Original Music Composer
24197,101711,Music
11462,8619,Original Music Composer
31995,552405,Original Music Composer
940,3613,Original Music Composer
940,3605,Original Music Composer
2762,3613,Original Music Composer
2762,3604,Original Music Composer
12684,3604,Music
12684,3603,Music
12684,3613,Music
2761,3603,Music
2761,47675,Music
8208,562909,Music
8208,3605,Music
15007,553845,Original Music Composer
36049,553845,Original Music Composer
31930,97214,Original Music Composer
543,3603,Original Music Composer
543,2527737,Original Music Composer
543,2527736,Original Music Composer
2760,34954,Music
2760,1046883,Music
10220,19155,Original Music Composer
431,5907,Original Music Composer
31641,1531237,Original Music Composer
69848,37592,Original Music Composer
22796,9251,Original Music Composer
22256,68761,Original Music Composer
37550,117950,Original Music Composer
37916,25321,Original Music Composer
21873,10771,Original Music Composer
21500,7182,Original Music Composer
84116,153,Original Music Composer
12626,10494,Original Music Composer
37818,13669,Original Music Composer
3525,174875,Songs
3525,174875,Original Music Composer
129628,40150,Original Music Composer
2321,3078,Original Music Composer
2028,21068,Original Music Composer
2028,851,Original Music Composer
16384,12939,Original Music Composer
91217,153,Original Music Composer
77314,142387,Original Music Composer
10699,1528,Original Music Composer
11597,947,Original Music Composer
11597,558105,Original Music Composer
218624,28947,Music
218624,28947,Original Music Composer
47947,2704,Original Music Composer
48311,19711,Original Music Composer
44772,12068,Original Music Composer
14347,66142,Original Music Composer
41090,531,Original Music Composer
18282,68499,Original Music Composer
18169,63964,Original Music Composer
11082,7066,Original Music Composer
5971,1528,Original Music Composer
11933,7714,Original Music Composer
20096,32398,Original Music Composer
30815,4140,Original Music Composer
881,9251,Original Music Composer
4478,2289,Original Music Composer
22318,46353,Original Music Composer
53113,2120,Original Music Composer
2109,21637,Music
2109,9217,Original Music Composer
122289,75940,Original Music Composer
24746,6041,Original Music Composer
24746,104008,Songs
24746,104004,Songs
24746,104006,Songs
24746,104005,Songs
72987,54449,Original Music Composer
193103,7491,Original Music Composer
8195,43609,Original Music Composer
8195,5409340,Music
9877,19155,Original Music Composer
26618,6394,Music
21132,17990,Music
11855,2987,Original Music Composer
24016,11382,Original Music Composer
14785,1521933,Original Music Composer
14785,1865467,Music
14794,32159,Original Music Composer
3486,32159,Music
11071,14861,Original Music Composer
1091,1259,Original Music Composer
1091,11770,Original Music Composer
1091,15445,Original Music Composer
10403,153,Original Music Composer
162,531,Original Music Composer
25723,57874,Original Music Composer
73351,58099,Original Music Composer
8916,11098,Original Music Composer
8916,5553,Original Music Composer
28134,133811,Original Music Composer
9429,25143,Original Music Composer
12159,7714,Original Music Composer
27791,1181479,Original Music Composer
43106,101984,Music
30197,719,Original Music Composer
30197,14639,Songs
30197,1900630,Songs
10156,719,Original Music Composer
10377,14712,Original Music Composer
3121,30594,Original Music Composer
3121,30595,Original Music Composer
3121,8963,Original Music Composer
3121,13652,Original Music Composer
3121,2048,Original Music Composer
3121,30599,Original Music Composer
3121,30601,Original Music Composer
3121,30602,Original Music Composer
3121,30604,Original Music Composer
4975,11382,Original Music Composer
37532,130163,Original Music Composer
9713,37,Original Music Composer
134368,20897,Original Music Composer
85837,1023350,Original Music Composer
1039,15119,Music
9821,7020,Original Music Composer
4437,8422,Original Music Composer
1890,4055,Original Music Composer
1955,719,Original Music Composer
39437,3562,Original Music Composer
11932,5912,Original Music Composer
6435,37,Original Music Composer
108316,23486,Original Music Composer
10683,69925,Original Music Composer
63709,1522812,Music
9445,9039,Original Music Composer
2657,7885,Original Music Composer
9425,49285,Original Music Composer
32326,1463861,Original Music Composer
637,9245,Original Music Composer
8675,55634,Original Music Composer
125762,134463,Original Music Composer
20701,552620,Original Music Composer
20701,13367,Original Music Composer
20701,978297,Original Music Composer
20701,568289,Original Music Composer
20701,58864,Original Music Composer
9945,11770,Original Music Composer
73,851,Original Music Composer
18603,2235391,Original Music Composer
46889,1528,Original Music Composer
12888,2420177,Original Music Composer
12888,1235248,Songs
3033,1225,Original Music Composer
9882,5912,Original Music Composer
10663,70554,Music
4518,37757,Original Music Composer
1808,1225,Original Music Composer
1808,17748,Music
3600,21962,Original Music Composer
17037,4500,Original Music Composer
297,153,Original Music Composer
5332,43623,Original Music Composer
21589,91340,Original Music Composer
21589,5483706,Songs
21589,5515956,Songs
21589,5515960,Songs
21589,5515967,Songs
21589,5515969,Songs
21589,5515971,Songs
8336,1426220,Original Music Composer
11893,7020,Original Music Composer
123056,2722,Original Music Composer
12223,6357,Original Music Composer
32081,10771,Original Music Composer
14924,1299116,Original Music Composer
14924,58296,Original Music Composer
10002,7714,Original Music Composer
10002,110001,Songs
41817,228185,Original Music Composer
19426,3098,Original Music Composer
12560,72860,Original Music Composer
12560,10494,Music
9798,5553,Original Music Composer
9798,894,Original Music Composer
14444,5666,Original Music Composer
9487,7885,Original Music Composer
9487,7885,Songs
666,8576,Original Music Composer
666,10039,Original Music Composer
2042,10364,Original Music Composer
10162,26140,Original Music Composer
309,4474,Original Music Composer
1678,425396,Original Music Composer
39256,151173,Original Music Composer
39256,19155,Music
1680,425396,Original Music Composer
1680,1617313,Music
1680,1063401,Music
244,3249,Original Music Composer
10730,2289,Original Music Composer
31947,29056,Original Music Composer
8130,153,Original Music Composer
11532,69755,Original Music Composer
11532,69756,Original Music Composer
9749,799,Original Music Composer
14628,799,Original Music Composer
9626,1259,Original Music Composer
13698,153,Original Music Composer
10466,35838,Original Music Composer
707,2289,Original Music Composer
11954,1938,Original Music Composer
9336,43393,Original Music Composer
10157,43393,Original Music Composer
12118,43393,Original Music Composer
10587,43393,Original Music Composer
11825,43393,Original Music Composer
11895,43393,Original Music Composer
9447,58065,Original Music Composer
9447,7885,Songs
12257,3562,Original Music Composer
37536,2344040,Original Music Composer
10029,2987,Original Music Composer
11252,1045,Original Music Composer
8545,32347,Original Music Composer
10223,531,Original Music Composer
9745,894,Original Music Composer
200,1760,Original Music Composer
9837,42910,Songs
9837,947,Original Music Composer
11545,5666,Original Music Composer
1934,469,Original Music Composer
110643,10494,Music
11881,14647,Original Music Composer
11881,701959,Music
13764,1938,Original Music Composer
24951,2704,Original Music Composer
8879,195,Original Music Composer
1369,1760,Original Music Composer
1368,1760,Original Music Composer
1370,1760,Original Music Composer
10303,7066,Original Music Composer
9326,37,Original Music Composer
10328,1729,Original Music Composer
11285,1729,Original Music Composer
1367,10494,Original Music Composer
1371,10494,Original Music Composer
1374,16637,Original Music Composer
1374,5079089,Songs
1374,5847709,Songs
1374,3003282,Songs
1375,10494,Original Music Composer
15196,719,Original Music Composer
11904,20897,Original Music Composer
215875,7422,Original Music Composer
215875,63049,Songs
215875,7422,Songs
215875,3051723,Songs
15596,531,Original Music Composer
13818,174875,Original Music Composer
13818,174875,Songs
29968,1233046,Songs
29968,174875,Songs
29968,228185,Original Music Composer
44326,66941,Original Music Composer
1885,10494,Original Music Composer
8856,174875,Songs
8856,10494,Original Music Composer
10495,10494,Original Music Composer
10495,1121033,Music
5825,5628,Original Music Composer
9489,1528,Original Music Composer
9489,7885,Songs
16885,1464580,Original Music Composer
76857,24190,Original Music Composer
8741,947,Original Music Composer
9276,7229,Original Music Composer
9822,1729,Original Music Composer
39314,4345,Original Music Composer
10312,9251,Original Music Composer
9441,491,Original Music Composer
9422,531,Original Music Composer
125582,9769,Original Music Composer
24525,98084,Original Music Composer
24525,1553782,Original Music Composer
10368,65250,Music
10368,65249,Music
11365,69297,Original Music Composer
11365,51064,Original Music Composer
140897,94511,Original Music Composer
140897,72441,Original Music Composer
31662,19016,Original Music Composer
1363,1225,Original Music Composer
46992,27265,Original Music Composer
825,2289,Original Music Composer
22913,34002,Original Music Composer
15556,4140,Original Music Composer
28902,5581,Original Music Composer
14709,4140,Original Music Composer
9423,49285,Original Music Composer
14443,14749,Original Music Composer
10658,2289,Original Music Composer
10658,228814,Songs
6917,52953,Original Music Composer
40729,21254,Original Music Composer
24086,20897,Original Music Composer
11815,4681,Original Music Composer
9426,117,Original Music Composer
10344,19155,Original Music Composer
15698,1492920,Original Music Composer
15698,4789338,Music
15698,1744669,Music
2620,1296185,Music
30497,75406,Music
30497,10051,Music
16337,10051,Original Music Composer
16337,1414158,Original Music Composer
25018,568289,Original Music Composer
25018,978297,Original Music Composer
16780,934061,Original Music Composer
16780,75406,Original Music Composer
12151,71791,Songs
12151,1428,Songs
12151,35838,Original Music Composer
25438,19155,Original Music Composer
25438,147902,Songs
25438,2496334,Songs
33278,13669,Original Music Composer
274253,2886167,Original Music Composer
192,1729,Original Music Composer
10945,153,Original Music Composer
10013,2289,Original Music Composer
9671,3048,Original Music Composer
9396,3048,Original Music Composer
11038,1213,Original Music Composer
12278,18663,Original Music Composer
11873,72861,Music
18588,40438,Original Music Composer
10015,195,Original Music Composer
12715,40438,Original Music Composer
8388,7182,Original Music Composer
45712,117,Original Music Composer
6187,1808473,Original Music Composer
8129,1528,Original Music Composer
1618,1463143,Original Music Composer
10722,66818,Original Music Composer
296543,1098700,Music
10314,2987,Original Music Composer
125548,2280974,Original Music Composer
125548,1387359,Original Music Composer
47139,571135,Original Music Composer
47139,571124,Original Music Composer
11167,68427,Original Music Composer
170187,1042746,Original Music Composer
2112,21514,Original Music Composer
16172,1114370,Original Music Composer
9524,5430,Original Music Composer
20595,947,Original Music Composer
16306,30547,Original Music Composer
11622,70054,Original Music Composer
10207,5488,Original Music Composer
9849,4500,Original Music Composer
82865,28155,Original Music Composer
18892,21276,Original Music Composer
13466,4140,Original Music Composer
1542,21962,Original Music Composer
15256,137173,Original Music Composer
15256,5666,Original Music Composer
8224,5359,Original Music Composer
18417,3562,Original Music Composer
12479,4140,Original Music Composer
15209,62272,Music
26425,159934,Original Music Composer
1847,491,Original Music Composer
42113,71029,Original Music Composer
8913,5581,Original Music Composer
10906,51704,Original Music Composer
25748,46353,Original Music Composer
25749,46353,Original Music Composer
8769,11770,Original Music Composer
8769,15445,Original Music Composer
14742,9580,Original Music Composer
15856,1176692,Original Music Composer
10671,8503,Original Music Composer
27932,33911,Original Music Composer
7227,33911,Original Music Composer
10670,9217,Original Music Composer
5919,491,Original Music Composer
5919,68136,Songs
5919,68135,Songs
33518,1214909,Original Music Composer
40160,52025,Original Music Composer
2362,24315,Original Music Composer
10803,1760,Original Music Composer
871,1760,Original Music Composer
1685,2027,Original Music Composer
1705,2027,Original Music Composer
1688,18663,Original Music Composer
1687,1760,Original Music Composer
166680,1122025,Original Music Composer
11123,491,Original Music Composer
29723,9217,Original Music Composer
31638,7769,Music
9535,117,Original Music Composer
9455,1225,Original Music Composer
796,1999,Original Music Composer
796,137704,Original Music Composer
100,960,Original Music Composer
100,959,Original Music Composer
47501,10572,Original Music Composer
84586,1537143,Music
30943,7182,Original Music Composer
107946,67695,Original Music Composer
7341,53289,Original Music Composer
10350,6489,Original Music Composer
10350,51588,Original Music Composer
11772,70443,Original Music Composer
9540,117,Original Music Composer
31503,20953,Original Music Composer
11773,7752,Original Music Composer
30202,7752,Original Music Composer
22345,12700,Original Music Composer
53685,5470743,Original Music Composer
53685,1318031,Original Music Composer
53685,1459002,Original Music Composer
1567,5073136,Music
1641,11098,Original Music Composer
47288,2286131,Original Music Composer
47288,931310,Songs
47288,931310,Original Music Composer
10212,10759,Original Music Composer
10212,64188,Original Music Composer
10354,195,Original Music Composer
8583,1528,Original Music Composer
16520,8503,Original Music Composer
16520,931310,Songs
16520,931310,Original Music Composer
16508,30693,Original Music Composer
11374,14712,Original Music Composer
16379,42304,Original Music Composer
125123,6205,Original Music Composer
28029,20836,Original Music Composer
603,4949,Original Music Composer
4951,21068,Original Music Composer
4951,1238557,Songs
65749,9217,Original Music Composer
8970,9251,Original Music Composer
9840,2422,Original Music Composer
186705,2949,Original Music Composer
30950,8271,Original Music Composer
70687,1538328,Original Music Composer
11660,558,Original Music Composer
9430,6898,Original Music Composer
11355,3393,Original Music Composer
18764,60102,Original Music Composer
18764,27265,Original Music Composer
18764,238973,Original Music Composer
9465,57124,Original Music Composer
1414,405,Original Music Composer
49981,9039,Music
6522,4246,Original Music Composer
10209,33391,Original Music Composer
25512,5070,Music
143299,66941,Music
22826,1947696,Music
1902,19843,Original Music Composer
1902,19840,Original Music Composer
445590,6422,Music
39964,4500,Original Music Composer
12596,851,Original Music Composer
9451,24190,Original Music Composer
1946,117,Original Music Composer
42230,1011224,Original Music Composer
42230,1848690,Music
139445,2058531,Music
139445,2125759,Music
1844,19155,Original Music Composer
6552,5912,Original Music Composer
24584,17252,Music
213985,67112,Music
25471,65285,Original Music Composer
4154,35059,Original Music Composer
28519,1813027,Original Music Composer
3309,3249,Original Music Composer
18462,1199560,Original Music Composer
28941,98138,Original Music Composer
18252,19746,Original Music Composer
8592,531,Original Music Composer
8592,52154,Original Music Composer
8592,52154,Songs
564,1760,Original Music Composer
13852,75903,Original Music Composer
13852,42383,Original Music Composer
25232,1989717,Original Music Composer
10210,7741,Original Music Composer
53862,35838,Original Music Composer
17962,1087689,Original Music Composer
9460,26729,Original Music Composer
122190,11098,Original Music Composer
1893,491,Original Music Composer
31342,66675,Original Music Composer
44297,65250,Original Music Composer
95627,1538340,Original Music Composer
8785,55975,Original Music Composer
15849,78832,Original Music Composer
18990,1199563,Original Music Composer
29242,13957,Music
29242,30130,Music
29242,30104,Music
29242,4082,Music
29242,30240,Songs
29242,88986,Songs
29242,4681,Original Music Composer
29242,30681,Original Music Composer
29243,1582185,Music
29243,13957,Music
29243,30130,Music
29243,30104,Music
31498,30104,Music
31498,30130,Music
29239,30130,Music
29239,13957,Music
29239,30268,Music
29239,30104,Music
15660,1938,Original Music Composer
1924,491,Original Music Composer
8536,57892,Original Music Composer
8536,491,Music
9531,57892,Original Music Composer
11411,1761,Original Music Composer
30793,30681,Original Music Composer
3103,30411,Original Music Composer
3103,30104,Music
3103,13957,Music
3103,30130,Original Music Composer
3035,29810,Original Music Composer
3077,30104,Original Music Composer
3074,13957,Music
3074,30130,Original Music Composer
3076,30130,Original Music Composer
3079,30137,Original Music Composer
32023,30130,Original Music Composer
13666,13957,Music
13666,30130,Music
13666,30104,Music
29794,40283,Original Music Composer
9077,56928,Original Music Composer
36685,39023,Original Music Composer
36685,39023,Songs
43391,111193,Original Music Composer
10785,4082,Original Music Composer
19483,103356,Original Music Composer
19483,1938,Original Music Composer
19483,56928,Original Music Composer
8974,40460,Original Music Composer
11549,69813,Original Music Composer
27625,91999,Original Music Composer
41516,30268,Original Music Composer
41516,30130,Original Music Composer
41516,56928,Original Music Composer
17918,20953,Original Music Composer
37305,2027,Original Music Composer
18784,8619,Original Music Composer
509,7020,Original Music Composer
1090,5430,Original Music Composer
24858,73647,Music
55912,27456,Original Music Composer
55912,1193974,Original Music Composer
55912,27457,Original Music Composer
12117,531,Original Music Composer
11779,4710460,Music
41730,2440270,Original Music Composer
100568,7435,Music
13533,4218387,Original Music Composer
62676,20836,Original Music Composer
817,9204,Original Music Composer
14283,69792,Original Music Composer
37135,9989,Original Music Composer
37135,110001,Songs
2275,1225,Original Music Composer
68426,170664,Original Music Composer
24137,46863,Original Music Composer
10376,1259,Original Music Composer
104,1075,Original Music Composer
104,1076,Original Music Composer
104,1071,Original Music Composer
9032,20822,Original Music Composer
9421,1965,Original Music Composer
55955,469,Original Music Composer
67067,1188738,Music
6488,7020,Original Music Composer
9473,57637,Music
9473,9251,Original Music Composer
9473,34517,Songs
9473,9251,Songs
8487,7182,Original Music Composer
10279,5287,Original Music Composer
125263,5010,Original Music Composer
2105,21587,Original Music Composer
1073,5628,Original Music Composer
10239,2994124,Music
10239,2994122,Music
10239,2994120,Music
10239,2994121,Music
10208,64186,Original Music Composer
2667,27758,Original Music Composer
48958,33319,Original Music Composer
345,5017,Original Music Composer
9825,9039,Original Music Composer
16158,1130892,Original Music Composer
133575,1200355,Original Music Composer
620,7182,Original Music Composer
2978,14712,Original Music Composer
10490,5666,Original Music Composer
11618,1760,Original Music Composer
332,4500,Original Music Composer
1812,1078101,Original Music Composer
8914,894,Original Music Composer
9824,469,Original Music Composer
4806,1213,Original Music Composer
33430,41889,Music
247,3350,Original Music Composer
10056,3350,Music
967,10536,Original Music Composer
802,12008,Music
802,4360,Original Music Composer
3175,2027,Original Music Composer
147,2384622,Original Music Composer
1628,3535,Original Music Composer
21185,1729,Original Music Composer
11120,2704,Original Music Composer
10136,35838,Original Music Composer
32060,6357,Original Music Composer
48686,98606,Original Music Composer
48686,1096248,Original Music Composer
48259,3535,Original Music Composer
873,13301,Original Music Composer
873,13301,Songs
873,1492920,Songs
873,1228404,Songs
873,4635125,Songs
873,1637144,Songs
48660,3393,Original Music Composer
26789,37,Original Music Composer
3934,34263,Original Music Composer
108312,1499801,Original Music Composer
198469,15130,Music
11416,1259,Original Music Composer
10776,63964,Original Music Composer
10776,15813,Original Music Composer
10776,15813,Songs
24452,91999,Music
24452,89036,Original Music Composer
9710,58703,Original Music Composer
31924,124008,Original Music Composer
24081,12700,Original Music Composer
20242,37,Original Music Composer
39074,1455,Original Music Composer
39074,1427791,Original Music Composer
66194,4897377,Original Music Composer
2115,153,Original Music Composer
23599,65681,Original Music Composer
3526,2289,Original Music Composer
41166,69980,Original Music Composer
16406,4500,Original Music Composer
197239,3433523,Original Music Composer
197239,1124455,Original Music Composer
10386,7714,Original Music Composer
745,1213,Original Music Composer
745,1622498,Music
913,10494,Original Music Composer
912,10934,Original Music Composer
12229,71774,Original Music Composer
67323,1486321,Original Music Composer
19457,117,Original Music Composer
11353,3393,Original Music Composer
17707,3393,Original Music Composer
9781,28156,Original Music Composer
102489,20075,Original Music Composer
18212,983104,Music
13817,75678,Music
126996,30634,Original Music Composer
48781,14138,Original Music Composer
12185,10771,Original Music Composer
29056,99452,Original Music Composer
26857,1176692,Original Music Composer
28501,99452,Original Music Composer
29030,31291,Original Music Composer
25319,1438739,Original Music Composer
29074,99452,Original Music Composer
24103,719,Original Music Composer
10552,37,Original Music Composer
9267,38646,Original Music Composer
10766,1760,Original Music Composer
10768,1760,Original Music Composer
813,7182,Original Music Composer
2665,7182,Original Music Composer
9406,58389,Original Music Composer
9406,5448620,Songs
11418,50239,Original Music Composer
11153,69343,Original Music Composer
11153,82240,Songs
14170,7182,Original Music Composer
2280,117,Original Music Composer
11077,63964,Original Music Composer
28597,25143,Original Music Composer
22611,1087518,Original Music Composer
22611,1087519,Original Music Composer
22611,5838,Songs
22611,5839,Songs
39780,153,Original Music Composer
10396,10771,Original Music Composer
9944,1729,Original Music Composer
850,12700,Original Music Composer
850,12701,Original Music Composer
10154,7728,Original Music Composer
10342,21962,Original Music Composer
10366,4949,Original Music Composer
9349,47927,Music
10494,65442,Original Music Composer
126152,11098,Original Music Composer
22314,19155,Original Music Composer
35813,96251,Original Music Composer
11037,7728,Original Music Composer
11955,71035,Original Music Composer
2038,20953,Original Music Composer
28737,12700,Original Music Composer
11963,10771,Original Music Composer
9096,1760,Original Music Composer
113273,10572,Original Music Composer
103793,44692,Music
1911,1760,Original Music Composer
2900,9204,Original Music Composer
17709,70054,Music
37718,11370,Original Music Composer
47144,38006,Original Music Composer
104896,1905001,Original Music Composer
30964,53908,Music
52366,20075,Original Music Composer
6373,1999,Original Music Composer
2162,11098,Original Music Composer
2162,947,Original Music Composer
14578,213605,Music
40694,2614020,Original Music Composer
40694,2954496,Original Music Composer
4338,37038,Original Music Composer
49184,2987,Original Music Composer
10307,43609,Original Music Composer
10307,64809,Original Music Composer
11601,1213,Original Music Composer
18621,7045,Original Music Composer
1075,15259,Original Music Composer
1075,15258,Original Music Composer
1075,15260,Original Music Composer
21719,7229,Original Music Composer
47951,11382,Original Music Composer
47951,69161,Original Music Composer
43832,4082,Original Music Composer
47697,1029007,Original Music Composer
47697,14807,Original Music Composer
49792,42462,Original Music Composer
77064,9039,Original Music Composer
26522,15193,Original Music Composer
23761,185998,Music
24097,1568766,Original Music Composer
42114,63923,Original Music Composer
28295,229716,Original Music Composer
12105,10215,Music
12105,10592,Songs
12105,10215,Songs
12105,10593,Songs
14,153,Original Music Composer
24128,3078,Original Music Composer
24128,91230,Original Music Composer
24128,91233,Original Music Composer
24128,91229,Original Music Composer
24128,1192691,Original Music Composer
11001,1999,Original Music Composer
10390,7728,Original Music Composer
9453,4416,Original Music Composer
9453,58024,Music
9453,45670,Original Music Composer
9453,58025,Music
704,10215,Songs
704,10592,Songs
35122,46353,Original Music Composer
142132,1116373,Original Music Composer
24153,65681,Original Music Composer
11797,2722,Original Music Composer
18086,2722,Original Music Composer
17887,16891,Original Music Composer
11527,7020,Original Music Composer
42848,5912,Music
42848,6394,Music
40867,2525104,Songs
1049,531,Original Music Composer
28032,1880612,Songs
28032,3612151,Songs
28032,71794,Songs
28032,71794,Original Music Composer
28032,11166,Original Music Composer
11326,47098,Original Music Composer
28377,64050,Original Music Composer
10975,67694,Original Music Composer
10975,1400227,Music
10974,1178936,Original Music Composer
10974,1092381,Music
10398,17212,Original Music Composer
2290,1999,Original Music Composer
24071,1213,Original Music Composer
62994,23486,Music
62994,960248,Music
60994,23486,Original Music Composer
16112,4500,Original Music Composer
32305,6041,Music
14429,2433856,Original Music Composer
15198,1225,Original Music Composer
6415,1225,Original Music Composer
24066,3131579,Music
21430,1168192,Original Music Composer
10381,7045,Original Music Composer
10381,7045,Music
26338,1628306,Original Music Composer
26338,1628307,Original Music Composer
42486,67610,Original Music Composer
60285,175505,Original Music Composer
5622,44418,Original Music Composer
10349,19155,Original Music Composer
42518,26026,Music
29787,8422,Original Music Composer
9638,58249,Original Music Composer
9638,58250,Original Music Composer
10576,1760,Original Music Composer
12662,1225,Original Music Composer
61369,8503,Original Music Composer
11712,18609,Original Music Composer
12618,10771,Original Music Composer
13824,32398,Original Music Composer
226,2863,Original Music Composer
69851,1095240,Original Music Composer
10388,8377,Original Music Composer
17198,170131,Original Music Composer
44857,7020,Original Music Composer
9346,69601,Original Music Composer
9346,69600,Original Music Composer
9346,47927,Original Music Composer
9346,4813842,Music
861,1760,Original Music Composer
14412,2289,Original Music Composer
9377,12939,Music
9377,12939,Original Music Composer
11541,2704,Original Music Composer
2457,43784,Original Music Composer
11901,55319,Original Music Composer
4929,21810,Original Music Composer
85325,10494,Music
11230,68673,Original Music Composer
8416,3535,Original Music Composer
11054,67951,Original Music Composer
24453,7066,Original Music Composer
18254,52154,Original Music Composer
18254,10771,Original Music Composer
20123,53908,Original Music Composer
16642,1259,Original Music Composer
2593,15119,Music
42020,2486795,Music
3086,30253,Music
3086,30254,Music
3086,30255,Music
3086,29759,Music
3086,30256,Music
3086,30257,Music
16305,30254,Music
16305,30257,Music
32255,26026,Original Music Composer
48797,1126231,Music
19997,30922,Original Music Composer
3767,13571,Original Music Composer
17352,8503,Original Music Composer
17352,931310,Songs
17352,931310,Music
17352,931310,Original Music Composer
535,1154,Original Music Composer
535,21644,Original Music Composer
535,5079089,Songs
2731,9152,Original Music Composer
1654,21011,Original Music Composer
31043,42462,Original Music Composer
31043,2289,Original Music Composer
14831,10592,Songs
14831,10215,Songs
14831,10593,Songs
658,2289,Original Music Composer
657,2289,Original Music Composer
657,9903,Songs
646,9864,Original Music Composer
5689,7728,Original Music Composer
391,1259,Original Music Composer
8052,312,Original Music Composer
8052,40468,Original Music Composer
772,491,Original Music Composer
65452,1483565,Music
31650,7714,Original Music Composer
302579,1384742,Music
550,7477,Original Music Composer
550,7478,Original Music Composer
97537,2049493,Original Music Composer
97537,2394542,Music
97537,1261369,Songs
97537,5461950,Original Music Composer
12220,9251,Original Music Composer
12220,2585,Original Music Composer
1610,34002,Original Music Composer
1610,34003,Original Music Composer
53151,1523050,Music
53151,568296,Music
29064,20953,Original Music Composer
404,5628,Original Music Composer
42196,10536,Original Music Composer
36819,1250017,Original Music Composer
36819,7020,Original Music Composer
42726,19607,Original Music Composer
42726,70179,Songs
9343,20552,Original Music Composer
16858,69343,Original Music Composer
42006,65285,Original Music Composer
10496,5912,Original Music Composer
16162,9769,Original Music Composer
8649,7182,Original Music Composer
31306,12633,Original Music Composer
10563,5912,Original Music Composer
14484,4140,Original Music Composer
214735,1078214,Music
214735,1962053,Music
32043,59880,Original Music Composer
15247,2289,Original Music Composer
29251,21810,Original Music Composer
5548,7728,Original Music Composer
5549,2027,Original Music Composer
856,37,Original Music Composer
38772,42625,Original Music Composer
699,10494,Original Music Composer
709,7714,Original Music Composer
709,3035225,Songs
709,75634,Songs
253,10214,Original Music Composer
13511,35079,Music
660,2289,Original Music Composer
46798,2964783,Original Music Composer
11377,4949,Original Music Composer
26149,1234405,Songs
26149,20836,Original Music Composer
492,1225,Original Music Composer
108346,1135,Original Music Composer
98480,1227686,Original Music Composer
128,636,Original Music Composer
46286,69925,Original Music Composer
8672,20552,Original Music Composer
8056,53908,Original Music Composer
2020,960,Original Music Composer
2020,959,Original Music Composer
9481,7045,Original Music Composer
9008,948,Original Music Composer
9008,55998,Original Music Composer
14242,84924,Original Music Composer
16129,1027127,Original Music Composer
16129,1027128,Original Music Composer
11489,70315,Original Music Composer
28145,175505,Original Music Composer
18111,19711,Original Music Composer
31361,1010896,Songs
31361,1838180,Original Music Composer
11223,1760,Original Music Composer
16281,13367,Original Music Composer
16288,1144920,Original Music Composer
1694,19711,Original Music Composer
476,5581,Original Music Composer
37094,1213,Original Music Composer
13555,1081818,Original Music Composer
24831,14138,Original Music Composer
64963,40167,Original Music Composer
85160,1432466,Original Music Composer
25560,3098,Original Music Composer
21610,548768,Original Music Composer
11878,18609,Original Music Composer
11510,50239,Original Music Composer
11234,68685,Original Music Composer
957,719,Original Music Composer
957,3035225,Songs
11886,3986967,Songs
11886,3892,Songs
11886,134439,Songs
11886,57337,Original Music Composer
37853,8619,Original Music Composer
62204,20075,Original Music Composer
11040,1620780,Music
21849,1098536,Original Music Composer
1621,18170,Music
1621,7182,Original Music Composer
14035,7182,Original Music Composer
40771,1344166,Original Music Composer
40772,12700,Original Music Composer
40773,44027,Original Music Composer
11498,9152,Original Music Composer
29371,2095596,Original Music Composer
47941,65681,Original Music Composer
29048,57892,Original Music Composer
19052,5553,Original Music Composer
21349,531,Original Music Composer
1832,117,Original Music Composer
10047,996,Music
10228,73052,Music
10228,1490808,Music
47692,5359,Original Music Composer
18561,24190,Original Music Composer
144953,4055,Music
37426,118217,Original Music Composer
11663,70146,Original Music Composer
13485,30176,Songs
13485,30176,Original Music Composer
9289,2704,Original Music Composer
9264,50715,Original Music Composer
18222,100544,Original Music Composer
18222,160111,Songs
18222,2512332,Songs
124853,937927,Original Music Composer
11165,1760,Original Music Composer
4203,27045,Original Music Composer
24226,9796,Original Music Composer
88875,2704,Original Music Composer
11379,69161,Original Music Composer
29154,63923,Original Music Composer
2039,20967,Original Music Composer
77915,9796,Original Music Composer
11943,39998,Original Music Composer
11943,44261,Original Music Composer
11481,69560,Original Music Composer
2690,5805,Original Music Composer
27141,60628,Original Music Composer
10399,39827,Original Music Composer
90762,2495026,Original Music Composer
2668,531,Original Music Composer
36643,6489,Original Music Composer
99,405,Original Music Composer
77010,104250,Original Music Composer
25898,2523524,Songs
9647,531,Original Music Composer
11787,30104,Music
5156,12331,Original Music Composer
24276,20836,Original Music Composer
11953,71029,Original Music Composer
44662,425396,Original Music Composer
29005,3185,Original Music Composer
26371,54449,Original Music Composer
596,8503,Original Music Composer
52470,30104,Original Music Composer
20334,2500,Original Music Composer
11393,7885,Original Music Composer
31121,10557,Original Music Composer
293,4140,Original Music Composer
10998,2704,Original Music Composer
12235,2289,Original Music Composer
36094,491,Original Music Composer
9013,531,Original Music Composer
11005,7885,Original Music Composer
59820,14712,Original Music Composer
2924,947,Original Music Composer
177,1528,Original Music Composer
38557,491,Original Music Composer
42087,50520,Original Music Composer
13681,66780,Original Music Composer
34760,8422,Music
9946,4500,Original Music Composer
863,7885,Songs
863,7885,Original Music Composer
31582,1687167,Original Music Composer
125520,6111,Original Music Composer
22267,5359,Original Music Composer
55123,7435,Original Music Composer
5486,29501,Original Music Composer
10411,14712,Original Music Composer
41462,40460,Original Music Composer
1718,3249,Original Music Composer
15506,1123365,Original Music Composer
20024,10759,Original Music Composer
78256,97450,Music
13787,5628,Original Music Composer
54933,1098068,Original Music Composer
9684,20967,Music
9586,10771,Original Music Composer
33015,47087,Original Music Composer
777,11555,Original Music Composer
21887,7182,Original Music Composer
5652,40460,Original Music Composer
5652,40460,Music
19664,51883,Original Music Composer
32331,62053,Original Music Composer
32669,58099,Original Music Composer
18161,82427,Music
18161,82426,Music
18161,82428,Music
31681,9217,Original Music Composer
33666,21011,Original Music Composer
32274,10364,Original Music Composer
32274,1422473,Songs
10402,20822,Original Music Composer
497,153,Original Music Composer
1715,3562,Original Music Composer
35118,26064,Original Music Composer
42739,7741,Original Music Composer
15515,1045,Original Music Composer
75888,7647,Original Music Composer
1439,17169,Original Music Composer
1439,1528,Original Music Composer
2277,1729,Original Music Composer
10137,37,Original Music Composer
10387,65285,Original Music Composer
49948,2522,Music
49948,1808282,Music
49948,588711,Music
49948,974330,Music
49948,1046051,Music
49948,20153,Music
49948,1808200,Music
49948,957523,Music
334,312,Original Music Composer
334,4771,Songs
30237,1553280,Music
30237,5409340,Music
50116,2987,Original Music Composer
46435,69297,Songs
46435,24717,Original Music Composer
46435,233247,Songs
22213,68498,Music
22213,68499,Music
47070,9796,Original Music Composer
624,4779967,Songs
26578,960283,Original Music Composer
26578,1098068,Original Music Composer
43103,33216,Original Music Composer
43194,12331,Original Music Composer
9563,35059,Original Music Composer
9563,38780,Original Music Composer
1850,6957,Original Music Composer
1850,559379,Original Music Composer
1850,559376,Original Music Composer
1850,559378,Original Music Composer
926,3393,Original Music Composer
1213,5488,Original Music Composer
10471,5287,Original Music Composer
10400,19155,Original Music Composer
10397,491,Original Music Composer
20761,39993,Original Music Composer
12524,5581,Original Music Composer
28216,93158,Music
36773,22680,Original Music Composer
30814,2120,Original Music Composer
10219,1213,Original Music Composer
3558,5359,Original Music Composer
17908,11166,Original Music Composer
10384,56748,Original Music Composer
125317,588412,Music
48233,1167097,Music
48233,584423,Music
10236,10468,Original Music Composer
10236,10468,Songs
632,8619,Original Music Composer
11851,20897,Original Music Composer
5924,1760,Original Music Composer
33734,931310,Songs
33734,931310,Music
33734,931310,Original Music Composer
14886,9796,Original Music Composer
11900,49501,Original Music Composer
10493,5912,Original Music Composer
16241,1760,Original Music Composer
27632,50788,Original Music Composer
22160,35838,Original Music Composer
22160,1055165,Original Music Composer
22160,110001,Songs
4460,1045,Original Music Composer
9644,43393,Original Music Composer
43455,29621,Original Music Composer
35119,69980,Music
21256,1905228,Original Music Composer
14919,26981,Original Music Composer
14040,2667314,Original Music Composer
14040,1055164,Original Music Composer
75641,9217,Original Music Composer
17343,100731,Original Music Composer
17343,30956,Original Music Composer
17343,100730,Original Music Composer
22692,3249,Original Music Composer
47620,2020053,Original Music Composer
2990,947,Original Music Composer
38775,18593,Original Music Composer
38775,121345,Music
10831,10759,Original Music Composer
21193,41633,Original Music Composer
33078,10759,Original Music Composer
16672,51808,Original Music Composer
10472,42383,Original Music Composer
10472,42383,Music
79474,1400186,Music
53714,88661,Original Music Composer
53714,4681,Original Music Composer
21489,65360,Original Music Composer
110479,14930,Music
299121,1426062,Original Music Composer
13005,15425,Original Music Composer
65134,4930159,Music
65134,44261,Songs
18681,1316159,Original Music Composer
75531,9580,Original Music Composer
20468,62086,Music
10406,28156,Original Music Composer
14741,10771,Original Music Composer
32015,1636891,Original Music Composer
1883,5287,Original Music Composer
2005,9251,Original Music Composer
6279,63964,Original Music Composer
6279,20744,Songs
11087,5912,Original Music Composer
7305,1213,Original Music Composer
24735,3535,Original Music Composer
9475,153,Original Music Composer
8872,28156,Original Music Composer
8873,1225,Original Music Composer
11287,947,Original Music Composer
9869,1729,Original Music Composer
619,37,Original Music Composer
619,8845,Original Music Composer
9374,37,Original Music Composer
11259,491,Original Music Composer
8293,54449,Original Music Composer
11068,68110,Original Music Composer
1923,5628,Original Music Composer
1923,5628,Music
10206,1225,Original Music Composer
11782,70588,Original Music Composer
11782,56811,Original Music Composer
10086,63219,Music
10086,63230,Music
10086,1021787,Music
9367,57478,Music
9367,57479,Music
9367,57473,Music
9367,57474,Music
9367,57475,Music
9876,37,Original Music Composer
10326,1760,Original Music Composer
16562,7422,Original Music Composer
9609,4140,Original Music Composer
12143,39107,Original Music Composer
4234,7229,Original Music Composer
9605,117,Original Music Composer
8374,8320,Original Music Composer
29076,24190,Original Music Composer
80471,43332,Music
28156,3350,Music
106837,469,Original Music Composer
27841,2289,Original Music Composer
1907,5628,Original Music Composer
15489,38335,Original Music Composer
15655,5553,Original Music Composer
15655,5838,Songs
15655,5839,Songs
68546,54449,Original Music Composer
36210,4123013,Original Music Composer
279444,2829948,Music
22342,18593,Music
30062,75406,Music
30062,10051,Music
62463,2987,Original Music Composer
25934,68685,Original Music Composer
101383,1027223,Music
14181,1249819,Original Music Composer
10385,37757,Original Music Composer
2787,5912,Original Music Composer
2069,14712,Original Music Composer
2069,21221,Original Music Composer
14839,7066,Original Music Composer
42186,121235,Original Music Composer
28978,13848,Music
901,13848,Original Music Composer
25010,63906,Original Music Composer
36208,13848,Original Music Composer
10098,13848,Original Music Composer
18264,16748,Original Music Composer
18264,2044072,Songs
18264,1912330,Songs
291861,12142,Original Music Composer
33374,19746,Original Music Composer
33374,1612610,Original Music Composer
43368,30268,Original Music Composer
127602,592417,Original Music Composer
2155,37,Original Music Composer
11004,19155,Original Music Composer
25212,37038,Music
36048,3213396,Music
139,1443467,Original Music Composer
139,84242,Original Music Composer
139,1954360,Original Music Composer
20682,959,Original Music Composer
20682,960,Original Music Composer
25166,58289,Original Music Composer
1831,5488,Original Music Composer
10416,1225,Original Music Composer
14271,19659,Original Music Composer
4816,150,Original Music Composer
28569,14725,Original Music Composer
2193,22482,Original Music Composer
64871,64868,Music
54575,3350,Music
11016,3249,Original Music Composer
23020,1313426,Music
54195,2065334,Music
139058,19607,Original Music Composer
20423,37317,Music
10839,12142,Original Music Composer
10839,12142,Music
10839,1604463,Music
36489,1313946,Original Music Composer
24481,2916,Original Music Composer
11296,39624,Original Music Composer
61651,1671635,Music
61651,1087518,Music
28172,99916,Original Music Composer
14280,4140,Original Music Composer
72086,1938,Original Music Composer
149687,109413,Original Music Composer
149687,41747,Songs
29478,52025,Original Music Composer
28177,99961,Music
64166,1531237,Original Music Composer
73642,3562,Original Music Composer
2067,1259,Original Music Composer
622,1400,Original Music Composer
28463,9152,Original Music Composer
12186,32398,Original Music Composer
20283,7422,Original Music Composer
5693,1760,Original Music Composer
287,4055,Original Music Composer
16958,7647,Original Music Composer
3114,3249,Original Music Composer
31938,10536,Original Music Composer
12501,30777,Original Music Composer
22650,19640,Original Music Composer
31618,10494,Original Music Composer
15873,7182,Music
26928,96709,Original Music Composer
68427,66134,Original Music Composer
25392,40460,Original Music Composer
67455,43784,Original Music Composer
22178,33172,Music
22178,11632,Music
48213,10759,Original Music Composer
35412,12142,Original Music Composer
43463,130407,Original Music Composer
244151,959262,Original Music Composer
8333,8422,Original Music Composer
19259,1729,Original Music Composer
820,491,Original Music Composer
11718,35838,Original Music Composer
8989,20897,Original Music Composer
32031,2722,Original Music Composer
58048,10593,Original Music Composer
58048,7714,Original Music Composer
58048,10593,Songs
26827,73350,Original Music Composer
11157,117,Original Music Composer
28370,1535098,Original Music Composer
918,1938,Original Music Composer
61178,117,Original Music Composer
11176,35040,Original Music Composer
11176,35040,Songs
11176,84911,Original Music Composer
14900,30604,Songs
14900,30604,Original Music Composer
11899,69343,Original Music Composer
11899,3966014,Songs
36536,58099,Music
36536,195,Music
18890,1729,Original Music Composer
19736,1760,Original Music Composer
123047,10716,Original Music Composer
24575,2289,Original Music Composer
16535,30922,Original Music Composer
10971,39054,Original Music Composer
23928,142172,Original Music Composer
462,153,Original Music Composer
9532,26981,Original Music Composer
9532,1982702,Original Music Composer
117259,1349380,Music
2383,20075,Original Music Composer
25503,29727,Original Music Composer
53879,8503,Original Music Composer
1396,560802,Original Music Composer
11570,39054,Original Music Composer
1541,947,Original Music Composer
150043,66780,Original Music Composer
17443,10771,Original Music Composer
8469,7182,Original Music Composer
27995,15520,Original Music Composer
36739,15520,Original Music Composer
925,15520,Original Music Composer
41823,15520,Original Music Composer
1713,5287,Original Music Composer
1713,18746,Original Music Composer
26170,9217,Original Music Composer
30547,10771,Original Music Composer
13939,15193,Original Music Composer
14373,87463,Original Music Composer
24873,87463,Original Music Composer
24873,1250017,Original Music Composer
26263,1185099,Original Music Composer
26263,1096248,Original Music Composer
26263,1185098,Original Music Composer
26263,73345,Original Music Composer
34746,930717,Original Music Composer
996,7647,Original Music Composer
9079,1213,Original Music Composer
1496,9769,Original Music Composer
1498,8933,Original Music Composer
1497,8933,Original Music Composer
1499,8933,Original Music Composer
1880,7728,Original Music Composer
33762,70381,Original Music Composer
33762,5380152,Songs
33762,5380152,Music
103960,2449356,Original Music Composer
11690,64683,Original Music Composer
11690,2203789,Songs
29143,59355,Original Music Composer
35292,32347,Original Music Composer
36652,72066,Original Music Composer
801,10536,Original Music Composer
104301,7182,Original Music Composer
11520,37,Original Music Composer
1879,21011,Original Music Composer
1879,1490040,Music
2085,9769,Original Music Composer
13539,60628,Original Music Composer
16222,1999,Original Music Composer
109479,37317,Original Music Composer
109479,5912,Original Music Composer
109479,19016,Original Music Composer
17078,2173652,Music
37722,1316002,Original Music Composer
37722,2197868,Original Music Composer
37722,2197869,Original Music Composer
37722,2257403,Original Music Composer
33516,228814,Original Music Composer
99008,1019843,Original Music Composer
9960,60983,Original Music Composer
3082,13848,Original Music Composer
49338,1950870,Original Music Composer
52961,1938,Original Music Composer
12187,9251,Original Music Composer
24748,7182,Original Music Composer
990,5260,Original Music Composer
990,5260,Music
1908,12142,Original Music Composer
9764,63965,Original Music Composer
840,491,Original Music Composer
39890,38646,Music
42237,227409,Original Music Composer
26689,1102479,Music
25673,8619,Original Music Composer
2291,2704,Original Music Composer
2291,1012651,Songs
2291,7172,Songs
2291,14286,Songs
2291,4022221,Songs
2291,1924091,Songs
16620,63964,Original Music Composer
16620,115089,Original Music Composer
526,7201,Original Music Composer
13346,10771,Original Music Composer
243,117,Original Music Composer
10501,947,Original Music Composer
10501,11098,Original Music Composer
10501,11370,Music
10501,11370,Songs
11478,14712,Original Music Composer
96167,1259,Original Music Composer
24212,73248,Original Music Composer
6644,4360,Original Music Composer
6644,4360,Songs
879,491,Original Music Composer
879,491,Songs
32613,33911,Original Music Composer
39406,64683,Original Music Composer
31624,18836,Original Music Composer
31624,18837,Original Music Composer
17529,7182,Original Music Composer
40841,1299116,Original Music Composer
118098,1066805,Original Music Composer
1793,8422,Original Music Composer
11327,1154,Original Music Composer
1700,9251,Original Music Composer
54087,9251,Original Music Composer
34322,191179,Original Music Composer
41659,2289,Original Music Composer
593,8461,Original Music Composer
593,560802,Original Music Composer
10774,66715,Original Music Composer
10083,2704,Original Music Composer
29786,29056,Original Music Composer
11356,16891,Original Music Composer
10747,7769,Original Music Composer
38809,1107016,Original Music Composer
10559,7714,Original Music Composer
20697,9204,Original Music Composer
2621,57902,Music
10479,4140,Original Music Composer
125709,1947696,Original Music Composer
2006,16748,Original Music Composer
46625,1583932,Music
46625,229678,Music
46625,6918,Original Music Composer
17339,7752,Original Music Composer
26879,99452,Music
11305,6394,Original Music Composer
48211,1259,Original Music Composer
48211,1490,Songs
28975,947,Original Music Composer
28975,40150,Original Music Composer
13665,9580,Original Music Composer
13665,3997535,Music
12309,43393,Original Music Composer
1552,7885,Original Music Composer
1552,7885,Songs
106,37,Original Music Composer
10333,1213,Original Music Composer
11027,6357,Original Music Composer
61560,168772,Music
123757,1478538,Original Music Composer
27197,1092504,Original Music Composer
27197,549666,Original Music Composer
10468,21068,Original Music Composer
1359,7491,Original Music Composer
1359,168702,Songs
1359,110001,Songs
4967,7182,Original Music Composer
31776,4140,Original Music Composer
10557,65867,Music
19214,14712,Original Music Composer
71402,3646916,Original Music Composer
13776,1419789,Original Music Composer
13776,75227,Original Music Composer
26291,2224785,Music
10784,66780,Original Music Composer
10784,66780,Songs
10242,21011,Original Music Composer
27857,40150,Original Music Composer
16347,14861,Original Music Composer
4825,41747,Original Music Composer
4825,41747,Songs
11654,70380,Original Music Composer
11654,70381,Original Music Composer
10518,6357,Original Music Composer
11977,9796,Original Music Composer
11977,172365,Songs
18041,5912,Original Music Composer
14736,5287,Original Music Composer
3536,21467,Original Music Composer
1443,937783,Original Music Composer
1443,937782,Original Music Composer
10424,19155,Original Music Composer
80677,132783,Original Music Composer
28971,13848,Original Music Composer
49096,51808,Original Music Composer
310431,1031535,Music
40562,1204416,Original Music Composer
40562,1204419,Original Music Composer
9456,7229,Original Music Composer
889,3393,Original Music Composer
10564,20836,Original Music Composer
15723,19155,Original Music Composer
19600,1061352,Original Music Composer
125537,587228,Music
68170,1135,Original Music Composer
36234,6111,Original Music Composer
36234,28155,Original Music Composer
39283,147421,Original Music Composer
65460,556882,Music
55667,51588,Music
31978,2960688,Songs
31978,2960689,Original Music Composer
31978,2960709,Songs
31978,2960710,Songs
12476,4055,Original Music Composer
5241,66992,Original Music Composer
98,947,Original Music Composer
98,948,Original Music Composer
98,5409340,Music
21311,2704,Music
47724,14138,Original Music Composer
11129,2023310,Original Music Composer
11129,1017009,Original Music Composer
117781,25894,Music
117781,1660025,Music
117781,43784,Music
117781,41633,Music
1058,7066,Original Music Composer
37112,2107,Original Music Composer
16395,548768,Original Music Composer
5608,39050,Original Music Composer
38925,1121299,Original Music Composer
13105,47452,Original Music Composer
22501,41391,Original Music Composer
22501,1542148,Original Music Composer
22501,1542149,Original Music Composer
22501,69683,Original Music Composer
5491,43609,Original Music Composer
10560,1528,Original Music Composer
19489,43393,Music
19419,35838,Original Music Composer
10688,1225,Original Music Composer
17889,146672,Songs
18228,120030,Original Music Composer
80351,226002,Music
18642,120030,Original Music Composer
205054,32779,Original Music Composer
39391,146672,Songs
39391,146672,Original Music Composer
18644,3375,Original Music Composer
31516,9851,Songs
31516,9851,Music
31516,13288,Original Music Composer
31516,95665,Original Music Composer
45827,1760,Original Music Composer
5683,531,Original Music Composer
2094,120030,Original Music Composer
14906,3642,Music
14906,31021,Original Music Composer
14906,2107,Original Music Composer
14906,3642,Songs
14906,1737913,Music
16176,70667,Original Music Composer
16176,5838,Songs
16176,5839,Songs
52770,1813027,Original Music Composer
12518,3393,Original Music Composer
12518,71791,Songs
10567,1213,Original Music Composer
10642,25143,Original Music Composer
9285,7478,Original Music Composer
98502,59441,Music
21484,2802,Original Music Composer
24918,719,Original Music Composer
955,947,Original Music Composer
8584,14712,Original Music Composer
11332,41747,Original Music Composer
11332,15130,Music
16093,79296,Original Music Composer
29372,26026,Original Music Composer
962,1159361,Music
962,13848,Music
962,1535877,Music
5483,29389,Original Music Composer
21060,4959379,Original Music Composer
21060,4959382,Music
30588,13848,Original Music Composer
668,2289,Original Music Composer
668,82280,Songs
23518,1760,Original Music Composer
691,10468,Original Music Composer
44018,1536671,Music
698,2289,Original Music Composer
682,2289,Original Music Composer
28973,13848,Original Music Composer
28973,4739991,Music
28973,4805664,Music
28974,13848,Original Music Composer
40685,17667,Original Music Composer
22994,3375,Music
40639,26026,Original Music Composer
499,10934,Original Music Composer
499,10934,Songs
499,6817,Songs
9600,21068,Original Music Composer
120077,9245,Original Music Composer
38006,70443,Original Music Composer
2768,1154,Original Music Composer
42002,1498858,Original Music Composer
40365,33823,Original Music Composer
24920,59366,Original Music Composer
21,95,Original Music Composer
21,1487337,Original Music Composer
21,1487338,Original Music Composer
10911,4082,Original Music Composer
10911,1787901,Songs
10911,19103,Songs
10911,4082,Songs
10102,20075,Original Music Composer
30308,29727,Original Music Composer
38688,121005,Original Music Composer
26912,43790,Original Music Composer
26278,30137,Original Music Composer
26956,19711,Original Music Composer
26957,19711,Original Music Composer
26958,19711,Original Music Composer
26959,19711,Original Music Composer
26959,99741,Original Music Composer
26960,63656,Original Music Composer
80287,1760,Original Music Composer
80287,2409670,Original Music Composer
6003,3098,Original Music Composer
23939,20897,Original Music Composer
11072,719,Original Music Composer
11072,14639,Songs
11072,719,Songs
23069,1726957,Original Music Composer
21299,1509582,Music
21299,1726957,Original Music Composer
21299,21601,Original Music Composer
38802,1726957,Original Music Composer
38802,21601,Original Music Composer
13368,1141763,Original Music Composer
13368,120030,Original Music Composer
13368,52593,Original Music Composer
13368,30176,Songs
985,5602,Original Music Composer
985,2039691,Original Music Composer
14002,48069,Original Music Composer
14002,1528570,Original Music Composer
541,7182,Original Music Composer
938,1259,Original Music Composer
10648,9217,Original Music Composer
11368,1225,Original Music Composer
10875,10771,Original Music Composer
2075,10536,Original Music Composer
1551,1213,Original Music Composer
22500,5488,Original Music Composer
22500,2971921,Original Music Composer
10246,12701,Original Music Composer
10246,12700,Original Music Composer
19698,12701,Original Music Composer
26554,4743354,Original Music Composer
28165,1296990,Original Music Composer
28169,1420385,Original Music Composer
28169,1569361,Original Music Composer
15762,29707,Original Music Composer
169,37,Original Music Composer
865,799,Original Music Composer
9663,7066,Original Music Composer
26889,1640210,Original Music Composer
26889,20836,Original Music Composer
10128,63906,Original Music Composer
9659,58438,Original Music Composer
8810,58438,Original Music Composer
9355,2704,Original Music Composer
9355,1459,Songs
1727,947,Original Music Composer
635,7020,Original Music Composer
10068,7066,Original Music Composer
11495,47927,Original Music Composer
11495,69600,Original Music Composer
11495,69601,Original Music Composer
11495,4813842,Music
11428,57902,Original Music Composer
10117,7714,Original Music Composer
10117,15193,Original Music Composer
35936,40150,Original Music Composer
25562,37,Original Music Composer
51763,1528,Original Music Composer
73079,10771,Original Music Composer
38921,58120,Original Music Composer
38921,162751,Songs
35463,799,Original Music Composer
9679,894,Original Music Composer
51333,9152,Original Music Composer
17771,2704,Original Music Composer
31610,4140,Original Music Composer
31610,30872,Original Music Composer
60005,2789006,Music
10264,1259,Original Music Composer
29204,47452,Original Music Composer
17814,11770,Original Music Composer
11879,2214,Original Music Composer
11879,47927,Original Music Composer
11879,69600,Original Music Composer
21128,2986353,Original Music Composer
21128,2986355,Original Music Composer
21128,4560151,Original Music Composer
21128,5167206,Original Music Composer
482,6569,Original Music Composer
482,6542,Original Music Composer
592,8422,Original Music Composer
31593,7066,Original Music Composer
12611,491,Original Music Composer
14328,491,Original Music Composer
32047,124008,Original Music Composer
9040,27439,Original Music Composer
25364,13571,Original Music Composer
43002,1760,Original Music Composer
5121,491,Original Music Composer
195,13336,Original Music Composer
6978,15445,Original Music Composer
6978,11770,Original Music Composer
3133,1120513,Original Music Composer
643,2793,Original Music Composer
10571,2987,Original Music Composer
479,6489,Original Music Composer
479,6542,Original Music Composer
7450,5912,Original Music Composer
31023,19840,Music
25636,41077,Original Music Composer
41160,5553,Original Music Composer
47439,134463,Original Music Composer
7443,11098,Original Music Composer
7443,5553,Original Music Composer
2123,21801,Original Music Composer
2123,1231742,Original Music Composer
2024,491,Original Music Composer
17711,5666,Original Music Composer
2133,1729,Original Music Composer
29946,54449,Original Music Composer
25993,38646,Original Music Composer
28774,2585,Original Music Composer
28774,1195781,Original Music Composer
46929,11440,Original Music Composer
46929,2107,Original Music Composer
46929,64868,Original Music Composer
11598,43863,Original Music Composer
9702,10494,Original Music Composer
9873,10494,Original Music Composer
16820,9217,Original Music Composer
14864,7066,Original Music Composer
15379,73345,Original Music Composer
12764,58438,Original Music Composer
27352,73345,Original Music Composer
8348,55319,Original Music Composer
8348,35040,Songs
24099,2704,Original Music Composer
17897,7647,Original Music Composer
28050,41149,Original Music Composer
16094,63976,Original Music Composer
16094,961408,Original Music Composer
16096,12994,Original Music Composer
20343,64868,Music
11822,70606,Original Music Composer
11822,70599,Original Music Composer
11822,70607,Original Music Composer
11822,70606,Music
11822,70599,Music
11822,70607,Music
90980,30268,Original Music Composer
26270,55694,Original Music Composer
37744,118442,Original Music Composer
494,6788,Original Music Composer
493,6558,Original Music Composer
12706,32804,Original Music Composer
4244,9251,Original Music Composer
4244,1768130,Original Music Composer
4247,25143,Original Music Composer
20770,774676,Original Music Composer
1050,15163,Music
1052,15193,Original Music Composer
20540,13301,Original Music Composer
23655,2713440,Original Music Composer
1788,172365,Songs
32275,4082,Original Music Composer
36657,7714,Original Music Composer
44490,1360759,Original Music Composer
44490,61072,Original Music Composer
44490,61074,Original Music Composer
47585,1027127,Original Music Composer
47585,1027128,Original Music Composer
1448,17251,Original Music Composer
1448,17252,Original Music Composer
36047,59472,Original Music Composer
2655,37,Original Music Composer
12599,73052,Music
33828,4403,Original Music Composer
93,858,Original Music Composer
9278,7020,Original Music Composer
90715,7066,Original Music Composer
22167,552620,Original Music Composer
18118,13301,Music
11940,51883,Original Music Composer
24167,30634,Original Music Composer
10276,63964,Original Music Composer
19380,57751,Music
13783,75459,Original Music Composer
13783,75458,Music
11624,40240,Music
11686,58024,Music
29263,1663418,Original Music Composer
46754,76603,Music
46754,76602,Music
11830,70630,Original Music Composer
16110,53839,Original Music Composer
16110,1403807,Music
12107,3393,Original Music Composer
32640,10759,Original Music Composer
10641,5488,Original Music Composer
6282,558105,Original Music Composer
9383,1760,Original Music Composer
5551,195,Original Music Composer
43079,39023,Music
27723,3567584,Original Music Composer
2360,24255,Original Music Composer
28043,50788,Original Music Composer
33408,5912,Original Music Composer
11589,9217,Original Music Composer
15158,28947,Original Music Composer
15158,58249,Original Music Composer
16139,58249,Original Music Composer
16139,28947,Original Music Composer
16146,28947,Original Music Composer
26515,1053716,Original Music Composer
11856,50520,Original Music Composer
13567,1426220,Original Music Composer
10860,3535,Original Music Composer
8420,24295,Original Music Composer
18391,71791,Songs
18391,52025,Original Music Composer
39473,2987,Original Music Composer
27452,4345,Original Music Composer
77571,3350,Music
38548,1313063,Music
20438,39107,Original Music Composer
274868,934287,Original Music Composer
2211,22680,Original Music Composer
46991,1037499,Music
46991,958778,Music
46991,3377936,Music
10391,19155,Original Music Composer
14195,73704,Original Music Composer
14195,7728,Original Music Composer
15665,32601,Music
45905,1639719,Original Music Composer
10393,4500,Original Music Composer
18168,72854,Original Music Composer
8843,117,Original Music Composer
10643,66157,Original Music Composer
10643,425396,Music
117262,2987,Original Music Composer
30946,5666,Original Music Composer
37136,12939,Original Music Composer
37137,12939,Original Music Composer
23283,57684,Original Music Composer
3110,26026,Original Music Composer
14698,12241,Original Music Composer
14698,999160,Original Music Composer
11694,21011,Original Music Composer
11694,1726479,Songs
11694,1726478,Songs
47434,1676946,Original Music Composer
39891,30137,Original Music Composer
76891,2338592,Original Music Composer
9651,1760,Original Music Composer
26865,30137,Original Music Composer
11398,17212,Original Music Composer
1588,23486,Original Music Composer
19150,38335,Original Music Composer
25128,1197579,Music
25128,1124591,Music
18153,57053,Original Music Composer
30910,142030,Original Music Composer
41282,2987,Original Music Composer
12211,57263,Original Music Composer
137236,58336,Music
9995,61654,Original Music Composer
1698,36862,Original Music Composer
10480,24190,Original Music Composer
80713,236338,Music
10685,7229,Original Music Composer
1619,62580,Music
786,11656,Original Music Composer
14805,9989,Original Music Composer
51179,7741,Original Music Composer
51179,22047,Original Music Composer
46119,19016,Music
18074,3393,Original Music Composer
170767,14351,Original Music Composer
77332,1802971,Music
27665,4040352,Original Music Composer
29015,1047004,Music
10562,1607179,Original Music Composer
10562,6898,Original Music Composer
201724,10572,Original Music Composer
12212,73720,Original Music Composer
12212,9039,Original Music Composer
14629,66675,Music
16,47,Original Music Composer
16,47,Songs
13785,1537021,Original Music Composer
34299,21962,Original Music Composer
22597,23486,Original Music Composer
19348,10572,Original Music Composer
10637,894,Original Music Composer
9003,19155,Original Music Composer
9064,19155,Original Music Composer
11569,68761,Original Music Composer
10434,65266,Original Music Composer
10434,5912,Original Music Composer
26484,99452,Original Music Composer
39113,2320580,Original Music Composer
39113,932950,Original Music Composer
38126,4681,Original Music Composer
38126,4683,Original Music Composer
53617,99452,Music
53617,932950,Songs
53617,2320580,Songs
469,6394,Original Music Composer
469,942004,Songs
2160,4681,Original Music Composer
2160,4683,Original Music Composer
2161,2027,Original Music Composer
3073,30104,Original Music Composer
911,13957,Original Music Composer
10973,30130,Original Music Composer
10973,1938,Original Music Composer
10973,56928,Original Music Composer
34077,117020,Original Music Composer
34077,111826,Songs
10787,30268,Original Music Composer
10787,13336,Music
43109,2072774,Original Music Composer
43109,130374,Original Music Composer
43230,4681,Original Music Composer
43230,4683,Original Music Composer
15855,101711,Original Music Composer
9507,1760,Original Music Composer
27475,1304306,Original Music Composer
27764,1893869,Original Music Composer
27767,1086428,Original Music Composer
40760,1398180,Music
40446,98138,Music
24664,5287,Original Music Composer
21370,75940,Original Music Composer
10461,15221,Original Music Composer
1485,51883,Original Music Composer
1597,7885,Original Music Composer
641,6377,Original Music Composer
10687,2863,Original Music Composer
6521,37038,Original Music Composer
10763,11059,Original Music Composer
100975,2640096,Original Music Composer
16888,63976,Original Music Composer
10383,22680,Original Music Composer
21142,40240,Original Music Composer
78140,7182,Original Music Composer
2134,21871,Original Music Composer
18801,51064,Original Music Composer
18498,19711,Original Music Composer
18498,26981,Original Music Composer
28605,1059153,Original Music Composer
42797,424103,Songs
13465,2083691,Songs
13465,1579645,Songs
13465,64868,Original Music Composer
27033,7647,Original Music Composer
20367,121235,Original Music Composer
71,469,Original Music Composer
1636,3393,Original Music Composer
10647,153,Original Music Composer
19204,59366,Original Music Composer
13762,19425,Music
12207,65993,Music
11531,9315,Music
11531,1225,Original Music Composer
24100,2055280,Music
10783,1528,Original Music Composer
47302,405893,Original Music Composer
4327,1999,Original Music Composer
4958,3562,Original Music Composer
9678,20822,Original Music Composer
9678,1704740,Original Music Composer
11978,4140,Original Music Composer
8870,5912,Original Music Composer
77434,6229,Original Music Composer
14295,39827,Original Music Composer
681,2289,Original Music Composer
11372,9217,Original Music Composer
8452,894,Original Music Composer
10862,5359,Original Music Composer
10862,1341077,Original Music Composer
8871,1729,Original Music Composer
34045,22047,Original Music Composer
16340,5666,Original Music Composer
10481,3393,Original Music Composer
10867,1259,Original Music Composer
10876,469,Original Music Composer
9741,1213,Original Music Composer
146,1360,Original Music Composer
11849,33290,Original Music Composer
11983,531,Original Music Composer
11678,1213,Original Music Composer
2669,595,Original Music Composer
20721,50715,Original Music Composer
2609,12939,Original Music Composer
12714,2987,Original Music Composer
12714,567196,Songs
12714,1226213,Songs
92603,937497,Music
708,2289,Original Music Composer
1857,16637,Original Music Composer
1857,2203789,Songs
1857,71041,Songs
10673,2987,Original Music Composer
2604,491,Original Music Composer
10132,2987,Original Music Composer
11064,6918,Original Music Composer
107,960,Original Music Composer
107,143210,Music
40820,50520,Original Music Composer
392,3562,Original Music Composer
8859,25143,Original Music Composer
11688,4500,Original Music Composer
11688,982,Songs
12509,20692,Original Music Composer
3981,37,Original Music Composer
2046,19155,Original Music Composer
5001,1259,Original Music Composer
5001,1225,Original Music Composer
8358,37,Original Music Composer
5994,531,Original Music Composer
1493,1999,Original Music Composer
1493,1667789,Songs
25660,1296355,Music
134,1483,Original Music Composer
62677,7435,Original Music Composer
21991,10572,Original Music Composer
10577,7229,Original Music Composer
21355,2241187,Original Music Composer
21355,230253,Original Music Composer
21355,61378,Original Music Composer
29122,947,Original Music Composer
11973,7020,Original Music Composer
1900,8377,Original Music Composer
44853,10759,Original Music Composer
10873,67507,Original Music Composer
10873,4039582,Original Music Composer
26719,1813027,Original Music Composer
31583,65256,Original Music Composer
15739,69343,Music
15739,6459,Original Music Composer
15739,6459,Songs
15413,3393,Original Music Composer
2623,7066,Original Music Composer
11209,4082,Original Music Composer
13715,228185,Original Music Composer
19108,84102,Original Music Composer
8043,1760,Original Music Composer
43258,4082,Original Music Composer
10655,14712,Original Music Composer
75490,21276,Original Music Composer
42261,994073,Original Music Composer
9989,4949,Original Music Composer
18828,5912,Music
9816,4140,Original Music Composer
20637,6041,Original Music Composer
5955,122,Original Music Composer
5955,947,Original Music Composer
77825,582562,Original Music Composer
220976,43592,Original Music Composer
66599,1760,Original Music Composer
17474,1213,Original Music Composer
11191,68531,Original Music Composer
2613,117,Original Music Composer
22021,1483735,Original Music Composer
22048,959671,Original Music Composer
17006,50715,Original Music Composer
26333,2120,Original Music Composer
16723,5666,Original Music Composer
2018,20744,Original Music Composer
2018,20744,Songs
31768,3933461,Original Music Composer
18856,983071,Original Music Composer
37949,33902,Songs
37949,2966331,Songs
37949,2966333,Songs
37949,2949,Original Music Composer
83500,2600678,Original Music Composer
47943,67903,Original Music Composer
47943,1327144,Original Music Composer
74340,7182,Original Music Composer
11215,10494,Original Music Composer
26477,70054,Original Music Composer
10937,58154,Original Music Composer
4639,24954,Original Music Composer
96,799,Original Music Composer
96,1175294,Songs
90,799,Original Music Composer
90,21644,Original Music Composer
90,77941,Songs
90,75634,Songs
11028,2722,Original Music Composer
57240,20897,Original Music Composer
67307,1478932,Music
19324,47452,Original Music Composer
19933,3393,Original Music Composer
12919,43393,Original Music Composer
15785,7728,Original Music Composer
31701,35838,Original Music Composer
31563,37,Original Music Composer
12506,1528,Original Music Composer
12506,72565,Original Music Composer
74747,56036,Original Music Composer
70199,96003,Music
39507,10536,Original Music Composer
62185,58438,Original Music Composer
30994,30097,Original Music Composer
10110,491,Original Music Composer
18935,2004668,Original Music Composer
764,11468,Original Music Composer
20287,1760,Original Music Composer
26964,5359,Original Music Composer
71881,1213,Original Music Composer
15658,19155,Original Music Composer
4918,9217,Original Music Composer
28368,2872,Original Music Composer
58084,2704,Original Music Composer
52780,1938,Original Music Composer
48149,9245,Music
26156,851,Original Music Composer
32054,1978824,Original Music Composer
65501,70588,Original Music Composer
32227,999774,Original Music Composer
2614,1760,Original Music Composer
2614,263720,Songs
40962,719,Original Music Composer
12704,10771,Original Music Composer
12704,58251,Songs
12704,35040,Songs
580,6357,Original Music Composer
24828,7182,Original Music Composer
13703,153,Original Music Composer
36914,63964,Original Music Composer
1547,153,Original Music Composer
42010,4140,Original Music Composer
2608,3535,Original Music Composer
32058,58864,Original Music Composer
10019,58120,Original Music Composer
10019,162751,Songs
10019,1456,Songs
10019,2302074,Songs
11649,10494,Original Music Composer
13509,20897,Original Music Composer
63639,33319,Original Music Composer
30175,19746,Original Music Composer
51521,3393,Music
34379,7728,Original Music Composer
24940,14712,Original Music Composer
37302,959123,Original Music Composer
10984,4949,Original Music Composer
10984,204265,Songs
843,12455,Original Music Composer
843,12454,Music
121091,39107,Original Music Composer
318,37317,Music
9740,947,Original Music Composer
10878,7478,Original Music Composer
47588,78442,Original Music Composer
10697,69894,Original Music Composer
7093,1259,Original Music Composer
16300,64186,Music
19405,930734,Original Music Composer
1921,19155,Original Music Composer
44412,21587,Original Music Composer
23685,851,Original Music Composer
12138,9204,Original Music Composer
48217,1522532,Original Music Composer
6073,37,Original Music Composer
39180,4500,Original Music Composer
35569,20953,Music
25208,5287,Original Music Composer
82103,65463,Music
19513,2177772,Original Music Composer
19513,3649540,Original Music Composer
19513,935748,Original Music Composer
19513,3649537,Original Music Composer
2749,28156,Original Music Composer
2749,28155,Original Music Composer
10050,38335,Original Music Composer
10050,963406,Songs
10050,9251,Songs
17203,9152,Original Music Composer
54968,65867,Original Music Composer
49929,39023,Music
2302,7885,Original Music Composer
32686,8377,Original Music Composer
13889,71029,Original Music Composer
6028,19043,Original Music Composer
51802,57684,Original Music Composer
42148,70284,Original Music Composer
29492,2600006,Original Music Composer
25447,2339808,Original Music Composer
28410,66992,Original Music Composer
38545,1534633,Original Music Composer
19490,13571,Original Music Composer
1888,5805,Original Music Composer
38805,1760,Original Music Composer
16618,41747,Original Music Composer
16618,41747,Songs
2428,8503,Original Music Composer
22013,5805,Original Music Composer
15598,1077068,Original Music Composer
43332,8619,Original Music Composer
62127,1017454,Music
62127,1017454,Songs
62127,1017454,Original Music Composer
56137,1627145,Original Music Composer
17965,82651,Original Music Composer
29067,30669,Original Music Composer
33250,1652743,Original Music Composer
14460,1729,Original Music Composer
17466,40438,Original Music Composer
9594,58124,Original Music Composer
35976,35040,Original Music Composer
4986,10771,Original Music Composer
2453,7728,Original Music Composer
2453,27007,Original Music Composer
33676,66142,Original Music Composer
4587,7066,Original Music Composer
31004,851,Original Music Composer
27859,15221,Original Music Composer
11454,137534,Songs
11454,1157806,Songs
11454,70381,Original Music Composer
11454,5380152,Original Music Composer
11454,5380152,Songs
38718,4140,Original Music Composer
4192,3098,Original Music Composer
11607,20953,Original Music Composer
14052,153,Original Music Composer
16889,5666,Original Music Composer
16889,226327,Original Music Composer
39934,69404,Original Music Composer
26580,5287,Original Music Composer
21309,2308,Original Music Composer
16263,153,Original Music Composer
4985,21011,Original Music Composer
20704,10494,Original Music Composer
23730,959,Original Music Composer
853,1729,Original Music Composer
10877,59472,Original Music Composer
10877,66057,Original Music Composer
5257,42383,Original Music Composer
77,558,Original Music Composer
10833,4500,Original Music Composer
10833,531,Original Music Composer
20309,20836,Original Music Composer
125093,4615480,Music
12658,24190,Original Music Composer
10054,59706,Original Music Composer
10054,2294,Original Music Composer
10054,531,Songs
10054,531,Original Music Composer
10054,4500,Original Music Composer
10054,1586922,Music
10054,5068913,Music
10646,25143,Original Music Composer
2575,26140,Original Music Composer
55,278,Original Music Composer
44379,1505714,Original Music Composer
44379,1536671,Original Music Composer
2043,1760,Original Music Composer
4133,5912,Original Music Composer
56715,11098,Original Music Composer
10991,73052,Music
15940,47203,Original Music Composer
26791,229000,Music
44069,100026,Music
68894,554270,Original Music Composer
634,9152,Original Music Composer
634,1548132,Songs
634,80535,Songs
10956,60150,Original Music Composer
19366,21962,Original Music Composer
136558,1105831,Music
28308,1026352,Original Music Composer
9519,68355,Music
196280,1974744,Original Music Composer
9290,7728,Original Music Composer
13166,7478,Original Music Composer
13166,4778624,Music
109472,1046572,Music
52654,2949,Original Music Composer
70282,1046544,Original Music Composer
47643,5359,Original Music Composer
111,1154,Original Music Composer
32488,1938,Original Music Composer
10477,6898,Original Music Composer
10477,65564,Music
12484,72441,Original Music Composer
12484,52379,Original Music Composer
2144,9251,Original Music Composer
24113,24190,Original Music Composer
118052,47991,Music
118052,1462389,Music
1734,37,Original Music Composer
38047,980261,Songs
38047,934119,Original Music Composer
38047,119493,Original Music Composer
8076,53908,Original Music Composer
8076,2308,Original Music Composer
4973,4403,Original Music Composer
8095,10536,Original Music Composer
849,1729,Original Music Composer
27223,12845,Original Music Composer
39266,10145,Music
31863,2722,Original Music Composer
46498,10771,Original Music Composer
11163,68408,Original Music Composer
11163,68409,Original Music Composer
11163,3098,Original Music Composer
11163,68410,Original Music Composer
11035,3098,Original Music Composer
18691,1002552,Music
3784,10468,Original Music Composer
78133,4055,Music
22829,4360,Original Music Composer
22829,1948333,Songs
35717,107173,Original Music Composer
11936,66675,Original Music Composer
25221,10771,Original Music Composer
19494,50239,Original Music Composer
40842,8422,Original Music Composer
40842,8422,Songs
19357,37,Original Music Composer
33743,2916,Original Music Composer
33743,2916,Songs
32924,63906,Original Music Composer
9062,19607,Original Music Composer
11174,6335,Original Music Composer
934,2578,Original Music Composer
934,1586192,Songs
9476,1225,Original Music Composer
37691,1528,Original Music Composer
5852,7229,Original Music Composer
808,11098,Original Music Composer
808,5553,Original Music Composer
808,1219295,Songs
49453,5340,Original Music Composer
824,7045,Original Music Composer
37558,61612,Original Music Composer
676,947,Original Music Composer
676,1234405,Songs
88727,781686,Original Music Composer
88727,238511,Original Music Composer
26813,35073,Original Music Composer
29572,52982,Music
50541,10468,Original Music Composer
26255,1788056,Original Music Composer
22414,174875,Original Music Composer
43329,18593,Original Music Composer
42233,30629,Original Music Composer
1406,9251,Original Music Composer
13554,20836,Original Music Composer
17664,17667,Original Music Composer
66035,1045,Original Music Composer
66035,4345,Original Music Composer
41050,36931,Original Music Composer
1632,7020,Original Music Composer
966,7182,Original Music Composer
966,1597878,Music
12639,7182,Original Music Composer
301,4082,Original Music Composer
301,4082,Songs
4988,7769,Original Music Composer
12623,7714,Original Music Composer
11896,3393,Original Music Composer
25538,555383,Original Music Composer
17971,1754098,Original Music Composer
6498,1637,Original Music Composer
5923,1760,Original Music Composer
15497,8503,Original Music Composer
21876,1760,Original Music Composer
11090,20822,Original Music Composer
14034,15221,Original Music Composer
21056,45990,Original Music Composer
9397,11098,Original Music Composer
9705,19155,Original Music Composer
9705,70104,Original Music Composer
26475,40468,Original Music Composer
56934,21276,Music
29937,544222,Original Music Composer
49922,5553,Original Music Composer
32458,1361390,Music
32458,960650,Original Music Composer
32458,1362147,Music
1089,4140,Original Music Composer
9967,1729,Original Music Composer
17494,1729,Original Music Composer
17465,2607323,Original Music Composer
759,20152,Songs
759,146672,Songs
759,11441,Music
759,146672,Music
759,11440,Songs
759,1447969,Songs
759,1759289,Songs
759,11439,Songs
10297,8503,Original Music Composer
10297,14647,Music
29393,99452,Original Music Composer
10653,8503,Original Music Composer
10653,146672,Songs
21468,30176,Songs
21468,30176,Music
21468,30176,Original Music Composer
9576,10771,Original Music Composer
22323,9204,Original Music Composer
31935,3350,Original Music Composer
52616,43592,Original Music Composer
10865,1213,Original Music Composer
1995,5912,Original Music Composer
10808,3393,Original Music Composer
9799,6898,Original Music Composer
644,491,Original Music Composer
16161,6489,Original Music Composer
10691,2214,Original Music Composer
10615,57778,Original Music Composer
271462,1191809,Original Music Composer
11826,14351,Original Music Composer
24470,20309,Music
24470,215516,Music
9301,1075,Original Music Composer
9301,1076,Original Music Composer
9301,1071,Original Music Composer
11444,1965,Original Music Composer
15564,79604,Original Music Composer
60670,35073,Original Music Composer
55551,37187,Original Music Composer
40880,11269,Original Music Composer
10992,4500,Original Music Composer
2140,7045,Original Music Composer
2140,21934,Original Music Composer
4248,35753,Original Music Composer
17612,1316723,Original Music Composer
3134,1443787,Original Music Composer
34899,1993102,Original Music Composer
26483,99452,Music
24382,91546,Original Music Composer
11286,1068923,Original Music Composer
11950,1068923,Original Music Composer
12236,72141,Original Music Composer
43342,131267,Original Music Composer
15875,14647,Original Music Composer
26573,99452,Original Music Composer
23439,99452,Original Music Composer
10728,2500,Original Music Composer
5991,2996,Music
11697,14647,Original Music Composer
11697,1600049,Music
6106,3535,Original Music Composer
11300,68929,Original Music Composer
11300,7491,Original Music Composer
16211,7182,Original Music Composer
28650,98606,Original Music Composer
42780,7066,Original Music Composer
32569,99452,Original Music Composer
20075,2014529,Original Music Composer
28430,101984,Original Music Composer
28794,56724,Original Music Composer
20197,2488838,Original Music Composer
43316,30104,Original Music Composer
34689,33216,Original Music Composer
25690,39107,Original Music Composer
18929,14930,Original Music Composer
4789,38759,Original Music Composer
32595,1195781,Original Music Composer
18030,21011,Original Music Composer
18988,2289,Original Music Composer
18988,29056,Music
11536,10536,Original Music Composer
10339,64862,Original Music Composer
39875,12700,Original Music Composer
50031,1626291,Music
976,7182,Original Music Composer
69605,30104,Original Music Composer
65632,25321,Original Music Composer
29471,70917,Original Music Composer
4780,1045,Original Music Composer
11906,4955,Original Music Composer
11906,15053,Original Music Composer
11906,15054,Original Music Composer
11906,15052,Original Music Composer
11906,15055,Original Music Composer
11713,57724,Original Music Composer
9589,2308,Original Music Composer
12481,43910,Original Music Composer
13333,2289,Original Music Composer
13938,137188,Original Music Composer
10540,1760,Original Music Composer
9462,57724,Original Music Composer
2114,5581,Original Music Composer
2114,21698,Original Music Composer
2114,21699,Original Music Composer
8835,24190,Original Music Composer
11371,117,Original Music Composer
78248,1785702,Music
9517,3032701,Original Music Composer
9517,92957,Original Music Composer
15745,53012,Original Music Composer
15745,1881748,Original Music Composer
24977,4500,Music
113271,48069,Music
113271,1604954,Music
103488,1709756,Original Music Composer
73482,37,Original Music Composer
38965,12417,Original Music Composer
47817,1564492,Original Music Composer
47817,6357,Music
31052,491,Original Music Composer
10868,2722,Original Music Composer
9395,50715,Original Music Composer
14506,7714,Original Music Composer
5333,43609,Original Music Composer
4281,14138,Original Music Composer
2,1403857,Music
2,110793,Music
2,2509155,Music
2,16768,Music
2,4894552,Music
2,1281066,Music
26044,9580,Original Music Composer
59797,24954,Original Music Composer
14911,19155,Original Music Composer
15592,3535,Original Music Composer
15267,4140,Original Music Composer
12710,47452,Original Music Composer
30502,531,Original Music Composer
19382,3535,Original Music Composer
24679,195,Original Music Composer
9599,52953,Original Music Composer
94440,40150,Original Music Composer
17170,142613,Music
17170,142613,Original Music Composer
18509,12939,Original Music Composer
11709,5488,Original Music Composer
34604,58099,Original Music Composer
7520,28156,Original Music Composer
10126,15193,Original Music Composer
9602,4613,Original Music Composer
23752,35838,Original Music Composer
41952,1760,Original Music Composer
3980,3393,Original Music Composer
10127,57902,Original Music Composer
12702,56748,Original Music Composer
27397,124008,Original Music Composer
9748,58864,Original Music Composer
40095,37592,Music
10651,9217,Original Music Composer
10141,63964,Original Music Composer
27362,10759,Original Music Composer
5680,44813,Original Music Composer
26386,12633,Original Music Composer
34053,1213,Original Music Composer
25884,14712,Original Music Composer
26355,10494,Original Music Composer
10675,1259,Original Music Composer
38982,7422,Original Music Composer
38982,62053,Original Music Composer
10130,2704,Original Music Composer
2617,153,Original Music Composer
38615,3535,Original Music Composer
21362,1528,Original Music Composer
30690,531,Original Music Composer
75889,3535,Original Music Composer
20443,24954,Music
49365,583023,Original Music Composer
11347,69101,Original Music Composer
12144,1729,Original Music Composer
13704,24954,Original Music Composer
13704,162751,Songs
13704,1906372,Songs
13704,1267169,Songs
12505,10468,Original Music Composer
41963,2289,Original Music Composer
13482,10771,Original Music Composer
34014,2704,Original Music Composer
12120,37,Original Music Composer
47818,10494,Original Music Composer
38617,1213,Original Music Composer
3543,32636,Music
51321,58296,Original Music Composer
9604,1729,Original Music Composer
24929,28156,Original Music Composer
10925,67491,Original Music Composer
13965,76200,Music
24266,76200,Original Music Composer
58434,7201,Music
18197,232340,Original Music Composer
38909,1400,Music
38909,190115,Music
17126,35838,Music
11503,2722,Original Music Composer
38558,66992,Original Music Composer
9717,29056,Original Music Composer
11966,50239,Original Music Composer
2605,8422,Original Music Composer
8740,16673,Original Music Composer
25497,6111,Original Music Composer
38560,1938,Original Music Composer
50203,21068,Original Music Composer
26798,10934,Original Music Composer
91445,19155,Original Music Composer
41428,144931,Original Music Composer
8337,11770,Original Music Composer
8337,15445,Original Music Composer
47493,3535,Music
47493,1135,Songs
47493,1490,Songs
8463,19425,Original Music Composer
8463,1549652,Original Music Composer
41974,40150,Original Music Composer
28176,42462,Original Music Composer
9493,3535,Original Music Composer
9493,14712,Original Music Composer
26603,8422,Original Music Composer
33172,26064,Original Music Composer
29095,29938,Original Music Composer
12582,1938,Original Music Composer
10001,61803,Music
10001,61802,Music
10001,61801,Music
11352,491,Original Music Composer
12500,58703,Original Music Composer
25678,190115,Original Music Composer
25678,9204,Original Music Composer
25682,9204,Original Music Composer
32049,50715,Original Music Composer
45225,1500631,Original Music Composer
1648,3393,Original Music Composer
4105,947,Original Music Composer
22711,1534604,Original Music Composer
19124,28156,Original Music Composer
69828,70588,Original Music Composer
53150,57902,Original Music Composer
10142,1259,Original Music Composer
3064,2704,Original Music Composer
3064,38225,Songs
86093,153,Original Music Composer
10134,62272,Original Music Composer
21291,1729,Original Music Composer
4925,40438,Original Music Composer
4925,7714,Original Music Composer
30352,3393,Original Music Composer
15142,1309739,Original Music Composer
14550,68531,Original Music Composer
32075,10771,Original Music Composer
2210,4613,Original Music Composer
25005,55641,Original Music Composer
25005,47101,Original Music Composer
21721,3003282,Music
116014,2704,Original Music Composer
11828,70624,Original Music Composer
55699,10468,Original Music Composer
10551,65617,Original Music Composer
20713,7728,Original Music Composer
27461,1259,Original Music Composer
41969,24717,Original Music Composer
1380,24954,Original Music Composer
19157,1665715,Original Music Composer
17190,3393,Music
9085,15193,Original Music Composer
17819,3535,Original Music Composer
17819,7885,Songs
46786,560802,Original Music Composer
14776,95109,Original Music Composer
14776,232961,Original Music Composer
59585,2722,Original Music Composer
32855,1729,Original Music Composer
29185,117,Original Music Composer
39787,20897,Original Music Composer
32059,10468,Original Music Composer
505,6918,Original Music Composer
4486,1546603,Original Music Composer
4486,405893,Original Music Composer
4486,1556220,Original Music Composer
10345,63964,Original Music Composer
10222,64683,Original Music Composer
10222,2203789,Songs
12774,8271,Original Music Composer
14621,10494,Original Music Composer
19118,1154,Original Music Composer
14372,1760,Original Music Composer
15138,3393,Original Music Composer
9972,10494,Original Music Composer
9494,25143,Original Music Composer
17362,35838,Original Music Composer
9942,1213,Original Music Composer
9942,7885,Songs
8216,11327,Music
4296,36164,Original Music Composer
24739,2214,Original Music Composer
24739,69600,Original Music Composer
24739,4813842,Music
39197,7435,Music
9686,2872,Original Music Composer
9686,103173,Original Music Composer
27418,7066,Music
39002,3064607,Original Music Composer
43345,47452,Original Music Composer
31606,1213,Original Music Composer
27607,66992,Original Music Composer
27607,5628,Original Music Composer
37146,124008,Original Music Composer
20006,70054,Original Music Composer
8867,1304764,Original Music Composer
12663,73345,Original Music Composer
331,4949,Original Music Composer
11467,1213,Original Music Composer
327,636,Original Music Composer
1548,25143,Original Music Composer
13403,21266,Original Music Composer
13403,21266,Songs
869,531,Original Music Composer
552,7559,Original Music Composer
36095,20326,Original Music Composer
33379,2179765,Original Music Composer
196859,41889,Original Music Composer
2171,17748,Original Music Composer
2171,10572,Original Music Composer
87462,73345,Original Music Composer
20307,7714,Original Music Composer
19142,98138,Original Music Composer
41946,37187,Original Music Composer
10135,7714,Original Music Composer
32767,5488,Original Music Composer
56162,32636,Original Music Composer
24254,66992,Original Music Composer
19236,7741,Original Music Composer
32261,24717,Original Music Composer
60276,40150,Original Music Composer
12150,7020,Original Music Composer
11185,2987,Original Music Composer
47045,37,Original Music Composer
18683,10468,Songs
18683,138410,Original Music Composer
12521,72615,Original Music Composer
12478,1938,Original Music Composer
49788,54449,Original Music Composer
31083,1213,Original Music Composer
30666,568289,Original Music Composer
30666,978297,Original Music Composer
25155,3798232,Original Music Composer
65015,61801,Original Music Composer
24077,2020638,Original Music Composer
24077,1552050,Music
9618,799,Original Music Composer
16560,1213,Original Music Composer
31608,68531,Original Music Composer
22102,14712,Original Music Composer
6951,50520,Original Music Composer
11959,8933,Original Music Composer
11959,71041,Songs
2616,12939,Original Music Composer
7091,35079,Original Music Composer
249,3393,Original Music Composer
11342,1760,Original Music Composer
183,28156,Original Music Composer
32330,7422,Original Music Composer
24126,60450,Original Music Composer
8494,56006,Original Music Composer
26535,10724,Original Music Composer
41784,3535,Original Music Composer
27431,1259,Original Music Composer
2148,2289,Original Music Composer
42033,19155,Original Music Composer
53119,16673,Original Music Composer
31941,52025,Original Music Composer
31941,52025,Music
27813,1419431,Original Music Composer
27813,1419430,Music
57745,7045,Original Music Composer
2057,5287,Original Music Composer
9880,4500,Original Music Composer
5175,9217,Original Music Composer
41951,89288,Original Music Composer
11385,1938,Original Music Composer
4484,1259,Original Music Composer
11684,1259,Original Music Composer
44414,6111,Original Music Composer
44258,1901735,Original Music Composer
20391,68128,Songs
20391,4360,Original Music Composer
20391,68128,Music
12584,7182,Original Music Composer
11542,69792,Original Music Composer
39176,32292,Original Music Composer
33214,39023,Original Music Composer
19267,9217,Original Music Composer
2770,21587,Original Music Composer
12610,14712,Original Music Composer
1933,19840,Original Music Composer
13496,894,Original Music Composer
24936,63979,Original Music Composer
80070,45117,Original Music Composer
10972,67684,Original Music Composer
1722,469,Original Music Composer
9896,11098,Original Music Composer
26665,1135,Original Music Composer
9683,9039,Original Music Composer
2294,23739,Original Music Composer
10016,11770,Original Music Composer
10016,3035249,Music
26602,2700481,Original Music Composer
26602,1528,Original Music Composer
37920,2120,Original Music Composer
22230,1947696,Original Music Composer
206412,1947696,Music
13966,35079,Music
248757,1100161,Original Music Composer
248757,3995337,Original Music Composer
248757,3995338,Original Music Composer
15104,10494,Original Music Composer
8922,56352,Original Music Composer
11065,8320,Original Music Composer
21118,230253,Original Music Composer
46727,1730749,Music
16314,21467,Original Music Composer
18885,21467,Original Music Composer
40508,68358,Original Music Composer
40508,1337326,Original Music Composer
5922,10934,Original Music Composer
27346,73345,Original Music Composer
34223,66992,Original Music Composer
16307,1058728,Original Music Composer
27681,1176975,Music
11370,6489,Original Music Composer
12508,894,Original Music Composer
14033,46353,Original Music Composer
25462,63976,Music
223346,1222593,Music
106230,49606,Original Music Composer
18734,2080659,Original Music Composer
44321,134463,Original Music Composer
26661,1938,Original Music Composer
26661,1486062,Original Music Composer
26661,342032,Original Music Composer
26661,30130,Original Music Composer
26661,103356,Original Music Composer
26661,103356,Music
26661,1938,Music
26661,30130,Music
26661,1486062,Music
5998,47088,Music
5998,47087,Music
58062,47452,Original Music Composer
2176,19155,Original Music Composer
20857,4140,Original Music Composer
22617,1984536,Original Music Composer
2185,1213,Original Music Composer
10696,5287,Original Music Composer
2034,9989,Original Music Composer
21538,3016540,Music
51722,938459,Original Music Composer
48834,960,Original Music Composer
30379,19746,Music
12537,24717,Original Music Composer
9028,1259,Original Music Composer
16180,79922,Original Music Composer
16180,79923,Original Music Composer
16180,1397052,Original Music Composer
11521,4140,Original Music Composer
21028,1628959,Songs
21028,1628959,Original Music Composer
21028,560243,Songs
27327,35040,Original Music Composer
27327,35040,Songs
35200,52025,Original Music Composer
21242,50520,Original Music Composer
29756,1176692,Original Music Composer
82523,38121,Original Music Composer
20115,37317,Original Music Composer
20115,1431,Original Music Composer
20115,15055,Original Music Composer
30295,65617,Original Music Composer
33725,4360,Original Music Composer
22874,10724,Original Music Composer
22874,177558,Original Music Composer
11576,12142,Original Music Composer
11576,1726478,Songs
11576,12142,Songs
43860,592417,Music
43802,424103,Original Music Composer
9660,41410,Music
15393,55319,Original Music Composer
248,3448,Original Music Composer
248,3375,Original Music Composer
40885,8619,Original Music Composer
25905,544515,Original Music Composer
21148,20953,Original Music Composer
1644,1760,Original Music Composer
12502,3535,Original Music Composer
66092,124008,Original Music Composer
13766,491,Original Music Composer
16380,40460,Original Music Composer
12103,4140,Original Music Composer
11313,5359,Original Music Composer
9398,6489,Original Music Composer
9398,204265,Songs
35066,7741,Music
45864,122,Music
10866,7229,Original Music Composer
34549,60102,Original Music Composer
9778,37,Original Music Composer
16121,96286,Original Music Composer
40220,2105622,Music
166,1965,Original Music Composer
166,3035168,Songs
42787,20131,Music
1623,9217,Original Music Composer
40932,1329042,Original Music Composer
32027,10536,Original Music Composer
13550,1381169,Original Music Composer
13550,33319,Original Music Composer
13612,1838180,Original Music Composer
42158,9217,Original Music Composer
27958,7066,Original Music Composer
31703,47800,Original Music Composer
1716,3535,Original Music Composer
20681,10716,Original Music Composer
57743,1608992,Original Music Composer
3172,19155,Original Music Composer
17708,14712,Original Music Composer
12780,65993,Original Music Composer
12780,65982,Original Music Composer
12780,552384,Original Music Composer
1018,5628,Original Music Composer
25641,56187,Original Music Composer
16767,135241,Original Music Composer
102933,980261,Original Music Composer
102933,101831,Original Music Composer
102933,101843,Original Music Composer
102933,101844,Original Music Composer
102933,18517,Original Music Composer
11380,43609,Original Music Composer
11380,19767,Songs
27396,21810,Music
26299,19096,Music
984,9217,Original Music Composer
15559,94238,Original Music Composer
15559,94239,Original Music Composer
14811,491,Music
14811,1318751,Original Music Composer
14811,1318751,Songs
77670,14138,Original Music Composer
55727,7728,Original Music Composer
15560,94239,Original Music Composer
15560,94238,Original Music Composer
9585,1760,Original Music Composer
45929,62811,Original Music Composer
768,7020,Original Music Composer
2100,1760,Original Music Composer
11091,947,Original Music Composer
23941,959253,Original Music Composer
23941,126401,Original Music Composer
18192,3278,Music
11845,70687,Original Music Composer
9081,56936,Original Music Composer
167,1999,Original Music Composer
34043,2987,Original Music Composer
9378,21962,Original Music Composer
27444,37757,Original Music Composer
141,1589,Original Music Composer
10034,46863,Original Music Composer
11457,4140,Original Music Composer
10778,1225,Original Music Composer
67385,3446767,Music
11456,9989,Original Music Composer
585,7885,Original Music Composer
585,1994334,Music
585,7885,Songs
10796,894,Original Music Composer
11088,10572,Original Music Composer
9889,68437,Original Music Composer
9889,60009,Original Music Composer
140511,5553,Original Music Composer
133115,2886172,Original Music Composer
45964,96286,Original Music Composer
32014,82776,Original Music Composer
13408,71948,Original Music Composer
671,491,Original Music Composer
20794,531,Original Music Composer
20794,38335,Original Music Composer
11469,1128490,Original Music Composer
11469,14712,Original Music Composer
14369,1589,Original Music Composer
1535,5553,Original Music Composer
1535,1790725,Music
1433,17004,Original Music Composer
1999,153,Original Music Composer
58098,59915,Original Music Composer
78076,1483732,Music
78076,1483731,Music
87774,6788,Original Music Composer
23847,6569,Original Music Composer
23847,1196304,Songs
50785,1397968,Original Music Composer
12472,72403,Original Music Composer
42258,9121,Music
11834,70650,Original Music Composer
16085,146672,Songs
16085,146672,Original Music Composer
27405,39055,Original Music Composer
27405,1199563,Original Music Composer
269,3837,Original Music Composer
16441,47452,Original Music Composer
11422,491,Original Music Composer
31037,1760,Original Music Composer
40739,13571,Original Music Composer
10656,996,Original Music Composer
32847,3249,Original Music Composer
39938,3249,Original Music Composer
38766,30922,Original Music Composer
43510,17667,Original Music Composer
35284,33804,Original Music Composer
14584,7422,Original Music Composer
58886,1250334,Original Music Composer
72277,960172,Music
72277,1985608,Music
23805,7422,Original Music Composer
34388,47087,Original Music Composer
39867,96003,Original Music Composer
11033,14138,Original Music Composer
69716,1105771,Original Music Composer
69716,69980,Original Music Composer
37835,65681,Original Music Composer
33356,10759,Original Music Composer
3537,32398,Original Music Composer
3537,32398,Songs
38922,65681,Original Music Composer
8738,29056,Original Music Composer
28614,1238709,Original Music Composer
3604,33319,Original Music Composer
3604,928828,Music
3604,84530,Music
3604,84527,Music
3604,84532,Music
6974,19965,Original Music Composer
26398,1276584,Original Music Composer
42218,96286,Original Music Composer
10649,7769,Original Music Composer
42566,72615,Original Music Composer
17689,7769,Original Music Composer
34084,3350,Original Music Composer
15983,73345,Original Music Composer
14854,37789,Original Music Composer
10847,20075,Original Music Composer
33525,2020638,Original Music Composer
27591,29056,Original Music Composer
299,4360,Original Music Composer
299,1208374,Songs
299,3448,Songs
31945,7435,Original Music Composer
42160,21810,Original Music Composer
10650,9217,Original Music Composer
8007,4949,Original Music Composer
19076,3393,Original Music Composer
81442,3567584,Original Music Composer
50562,551717,Original Music Composer
13503,894,Original Music Composer
161,1889,Original Music Composer
43774,135898,Original Music Composer
31064,1984536,Original Music Composer
31682,56928,Original Music Composer
31682,30130,Original Music Composer
31682,103356,Original Music Composer
31682,2713056,Original Music Composer
8342,20028,Original Music Composer
55479,2267488,Music
4886,29621,Original Music Composer
228,2916,Original Music Composer
23111,68531,Original Music Composer
42597,591883,Music
42597,8881,Music
194,2422,Original Music Composer
11397,10572,Original Music Composer
1903,11656,Original Music Composer
11889,1729,Original Music Composer
28171,100026,Music
9523,57839,Original Music Composer
9523,57841,Original Music Composer
9523,38780,Original Music Composer
9523,57847,Original Music Composer
9523,57848,Original Music Composer
9428,5666,Original Music Composer
1649,92704,Music
1649,3393,Original Music Composer
11938,1528,Original Music Composer
43143,101984,Original Music Composer
35201,69101,Original Music Composer
42724,132879,Original Music Composer
24264,39023,Original Music Composer
27150,1612610,Original Music Composer
27150,19746,Original Music Composer
26978,7182,Original Music Composer
19209,69161,Original Music Composer
12589,4500,Original Music Composer
12312,9204,Original Music Composer
11232,24190,Original Music Composer
120,117,Original Music Composer
11086,4140,Original Music Composer
453,1729,Original Music Composer
12724,73416,Original Music Composer
12724,73417,Original Music Composer
11414,12142,Original Music Composer
31507,8503,Original Music Composer
42612,1730654,Original Music Composer
18783,7647,Original Music Composer
12593,73275,Original Music Composer
12593,73274,Original Music Composer
14683,18663,Original Music Composer
10794,1938,Original Music Composer
43136,18593,Original Music Composer
43136,1447969,Songs
43136,1147115,Songs
45491,2073105,Original Music Composer
5052,17558,Original Music Composer
37257,1467693,Original Music Composer
8489,948,Original Music Composer
8489,55998,Original Music Composer
855,947,Original Music Composer
12660,469,Original Music Composer
10269,10934,Original Music Composer
10269,10934,Songs
5279,9152,Original Music Composer
10950,11098,Original Music Composer
1365,1053668,Original Music Composer
6440,19155,Original Music Composer
14580,96285,Original Music Composer
14580,91245,Original Music Composer
49410,56004,Original Music Composer
28296,16748,Original Music Composer
24206,52092,Music
6037,10771,Original Music Composer
42987,132879,Original Music Composer
61418,4055,Original Music Composer
27099,1647223,Original Music Composer
11857,1589,Original Music Composer
6312,11468,Original Music Composer
11595,1729,Original Music Composer
26337,1528,Original Music Composer
59066,1136753,Original Music Composer
77985,225903,Original Music Composer
77074,10468,Original Music Composer
10170,1760,Original Music Composer
18317,27265,Original Music Composer
98491,10934,Original Music Composer
26686,32292,Original Music Composer
61934,16748,Music
27273,16415,Original Music Composer
848,10536,Original Music Composer
9610,7728,Original Music Composer
15035,1122025,Original Music Composer
16127,531,Original Music Composer
31603,10494,Original Music Composer
32020,1154,Original Music Composer
4965,4140,Original Music Composer
11891,43393,Original Music Composer
11888,4500,Original Music Composer
150,1729,Original Music Composer
35263,7491,Original Music Composer
112,3886,Original Music Composer
125717,1073626,Original Music Composer
20678,63964,Original Music Composer
15050,1729,Original Music Composer
10423,14712,Original Music Composer
11710,20552,Music
17691,4360,Original Music Composer
27378,20552,Music
651,9796,Original Music Composer
31955,4140,Original Music Composer
20620,1760,Original Music Composer
18647,13571,Original Music Composer
11362,1999,Original Music Composer
2637,2257403,Music
2637,2257403,Original Music Composer
2637,2197869,Original Music Composer
2637,2197868,Original Music Composer
10229,20744,Original Music Composer
50819,1043019,Original Music Composer
12659,2153054,Original Music Composer
35650,1389444,Original Music Composer
9606,58162,Original Music Composer
11447,9245,Original Music Composer
16550,2863,Original Music Composer
13915,3386813,Original Music Composer
34723,10494,Original Music Composer
31674,5628,Original Music Composer
52744,10771,Original Music Composer
43340,30267,Original Music Composer
2084,469,Original Music Composer
50225,28241,Original Music Composer
74692,19951,Original Music Composer
39775,7491,Original Music Composer
51044,41633,Music
29475,9769,Original Music Composer
4267,3535,Original Music Composer
4031,19053,Original Music Composer
47871,7182,Original Music Composer
47871,10214,Original Music Composer
47871,7182,Music
47871,10214,Music
11594,2578,Original Music Composer
19562,32292,Original Music Composer
11870,23486,Original Music Composer
9884,55651,Music
9884,5912,Original Music Composer
11535,996,Original Music Composer
27593,1181479,Music
11212,20897,Original Music Composer
69928,1938,Original Music Composer
21845,10494,Original Music Composer
11528,3393,Original Music Composer
2441,405,Original Music Composer
931,14138,Original Music Composer
17130,7020,Original Music Composer
10592,3562,Original Music Composer
8470,40384,Original Music Composer
16690,49285,Original Music Composer
9272,7182,Original Music Composer
14778,958887,Original Music Composer
19137,9580,Original Music Composer
19137,25321,Original Music Composer
19137,9580,Songs
19137,1592416,Songs
32499,18593,Original Music Composer
8737,7182,Original Music Composer
33668,5805,Music
39282,66780,Music
39282,19425,Music
39282,66780,Songs
40687,81535,Original Music Composer
37230,132879,Original Music Composer
993,14930,Original Music Composer
11698,70275,Original Music Composer
11698,70274,Original Music Composer
41357,10934,Original Music Composer
42458,19043,Original Music Composer
93427,4082,Original Music Composer
14475,7422,Original Music Composer
43715,103356,Original Music Composer
43715,30681,Original Music Composer
10052,4500,Original Music Composer
11979,103762,Original Music Composer
11979,21068,Original Music Composer
35868,8320,Original Music Composer
35868,5359,Original Music Composer
13791,10364,Original Music Composer
27824,1962053,Music
27824,1078214,Music
270306,929985,Music
9991,960,Original Music Composer
480,5359,Original Music Composer
44340,2448502,Original Music Composer
18984,130160,Music
18984,130158,Music
25006,4913759,Original Music Composer
25006,93005,Original Music Composer
25006,4040352,Original Music Composer
23479,7769,Original Music Composer
66946,124008,Original Music Composer
19050,63923,Original Music Composer
38442,1136796,Original Music Composer
108266,17667,Original Music Composer
108267,99452,Music
39387,1147022,Original Music Composer
15999,45534,Music
614,8734,Original Music Composer
614,6651,Original Music Composer
56133,1549518,Original Music Composer
77955,13502,Original Music Composer
2752,24190,Original Music Composer
10590,57263,Original Music Composer
40723,1483091,Original Music Composer
40723,3007474,Original Music Composer
29039,37789,Original Music Composer
22910,45496,Original Music Composer
22910,44606,Music
42517,2420130,Original Music Composer
40364,548768,Original Music Composer
40364,15054,Original Music Composer
40364,1551,Music
115332,2027,Original Music Composer
13225,37,Songs
13225,228814,Songs
13225,994073,Songs
13225,11370,Songs
13225,82279,Songs
13225,15178,Songs
13225,1687167,Songs
13225,37,Original Music Composer
21380,15052,Music
21380,15055,Music
21380,15054,Music
21380,15053,Music
21380,66675,Music
21380,1571125,Music
46717,1213,Original Music Composer
63510,15193,Original Music Composer
20465,1567176,Original Music Composer
20465,52092,Original Music Composer
20465,3312526,Original Music Composer
20465,7741,Original Music Composer
35614,43393,Original Music Composer
7219,59366,Original Music Composer
7219,119371,Original Music Composer
35810,13386,Original Music Composer
18649,109413,Original Music Composer
18646,1903121,Songs
18646,1903121,Music
17058,30130,Original Music Composer
13950,960,Original Music Composer
2135,122,Original Music Composer
15186,141413,Original Music Composer
43997,72854,Original Music Composer
31651,7182,Original Music Composer
47869,2987,Original Music Composer
207490,71145,Music
965,1045,Original Music Composer
33135,1304263,Music
10889,10494,Original Music Composer
54287,33911,Original Music Composer
25628,559704,Original Music Composer
65262,3736720,Original Music Composer
65262,3736719,Original Music Composer
10935,7435,Original Music Composer
44004,7422,Original Music Composer
22288,8261,Original Music Composer
22288,30629,Original Music Composer
32030,1396191,Original Music Composer
119617,7422,Original Music Composer
29343,1729,Original Music Composer
39503,2289,Original Music Composer
7988,1259,Original Music Composer
15310,2027,Original Music Composer
17909,1095588,Original Music Composer
22130,30957,Original Music Composer
26843,2704,Original Music Composer
27458,50239,Original Music Composer
14807,1330545,Original Music Composer
14729,6918,Original Music Composer
8690,100403,Original Music Composer
8690,55658,Original Music Composer
39543,35560,Original Music Composer
39578,1784165,Original Music Composer
39578,38646,Original Music Composer
39578,1784166,Original Music Composer
3418,3529,Original Music Composer
30924,959524,Original Music Composer
14929,3370035,Music
14929,2258438,Music
75552,10934,Original Music Composer
18910,29707,Original Music Composer
24919,1120165,Original Music Composer
24919,44505,Original Music Composer
26200,9217,Original Music Composer
24825,591883,Original Music Composer
38147,50239,Original Music Composer
24032,52029,Original Music Composer
26179,1726957,Original Music Composer
11333,49455,Original Music Composer
11333,49456,Music
425,3393,Original Music Composer
1576,7229,Original Music Composer
1576,9315,Original Music Composer
5851,37,Original Music Composer
25014,35073,Original Music Composer
15647,55177,Original Music Composer
18172,1551815,Original Music Composer
24248,33216,Original Music Composer
14605,33249,Original Music Composer
17804,26026,Original Music Composer
17804,8641,Songs
17804,8640,Songs
31805,26026,Original Music Composer
13861,26026,Original Music Composer
29021,5467,Original Music Composer
31812,26026,Original Music Composer
13006,19125,Original Music Composer
13006,40283,Original Music Composer
10627,2704,Original Music Composer
42750,2886138,Original Music Composer
42750,2266478,Original Music Composer
42750,20836,Original Music Composer
42750,1400670,Original Music Composer
27930,1192715,Music
27930,58296,Music
259557,84912,Original Music Composer
28124,10468,Original Music Composer
41034,9217,Original Music Composer
11563,1011224,Original Music Composer
15119,1473359,Original Music Composer
15119,70630,Original Music Composer
15119,1239711,Original Music Composer
15119,1088154,Original Music Composer
55792,228980,Music
12705,73949,Original Music Composer
11006,67770,Original Music Composer
11006,67764,Original Music Composer
15120,1305806,Original Music Composer
40072,1410531,Original Music Composer
21629,18663,Original Music Composer
16026,123270,Original Music Composer
2371,1330289,Original Music Composer
36586,7229,Original Music Composer
6020,5666,Original Music Composer
39541,25548,Original Music Composer
125764,1460671,Music
18292,1175793,Original Music Composer
18292,937895,Original Music Composer
29394,13571,Original Music Composer
90974,25321,Original Music Composer
29402,1176692,Original Music Composer
29396,229716,Original Music Composer
15028,64186,Original Music Composer
9275,57107,Songs
9275,3393,Songs
9275,3393,Original Music Composer
4547,117,Original Music Composer
14635,1225,Original Music Composer
29135,91343,Music
35651,5017,Original Music Composer
62956,469,Original Music Composer
22784,1559394,Original Music Composer
22784,1559395,Original Music Composer
40814,103169,Original Music Composer
53426,57892,Original Music Composer
24585,2722,Original Music Composer
129542,32636,Original Music Composer
5678,45990,Music
11560,5912,Original Music Composer
11452,21587,Music
18435,1402851,Original Music Composer
35944,851,Original Music Composer
25501,2704,Original Music Composer
17487,13571,Original Music Composer
34276,14252,Original Music Composer
548,7460,Original Music Composer
1537,6489,Original Music Composer
12149,6041,Original Music Composer
44373,959,Music
44373,960,Original Music Composer
11812,1999,Original Music Composer
35080,219237,Original Music Composer
441,5912,Original Music Composer
8346,54654,Original Music Composer
8346,54653,Original Music Composer
14168,16748,Original Music Composer
32617,10536,Original Music Composer
31671,1760,Original Music Composer
2565,1586078,Original Music Composer
2565,3535,Original Music Composer
307,4416,Original Music Composer
15482,1646213,Original Music Composer
15482,1646214,Original Music Composer
45878,1317454,Original Music Composer
6393,2987,Original Music Composer
12154,10468,Original Music Composer
11630,1213,Original Music Composer
25133,47452,Original Music Composer
21970,40150,Music
11892,6377,Original Music Composer
9334,4500,Original Music Composer
36093,550281,Original Music Composer
36093,8576,Original Music Composer
36093,8575,Original Music Composer
35694,74329,Original Music Composer
10491,2289,Original Music Composer
18323,99253,Music
18079,1391979,Music
35337,958449,Music
59199,6377,Original Music Composer
11470,20953,Original Music Composer
16643,3393,Original Music Composer
21220,14712,Original Music Composer
52717,2340520,Music
52717,48068,Music
52717,4529806,Music
52717,18479,Music
52717,20230,Music
52717,12262,Music
69324,781764,Music
69324,4843434,Music
11468,153,Original Music Composer
19085,61498,Music
73462,21810,Music
26030,111300,Original Music Composer
26030,111301,Original Music Composer
10164,28156,Original Music Composer
42048,61802,Original Music Composer
42048,235400,Songs
62001,7422,Original Music Composer
28117,2120,Original Music Composer
40555,132583,Original Music Composer
46691,1203135,Original Music Composer
27094,69343,Original Music Composer
26725,10494,Original Music Composer
17168,24890,Music
48482,799,Original Music Composer
56179,2120,Original Music Composer
5203,42117,Original Music Composer
5203,42118,Original Music Composer
13201,2987,Original Music Composer
557,531,Original Music Composer
69850,1172042,Original Music Composer
69850,54449,Original Music Composer
44768,71029,Original Music Composer
1815,7769,Original Music Composer
55106,929058,Original Music Composer
28289,13301,Original Music Composer
32037,1760,Original Music Composer
39154,114518,Original Music Composer
24767,49285,Original Music Composer
33796,6357,Original Music Composer
32221,7182,Original Music Composer
28466,124008,Original Music Composer
12227,7728,Original Music Composer
12227,947,Original Music Composer
43643,4500,Original Music Composer
10985,73137,Original Music Composer
2251,22680,Original Music Composer
20712,70588,Original Music Composer
11240,40150,Original Music Composer
11240,947,Original Music Composer
46592,1418544,Original Music Composer
45186,1001955,Original Music Composer
86483,98138,Original Music Composer
5425,1769439,Original Music Composer
5425,1955192,Original Music Composer
5425,15052,Original Music Composer
5425,15054,Original Music Composer
14117,17667,Original Music Composer
14117,29276,Original Music Composer
14117,1012323,Songs
38360,1330289,Original Music Composer
28907,1147115,Songs
28907,95665,Original Music Composer
28907,554823,Original Music Composer
28907,3892,Songs
39771,1729,Original Music Composer
245,3314,Original Music Composer
1894,491,Original Music Composer
4012,35143,Original Music Composer
9026,46863,Original Music Composer
42193,14930,Original Music Composer
15417,70054,Music
11791,30137,Original Music Composer
28577,9796,Original Music Composer
23102,89804,Original Music Composer
1957,6489,Original Music Composer
320,558,Original Music Composer
9023,947,Original Music Composer
9023,56683,Songs
27834,4153684,Original Music Composer
27834,3096152,Original Music Composer
27834,4153683,Original Music Composer
27834,2629540,Original Music Composer
17734,39993,Original Music Composer
24010,14647,Original Music Composer
24010,8503,Original Music Composer
24010,20152,Songs
39435,16748,Original Music Composer
44800,7769,Original Music Composer
24014,69394,Songs
24014,4008845,Songs
24014,3448,Songs
24014,14647,Original Music Composer
24014,40399,Original Music Composer
24014,11441,Original Music Composer
24008,5467,Original Music Composer
53229,52025,Original Music Composer
1936,14647,Original Music Composer
1936,20152,Songs
1936,11441,Songs
1936,5467,Music
4614,1760,Original Music Composer
4614,69925,Songs
12277,9769,Original Music Composer
267345,958887,Music
15677,1528,Original Music Composer
58455,3375,Music
36554,5467,Original Music Composer
48216,10934,Original Music Composer
41165,69101,Original Music Composer
13153,19155,Original Music Composer
811,2209139,Original Music Composer
163907,67770,Original Music Composer
7216,53189,Original Music Composer
3132,894,Original Music Composer
9583,7435,Original Music Composer
9583,1483,Original Music Composer
18408,1396242,Original Music Composer
13245,1398423,Original Music Composer
2501,11098,Original Music Composer
9637,3393,Original Music Composer
12100,1729,Original Music Composer
16857,7229,Original Music Composer
52258,3562,Original Music Composer
10394,132879,Original Music Composer
27451,61498,Music
15813,11690,Original Music Composer
31591,1017454,Original Music Composer
18905,9217,Original Music Composer
14774,9204,Original Music Composer
4993,2704,Original Music Composer
4993,2704,Songs
34130,58099,Original Music Composer
34130,125815,Original Music Composer
38950,50715,Original Music Composer
17898,73345,Original Music Composer
21635,8619,Original Music Composer
27945,41410,Original Music Composer
43139,31291,Original Music Composer
30194,20075,Original Music Composer
10169,2987,Original Music Composer
27225,1938,Original Music Composer
13909,88673,Music
103299,5912,Music
41805,14712,Original Music Composer
35696,34060,Original Music Composer
35696,34061,Original Music Composer
11544,37,Original Music Composer
180,491,Original Music Composer
9555,39624,Original Music Composer
57022,20836,Original Music Composer
17710,27582,Original Music Composer
2022,20822,Original Music Composer
50035,1342012,Original Music Composer
9719,9039,Original Music Composer
11982,11166,Original Music Composer
27224,7182,Original Music Composer
12251,63049,Original Music Composer
88818,21513,Original Music Composer
30114,6357,Original Music Composer
70489,94511,Original Music Composer
21972,21068,Original Music Composer
608,531,Original Music Composer
59387,23739,Original Music Composer
26290,72854,Original Music Composer
26290,1609402,Original Music Composer
17043,958084,Original Music Composer
6278,1999,Original Music Composer
4147,153,Original Music Composer
16664,3398224,Songs
16664,55786,Original Music Composer
14651,1881796,Original Music Composer
96238,68188,Original Music Composer
15096,18577,Original Music Composer
19731,2039691,Original Music Composer
20324,97450,Original Music Composer
49370,69343,Original Music Composer
14902,1480274,Songs
14902,1480274,Original Music Composer
42254,3767,Original Music Composer
1842,129809,Original Music Composer
2721,27439,Original Music Composer
11442,25548,Original Music Composer
1364,405,Original Music Composer
8869,9039,Original Music Composer
8665,122,Original Music Composer
10996,37,Original Music Composer
818,9204,Original Music Composer
18357,1242718,Songs
18357,19155,Original Music Composer
29047,8320,Music
45861,4123013,Original Music Composer
39141,1749187,Original Music Composer
33152,14712,Original Music Composer
149445,8422,Music
10309,2725,Original Music Composer
6404,49501,Music
6404,71473,Music
6404,49502,Music
6404,20552,Original Music Composer
19133,8422,Original Music Composer
43199,16748,Original Music Composer
43915,132879,Original Music Composer
24130,1760,Original Music Composer
24130,91245,Original Music Composer
43445,1531323,Original Music Composer
36645,132879,Original Music Composer
5155,41632,Music
23728,1760,Original Music Composer
3780,18609,Original Music Composer
10786,2289,Original Music Composer
8764,2704,Original Music Composer
13908,1812264,Original Music Composer
2675,1213,Original Music Composer
12308,39613,Original Music Composer
9488,4500,Original Music Composer
9488,2294,Original Music Composer
9962,61074,Original Music Composer
9962,41301,Original Music Composer
9962,61073,Original Music Composer
9962,61072,Original Music Composer
9573,195,Original Music Composer
7451,14712,Original Music Composer
61112,2863,Original Music Composer
61112,105463,Original Music Composer
61112,2430824,Original Music Composer
27062,71054,Music
34070,45799,Original Music Composer
6173,2949,Original Music Composer
10305,19167,Original Music Composer
42337,20075,Original Music Composer
18694,12417,Music
10081,63049,Original Music Composer
11484,5805,Original Music Composer
11692,11098,Original Music Composer
9266,2214,Original Music Composer
3640,1119269,Original Music Composer
8653,69702,Original Music Composer
30072,5488,Original Music Composer
9357,1076,Original Music Composer
9357,1075,Original Music Composer
12771,63976,Original Music Composer
9296,1225,Original Music Composer
15070,9769,Original Music Composer
26942,934897,Original Music Composer
206042,25011,Original Music Composer
206042,5602025,Original Music Composer
26895,196711,Music
60608,5017,Original Music Composer
97447,1159580,Original Music Composer
11243,68740,Original Music Composer
11243,191179,Songs
11243,86390,Songs
19975,68740,Original Music Composer
19975,3204699,Songs
19975,4097411,Songs
10323,52025,Original Music Composer
9595,58120,Original Music Composer
28319,29501,Original Music Composer
46878,1760,Original Music Composer
24750,7647,Original Music Composer
31393,96285,Original Music Composer
24038,1087518,Original Music Composer
24038,2371869,Original Music Composer
79783,32347,Original Music Composer
79783,21276,Original Music Composer
79783,72538,Original Music Composer
9941,56004,Original Music Composer
18639,1760,Music
18639,103356,Original Music Composer
18639,14647,Original Music Composer
39833,11441,Original Music Composer
32858,29621,Original Music Composer
3127,30701,Original Music Composer
10859,12845,Original Music Composer
32825,5260,Original Music Composer
10725,1729,Original Music Composer
9544,57902,Original Music Composer
23967,50715,Original Music Composer
57351,15221,Music
26165,125212,Music
31514,2578,Original Music Composer
13571,7020,Original Music Composer
13536,960,Original Music Composer
20616,68358,Original Music Composer
20616,4500,Original Music Composer
96218,1407206,Original Music Composer
79319,40150,Music
16806,719,Original Music Composer
15516,101575,Original Music Composer
9299,19843,Original Music Composer
9299,19840,Original Music Composer
10611,5287,Original Music Composer
12770,23486,Original Music Composer
4108,9769,Original Music Composer
46466,66675,Original Music Composer
9685,65848,Original Music Composer
18913,20897,Original Music Composer
14361,57902,Original Music Composer
18943,1424298,Original Music Composer
18943,4098988,Original Music Composer
32685,1424298,Original Music Composer
32685,4098988,Original Music Composer
64079,7182,Original Music Composer
18477,20953,Original Music Composer
12262,73783,Original Music Composer
33506,63964,Original Music Composer
29515,959671,Original Music Composer
41582,9989,Original Music Composer
50382,1296990,Original Music Composer
42633,40150,Original Music Composer
42633,29746,Music
26680,96003,Original Music Composer
11504,50715,Original Music Composer
23470,25143,Original Music Composer
977,9079,Original Music Composer
19049,72066,Original Music Composer
5506,43790,Original Music Composer
32961,2578,Original Music Composer
32568,97450,Original Music Composer
29698,3562,Original Music Composer
22244,22041,Original Music Composer
22244,22042,Original Music Composer
19460,1193974,Original Music Composer
575,7836,Original Music Composer
10550,4949,Original Music Composer
9034,894,Original Music Composer
9093,1729,Original Music Composer
9039,9039,Original Music Composer
1958,565140,Original Music Composer
23550,20648,Original Music Composer
68569,947,Original Music Composer
68569,122,Music
318535,61247,Music
318535,61247,Original Music Composer
11013,5628,Original Music Composer
129,636,Original Music Composer
11529,1528,Original Music Composer
10771,23486,Original Music Composer
10771,4500,Original Music Composer
38951,1864653,Music
55018,1836890,Music
44635,1469345,Music
31005,4140,Original Music Composer
50123,42304,Music
50123,42304,Original Music Composer
2110,996,Original Music Composer
2110,21648,Original Music Composer
15173,78297,Music
15173,78297,Songs
15173,1330510,Music
15173,78298,Songs
15173,1330510,Songs
15173,4502467,Songs
9533,531,Original Music Composer
38866,1135,Original Music Composer
4107,57269,Original Music Composer
10575,36862,Original Music Composer
47500,1984536,Original Music Composer
15720,28155,Original Music Composer
9260,5666,Original Music Composer
21828,88116,Original Music Composer
1682,425396,Original Music Composer
1682,1112146,Music
1682,1429258,Music
39462,1309510,Original Music Composer
39462,4985286,Original Music Composer
39462,4985286,Songs
18983,425396,Original Music Composer
41971,4140,Original Music Composer
33831,1061352,Original Music Composer
24348,1551,Music
19140,5467,Original Music Composer
19140,30176,Songs
37606,1724079,Original Music Composer
34600,2633734,Original Music Composer
11868,30137,Original Music Composer
12921,50239,Original Music Composer
19953,2069054,Music
10772,66675,Original Music Composer
77079,44418,Music
74899,14138,Original Music Composer
120694,2174423,Music
12719,69900,Original Music Composer
25001,18663,Original Music Composer
43438,39054,Original Music Composer
3092,2289,Original Music Composer
4989,1760,Original Music Composer
15313,29294,Original Music Composer
12590,5912,Original Music Composer
37964,1130892,Original Music Composer
7501,6377,Original Music Composer
1809,2197869,Original Music Composer
1809,2197868,Original Music Composer
1809,2257403,Original Music Composer
13768,11166,Original Music Composer
10994,153,Original Music Composer
1430,2610293,Original Music Composer
40815,2922346,Music
40815,20075,Original Music Composer
12600,73052,Original Music Composer
8051,312,Original Music Composer
70443,3529,Original Music Composer
12779,35838,Original Music Composer
15992,6377,Original Music Composer
1613,29691,Original Music Composer
565,947,Original Music Composer
14112,5628,Original Music Composer
49872,2074346,Music
49872,137173,Music
21925,1551,Music
30309,59706,Original Music Composer
16646,1550029,Original Music Composer
37288,1296355,Original Music Composer
37288,2377716,Original Music Composer
20861,55177,Original Music Composer
12647,4140,Original Music Composer
12477,72419,Original Music Composer
10285,20953,Original Music Composer
19403,7769,Original Music Composer
11009,66887,Original Music Composer
11009,66885,Original Music Composer
11009,66886,Original Music Composer
11009,8422,Original Music Composer
11009,5181436,Songs
11009,1071607,Songs
11009,72741,Songs
11009,1426474,Songs
11009,8422,Songs
11009,5481452,Songs
11009,4993110,Songs
11009,5481455,Songs
11009,5481456,Songs
11009,5481457,Songs
10805,66885,Original Music Composer
10805,66886,Original Music Composer
10805,66887,Original Music Composer
10805,5181436,Songs
40064,20131,Original Music Composer
40969,106756,Original Music Composer
76411,1481579,Music
5917,12142,Original Music Composer
31278,1081799,Original Music Composer
47942,9217,Original Music Composer
33076,7422,Original Music Composer
44932,64050,Original Music Composer
15668,29707,Original Music Composer
15668,100183,Songs
15668,3836194,Songs
30709,21011,Original Music Composer
19429,10771,Original Music Composer
140413,120328,Music
140413,12939,Music
21294,66142,Original Music Composer
11340,18836,Original Music Composer
11340,18837,Original Music Composer
42142,1536658,Music
11644,14138,Original Music Composer
33721,1194039,Original Music Composer
36133,9217,Original Music Composer
24124,103169,Original Music Composer
34697,1259,Original Music Composer
8691,100403,Original Music Composer
8691,55658,Original Music Composer
53922,10494,Original Music Composer
66592,7422,Original Music Composer
25773,7182,Original Music Composer
19123,1965,Original Music Composer
26560,6357,Original Music Composer
225,2802,Original Music Composer
24274,65681,Original Music Composer
33016,1729,Original Music Composer
26444,230125,Original Music Composer
19114,60790,Original Music Composer
19114,181891,Songs
19114,32715,Songs
17205,1473360,Original Music Composer
17205,1473359,Original Music Composer
24740,13669,Original Music Composer
10863,7647,Original Music Composer
31679,228980,Original Music Composer
15900,72175,Original Music Composer
12237,72175,Original Music Composer
15902,1196246,Original Music Composer
12579,3535,Original Music Composer
23668,60790,Original Music Composer
70971,1486321,Original Music Composer
28893,102346,Original Music Composer
11646,58438,Original Music Composer
11646,70758,Original Music Composer
11646,229715,Original Music Composer
5062,3535,Original Music Composer
24634,20075,Original Music Composer
75963,7182,Original Music Composer
16124,64101,Music
21764,1590511,Original Music Composer
22435,3862,Original Music Composer
42149,1729,Original Music Composer
37936,961119,Original Music Composer
37936,959524,Original Music Composer
73247,491,Original Music Composer
46364,79626,Music
46364,29056,Original Music Composer
35685,40150,Original Music Composer
35685,15874,Original Music Composer
38665,2289,Original Music Composer
265,3767,Original Music Composer
2264,23371,Music
2264,3767,Original Music Composer
21874,29707,Original Music Composer
41394,1427883,Music
41394,422939,Music
41394,30681,Music
41394,112938,Music
41394,34734,Music
41394,551674,Music
47957,1483461,Original Music Composer
31407,2040840,Original Music Composer
16471,21810,Original Music Composer
63443,959524,Original Music Composer
22171,39107,Original Music Composer
39874,12700,Original Music Composer
25468,1624840,Music
19507,10494,Original Music Composer
75596,8422,Original Music Composer
42146,8422,Original Music Composer
17450,1535820,Original Music Composer
17450,69343,Original Music Composer
47886,29501,Original Music Composer
47886,1470540,Original Music Composer
47886,42054,Original Music Composer
31646,29501,Original Music Composer
14269,7714,Original Music Composer
1672,1259,Original Music Composer
35935,11382,Original Music Composer
9645,21962,Original Music Composer
9012,1344091,Music
13098,61654,Music
13098,1249964,Music
13440,3562,Original Music Composer
12454,68047,Original Music Composer
31668,43393,Music
41645,43332,Music
1360,5581,Original Music Composer
13441,17748,Original Music Composer
14626,1870765,Original Music Composer
14626,1870764,Original Music Composer
48155,21011,Original Music Composer
12208,9580,Original Music Composer
11905,1528,Original Music Composer
1941,12142,Original Music Composer
26685,16891,Original Music Composer
31918,9796,Original Music Composer
19662,7182,Original Music Composer
8427,21068,Original Music Composer
9021,9204,Original Music Composer
28988,100026,Music
52735,10572,Original Music Composer
13526,37757,Original Music Composer
9280,11382,Original Music Composer
65,3997743,Music
65,3997741,Music
65,325,Songs
10712,7182,Original Music Composer
27204,4169173,Original Music Composer
27204,1825593,Original Music Composer
10167,15221,Original Music Composer
672,491,Original Music Composer
16351,5359,Original Music Composer
16351,1790725,Music
542,7361,Original Music Composer
30192,110466,Music
33251,3849227,Original Music Composer
25466,4404727,Music
25466,1474215,Music
25466,563844,Songs
50677,14712,Original Music Composer
2165,4055,Original Music Composer
25037,1627145,Original Music Composer
11617,26026,Original Music Composer
11617,933693,Songs
11617,83620,Songs
24909,6489,Music
81530,1348566,Original Music Composer
34341,1059528,Original Music Composer
34341,84021,Original Music Composer
18993,1045,Original Music Composer
53000,1536288,Music
29229,38552,Original Music Composer
11880,62086,Original Music Composer
1377,16748,Original Music Composer
11629,37031,Original Music Composer
11629,57103,Original Music Composer
2528,19167,Original Music Composer
2528,3450523,Music
2528,4278,Music
12716,1965,Original Music Composer
12717,1965,Original Music Composer
13888,7728,Original Music Composer
48524,19607,Original Music Composer
48524,29798,Original Music Composer
10750,43393,Original Music Composer
44247,96003,Original Music Composer
45226,1729,Original Music Composer
96966,1760,Original Music Composer
25566,7885,Original Music Composer
25566,7885,Songs
109962,3535,Original Music Composer
13386,588265,Original Music Composer
43089,58438,Original Music Composer
47888,6357,Original Music Composer
20472,65350,Original Music Composer
9538,117,Original Music Composer
14664,1068923,Original Music Composer
27997,39023,Songs
27997,39023,Original Music Composer
27997,39023,Music
27997,13474,Music
27997,2495704,Music
49934,38006,Music
84735,1259,Original Music Composer
9317,39141,Original Music Composer
12528,6918,Original Music Composer
47890,39968,Original Music Composer
69014,20075,Original Music Composer
21515,1312379,Music
42371,1295836,Original Music Composer
26325,125815,Original Music Composer
69169,29707,Original Music Composer
11524,69600,Original Music Composer
11524,47927,Original Music Composer
11524,69601,Original Music Composer
11524,4813842,Music
11524,5415724,Original Music Composer
32077,3535,Original Music Composer
326890,577751,Original Music Composer
36669,6489,Original Music Composer
17187,1213,Original Music Composer
10426,960,Original Music Composer
32625,105669,Original Music Composer
8198,7045,Original Music Composer
8198,1644583,Songs
204372,1099203,Music
204372,1353471,Music
64,405,Original Music Composer
64,3628,Original Music Composer
13376,33536,Original Music Composer
13376,20822,Original Music Composer
13376,1812264,Original Music Composer
15074,17212,Original Music Composer
15074,69101,Original Music Composer
2103,8377,Original Music Composer
9016,1213,Original Music Composer
9016,175738,Songs
16028,43609,Original Music Composer
27070,1117952,Original Music Composer
5261,8804,Original Music Composer
5261,42758,Original Music Composer
23303,50520,Original Music Composer
20992,119208,Original Music Composer
66091,549138,Original Music Composer
6007,49558,Original Music Composer
42453,2704,Original Music Composer
25284,55440,Original Music Composer
7011,28922,Music
35612,1517388,Music
35612,1972938,Music
35612,1972939,Music
10880,28922,Original Music Composer
13945,67903,Original Music Composer
14433,2289,Original Music Composer
9932,1889,Original Music Composer
13369,2049,Original Music Composer
2757,1225,Original Music Composer
7299,122,Music
48767,3669552,Original Music Composer
48767,32804,Original Music Composer
32273,408568,Original Music Composer
23990,1462092,Original Music Composer
4241,35633,Original Music Composer
37335,19607,Music
37335,10934,Music
22257,87241,Original Music Composer
35343,1092613,Original Music Composer
30142,2765554,Original Music Composer
17360,10494,Original Music Composer
31695,12845,Original Music Composer
76397,14850,Music
40952,2670529,Music
40952,2670528,Music
40952,1081799,Original Music Composer
71524,1965,Original Music Composer
43279,2532256,Music
29743,1711751,Original Music Composer
29743,1711753,Original Music Composer
41760,10771,Original Music Composer
31665,69980,Original Music Composer
40219,99452,Original Music Composer
45840,10934,Music
45840,10934,Original Music Composer
16363,67274,Songs
16363,7422,Original Music Composer
16363,1360177,Songs
22023,6918,Original Music Composer
22023,6918,Music
22023,1163664,Music
22023,1559401,Music
171,1965,Original Music Composer
73116,10759,Original Music Composer
73116,982,Original Music Composer
26639,1491,Original Music Composer
25297,7066,Original Music Composer
39274,1760,Original Music Composer
11564,9217,Original Music Composer
4202,36125,Original Music Composer
17590,9796,Original Music Composer
28940,1173317,Original Music Composer
13497,11098,Original Music Composer
11852,4500,Original Music Composer
7303,37,Original Music Composer
201,1760,Original Music Composer
2755,24190,Original Music Composer
33504,63974,Music
21868,21276,Original Music Composer
65684,5359,Music
65684,5359,Original Music Composer
10856,67265,Original Music Composer
99826,568296,Original Music Composer
99826,1523050,Original Music Composer
99826,3383040,Original Music Composer
121,117,Original Music Composer
25838,932489,Music
25838,2741395,Music
25838,1749480,Music
1429,5287,Original Music Composer
13435,5359,Original Music Composer
3131,117,Original Music Composer
2642,11098,Original Music Composer
14317,46955,Original Music Composer
11022,8377,Original Music Composer
24249,7020,Original Music Composer
9491,2722,Original Music Composer
2149,5912,Original Music Composer
20139,10536,Original Music Composer
32074,7714,Original Music Composer
19067,33319,Original Music Composer
53712,11441,Original Music Composer
25848,14807,Original Music Composer
14931,40438,Original Music Composer
11317,2120,Original Music Composer
4032,1213,Original Music Composer
8392,636,Original Music Composer
31804,142172,Original Music Composer
31804,1208374,Songs
31804,3448,Songs
81048,11468,Original Music Composer
12232,7647,Original Music Composer
12232,7647,Songs
11706,3098,Original Music Composer
61265,9989,Original Music Composer
61265,947,Original Music Composer
42569,52029,Original Music Composer
25720,29056,Original Music Composer
26946,91999,Original Music Composer
16938,12701,Original Music Composer
21143,7752,Original Music Composer
61578,117,Original Music Composer
20424,30836,Original Music Composer
4561,36947,Original Music Composer
4435,37240,Original Music Composer
4435,37241,Original Music Composer
16993,10468,Original Music Composer
21332,110066,Original Music Composer
640,491,Original Music Composer
10599,9245,Original Music Composer
1574,531,Original Music Composer
1574,66780,Music
1574,66780,Songs
1574,66780,Original Music Composer
590,1116795,Music
590,1551,Original Music Composer
13560,67507,Original Music Composer
29339,3562,Original Music Composer
423,1400,Original Music Composer
28028,6377,Original Music Composer
41084,4082,Original Music Composer
18773,22680,Original Music Composer
16225,24890,Music
16225,24890,Original Music Composer
28679,33804,Original Music Composer
262,72861,Original Music Composer
15395,980261,Original Music Composer
4912,39993,Original Music Composer
23626,41552,Original Music Composer
12090,23486,Original Music Composer
36273,35633,Original Music Composer
14390,56905,Original Music Composer
41209,21644,Music
9582,5666,Original Music Composer
10628,894,Original Music Composer
11078,14712,Original Music Composer
77633,4123013,Original Music Composer
598,8576,Original Music Composer
598,8575,Original Music Composer
24711,52953,Music
43886,4345,Original Music Composer
43886,3249,Original Music Composer
11222,2308,Original Music Composer
13199,1509830,Original Music Composer
13199,1509831,Original Music Composer
8073,10934,Original Music Composer
26393,5666,Original Music Composer
15278,66134,Original Music Composer
14667,20836,Music
47263,120030,Original Music Composer
18692,120030,Original Music Composer
15734,120030,Original Music Composer
34148,30104,Original Music Composer
34148,19103,Songs
34148,1012323,Songs
34148,1938,Original Music Composer
20813,3535,Original Music Composer
53027,8933,Original Music Composer
18894,120030,Original Music Composer
26252,89085,Original Music Composer
26252,89086,Original Music Composer
24742,45528,Original Music Composer
19415,7728,Original Music Composer
41927,211454,Original Music Composer
5968,719,Original Music Composer
5968,18746,Songs
10727,6041,Original Music Composer
9045,20682,Original Music Composer
92348,1013860,Music
80965,40150,Original Music Composer
55909,1239860,Original Music Composer
20663,3593404,Songs
20663,2044071,Songs
20663,34016,Original Music Composer
61807,3562,Original Music Composer
20639,226002,Original Music Composer
7514,52813,Music
7514,52840,Music
7514,3535654,Music
42645,57337,Original Music Composer
42795,68685,Original Music Composer
39349,5287,Original Music Composer
12253,71948,Original Music Composer
9358,26981,Original Music Composer
1647,122,Music
9027,5340,Original Music Composer
21189,934897,Original Music Composer
10894,51543,Original Music Composer
28528,13571,Original Music Composer
34374,12701,Original Music Composer
34374,12700,Original Music Composer
12490,64188,Original Music Composer
26761,3249,Original Music Composer
35185,39054,Original Music Composer
15802,11382,Original Music Composer
8286,19085,Original Music Composer
43028,29892,Original Music Composer
65300,69586,Original Music Composer
24129,1866839,Original Music Composer
4628,32159,Original Music Composer
4628,38646,Original Music Composer
4193,69394,Music
10724,2704,Original Music Composer
89571,7182,Original Music Composer
32065,72615,Original Music Composer
11915,39141,Original Music Composer
42136,1379643,Music
28307,2289,Original Music Composer
37917,70054,Original Music Composer
70011,15425,Original Music Composer
37191,10494,Original Music Composer
210092,36164,Original Music Composer
3028,29707,Music
29224,1092613,Original Music Composer
81001,69343,Original Music Composer
8219,27045,Original Music Composer
8219,37548,Original Music Composer
10150,15178,Original Music Composer
10150,1592406,Songs
20980,95168,Original Music Composer
20980,136246,Original Music Composer
20980,136245,Original Music Composer
16407,1011224,Music
16407,1000614,Music
41913,2027,Original Music Composer
30875,59366,Original Music Composer
30875,37789,Original Music Composer
29450,38006,Music
27380,230125,Original Music Composer
8288,1340240,Music
15600,595,Original Music Composer
52083,1250017,Original Music Composer
124963,491,Original Music Composer
42134,40150,Original Music Composer
42134,947,Original Music Composer
79257,66142,Original Music Composer
42130,9245,Original Music Composer
42131,30634,Original Music Composer
41291,2887,Original Music Composer
41291,2887,Songs
84784,96286,Original Music Composer
23942,31576,Original Music Composer
72340,3535,Original Music Composer
37997,6394,Music
37997,4429,Music
27609,1570864,Original Music Composer
27609,7066,Original Music Composer
83562,1102220,Original Music Composer
127,1400,Original Music Composer
14645,38901,Music
14645,1965,Original Music Composer
27726,98606,Original Music Composer
42135,3767,Original Music Composer
1563,9956,Music
17132,3531903,Music
2262,3767,Original Music Composer
46925,50239,Original Music Composer
77073,56819,Original Music Composer
76395,47927,Original Music Composer
76395,69600,Original Music Composer
76395,69601,Original Music Composer
76395,4813842,Music
37607,7422,Original Music Composer
30874,37789,Original Music Composer
30363,2308,Original Music Composer
30363,4429,Music
32048,66780,Original Music Composer
48139,1740809,Music
30584,1335726,Original Music Composer
48313,63923,Original Music Composer
48249,14899,Original Music Composer
29702,15055,Original Music Composer
29702,15054,Original Music Composer
29702,15053,Original Music Composer
30049,19711,Music
9699,1938,Original Music Composer
48561,15130,Original Music Composer
30789,7714,Original Music Composer
81346,231727,Music
11057,52059,Original Music Composer
47955,1259,Original Music Composer
19322,51883,Original Music Composer
31661,59355,Music
52556,144180,Music
52556,1603624,Music
38219,18836,Original Music Composer
38219,18837,Original Music Composer
38219,29056,Original Music Composer
23943,50239,Music
26454,63976,Original Music Composer
9919,3393,Original Music Composer
6038,14712,Original Music Composer
9480,5912,Original Music Composer
14873,49285,Original Music Composer
14873,958887,Songs
14873,2202965,Songs
13132,1175793,Original Music Composer
13132,937895,Original Music Composer
18302,87557,Music
1956,20230,Original Music Composer
12112,49871,Original Music Composer
50380,21962,Original Music Composer
12139,1760,Original Music Composer
118936,30268,Original Music Composer
18587,98606,Original Music Composer
24883,3535,Original Music Composer
17264,2872,Original Music Composer
3426,20075,Original Music Composer
2984,13848,Original Music Composer
33221,9152,Original Music Composer
59201,69404,Original Music Composer
26172,98606,Original Music Composer
26173,13669,Original Music Composer
33055,1096248,Original Music Composer
33055,1096247,Original Music Composer
33364,1760,Original Music Composer
33851,10494,Music
31598,2049,Original Music Composer
59401,14861,Original Music Composer
22233,21011,Original Music Composer
4952,21011,Original Music Composer
4952,2559769,Songs
4952,2559766,Songs
4952,2559772,Songs
4952,2360499,Songs
4952,121100,Songs
4952,2559767,Songs
991,14898,Original Music Composer
991,14899,Original Music Composer
4911,5287,Original Music Composer
16072,14712,Original Music Composer
16072,21962,Original Music Composer
11615,70032,Original Music Composer
11615,70031,Original Music Composer
11635,10572,Original Music Composer
77283,72854,Original Music Composer
35824,1528,Original Music Composer
102,1028,Original Music Composer
41820,69665,Original Music Composer
41820,92739,Original Music Composer
10623,21962,Original Music Composer
10623,66057,Original Music Composer
9613,117,Original Music Composer
7015,1213,Original Music Composer
210938,1057144,Original Music Composer
42035,947,Original Music Composer
42035,40150,Original Music Composer
21867,1310264,Original Music Composer
49680,1480699,Music
6524,719,Original Music Composer
11244,2120,Original Music Composer
77233,68531,Original Music Composer
140071,1486321,Original Music Composer
21801,1199754,Original Music Composer
54845,1429524,Original Music Composer
10678,9217,Original Music Composer
9567,948,Original Music Composer
9567,947,Original Music Composer
979,14598,Original Music Composer
13819,17748,Original Music Composer
1591,4524,Original Music Composer
24186,3762834,Original Music Composer
24186,3762836,Original Music Composer
24186,2558841,Original Music Composer
455,6229,Original Music Composer
10632,6041,Original Music Composer
10929,26981,Original Music Composer
170400,27045,Music
16229,2863,Original Music Composer
12079,64809,Music
36362,7647,Original Music Composer
4762,39300,Original Music Composer
18535,3375,Original Music Composer
23159,2916,Original Music Composer
42459,185998,Music
15347,2289,Songs
15347,2289,Original Music Composer
44968,1528,Original Music Composer
37258,10724,Original Music Composer
8996,1135,Original Music Composer
125413,7182,Original Music Composer
17729,1938,Original Music Composer
12157,947,Original Music Composer
11571,1045,Original Music Composer
71142,11166,Original Music Composer
71142,62053,Original Music Composer
10293,64782,Music
2671,57304,Original Music Composer
9669,57304,Original Music Composer
45129,1528570,Original Music Composer
42618,65617,Original Music Composer
42618,65617,Songs
41164,3393,Original Music Composer
66027,3535,Original Music Composer
9557,43393,Original Music Composer
6171,1213,Original Music Composer
13691,68701,Original Music Composer
13691,174875,Songs
11523,10572,Original Music Composer
114065,73704,Music
14675,34173,Original Music Composer
2525,25800,Original Music Composer
57447,1024353,Music
42695,1170555,Music
49845,1027537,Music
29912,8503,Original Music Composer
28881,7728,Original Music Composer
10782,122,Original Music Composer
9341,19155,Original Music Composer
9776,63976,Original Music Composer
9776,1228211,Original Music Composer
10735,2593,Original Music Composer
16425,66675,Original Music Composer
25461,2145734,Original Music Composer
12516,71029,Original Music Composer
1675,3535,Original Music Composer
62184,31272,Original Music Composer
17057,89804,Original Music Composer
41938,1938,Original Music Composer
79615,20897,Original Music Composer
40718,95035,Music
42178,2704,Original Music Composer
6016,5581,Original Music Composer
8409,851,Original Music Composer
8409,1488936,Music
1817,5553,Original Music Composer
284096,5628,Music
11299,186,Original Music Composer
17995,57874,Original Music Composer
7294,2658950,Songs
9506,20822,Original Music Composer
14290,2540917,Original Music Composer
14290,1152111,Original Music Composer
24982,49285,Original Music Composer
2662,16848,Original Music Composer
2662,1472296,Original Music Composer
12093,2863,Original Music Composer
18941,39827,Original Music Composer
42383,2564017,Original Music Composer
11817,996,Original Music Composer
24621,26656,Original Music Composer
8326,49285,Original Music Composer
13411,25362,Original Music Composer
13411,4500,Original Music Composer
13411,1924691,Original Music Composer
11516,35073,Original Music Composer
10180,69179,Music
10180,15082,Original Music Composer
10180,69179,Original Music Composer
10180,5395867,Music
994,7769,Original Music Composer
66918,88643,Original Music Composer
10514,65513,Original Music Composer
14237,9204,Original Music Composer
1714,1045,Original Music Composer
9930,7182,Original Music Composer
32083,1938,Original Music Composer
107569,3535,Music
16651,51588,Original Music Composer
57565,8933,Original Music Composer
108553,52029,Original Music Composer
12661,3393,Original Music Composer
29355,1213,Original Music Composer
24961,168239,Original Music Composer
24961,168239,Songs
26866,3535,Music
31633,3393,Original Music Composer
20978,579294,Original Music Composer
47762,9251,Original Music Composer
47329,719,Original Music Composer
10743,23486,Original Music Composer
2832,37,Original Music Composer
31459,958887,Original Music Composer
19153,20225,Music
31932,15221,Original Music Composer
38868,3221908,Original Music Composer
72996,560802,Original Music Composer
15098,937895,Original Music Composer
15098,1175793,Original Music Composer
11458,5287,Original Music Composer
16636,3086204,Music
18736,2120,Original Music Composer
18736,5958,Songs
18736,53929,Songs
36658,9039,Original Music Composer
46989,72448,Original Music Composer
20689,405,Original Music Composer
13438,2188130,Original Music Composer
15394,1472952,Original Music Composer
15394,2564017,Original Music Composer
10708,3393,Original Music Composer
22016,1522532,Original Music Composer
22958,47990,Original Music Composer
15850,2984541,Music
251053,2305269,Music
10989,69679,Original Music Composer
10989,64188,Music
1816,10468,Songs
1816,10468,Original Music Composer
42017,7487,Songs
42017,22669,Songs
42017,107608,Songs
42017,1463143,Songs
17667,22482,Original Music Composer
17667,2324820,Original Music Composer
17667,33162,Original Music Composer
17464,58703,Original Music Composer
15259,225903,Original Music Composer
15259,2126432,Original Music Composer
10515,636,Original Music Composer
45069,39827,Original Music Composer
117269,69404,Original Music Composer
42792,7182,Original Music Composer
43232,69394,Songs
43232,34359,Music
43232,69394,Original Music Composer
22201,4082,Original Music Composer
22201,1912330,Songs
22201,4082,Songs
11424,69394,Original Music Composer
34857,69394,Songs
34857,69394,Music
34857,69394,Original Music Composer
604,4949,Original Music Composer
55616,50934,Music
10720,9251,Original Music Composer
51230,1503942,Original Music Composer
51230,44844,Original Music Composer
23423,1639719,Original Music Composer
33875,73052,Original Music Composer
33875,1132447,Original Music Composer
310,4500,Original Music Composer
5146,41552,Original Music Composer
5146,122,Original Music Composer
12544,20648,Original Music Composer
12544,32807,Original Music Composer
12,153,Original Music Composer
12,80535,Songs
9654,11098,Original Music Composer
9902,43609,Original Music Composer
2260,60628,Music
61939,54983,Music
18385,65931,Songs
18385,5428160,Original Music Composer
584,6489,Original Music Composer
39125,122226,Original Music Composer
1088,948,Original Music Composer
5921,8503,Original Music Composer
47423,2809819,Original Music Composer
43239,69394,Music
43239,69394,Songs
43239,69394,Original Music Composer
14676,2027,Original Music Composer
21717,7182,Original Music Composer
29425,1687167,Original Music Composer
28503,91999,Original Music Composer
59950,18479,Original Music Composer
5920,10934,Original Music Composer
26593,1760,Original Music Composer
50285,958887,Original Music Composer
33564,10468,Original Music Composer
43361,3098,Original Music Composer
6646,52219,Original Music Composer
29514,14138,Original Music Composer
38720,13301,Original Music Composer
38732,30130,Original Music Composer
15462,2519694,Original Music Composer
22386,30130,Original Music Composer
22386,89809,Songs
22386,21871,Music
43828,30104,Original Music Composer
43828,41747,Songs
43828,2916,Songs
11145,8261,Songs
11145,10771,Original Music Composer
32328,9056,Songs
32328,1060367,Songs
47715,9245,Original Music Composer
29586,2289,Original Music Composer
12629,63923,Original Music Composer
111815,54449,Original Music Composer
25381,4082,Original Music Composer
38800,491,Original Music Composer
21027,30104,Original Music Composer
37264,67274,Music
37264,2722,Original Music Composer
37264,67274,Songs
11890,7182,Original Music Composer
36807,63976,Original Music Composer
36807,12994,Original Music Composer
18721,30104,Original Music Composer
18721,1938,Original Music Composer
18721,56928,Original Music Composer
18721,30130,Original Music Composer
37662,33779,Original Music Composer
11916,1259,Original Music Composer
14551,14356,Music
14551,13957,Music
14551,34015,Music
14551,30130,Music
14551,4681,Music
14551,3375,Music
14551,30104,Music
14551,40460,Music
34759,7487,Songs
51426,3249,Original Music Composer
42986,13983,Original Music Composer
43490,8619,Original Music Composer
40683,3249,Original Music Composer
8092,1225,Original Music Composer
18200,17667,Original Music Composer
15925,7752,Music
32087,21011,Original Music Composer
290,1225,Original Music Composer
11463,7752,Original Music Composer
2470,3529,Original Music Composer
2470,145413,Songs
42640,958941,Original Music Composer
42640,1086331,Original Music Composer
42640,1086332,Original Music Composer
42640,1086333,Original Music Composer
42640,1086334,Original Music Composer
44043,3249,Original Music Composer
30462,7182,Original Music Composer
1403,16891,Original Music Composer
10243,21011,Original Music Composer
42541,7182,Original Music Composer
37103,2578,Original Music Composer
46059,13301,Original Music Composer
40085,10536,Original Music Composer
40085,10536,Songs
47684,47675,Original Music Composer
2263,20075,Original Music Composer
6523,11441,Original Music Composer
2527,19085,Original Music Composer
2527,13697,Music
18780,52219,Original Music Composer
19728,1760,Original Music Composer
26205,14356,Music
3009,19529,Original Music Composer
6643,4082,Original Music Composer
18972,31065,Original Music Composer
53380,1603345,Music
14817,2987,Original Music Composer
41426,37317,Original Music Composer
41791,1528570,Original Music Composer
49842,1285418,Original Music Composer
41670,1318751,Original Music Composer
30708,7182,Original Music Composer
38765,21810,Original Music Composer
98984,3278,Original Music Composer
36372,15874,Music
30529,66675,Original Music Composer
24073,63964,Original Music Composer
2071,37,Original Music Composer
43516,8503,Original Music Composer
33638,2704,Original Music Composer
57476,1500631,Original Music Composer
32489,3448,Songs
32489,7182,Original Music Composer
48864,1978824,Original Music Composer
10152,64027,Original Music Composer
31246,178528,Original Music Composer
31246,60102,Original Music Composer
11375,39993,Original Music Composer
20694,5666,Original Music Composer
16311,80275,Original Music Composer
24985,11344,Music
18300,996,Original Music Composer
55735,1073311,Music
39088,223416,Music
17813,9251,Original Music Composer
94996,30872,Music
42995,1938,Original Music Composer
115665,1386790,Original Music Composer
115665,937497,Original Music Composer
4708,2704,Original Music Composer
35068,568911,Music
42511,1550890,Original Music Composer
35669,33911,Original Music Composer
170,960,Original Music Composer
9471,1999,Original Music Composer
12800,1204445,Music
12800,3444674,Music
12800,3444675,Music
44562,20836,Music
9581,58056,Original Music Composer
9581,58057,Original Music Composer
15486,77572,Music
216,2725,Original Music Composer
47676,4055,Original Music Composer
45139,4475462,Music
45139,4475463,Music
44736,39744,Original Music Composer
18569,13571,Music
18569,17667,Music
18569,27966,Music
18569,701959,Music
113739,4021649,Original Music Composer
52758,8503,Original Music Composer
52758,4196393,Music
38171,8503,Original Music Composer
61225,7182,Original Music Composer
18886,7728,Original Music Composer
24109,12142,Original Music Composer
19957,7647,Original Music Composer
42176,1478932,Original Music Composer
39231,1938,Original Music Composer
18722,1760,Original Music Composer
43039,17558,Original Music Composer
43039,17558,Songs
40634,10400,Original Music Composer
20645,71029,Original Music Composer
33454,26026,Original Music Composer
19753,14930,Original Music Composer
48451,5467,Original Music Composer
11482,20075,Original Music Composer
70912,2949,Original Music Composer
42492,12417,Music
6949,29352,Music
1927,531,Original Music Composer
1927,1319596,Songs
1927,111316,Songs
1927,92707,Songs
1927,975071,Songs
1927,92706,Songs
10327,24190,Original Music Composer
14411,5553,Original Music Composer
14411,5409340,Music
296,7229,Original Music Composer
302,4403,Original Music Composer
22,122,Original Music Composer
46993,1786749,Original Music Composer
46993,1527610,Original Music Composer
8698,7020,Original Music Composer
554,7593,Original Music Composer
34840,20579,Original Music Composer
17920,11269,Original Music Composer
40947,1095213,Original Music Composer
8961,894,Original Music Composer
17403,25143,Original Music Composer
9486,1999,Original Music Composer
20439,1560271,Original Music Composer
3472,2863,Original Music Composer
35265,2679560,Original Music Composer
35265,2679561,Original Music Composer
35265,2679559,Original Music Composer
35265,2679562,Original Music Composer
35265,4742517,Original Music Composer
25921,127279,Music
25921,1349380,Music
25921,2139632,Music
41453,550542,Original Music Composer
68927,12633,Original Music Composer
11894,3535,Original Music Composer
20726,4500,Original Music Composer
24558,12700,Original Music Composer
12649,73248,Original Music Composer
44916,3249,Original Music Composer
24356,1487,Music
1996,37,Original Music Composer
4464,7885,Original Music Composer
12279,2294,Original Music Composer
12279,72030,Original Music Composer
9104,1889,Original Music Composer
33339,21266,Original Music Composer
47232,6111,Original Music Composer
47232,28155,Original Music Composer
71714,43319,Original Music Composer
54580,67265,Original Music Composer
4613,21962,Original Music Composer
12530,29500,Original Music Composer
45096,20075,Original Music Composer
21882,13669,Original Music Composer
29805,57892,Original Music Composer
24993,1408460,Music
53021,20153,Songs
53021,974456,Songs
53021,5805,Original Music Composer
123833,65464,Songs
5185,7647,Original Music Composer
10553,63923,Original Music Composer
21512,957928,Original Music Composer
4984,13669,Original Music Composer
8046,11098,Original Music Composer
48967,7020,Original Music Composer
8094,7045,Original Music Composer
26195,133811,Original Music Composer
10330,24190,Original Music Composer
125952,1092391,Original Music Composer
125952,73745,Original Music Composer
9257,5581,Original Music Composer
9499,54449,Original Music Composer
17180,57304,Original Music Composer
15292,21068,Original Music Composer
12491,67826,Music
41660,63656,Music
78041,10494,Original Music Composer
27814,1419431,Music
27814,1856485,Music
41206,7647,Original Music Composer
33954,1259,Original Music Composer
23395,57684,Original Music Composer
47278,1181479,Original Music Composer
24192,66675,Original Music Composer
833,12331,Original Music Composer
42470,3535,Original Music Composer
3101,1729,Original Music Composer
6466,5912,Original Music Composer
20210,73137,Music
2055,7714,Original Music Composer
11770,57620,Original Music Composer
11770,25246,Songs
11770,238973,Songs
14926,49285,Original Music Composer
2771,72210,Original Music Composer
44408,70687,Original Music Composer
44408,589429,Original Music Composer
54390,5553,Original Music Composer
10923,11098,Original Music Composer
17745,21587,Original Music Composer
79888,7182,Original Music Composer
114776,68531,Original Music Composer
21989,19746,Original Music Composer
18573,17667,Original Music Composer
37451,12241,Original Music Composer
41759,26064,Original Music Composer
41759,1037871,Original Music Composer
37227,66142,Original Music Composer
48791,70641,Music
80047,1143464,Original Music Composer
41944,58864,Original Music Composer
8992,18663,Original Music Composer
35371,69900,Original Music Composer
19053,551922,Original Music Composer
19053,551921,Original Music Composer
11206,1938,Original Music Composer
49762,5256715,Original Music Composer
49762,5256716,Original Music Composer
49762,3167304,Original Music Composer
30970,1646442,Original Music Composer
13154,50715,Original Music Composer
18148,993587,Original Music Composer
54898,64782,Original Music Composer
636,9217,Original Music Composer
3055,491,Original Music Composer
40920,1515435,Original Music Composer
54986,2715155,Original Music Composer
43048,12241,Original Music Composer
11898,70867,Original Music Composer
11898,18170,Music
11898,2939375,Music
26225,8422,Original Music Composer
14881,9217,Original Music Composer
26198,47927,Original Music Composer
26198,69600,Original Music Composer
26198,69601,Original Music Composer
26198,4813842,Music
35072,425396,Original Music Composer
43226,425396,Original Music Composer
43226,1365812,Music
43226,1006467,Music
44585,88643,Original Music Composer
35073,17667,Original Music Composer
9051,1938,Original Music Composer
9362,37592,Original Music Composer
19542,68427,Original Music Composer
936,1938,Original Music Composer
12268,1938,Original Music Composer
12268,1938,Songs
10999,1729,Original Music Composer
10999,162485,Songs
33521,491,Original Music Composer
12276,4123013,Original Music Composer
3782,7460,Original Music Composer
36629,1042651,Music
36629,1849093,Music
2891,73879,Original Music Composer
12722,20230,Original Music Composer
12722,48068,Original Music Composer
12722,73647,Original Music Composer
41806,1143464,Original Music Composer
38304,1383096,Original Music Composer
124839,1487432,Music
20815,11382,Original Music Composer
19433,110352,Original Music Composer
48464,39023,Original Music Composer
7504,5288,Original Music Composer
513,5288,Original Music Composer
6619,50934,Music
32316,9251,Songs
32316,20744,Original Music Composer
32316,20744,Songs
10610,1465627,Original Music Composer
2830,20822,Original Music Composer
15920,6422,Original Music Composer
21413,21467,Original Music Composer
38874,27045,Music
16405,80519,Original Music Composer
33255,2890177,Original Music Composer
11351,56352,Original Music Composer
112961,42383,Original Music Composer
22200,17252,Original Music Composer
2722,27457,Music
2722,27456,Music
2722,14351,Original Music Composer
27090,3168035,Music
13778,23486,Original Music Composer
13778,60150,Original Music Composer
9616,50772,Original Music Composer
55015,1208427,Original Music Composer
1415,32601,Original Music Composer
11547,5628,Original Music Composer
11547,19659,Original Music Composer
7270,947,Original Music Composer
1428,2294,Original Music Composer
17906,82483,Original Music Composer
17906,65750,Original Music Composer
153,1779,Original Music Composer
153,2612131,Music
35565,5243707,Original Music Composer
33320,40339,Original Music Composer
61054,46353,Original Music Composer
27590,10494,Original Music Composer
52734,18663,Original Music Composer
14603,799,Original Music Composer
10617,65957,Original Music Composer
10617,56811,Original Music Composer
10617,26744,Songs
10618,65982,Original Music Composer
10618,65984,Original Music Composer
10618,552384,Music
10618,26744,Songs
10618,56811,Songs
10619,65993,Original Music Composer
10619,56811,Songs
36759,10592,Songs
36759,10215,Songs
36759,1283964,Songs
36759,10594,Songs
38960,6335,Original Music Composer
19383,91999,Music
53650,30104,Original Music Composer
40775,54449,Original Music Composer
9584,58077,Original Music Composer
8408,13367,Music
14030,95665,Original Music Composer
14030,11441,Original Music Composer
14030,1389892,Songs
2687,26981,Original Music Composer
16323,1218875,Songs
39859,7182,Original Music Composer
74585,12331,Original Music Composer
23325,120030,Original Music Composer
23325,1726478,Songs
23325,1726479,Songs
16790,21068,Original Music Composer
31579,104767,Original Music Composer
40353,52953,Music
23033,7647,Original Music Composer
19064,8933,Original Music Composer
34564,1574965,Original Music Composer
25241,1148735,Original Music Composer
43041,30777,Original Music Composer
43041,1903121,Songs
28942,117,Original Music Composer
37025,67429,Original Music Composer
12767,6111,Original Music Composer
13156,9152,Original Music Composer
277,2214,Original Music Composer
9707,6041,Original Music Composer
38244,20836,Music
24488,101843,Original Music Composer
24488,101844,Original Music Composer
24488,101831,Original Music Composer
24488,18517,Original Music Composer
24488,980261,Original Music Composer
278813,62580,Music
20321,7741,Music
36791,11269,Original Music Composer
61401,20692,Music
7288,3393,Original Music Composer
10159,5553,Original Music Composer
10934,23486,Original Music Composer
54243,8320,Original Music Composer
5653,15874,Original Music Composer
321,6989,Original Music Composer
321,6991,Original Music Composer
321,5349746,Songs
20,106,Original Music Composer
18113,63447,Original Music Composer
5168,1042444,Original Music Composer
9662,59446,Original Music Composer
837,117,Original Music Composer
19666,5288,Music
19666,5288,Original Music Composer
821,12142,Original Music Composer
37672,10468,Original Music Composer
1358,1551,Original Music Composer
2200,22567,Original Music Composer
11475,69554,Original Music Composer
776,11555,Original Music Composer
16563,554823,Music
16563,4100,Music
16563,2083691,Songs
16563,2083691,Original Music Composer
11703,70284,Original Music Composer
11703,70283,Original Music Composer
891,8422,Original Music Composer
83714,1760,Original Music Composer
12531,72671,Original Music Composer
10881,57304,Original Music Composer
11832,70641,Original Music Composer
51300,560802,Original Music Composer
11806,14712,Original Music Composer
10438,14712,Original Music Composer
36349,9217,Original Music Composer
650,9769,Original Music Composer
10337,1259,Original Music Composer
8446,35040,Original Music Composer
8446,35040,Songs
9874,58120,Original Music Composer
9874,10676,Songs
9874,2426686,Songs
9874,197061,Songs
9874,3003282,Songs
9874,5847709,Songs
11477,14351,Original Music Composer
37753,6357,Original Music Composer
29161,7741,Original Music Composer
29161,15055,Songs
29161,15054,Songs
29161,4321881,Songs
29161,15055,Original Music Composer
21627,1173317,Original Music Composer
9501,57751,Original Music Composer
49291,118747,Original Music Composer
49291,63578,Original Music Composer
4543,8933,Original Music Composer
11046,7752,Original Music Composer
11707,195,Original Music Composer
7442,1760,Original Music Composer
14425,92704,Original Music Composer
6723,195,Original Music Composer
13343,31052,Original Music Composer
16969,195,Original Music Composer
11338,12939,Original Music Composer
13339,47927,Original Music Composer
13339,69600,Original Music Composer
13339,4813842,Music
13339,2214,Music
28761,195,Original Music Composer
25237,929399,Original Music Composer
41780,7182,Original Music Composer
9871,59939,Original Music Composer
71940,7435,Original Music Composer
26850,16929,Original Music Composer
70709,29056,Original Music Composer
36855,31052,Original Music Composer
20238,31052,Original Music Composer
33783,5666,Original Music Composer
42102,375145,Original Music Composer
42102,20075,Original Music Composer
42102,579094,Original Music Composer
47898,21068,Original Music Composer
19171,7182,Original Music Composer
48345,55440,Music
11364,947,Original Music Composer
38135,582049,Original Music Composer
55950,7714,Original Music Composer
39916,15052,Original Music Composer
39916,15054,Original Music Composer
39916,2200077,Original Music Composer
31634,111193,Original Music Composer
43739,4345,Original Music Composer
43739,14972,Songs
43739,9056,Songs
43739,1012324,Songs
45203,192272,Original Music Composer
14874,57874,Music
32082,1864179,Original Music Composer
25269,531,Music
29449,491,Original Music Composer
37943,40150,Original Music Composer
33633,27267,Original Music Composer
86763,33391,Original Music Composer
78146,5628,Original Music Composer
13765,3616,Music
12772,2120,Original Music Composer
47866,1059867,Original Music Composer
18900,13301,Original Music Composer
73265,1213,Original Music Composer
17744,1124455,Original Music Composer
3087,30267,Original Music Composer
3087,30268,Original Music Composer
3087,1018225,Songs
14282,104715,Music
11502,12013,Original Music Composer
29451,1045,Original Music Composer
21219,6357,Music
2116,5912,Original Music Composer
1584,17748,Original Music Composer
40945,23486,Original Music Composer
19555,40283,Music
2056,21266,Original Music Composer
4997,8377,Original Music Composer
322,190,Original Music Composer
21765,5666,Original Music Composer
11059,49187,Original Music Composer
11775,1225,Original Music Composer
24,150,Original Music Composer
24,66591,Music
10930,19167,Original Music Composer
21059,62811,Original Music Composer
21059,5446194,Original Music Composer
11329,19155,Original Music Composer
9373,18264,Original Music Composer
1550,1478995,Original Music Composer
5493,43657,Original Music Composer
28200,5488,Original Music Composer
10629,5553,Original Music Composer
10944,43528,Original Music Composer
9839,1729,Original Music Composer
13920,1729,Original Music Composer
4256,23739,Original Music Composer
4256,1667956,Songs
10009,9989,Original Music Composer
10009,110001,Original Music Composer
10009,1459,Songs
10009,110001,Songs
33343,1463861,Music
10536,13301,Original Music Composer
14157,124008,Music
67809,39993,Original Music Composer
37922,1213,Original Music Composer
1376,1528,Original Music Composer
31397,1408458,Music
31397,1408459,Music
31397,94667,Music
31397,1408460,Music
50374,491,Original Music Composer
96171,137188,Original Music Composer
20312,23486,Original Music Composer
59809,1204937,Original Music Composer
135890,1225,Original Music Composer
2348,20897,Original Music Composer
44591,4681,Original Music Composer
18979,14252,Original Music Composer
31206,34227,Original Music Composer
28658,69394,Songs
28658,69394,Music
28658,69394,Original Music Composer
3117,30137,Original Music Composer
20684,2113016,Original Music Composer
20684,1553280,Original Music Composer
27450,947,Original Music Composer
27450,26981,Music
26643,229862,Original Music Composer
62327,1213,Original Music Composer
897,13745,Original Music Composer
42522,42625,Original Music Composer
11657,39338,Original Music Composer
224,2802,Original Music Composer
27117,30104,Original Music Composer
44383,30104,Music
78331,14647,Original Music Composer
78331,16748,Original Music Composer
10922,3562,Original Music Composer
43708,2398,Original Music Composer
51707,10572,Original Music Composer
13537,5359,Original Music Composer
28446,5628,Original Music Composer
605,4949,Original Music Composer
10719,4500,Original Music Composer
266741,1313822,Original Music Composer
266741,66489,Original Music Composer
1277,16230,Original Music Composer
1277,16229,Original Music Composer
1836,19365,Original Music Composer
292974,203696,Music
508,7045,Original Music Composer
11846,37,Original Music Composer
10715,1760,Original Music Composer
8619,65044,Original Music Composer
8619,65046,Original Music Composer
8619,65045,Original Music Composer
14892,6041,Original Music Composer
12146,1729,Original Music Composer
10588,3393,Original Music Composer
4970,9039,Original Music Composer
470,278,Original Music Composer
11042,67907,Original Music Composer
44708,1580568,Original Music Composer
10147,25143,Original Music Composer
10756,9989,Original Music Composer
9562,6041,Original Music Composer
36068,560044,Music
11012,1135,Original Music Composer
40913,39023,Original Music Composer
9556,531,Original Music Composer
13581,2578,Original Music Composer
1702,1159571,Music
1702,1159571,Original Music Composer
19184,996,Original Music Composer
24203,14647,Original Music Composer
9065,1637,Original Music Composer
44479,1771891,Original Music Composer
4823,1528,Original Music Composer
10168,3393,Original Music Composer
38939,38646,Original Music Composer
10952,35838,Original Music Composer
860,12845,Original Music Composer
41521,3892,Original Music Composer
41521,1938,Original Music Composer
48035,1876058,Original Music Composer
5000,40534,Original Music Composer
22744,1045,Original Music Composer
17831,72066,Original Music Composer
780,63146,Music
780,11592,Music
780,2113086,Music
780,2113087,Music
31510,29967,Original Music Composer
31510,29969,Original Music Composer
234,2996,Original Music Composer
234,3022,Original Music Composer
8289,1729,Original Music Composer
11583,1760,Original Music Composer
11002,29056,Original Music Composer
6472,4055,Original Music Composer
11384,12845,Original Music Composer
5227,42620,Original Music Composer
8010,2987,Original Music Composer
10410,3393,Original Music Composer
47095,1729,Original Music Composer
10407,63964,Original Music Composer
9292,7714,Original Music Composer
9292,17169,Original Music Composer
11850,70725,Original Music Composer
48745,1551,Original Music Composer
2297,8377,Original Music Composer
951,14712,Original Music Composer
10804,1213,Original Music Composer
5765,851,Original Music Composer
9319,7714,Original Music Composer
1643,18332,Original Music Composer
10995,5488,Original Music Composer
8047,27045,Original Music Composer
2612,3393,Music
3112,30535,Original Music Composer
10413,4140,Original Music Composer
2611,2704,Original Music Composer
1825,1154,Original Music Composer
1825,172365,Songs
10538,9769,Original Music Composer
11092,491,Original Music Composer
18410,1729,Original Music Composer
14904,1484517,Original Music Composer
19065,1409894,Music
3176,1200057,Original Music Composer
9261,57053,Original Music Composer
5336,1259,Music
23908,4140,Original Music Composer
14671,531,Original Music Composer
11509,20897,Original Music Composer
10729,14712,Original Music Composer
20763,947,Original Music Composer
2047,2722,Original Music Composer
14249,7066,Original Music Composer
10021,62053,Original Music Composer
10021,57911,Original Music Composer
14746,6918,Original Music Composer
11824,63964,Original Music Composer
8222,11382,Original Music Composer
8222,1791996,Songs
20067,1999,Original Music Composer
12395,1729,Original Music Composer
9846,1246007,Original Music Composer
9846,59880,Original Music Composer
23719,43393,Original Music Composer
11986,5488,Original Music Composer
1626,10934,Original Music Composer
483,5628,Original Music Composer
10166,40150,Original Music Composer
6069,491,Original Music Composer
11018,7435,Original Music Composer
11676,43393,Music
11676,1488936,Music
28293,1530889,Original Music Composer
28292,30176,Original Music Composer
3681,9580,Original Music Composer
3681,1592416,Songs
3681,9580,Songs
43875,1313001,Original Music Composer
31798,975566,Music
43436,4100,Original Music Composer
20325,975566,Original Music Composer
19075,1340240,Original Music Composer
41465,3249,Original Music Composer
17641,72066,Original Music Composer
12545,65360,Songs
12545,65360,Original Music Composer
27972,3249,Original Music Composer
898,7182,Original Music Composer
2000,20552,Original Music Composer
648,2578,Original Music Composer
618,8818,Original Music Composer
618,100036,Original Music Composer
618,1566531,Music
618,8817,Music
44162,1316840,Music
19120,3098,Original Music Composer
4024,34592,Original Music Composer
11316,1020074,Original Music Composer
11316,554215,Original Music Composer
3089,4082,Original Music Composer
29845,961119,Original Music Composer
995,14959,Original Music Composer
1594,1938,Original Music Composer
1594,1244630,Songs
1594,1938,Songs
32318,29967,Original Music Composer
11839,70672,Original Music Composer
11839,3375,Original Music Composer
11839,52593,Original Music Composer
11839,1208374,Songs
11839,1242315,Songs
916,9217,Original Music Composer
31509,1550890,Original Music Composer
31509,14283,Original Music Composer
1976,3249,Original Music Composer
31685,8503,Original Music Composer
3062,1419678,Original Music Composer
3062,1147115,Original Music Composer
34456,4307479,Songs
34456,1092864,Original Music Composer
34456,29276,Original Music Composer
34456,13337,Original Music Composer
34456,30256,Original Music Composer
34456,30268,Original Music Composer
12708,16748,Original Music Composer
42045,50520,Original Music Composer
11610,12417,Original Music Composer
11610,111442,Music
4939,21011,Original Music Composer
25016,29725,Music
15927,2704,Original Music Composer
40423,572166,Original Music Composer
40423,581662,Original Music Composer
7857,3098,Original Music Composer
79,1360,Original Music Composer
79,12671,Songs
13912,12924,Original Music Composer
13912,30009,Original Music Composer
70881,72066,Original Music Composer
65869,5912,Original Music Composer
37749,59355,Original Music Composer
30140,577,Original Music Composer
33302,4403,Original Music Composer
46932,14930,Original Music Composer
81,636,Original Music Composer
70423,7020,Original Music Composer
11821,1225,Original Music Composer
10023,12939,Original Music Composer
51036,3393,Original Music Composer
11519,491,Original Music Composer
72087,8271,Original Music Composer
42238,36947,Original Music Composer
15659,50239,Original Music Composer
18857,56811,Original Music Composer
18857,553018,Original Music Composer
33517,33684,Original Music Composer
33517,65266,Original Music Composer
33517,82427,Original Music Composer
33517,76142,Original Music Composer
33517,237336,Original Music Composer
27425,1034270,Original Music Composer
38953,2704,Original Music Composer
74544,132879,Original Music Composer
41785,1160346,Original Music Composer
42740,2704,Original Music Composer
20126,15055,Original Music Composer
20126,36931,Original Music Composer
827,12262,Original Music Composer
11811,51588,Original Music Composer
20043,11382,Original Music Composer
20043,78361,Music
20043,1449579,Music
20043,1576594,Music
16814,2120,Original Music Composer
4368,41649,Original Music Composer
25431,7647,Original Music Composer
17685,3535,Original Music Composer
2742,117,Original Music Composer
2742,998600,Original Music Composer
22010,552058,Original Music Composer
51145,36194,Original Music Composer
32040,961119,Original Music Composer
48129,2121229,Original Music Composer
48129,132583,Original Music Composer
3596,33258,Original Music Composer
120637,4055,Original Music Composer
24134,132879,Original Music Composer
18904,3249,Original Music Composer
37719,72066,Music
47364,19711,Original Music Composer
9063,56879,Music
1818,3535,Original Music Composer
255,3529,Original Music Composer
10744,4140,Original Music Composer
83505,1856212,Original Music Composer
10511,62641,Original Music Composer
10511,62642,Original Music Composer
22289,2649999,Original Music Composer
22289,2745877,Original Music Composer
10028,20744,Original Music Composer
616,947,Original Music Composer
288953,1557924,Music
587,531,Original Music Composer
21542,21068,Original Music Composer
6964,947,Original Music Composer
1792,1589,Original Music Composer
1792,58290,Original Music Composer
3635,2949,Original Music Composer
41488,17212,Original Music Composer
122,117,Original Music Composer
11820,3562,Original Music Composer
8696,9152,Original Music Composer
12698,1551,Original Music Composer
19187,65570,Original Music Composer
11093,1729,Original Music Composer
47952,15874,Original Music Composer
504,6898,Original Music Composer
11007,23486,Original Music Composer
2289,5488,Original Music Composer
9620,11098,Original Music Composer
10601,1213,Original Music Composer
52036,58099,Music
42418,11166,Original Music Composer
13433,1603558,Original Music Composer
35712,49190,Original Music Composer
14844,41846,Original Music Composer
26710,21068,Original Music Composer
37088,29486,Music
5966,10572,Original Music Composer
24034,1213810,Songs
24034,1841735,Songs
24034,4582589,Songs
24034,1696853,Songs
24034,2060056,Songs
24034,1341802,Original Music Composer
10718,894,Original Music Composer
40427,17503,Original Music Composer
14757,100026,Original Music Composer
25095,11382,Original Music Composer
26983,2908343,Original Music Composer
30080,12142,Original Music Composer
52867,16891,Original Music Composer
42599,1298412,Music
65012,5260,Original Music Composer
44801,63964,Original Music Composer
27465,21068,Original Music Composer
83726,5488,Original Music Composer
24782,851,Original Music Composer
24782,110001,Songs
31395,1299116,Original Music Composer
31395,1192691,Original Music Composer
131313,491,Original Music Composer
34151,7020,Original Music Composer
15797,1275373,Original Music Composer
9548,57911,Original Music Composer
1937,2578,Original Music Composer
26712,17667,Original Music Composer
1882,4082,Original Music Composer
70627,1760,Original Music Composer
17258,3535,Music
34681,40468,Music
118910,4082,Original Music Composer
6277,2593,Original Music Composer
11429,69412,Original Music Composer
33642,32779,Music
14815,1760,Original Music Composer
427,5783,Original Music Composer
427,5784,Original Music Composer
427,5782,Original Music Composer
43049,13983,Original Music Composer
3022,14356,Original Music Composer
3022,29621,Original Music Composer
3022,8619,Original Music Composer
778,5783,Original Music Composer
3088,14647,Original Music Composer
23567,14647,Original Music Composer
102057,10771,Original Music Composer
22584,8619,Original Music Composer
27725,4100,Original Music Composer
16227,8619,Original Music Composer
980,14647,Original Music Composer
16933,4100,Original Music Composer
42094,47452,Original Music Composer
26884,2085,Original Music Composer
26884,1599072,Original Music Composer
26884,29810,Original Music Composer
37833,121092,Music
37833,9079,Original Music Composer
18995,4082,Original Music Composer
43759,5467,Original Music Composer
5205,6357,Music
2017,20692,Original Music Composer
38606,21011,Music
38606,1760,Original Music Composer
14239,4140,Original Music Composer
55448,63923,Original Music Composer
21779,7182,Original Music Composer
71189,9217,Original Music Composer
67794,54449,Original Music Composer
73515,3535,Original Music Composer
405,3098,Original Music Composer
9696,545764,Original Music Composer
4917,39998,Original Music Composer
37774,2704,Original Music Composer
42040,24717,Original Music Composer
29933,1536596,Original Music Composer
35888,110561,Music
22727,72175,Music
22727,89197,Music
22727,2325741,Music
28586,88643,Original Music Composer
11708,5838,Original Music Composer
11708,5839,Original Music Composer
11708,5838,Songs
11708,5839,Songs
27329,15874,Original Music Composer
42514,2704,Original Music Composer
20444,13301,Original Music Composer
17736,2026827,Original Music Composer
114046,19965,Original Music Composer
1954,20225,Original Music Composer
13476,1999,Original Music Composer
11194,22047,Original Music Composer
12634,9204,Original Music Composer
13505,960,Original Music Composer
14114,15221,Original Music Composer
15708,71145,Music
21301,21068,Original Music Composer
20483,9204,Original Music Composer
14292,4140,Original Music Composer
25925,965139,Original Music Composer
25925,934287,Original Music Composer
32035,4140,Original Music Composer
74395,962892,Music
19361,21587,Original Music Composer
81824,7422,Original Music Composer
21968,1239860,Original Music Composer
29493,1239860,Original Music Composer
29473,1239860,Original Music Composer
29464,18663,Original Music Composer
37900,3076410,Music
91390,1066805,Original Music Composer
33557,230253,Original Music Composer
7008,40150,Original Music Composer
30566,1382922,Original Music Composer
42466,1176370,Original Music Composer
76176,1523153,Music
76176,1217908,Music
76176,4751662,Original Music Composer
18446,7422,Original Music Composer
22004,6918,Original Music Composer
11023,59253,Original Music Composer
11023,5666,Original Music Composer
47802,91343,Original Music Composer
92298,9796,Original Music Composer
35227,1009005,Music
29852,1624839,Original Music Composer
23001,2500,Original Music Composer
51049,14712,Original Music Composer
11221,7422,Original Music Composer
1824,20822,Original Music Composer
16784,4500,Original Music Composer
11083,67992,Original Music Composer
337,5070,Original Music Composer
43376,1027537,Original Music Composer
28963,1899100,Music
2576,8503,Original Music Composer
22561,974330,Music
22561,267258,Music
22561,2351757,Music
22561,1193756,Music
22561,7587,Music
22561,1569361,Music
19345,6357,Original Music Composer
14430,1180954,Music
12775,7728,Original Music Composer
9838,1760,Original Music Composer
2099,21513,Original Music Composer
2099,21515,Original Music Composer
2099,21514,Original Music Composer
42852,37467,Original Music Composer
40454,57337,Original Music Composer
6470,3393,Original Music Composer
6470,110001,Songs
8842,7714,Original Music Composer
11132,5666,Original Music Composer
9352,23739,Original Music Composer
615,4500,Original Music Composer
615,8749,Original Music Composer
11217,19659,Original Music Composer
10677,59706,Original Music Composer
13572,4140,Original Music Composer
338,2422,Original Music Composer
2023,1213,Original Music Composer
9384,10572,Original Music Composer
25935,1465627,Original Music Composer
25935,9989,Original Music Composer
797,11904,Original Music Composer
60792,7182,Original Music Composer
60792,7182,Songs
60792,1726478,Songs
70113,89804,Original Music Composer
47474,39050,Original Music Composer
56188,562909,Music
56188,38646,Music
56188,31291,Music
29084,102863,Original Music Composer
1723,10771,Original Music Composer
25955,5467,Original Music Composer
41876,2704,Original Music Composer
43323,119339,Original Music Composer
67022,54449,Original Music Composer
24548,18663,Original Music Composer
31602,2289,Original Music Composer
57744,28156,Original Music Composer
37044,229678,Music
37044,7491,Music
42989,10724,Music
17047,62086,Original Music Composer
10591,2214,Original Music Composer
1586,1551,Original Music Composer
11169,4140,Original Music Composer
49689,1594800,Music
266687,1085919,Music
156,1637,Original Music Composer
2778,21068,Original Music Composer
10433,7182,Original Music Composer
47168,2089565,Songs
47168,8933,Songs
47168,10707,Songs
47168,1187301,Songs
47168,8933,Original Music Composer
58995,1760,Original Music Composer
43236,8619,Original Music Composer
40752,47452,Original Music Composer
924,15221,Original Music Composer
38,312,Original Music Composer
11081,1551,Original Music Composer
4377,36781,Music
4377,36782,Music
16941,960,Original Music Composer
1720,1034296,Music
1720,18823,Music
9541,23739,Original Music Composer
5516,43850,Music
5516,43851,Music
5516,1225,Original Music Composer
20304,110560,Music
11024,3393,Original Music Composer
53734,1496669,Original Music Composer
10544,65597,Original Music Composer
10544,122,Original Music Composer
1487,7229,Original Music Composer
13700,1017262,Songs
13700,15813,Original Music Composer
13700,15813,Songs
11137,63729,Original Music Composer
11358,5912,Original Music Composer
13573,1058227,Original Music Composer
19084,3142351,Original Music Composer
19084,21068,Original Music Composer
10733,1225,Original Music Composer
14442,57263,Original Music Composer
2122,4500,Original Music Composer
25300,35098,Original Music Composer
14576,2574770,Music
6844,7182,Original Music Composer
923,15052,Original Music Composer
923,15053,Original Music Composer
923,15054,Original Music Composer
923,15055,Original Music Composer
923,4955,Music
923,1187392,Music
2587,1493,Original Music Composer
3591,33216,Original Music Composer
28026,1322479,Songs
28026,21266,Music
41857,1760,Original Music Composer
78364,7422,Original Music Composer
78364,1231090,Songs
10338,7752,Original Music Composer
33839,14647,Original Music Composer
95548,7182,Original Music Composer
50549,14647,Original Music Composer
38978,1115092,Original Music Composer
92331,1118253,Music
92331,41649,Music
111883,1911066,Original Music Composer
111883,3078828,Original Music Composer
42245,1506468,Original Music Composer
68347,1384196,Original Music Composer
68347,40283,Original Music Composer
107285,1468814,Music
34082,120030,Original Music Composer
22999,30256,Original Music Composer
22999,30257,Original Music Composer
20278,30535,Original Music Composer
18698,30268,Original Music Composer
18698,2044072,Songs
18698,4007729,Songs
12239,9217,Original Music Composer
4365,37592,Original Music Composer
86182,2278222,Original Music Composer
45862,21418,Original Music Composer
65066,6357,Original Music Composer
42228,66142,Original Music Composer
16561,1141704,Music
54655,137188,Original Music Composer
54655,3003282,Songs
10843,117,Original Music Composer
2098,13983,Original Music Composer
65332,29389,Original Music Composer
65332,3098,Original Music Composer
34303,3937928,Original Music Composer
34303,2756276,Original Music Composer
34303,1890907,Original Music Composer
15673,14712,Original Music Composer
393,2294,Original Music Composer
393,150,Original Music Composer
7220,27181,Original Music Composer
33823,1557518,Original Music Composer
237,3078,Original Music Composer
10096,10572,Original Music Composer
9509,5553,Original Music Composer
19016,1672108,Music
10710,5666,Original Music Composer
11058,6041,Original Music Composer
11141,1999,Original Music Composer
10625,24190,Original Music Composer
54807,56889,Music
54807,2534110,Music
11025,9204,Original Music Composer
7131,37,Original Music Composer
30125,1570821,Music
30125,21038,Music
16428,63976,Original Music Composer
652,1729,Original Music Composer
8440,54983,Original Music Composer
38018,20075,Original Music Composer
20375,2225096,Original Music Composer
10375,11098,Original Music Composer
42015,68929,Original Music Composer
68440,3249,Original Music Composer
12503,1760,Original Music Composer
11864,2704,Original Music Composer
9461,9217,Original Music Composer
57811,1722148,Original Music Composer
28276,25800,Original Music Composer
18329,1311734,Original Music Composer
17993,3278,Original Music Composer
4339,3612630,Original Music Composer
4339,3612633,Original Music Composer
4339,3612629,Original Music Composer
4339,2456000,Original Music Composer
42108,66675,Original Music Composer
26517,552620,Original Music Composer
28285,109413,Music
22137,1637,Original Music Composer
5247,42304,Original Music Composer
31676,7435,Original Music Composer
49622,1862960,Original Music Composer
49622,20692,Original Music Composer
49622,1310451,Original Music Composer
238952,3535,Original Music Composer
10035,62272,Original Music Composer
41965,40150,Original Music Composer
41965,947,Original Music Composer
10347,64891,Original Music Composer
10347,56410,Original Music Composer
10347,64892,Original Music Composer
10347,56408,Original Music Composer
1373,16673,Original Music Composer
30959,51808,Original Music Composer
43341,7182,Original Music Composer
13055,1278139,Songs
667,2289,Original Music Composer
700,2289,Original Music Composer
21594,30836,Original Music Composer
21594,55250,Music
26976,579190,Original Music Composer
36670,10934,Original Music Composer
18872,553116,Original Music Composer
44864,18170,Music
31993,2916,Original Music Composer
43818,72066,Original Music Composer
28290,1045,Original Music Composer
24650,3249,Original Music Composer
55086,8619,Original Music Composer
43525,3249,Original Music Composer
20640,8619,Original Music Composer
50363,12331,Original Music Composer
633,9121,Original Music Composer
5511,24775,Original Music Composer
41003,1528,Original Music Composer
13936,931310,Songs
13936,931310,Music
13936,931310,Original Music Composer
11507,14138,Original Music Composer
17538,52025,Original Music Composer
10435,2289,Original Music Composer
10435,65276,Original Music Composer
1162,52025,Original Music Composer
34328,68929,Original Music Composer
47140,1153076,Original Music Composer
40930,1296185,Music
14684,2704,Original Music Composer
58467,58289,Original Music Composer
10261,1938,Original Music Composer
163869,1564161,Original Music Composer
13937,14138,Original Music Composer
25355,1182306,Original Music Composer
66115,1023045,Original Music Composer
23981,70588,Original Music Composer
44047,2748555,Original Music Composer
31965,108646,Original Music Composer
5842,929309,Original Music Composer
19463,34229,Original Music Composer
24012,37467,Original Music Composer
125103,1483560,Original Music Composer
204,2578,Original Music Composer
9356,25143,Original Music Composer
32430,109413,Original Music Composer
42231,1121299,Original Music Composer
16113,37,Original Music Composer
33575,18593,Music
13913,1549753,Original Music Composer
17956,63964,Original Music Composer
18209,56819,Original Music Composer
25508,4345,Original Music Composer
18978,68128,Songs
18978,68128,Music
18978,8503,Music
18978,68128,Original Music Composer
18978,8503,Original Music Composer
27171,1760,Original Music Composer
29486,99452,Original Music Composer
12310,9217,Original Music Composer
42205,63923,Music
27786,58438,Original Music Composer
9624,7728,Original Music Composer
476392,939704,Music
37296,7728,Original Music Composer
25736,34229,Original Music Composer
25389,1760,Original Music Composer
44807,26050,Original Music Composer
5248,2593,Original Music Composer
52794,1188050,Original Music Composer
52794,2354897,Original Music Composer
9872,1760,Original Music Composer
19552,1993102,Original Music Composer
2786,3529,Original Music Composer
8075,3529,Original Music Composer
50271,8619,Original Music Composer
38274,68126,Original Music Composer
26133,7229,Original Music Composer
68981,554838,Original Music Composer
68981,118352,Original Music Composer
10235,58024,Original Music Composer
11533,1045,Original Music Composer
2817,1913754,Original Music Composer
1719,3535,Original Music Composer
781,1076,Original Music Composer
781,1071,Original Music Composer
781,1075,Original Music Composer
13553,39107,Original Music Composer
13553,39104,Songs
13553,1652084,Songs
183252,68318,Music
3777,18609,Original Music Composer
24065,556882,Original Music Composer
39907,552419,Original Music Composer
10604,27439,Original Music Composer
44098,72066,Original Music Composer
16876,1076,Music
16876,1075,Music
141003,7422,Original Music Composer
77780,947,Original Music Composer
9545,40438,Original Music Composer
41651,5912,Original Music Composer
29270,39405,Original Music Composer
1926,19016,Original Music Composer
1926,100026,Original Music Composer
1926,937639,Original Music Composer
1926,52982,Original Music Composer
1926,63693,Original Music Composer
1926,545036,Original Music Composer
1926,59706,Original Music Composer
1926,278,Original Music Composer
1926,2197915,Original Music Composer
1926,195410,Original Music Composer
31112,73274,Original Music Composer
31112,123947,Original Music Composer
11060,6111,Original Music Composer
11060,53558,Music
11060,28155,Original Music Composer
17365,6357,Original Music Composer
11474,29707,Original Music Composer
63888,19607,Original Music Composer
49320,65840,Original Music Composer
33157,3098,Original Music Composer
24798,91230,Songs
24798,91229,Songs
24798,91233,Songs
24798,3078,Songs
24798,3078,Original Music Composer
4923,40040,Original Music Composer
36741,14930,Original Music Composer
11656,6651,Original Music Composer
16284,20396,Music
171229,14351,Original Music Composer
40092,18593,Original Music Composer
10133,1589,Original Music Composer
82838,4100,Original Music Composer
14589,101711,Music
14594,19407,Music
14590,19407,Music
14588,101711,Original Music Composer
14588,72066,Original Music Composer
14595,19407,Music
465,6315,Original Music Composer
86600,51883,Original Music Composer
20644,95665,Original Music Composer
20644,19407,Original Music Composer
24965,8503,Original Music Composer
17653,553018,Original Music Composer
17653,65957,Original Music Composer
17653,56811,Original Music Composer
11069,24954,Original Music Composer
10829,51588,Original Music Composer
19425,1179688,Original Music Composer
19425,5300442,Songs
19425,5347380,Songs
108055,8503,Original Music Composer
86959,35079,Original Music Composer
9698,1299116,Original Music Composer
45044,53712,Original Music Composer
26860,1955349,Music
29049,30137,Original Music Composer
27130,97043,Songs
27130,4345,Music
8468,1089172,Original Music Composer
31952,559704,Original Music Composer
39043,559704,Original Music Composer
54396,2897466,Original Music Composer
22682,4360,Original Music Composer
22682,41747,Songs
11577,1487,Original Music Composer
42402,1761,Original Music Composer
21159,4681,Original Music Composer
21159,4683,Original Music Composer
40810,103489,Music
40812,103489,Original Music Composer
336,1259,Original Music Composer
11942,7769,Original Music Composer
11942,70984,Songs
11942,1889241,Songs
11942,7767,Songs
11942,1889245,Songs
36206,34229,Original Music Composer
23330,1760,Original Music Composer
5927,7769,Original Music Composer
49636,1011224,Music
3075,30137,Original Music Composer
30137,91999,Original Music Composer
5521,42304,Original Music Composer
27636,29500,Original Music Composer
222,2793,Original Music Composer
10686,66591,Music
43096,91245,Original Music Composer
42688,99452,Original Music Composer
25598,7066,Original Music Composer
25858,7460,Original Music Composer
14262,2491264,Original Music Composer
38701,1549523,Original Music Composer
33357,33804,Original Music Composer
33357,30634,Original Music Composer
21948,29707,Original Music Composer
30368,7460,Music
1059,18609,Original Music Composer
12493,18609,Original Music Composer
13122,73783,Original Music Composer
13122,5912,Original Music Composer
55730,774676,Original Music Composer
14273,229678,Original Music Composer
26940,117854,Music
26940,30009,Music
26940,12924,Music
11030,20967,Original Music Composer
11506,69658,Original Music Composer
29455,1612810,Original Music Composer
11602,6651,Original Music Composer
29453,6651,Original Music Composer
11700,6651,Original Music Composer
47735,1606893,Original Music Composer
47735,6651,Original Music Composer
47735,34781,Original Music Composer
14638,7647,Original Music Composer
14703,97450,Music
35806,1760,Original Music Composer
3547,25800,Original Music Composer
41089,10536,Original Music Composer
42179,10536,Original Music Composer
28415,10771,Original Music Composer
107499,2655507,Original Music Composer
107499,2068753,Original Music Composer
107499,4003783,Original Music Composer
107499,4003781,Original Music Composer
20481,531,Original Music Composer
20481,2689249,Music
5481,1346864,Original Music Composer
5481,1346863,Original Music Composer
5481,1346862,Original Music Composer
5485,29501,Original Music Composer
31581,1002071,Original Music Composer
22694,1730654,Original Music Composer
22694,69900,Original Music Composer
22694,935306,Original Music Composer
5902,14930,Original Music Composer
10775,21903,Original Music Composer
4552,21690,Original Music Composer
12762,73591,Original Music Composer
12762,73591,Songs
14510,19711,Original Music Composer
101363,57053,Original Music Composer
15618,24890,Original Music Composer
24341,1059153,Original Music Composer
10690,35079,Original Music Composer
40028,98138,Original Music Composer
26326,80492,Original Music Composer
26326,80490,Original Music Composer
26326,22465,Original Music Composer
26326,80487,Original Music Composer
13282,124008,Original Music Composer
27658,1369258,Original Music Composer
22642,89036,Music
22642,89036,Original Music Composer
29235,91999,Original Music Composer
42725,32732,Original Music Composer
24111,4345,Original Music Composer
17921,37718,Original Music Composer
22627,70054,Music
18283,68128,Songs
33731,3249,Original Music Composer
13823,947,Original Music Composer
4291,636,Original Music Composer
20718,21276,Original Music Composer
113,4269,Original Music Composer
28476,943977,Music
5916,13301,Original Music Composer
5916,1150009,Music
26234,132879,Original Music Composer
12205,57304,Original Music Composer
27804,1056235,Original Music Composer
27804,2556448,Original Music Composer
46187,1083687,Music
3001,491,Original Music Composer
39434,1259,Original Music Composer
105130,1037398,Original Music Composer
105130,1038615,Music
11574,19096,Original Music Composer
32450,12939,Music
62383,21068,Original Music Composer
38749,1729,Original Music Composer
29740,29810,Original Music Composer
29740,17915,Original Music Composer
10652,1551,Original Music Composer
34288,2533495,Music
34288,74643,Music
26268,9796,Original Music Composer
25853,1762608,Music
25853,1762607,Music
25853,1762606,Music
68430,3393,Original Music Composer
43001,2704,Original Music Composer
42201,6357,Music
3072,24717,Original Music Composer
10355,64886,Music
14554,5805,Original Music Composer
250,3403,Original Music Composer
19086,24890,Original Music Composer
15392,92704,Music
15392,6918,Original Music Composer
15392,92704,Songs
43267,65256,Original Music Composer
41277,1546603,Music
42013,40150,Original Music Composer
54715,198990,Original Music Composer
631,9079,Original Music Composer
631,1159361,Music
631,48052,Music
631,29120,Music
631,958941,Music
25504,19965,Original Music Composer
23855,7229,Original Music Composer
51182,228579,Original Music Composer
16219,2722,Original Music Composer
15824,5991,Original Music Composer
14258,118062,Original Music Composer
48385,88643,Music
27545,89036,Original Music Composer
22718,105479,Original Music Composer
39844,12701,Original Music Composer
39844,140214,Music
16914,121005,Music
43011,7647,Original Music Composer
11315,35633,Original Music Composer
35987,2578,Original Music Composer
29146,13745,Original Music Composer
36751,3123939,Original Music Composer
36751,3123940,Original Music Composer
36751,1215468,Songs
28758,21871,Original Music Composer
29592,7647,Original Music Composer
439,3098,Original Music Composer
823,12185,Original Music Composer
20289,2585,Original Music Composer
16905,67429,Original Music Composer
11417,21440,Original Music Composer
11548,1729,Original Music Composer
38291,1053441,Music
41204,3249,Original Music Composer
20532,1092505,Original Music Composer
20532,1092504,Original Music Composer
20532,7460,Original Music Composer
2546,23729,Original Music Composer
2546,25952,Original Music Composer
42791,9796,Original Music Composer
22522,3535,Original Music Composer
40478,5260,Original Music Composer
5165,39161,Original Music Composer
5722,32779,Original Music Composer
5544,39161,Original Music Composer
5544,3535,Original Music Composer
19128,32529,Original Music Composer
14696,1092504,Original Music Composer
14696,125001,Original Music Composer
14696,7460,Original Music Composer
51515,1135,Original Music Composer
4781,39161,Original Music Composer
32652,29810,Original Music Composer
4909,3535,Original Music Composer
56135,8503,Original Music Composer
27115,29810,Music
38348,3562,Original Music Composer
35280,1760,Original Music Composer
35280,1761,Music
21375,3999289,Original Music Composer
21375,108523,Songs
21375,2729531,Original Music Composer
19185,103823,Original Music Composer
73194,8503,Original Music Composer
36786,55694,Original Music Composer
28916,39054,Original Music Composer
4497,11967,Original Music Composer
25224,28155,Original Music Composer
42728,1148735,Music
15371,78367,Original Music Composer
11044,53908,Original Music Composer
39983,57304,Original Music Composer
31526,72066,Music
31623,95665,Original Music Composer
27601,1420364,Original Music Composer
16214,67770,Original Music Composer
5071,41040,Original Music Composer
5071,41190,Original Music Composer
41662,1102048,Original Music Composer
95015,67429,Original Music Composer
33738,13288,Songs
33738,13288,Original Music Composer
33738,554823,Original Music Composer
18274,99452,Original Music Composer
13763,35838,Original Music Composer
13763,21037,Songs
67217,1146520,Original Music Composer
10498,947,Original Music Composer
24731,12939,Original Music Composer
11796,10759,Original Music Composer
31675,104767,Original Music Composer
4507,9245,Original Music Composer
32303,21392,Original Music Composer
32303,932950,Original Music Composer
4879,39752,Original Music Composer
24774,7460,Original Music Composer
41779,3562,Original Music Composer
61048,14861,Original Music Composer
1994,3249,Original Music Composer
870,636,Original Music Composer
96255,13571,Original Music Composer
25495,1088468,Original Music Composer
25495,1088469,Original Music Composer
26319,2916,Original Music Composer
45938,1335726,Original Music Composer
15573,491,Original Music Composer
41059,89804,Original Music Composer
41059,26026,Original Music Composer
39871,109413,Original Music Composer
10178,3249,Original Music Composer
16391,68427,Original Music Composer
42997,52219,Original Music Composer
10734,7769,Original Music Composer
10734,2739378,Songs
10949,67618,Original Music Composer
809,5553,Original Music Composer
435,5430,Original Music Composer
4599,4500,Original Music Composer
12657,150,Original Music Composer
12657,49911,Original Music Composer
28219,15221,Original Music Composer
59210,1073310,Original Music Composer
13193,23486,Original Music Composer
673,491,Original Music Composer
16617,65840,Original Music Composer
246,3436,Original Music Composer
2789,5912,Original Music Composer
8920,23486,Original Music Composer
9890,6489,Original Music Composer
26886,132799,Original Music Composer
26886,132798,Original Music Composer
26254,2847662,Original Music Composer
26254,1494366,Original Music Composer
8193,41674,Original Music Composer
47821,1259,Original Music Composer
26142,4055,Original Music Composer
42122,1729,Original Music Composer
65137,57751,Original Music Composer
27017,13288,Original Music Composer
35151,72615,Original Music Composer
21544,32347,Music
43846,19407,Original Music Composer
40894,21011,Original Music Composer
11546,43393,Original Music Composer
59427,104767,Original Music Composer
18387,7728,Original Music Composer
71125,1979553,Original Music Composer
34748,10215,Songs
34748,10215,Original Music Composer
34748,10215,Music
132725,1852699,Original Music Composer
26331,12417,Original Music Composer
41774,37187,Original Music Composer
52959,95665,Original Music Composer
24004,14647,Original Music Composer
46976,40150,Original Music Composer
52560,9769,Music
42658,3249,Original Music Composer
18333,11904,Original Music Composer
18333,11904,Music
42345,1938,Original Music Composer
18398,18593,Original Music Composer
54800,2593,Original Music Composer
54800,139560,Original Music Composer
20849,8619,Original Music Composer
57544,14351,Original Music Composer
53779,67429,Original Music Composer
76516,3393,Original Music Composer
33441,110674,Music
33441,636,Music
33441,110693,Music
47819,18663,Original Music Composer
21793,14712,Original Music Composer
18712,26026,Original Music Composer
10484,1965,Original Music Composer
37658,67429,Original Music Composer
26516,3642,Original Music Composer
110598,47452,Original Music Composer
44388,66675,Original Music Composer
10573,69909,Original Music Composer
113290,47452,Original Music Composer
26451,1259,Original Music Composer
54568,26026,Original Music Composer
28571,57684,Original Music Composer
27686,931310,Songs
27686,931310,Original Music Composer
123665,72066,Music
62000,3249,Original Music Composer
9372,3197796,Music
41495,14861,Original Music Composer
41495,14356,Original Music Composer
52362,11632,Music
662,131778,Original Music Composer
43805,72066,Original Music Composer
16559,72066,Original Music Composer
44695,32732,Original Music Composer
31217,1487840,Original Music Composer
8341,53615,Original Music Composer
36488,4345,Original Music Composer
19414,41410,Music
60595,231354,Music
15794,3249,Original Music Composer
13188,37467,Original Music Composer
12651,1528,Original Music Composer
886,9217,Original Music Composer
9791,6394,Original Music Composer
38582,18609,Original Music Composer
9542,4140,Original Music Composer
17820,975566,Songs
17820,975566,Original Music Composer
26175,7647,Original Music Composer
31146,56905,Original Music Composer
20506,71029,Original Music Composer
37696,1341077,Original Music Composer
37696,37317,Original Music Composer
37696,1341076,Original Music Composer
10970,719,Original Music Composer
28162,1627145,Original Music Composer
20676,35838,Original Music Composer
3019,998190,Music
3019,13337,Music
3019,30256,Music
3019,1092864,Music
17761,4082,Original Music Composer
20277,57337,Original Music Composer
10204,7020,Original Music Composer
3515,32804,Original Music Composer
9472,10572,Original Music Composer
594,491,Original Music Composer
8981,22047,Original Music Composer
12153,20822,Music
1944,55177,Original Music Composer
11036,40384,Original Music Composer
1997,469,Original Music Composer
15237,69394,Songs
205481,1017009,Original Music Composer
11572,69945,Original Music Composer
72096,1409894,Original Music Composer
11939,8619,Original Music Composer
11939,14861,Songs
11939,28054,Songs
47555,4345,Music
24236,226002,Music
80218,19659,Original Music Composer
26520,13301,Original Music Composer
43897,14647,Original Music Composer
29456,1073902,Original Music Composer
21386,1274812,Music
24908,72671,Original Music Composer
9256,57017,Original Music Composer
9256,57019,Original Music Composer
25783,405,Original Music Composer
25783,38780,Original Music Composer
8991,56505,Original Music Composer
23378,52154,Songs
23378,52154,Original Music Composer
3293,61654,Original Music Composer
36947,68085,Original Music Composer
54028,34229,Original Music Composer
17645,8503,Original Music Composer
10448,2987,Original Music Composer
57684,8503,Original Music Composer
29383,1326067,Music
29383,1326069,Original Music Composer
10606,66142,Original Music Composer
42988,21011,Original Music Composer
16136,2929164,Original Music Composer
16136,130162,Original Music Composer
58669,57874,Original Music Composer
42407,1760,Original Music Composer
6081,1938,Songs
6081,1938,Original Music Composer
12577,72904,Original Music Composer
36561,7229,Original Music Composer
13696,3249,Original Music Composer
44494,18479,Original Music Composer
15484,116649,Original Music Composer
36672,45567,Original Music Composer
2330,23977,Original Music Composer
2334,2642560,Music
2334,2642562,Music
64204,14725,Music
13398,3436,Original Music Composer
2912,19085,Original Music Composer
10631,7422,Original Music Composer
43466,5467,Original Music Composer
2202,14356,Original Music Composer
76076,69813,Music
10780,37,Original Music Composer
10780,7885,Songs
3484,29967,Original Music Composer
19590,3249,Music
23724,14861,Original Music Composer
26596,26026,Original Music Composer
44925,469,Original Music Composer
29264,234726,Original Music Composer
33994,3225800,Original Music Composer
33994,9423,Original Music Composer
11584,69980,Original Music Composer
26811,588901,Original Music Composer
54022,7182,Original Music Composer
207625,19951,Original Music Composer
22094,29707,Original Music Composer
11884,63923,Original Music Composer
11884,3034943,Songs
21871,9217,Original Music Composer
30876,38588,Original Music Composer
558,531,Original Music Composer
48732,49285,Original Music Composer
10742,7045,Original Music Composer
9477,947,Original Music Composer
8699,39993,Original Music Composer
9893,60068,Original Music Composer
9893,3253128,Songs
11247,23486,Original Music Composer
2048,7229,Original Music Composer
436,5881,Original Music Composer
436,5882,Original Music Composer
61391,3249,Original Music Composer
18643,30130,Original Music Composer
67297,5777548,Songs
67297,955,Songs
67297,3529,Music
31948,7769,Original Music Composer
43004,5805,Music
45793,1586245,Songs
46495,40150,Original Music Composer
45874,2704,Original Music Composer
65994,8619,Original Music Composer
19014,70054,Original Music Composer
10754,1135,Original Music Composer
30054,7182,Original Music Composer
36630,1299116,Music
39770,1282161,Original Music Composer
39770,1344779,Original Music Composer
39770,1646516,Original Music Composer
36627,1536611,Original Music Composer
11897,8503,Original Music Composer
43443,13571,Original Music Composer
58925,39011,Original Music Composer
58925,1948510,Original Music Composer
2502,11098,Original Music Composer
314,122,Original Music Composer
18923,974457,Original Music Composer
146373,1178670,Original Music Composer
146373,5371894,Original Music Composer
5228,42625,Original Music Composer
5228,42624,Original Music Composer
12206,9838,Original Music Composer
12206,1738060,Original Music Composer
16539,43638,Music
75046,30104,Music
74012,17667,Music
26126,62641,Original Music Composer
26126,62642,Original Music Composer
15876,5467,Original Music Composer
26300,28947,Original Music Composer
12625,7182,Original Music Composer
45520,4681,Music
46767,17004,Original Music Composer
55848,20075,Original Music Composer
42525,2289,Original Music Composer
43417,7182,Original Music Composer
62395,2942062,Music
42737,1760,Original Music Composer
47615,129809,Original Music Composer
39209,142172,Original Music Composer
20876,40438,Original Music Composer
43786,17667,Original Music Composer
72613,8503,Music
43787,975566,Original Music Composer
27437,5467,Original Music Composer
40374,10934,Original Music Composer
41925,5628,Original Music Composer
22871,8619,Original Music Composer
37019,60450,Original Music Composer
18190,19155,Original Music Composer
42347,7714,Original Music Composer
39140,63964,Original Music Composer
69903,32770,Original Music Composer
219345,2201960,Original Music Composer
41890,3994860,Music
41890,4185299,Music
27307,55440,Original Music Composer
36709,5488,Original Music Composer
32294,5467,Original Music Composer
41463,4345,Original Music Composer
19051,137188,Original Music Composer
43485,69394,Songs
43485,69394,Original Music Composer
51997,56928,Original Music Composer
51997,103356,Original Music Composer
43885,89804,Music
62694,8503,Original Music Composer
43785,30130,Original Music Composer
53287,63964,Original Music Composer
29584,2704,Original Music Composer
32644,7422,Original Music Composer
89482,16442,Original Music Composer
89482,1596138,Original Music Composer
1040,3098,Original Music Composer
42604,50239,Original Music Composer
24214,9217,Original Music Composer
5122,2289,Original Music Composer
42469,108646,Original Music Composer
119623,39300,Original Music Composer
119623,5112090,Original Music Composer
119623,2209073,Original Music Composer
1783,19042,Original Music Composer
1783,19043,Original Music Composer
1783,7020,Original Music Composer
10910,2578,Original Music Composer
17238,2645116,Music
17238,54670,Original Music Composer
22156,2949,Original Music Composer
26814,1518636,Original Music Composer
43116,88643,Original Music Composer
39269,1379159,Original Music Composer
99859,57124,Original Music Composer
31522,10934,Original Music Composer
47796,29500,Original Music Composer
47796,7587,Original Music Composer
26893,18609,Original Music Composer
69035,2289,Original Music Composer
22976,69101,Original Music Composer
55441,8640,Songs
55441,8641,Songs
55441,52593,Original Music Composer
45608,16748,Original Music Composer
21619,1000559,Music
9680,51704,Original Music Composer
42801,30634,Original Music Composer
18671,26026,Original Music Composer
5179,178107,Original Music Composer
65156,226002,Music
42593,24315,Original Music Composer
76002,10468,Original Music Composer
64868,577655,Original Music Composer
52741,2295494,Original Music Composer
15081,2107,Original Music Composer
21147,67610,Music
64877,5839,Songs
64877,5838,Songs
147169,68697,Music
16703,17667,Original Music Composer
16703,41747,Songs
16703,3855702,Songs
20298,30104,Original Music Composer
19974,26026,Original Music Composer
22112,7647,Original Music Composer
4201,33804,Original Music Composer
39868,84912,Original Music Composer
13580,30922,Original Music Composer
18706,30104,Original Music Composer
18706,88673,Music
18706,30130,Music
43013,8503,Original Music Composer
38505,579165,Original Music Composer
41940,1089172,Original Music Composer
14652,5488,Original Music Composer
69526,68685,Music
14462,3562,Original Music Composer
14623,947,Original Music Composer
14623,10851,Original Music Composer
6947,1213,Original Music Composer
401,5393,Original Music Composer
401,5394,Original Music Composer
50247,993312,Original Music Composer
46326,18479,Original Music Composer
35780,1227291,Original Music Composer
25361,1227291,Original Music Composer
45522,10934,Music
23750,2912234,Original Music Composer
44289,7741,Music
25536,72736,Original Music Composer
38837,560802,Original Music Composer
1436,17132,Original Music Composer
17768,57892,Music
17768,52154,Songs
17768,52154,Original Music Composer
1538,3121987,Original Music Composer
1538,1213,Original Music Composer
14846,23486,Original Music Composer
2577,26191,Original Music Composer
2577,1889,Original Music Composer
52936,57053,Original Music Composer
46884,1817026,Original Music Composer
41975,19167,Original Music Composer
60760,19167,Original Music Composer
11282,25143,Original Music Composer
11130,4500,Original Music Composer
14389,960650,Original Music Composer
14389,1362147,Original Music Composer
14389,1361390,Original Music Composer
395,5430,Original Music Composer
11052,67947,Original Music Composer
11052,67946,Original Music Composer
11052,67945,Original Music Composer
60015,54289,Original Music Composer
60015,72008,Original Music Composer
60015,1558376,Original Music Composer
23601,39827,Original Music Composer
10762,23486,Original Music Composer
11026,894,Original Music Composer
18693,19096,Music
18693,3151843,Original Music Composer
18693,1392792,Original Music Composer
45598,1575124,Original Music Composer
8745,40460,Original Music Composer
45335,19096,Original Music Composer
18690,13983,Original Music Composer
18690,1867549,Original Music Composer
65596,7752,Music
36912,9217,Original Music Composer
46081,30130,Original Music Composer
40087,1384742,Original Music Composer
40087,1646185,Original Music Composer
22543,5805,Original Music Composer
11237,68697,Original Music Composer
8080,6377,Original Music Composer
14797,5288,Original Music Composer
11632,5359,Original Music Composer
18475,71948,Music
15644,6041,Original Music Composer
11208,8377,Original Music Composer
16153,19475,Original Music Composer
13559,27265,Original Music Composer
32298,59424,Original Music Composer
66566,38335,Original Music Composer
124029,46922,Music
124029,1347838,Music
42164,1511732,Original Music Composer
124,1135,Original Music Composer
29979,4140,Original Music Composer
41762,21037,Original Music Composer
12548,3098,Original Music Composer
33345,21037,Original Music Composer
19893,96285,Original Music Composer
11387,14861,Original Music Composer
104659,552297,Original Music Composer
24924,92275,Original Music Composer
17994,92275,Original Music Composer
75759,1340047,Original Music Composer
75759,63923,Original Music Composer
75759,1340047,Songs
75759,2379058,Songs
75759,2379056,Songs
60437,5260,Original Music Composer
49069,2357935,Songs
49069,2357933,Songs
49069,9204,Songs
49069,9204,Original Music Composer
49069,97894,Music
31117,12700,Original Music Composer
9759,9039,Original Music Composer
1577,8320,Original Music Composer
14198,39993,Original Music Composer
288952,1483949,Music
288952,1389073,Music
16232,11098,Original Music Composer
5137,1999,Original Music Composer
11823,1999,Original Music Composer
18804,960370,Original Music Composer
13969,53017,Original Music Composer
13969,7714,Original Music Composer
13969,1924691,Songs
10145,1729,Original Music Composer
26486,24190,Original Music Composer
13702,9204,Original Music Composer
1653,278,Original Music Composer
747,71774,Original Music Composer
747,1323809,Original Music Composer
84214,8619,Original Music Composer
84655,12331,Music
23627,90379,Music
26230,1838024,Music
4176,10724,Original Music Composer
11177,68462,Original Music Composer
43839,30176,Songs
43839,30176,Original Music Composer
43839,8503,Original Music Composer
26690,11441,Original Music Composer
35101,2704,Original Music Composer
10905,153,Original Music Composer
18196,65513,Original Music Composer
70345,7422,Original Music Composer
88174,153,Original Music Composer
132422,961277,Original Music Composer
42215,39968,Original Music Composer
43105,103356,Original Music Composer
71140,5912,Original Music Composer
27816,65681,Original Music Composer
27815,65681,Original Music Composer
12707,1259,Original Music Composer
43117,26026,Original Music Composer
43117,8619,Original Music Composer
43117,40460,Original Music Composer
43117,13571,Original Music Composer
43117,14356,Original Music Composer
47446,2334196,Songs
47446,27439,Original Music Composer
54979,95015,Original Music Composer
42172,7066,Original Music Composer
42172,1570864,Music
42172,4864069,Music
42600,135650,Original Music Composer
47825,47927,Original Music Composer
47825,69600,Original Music Composer
47825,69601,Original Music Composer
47825,4813842,Music
62697,50239,Original Music Composer
31655,91999,Original Music Composer
31655,99452,Music
27498,99741,Original Music Composer
1492,595,Original Music Composer
8689,33804,Original Music Composer
10555,947,Original Music Composer
10555,62125,Songs
10555,53397,Songs
11128,11166,Original Music Composer
1599,312,Original Music Composer
14024,56345,Original Music Composer
14024,40384,Original Music Composer
11045,23486,Original Music Composer
11045,31124,Original Music Composer
15503,98084,Music
14337,76624,Music
26108,1528,Original Music Composer
4380,32347,Original Music Composer
4380,5488,Original Music Composer
3989,5553,Original Music Composer
3989,5553,Music
3989,34517,Songs
3989,9251,Songs
16358,9204,Original Music Composer
25313,17748,Original Music Composer
2438,26026,Original Music Composer
2438,974456,Songs
2438,9056,Songs
65550,10536,Original Music Composer
29445,4482022,Music
11121,20075,Original Music Composer
101887,8320,Original Music Composer
23739,69980,Original Music Composer
21241,1120610,Original Music Composer
3053,12013,Original Music Composer
55047,938459,Original Music Composer
28153,1045,Original Music Composer
18499,405893,Original Music Composer
36616,66134,Original Music Composer
13644,20897,Music
41936,135916,Original Music Composer
13416,50772,Original Music Composer
13416,40839,Original Music Composer
11099,6041,Original Music Composer
12483,57902,Original Music Composer
184530,957928,Music
18701,5359,Original Music Composer
2319,66675,Original Music Composer
110351,1049313,Original Music Composer
15566,14712,Original Music Composer
1970,19155,Original Music Composer
8849,1428,Original Music Composer
8849,11098,Original Music Composer
8849,57124,Original Music Composer
9675,24190,Original Music Composer
4553,14351,Original Music Composer
11109,68047,Original Music Composer
48678,1517426,Original Music Composer
16131,1551,Original Music Composer
9391,1073310,Original Music Composer
176,2148,Original Music Composer
1677,7045,Original Music Composer
10740,2949,Original Music Composer
9806,15347,Original Music Composer
12777,73486,Original Music Composer
12777,1135,Original Music Composer
47959,65250,Original Music Composer
5255,37,Original Music Composer
5255,42262,Songs
5255,37,Songs
11184,1225,Original Music Composer
11249,14138,Original Music Composer
10589,9217,Original Music Composer
9801,5553,Original Music Composer
9801,1473992,Original Music Composer
866,22680,Original Music Composer
4251,35772,Original Music Composer
4251,593012,Original Music Composer
2059,894,Original Music Composer
140,405,Original Music Composer
11836,78798,Songs
11836,105937,Songs
11836,98316,Songs
11836,70657,Original Music Composer
11836,76347,Songs
11836,76351,Songs
11836,76353,Songs
11836,76356,Songs
17818,3249,Original Music Composer
1966,595,Original Music Composer
13673,4500,Original Music Composer
13673,2447380,Music
26347,2351757,Music
26347,2087411,Music
26347,4988931,Music
26347,2340520,Music
26347,1303053,Music
26347,1732306,Music
26347,3216858,Music
26347,1163606,Music
26347,1281066,Music
26347,2496401,Music
26347,20230,Music
26347,1604800,Music
26347,48068,Music
15397,2987,Original Music Composer
9550,12455,Original Music Composer
163,1889,Original Music Composer
36648,150,Original Music Composer
36648,10851,Original Music Composer
15788,3375,Original Music Composer
18973,3375,Original Music Composer
41253,2525104,Songs
41253,2525105,Original Music Composer
41253,2525104,Original Music Composer
15787,935070,Original Music Composer
35188,120030,Original Music Composer
35189,3375,Original Music Composer
52122,1885500,Original Music Composer
28333,3375,Original Music Composer
28333,1147115,Songs
28333,1247088,Songs
24062,18593,Original Music Composer
43670,49285,Original Music Composer
58182,120030,Original Music Composer
33740,1938,Original Music Composer
43752,16748,Original Music Composer
42668,33216,Original Music Composer
25952,52593,Original Music Composer
16248,10468,Original Music Composer
15613,4140,Original Music Composer
151848,3249,Original Music Composer
30719,14356,Original Music Composer
28421,30104,Original Music Composer
28421,30130,Original Music Composer
47657,67695,Music
8424,4403,Original Music Composer
32558,4082,Original Music Composer
50085,30268,Original Music Composer
50034,1979553,Original Music Composer
42401,3249,Original Music Composer
67962,1095038,Original Music Composer
30996,1371270,Original Music Composer
44375,1517105,Original Music Composer
18889,1596487,Original Music Composer
18889,1317680,Original Music Composer
2972,29170,Original Music Composer
42510,13848,Music
57283,2522,Music
57283,1981286,Original Music Composer
3060,29967,Music
3060,29969,Music
3060,29968,Music
1405,29967,Original Music Composer
1405,1618640,Music
964,1102214,Original Music Composer
939,14283,Original Music Composer
697,2793,Original Music Composer
697,957523,Original Music Composer
31411,1096201,Music
27517,29967,Music
27517,1102214,Music
27517,48052,Music
120833,2499474,Songs
120833,958586,Songs
27899,29969,Music
27899,48052,Music
5729,793,Original Music Composer
5729,12262,Original Music Composer
3574,29810,Original Music Composer
91,1042001,Original Music Composer
31592,2085,Original Music Composer
43132,72066,Music
877,1534110,Original Music Composer
875,134806,Original Music Composer
875,30256,Original Music Composer
875,13337,Original Music Composer
875,13336,Original Music Composer
779,11575,Original Music Composer
56724,3249,Original Music Composer
39130,29967,Original Music Composer
28046,3613,Original Music Composer
31511,1419678,Original Music Composer
31511,1147115,Original Music Composer
3031,29758,Music
3031,29759,Music
43130,29276,Original Music Composer
43595,30256,Original Music Composer
43595,998190,Songs
43149,3249,Original Music Composer
43148,18577,Music
43148,1086331,Music
43148,4489655,Music
50073,29810,Original Music Composer
43904,18479,Original Music Composer
43693,72066,Music
24106,30268,Music
47921,30268,Music
46910,3249,Original Music Composer
43689,590785,Songs
22614,562909,Original Music Composer
43896,3249,Original Music Composer
17907,33367,Original Music Composer
27970,134806,Original Music Composer
27970,30268,Music
52677,36997,Original Music Composer
52677,11555,Original Music Composer
14615,8619,Original Music Composer
31773,29967,Original Music Composer
24807,29276,Original Music Composer
24807,14283,Music
17030,29810,Original Music Composer
23389,29967,Music
23389,2812500,Music
23389,9079,Music
23389,48052,Music
31548,975566,Songs
31548,975566,Music
31548,975566,Original Music Composer
54569,8503,Original Music Composer
38721,72066,Original Music Composer
38721,101711,Original Music Composer
43874,72066,Original Music Composer
16515,8619,Original Music Composer
16515,8619,Songs
27973,8503,Original Music Composer
20642,101711,Original Music Composer
37650,27966,Original Music Composer
43867,8503,Original Music Composer
23101,89738,Original Music Composer
60562,4008845,Songs
60562,1128360,Songs
60562,998190,Songs
60562,1759289,Music
46688,3249,Original Music Composer
16274,29275,Original Music Composer
99318,101711,Original Music Composer
55207,37467,Original Music Composer
31868,3249,Original Music Composer
31868,1151862,Original Music Composer
37698,30267,Original Music Composer
37698,30268,Original Music Composer
3084,8503,Original Music Composer
46069,993312,Original Music Composer
46069,1366544,Original Music Composer
43806,4345,Original Music Composer
55604,8619,Original Music Composer
26635,30268,Original Music Composer
43811,72066,Music
17801,3249,Original Music Composer
26201,67429,Original Music Composer
29884,8503,Original Music Composer
45978,1366544,Original Music Composer
38914,2916,Original Music Composer
33112,30130,Music
28789,30104,Original Music Composer
43799,2500,Music
18790,4100,Original Music Composer
37036,4100,Original Music Composer
43522,30268,Original Music Composer
43522,1102214,Music
36612,30268,Original Music Composer
36612,119538,Songs
97648,17667,Original Music Composer
22387,72066,Music
27655,30922,Original Music Composer
23051,4100,Original Music Composer
43306,72066,Original Music Composer
18727,8503,Original Music Composer
18727,14647,Original Music Composer
33049,14861,Original Music Composer
41355,134357,Music
47352,4345,Original Music Composer
43518,72066,Original Music Composer
41391,1876058,Original Music Composer
21622,975566,Music
21622,1771846,Songs
21622,1771849,Songs
21622,975566,Songs
21622,975566,Original Music Composer
28436,4345,Original Music Composer
22638,119339,Original Music Composer
51144,1092520,Original Music Composer
35006,4100,Original Music Composer
21451,26026,Original Music Composer
42879,30257,Original Music Composer
42879,30254,Original Music Composer
43307,8619,Original Music Composer
50066,14861,Music
18229,3249,Original Music Composer
52440,72066,Original Music Composer
17136,100579,Original Music Composer
17136,1594360,Music
17136,1535874,Music
17136,13571,Music
43494,4345,Original Music Composer
30348,5467,Original Music Composer
9797,58024,Original Music Composer
45219,117854,Original Music Composer
18771,72066,Original Music Composer
30177,8503,Original Music Composer
41020,3249,Original Music Composer
41020,17915,Music
16090,26026,Original Music Composer
44041,4082,Original Music Composer
44041,30104,Music
25502,67429,Original Music Composer
14320,929904,Original Music Composer
26701,8619,Original Music Composer
43469,12331,Original Music Composer
20246,14861,Original Music Composer
82101,88673,Music
19169,14647,Music
43461,39054,Original Music Composer
31980,109413,Original Music Composer
27448,8619,Original Music Composer
29244,88673,Original Music Composer
43452,101711,Original Music Composer
29380,30176,Songs
29380,30176,Music
29380,30176,Original Music Composer
29380,175505,Original Music Composer
29380,13288,Original Music Composer
37347,88673,Original Music Composer
3766,30268,Original Music Composer
946,14356,Original Music Composer
70447,31500,Original Music Composer
20482,7647,Original Music Composer
20482,30104,Original Music Composer
35032,69394,Songs
35032,554823,Original Music Composer
35032,95665,Original Music Composer
35032,69394,Original Music Composer
44190,5467,Original Music Composer
41609,72066,Original Music Composer
20638,8503,Original Music Composer
29885,1147115,Original Music Composer
29885,20153,Music
25698,13983,Original Music Composer
25698,1867549,Original Music Composer
45578,8503,Original Music Composer
4558,2578,Original Music Composer
43439,14861,Original Music Composer
25209,30176,Original Music Composer
17409,8503,Original Music Composer
43388,592417,Original Music Composer
800,11967,Original Music Composer
32690,7460,Original Music Composer
43390,1147115,Songs
43390,34359,Songs
43390,9056,Songs
43390,554823,Original Music Composer
41464,4416,Original Music Composer
43961,554823,Music
43358,18593,Original Music Composer
24003,4345,Original Music Composer
28431,8503,Original Music Composer
43364,125001,Original Music Composer
30801,5184,Original Music Composer
43348,18577,Original Music Composer
43348,91245,Original Music Composer
43349,1086513,Original Music Composer
99898,8619,Original Music Composer
24381,2578,Original Music Composer
11402,12241,Original Music Composer
35861,7460,Original Music Composer
35861,1092502,Original Music Composer
45213,12262,Original Music Composer
20127,2916,Original Music Composer
24518,4100,Music
13457,30104,Original Music Composer
23620,30922,Original Music Composer
31372,564866,Music
3111,30267,Original Music Composer
3111,9056,Songs
3111,218437,Songs
41503,26026,Original Music Composer
28696,40460,Original Music Composer
94123,2027,Original Music Composer
17640,5805,Songs
17640,5805,Original Music Composer
44026,24295,Original Music Composer
803,11632,Original Music Composer
31374,564866,Original Music Composer
25893,120030,Original Music Composer
36439,1793459,Original Music Composer
46007,3448,Songs
46007,69394,Songs
46007,52593,Original Music Composer
46007,120030,Original Music Composer
46007,69394,Original Music Composer
33319,425396,Original Music Composer
28100,931310,Songs
28100,931310,Music
28100,931310,Original Music Composer
31378,564866,Music
19742,425396,Original Music Composer
44134,14930,Music
22334,70710,Original Music Composer
29347,999160,Original Music Composer
15697,19096,Original Music Composer
43234,34015,Music
43234,101711,Music
43234,30104,Original Music Composer
18776,8619,Original Music Composer
29071,91999,Original Music Composer
54541,1185754,Original Music Composer
44559,39054,Original Music Composer
30637,999160,Original Music Composer
76754,931383,Original Music Composer
43119,3350,Original Music Composer
43137,4345,Original Music Composer
42661,33216,Original Music Composer
43051,18593,Original Music Composer
43101,11555,Original Music Composer
58997,19965,Music
58997,19965,Original Music Composer
34528,1487840,Original Music Composer
31427,1086513,Original Music Composer
58902,592417,Music
27029,8619,Original Music Composer
46918,993587,Original Music Composer
43111,12142,Original Music Composer
52745,30130,Original Music Composer
52745,103356,Original Music Composer
52745,96285,Original Music Composer
36872,25800,Original Music Composer
43047,4082,Original Music Composer
72354,8619,Original Music Composer
31589,18609,Original Music Composer
52841,1938,Songs
52841,1726478,Songs
52841,1938,Original Music Composer
18449,34016,Original Music Composer
50474,5805,Original Music Composer
79827,56928,Original Music Composer
750,7752,Original Music Composer
34530,1487840,Original Music Composer
33710,858,Original Music Composer
64568,52219,Original Music Composer
17185,4347,Songs
17185,7769,Original Music Composer
109667,3174306,Original Music Composer
31287,45079,Original Music Composer
14537,51808,Original Music Composer
16103,14930,Music
13671,424103,Music
13671,424103,Songs
13671,424103,Original Music Composer
11085,14861,Original Music Composer
65048,29500,Original Music Composer
24188,33804,Original Music Composer
28367,32768,Songs
28367,5467,Music
21135,39161,Original Music Composer
52705,103396,Original Music Composer
3010,30777,Original Music Composer
31383,1489819,Original Music Composer
39222,30137,Original Music Composer
39495,7182,Original Music Composer
15263,21011,Original Music Composer
15263,1027094,Songs
15263,21011,Songs
751,7752,Original Music Composer
42798,1242827,Original Music Composer
42798,40460,Original Music Composer
4025,1760,Original Music Composer
61892,1242748,Original Music Composer
25253,19640,Original Music Composer
37684,4082,Original Music Composer
15421,52025,Original Music Composer
166607,2704,Original Music Composer
37315,1652743,Original Music Composer
10299,21011,Original Music Composer
10299,1726478,Songs
10299,21011,Songs
24229,491,Original Music Composer
24229,1938,Music
24229,545569,Music
26031,19965,Original Music Composer
3763,1034270,Original Music Composer
17696,4360,Original Music Composer
17696,3448,Songs
17696,1208374,Songs
7348,52593,Original Music Composer
28504,91999,Original Music Composer
151138,37669,Original Music Composer
151138,1292828,Original Music Composer
23574,146672,Songs
23574,4360,Original Music Composer
17091,81229,Original Music Composer
17295,1259,Original Music Composer
17295,90694,Original Music Composer
13187,124022,Songs
13187,124022,Music
17102,30137,Original Music Composer
23194,7182,Music
16850,12241,Original Music Composer
37921,1760,Original Music Composer
59802,21810,Original Music Composer
16303,14930,Original Music Composer
29715,14356,Original Music Composer
36583,7752,Original Music Composer
60555,44844,Original Music Composer
42731,190588,Original Music Composer
3482,2704,Original Music Composer
895,8461,Original Music Composer
20108,36997,Original Music Composer
2661,4360,Original Music Composer
20379,2704,Original Music Composer
29710,104767,Original Music Composer
104237,1699007,Music
22293,121151,Original Music Composer
22293,121152,Original Music Composer
789,11724,Original Music Composer
45706,554991,Original Music Composer
11047,35373,Original Music Composer
2097,21495,Original Music Composer
135,1487,Original Music Composer
135,2608183,Music
33257,1351562,Music
33257,1351563,Music
66043,50239,Music
66043,1120519,Original Music Composer
17905,82468,Original Music Composer
4191,1045,Original Music Composer
10227,67963,Original Music Composer
26039,9796,Original Music Composer
26039,1325873,Songs
42701,229862,Original Music Composer
42702,89220,Music
42702,11441,Original Music Composer
26204,1535820,Music
5767,1938,Original Music Composer
42713,24315,Original Music Composer
27277,4082,Original Music Composer
9929,35373,Original Music Composer
20873,1480788,Original Music Composer
29778,30137,Original Music Composer
18193,57892,Original Music Composer
18193,191179,Songs
18193,514,Songs
18193,82776,Songs
18193,82772,Songs
18193,69052,Songs
18193,5709254,Songs
18193,4550283,Songs
22176,10771,Original Music Composer
42623,7182,Original Music Composer
42634,2289,Original Music Composer
118872,1905220,Original Music Composer
29266,8461,Original Music Composer
27983,24315,Original Music Composer
5638,44547,Original Music Composer
5638,81535,Original Music Composer
36446,25321,Original Music Composer
14801,35838,Original Music Composer
49397,2505259,Songs
49397,1259,Original Music Composer
42607,491,Original Music Composer
42607,3616,Songs
40430,1227291,Original Music Composer
38096,1025892,Original Music Composer
24152,57892,Original Music Composer
1846,19425,Original Music Composer
21323,67273,Original Music Composer
21323,108126,Original Music Composer
21323,108122,Original Music Composer
21323,71252,Original Music Composer
5928,491,Original Music Composer
29748,30137,Original Music Composer
105627,1136823,Original Music Composer
85255,932950,Original Music Composer
26525,1382922,Original Music Composer
26525,2783186,Music
31672,1259,Original Music Composer
48408,19096,Music
33205,51808,Music
70327,138451,Original Music Composer
42589,1841215,Original Music Composer
71943,29649,Original Music Composer
31304,3862,Original Music Composer
64828,1348621,Music
38222,1903121,Songs
38222,1903121,Original Music Composer
38222,4360,Original Music Composer
26606,7066,Original Music Composer
36404,1400,Original Music Composer
42528,1710454,Music
20848,63965,Original Music Composer
2998,1442,Original Music Composer
2998,71252,Original Music Composer
2998,108122,Original Music Composer
2998,108126,Original Music Composer
2998,67273,Original Music Composer
31906,9217,Original Music Composer
31767,1351566,Original Music Composer
839,12417,Original Music Composer
25109,1430910,Original Music Composer
25109,1219282,Original Music Composer
25109,41406,Original Music Composer
25109,1430911,Original Music Composer
36194,10934,Original Music Composer
16328,7769,Original Music Composer
42500,7769,Original Music Composer
16154,79730,Original Music Composer
9394,56036,Original Music Composer
74689,1186578,Music
36850,16891,Original Music Composer
38646,10724,Original Music Composer
84285,13571,Original Music Composer
18287,52029,Music
18287,20923,Music
18287,52029,Original Music Composer
18287,20923,Original Music Composer
5822,135650,Original Music Composer
13041,55119,Original Music Composer
40732,6651,Original Music Composer
122677,1427884,Original Music Composer
122677,1427883,Original Music Composer
121923,13301,Original Music Composer
18250,1418623,Original Music Composer
33020,1276584,Original Music Composer
89417,52029,Music
89417,20923,Music
12089,1965,Original Music Composer
41471,1088154,Original Music Composer
17810,1088154,Original Music Composer
23148,10934,Original Music Composer
80911,73274,Original Music Composer
87417,1027065,Original Music Composer
11378,69215,Original Music Composer
760,1965,Original Music Composer
27331,9217,Original Music Composer
1410,11770,Original Music Composer
86889,29649,Original Music Composer
31943,21011,Original Music Composer
29142,14712,Original Music Composer
56764,2289,Original Music Composer
9474,1259,Original Music Composer
27084,13669,Music
31596,1885596,Original Music Composer
59189,69755,Original Music Composer
38714,10468,Original Music Composer
31587,58249,Original Music Composer
22307,1045,Original Music Composer
62330,15193,Original Music Composer
28498,39968,Original Music Composer
21964,1642611,Original Music Composer
21964,1011224,Original Music Composer
21035,1150009,Music
21035,9121,Music
25473,3375,Original Music Composer
62761,69980,Original Music Composer
30702,491,Original Music Composer
25627,227421,Original Music Composer
24402,36947,Original Music Composer
3043,29877,Original Music Composer
36665,115862,Music
16246,80194,Original Music Composer
16246,80198,Original Music Composer
42448,10494,Original Music Composer
8327,1649747,Original Music Composer
8327,1269725,Original Music Composer
8327,55119,Original Music Composer
37627,68128,Songs
37627,68128,Music
29859,719,Original Music Composer
5618,51942,Original Music Composer
19174,1063738,Original Music Composer
9385,35373,Original Music Composer
28209,19607,Original Music Composer
1835,8422,Original Music Composer
70259,8422,Original Music Composer
10711,15177,Original Music Composer
19740,1938,Original Music Composer
1829,18479,Music
43430,47916,Original Music Composer
32042,6357,Original Music Composer
9652,58341,Music
38099,57724,Original Music Composer
47313,138451,Original Music Composer
5725,44606,Original Music Composer
3870,1259,Original Music Composer
1660,18479,Original Music Composer
83864,24315,Original Music Composer
133008,3458098,Music
6476,7182,Original Music Composer
10640,24315,Original Music Composer
33324,982914,Original Music Composer
33324,121082,Original Music Composer
46978,13683,Music
26842,2704,Original Music Composer
42252,491,Original Music Composer
73100,560802,Original Music Composer
73100,2143061,Songs
11558,1938,Original Music Composer
5651,44606,Original Music Composer
5651,44607,Original Music Composer
43751,71523,Original Music Composer
14336,71076,Original Music Composer
14336,71075,Original Music Composer
14336,45799,Original Music Composer
18775,7769,Original Music Composer
12535,719,Original Music Composer
12535,14639,Songs
1421,18479,Original Music Composer
62847,56819,Music
77360,1597995,Original Music Composer
12637,66780,Songs
12637,66780,Original Music Composer
54140,7647,Original Music Composer
38985,47927,Original Music Composer
38985,69600,Original Music Composer
38985,4813842,Music
61280,139001,Original Music Composer
61280,858,Music
61280,3375030,Music
61280,73598,Music
61280,58024,Music
61280,2399693,Music
61280,1318392,Music
61280,1281066,Music
61280,1559878,Music
16378,70624,Original Music Composer
72412,52025,Music
11935,1760,Original Music Composer
13481,1011224,Original Music Composer
24998,938850,Music
13514,1011224,Music
113777,4360,Original Music Composer
156235,1304771,Original Music Composer
29107,1456932,Original Music Composer
45691,569519,Original Music Composer
45691,1334915,Original Music Composer
11537,68673,Original Music Composer
33701,36947,Original Music Composer
38438,26178,Original Music Composer
38438,29798,Original Music Composer
38438,20075,Original Music Composer
38438,579130,Original Music Composer
10654,66100,Music
10654,66100,Songs
25264,1259,Original Music Composer
19827,719,Original Music Composer
18966,13669,Music
30636,1259,Original Music Composer
33665,961119,Original Music Composer
45169,161163,Original Music Composer
54663,10468,Original Music Composer
179798,21810,Original Music Composer
114516,7182,Music
47542,139084,Original Music Composer
86295,58438,Original Music Composer
23615,1020428,Music
13633,10494,Original Music Composer
14087,30027,Original Music Composer
6341,12845,Original Music Composer
27679,1154,Original Music Composer
7012,18593,Original Music Composer
20545,12845,Original Music Composer
23096,9217,Original Music Composer
17435,4917964,Original Music Composer
17435,3708425,Original Music Composer
78177,20836,Original Music Composer
11948,11382,Original Music Composer
15716,69297,Songs
15716,233247,Songs
32689,2522,Music
21356,68740,Original Music Composer
42115,5665141,Original Music Composer
232,2987,Original Music Composer
42116,554535,Music
42116,1969622,Music
30707,69343,Original Music Composer
12633,6357,Original Music Composer
19258,1068923,Original Music Composer
22998,719,Original Music Composer
15301,1760,Original Music Composer
29140,49044,Original Music Composer
28054,1403490,Music
11609,719,Original Music Composer
9041,3535,Original Music Composer
31939,1109213,Original Music Composer
48677,58438,Original Music Composer
30278,8271,Original Music Composer
46088,5488,Original Music Composer
19596,1154,Original Music Composer
19621,2585,Music
19621,84959,Original Music Composer
10179,20897,Original Music Composer
47874,1777330,Original Music Composer
47874,1777329,Original Music Composer
108241,1043374,Music
27102,17529,Original Music Composer
27102,84668,Original Music Composer
47359,10771,Original Music Composer
27414,125815,Original Music Composer
33138,4140,Original Music Composer
8221,27045,Original Music Composer
8868,1965,Original Music Composer
29903,1729,Original Music Composer
29903,19155,Original Music Composer
92802,10494,Original Music Composer
54407,3048,Original Music Composer
41243,58120,Music
12615,10536,Original Music Composer
14029,15055,Original Music Composer
40929,1729,Original Music Composer
67342,1381648,Original Music Composer
67342,993550,Music
9056,1178936,Original Music Composer
27064,1551,Original Music Composer
51878,1901773,Music
10176,64101,Original Music Composer
9080,7182,Original Music Composer
18502,1087620,Original Music Composer
31600,6357,Music
30069,69600,Original Music Composer
30069,47927,Original Music Composer
16082,35838,Original Music Composer
16082,181891,Songs
16082,110001,Songs
14670,15193,Original Music Composer
9318,1965,Original Music Composer
30653,12845,Music
26555,7435,Original Music Composer
26555,58099,Original Music Composer
47340,138598,Original Music Composer
10570,21440,Original Music Composer
42021,9245,Original Music Composer
65326,1213,Original Music Composer
53157,69600,Original Music Composer
53157,47927,Original Music Composer
53157,69601,Original Music Composer
36677,2704,Original Music Composer
11471,57724,Original Music Composer
11471,56811,Songs
21733,44917,Songs
21733,56811,Original Music Composer
21733,1400227,Music
21733,18897,Songs
22572,240362,Original Music Composer
27342,3393,Original Music Composer
2172,781686,Music
2172,1635808,Music
2172,22561,Music
8852,11770,Original Music Composer
8852,15445,Original Music Composer
30421,56811,Original Music Composer
30421,65957,Original Music Composer
30421,29693,Original Music Composer
60631,1098079,Music
96333,71425,Original Music Composer
96333,79730,Original Music Composer
96333,5628,Original Music Composer
49815,1491,Original Music Composer
18305,57724,Original Music Composer
18305,29693,Original Music Composer
18305,56811,Songs
92663,1802649,Original Music Composer
26369,31626,Original Music Composer
11513,20552,Original Music Composer
49314,7020,Original Music Composer
41959,2393730,Music
16296,63656,Original Music Composer
13192,20897,Original Music Composer
116345,49044,Original Music Composer
48309,19711,Original Music Composer
48309,28947,Original Music Composer
93457,7728,Original Music Composer
47795,73647,Music
4271,35905,Original Music Composer
41949,947,Original Music Composer
16859,636,Original Music Composer
38695,10759,Original Music Composer
41939,51808,Original Music Composer
85556,5359,Original Music Composer
25943,2704,Original Music Composer
71373,29056,Original Music Composer
9768,7422,Original Music Composer
11909,65957,Original Music Composer
11909,56811,Original Music Composer
60778,37,Original Music Composer
27274,65681,Original Music Composer
110838,32804,Original Music Composer
10485,1938,Original Music Composer
9569,50715,Original Music Composer
22189,10771,Original Music Composer
71805,9152,Original Music Composer
41821,552482,Original Music Composer
41821,65285,Original Music Composer
21344,7714,Original Music Composer
9399,29056,Original Music Composer
31597,20897,Original Music Composer
11131,68290,Original Music Composer
11131,57911,Original Music Composer
11131,61654,Original Music Composer
11131,25143,Original Music Composer
11131,131226,Original Music Composer
21168,1020428,Original Music Composer
59058,2987,Original Music Composer
1662,1259,Original Music Composer
6444,35905,Original Music Composer
6444,5488,Original Music Composer
71642,1259,Original Music Composer
31923,153,Original Music Composer
31923,71425,Original Music Composer
18311,44917,Songs
18311,2156036,Original Music Composer
48448,26064,Original Music Composer
1483,1448512,Original Music Composer
58648,96003,Original Music Composer
36337,115312,Music
25330,37,Original Music Composer
22423,1213,Original Music Composer
4539,957928,Original Music Composer
22828,1813027,Original Music Composer
12776,1947696,Original Music Composer
31696,117,Original Music Composer
17467,1000614,Original Music Composer
36351,1061552,Original Music Composer
47252,153,Original Music Composer
34376,68531,Original Music Composer
34376,3184518,Songs
34376,1499987,Songs
39233,1729,Original Music Composer
6463,3393,Original Music Composer
14362,50715,Original Music Composer
5048,10759,Original Music Composer
9588,7728,Original Music Composer
41792,58249,Original Music Composer
25674,14712,Original Music Composer
21338,58120,Music
123778,1538029,Music
94666,91343,Original Music Composer
41804,41523,Original Music Composer
147164,1272392,Original Music Composer
147164,32347,Original Music Composer
23438,20836,Music
97044,21418,Original Music Composer
13995,69900,Original Music Composer
11198,65957,Original Music Composer
11198,56811,Original Music Composer
19143,1213,Original Music Composer
27381,12939,Original Music Composer
45145,56905,Original Music Composer
11621,636,Original Music Composer
47714,59915,Music
19087,21068,Original Music Composer
40082,1275434,Original Music Composer
40082,17169,Original Music Composer
40082,1607209,Music
36288,1213,Original Music Composer
31962,7714,Original Music Composer
22590,37,Original Music Composer
48150,267258,Original Music Composer
40213,1000614,Original Music Composer
34683,3862,Original Music Composer
34683,2517992,Original Music Composer
27678,21068,Original Music Composer
83599,5409340,Music
17811,238973,Original Music Composer
17811,1400227,Music
12088,24890,Music
96712,553116,Original Music Composer
96712,2498797,Original Music Composer
48706,153,Original Music Composer
30366,69554,Original Music Composer
19371,1273187,Original Music Composer
19371,57116,Original Music Composer
41661,1947696,Original Music Composer
35610,1066805,Original Music Composer
12664,40150,Original Music Composer
7500,636,Original Music Composer
20339,7714,Original Music Composer
11143,62811,Original Music Composer
11143,65993,Original Music Composer
5187,42462,Original Music Composer
26877,238973,Songs
8983,851,Original Music Composer
17796,51588,Original Music Composer
63097,5581,Original Music Composer
17809,62811,Original Music Composer
17809,57724,Original Music Composer
271304,958887,Original Music Composer
11067,35838,Original Music Composer
10486,65402,Original Music Composer
10486,3393,Original Music Composer
19223,1259,Original Music Composer
54804,2020638,Original Music Composer
18674,1559992,Original Music Composer
18674,65993,Original Music Composer
26830,80906,Original Music Composer
30718,6489,Original Music Composer
37797,78361,Original Music Composer
37062,1020428,Music
18665,65984,Original Music Composer
21846,35993,Original Music Composer
16233,85104,Original Music Composer
13063,34517,Original Music Composer
13063,1295799,Original Music Composer
13063,34517,Songs
13063,1295799,Songs
63054,19319,Original Music Composer
16003,568299,Original Music Composer
8214,2459339,Original Music Composer
30330,12939,Original Music Composer
29927,1531749,Original Music Composer
29927,1894108,Original Music Composer
48709,458153,Original Music Composer
48709,579190,Original Music Composer
37431,56748,Original Music Composer
2061,69017,Original Music Composer
2061,21186,Original Music Composer
148478,1120428,Original Music Composer
55902,7741,Music
74097,36149,Original Music Composer
16992,62641,Original Music Composer
16992,62642,Original Music Composer
9956,13604,Original Music Composer
36702,1292698,Original Music Composer
134458,1099215,Music
26124,2710157,Original Music Composer
26124,1813161,Original Music Composer
26124,1638571,Original Music Composer
17629,832208,Original Music Composer
116008,1310186,Original Music Composer
37673,2168766,Original Music Composer
37673,3151601,Original Music Composer
26103,94667,Original Music Composer
44641,20836,Original Music Composer
8765,230410,Music
8765,69044,Music
9845,7741,Original Music Composer
36221,1038615,Original Music Composer
64559,19167,Original Music Composer
28123,51588,Music
5470,43520,Original Music Composer
10213,19659,Original Music Composer
19846,37757,Original Music Composer
50008,32347,Original Music Composer
44625,2009840,Original Music Composer
36282,144931,Original Music Composer
36282,144931,Music
14533,5287,Original Music Composer
9812,66260,Original Music Composer
41992,1147701,Music
88421,1897307,Music
8697,46324,Original Music Composer
22140,1637,Original Music Composer
21039,39023,Music
19850,2398,Music
344,4932,Original Music Composer
14439,55440,Original Music Composer
41227,2155693,Original Music Composer
41227,2757187,Original Music Composer
41227,2757186,Original Music Composer
41227,2757188,Original Music Composer
13428,75940,Original Music Composer
67899,23486,Original Music Composer
47186,32804,Music
47186,929985,Music
50173,120014,Original Music Composer
46817,20558,Original Music Composer
45935,105397,Original Music Composer
45935,1316884,Original Music Composer
47060,1158403,Original Music Composer
2487,1270420,Original Music Composer
38821,935867,Original Music Composer
17985,69017,Original Music Composer
54860,103489,Music
9597,35073,Original Music Composer
21644,958887,Original Music Composer
45758,1587968,Original Music Composer
49745,6041,Original Music Composer
62825,1449087,Original Music Composer
62825,1287716,Original Music Composer
18491,17132,Original Music Composer
175739,65840,Original Music Composer
11854,70849,Original Music Composer
11854,133179,Original Music Composer
87489,1207073,Original Music Composer
33491,27223,Original Music Composer
12619,66256,Original Music Composer
39927,2344040,Original Music Composer
24272,65360,Original Music Composer
3716,5592,Original Music Composer
21348,107354,Original Music Composer
15319,18609,Original Music Composer
9011,7537,Original Music Composer
2332,2642157,Music
54003,6739,Music
20882,34709,Music
10205,26050,Original Music Composer
18394,35079,Original Music Composer
31774,1381731,Music
35735,2123846,Original Music Composer
38203,1666618,Original Music Composer
31161,545764,Original Music Composer
65296,1646387,Original Music Composer
32306,2398079,Original Music Composer
32306,4581424,Original Music Composer
66668,3686782,Original Music Composer
66668,21587,Original Music Composer
72490,20326,Original Music Composer
10482,35079,Original Music Composer
28031,7728,Original Music Composer
54491,63976,Music
54491,22865,Songs
43423,17503,Original Music Composer
13439,112681,Original Music Composer
844,12455,Original Music Composer
844,3767,Original Music Composer
29512,552620,Original Music Composer
20617,11382,Original Music Composer
101338,1202720,Music
23985,1292698,Original Music Composer
2463,57620,Original Music Composer
16874,75940,Original Music Composer
9439,43332,Original Music Composer
52666,146431,Music
71138,138451,Original Music Composer
39872,138451,Original Music Composer
53048,1960210,Original Music Composer
53048,132812,Original Music Composer
20160,936470,Original Music Composer
28943,958887,Music
82550,49190,Original Music Composer
11599,48192,Original Music Composer
33253,4370839,Original Music Composer
11075,35633,Original Music Composer
33355,129782,Original Music Composer
49671,1478855,Music
15917,85612,Original Music Composer
15917,43411,Original Music Composer
10706,66256,Original Music Composer
26245,69927,Music
467,6377,Original Music Composer
73952,79101,Original Music Composer
19738,1317177,Original Music Composer
19738,1170115,Original Music Composer
16435,9204,Original Music Composer
26014,20822,Music
45418,2169287,Original Music Composer
11366,69291,Music
11366,3436,Music
89823,558016,Original Music Composer
10751,3403,Original Music Composer
38294,1253598,Music
38294,70588,Music
18836,141174,Original Music Composer
10757,66948,Original Music Composer
10757,66949,Original Music Composer
55256,1120428,Original Music Composer
23160,224340,Music
2899,411483,Original Music Composer
44756,1275237,Music
44756,1275236,Music
18088,22047,Original Music Composer
31010,2704,Original Music Composer
20536,9251,Original Music Composer
3577,6049,Original Music Composer
3577,5430,Original Music Composer
27259,4949,Original Music Composer
19448,937954,Original Music Composer
14923,64027,Original Music Composer
14923,162371,Original Music Composer
2440,24993,Original Music Composer
2440,37930,Original Music Composer
10836,43332,Original Music Composer
10955,1259,Original Music Composer
37998,80906,Music
10978,57017,Original Music Composer
81540,1304263,Original Music Composer
81540,122,Original Music Composer
40096,4541606,Original Music Composer
11847,66053,Original Music Composer
52999,5628,Original Music Composer
41714,1135,Original Music Composer
11056,43332,Original Music Composer
919,16140,Original Music Composer
55852,1936355,Original Music Composer
211,10232,Original Music Composer
10046,56408,Original Music Composer
10046,56410,Original Music Composer
6382,58065,Original Music Composer
36243,550583,Original Music Composer
36243,425396,Music
22242,2627443,Original Music Composer
16077,79181,Original Music Composer
11553,105397,Original Music Composer
11553,25472,Original Music Composer
10726,5930,Original Music Composer
57100,2926927,Original Music Composer
44793,1031990,Original Music Composer
44793,1510435,Original Music Composer
35110,57304,Original Music Composer
35110,57304,Music
9298,57205,Original Music Composer
13899,144931,Original Music Composer
437,5930,Original Music Composer
38901,4055,Original Music Composer
38901,91145,Original Music Composer
37712,1307290,Original Music Composer
27324,90504,Original Music Composer
35583,21467,Original Music Composer
4592,38335,Original Music Composer
9025,56707,Original Music Composer
2111,3190316,Original Music Composer
14752,85582,Original Music Composer
14752,85581,Original Music Composer
14752,85583,Original Music Composer
11178,68468,Original Music Composer
10943,851,Original Music Composer
125842,22680,Original Music Composer
100973,22328,Original Music Composer
10981,1589,Original Music Composer
10918,2593,Original Music Composer
30839,3812950,Original Music Composer
30839,2028494,Music
4612,38552,Original Music Composer
36222,35633,Original Music Composer
33068,2071113,Original Music Composer
33068,2071114,Original Music Composer
13984,147967,Original Music Composer
16184,35633,Original Music Composer
16184,79943,Original Music Composer
14868,75940,Music
36353,1421949,Music
11427,69404,Original Music Composer
18072,34954,Original Music Composer
4689,1791945,Original Music Composer
4689,1294394,Original Music Composer
4689,69086,Original Music Composer
16209,80049,Original Music Composer
16209,52889,Music
16209,80058,Music
45379,1011224,Original Music Composer
8441,55838,Original Music Composer
12720,73683,Original Music Composer
5552,44074,Original Music Composer
5552,44075,Original Music Composer
8325,63906,Original Music Composer
8325,4075669,Original Music Composer
10077,57263,Original Music Composer
28730,18264,Original Music Composer
40432,1010015,Original Music Composer
26955,232777,Music
23986,1292698,Original Music Composer
16132,43638,Music
36730,138559,Original Music Composer
55496,2112727,Original Music Composer
20164,65840,Original Music Composer
38970,39613,Original Music Composer
32526,22680,Original Music Composer
15271,851,Original Music Composer
45572,69085,Original Music Composer
22076,52379,Music
16973,57902,Music
55931,4949,Original Music Composer
55931,56345,Original Music Composer
55931,56346,Original Music Composer
12703,73956,Music
12703,73957,Music
12703,73958,Music
12703,73959,Music
12703,1579374,Music
46814,65840,Original Music Composer
9282,6377,Original Music Composer
5844,929309,Original Music Composer
5844,1295634,Original Music Composer
61485,3536276,Music
25334,13502,Original Music Composer
12540,2214,Original Music Composer
60672,1313063,Original Music Composer
60672,35079,Original Music Composer
11556,69873,Original Music Composer
49007,1075,Original Music Composer
49007,1076,Original Music Composer
11197,68571,Original Music Composer
11774,153,Original Music Composer
10855,21903,Original Music Composer
10855,67260,Original Music Composer
4972,15082,Original Music Composer
54764,1287716,Original Music Composer
20162,936470,Original Music Composer
20162,936471,Original Music Composer
2841,5628,Original Music Composer
11606,70000,Original Music Composer
11606,70001,Original Music Composer
11606,1132457,Original Music Composer
189332,9152,Original Music Composer
363,974178,Original Music Composer
363,1123056,Original Music Composer
363,34189,Music
363,2417363,Music
12140,57304,Original Music Composer
12140,57304,Music
4254,85582,Original Music Composer
4254,85583,Original Music Composer
4254,85581,Original Music Composer
15370,78361,Original Music Composer
16635,1558555,Original Music Composer
23520,68358,Original Music Composer
1418,405,Original Music Composer
15990,4323456,Music
11492,71054,Original Music Composer
12496,72510,Original Music Composer
22618,1446171,Original Music Composer
29987,20648,Original Music Composer
10361,64920,Music
41070,832208,Original Music Composer
14527,1376619,Music
100594,2124636,Original Music Composer
100594,2124637,Original Music Composer
100594,2124635,Original Music Composer
14455,636,Original Music Composer
24092,2260687,Original Music Composer
20357,22047,Original Music Composer
21200,1522532,Original Music Composer
11838,20325,Original Music Composer
670,37929,Original Music Composer
670,87535,Original Music Composer
670,1295395,Original Music Composer
670,37930,Music
85873,227732,Original Music Composer
12583,58056,Original Music Composer
21513,106590,Original Music Composer
21513,106592,Original Music Composer
21513,80906,Music
14190,1866241,Original Music Composer
14190,2149325,Original Music Composer
49681,2296460,Music
9694,35633,Original Music Composer
9667,37317,Original Music Composer
13373,960,Original Music Composer
37209,983161,Original Music Composer
10304,64804,Original Music Composer
10304,35993,Original Music Composer
40823,1695684,Music
9666,20325,Original Music Composer
13371,1365473,Original Music Composer
11049,67926,Original Music Composer
11049,14598,Original Music Composer
9316,57282,Original Music Composer
9316,2322055,Original Music Composer
11647,21903,Original Music Composer
1913,19840,Original Music Composer
45693,25548,Original Music Composer
2539,947,Original Music Composer
5528,43993,Music
5528,35073,Original Music Composer
10105,63485,Original Music Composer
10105,63486,Original Music Composer
179,1213,Original Music Composer
83,5912,Original Music Composer
12653,73273,Original Music Composer
32233,2169287,Original Music Composer
55177,70789,Original Music Composer
14310,21903,Original Music Composer
24747,1729,Original Music Composer
4836,948,Original Music Composer
4836,23451,Original Music Composer
4836,2221673,Songs
18711,20836,Original Music Composer
11190,68524,Original Music Composer
37918,1729448,Music
37918,4246,Music
11866,7229,Original Music Composer
12281,2197868,Original Music Composer
12281,2197869,Original Music Composer
12281,2257403,Original Music Composer
10320,40613,Original Music Composer
10320,48523,Original Music Composer
30973,8320,Original Music Composer
12086,1090650,Original Music Composer
12086,1607369,Music
11420,69363,Original Music Composer
1404,1528,Original Music Composer
62276,107824,Original Music Composer
464,6335,Original Music Composer
40974,1076281,Music
20912,5287,Original Music Composer
5889,63693,Original Music Composer
1126,7741,Original Music Composer
11658,64886,Original Music Composer
20544,19155,Original Music Composer
19423,550644,Music
31781,5287,Original Music Composer
9483,57662,Music
9483,57661,Music
33102,91343,Music
28105,1193671,Original Music Composer
51363,1107016,Original Music Composer
16843,1131168,Original Music Composer
8357,47927,Original Music Composer
3509,32234,Original Music Composer
11662,17132,Original Music Composer
10103,37929,Original Music Composer
23319,7714,Original Music Composer
41171,15813,Original Music Composer
23592,1462281,Original Music Composer
47614,1032534,Original Music Composer
47614,592636,Original Music Composer
986,14807,Original Music Composer
70,190,Original Music Composer
32041,2027,Original Music Composer
55309,5488,Original Music Composer
38724,7182,Original Music Composer
12487,35633,Original Music Composer
205,2593,Original Music Composer
205,2622,Original Music Composer
205,20648,Original Music Composer
150523,2195605,Original Music Composer
150523,2671879,Original Music Composer
150523,5617778,Original Music Composer
150523,1437434,Original Music Composer
150523,3646549,Original Music Composer
46761,70687,Original Music Composer
43872,69394,Songs
43872,69394,Music
43872,69394,Original Music Composer
5183,41956,Original Music Composer
28055,29500,Original Music Composer
12597,66256,Original Music Composer
118,531,Original Music Composer
113213,56854,Original Music Composer
113213,9989,Original Music Composer
1280,16280,Original Music Composer
88288,5467,Original Music Composer
421,5666,Original Music Composer
421,5659,Songs
421,7487,Songs
2567,117,Original Music Composer
9833,65360,Original Music Composer
9692,2863,Original Music Composer
1901,21266,Original Music Composer
693,7885,Original Music Composer
842,13226,Original Music Composer
9953,2863,Original Music Composer
11162,5017,Original Music Composer
57564,3502758,Original Music Composer
15401,117854,Original Music Composer
14604,30130,Music
14604,34015,Music
14604,6457,Music
14604,1582185,Music
14604,13957,Music
14604,30104,Music
26275,186,Original Music Composer
15045,1807706,Original Music Composer
15045,21068,Original Music Composer
42420,59915,Original Music Composer
1853,20692,Music
11804,52339,Original Music Composer
19803,6898,Music
11354,2949,Original Music Composer
41613,130152,Original Music Composer
61049,4681,Music
14677,4082,Original Music Composer
61988,14356,Original Music Composer
46021,1528,Original Music Composer
40881,10934,Music
147747,1020428,Original Music Composer
47876,1938,Original Music Composer
43150,998190,Music
66600,20897,Original Music Composer
75976,134463,Music
43442,4345,Original Music Composer
25033,1148096,Original Music Composer
21259,1729,Original Music Composer
33766,1528913,Original Music Composer
33766,1528912,Original Music Composer
33766,1528911,Original Music Composer
220690,2704,Original Music Composer
22301,9079,Original Music Composer
22301,1534110,Original Music Composer
21030,215516,Original Music Composer
21030,68531,Original Music Composer
79008,63964,Original Music Composer
79008,1687167,Original Music Composer
120328,35838,Music
95466,49187,Original Music Composer
26426,3535,Music
18627,18609,Original Music Composer
39472,3535,Original Music Composer
34326,103489,Original Music Composer
10630,49044,Original Music Composer
59143,1397291,Original Music Composer
74122,40460,Original Music Composer
58097,125212,Music
25350,60068,Original Music Composer
16442,3249,Original Music Composer
7229,23306,Original Music Composer
12576,38638,Music
12576,38639,Music
42223,3164994,Original Music Composer
42223,20075,Original Music Composer
20719,1173561,Music
16220,29746,Original Music Composer
23832,29500,Original Music Composer
54794,3074543,Original Music Composer
54794,210038,Original Music Composer
33475,30681,Music
33475,3375,Music
33475,175505,Music
33475,14356,Music
33475,7647,Music
33475,34015,Music
33475,30104,Music
33475,1694573,Music
33475,30130,Music
33475,342032,Original Music Composer
33472,1938,Original Music Composer
33472,34015,Original Music Composer
33472,56928,Original Music Composer
33477,566088,Original Music Composer
33477,30104,Music
33477,175505,Music
33477,30535,Music
33477,30130,Music
33477,14356,Music
33477,40460,Music
33477,4681,Music
10609,39023,Original Music Composer
10609,5423213,Music
2091,21418,Original Music Composer
11633,70104,Original Music Composer
11633,70105,Original Music Composer
11633,11382,Original Music Composer
11633,1083854,Music
35031,793,Original Music Composer
12127,70062,Music
12127,71355,Music
11626,70062,Original Music Composer
11626,1357258,Music
36430,25143,Music
9947,23486,Original Music Composer
6439,4140,Original Music Composer
6439,56683,Songs
7214,894,Original Music Composer
43504,14647,Original Music Composer
24749,69980,Original Music Composer
17657,10934,Original Music Composer
42390,101711,Original Music Composer
26488,43319,Original Music Composer
61477,12455,Original Music Composer
19610,4708519,Songs
19610,84911,Songs
19610,10400,Songs
19610,35040,Songs
19610,172365,Songs
19610,84914,Songs
19610,84912,Original Music Composer
19610,12068,Songs
27549,43393,Original Music Composer
43892,1147115,Songs
43892,29810,Music
43892,30268,Music
8422,3098,Original Music Composer
989,14861,Original Music Composer
989,14862,Original Music Composer
43779,109413,Original Music Composer
34778,30256,Original Music Composer
34778,30257,Original Music Composer
25970,4345,Original Music Composer
39504,1183450,Original Music Composer
14883,77476,Music
11423,63693,Original Music Composer
10694,21068,Original Music Composer
16410,12241,Original Music Composer
342,4524,Original Music Composer
342,5193,Original Music Composer
613,8804,Original Music Composer
273,3878,Original Music Composer
8978,5912,Original Music Composer
11637,3393,Original Music Composer
12142,71440,Original Music Composer
12142,71441,Original Music Composer
12142,71442,Original Music Composer
12142,49187,Original Music Composer
11096,9039,Original Music Composer
11096,68007,Original Music Composer
22559,1524203,Original Music Composer
8968,11468,Original Music Composer
6961,53017,Original Music Composer
31165,558,Original Music Composer
2517,25776,Original Music Composer
11413,69307,Original Music Composer
11413,69308,Original Music Composer
24962,1521262,Original Music Composer
17978,11441,Original Music Composer
42729,29056,Original Music Composer
22383,2704,Original Music Composer
41851,1802971,Music
661,3767,Original Music Composer
10310,15130,Music
36851,8503,Original Music Composer
147882,4345,Original Music Composer
29259,103396,Original Music Composer
55624,3185,Music
55624,2199763,Music
55624,73599,Music
55624,18170,Music
2436,24954,Original Music Composer
2436,24955,Original Music Composer
20196,37,Original Music Composer
61144,1225,Original Music Composer
6317,49044,Original Music Composer
68822,12262,Original Music Composer
27430,36997,Original Music Composer
43141,4100,Original Music Composer
135473,54449,Original Music Composer
41968,29056,Original Music Composer
34561,48192,Original Music Composer
45174,206972,Original Music Composer
16638,7647,Original Music Composer
118075,2197868,Original Music Composer
118075,2197869,Original Music Composer
118075,2257403,Original Music Composer
42011,58162,Original Music Composer
7454,1204208,Original Music Composer
70498,14930,Music
63617,26026,Original Music Composer
23132,64886,Original Music Composer
37198,4681,Original Music Composer
4935,636,Original Music Composer
4935,1904693,Songs
8953,18264,Original Music Composer
10951,5118470,Original Music Composer
42845,65993,Original Music Composer
42845,57620,Music
193704,4170625,Original Music Composer
41569,4768368,Music
8488,1528,Original Music Composer
13682,49285,Original Music Composer
13682,174875,Songs
12228,71767,Original Music Composer
32588,5362277,Original Music Composer
57825,1451015,Original Music Composer
57825,6229,Original Music Composer
57825,37241,Music
561,6041,Original Music Composer
561,122,Original Music Composer
561,2326535,Music
10214,14712,Original Music Composer
17880,37088,Songs
17880,3562,Original Music Composer
8340,39405,Original Music Composer
6414,49606,Original Music Composer
27202,2598043,Original Music Composer
27202,111316,Original Music Composer
1942,20131,Original Music Composer
61574,47452,Original Music Composer
21433,32398,Original Music Composer
52778,2289,Original Music Composer
19119,8619,Original Music Composer
19119,97450,Original Music Composer
10636,1727180,Original Music Composer
10636,2258400,Original Music Composer
123452,3249,Original Music Composer
3040,23437,Original Music Composer
3040,1390777,Songs
18538,17004,Original Music Composer
44875,2500,Original Music Composer
43128,29967,Music
43128,1018225,Music
43128,1532469,Music
43128,3363731,Music
43128,131392,Music
43128,89738,Music
42641,134806,Original Music Composer
39179,994380,Music
39179,1530503,Music
13498,3393,Original Music Composer
29993,26026,Original Music Composer
9470,57622,Music
9470,57607,Music
9470,57620,Music
9470,57621,Music
9470,57620,Original Music Composer
30698,37757,Original Music Composer
12721,73666,Original Music Composer
12721,2820382,Original Music Composer
27042,97011,Music
37232,2583844,Original Music Composer
37232,2583838,Original Music Composer
37232,2038992,Original Music Composer
37232,2583845,Original Music Composer
19765,1411614,Music
37527,58438,Original Music Composer
43492,3249,Original Music Composer
29578,14930,Original Music Composer
2926,10934,Original Music Composer
4710,39069,Original Music Composer
26243,18593,Original Music Composer
10568,7647,Original Music Composer
52943,65556,Music
25103,52219,Original Music Composer
89065,1704807,Original Music Composer
4974,4403,Original Music Composer
30331,1524203,Original Music Composer
258,3529,Original Music Composer
8016,4416,Original Music Composer
37601,72894,Original Music Composer
4235,1259,Original Music Composer
31532,30256,Original Music Composer
31532,931310,Songs
34614,112717,Original Music Composer
51177,1499796,Original Music Composer
16186,1554752,Original Music Composer
10012,7229,Original Music Composer
65967,544222,Original Music Composer
10022,4500,Original Music Composer
4551,11098,Original Music Composer
30856,1879554,Original Music Composer
26,159,Original Music Composer
2026,2949,Original Music Composer
9928,11098,Original Music Composer
29735,50239,Original Music Composer
76264,1729,Original Music Composer
15771,1729,Original Music Composer
76804,9079,Original Music Composer
43912,58120,Original Music Composer
82432,2369404,Music
82432,1237197,Music
3115,18609,Original Music Composer
6593,425396,Original Music Composer
116698,10494,Original Music Composer
63115,5852494,Original Music Composer
76403,28947,Original Music Composer
87169,2583332,Original Music Composer
34093,20075,Original Music Composer
38148,8422,Original Music Composer
167087,43319,Original Music Composer
167087,16442,Original Music Composer
54380,1724471,Music
15443,469,Original Music Composer
36815,10536,Original Music Composer
111017,8619,Original Music Composer
37598,7422,Original Music Composer
40957,16748,Music
33539,1729,Original Music Composer
41749,3603542,Original Music Composer
88930,5805,Original Music Composer
60966,146672,Songs
60966,16748,Music
85926,16748,Original Music Composer
20511,8576,Original Music Composer
133382,554471,Original Music Composer
22377,7647,Original Music Composer
1093,15393,Original Music Composer
45212,29727,Original Music Composer
12622,73144,Original Music Composer
12622,73144,Music
18047,10934,Original Music Composer
15018,77712,Original Music Composer
438,5930,Original Music Composer
57953,1500043,Original Music Composer
57953,1500044,Original Music Composer
64022,1639013,Original Music Composer
42222,3535,Original Music Composer
11297,64886,Original Music Composer
11196,68555,Original Music Composer
33431,144931,Original Music Composer
18770,72066,Original Music Composer
37988,935867,Original Music Composer
40916,20153,Songs
40916,20153,Original Music Composer
42837,134331,Music
42837,134331,Songs
1589,1517811,Original Music Composer
13374,23486,Original Music Composer
228890,91343,Original Music Composer
10040,1667789,Songs
10040,25362,Original Music Composer
11638,960,Original Music Composer
540,22118,Original Music Composer
540,13226,Original Music Composer
77120,1532975,Music
45218,1465650,Original Music Composer
21666,10724,Original Music Composer
23916,10494,Original Music Composer
32208,1182408,Music
32208,548767,Music
84298,8503,Original Music Composer
76499,8503,Original Music Composer
43865,8503,Original Music Composer
72847,3249,Original Music Composer
72847,6457,Original Music Composer
93313,8503,Original Music Composer
32078,8503,Original Music Composer
26038,8503,Original Music Composer
45694,39300,Original Music Composer
43029,146672,Original Music Composer
42622,30267,Original Music Composer
42622,1903121,Songs
19884,18609,Original Music Composer
47007,7435,Original Music Composer
37748,14351,Original Music Composer
52302,1414194,Original Music Composer
39327,38545,Original Music Composer
86458,33662,Music
22434,62053,Original Music Composer
12778,14712,Original Music Composer
42106,84959,Music
16198,78352,Original Music Composer
158,1849,Original Music Composer
158,3827,Original Music Composer
1772,20836,Original Music Composer
5996,2916,Original Music Composer
53939,33216,Original Music Composer
19665,983161,Music
73604,3143891,Original Music Composer
73604,1841215,Original Music Composer
73604,3143889,Original Music Composer
47002,1279800,Original Music Composer
14573,77064,Original Music Composer
14573,232777,Original Music Composer
18774,2434329,Original Music Composer
44154,1642611,Original Music Composer
28448,58296,Original Music Composer
38155,1092381,Original Music Composer
38155,5130120,Music
34282,12241,Original Music Composer
27030,50977,Original Music Composer
27030,12262,Original Music Composer
120129,7435,Original Music Composer
19545,425396,Original Music Composer
47237,1643960,Original Music Composer
17592,2969193,Music
17113,105669,Original Music Composer
187,4500,Original Music Composer
187,5912,Original Music Composer
187,2294,Original Music Composer
14177,19155,Original Music Composer
11399,4403,Original Music Composer
7364,6377,Original Music Composer
11431,7045,Original Music Composer
52796,1745167,Music
45824,154783,Original Music Composer
27271,1030544,Original Music Composer
51104,21011,Original Music Composer
16551,67274,Original Music Composer
26332,95134,Original Music Composer
42229,30634,Original Music Composer
45220,132534,Original Music Composer
49565,46436,Music
49565,1389416,Music
2029,20855,Original Music Composer
44181,587228,Music
24619,62701,Original Music Composer
24619,13083,Original Music Composer
24619,56345,Original Music Composer
24619,2688221,Original Music Composer
24619,113845,Original Music Composer
70926,1760,Original Music Composer
37214,34075,Original Music Composer
26774,32159,Original Music Composer
31944,12417,Original Music Composer
85673,223182,Music
62637,555297,Original Music Composer
94794,1122575,Music
94794,1073773,Music
94794,1343912,Music
94794,32804,Music
94794,32804,Original Music Composer
50435,19607,Original Music Composer
42617,1259,Original Music Composer
13524,97450,Original Music Composer
31219,996617,Original Music Composer
31219,39516,Original Music Composer
31219,1400717,Original Music Composer
19971,70813,Original Music Composer
47406,1259,Original Music Composer
49225,1158402,Original Music Composer
49225,40150,Original Music Composer
9674,58680,Music
3875,32717,Original Music Composer
24182,1949102,Music
38770,119339,Original Music Composer
74948,37415,Original Music Composer
14689,7182,Original Music Composer
69321,9217,Original Music Composer
69321,9217,Songs
31321,458663,Music
26638,39161,Original Music Composer
37512,3767,Original Music Composer
9653,58346,Original Music Composer
42637,5032,Music
19673,87241,Original Music Composer
14842,9204,Music
27883,1027533,Music
41115,1433112,Music
32085,110546,Music
43824,72066,Original Music Composer
54156,20075,Original Music Composer
39225,3032009,Original Music Composer
30204,11441,Original Music Composer
30204,3376,Songs
30204,1242444,Songs
30204,2360499,Songs
40633,1009004,Songs
40633,1208374,Songs
40633,3034197,Songs
40633,1228078,Songs
40633,1658847,Songs
40633,4008862,Songs
40633,14972,Songs
40633,148862,Songs
40633,931310,Songs
40633,1369419,Songs
40633,4008863,Songs
40633,1349488,Songs
40633,4008845,Songs
40633,1012324,Songs
40633,4008876,Songs
40633,4008877,Songs
40633,2423662,Songs
40633,2423663,Songs
40633,4008879,Songs
40633,1719666,Songs
40633,2095608,Songs
40633,30176,Songs
40633,2316450,Music
4595,38377,Original Music Composer
26182,95665,Music
26182,34229,Music
26182,14356,Music
26182,13983,Music
42260,3767,Original Music Composer
31442,8461,Music
50183,1092911,Original Music Composer
7342,52515,Original Music Composer
45267,30634,Original Music Composer
45267,3098,Original Music Composer
45267,91546,Original Music Composer
9636,68358,Original Music Composer
36984,9423,Music
48580,2949,Original Music Composer
36843,1704281,Music
36843,3562,Original Music Composer
18871,30104,Original Music Composer
69069,69980,Original Music Composer
45713,51808,Original Music Composer
104193,1034270,Original Music Composer
64167,7714,Original Music Composer
124083,1200635,Original Music Composer
68528,552558,Original Music Composer
185987,51808,Original Music Composer
39851,37317,Original Music Composer
39851,2026802,Original Music Composer
39851,183500,Original Music Composer
84084,8503,Original Music Composer
84087,72066,Original Music Composer
7453,38802,Original Music Composer
6183,48500,Original Music Composer
6183,48503,Original Music Composer
6183,48501,Original Music Composer
8220,54133,Original Music Composer
35170,68673,Music
20187,491,Original Music Composer
38151,12331,Original Music Composer
38151,29389,Original Music Composer
20628,8422,Original Music Composer
43003,10934,Original Music Composer
16250,1673867,Original Music Composer
16250,57892,Original Music Composer
10065,18264,Original Music Composer
30863,554253,Original Music Composer
30863,554251,Original Music Composer
31065,20692,Music
32850,14861,Original Music Composer
68883,1178936,Original Music Composer
43379,12331,Original Music Composer
9393,5628,Original Music Composer
9393,17212,Original Music Composer
16972,21011,Original Music Composer
21325,12455,Original Music Composer
14287,23739,Music
24363,17767,Original Music Composer
13073,2863,Original Music Composer
35384,1141609,Original Music Composer
35384,57874,Original Music Composer
8976,39993,Original Music Composer
27360,2471134,Original Music Composer
27360,63976,Original Music Composer
29078,11166,Original Music Composer
38717,51588,Original Music Composer
13020,1398888,Original Music Composer
11679,7229,Original Music Composer
25007,1648926,Music
25007,1648926,Original Music Composer
1495,5553,Original Music Composer
10066,9039,Original Music Composer
1640,4140,Original Music Composer
67445,21587,Original Music Composer
11171,68439,Original Music Composer
11171,68440,Original Music Composer
14750,29707,Original Music Composer
43260,18593,Original Music Composer
11799,3535,Original Music Composer
53116,27045,Original Music Composer
83995,12241,Original Music Composer
42626,2704,Original Music Composer
42626,1957672,Original Music Composer
43881,72066,Music
43881,101711,Music
46594,1898745,Music
43344,1163741,Original Music Composer
133750,1315111,Music
16902,67429,Original Music Composer
41131,228355,Original Music Composer
31414,224340,Music
40730,8619,Original Music Composer
15318,2137275,Original Music Composer
13384,19043,Original Music Composer
48993,72066,Music
9463,73125,Original Music Composer
13163,57874,Original Music Composer
26810,12454,Original Music Composer
20625,1010717,Music
20625,30176,Songs
1566,37669,Original Music Composer
21997,58099,Original Music Composer
30624,14647,Original Music Composer
44658,19607,Original Music Composer
27233,636,Original Music Composer
24078,133811,Original Music Composer
43271,96694,Music
63066,1170637,Music
37720,3316545,Original Music Composer
18050,8503,Original Music Composer
155325,6422,Music
14672,77143,Music
11628,70078,Music
11628,70078,Original Music Composer
10913,40825,Original Music Composer
11605,1760,Original Music Composer
16976,2430797,Original Music Composer
16976,2274086,Original Music Composer
10027,583437,Original Music Composer
10027,1316284,Original Music Composer
10027,2751289,Music
43429,138244,Music
19413,30634,Original Music Composer
11139,68318,Music
11139,68318,Original Music Composer
10837,3034943,Music
10837,3393,Original Music Composer
32610,34229,Original Music Composer
32610,13983,Original Music Composer
32610,931310,Songs
1279,16256,Original Music Composer
1279,4269,Original Music Composer
1895,491,Original Music Composer
9981,4140,Original Music Composer
4379,3393,Original Music Composer
31200,9796,Original Music Composer
37215,121115,Original Music Composer
37215,29810,Original Music Composer
37215,30256,Original Music Composer
11019,1528,Original Music Composer
28423,30104,Original Music Composer
14694,1017112,Original Music Composer
14694,5359,Original Music Composer
20271,29500,Original Music Composer
29872,30176,Original Music Composer
85014,1092381,Original Music Composer
34856,46324,Music
16373,26026,Original Music Composer
25649,545760,Original Music Composer
19398,589102,Music
100605,8503,Original Music Composer
43506,14356,Music
43506,14861,Original Music Composer
953,947,Original Music Composer
16605,1696172,Original Music Composer
42268,39968,Music
13064,2987,Original Music Composer
14358,1313822,Original Music Composer
14358,2709275,Original Music Composer
26825,117842,Original Music Composer
12700,5628,Original Music Composer
12700,73965,Original Music Composer
12700,894,Original Music Composer
9291,20822,Original Music Composer
19316,1181479,Original Music Composer
34309,1020074,Original Music Composer
921,153,Original Music Composer
9779,2120,Original Music Composer
9787,5666,Original Music Composer
787,11098,Original Music Composer
14199,2294,Original Music Composer
14199,5912,Original Music Composer
14199,4500,Original Music Composer
10226,64206,Original Music Composer
21295,21068,Original Music Composer
20651,123314,Music
56321,2469247,Original Music Composer
9528,57840,Music
12109,71284,Original Music Composer
13935,10716,Music
20941,54983,Original Music Composer
18289,549553,Original Music Composer
43471,1045,Original Music Composer
3011,21011,Original Music Composer
11620,7647,Original Music Composer
43354,12241,Original Music Composer
272,1213,Original Music Composer
272,947,Original Music Composer
5845,929309,Music
15767,929309,Original Music Composer
15767,1295634,Original Music Composer
15767,548768,Original Music Composer
15767,425396,Music
15767,18609,Music
44524,1663929,Music
44524,57069,Music
15648,23486,Original Music Composer
9709,411719,Original Music Composer
9709,539946,Original Music Composer
29080,1547333,Original Music Composer
29080,3881485,Original Music Composer
10274,49911,Original Music Composer
45881,9217,Original Music Composer
25248,70789,Music
11451,5666,Original Music Composer
25312,57206,Music
11683,1076,Original Music Composer
11683,1075,Original Music Composer
9722,1528,Original Music Composer
2287,23595,Music
2287,23594,Music
18497,1769935,Music
18497,41040,Music
2994,1259,Original Music Composer
76094,14959,Original Music Composer
76094,13571,Original Music Composer
1382,1589,Original Music Composer
9534,14351,Original Music Composer
