movie_id,person_id,cast_order
862,31,0
862,12898,1
862,7167,2
862,12899,3
862,12900,4
862,7907,5
862,8873,6
8844,2157,0
8844,205,1
8844,145151,2
8844,5149,3
8844,8537,4
8844,10739,5
8844,58563,6
15602,6837,0
15602,3151,1
15602,13567,2
15602,16757,3
15602,589,4
15602,16523,5
15602,7166,6
31357,8851,0
31357,9780,1
31357,18284,2
31357,51359,3
31357,66804,4
31357,352,5
31357,34,6
11862,67773,0
11862,3092,1
11862,519,2
11862,70696,3
11862,59222,4
11862,18793,5
11862,14592,6
949,1158,0
949,380,1
949,5576,2
949,10127,3
949,3197,4
949,6200,5
949,15851,6
11860,3,0
11860,15887,1
11860,17141,2
11860,12957,3
11860,8937,4
11860,16554,5
11860,4301,6
45325,53283,0
45325,51214,1
45325,57448,2
45325,7867,3
45325,87007,4
45325,8316,5
45325,41293,6
9091,15111,0
9091,6280,1
9091,10361,2
9091,79088,3
9091,12928,4
9091,8656,5
9091,104873,6
710,517,0
710,48,1
710,10695,2
710,10696,3
710,10671,4
710,5309,5
710,1923,6
9087,3392,0
9087,516,1
9087,8349,2
9087,521,3
9087,63279,4
9087,20767,5
9087,112080,6
12110,7633,0
12110,14639,1
12110,1219,2
12110,12688,3
12110,12812,4
12110,13640,5
12110,6106,6
21032,4724,0
21032,382,1
21032,2233,2
21032,12077,3
21032,110001,4
21032,67386,5
21032,19545,6
10858,4173,0
10858,11148,1
10858,6280,2
10858,228,3
10858,382,4
10858,5249,5
10858,19839,6
1408,16935,0
1408,8654,1
1408,8924,2
1408,7868,3
1408,8979,4
1408,16936,5
1408,16937,6
524,380,0
524,4430,1
524,4517,2
524,4512,3
524,7167,4
524,7169,5
524,7166,6
4584,7056,0
4584,204,1
4584,4566,2
4584,3291,3
4584,9138,4
4584,16700,5
4584,1220119,6
5,3129,0
5,3130,1
5,2555,2
5,3126,3
5,3125,4
5,3131,5
5,3137,7
9273,206,0
9273,3547,1
9273,4001,2
9273,57096,3
9273,4029,4
9273,2598,5
9273,88059,6
11517,10814,0
11517,57755,1
11517,16866,2
11517,9287,3
11517,2955,4
11517,4887,5
11517,32287,6
8012,8891,0
8012,193,1
8012,14343,2
8012,518,3
8012,1117,4
8012,18792,5
8012,4691,6
1710,10205,0
1710,18686,1
1710,20212,2
1710,18687,3
1710,18688,4
1710,5169,5
1710,883,6
9691,16483,0
9691,3131,1
9691,1231,2
9691,58556,3
9691,17348,4
9691,14328,5
9691,47757,6
12665,2453,0
12665,54789,1
12665,2714,2
12665,4785,3
12665,36637,4
12665,91448,5
12665,59369,6
451,2963,0
451,1951,1
451,6104,2
451,6105,3
451,6106,4
451,6107,5
451,6108,6
16420,2975,0
16420,1350,1
16420,11181,2
16420,27631,3
16420,17483,4
16420,1227643,5
16420,32357,6
9263,6886,0
9263,12929,1
9263,2155,2
9263,29369,3
9263,12930,4
9263,3416,5
9263,114471,6
17015,30318,0
17015,8785,1
17015,87415,2
17015,10981,3
17015,14465,4
17015,3930,5
17015,54447,6
902,2372,0
902,2413,1
902,13842,2
902,13843,3
902,13687,4
902,13845,5
902,13846,6
37557,643,0
37557,146097,1
37557,150152,2
37557,143358,3
37557,2163711,4
37557,150153,5
37557,1362557,6
9909,1160,0
9909,10477,1
9909,24047,2
9909,11902,3
9909,168638,4
9909,12642,5
9909,81726,6
63,62,0
63,289,1
63,287,2
63,290,3
63,52,4
63,288,5
63,22227,6
78802,4138,0
78802,4513,1
78802,3999,2
78802,58406,3
78802,554094,4
78802,5576,5
78802,156330,6
9598,58136,0
9598,6199,1
9598,52699,2
9598,1331,3
9598,35109,4
9598,2505,5
9598,45586,6
47018,7056,0
47018,378,1
47018,27764,2
47018,54447,3
47018,17328,4
47018,1249,5
47018,47627,6
687,4038,0
687,2228,1
687,10360,2
687,10361,3
687,8655,4
687,1989,5
687,2207,6
139405,1467084,0
139405,3330728,1
139405,1467086,2
139405,19208,3
139405,1218074,4
139405,6171,5
139405,73513,6
33689,1796,0
33689,26472,1
33689,67848,2
33689,67849,3
33689,92255,4
33689,6541,5
33689,1331570,6
9603,5588,0
9603,58150,1
9603,328,2
9603,22226,3
9603,49002,4
9603,58151,5
9603,33654,6
34615,194,0
34615,15152,1
34615,17764,2
34615,65887,3
34615,123833,4
34615,89307,5
34615,123831,6
31174,1327,0
31174,516,1
31174,388,2
31174,3223,3
31174,5470,4
31174,42566,5
31174,10978,6
11443,18291,0
11443,65827,1
11443,66,2
11443,6862,3
11443,69447,4
11443,10824,5
11443,58924,6
35196,3223,0
35196,5344,1
35196,4783,2
35196,11207,3
35196,3291,4
35196,6416,5
35196,1327,6
9312,57250,0
9312,57251,1
9312,20751,2
9312,38559,3
9312,11398,4
9312,10680,5
9312,57252,6
577,2227,0
577,2876,1
577,73421,2
577,1893,3
577,7796,4
577,2841,5
577,6486,6
11861,1920,0
11861,10774,1
11861,9560,2
11861,18794,3
11861,14500,4
11861,54424,5
11861,1981,6
807,192,0
807,287,1
807,12052,2
807,12055,3
807,30487,4
807,38951,5
807,8655,6
10530,65529,0
10530,2461,1
10530,28010,2
10530,31365,3
10530,3894,4
10530,110316,5
10530,9188,6
8391,54818,0
8391,54819,1
8391,15319,2
8391,4569,3
8391,20173,4
8391,79402,5
8391,1025076,6
629,9045,0
629,5168,1
629,1121,2
629,7166,3
629,1979,4
629,9046,5
629,4935,6
117164,74375,0
117164,63941,1
117164,1093379,2
117164,42137,3
117164,53552,4
117164,112159,5
117164,62715,6
11448,23931,1
11448,1283,2
11448,1164,3
11448,10560,4
11448,29545,5
11448,3019,6
11448,4688,7
49133,27392,0
49133,25819,1
49133,1180060,3
49133,1306493,4
49133,3910057,5
49133,3910059,6
49133,1837056,7
26441,46423,0
26441,26472,1
26441,88599,2
26441,69740,3
26441,21735,4
26441,69395,5
26441,148587,6
97406,10431,0
97406,51544,1
97406,15854,2
97406,7268,3
97406,42746,4
97406,4764,5
97406,590356,6
124057,198643,0
124057,56890,1
124057,41743,2
124057,1569328,3
124057,11086,4
124057,3021294,5
124057,3021305,6
9089,18686,0
9089,3223,1
9089,10774,2
9089,1466,3
9089,32597,4
9089,400,5
9089,26472,6
11010,67792,0
11010,24366,1
11010,10777,2
11010,14149,3
11010,538696,4
11010,24290,5
11010,225301,6
99040,38524,0
99040,1019878,1
99040,1019879,2
99040,5470,3
99040,223877,4
99040,1177002,5
99040,234920,6
11359,69301,0
11359,69302,1
11359,32225,2
11359,28633,3
11359,1318612,4
11359,4581,5
11359,18181,6
17182,35,0
17182,2628,1
17182,228,2
17182,821,3
17182,33689,4
17182,3266,5
17182,27261,6
2054,3037,0
2054,21104,1
2054,21105,2
2054,3019,3
2054,3905,4
2054,3128,5
2054,18288,6
10607,35690,0
10607,9562,1
10607,66131,2
10607,27590,3
10607,2535,4
10607,98298,5
10607,66132,6
19760,18277,0
19760,5724,1
19760,5050,2
19760,8435,3
19760,66131,4
19760,191140,5
19760,1362948,6
9536,64998,0
9536,9045,1
9536,7676,2
9536,16484,3
9536,43433,4
9536,19439,5
9536,57869,6
11525,29459,0
11525,40009,1
11525,58119,2
11525,36898,3
11525,72612,4
11525,1192629,5
11525,1384185,6
40628,124150,0
40628,1158,1
40628,1161,2
40628,4887,3
40628,25879,4
40628,17932,5
40628,32289,6
4482,25256,0
4482,35137,1
4482,4275,2
4482,13689,3
4482,35908,4
4482,35917,5
4482,35887,6
10634,9778,0
10634,66,1
10634,9781,2
10634,8396,3
10634,56902,4
10634,54800,5
10634,9788,6
755,1461,0
755,1037,2
755,3196,3
755,11158,4
755,3136,5
755,11159,6
755,11160,7
11859,13021,0
11859,33665,1
11859,782,2
11859,4443,3
11859,30488,4
11859,170954,5
11859,3136,6
28387,52419,0
28387,46423,1
28387,78190,2
28387,7489,3
28387,81373,4
28387,20047,5
28387,52930,6
48750,3829,0
48750,35211,1
48750,63895,2
48750,141054,3
48750,6014,4
48750,3581,5
48750,24464,6
20927,2224,0
20927,31140,1
20927,21063,2
20927,16851,3
20927,4890,4
20927,10386,5
20927,9572,6
36929,8872,0
36929,74036,1
36929,105962,2
36929,10556,3
36929,4175,4
36929,87003,5
36929,27726,6
9102,27811,0
9102,56978,1
9102,56977,2
9102,56979,3
9102,25689,4
9102,1229549,5
9102,30617,6
124626,938895,0
124626,109142,1
124626,582020,2
124626,14397,3
124626,152,4
124626,7491,5
124626,46392,6
27526,514,0
27526,52,1
27526,5657,2
27526,32,3
27526,6721,4
27526,1272,5
27526,23648,6
9623,3416,0
9623,7447,1
9623,24045,2
9623,8256,3
9623,4691,4
9623,32225,5
9623,15183,6
46785,1034640,0
46785,1034642,1
46785,1034643,2
46785,1387299,3
46785,1387300,4
46785,5083195,5
46785,5083197,6
400,1271,0
400,1062,1
400,4520,2
400,5502,3
400,4515,4
400,5251,5
400,884,6
880,13506,0
880,13507,1
880,13508,2
880,13509,3
880,87865,4
880,13510,5
880,13512,6
146599,19739,0
146599,119598,1
146599,157439,2
146599,53918,3
146599,54800,4
146599,10939,5
146599,6542,6
188588,990400,0
188588,22137,1
188588,175081,3
188588,24368,4
188588,109470,5
188588,59204,6
188588,6832,7
8447,40900,0
8447,5470,1
8447,14326,2
8447,55037,3
8447,35862,4
8447,30320,5
8447,25658,6
10534,1229,0
10534,6692,1
10534,47879,2
10534,24965,3
10534,23958,4
10534,11864,5
10534,153862,6
17414,2942040,0
17414,1206,1
17414,6450,2
17414,4757,3
17414,171373,4
17414,5129,5
17414,13243,6
13997,58198,0
13997,60950,1
13997,21561,2
13997,2048,3
13997,26999,4
13997,14888,5
13997,20196,6
2086,85,0
2086,21365,1
2086,17764,2
2086,4690,3
2086,21366,4
2086,21368,5
2086,21369,6
61548,12261,0
61548,9030,1
61548,16476,2
61548,8975,3
61548,11867,4
61548,233294,5
9095,1204,0
9095,6949,1
9095,47722,2
9095,5658,3
9095,515,4
9095,1229735,5
9095,3968,6
12158,9780,0
12158,776,1
12158,32486,2
12158,66554,3
12158,56902,4
12158,47458,5
12158,593,6
9283,16327,0
9283,2876,1
9283,11315,2
9283,49425,3
9283,34485,4
9283,139,5
9283,23931,6
9208,8891,0
9208,2224,1
9208,20767,2
9208,18792,3
9208,11805,4
9208,4029,5
9208,126418,6
40154,17483,0
40154,29859,1
40154,13637,2
40154,32357,3
40154,53328,4
40154,9139,5
40154,26860,6
406,1925,0
406,5418,1
406,5419,2
406,5420,3
406,5422,4
406,5423,5
406,5424,6
45549,41381,0
45549,9642,1
45549,28848,2
45549,30087,3
45549,48,4
45549,19995,5
45549,378,6
63076,92032,1
63076,1144665,2
63076,74954,4
63076,42545,5
63076,550826,6
63076,2556671,7
63076,2556679,8
11062,1158,0
11062,3036,1
11062,2233,2
11062,1004,3
11062,2641,4
11062,19839,5
11062,106179,6
13685,36422,0
13685,887,1
13685,52797,2
13685,74940,3
13685,3085,4
13685,71555,5
13685,2674324,6
47475,14,0
47475,8984,1
47475,3234,2
47475,923,3
47475,23709,4
47475,77331,5
47475,128621,6
2045,11477,0
2045,9625,1
2045,9979,2
2045,4443,3
2045,19839,4
2045,14595,5
2045,8335,6
9614,19292,0
9614,4443,1
9614,31171,2
9614,11794,3
9614,1101,4
9614,20818,5
9614,53684,6
688,5064,0
688,190,1
688,6907,2
688,10379,3
688,10380,4
688,10381,5
688,10382,6
11907,22686,0
11907,70887,1
11907,70888,2
11907,9931,3
11907,1084,4
11907,34297,5
11907,24110,6
10874,13472,0
10874,9188,1
10874,12094,2
10874,19996,3
10874,64181,4
10874,64180,5
10874,68455,6
89333,937034,0
89333,937035,1
89333,103057,2
89333,50841,3
89333,3664,4
89333,937036,5
89333,937037,6
96357,10361,0
96357,1112607,1
96357,36197,2
96357,4944,3
96357,56930,4
96357,10691,6
96357,1916,7
197,2461,0
197,2462,1
197,1957,2
197,2463,3
197,2464,4
197,2039,5
197,2465,6
103,380,0
103,1038,1
103,1036,2
103,1037,3
103,1039,4
103,1040,5
103,13,6
33542,18897,0
33542,44917,1
33542,10875,2
33542,44922,3
33542,21264,5
33542,44921,6
33542,1277939,7
43566,5064,0
43566,3896,1
43566,820,2
43566,121955,3
43566,658,4
43566,1473,5
43566,11512,6
71754,1283,0
71754,19901,1
71754,198287,2
71754,18794,3
71754,6074,4
71754,563767,5
71754,96675,6
43612,12270,0
43612,30641,1
43612,20851,2
43612,2744,3
43612,77929,4
43612,35911,5
43612,342254,6
51352,11181,0
51352,515,1
51352,1526760,3
16934,5312,0
16934,77637,1
16934,53367,2
16934,81024,3
16934,10729,4
16934,46427,5
16934,7321,6
10324,520,0
10324,68185,1
10324,7399,2
10324,5590,3
10324,8986,4
10324,31512,5
10324,1245,6
78406,1271,0
78406,1903,1
78406,10768,2
78406,532,3
78406,18316,4
78406,28010,5
78406,34597,6
55731,4587,0
55731,1893,1
55731,13446,2
55731,18324,3
55731,17770,4
55731,171522,5
55731,239979,6
32119,15319,0
32119,198643,1
32119,1195879,2
32119,946161,3
32119,1828572,4
32119,1288291,5
32119,1474736,6
11066,776,0
11066,59153,1
11066,4587,2
11066,58563,3
11066,10661,4
11066,78029,5
11066,10225,6
11104,56830,0
11104,43661,1
11104,1337,2
11104,12671,3
11104,119875,4
11104,1407506,7
11104,4015733,8
37975,2166,0
37975,258039,1
37975,592480,2
37975,14151,3
37975,119992,4
37975,652000,5
37975,240914,6
2074,7399,0
2074,4687,1
2074,4939,2
2074,21277,3
2074,18364,4
2074,21278,5
2074,10437,6
27793,18259,0
27793,57236,1
27793,70851,2
27793,95645,3
27793,12517,4
27793,13364,5
27793,663,6
44284,226438,0
44284,1311664,2
44284,1311669,3
44284,1914677,4
44284,1311671,5
44284,1311672,6
44284,1311673,7
290157,1435458,0
110972,2694,0
110972,8256,1
110972,1230,2
110972,77133,3
110972,4003,4
110972,20899,5
110972,39568,6
32622,143151,0
32622,196180,1
32622,3711,2
32622,87707,3
32622,1590957,4
32622,22461,5
32622,156591,6
73067,2876,0
73067,567972,1
73067,5168,2
73067,57298,3
73067,140230,4
73067,17024,5
73067,72466,6
11863,16560,0
11863,9625,1
11863,9046,2
11863,16554,3
11863,2712,4
11863,2517,5
11863,2892921,6
55475,222473,0
55475,222477,1
55475,71839,2
55475,222474,3
55475,1809293,4
55475,1845273,5
55475,1866867,6
124636,1650801,0
124636,1292738,1
124636,1292739,2
124636,1292740,3
124636,1650802,4
124636,16418,5
124636,1650803,6
9101,7090,0
9101,34485,1
9101,60949,2
9101,5048,3
9101,6905,4
9101,3905,5
9101,9626,6
123360,3830,0
123360,54782,1
5757,45386,1
5757,45387,2
5757,45388,3
5757,45389,4
5757,45390,5
5757,45391,6
5757,45392,7
39428,93396,0
39428,3272,1
39428,4800,2
39428,2958,3
39428,5724,4
39428,43992,5
39428,3358057,6
124639,150012,0
124639,11851,1
124639,2453065,2
124639,998636,3
9302,4135,0
9302,1160,1
9302,8893,2
9302,3266,3
9302,18794,4
9302,2683,5
9302,8986,6
11000,2157,0
11000,193,1
11000,78729,2
11000,1902,3
11000,5346,4
11000,49148,5
11000,5587,6
525153,1408,0
525153,1137820,1
525153,144972,2
525153,591277,3
525153,2239204,4
249882,8349,0
249882,13919,1
249882,14990,2
249882,925,3
249882,14102,4
249882,105086,5
249882,6637,6
16388,12833,0
16388,69298,1
16388,86310,2
16388,86313,3
16388,86309,4
16388,86308,5
16388,21398,6
9737,2888,0
9737,78029,1
9737,4939,2
9737,10698,3
9737,532,4
9737,4604,5
9737,19838,6
30765,32747,0
30765,108210,1
30765,108211,2
30765,108212,3
30765,108213,4
30765,2650298,5
30765,1181794,6
10474,6193,0
10474,13240,1
10474,65395,2
10474,11478,3
10474,186526,4
10474,8874,5
10474,9257,6
22279,4566,0
22279,3291,1
22279,95789,2
22279,2629,3
22279,22109,4
22279,55643,5
22279,47754,6
30157,17882,0
30157,42993,1
30157,17257,2
30157,109144,3
30157,171574,4
30157,122241,5
30157,188244,6
568,31,0
568,2053,1
568,4724,2
568,33,3
568,228,4
568,8183,5
568,7219,6
11780,3896,0
11780,4431,1
11780,5049,2
11780,3129,3
11780,7036,4
11780,1248,5
11780,973,6
34996,3127,0
34996,4690,1
34996,18750,2
34996,36190,3
34996,3137,4
34996,59568,5
34996,49824,6
414,5576,0
414,2176,1
414,206,2
414,2227,3
414,5577,4
414,3796,5
414,3798,6
649,50,0
649,9762,1
649,3784,2
649,9763,3
649,17577,4
649,9765,5
649,9766,6
1873,4687,0
1873,19668,1
1873,3910,2
1873,8978,3
1873,19669,4
1873,19670,5
1873,10379,6
5894,1037,0
5894,46394,1
5894,2561,2
5894,46393,3
5894,4808,4
5894,15440,5
5894,10963,6
1775,7180,0
1775,21278,1
1775,24203,2
1775,7166,3
1775,9626,4
1775,18916,5
1775,5502,6
20649,1037,0
20649,1241,1
20649,18792,2
20649,327,3
20649,21353,4
20649,65827,5
20649,98887,6
10329,350,0
10329,21043,1
10329,8874,2
10329,13472,3
10329,31511,4
10329,10671,5
10329,95747,6
8963,5292,0
8963,193,1
8963,13525,2
8963,10477,3
8963,110,4
8963,4691,5
8963,27448,6
26564,73033,0
26564,95663,1
26564,1369235,2
26564,1369236,3
26564,1250528,4
26564,1885865,5
26564,4223940,6
8068,3131,0
8068,3136,1
8068,22462,2
8068,884,3
8068,11159,4
8068,115874,5
8068,53763,7
8512,5292,0
8512,3197,1
8512,3130,2
8512,1896,3
8512,7868,4
8512,11067,5
8512,35038,6
1572,62,0
1572,2231,1
1572,16940,2
1572,17351,3
1572,6804,4
1572,141747,5
1572,91421,6
13552,16850,0
13552,1582,1
13552,51670,2
13552,157847,3
13552,61632,4
13552,1214186,5
13552,11152,6
259209,6368,0
259209,22169,1
259209,9138,2
259209,17648,3
259209,21343,4
259209,1232075,5
259209,16700,6
6520,738,0
6520,1205,1
6520,15887,2
6520,29068,3
6520,15498,4
6520,34720,5
6520,52375,6
9073,18259,0
9073,147,1
9073,18261,2
9073,18260,3
9073,8184,4
9073,17918,5
9073,34,6
10428,9012,0
10428,11701,1
10428,26457,2
10428,17772,3
10428,28863,4
10428,65141,5
10428,26473,6
17447,6106,0
17447,2387,1
17447,42722,2
17447,180422,3
17447,78729,4
17447,10205,5
17447,3019,6
9886,6384,0
9886,2133,1
9886,21411,3
9886,16644,4
9886,538687,5
9886,9290,6
9886,23378,7
9482,16483,0
9482,2882,1
9482,23346,2
9482,60949,3
9482,920,4
9482,2201,5
9482,64102,6
19326,64998,0
19326,13445,1
19326,2283,2
19326,1535,3
19326,3093,4
19326,16119,5
19326,6396,6
9344,57387,0
9344,57389,1
9344,2838,2
9344,5916,3
9344,2102585,4
9344,2490488,5
9344,1658247,6
9071,884,0
9071,2229,1
9071,20212,2
9071,82220,3
9071,6474,4
9071,22970,5
9071,171672,6
8973,2154,0
8973,18916,1
8973,10696,2
8973,156136,3
8973,1473,4
8973,8214,5
8973,56440,6
15730,13638,0
15730,73296,1
15730,78685,2
15730,18658,3
15730,78686,4
15730,5940,5
15730,3720,6
47608,5577,0
47608,69597,1
47608,26457,2
47608,175540,3
47608,162949,4
47608,11148,5
47608,8693,6
2293,11662,0
2293,23646,1
2293,19144,2
2293,4174,3
2293,880,4
2293,16484,5
2293,23647,6
9070,536099,0
9070,50096,1
9070,56897,2
9070,50098,3
9070,56895,4
9070,56896,5
9070,1215855,6
68274,20,0
68274,12052,1
68274,3391,2
68274,2395,3
68274,32362,4
68274,104799,5
68274,1217865,6
48787,545828,0
48787,102754,1
48787,88519,2
48787,550752,3
48787,1281840,4
48787,12248,5
48787,47434,6
34574,17257,0
34574,2179,1
34574,1936113,2
34574,42993,3
34574,8949,4
34574,27176,5
34574,15440,6
1642,18277,0
1642,18325,1
1642,18326,2
1642,18327,3
1642,6930,4
1642,18328,5
1642,1472,6
11472,3291,0
11472,1231,1
11472,74036,2
11472,3234,3
11472,4785,4
11472,2157,5
11472,149209,6
36196,7489,0
36196,8695,1
36196,23626,2
36196,2833707,3
36196,176628,4
36196,1244266,5
36196,56694,6
11980,4690,0
11980,13550,1
11980,12519,2
11980,7036,3
11980,110,4
11980,99,5
11980,2598164,6
58372,12021,0
58372,349,1
58372,18248,2
58372,3417,3
58372,10822,4
58372,44830,5
58372,39015,6
32646,1231,0
32646,3982,1
32646,54246,2
32646,6474,3
32646,14329,4
32646,1397377,5
32646,1397378,6
10533,3416,0
10533,64,1
10533,3087,2
10533,65543,3
10533,3545,4
10533,10360,5
10533,4002,6
56088,103902,0
56088,16450,1
56088,19767,2
56088,2041,3
56088,153997,4
56088,5384,5
56088,107129,6
10802,19189,0
10802,6677,1
10802,11150,2
10802,2683,3
10802,2055,4
10802,105626,5
10802,77279,6
10149,1037,0
10149,227,1
10149,8893,2
10149,6195,3
10149,2178,4
10149,4808,5
10149,10963,6
18402,1204,0
18402,6065,1
18402,3087,2
18402,4800,3
18402,26467,4
18402,16841,5
18402,1459064,6
9348,57395,0
9348,2282,1
9348,147,2
9348,19838,3
9348,658,4
9348,2178,5
9348,1812,6
139408,3087,0
139408,18992,1
139408,3713,2
139408,6197,3
139408,78717,4
139408,1387330,5
139408,1274513,6
281,5469,0
281,9780,1
281,3196,2
281,3197,3
281,7486,4
281,7132,5
281,2683,6
5967,50,0
5967,5476,1
5967,28608,2
5967,46935,3
5967,46936,4
5967,46937,5
5967,18767,6
79593,589,0
79593,30613,1
79593,20005,2
79593,147119,3
79593,1236832,4
79593,44621,5
79593,31391,6
47939,723,0
47939,1161,1
47939,4787,2
47939,1542806,3
47939,24535,4
47939,6067,5
47939,38085,6
36834,6193,0
36834,11207,1
36834,40938,2
36834,19068,3
36834,150916,4
36834,1163055,5
36834,46274,6
9090,723,0
9090,10814,1
9090,5723,2
9090,8893,3
9090,10401,4
9090,3229,5
9090,52474,6
3512,23880,0
3512,10866,1
3512,25541,2
3512,9779,3
3512,5616,4
3512,32290,5
3512,11803,6
52856,1533,0
52856,1241,1
52856,50807,2
52856,7868,3
52856,1238944,4
52856,49422,5
52856,1989,6
77350,56696,0
77350,3664,1
77350,56367,2
77350,533007,4
77350,588627,5
77350,33665,6
77350,70243,7
9560,6384,0
9560,37946,1
9560,5401,2
9560,7353,3
9560,1194312,4
9560,23959,5
9560,3753,6
9804,1269,0
9804,2778,1
9804,10478,2
9804,53930,3
9804,49832,4
9804,151943,5
9804,2169,6
31611,8891,0
31611,33162,1
31611,6473,2
31611,13307,3
31611,19453,4
31611,16479,5
31611,35111,6
65796,1229,0
65796,6913,1
65796,5049,2
65796,2882,3
65796,30613,4
65796,15234,5
65796,18979,6
49805,3926,0
49805,21245,1
49805,8654,2
49805,6104,3
49805,5658,4
49805,68014,5
49805,38941,6
26258,11511,0
26258,4253,1
26258,1274,2
26258,43366,3
26258,16293,4
26258,43772,5
26258,31170,6
50797,82795,1
50797,14593,2
50797,99311,3
50797,500625,4
50797,17482,5
50797,240540,6
50797,240563,7
19155,1641,0
19155,1118,1
19155,136170,2
19155,113758,3
19155,17787,4
19155,1372190,5
19155,47589,6
76,569,0
76,1146,1
76,571,2
76,572,3
76,573,4
76,574,5
76,146859,6
11017,19292,0
11017,11367,1
11017,33489,2
11017,20751,3
11017,7333,4
11017,77075,5
11017,188694,6
37141,5588,0
37141,23646,1
37141,22131,2
37141,18070,3
37141,23975,4
37141,18364,5
37141,108210,6
9382,2395,0
9382,18248,1
9382,69597,2
9382,10297,3
9382,1736,4
9382,39112,5
9382,20974,6
6715,4787,0
6715,51214,1
6715,18750,2
6715,2958,3
6715,52374,4
6715,18070,5
6715,51215,6
18256,27993,0
18256,27995,1
18256,80291,2
18256,105645,3
18256,27279,4
18256,136813,5
18256,72246,6
22625,5577,0
22625,6613,1
22625,89021,2
22625,9825,3
22625,10697,4
22625,5472,5
22625,49735,6
2292,23629,0
2292,23630,1
2292,23631,2
2292,23632,3
2292,19302,4
2292,23634,8
2292,3801953,9
1909,85,0
1909,3084,1
1909,6450,2
1909,19888,3
1909,19889,4
1909,10768,5
1909,10680,6
8984,3392,0
8984,3416,1
8984,55636,2
8984,19152,3
8984,56485,4
8984,21366,5
8984,6692,6
61813,14326,0
61813,21089,1
61813,37041,2
61813,1743,3
61813,29446,4
61813,52288,5
61813,63791,6
4954,10814,0
4954,2048,1
4954,20759,2
4954,2169,3
4954,21563,4
4954,40258,5
4954,29383,6
62488,32597,0
62488,18331,1
62488,26485,3
62488,6474,4
62488,20217,5
62488,212,6
62488,6396,7
10531,10205,0
10531,2282,1
10531,14344,2
10531,65537,3
10531,65538,4
10531,65539,5
10531,1402413,7
11929,8534,0
11929,10431,1
11929,33448,2
11929,290,3
11929,11064,4
11929,10866,5
11929,4764,6
8467,206,0
8467,8447,1
8467,34485,2
8467,8437,3
8467,7867,4
8467,76131,5
8467,5170,6
10451,1623,0
10451,65354,1
10451,65353,2
10451,65352,3
10451,26739,4
10451,57057,5
10451,57054,6
20156,21089,0
20156,18658,1
20156,20173,2
20156,98,3
20156,8536,4
20156,58805,5
20156,123320,6
18395,65002,0
18395,24589,1
18395,12929,2
18395,707,3
18395,1210,4
18395,14344,5
18395,2124,6
522,85,0
522,2641,1
522,520,2
522,4687,3
522,4004,4
522,3173,5
522,7132,6
397,5344,0
397,8945,1
397,16327,2
397,1003,3
397,33161,5
397,20018,6
397,23647,7
10525,7904,0
10525,26513,1
10525,3266,2
10525,65528,3
10525,15416,4
10525,199,5
10525,34691,6
27985,13920,0
27985,17772,1
27985,52374,2
27985,19453,3
27985,48464,4
27985,1075022,5
27985,975639,6
15789,84213,0
15789,61983,1
15789,43125,2
15789,12077,3
15789,93663,4
15789,265863,6
15789,51750,7
27303,4785,0
27303,77133,1
27303,5588,2
27303,23958,3
27303,658,4
27303,13312,5
27303,6074,6
21183,8654,0
21183,18331,1
21183,7036,2
21183,85313,3
21183,2372,4
21183,4253,5
21183,8854,6
10954,16240,0
10954,27392,1
10954,39195,2
10954,1924,3
10954,25838,4
10954,15481,5
10954,72090,6
47867,571332,0
47867,1932602,1
47867,1932603,2
47867,174125,3
47867,198415,4
47867,1932604,5
47867,1351003,6
43475,44676,0
43475,4642184,3
43475,4642190,4
43475,4642188,5
43475,2083674,6
43475,4642192,7
72031,66101,0
72031,15309,1
72031,9778,2
72031,58813,3
72031,10939,4
72031,12312,5
72031,827,6
14275,134119,0
14275,134120,1
14275,3954832,2
14275,1224931,4
14275,1222350,5
14275,1225387,7
1024,15091,0
1024,204,1
1024,15092,2
1024,15094,3
1024,5475,4
1024,15093,5
1024,173451,6
17207,57119,0
17207,14104,1
17207,4004,2
17207,387,3
17207,16936,4
17207,13644,5
17207,85142,6
13701,64,0
13701,1924,1
13701,6588,2
13701,55851,3
13701,23797,4
13701,6199,5
13701,22,6
14819,77338,0
14819,77337,1
14819,147499,2
14819,112300,3
14819,156485,4
14819,77330,6
14819,11659,7
32631,38559,0
32631,11389,1
32631,6720,2
32631,81108,3
32631,80607,4
32631,19589,5
32631,84656,6
11777,504,0
11777,5344,1
11777,6837,2
11777,23708,3
11777,20626,5
11777,11275,6
11777,4252,7
628,500,0
628,287,1
628,3131,2
628,2224,3
628,9029,4
628,205,5
628,9031,6
87729,1733,0
87729,21245,1
87729,9030,2
87729,12052,3
87729,18766,4
87729,4001,5
87729,41688,6
18713,77761,0
18713,1903,2
18713,21282,3
18713,47774,4
18713,53584,5
18713,11484,6
18713,12208,7
6280,1100,0
6280,518,1
6280,7056,2
6280,8924,3
6280,14699,4
6280,106791,5
6280,19151,6
9061,738,0
9061,2975,1
9061,56871,2
9061,689,3
9061,15532,4
9061,1245,5
9061,228,6
37108,21403,0
37108,14324,1
37108,10672,2
37108,8784,3
37108,204,4
37108,24618,5
37108,1831684,6
6071,16560,0
6071,2963,1
6071,2231,2
6071,9994,3
6071,49824,4
6071,2283,5
6071,4688,6
11,2,0
11,3,1
11,4,2
11,5,3
11,12248,4
11,6,5
11,130,6
9587,1920,0
9587,17187,1
9587,20767,2
9587,205,3
9587,6194,4
9587,3894,5
9587,4038,6
19101,84093,0
19101,45453,1
19101,15498,2
19101,34407,3
19101,4938,4
19101,26293,5
19101,38670,6
49980,110077,0
49980,195410,1
49980,1168012,2
49980,1168013,3
49980,5538,4
49980,1147904,5
49980,1168014,6
17961,4885,0
17961,33161,1
17961,55926,2
17961,20853,3
17961,47336,4
17961,28149,5
17961,25166,6
18183,74940,0
18183,27643,1
18183,1068840,2
18183,148189,3
18183,553167,4
18183,168176,5
18183,976202,6
4476,287,0
4476,4173,1
4476,18992,2
4476,15887,3
4476,9976,4
4476,11068,5
4476,37430,6
11008,22675,0
11008,80987,1
11008,21282,2
11008,11086,3
11008,8354,4
11008,149010,5
11008,204411,6
47504,3129,0
47504,820,1
47504,20005,2
47504,13333,3
47504,925,4
47504,544626,5
47504,12150,6
32325,53764,0
32325,104380,1
32325,16429,2
32325,3999171,3
32325,3999172,4
32325,162524,5
32325,2576905,6
43742,6449,0
43742,516,1
43742,6598,2
43742,52865,3
43742,43476,4
43742,517,5
43742,689,6
28313,4431,0
28313,4587,1
28313,11064,2
28313,9777,3
28313,204122,4
28313,62646,5
28313,2231,6
11318,15788,0
11318,15735,1
11318,65,2
11318,192846,3
11318,18191,4
11318,11278,5
11318,10746,6
3036,380,0
3036,11181,1
3036,3999,2
3036,1283,3
3036,18992,4
3036,65,5
3036,29859,6
40490,54812,0
40490,28768,1
40490,53283,2
40490,66606,3
40490,147491,4
40490,44792,5
40490,4255,6
24070,67773,0
24070,29803,1
24070,12931,2
24070,3196,3
24070,57829,4
24070,19292,5
24070,23626,6
8986,29369,0
8986,228,1
8986,56486,2
8986,56890,3
8986,8256,4
8986,1953,5
8986,6541,6
10510,11717,0
10510,4786,1
10510,32597,2
10510,20,3
10510,22131,4
10510,1736,5
10510,10360,6
17402,520,0
17402,6575,1
17402,3131,2
17402,12021,3
17402,7166,5
17402,12932,6
17402,17832,7
38722,587,0
38722,33181,1
38722,65344,2
38722,16866,3
38722,16429,4
38722,92326,5
38722,89499,6
8438,2224,0
8438,4724,1
8438,64,2
8438,6368,3
8438,3905,4
8438,537,5
8438,1370,6
11593,3636,0
11593,62,1
11593,29369,2
11593,5698,3
11593,21043,4
11593,3201,5
11593,14792,7
1945,1038,0
1945,3896,1
1945,20162,2
1945,20163,3
1945,20164,4
1945,12538,5
1945,4654,6
39310,122712,0
39310,18272,1
39310,1187,2
39310,49002,3
39310,42296,4
39310,18795,5
39310,90776,6
109560,74195,0
109560,23920,1
109560,23931,2
109560,26783,3
109560,43773,4
109560,21385,5
109560,72983,6
56428,51799,0
56428,13918,1
56428,20056,2
56428,148543,3
56428,137952,4
56428,18019,5
56428,219000,6
63105,230665,0
63105,94648,2
63105,94663,3
63105,94656,4
63105,1263308,5
63105,1263309,6
63105,1041315,8
131957,1212,0
131957,80365,1
131957,38085,2
131957,5130,3
131957,26473,4
131957,4870745,5
131957,3753685,6
241,57755,0
241,3196,1
241,3223,2
241,2176,3
241,3197,4
241,3198,5
241,3202,6
9058,3141,0
9058,3223,1
9058,5149,2
9058,22462,3
9058,26473,4
9058,1954,5
9058,61607,6
527,7241,0
527,7242,1
527,7243,2
527,7244,3
527,7245,4
527,7246,5
527,7247,6
6950,4483,0
6950,14343,1
6950,192,2
6950,1979,3
6950,9777,4
6950,55636,5
6950,18352,6
101,1003,0
101,524,1
101,64,2
101,1004,3
101,1005,4
101,1010,5
101,13420,6
63020,3141,0
63020,658,1
63020,5657,2
63020,9046,3
63020,17187,4
63020,1434041,5
63020,84182,6
2307,13021,0
2307,5723,1
2307,23764,2
2307,4250,3
2307,12647,4
2307,23709,5
2307,5170,6
680,8891,0
680,2231,1
680,139,2
680,62,3
680,10182,4
680,1037,5
680,7036,6
41478,66554,0
41478,71913,1
41478,10671,2
41478,24047,3
41478,57773,4
41478,9372,5
41478,131118,6
25296,1623,0
25296,2040625,1
25296,1570978,2
25296,113794,3
25296,1570979,4
25296,1570980,5
25296,1570981,7
40156,3900,0
40156,207,1
40156,18023,2
40156,61840,3
40156,80366,4
40156,47643,5
40156,94741,6
11450,1241,0
11450,52602,1
11450,5469,2
11450,13324,3
11450,19839,4
11450,5587,5
11450,4443,6
30304,16145,0
30304,1333696,1
30304,3134,2
30304,11398,3
30304,7450,4
30304,136380,5
30304,1728269,6
10452,6553,0
10452,6012,1
10452,7037,2
10452,20239,3
10452,31895,4
10452,19068,5
10452,16923,6
12106,4430,0
12106,193,1
12106,934,2
12106,6193,3
12106,2144,4
12106,66288,5
12106,27116,6
161495,2314,0
161495,61962,1
161495,1231,2
161495,9560,3
161495,37422,4
161495,1176067,5
161495,69415,6
3586,5676,0
3586,16757,1
3586,19162,2
3586,326,3
3586,20710,4
3586,9029,5
3586,5682,6
110,1350,0
110,1352,1
110,1354,2
110,1356,3
110,49025,4
110,27983,5
110,73873,6
108,1137,0
108,1138,1
108,1139,2
108,1140,3
108,1141,4
108,1142,5
108,17894,6
109,1145,0
109,1146,1
109,1147,2
109,1148,3
109,1138501,4
109,7119,5
109,1149,6
159185,998494,0
159185,1019795,1
36357,7633,0
36357,1062,1
36357,42206,2
36357,43301,3
36357,110553,4
36357,59197,5
36357,71167,6
92769,4761,0
92769,9274,1
92769,53596,2
92769,1743,3
92769,588,4
92769,995601,5
92769,179270,6
28033,65348,0
28033,1212,1
28033,7132,2
28033,28778,3
28033,1166,4
28033,99407,5
28033,99408,6
22586,3785,0
22586,88946,1
22586,9260,2
22586,58828,3
22586,8930,4
22586,3214,5
22586,88948,6
14334,144523,0
14334,33398,1
14334,96671,2
14334,28743,3
14334,1813030,4
14334,199942,5
14334,1508585,6
2636,16483,0
2636,4430,1
2636,4512,2
2636,522,3
2636,21315,4
2636,26651,5
2636,26652,6
2164,13548,0
2164,6856,1
2164,228173,2
2164,22137,3
2164,22138,4
2164,15441,5
2164,18917,6
11395,12898,0
11395,777,1
11395,19957,2
11395,27564,3
11395,38582,4
11395,92119,5
11395,27862,6
278,504,0
278,192,1
278,4029,2
278,6573,3
278,6574,4
278,6575,5
278,6577,6
9905,3061,0
9905,2040,1
9905,17258,2
9905,25136,3
9905,20056,4
9905,149359,5
9905,3064,6
87078,352,0
87078,25306,1
87078,85500,2
87078,58414,3
87078,98950,4
87078,57353,5
87078,152670,6
12527,64846,0
12527,72642,1
12527,72644,2
12527,72645,3
12527,1809288,4
12527,1199993,6
12527,1378145,7
20306,1979,0
20306,11805,1
20306,41820,2
20306,1121,3
20306,521717,4
20306,4002,5
20306,58491,6
36614,12536,0
36614,934,1
36614,15337,2
36614,96460,3
36614,115713,4
36614,115715,6
36614,115716,7
27993,40009,0
27993,99351,1
27993,36173,2
27993,63208,3
27993,17604,4
27993,99352,5
27993,115786,6
31439,76913,0
31439,643,1
31439,146044,2
31439,548608,3
31439,15170,4
31439,17382,5
31439,1789263,6
9067,15309,0
9067,3489,1
9067,56890,2
9067,21411,3
9067,54865,4
9067,38951,5
9067,9306,6
9059,1954,0
9059,6573,1
9059,9575,2
9059,30485,3
9059,32290,4
9059,102441,5
9059,19159,6
193,2387,0
193,2388,1
193,1213786,2
193,2390,3
193,2391,4
193,2392,5
193,2393,6
25066,15864,0
25066,54423,1
25066,93538,2
25066,1424350,3
25066,61153,4
25066,55270,5
25066,131118,6
46797,5293,0
46797,8436,1
46797,18998,2
46797,49965,3
46797,63611,4
46797,123209,5
46797,47742,6
12122,20006,0
12122,1796,1
12122,57166,2
12122,60650,3
12122,18706,4
12122,2,5
12122,169077,6
11381,58198,0
11381,60950,1
11381,6197,2
11381,63681,3
11381,37995,4
11381,2879,5
11381,707,6
32636,12900,0
32636,1231,1
32636,19511,2
32636,31649,3
32636,57351,4
32636,8792,5
32636,109471,6
36141,8212,0
36141,15675,1
36141,886,2
36141,27858,3
36141,10671,4
36141,15900,5
36141,10409,6
95963,32486,0
95963,62842,1
95963,3977,2
95963,95797,3
95963,182136,4
95963,84208,5
1587,85,0
1587,3196,1
1587,6193,2
1587,2453,3
1587,17768,4
1587,17769,5
1587,8184,6
9271,5292,0
9271,934,1
9271,6473,2
9271,10402,3
9271,4520,4
9271,57093,5
9271,7071,6
2064,18277,0
2064,8984,1
2064,8212,2
2064,1039,3
2064,5251,4
2064,5826,5
2064,21202,6
19855,109,0
19855,1269,1
19855,51544,2
19855,78717,3
19855,85278,4
19855,1527160,5
19855,1527161,6
60855,25540,0
60855,158567,1
60855,158522,2
60855,231844,3
60855,86766,4
60855,540,5
60855,4900035,6
236,3051,0
236,23,1
236,3052,2
236,3053,3
236,3060,4
236,3067,5
236,3072,6
48287,70852,0
48287,131934,1
48287,38581,2
48287,40978,3
48287,2441102,4
48287,1748010,5
48287,112037,6
3049,206,0
3049,14405,1
3049,586,2
3049,31004,3
3049,1223629,4
3049,31005,5
3049,31006,6
2759,1331,0
2759,529,1
2759,28641,2
2759,23,3
2759,1230360,4
2759,1530258,5
2759,126332,6
12635,10822,0
12635,10985,1
12635,6726,2
12635,73180,3
12635,73181,4
12635,31385,5
12635,73182,6
10497,9979,0
10497,8925,1
10497,3291,2
10497,5470,3
10497,78951,4
10497,1402272,5
10497,1402273,6
11382,3036,0
11382,9046,1
11382,1902,2
11382,7906,3
11382,18248,4
11382,30364,5
11382,388,6
9331,3,0
9331,5293,1
9331,22462,2
9331,15319,3
9331,1166,4
9331,15417,5
9331,30488,6
10731,51214,0
10731,4038,1
10731,2176,2
10731,18248,3
10731,57829,4
10731,11367,5
10731,883,6
10464,2395,0
10464,11477,1
10464,53930,2
10464,3234,3
10464,1211,4
10464,15899,5
10464,19957,6
34152,1981,0
34152,18792,1
34152,1737,2
34152,112037,3
34152,112038,4
34152,46396,5
34152,112039,6
9495,57700,0
9495,57701,1
9495,8874,2
9495,7486,3
9495,39126,4
9495,42649,5
9495,3711,6
29973,2176,0
29973,4040,1
29973,12139,2
29973,2141,3
29973,104503,4
29973,2145494,5
29973,1720955,6
888,1230,0
888,20,1
888,8872,2
888,12929,3
888,6677,4
888,4587,5
888,3635,6
13,31,0
13,32,1
13,33,2
13,35,3
13,34,4
13,37821,5
13,204997,6
712,3291,0
712,1533,1
712,5470,2
712,4001,3
712,10726,4
712,10727,5
712,10729,6
16295,4987,0
16295,56128,1
16295,4688,2
16295,6161,3
16295,9778,4
16295,81373,5
16295,77897,6
48992,141610,0
48992,288,1
48992,1381482,2
48992,91034,3
48992,1381484,4
48992,58647,5
48992,92774,6
10879,1733,0
10879,1204,1
10879,3712,2
10879,8986,3
10879,1162,4
10879,53924,5
10879,3019,6
10660,2963,0
10660,2233,1
10660,4810,2
10660,17859,3
10660,6542,4
10660,2813365,5
10660,5950,6
10714,58319,0
10714,2130,1
10714,17286,2
10714,4783,3
10714,8930,4
10714,973,5
10714,25079,6
41647,1144713,2
41647,1050751,4
41647,10142,5
8587,4756,0
8587,20005,1
8587,78729,2
8587,69415,3
8587,15152,4
8587,16940,5
8587,8294,6
1689,6384,0
1689,2233,1
1689,6591,2
1689,11394,3
1689,540487,4
1689,357312,5
1689,582125,6
11596,5141,0
11596,5139,1
11596,8186,2
11596,166594,4
11596,12547,5
11596,1212018,6
11596,11163,7
854,206,0
854,20899,1
854,11803,2
854,1219,3
854,53402,4
854,53403,5
854,53400,6
9359,2461,0
9359,1038,1
9359,16896,2
9359,6804,3
9359,658,4
9359,5563,5
9359,6463,6
23333,10431,0
23333,55152,1
23333,4756,2
23333,8212,3
23333,3130,4
23333,37041,5
23333,12900,6
36593,7633,0
36593,12949,1
36593,12950,2
36593,12951,3
36593,10430,4
36593,7210,5
36593,115654,6
12280,2232,0
12280,3087,1
12280,515,2
12280,3141,3
12280,1811,4
12280,1206,5
12280,11514,6
2788,1920,0
2788,569,1
2788,21197,2
2788,18324,3
2788,7399,4
2788,12967,5
2788,28101,6
10427,2963,0
10427,2778,1
10427,6684,2
10427,22131,3
10427,17396,4
10427,2550,5
10427,20309,6
11011,11510,0
11011,14101,1
11011,52995,2
11011,4003,3
11011,8537,4
11011,952664,5
11011,218589,6
49803,4038,0
49803,9880,1
49803,2692,2
49803,6408,3
49803,52474,4
49803,4726,5
49803,35598,6
8987,5064,0
8987,11064,1
8987,4724,2
8987,4764,3
8987,4787,4
8987,4589,5
8987,131725,6
1637,6384,0
1637,2778,1
1637,18277,2
1637,3977,3
1637,8447,4
1637,2394,5
1637,2683,6
15128,2232,0
15128,16935,1
15128,7673,2
15128,20006,3
15128,8874,4
15128,1270,5
15128,2886,6
8831,15111,0
8831,29091,1
8831,21399,2
8831,14888,3
8831,21369,4
8831,61543,5
8831,116047,6
36955,1100,0
36955,8944,1
36955,74036,2
36955,2053,3
36955,13445,4
36955,10672,5
36955,13446,6
10449,1271,0
10449,5344,1
10449,53930,2
10449,1233,3
10449,52404,4
10449,9560,5
10449,35370,6
10395,514,0
10395,1160,1
10395,13548,2
10395,18794,3
10395,28633,4
10395,290,5
10395,20300,6
12160,1269,0
12160,6065,1
12160,193,2
12160,7219,3
12160,57251,4
12160,20495,5
12160,59662,6
40480,2975,0
40480,6913,1
40480,8924,2
40480,87118,3
40480,28010,4
40480,22111,5
40480,14226,6
52038,3926,0
52038,18345,1
52038,5658,2
52038,47615,3
52038,17328,4
52038,8979,5
52038,1282,6
29444,10822,0
29444,368,1
29444,28410,2
29444,16484,3
29444,59789,4
29444,94974,5
29444,22133,6
26352,35689,0
26352,17764,1
26352,9575,2
26352,53918,3
26352,36218,4
26352,95188,5
26352,48136,6
39953,1332274,0
39953,1332275,1
39953,1332276,2
39953,670394,3
39953,1332277,4
39953,170231,5
39953,27770,6
41580,16927,0
41580,20234,1
41580,28255,2
41580,18177,3
41580,24465,4
41580,24903,5
41580,37920,6
315,4592,0
315,4593,1
315,4594,2
315,4595,3
315,4596,4
315,4597,5
315,4598,6
22067,32486,0
22067,9575,1
22067,71913,2
22067,62842,3
22067,80622,4
22067,55274,5
22067,98298,6
18242,138939,0
18242,138940,1
18242,47098,3
11667,15111,0
11667,27888,1
11667,12207,2
11667,57748,3
11667,58646,4
11667,21702,5
11667,52366,6
32502,19143,0
32502,70696,1
32502,21197,2
32502,1162,3
32502,20899,4
32502,2694,5
32502,78102,6
267188,69122,0
267188,1240,2
267188,6465,3
267188,12538,4
267188,1314585,5
267188,107048,6
267188,3878022,7
28732,9045,0
28732,6726,1
28732,52474,2
28732,15234,3
28732,53814,4
28732,11797,5
28732,37425,6
75555,69651,0
75555,101282,1
75555,98608,2
75555,3337,3
75555,92843,4
75555,42145,5
75555,392047,6
42981,2122757,5
278939,23764,0
278939,18687,1
278939,4250,2
278939,4971,3
278939,21523,4
278939,26483,5
278939,152638,6
291731,10401,0
291731,11805,1
291731,6726,2
291731,8540,3
291731,52374,4
291731,1151637,5
291731,1219832,6
226229,587,0
226229,586,1
226229,121139,2
226229,173810,3
226229,3247579,5
226229,55672,6
226229,1906081,7
203119,4040,1
203119,2886,2
203119,8229,3
203119,10130,4
203119,11396,5
203119,1351508,6
203119,1484711,7
172923,7370,0
172923,7372,1
172923,224507,2
172923,47885,3
172923,70364,4
172923,1011148,5
172923,69865,6
2654,4783,0
2654,27584,1
2654,920,2
2654,2076,3
2654,5589,4
2654,10939,5
2654,6916,6
18069,8395,0
18069,9045,1
18069,227548,2
18069,162945,3
18069,8986,4
18069,44831,5
18069,57251,6
19092,84077,0
19092,54422,1
19092,1897,2
19092,9562,3
19092,12974,4
19092,65829,5
19092,18313,6
46094,4724,0
46094,134763,1
46094,134764,2
46094,134766,3
46094,17646,4
46094,134768,5
46094,134769,6
9409,3037,0
9409,2880,1
9409,12929,2
9409,1117,3
9409,15860,4
9409,14702,5
9409,57418,6
11853,289,0
11853,31140,1
11853,1533,2
11853,69597,3
11853,785,4
11853,6474,5
11853,1162,6
16771,4944,0
16771,78190,1
16771,65058,2
16771,23931,3
16771,16950,4
16771,1557398,5
16771,45555,6
46924,2157,0
46924,9207,1
46924,137780,2
46924,137781,3
46924,18023,4
46924,137783,5
46924,2220,6
11041,12899,0
11041,5727,1
11041,23764,2
11041,9599,3
11041,10437,4
11041,1063,5
11041,67274,6
306,776,0
306,777,1
306,1210,2
306,17396,3
306,11163,4
306,4602,5
306,4603,6
14522,10697,0
14522,4606698,1
14522,48,2
14522,11207,3
14522,20070,4
14522,47513,5
14522,2629,6
26203,289,0
26203,18992,1
26203,1736,2
26203,54246,3
26203,4943,4
26203,12133,5
26203,94852,6
178,1229,0
178,2176,1
178,2179,2
178,2177,3
178,2178,4
178,2266,5
178,9277,6
19819,1733,0
19819,35806,1
19819,1581,2
19819,18977,3
19819,22131,4
19819,1981,5
19819,1236761,6
57834,4431,0
57834,2176,1
57834,6280,2
57834,44831,3
57834,21412,4
57834,5577,5
57834,14312,6
4722,11067,0
4722,39117,1
4722,5503,2
4722,39115,3
4722,39112,4
4722,39113,5
4722,8655,6
18215,6104,0
18215,6681,1
18215,2053,2
18215,64928,3
18215,112748,4
18215,2115,5
18215,106731,6
1607,380,0
1607,9046,1
1607,17917,2
1607,17918,3
1607,17919,4
1607,17920,5
1607,17921,6
26391,1534,0
26391,22134,1
26391,16433,2
26391,1535,3
26391,591,4
26391,4766,5
26391,4257,6
117553,106435,0
117553,19143,1
117553,3035,2
117553,532,3
117553,52023,4
117553,537,5
117553,1864377,6
6075,1158,0
6075,2228,1
6075,14698,2
6075,5723,3
6075,47769,4
6075,40481,5
6075,8986,6
11310,7904,0
11310,11511,1
11310,16165,2
11310,3785,3
11310,33487,4
11310,3201,5
11310,16555,6
18658,56159,0
18658,3124,1
18658,15152,2
18658,7166,3
18658,5658,4
18658,4776,5
18658,11627,6
9350,16483,0
9350,12074,1
9350,12132,2
9350,51580,3
9350,16937,4
9350,6692,5
9350,12974,6
9612,707,0
9612,58184,1
9612,21731,2
9612,35159,3
9612,1206,4
9612,9259,5
9612,58198,6
2124,62,0
2124,21817,1
2124,2049,2
2124,21818,3
2124,2154,4
2124,1370,5
2124,2714,6
26261,54812,0
26261,3785,1
26261,1902,2
26261,2055,3
26261,94974,4
26261,18259,5
26261,65409,6
19176,57755,0
19176,2628,1
19176,32597,2
19176,8874,3
19176,19838,4
19176,40481,5
19176,84239,6
49299,1037,0
49299,3125,1
49299,785,2
49299,1379575,3
49299,39115,4
49299,2561,5
49299,15537,6
11566,8945,0
11566,10205,1
11566,8924,2
11566,14721,3
11566,10182,4
11566,2282,5
11566,28164,6
9571,52474,0
9571,10297,1
9571,16484,2
9571,51792,3
9571,56934,4
9571,6163,5
9571,6165,6
9739,16483,0
9739,10814,1
9739,18277,2
9739,15788,3
9739,4589,4
9739,60949,5
9739,4029,6
24257,108343,0
24257,2603790,1
34444,139,0
34444,11478,1
34444,23915,2
34444,4301,3
34444,6384,4
34444,5049,5
34444,96922,6
26141,23346,0
26141,6681,1
26141,18794,2
26141,586,3
26141,4443,4
26141,1736,5
26141,40206,6
10997,69637,0
10997,65277,1
10997,643,2
10997,67765,3
10997,109436,4
10997,76913,5
10997,1346210,6
50463,27106,0
50463,4513,1
50463,8984,2
50463,287,3
50463,1211,4
50463,3002,5
50463,3715932,6
10443,1229,0
10443,6588,1
10443,4810,2
10443,3999,3
10443,1241,4
10443,1121,5
10443,77013,6
20239,67893,0
20239,33501,1
20239,51864,3
20239,32649,4
20239,62066,5
20239,541733,6
20239,174966,7
16297,4517,0
16297,18269,1
16297,20005,2
16297,18352,3
16297,52419,4
16297,1612819,6
16297,1612820,7
18551,5344,0
18551,6065,1
18551,3085,2
18551,12052,3
18551,120672,4
18551,157994,5
18551,19870,6
25440,12021,0
25440,23709,1
25440,20162,2
25440,42566,3
25440,388,4
25440,47777,5
25440,20282,6
9024,521,0
9024,5503,1
9024,660,2
9024,56687,3
9024,56688,4
9024,56689,5
9024,56691,7
37233,500,0
37233,10478,1
37233,193,2
37233,11066,3
37233,11067,4
37233,11065,5
37233,228,6
1634,18259,0
1634,2983400,1
1634,15309,2
1634,18260,3
1634,147,4
1634,18261,5
1634,11086,6
13815,75601,0
13815,4808,1
13815,2231,2
13815,10824,3
13815,75602,4
13815,7488,5
13815,10963,6
5503,3,0
5503,2176,1
5503,532,2
5503,1924,3
5503,43774,4
5503,29051,5
5503,43772,6
35588,12261,0
35588,193,1
35588,3087,2
35588,15853,3
35588,1892,4
35588,7853,5
35588,17770,6
2087,7447,0
2087,326,1
2087,147,2
2087,4512,3
2087,52,4
2087,7906,5
2087,21376,6
41579,11510,0
41579,12836,1
41579,21104,2
41579,3712,3
41579,2886,4
41579,5176,5
41579,1210,6
18620,32030,0
18620,1804391,2
18620,1804392,3
18620,1804393,4
18620,2954493,5
18620,1217971,6
18620,2954499,7
41006,27753,0
41006,738,1
41006,12074,2
41006,10168,3
41006,12656,4
41006,20959,5
41006,57096,6
4916,28412,0
4916,25129,1
4916,32747,2
4916,5251,3
4916,13314,4
4916,1242148,5
4916,271933,6
2019,15111,0
2019,16743,1
2019,2714,2
2019,20759,3
2019,20761,4
2019,11065,5
2019,11769,6
31642,8857,0
31642,167166,1
31642,2176,2
31642,8976,3
31642,6720,4
31642,1333976,5
31642,111185,6
9255,6952,0
9255,2177,1
9255,3124,2
9255,16554,3
9255,10730,4
9255,15860,5
9255,32290,6
26271,65002,0
26271,2109,1
26271,65528,2
26271,27260,3
26271,94997,4
26271,46423,5
26271,80292,6
10612,3291,0
10612,47615,1
10612,17782,2
10612,3547,3
10612,10985,4
10612,51879,5
10612,1821241,6
2259,5064,0
2259,515,1
2259,16940,2
2259,1920,3
2259,3131,4
2259,12647,5
2259,2051,6
16097,79320,0
16097,79321,1
16097,141827,2
16097,19265,3
16097,1897,4
16097,141828,5
16097,84331,6
11934,504,0
11934,10431,1
11934,1466,2
11934,3636,3
11934,108717,4
11934,4251,5
11934,8854,6
106143,1733,0
106143,79088,1
106143,13,2
106143,199,3
106143,20810,4
106143,30364,5
106143,1242684,6
12475,64998,0
12475,43120,1
12475,15309,2
12475,58563,3
12475,65344,4
12475,16217,5
12475,44792,6
9386,190,0
9386,6949,1
9386,14343,2
9386,32597,3
9386,21163,4
9386,17874,5
9386,4251,6
7984,11856,0
7984,4935,1
7984,7056,2
7984,28743,3
7984,13328,4
7984,53515,5
7984,42642,6
59930,18291,0
59930,3977,1
59930,80622,2
59930,114674,3
59930,100653,4
59930,88186,5
59930,9779,6
15765,9780,0
15765,2975,1
15765,100653,2
15765,15899,3
15765,19265,4
15765,55755,5
15765,18346,6
31643,4517,0
31643,2224,1
31643,25256,2
31643,37203,3
31643,9785,4
31643,65831,5
31643,21125,6
6,2880,0
6,9777,1
6,5724,2
6,10822,3
6,12799,4
6,11803,5
6,52422,6
329,4783,0
329,4784,1
329,4785,2
329,4786,3
329,4789,4
329,4790,5
329,14592,6
10909,287,0
10909,12640,1
10909,3196,2
10909,41820,3
10909,170074,4
10909,101432,5
10909,1569421,6
507,7036,0
507,1146,1
507,7037,2
507,7038,3
507,7039,4
507,7040,5
507,7041,6
34024,17772,0
34024,1924,1
34024,28950,2
34024,650,3
34024,8978,4
34024,4513,5
34024,2407733,6
29918,4729,0
29918,33488,1
29918,4602,2
29918,1002069,3
29918,8351,4
29918,5605,5
29918,1812,6
9593,1100,0
9593,58119,1
9593,20751,2
9593,1164,3
9593,40176,4
9593,4391,5
9593,1735,6
42580,521,0
42580,61904,1
42580,78729,2
42580,8536,3
42580,38582,4
42580,87255,5
42580,1232,6
22317,57147,0
22317,821,1
22317,9777,2
22317,3798,3
22317,18262,4
22317,1735,5
22317,47096,6
1413,16940,0
1413,11389,1
1413,23378,2
1413,32595,3
1413,32596,4
1413,385,5
1413,5924,6
12121,2395,0
12121,12836,1
12121,2888,2
12121,9781,3
12121,55259,4
12121,7906,5
12121,153578,6
2246,7447,0
2246,2227,1
2246,8984,2
2246,10739,3
2246,862,4
2246,10774,5
2246,8212,6
10502,2461,0
10502,6408,1
10502,60700,2
10502,65409,3
10502,12930,4
10502,18071,5
10502,15416,6
10440,3092,1
10440,24292,2
10440,21278,3
10440,5657,4
10440,8792,5
10440,371587,6
10440,5367,7
9516,57773,0
9516,18291,1
9516,2683,2
9516,9575,3
9516,2231,4
9516,156015,5
9516,156963,6
2320,6856,0
2320,23880,1
2320,4587,2
2320,5723,3
2320,17485,4
2320,3977,5
2320,20277,6
5879,46239,0
5879,21503,1
5879,142535,2
5879,136880,3
5879,310173,4
5879,134619,5
5879,33732,6
83718,135162,0
83718,119232,1
11971,7056,0
11971,11181,1
11971,3967,2
11971,5292,3
11971,2232,4
11971,6384,5
11971,2692,6
2625,1205,0
2625,5313,1
2625,10774,2
2625,27544,3
2625,18792,4
2625,27546,5
2625,27545,6
31911,2876,0
31911,18750,1
31911,18248,2
31911,227,3
31911,7132,4
31911,94974,5
31911,6486,6
788,2157,0
788,35,1
788,8987,2
788,11716,3
788,11717,4
788,517,5
788,10360,6
21450,11207,0
21450,80366,1
21450,1641,2
21450,58090,3
21450,42641,4
21450,17476,5
21450,1125,6
11231,23915,0
11231,448,1
11231,11086,2
11231,20276,3
11231,227199,4
11231,1080062,5
11231,112150,6
41588,27811,0
41588,351,1
41588,5274,2
41588,126981,3
41588,26847,4
41588,59449,5
41588,7039,6
10447,11477,0
10447,2714,1
10447,14344,2
10447,6863,3
10447,18916,4
10447,42570,5
10447,3547,6
31586,109,0
31586,62,1
31586,1206,2
31586,15886,3
31586,16165,4
31586,1903,5
31586,707,6
9300,3063,0
9300,1954,1
9300,38524,2
9300,8937,3
9300,1048672,4
9300,30431,5
9300,57459,6
9559,1269,0
9559,190,1
9559,4784,2
9559,64025,3
9559,11367,4
9559,87957,5
9559,30151,6
9800,31,0
9800,5292,1
9800,4765,2
9800,2453,3
9800,3131,4
9800,32592,5
9800,25626,6
713,18686,0
713,1037,1
713,4783,2
713,10690,3
713,7248,4
713,10756,5
713,7255,6
8291,54421,0
8291,54422,1
8291,9788,2
8291,54423,3
8291,9782,4
8291,40377,5
8291,54424,6
18133,3085,0
18133,4587,1
18133,4987,2
18133,4138,3
18133,56128,4
18133,21132,5
18133,62032,6
25557,55636,0
25557,53574,1
25557,63681,2
25557,65827,3
25557,883,4
25557,32396,5
25557,80874,6
22588,84690,0
22588,31140,1
22588,13726,2
22588,65728,3
22588,591,4
22588,4250,5
22588,21731,6
10872,5724,0
10872,351,1
10872,1979,2
10872,5826,3
10872,76995,4
10872,10361,5
10872,3174,6
1245,4173,0
1245,7056,1
1245,1292,2
1245,20006,3
1245,3291,4
1245,386,5
1245,21343,6
11858,518,0
11858,66804,1
11858,1736,2
11858,42157,3
11858,17917,4
11858,58150,5
11858,66554,6
7007,738,0
7007,10814,1
7007,13445,2
7007,11398,3
7007,1037,4
7007,10134,5
7007,51806,6
10467,4173,0
10467,2233,1
10467,4756,2
10467,3036,3
10467,56159,4
10467,4250,5
10467,17782,6
5550,31512,0
5550,44038,1
5550,9626,2
5550,15198,3
5550,50877,4
5550,30485,5
5550,10134,6
8005,2130,0
8005,6105,1
8005,16407,2
8005,1219,3
8005,4169,4
8005,6542,5
8005,29709,6
2088,64,0
2088,5313,1
2088,18750,2
2088,3196,3
2088,6355,4
2088,2555,5
2088,883,6
10412,934,0
10412,65023,1
10412,28744,2
10412,65024,3
10412,65025,4
10412,3062,5
10412,2529354,6
47889,15852,0
47889,5010,1
47889,127544,2
47889,19488,3
47889,167736,4
47889,1607815,5
47889,1607816,6
14534,1328,0
14534,15277,1
14534,13726,2
14534,3127,3
14534,17764,4
14534,4937,5
14534,76986,6
56583,2047,0
56583,2876,1
56583,3432,2
56583,42133,3
56583,10182,4
56583,27858,5
56583,51546,6
41878,40938,1
41878,256268,2
41878,109516,3
41878,1162582,4
41878,286184,5
41878,18329,7
41878,25344,8
424,3896,0
424,2282,1
424,5469,2
424,6692,3
424,6693,4
424,6368,5
424,6694,6
35233,13,0
35233,18269,1
35233,1902,2
35233,110434,3
35233,65019,4
35233,4688,5
35233,8689,6
14291,85313,0
14291,3266,1
14291,11148,2
14291,2282,3
14291,2975,4
14291,554247,5
14291,41957,6
103413,227,0
103413,1033782,1
103413,34902,2
103413,55643,3
103413,20056,4
103413,10697,5
103413,5049,6
11236,13010,0
11236,68689,1
11236,55468,2
11236,10978,3
11236,1350,4
11236,1215193,5
11236,28743,6
11592,3391,0
11592,8975,1
11592,70233,2
11592,26457,3
11592,77245,4
11592,361969,5
11592,68494,6
8850,7447,0
8850,11389,1
8850,14698,2
8850,1039,3
8850,1327,4
8850,13472,5
8850,13593,6
10445,4173,0
10445,26513,1
10445,3545,2
10445,8937,3
10445,85934,4
10445,22109,5
10445,69032,6
695,1533,0
695,52374,1
695,3151,2
695,504,3
695,1231,4
695,2887,5
695,10437,6
43535,67773,0
43535,5168,1
43535,350,2
43535,11514,3
43535,81395,4
43535,9045,5
43535,941524,6
12519,3291,0
12519,47615,1
12519,4783,2
12519,5590,3
12519,62010,4
12519,100518,5
12519,217137,6
23210,8893,0
23210,2888,1
23210,55636,2
23210,1327,3
23210,54782,4
23210,52374,5
23210,15416,6
858,5344,0
858,31,1
858,12928,2
858,8984,3
858,12929,4
858,12932,5
858,3026,6
867,4430,0
867,13021,1
867,13022,2
867,6416,3
867,13023,4
867,13024,5
867,2641,6
78,3,0
78,585,1
78,586,2
78,587,3
78,588,4
78,589,5
78,590,6
13203,64998,0
13203,17832,1
13203,65019,2
13203,19187,3
13203,74276,4
13203,59945,5
13203,69740,6
10442,12073,0
10442,18331,1
10442,57829,2
10442,99,3
10442,18345,4
10442,148637,5
10442,28164,6
11074,62,0
11074,520,1
11074,1117,2
11074,3197,3
11074,591,4
11074,7866,5
11074,23881,6
9607,382,0
9607,5723,1
9607,2778,2
9607,20767,3
9607,26473,4
9607,6396,5
9607,10981,6
17585,585,0
17585,21411,1
17585,17764,2
17585,11885,3
17585,18687,4
17585,9596,5
17585,2048,6
9057,6952,0
9057,2630,1
9057,4691,2
9057,4443,3
9057,56848,4
9057,135650,5
9057,163013,6
20967,10132,0
20967,1239577,1
20967,1239577,2
20967,1211071,3
20967,1444473,4
20967,1444474,5
20967,201812,6
10635,6684,0
10635,9045,1
10635,2694,2
10635,19578,3
10635,79007,4
10635,119893,5
10635,106986,6
9479,14541,1
9479,11514,2
9479,21282,3
9479,13243,4
9479,5129,5
9479,95758,6
9479,1495928,7
10057,5577,0
10057,2628,1
10057,17485,2
10057,6952,3
10057,13472,4
10057,28412,5
10057,47654,6
11969,6856,0
11969,5576,1
11969,2712,2
11969,6280,3
11969,31512,4
11969,65002,5
11969,16431,6
41590,227,0
41590,12656,1
41590,5168,2
41590,23346,3
41590,8183,4
41590,60700,5
41590,21523,6
319,2224,0
319,4687,1
319,2778,2
319,5576,3
319,64,4
319,287,5
319,4690,6
26408,60093,0
26408,117817,1
26408,1051946,2
26408,175194,3
26408,1051947,4
26408,116341,5
26408,216674,6
15139,11510,0
15139,1062,1
15139,2395,2
15139,2387,3
15139,15831,4
15139,1749,5
15139,42157,6
161158,25834,0
161158,12978,1
161158,166476,2
161158,180683,3
161158,17688,4
161158,1381094,5
218473,17495,0
218473,6473,1
218473,585,2
218473,186526,3
218473,70241,4
218473,3074611,5
218473,1212505,6
85247,57829,0
85247,13920,1
85247,13525,2
85247,1039,3
85247,101905,4
85247,20626,5
85247,32751,6
11446,33656,0
11446,2839,1
11446,11867,2
11446,80541,3
11446,974425,4
11446,80542,5
11446,76764,6
51980,4274,0
51980,2189,1
51980,24540,2
51980,136757,3
51980,70168,4
51980,16927,5
51980,24385,6
24405,13022,0
24405,18687,1
24405,23764,2
24405,1064,3
24405,1219226,4
24405,14333,5
24405,923,6
11655,17094,0
11655,2372,1
11655,39008,2
11655,70364,3
11655,70365,4
11655,148189,5
11655,1603,6
11800,7036,0
11800,18248,1
11800,2877,2
11800,20362,3
11800,3150,4
11800,10669,5
11800,71266,6
8223,54146,0
8223,25256,1
8223,9979,2
8223,25258,3
8223,26661,4
8223,26928,5
8223,34794,6
14587,1238117,0
14587,218402,1
14587,550127,2
14587,2981,3
14587,108462,4
14587,1031118,5
14587,6218,6
31504,33052,0
31504,23881,1
31504,778,2
31504,155492,3
31504,14721,4
31504,21735,5
31504,180610,6
41653,1640,0
41653,68567,1
41653,540617,2
41653,540618,3
41653,56882,4
41653,67989,5
41653,6285,6
53185,477,0
53185,388,1
53185,83910,2
53185,17069,3
53185,1215215,4
53185,189921,5
53185,1760078,6
95743,59153,0
95743,23797,1
95743,82622,2
95743,52995,3
95743,113927,4
95743,17764,5
95743,15567,6
23637,27433,0
23637,1014911,1
23637,4819,2
23637,72786,3
23637,1151165,4
23637,130616,5
23637,1831111,6
17600,4654,0
17600,19958,1
17600,128428,2
17600,54708,3
17600,994104,5
17600,6212,6
17600,164270,7
10897,69395,0
10897,148996,1
10897,67378,2
10897,67379,3
10897,67380,4
10897,67381,5
10897,67382,6
349394,24381,0
349394,1499582,1
349394,37923,2
349394,2496563,3
349394,2417,4
349394,72328,5
349394,545428,6
21352,30613,0
21352,53930,1
21352,87957,2
21352,27008,3
21352,11866,4
21352,198700,5
21352,63791,6
68806,23961,0
68806,27392,1
68806,96974,2
68806,128117,3
68806,119992,4
68806,929443,5
68806,1874281,6
37345,388,0
37345,16171,1
37345,42134,2
37345,8945,3
37345,12074,4
37345,9029,5
37345,12691,6
32562,10437,0
32562,3150,1
32562,4038,2
32562,2395,4
32562,84878,5
32562,4090,6
32562,59208,8
47507,35075,0
47507,5418,1
47507,2406,2
47507,1925,3
47507,2133980,4
47507,146566,5
47507,1347614,6
25403,35104,1
25403,93730,2
25403,93728,3
25403,93729,4
25403,93726,5
25403,93727,6
25403,936480,7
124304,5676,0
124304,1077529,1
124304,1381778,2
124304,74900,3
124304,113365,4
124304,992530,5
124304,74902,6
9066,56881,0
9066,21163,1
9066,15286,2
9066,31468,3
9066,112052,4
9066,1231709,5
9066,116437,6
771,11510,0
771,4517,1
771,11511,2
771,11512,3
771,66288,4
771,11514,5
771,11515,6
251,723,0
251,3416,1
251,2395,2
251,3417,3
251,3418,4
251,3432,5
251,943665,6
812,15827,0
812,2157,1
812,15829,2
812,15830,3
812,15832,4
812,15833,5
812,15831,6
280,1100,0
280,2713,1
280,820,2
280,418,3
280,2716,4
280,3977,5
280,3978,6
581,1269,0
581,1581,1
581,6804,2
581,7853,3
581,7862,4
581,7863,5
581,7866,6
80350,128191,0
80350,44240,1
80350,66055,2
80350,1219474,3
80350,14852,4
80350,62312,5
80350,77150,6
268,2232,0
268,514,1
268,326,2
268,4040,3
268,3798,4
268,3799,5
268,3796,6
274,1038,0
274,4173,1
274,349,2
274,15854,3
274,16293,4
274,31649,5
274,6930,6
408,5460,0
408,288940,1
408,540747,2
408,5457,3
408,5462,4
408,5465,5
408,364526,6
10020,62050,0
10020,15048,1
10020,108055,2
10020,725,3
10020,28010,4
10020,14730,5
10020,170970,6
10895,67371,0
10895,30236,1
10895,985275,2
10895,117073,3
10895,13819,4
10895,33923,5
10895,96053,6
114,1205,0
114,1204,1
114,1208,2
114,1206,3
114,1212,4
114,1210,5
114,747,6
41043,34637,0
41043,107761,1
41043,125341,2
41043,93548,3
41043,582991,4
41043,935426,5
41043,628267,6
576,8252,0
576,7502,1
576,8253,2
576,8257,3
576,8255,4
576,8254,5
576,8258,6
15477,6575,0
15477,9137,1
15477,51792,2
15477,27993,3
15477,8949,5
15477,83145,6
15477,6718,7
59146,228915,0
59146,228916,1
59146,43918,2
59146,228918,3
59146,1163179,4
124472,129781,1
124472,1077068,2
124472,2677253,3
30528,8654,0
30528,1811,1
30528,781,2
30528,21197,3
30528,15851,4
30528,13446,5
30528,70746,6
7300,1160,0
7300,1461,1
7300,52404,2
7300,15789,3
7300,1466,4
7300,13420,6
7300,2956,7
10824,19384,0
10824,47757,1
10824,4041,2
10824,5502,3
10824,66994,4
10824,2454,5
10824,17396,6
261246,4391,0
261246,2296,1
261246,8436,2
261246,41957,3
261246,11135,4
261246,17286,5
261246,175919,6
275,3910,0
275,3905,1
275,884,2
275,53,3
275,3907,4
275,3911,5
275,3906,6
25059,521,0
25059,35,1
25059,8853,2
25059,14416,3
25059,387,4
25059,19546,5
25059,141823,6
11827,70615,0
11827,7180,1
11827,61185,2
11827,59196,3
11827,87461,4
11827,93644,5
11827,26510,6
8766,7039,0
8766,2173,1
8766,73040,2
8766,55957,3
8766,36801,4
8766,55958,5
8766,55959,6
23570,14409,0
23570,12052,1
23570,4688,2
23570,3051,3
23570,10556,4
23570,15424,5
23570,138240,6
47333,227,0
47333,4273,1
47333,23709,2
47333,10690,3
47333,400,4
47333,8226,5
47333,18329,6
54850,95023,0
54850,2462,1
54850,9030,2
54850,1667,3
54850,33395,4
54850,1235853,5
54850,66269,6
51242,37583,0
51242,21234,1
51242,18197,2
51242,143598,3
51242,142132,4
51242,103627,5
51242,69068,6
10112,57329,0
10112,44714,1
10112,34759,2
10112,7077,3
10112,77548,4
10112,951459,5
10112,82779,6
4307,954,0
4307,36277,1
4307,36278,2
4307,25258,3
4307,3482,4
4307,16975,5
4307,36279,6
46029,3131,0
46029,29369,1
46029,589,2
46029,1004,3
46029,3234,4
46029,3265,5
46029,23215,6
32308,14407,0
32308,9295,1
32308,177049,2
32308,1232170,3
32308,168292,4
32308,1219597,5
32308,1672749,6
88893,23734,0
88893,1490206,1
88893,44233,2
88893,36172,3
88893,185422,4
88893,991503,5
88893,23753,6
52873,6012,0
52873,25181,1
52873,50,2
52873,227933,3
52873,20710,4
52873,76093,5
52873,376886,6
123505,28950,0
123505,2283,1
123505,1910,2
123505,1078331,3
123505,19976,4
123505,66712,5
123505,55496,6
44281,1428133,0
44281,1428134,1
44281,1311650,2
44281,1428135,3
44281,1436422,4
44281,1311671,5
44281,3661395,6
28121,16217,0
28121,78029,1
28121,9788,2
28121,56950,3
28121,93279,4
28121,74612,5
28121,15028,6
12520,6941,0
12520,12260,1
12520,49425,2
12520,226651,3
12520,24047,4
12520,1206,5
12520,4496,6
1592,1205,0
1592,350,1
1592,819,2
1592,4251,3
1592,1981,4
1592,3910,5
1592,12646,6
166901,5900,0
166901,54819,1
166901,47640,2
166901,166430,3
166901,1212964,5
166901,4156,6
166901,166807,7
36447,2778,0
36447,27563,1
36447,21412,2
36447,2750,3
36447,2048,4
36447,11066,5
36447,15311,6
19042,6952,0
19042,6844,1
19042,21402,2
19042,109988,3
19042,7502,4
19042,38337,5
19042,10739,6
38884,10985,0
38884,125486,1
38884,9005,2
38884,88750,4
38884,1736978,5
38884,1229174,6
38884,1244441,7
47449,68122,0
47449,535284,1
47449,154386,2
47449,58866,3
47449,23626,4
47449,106791,5
47449,10402,6
36259,2395,0
36259,12647,1
36259,7137,2
36259,4971,3
36259,230,4
36259,59222,5
36259,10556,6
41852,3087,0
41852,15152,1
41852,87118,2
41852,43853,3
41852,6465,4
41852,21848,5
41852,18181,6
40926,1290416,0
40926,82769,1
40926,1087439,3
40926,7489,5
40926,19578,7
40926,2169809,9
40926,2894684,10
9099,67773,0
9099,707,1
9099,14104,2
9099,21104,3
9099,15028,4
9099,2632,5
9099,19505,6
2021,20766,0
2021,20767,1
2021,5309,2
2021,20300,3
2021,20768,4
2021,20769,5
2021,20770,6
61752,4604,0
61752,21353,1
61752,15899,3
61752,5578,4
61752,11486,6
61752,2107237,7
61752,1533848,8
10988,4430,0
10988,6553,1
10988,9046,2
10988,8534,3
10988,8978,4
10988,28778,5
10988,922,6
11479,21177,0
11479,41526,1
11479,69535,2
11479,4274,3
11479,28626,4
11479,585484,5
11479,544397,6
398959,36653,0
398959,38682,1
398959,1667642,2
398959,26498,3
398959,1735548,4
398959,1735549,5
398959,1735550,6
287305,8196,0
287305,43451,1
287305,37477,2
287305,1875,3
287305,5266,4
287305,46163,5
287305,26602,6
339428,45275,0
339428,36691,1
339428,1465293,2
339428,1465294,3
339428,4922,4
339428,44441,5
339428,1465295,6
12652,4885,0
12652,12270,1
12652,73264,2
12652,20118,3
12652,2369,4
12652,48576,5
12652,7037,6
10684,5292,0
10684,5344,1
10684,38560,2
10684,21030,3
10684,1892,4
10684,4689,5
10684,41688,6
954,500,0
954,10127,1
954,4885,2
954,15319,3
954,1003,4
954,10182,5
954,5470,6
68445,68973,0
68445,3127,1
68445,26473,2
68445,96523,3
68445,552032,5
68445,552033,6
68445,1122013,7
18989,32,0
18989,192,1
18989,8893,2
18989,28743,3
18989,18345,4
18989,11855,5
18989,24243,7
10801,23524,0
10801,1844,1
10801,1084,2
10801,5793,3
10801,35264,4
10801,2341,5
10801,31444,6
54285,150127,0
54285,1145025,1
54285,1386703,2
54285,554825,3
54285,1554866,4
54285,4809048,5
54285,3718528,6
8840,6065,0
8840,738,1
8840,11207,2
8840,2133,3
8840,4935,4
8840,11355,5
8840,2719,6
278978,544084,0
278978,681,1
278978,49851,2
278978,1181865,3
278978,2213153,4
278978,1325073,5
278978,68324,6
124625,83437,1
124625,8198,2
124625,1063202,3
124625,36494,4
124625,37070,5
124625,1459462,6
124625,18161,7
11107,2395,0
11107,8924,1
11107,1117,2
11107,28633,3
11107,4494,4
11107,21179,5
11107,42974,6
16417,80524,0
16417,77681,1
16417,147823,2
16417,103582,3
16417,80530,4
16417,80525,5
16417,1267471,6
70934,38665,0
70934,110008,1
70934,152485,2
70934,559922,3
70934,10760,4
70934,12206,5
70934,559923,6
10363,15135,0
10363,39644,1
10363,15395,2
10363,37728,3
10363,13733,4
10363,35958,5
10363,40165,6
161070,4173,0
161070,10655,1
161070,20879,2
161070,189427,3
161070,185826,4
161070,575818,5
161070,134892,6
10539,1652305,0
10539,6199,1
10539,34901,2
10539,4935,3
10539,4001,4
10539,3037,5
10539,52951,6
10543,13240,0
10543,368,1
10543,52267,2
10543,24967,3
10543,15851,4
10543,144129,5
10543,1328752,6
18414,21290,0
18414,73499,1
18414,58955,2
18414,56867,3
18414,78576,4
18414,162747,5
18414,5888,6
47502,38225,0
47502,9046,1
47502,31070,2
47502,42715,4
47502,1384561,5
47502,167578,6
47502,57093,7
11902,48791,0
11902,70874,1
11902,70875,2
11902,70876,3
11902,129215,4
11902,15265,5
11902,4635,6
27098,96935,0
27098,87724,1
27098,56392,2
27098,96936,3
27098,96937,4
27098,96938,5
27098,6001,6
25087,9452,0
25087,23915,1
25087,70254,2
25087,20904,3
25087,1384703,4
25087,702,5
25087,118263,6
5801,13762,0
5801,13763,1
5801,45593,2
5801,45591,3
5801,45592,4
5801,1559031,5
5801,1409834,6
896,13752,0
896,13753,1
896,13755,2
896,13756,3
896,13759,4
896,2674984,5
896,1555072,6
3065,30019,1
3065,30021,3
3065,30023,4
318177,23931,0
318177,140355,1
318177,26457,2
318177,1701137,3
318177,57093,4
318177,131391,5
318177,1194429,6
2300,23678,0
2300,4201,1
2300,4604,2
2300,2657652,3
2300,2657653,4
2300,1219097,5
2300,23681,6
8069,6352,0
8069,29426,1
8069,53768,2
8069,39690,3
8069,20113,4
8069,47137,5
8069,44439,6
288173,13445,0
288173,93350,1
288173,166951,2
288173,147593,3
288173,115874,4
288173,1872784,5
187851,1682222,0
187851,929393,1
187851,103856,2
187851,119897,3
187851,42545,4
187851,1682227,5
187851,222904,6
27768,879,0
27768,21625,1
27768,22131,2
27768,183814,3
27768,8269,4
27768,3914733,5
27768,15011,6
221917,3926,0
221917,35598,1
221917,3315,2
221917,120006,3
221917,1282,4
221917,33395,5
221917,558272,6
8072,19794,0
8072,18197,1
8072,30719,2
8072,1175258,3
8072,38903,5
8072,246358,6
8072,1653,7
35797,24366,0
35797,17882,1
35797,20795,2
35797,19092,3
35797,30641,4
35797,38901,5
35797,18560,6
83857,3094,0
83857,44845,1
83857,830,2
83857,89841,3
83857,557998,4
83857,1462345,5
83857,1462346,6
33245,21315,0
33245,29370,1
33245,30123,2
33245,52374,3
33245,8892,4
33245,54455,5
33245,19797,6
124460,21245,0
124460,17258,1
124460,4783,2
124460,93518,3
124460,14306,5
124460,113558,6
124460,76184,7
27281,2047,0
27281,11477,1
27281,5724,2
27281,12975,3
27281,21563,4
27281,111182,5
27281,10698,6
105045,8790,0
105045,680,1
105045,44637,2
105045,11951,3
105045,10627,4
105045,1865,5
105045,2311,6
40001,4090,0
40001,70233,1
40001,18269,2
40001,30488,3
40001,11628,4
40001,1986,5
40001,13636,6
29621,16214,0
29621,12852,1
29621,6573,2
29621,5874,3
29621,76961,4
29621,104380,5
29621,53765,6
117730,8787,0
117730,2605692,1
117730,1066798,2
117730,4009309,3
117730,1107346,4
117730,1466055,5
117730,4009313,6
20762,13022,0
20762,58650,1
20762,47775,2
20762,4520,3
20762,40481,4
20762,6200,5
20762,8874,6
37144,5588,0
37144,6863,1
37144,5502,2
37144,2234,3
37144,2826345,4
37144,78002,5
37144,80109,6
48260,99,0
48260,13363,1
48260,1412887,2
48260,102980,3
48260,1221971,4
48260,127168,5
48260,201442,6
12656,6384,0
12656,6941,1
12656,7132,2
12656,18792,3
12656,707,4
12656,7621,5
12656,1301279,6
38867,42325,0
38867,36055,1
38867,1048569,2
38867,1048570,3
38867,1048571,4
38867,1048572,5
38867,31164,6
277270,21029,0
277270,47296,1
277270,1661329,2
277270,165802,4
277270,1451901,5
25969,175630,0
25969,8534,1
25969,26999,2
25969,19210,3
25969,233298,4
25969,862,5
25969,16666,6
44103,13514,0
44103,23565,1
44103,140492,2
44103,140493,3
44103,140494,4
44103,140495,5
44103,140496,6
753,3142,0
753,4800,1
753,11140,2
753,11141,3
753,5950,4
753,3014,5
753,11142,6
43634,1920,0
43634,526,1
43634,4764,2
43634,6474,3
43634,22108,4
43634,56934,5
43634,2229,6
9103,15111,0
9103,10222,1
9103,1736,2
9103,10489,3
9103,54649,4
9103,93345,5
9103,74604,6
90214,77335,0
90214,150536,1
90214,3051,2
90214,3052,3
90214,144081,4
90214,27753,5
90214,67837,6
29649,24203,0
29649,59568,1
29649,10556,2
29649,18288,3
29649,74077,4
29649,93538,5
29649,104501,6
10990,1733,0
10990,29369,1
10990,9046,2
10990,147,3
10990,2969,4
10990,4515,5
10990,6161,6
8866,139,0
8866,21197,1
8866,21343,2
8866,134,3
8866,155173,4
8866,157609,5
8866,4171,6
12233,51750,0
12233,71791,1
12233,11159,2
12233,58661,3
12233,24368,4
12233,33613,5
12233,73931,6
23449,22675,0
23449,11511,1
23449,707,2
23449,26009,3
23449,4443,4
23449,925,5
23449,66538,6
36355,109,0
36355,57147,1
36355,783,2
36355,135571,3
36355,27008,4
36355,1388019,5
36355,1249189,6
37667,15887,0
37667,3129,1
37667,5414,2
37667,20056,3
37667,2983,4
37667,992504,5
37667,12982,6
90148,6161,0
90148,3131,1
90148,34027,2
90148,24609,3
90148,1012974,4
90148,71408,5
90148,99115,6
922,85,0
922,15439,1
922,1064,2
922,2714,3
922,7486,4
922,342,5
922,5049,6
11876,1137,0
11876,15533,1
11876,24816,2
11876,33161,3
11876,24381,4
11876,4166,5
11876,23961,6
52633,47405,0
52633,113936,1
52633,101966,2
52633,169922,3
52633,1036516,4
52633,125128,5
52633,939417,6
62364,3810,0
62364,37946,1
62364,235221,2
62364,25025,3
62364,73698,4
62364,16975,5
62364,43329,6
11687,1003,0
11687,28781,1
11687,62531,2
11687,64913,3
11687,24877,4
11687,2412,5
11687,39193,6
9304,2232,0
9304,1533,1
9304,1166,2
9304,26510,3
9304,553473,5
9304,15416,6
9304,59260,7
503475,7317,0
503475,77287,1
73183,106171,0
73183,99126,1
73183,103080,2
73183,1547,3
73183,927869,4
73183,115446,5
73183,34119,6
123067,187164,0
123067,1078602,1
123067,110008,2
123067,75716,3
123067,1565622,4
123067,75720,5
123067,3177524,6
9100,17346,0
9100,826,1
9100,9206,2
9100,19222,3
9100,22108,4
9100,15286,5
9100,33654,6
20759,2231,0
20759,4785,1
20759,21246,3
20759,16165,4
20759,11159,5
20759,655,6
20759,53918,7
46063,4430,0
46063,52602,1
46063,1811,2
46063,8212,3
46063,12536,4
46063,11627,5
46063,128203,6
365371,1500204,0
365371,1972199,1
365371,1394534,2
365371,1972200,3
365371,1972201,4
365371,1972202,5
365371,1972204,6
32513,20300,0
32513,3967,1
32513,127913,2
32513,11275,3
32513,12517,4
32513,34901,5
32513,1327,6
40651,2506,0
40651,40900,1
40651,3757,2
40651,1516481,3
40651,3409157,4
40651,1739525,5
40651,115932,6
36915,7447,0
36915,6473,1
36915,21315,2
36915,10742,3
36915,31140,4
36915,6198,5
36915,107009,6
40507,9811,0
40507,4774,1
40507,2230,2
40507,1818,3
40507,21009,4
40507,1245503,5
40507,6487,6
9802,738,0
9802,2963,1
9802,228,2
9802,34691,3
9802,52,4
9802,4520,5
9802,2712,6
25697,707,0
25697,10437,1
25697,3151,2
25697,5149,3
25697,50464,4
25697,24292,5
25697,32289,6
21588,4757,0
21588,77904,1
21588,87679,2
21588,46418,3
21588,1301274,4
21588,105353,5
21588,1301275,6
664,9994,0
664,2053,1
664,9995,2
664,2130,3
664,2207,4
664,1233,5
664,2394,6
11867,6736,0
11867,7242,1
11867,65020,2
11867,22133,3
11867,1646,4
11867,52023,5
11867,3982,6
47119,16927,0
47119,19888,1
47119,1138971,2
47119,144780,3
47119,38351,4
47119,1866972,5
47119,1866973,6
314352,23524,0
314352,36653,1
314352,185225,2
314352,1876,3
314352,564791,4
314352,52105,5
314352,70888,6
9323,34923,0
9323,40451,1
9323,625,2
9323,20664,3
9323,83933,4
9323,12199,5
9323,1681,6
10280,31512,0
10280,14884,1
10280,5148,2
10280,56152,3
10280,163979,4
10280,161547,5
10280,1473,6
10535,7633,0
10535,37045,1
10535,1466,2
10535,4726,3
10535,13473,4
10535,65562,5
10535,159485,6
124613,11851,0
124613,63358,1
124613,208095,2
124613,119792,3
124613,53379,4
124613,1304482,5
124613,42644,6
532,7317,0
532,77287,1
26744,81970,0
26744,18646,1
26744,3340,2
26744,96137,3
26744,19400,4
26744,8496,5
26744,170275,6
16299,74036,0
16299,83196,1
16299,69395,2
16299,80290,3
16299,55194,4
16299,35598,5
16299,113,6
10547,6952,0
10547,32225,1
10547,31028,2
10547,21399,3
10547,10399,4
10547,1400838,5
10547,197960,6
245268,10921,0
245268,80237,1
245268,67685,2
245268,17752,3
245268,1110553,4
245268,13557,5
245268,37448,6
935,12446,0
935,862,1
935,3088,2
935,4966,3
935,14253,4
935,6600,5
935,15152,6
55613,177950,0
55613,222737,1
55613,186300,2
55613,1195707,3
55613,81238,5
55613,1641989,6
55613,1711872,7
215107,1199803,0
215107,1199804,2
41007,13333,0
41007,9126,1
41007,139,2
41007,15385,3
41007,147165,4
41007,57345,5
41007,1192314,6
35645,6886,0
35645,34612,1
35645,114470,2
35645,50464,3
35645,2958,4
35645,18181,5
35645,56522,6
110465,8724,0
110465,923,1
110465,2092,2
110465,33484,3
110465,18646,4
110465,30228,5
110465,15676,6
255546,137907,0
255546,4753140,1
255546,119300,2
255546,1467799,3
255546,4753146,4
255546,1467800,6
255546,1678995,7
40751,69637,0
40751,56830,1
40751,1337,2
40751,12672,3
40751,56861,4
40751,66762,5
40751,25245,6
275096,1353683,0
275096,1353684,1
275096,3914340,2
275096,3914341,3
275096,3914342,4
275096,3914343,5
275096,3914344,6
85778,2999079,0
85778,5559711,2
85778,5559719,3
85778,5559721,4
85778,4840336,5
11101,39251,0
11101,3491,1
11101,4936,2
11101,22184,3
11101,14632,4
11101,23664,5
11101,41965,6
9826,1954,0
9826,56128,1
9826,4515,2
9826,1922,3
9826,1736,4
9826,11398,5
9826,17200,6
9879,3416,0
9879,16475,1
9879,23346,2
9879,10182,3
9879,418,4
9879,925,5
9879,20848,6
63564,7499,0
63564,11514,1
63564,6886,2
63564,5168,3
63564,9029,4
63564,17782,5
63564,68284,6
22621,3201,0
22621,7632,1
22621,882,2
22621,102,3
22621,4887,4
22621,1386006,5
22621,1737,6
7095,2157,0
7095,2882,1
7095,50464,2
7095,16866,3
7095,51962,4
7095,53122,5
7095,53123,6
26890,3127,0
26890,15440,1
26890,17495,2
26890,38524,3
26890,3711,4
26890,54246,5
26890,194670,6
46732,6721,0
46732,5606,1
46732,6837,2
46732,820,3
46732,80866,4
46732,3151,5
46732,2453,6
124633,71010,0
124633,48791,1
124633,25156,2
124633,1049503,3
124633,66027,4
124633,130735,5
124633,3204,6
202425,41056,0
202425,1184423,1
202425,1184424,2
202425,1871040,3
202425,1871041,4
202425,1871042,5
202425,1871043,6
196940,2608294,0
196940,2608296,1
196940,2608297,2
196940,1304069,3
196940,1883774,4
196940,4023076,5
196940,4023077,6
77771,1154889,0
77771,1200639,1
77771,1186856,2
77771,1200621,3
77771,1090191,4
77771,1146166,5
77771,1568142,6
181083,1349266,0
181083,1568134,1
181083,1289278,2
181083,1349257,3
181083,1568135,4
181083,1568136,5
181083,1568137,6
41225,3783,0
41225,15135,1
41225,6352,2
41225,28641,3
41225,8949,4
41225,11130,5
41225,68406,6
188589,990400,0
188589,76234,1
188589,3713,2
188589,21315,3
188589,1219512,4
188589,153926,5
188589,57312,6
87190,2955,0
87190,1276,1
87190,10823,2
87190,19976,3
87190,14700,4
87190,1563216,5
87190,150974,6
627,3061,0
627,1125,1
627,9012,2
627,9013,3
627,18023,4
627,9015,5
627,3064,6
32872,10478,0
32872,32597,1
32872,650,2
32872,163597,3
32872,17488,4
32872,520,5
32872,4491,6
602,2888,0
602,8984,1
602,4785,2
602,1581,3
602,6167,4
602,1162,5
602,1811,6
14553,882,0
14553,11281,1
14553,16940,2
14553,973,3
14553,12763,4
14553,96974,5
14553,87435,6
9566,380,0
9566,10814,1
9566,6913,2
9566,5723,3
9566,1121,4
9566,38160,5
9566,15824,6
10545,3999,0
10545,3416,1
10545,8945,2
10545,65598,3
10545,20749,4
10545,20624,5
10545,1206,6
9894,206,0
9894,4756,1
9894,41087,2
9894,70851,3
9894,18364,4
9894,6930,5
9894,7399,6
11543,57755,0
11543,1811,1
11543,25308,2
11543,1532,3
11543,1534,4
11543,101975,5
11543,1824206,6
9268,1100,0
9268,27011,1
9268,3085,2
9268,5563,3
9268,7866,4
9268,2505,5
9268,8540,6
9327,776,0
9327,9575,1
9327,5563,2
9327,1211,3
9327,4169,4
9327,64343,5
9327,182726,6
123763,42123,0
123763,24590,1
123763,59136,2
123763,105226,3
123763,992530,4
123763,1108146,5
123763,1917454,6
81949,5470,0
81949,65648,1
81949,556459,2
81949,592763,3
81949,592764,4
81949,15320,5
81949,55507,6
42005,2601966,0
42005,1042223,1
42005,84002,2
42005,1354655,3
42005,1353095,4
124306,17578,0
124306,135665,1
124306,262075,2
124306,1118225,3
183955,1200959,0
183955,3678468,1
183955,1688949,2
183955,3696486,3
183955,3696487,4
183955,1505988,5
183955,170774,6
44535,1037,0
44535,4810,1
44535,5401,2
44535,884,3
44535,2283,4
44535,52422,5
44535,571297,6
44495,44610,0
44495,1144695,1
44495,937696,2
44495,153957,3
44495,1944054,4
44495,2071886,5
44495,2071887,6
78285,14812,0
78285,12270,1
78285,121012,2
78285,37607,3
78285,583567,4
78285,583568,5
78285,583569,6
11228,16483,0
11228,15851,1
11228,110,2
11228,16936,3
11228,27860,4
11228,6486,5
11228,6067,6
10779,521,0
10779,17187,1
10779,37822,2
10779,41230,3
10779,27993,4
10779,62001,5
10779,28410,6
26748,2955,0
26748,7430,1
26748,10823,2
26748,10224,3
26748,1163,4
26748,85170,5
26748,3977,6
38223,49961,0
38223,12929,1
38223,52475,2
38223,70243,3
38223,4938,4
38223,20814,5
38223,19976,6
9294,8891,0
9294,26467,1
9294,2178,2
9294,3087,3
9294,12645,4
9294,26660,5
9294,59451,6
49963,2229,0
49963,8256,1
49963,5010,2
49963,23626,3
49963,18472,4
49963,143150,5
49963,143151,6
11363,4491,0
11363,21398,1
11363,12833,2
11363,6941,3
11363,4251,4
11363,69298,5
11363,41087,6
1645,10297,0
1645,18277,1
1645,2231,2
1645,1979,3
1645,15852,4
1645,55636,5
1645,17485,6
31546,4483,0
31546,11901,1
31546,75601,2
77056,27637,0
77056,35965,1
77056,33997,2
77056,308636,3
77056,262738,4
77056,581114,5
77056,251065,7
36344,2155,0
36344,52646,1
36344,58264,2
36344,60433,3
36344,148112,4
36344,75467,5
36344,15863,6
18550,2975,0
18550,9045,1
18550,3136,2
18550,883,3
18550,31512,4
18550,88094,5
18550,58648,6
11511,35806,0
11511,17918,1
11511,18316,2
11511,116907,3
11511,69671,4
11511,147788,5
11511,171747,6
172198,7042,0
172198,41381,1
172198,28078,2
172198,1197977,3
172198,1073078,4
172198,131219,5
172198,2221015,6
34170,1532,0
34170,21197,1
34170,10297,2
34170,9625,3
34170,3798,4
34170,12799,5
34170,20974,6
281085,1894,0
281085,53646,1
281085,827,2
281085,33527,3
281085,62032,4
281085,92903,5
281085,50020,6
109478,21315,0
109478,47058,1
109478,48012,2
109478,20581,3
109478,1212139,4
109478,91030,5
109478,101776,6
124645,27396,0
124645,8979,1
124645,5658,2
124645,15321,3
124645,110320,4
124645,63611,5
124645,41742,6
12606,56881,0
12606,21163,1
12606,31468,2
12606,15286,3
12606,1231709,4
12606,112052,5
12606,1011102,6
69895,225140,0
69895,124620,1
69895,55913,2
69895,557432,3
69895,46274,4
69895,14149,5
69895,44104,6
35206,12266,0
35206,2566,1
35206,9767,2
35206,3784,3
35206,100570,4
35206,26166,5
35206,177449,6
525936,3882933,0
525936,3882936,1
525936,3882940,2
151489,1836812,0
151489,1895633,1
151489,1895634,2
151489,1895635,3
151489,1360814,4
151489,1895636,5
151489,1988733,6
4837,5274,0
4837,39672,1
4837,39673,2
4837,39674,3
4837,39675,4
4837,39676,5
4837,1372849,7
12632,14631,0
12632,6264,1
12632,73172,2
12632,10257,3
12632,23750,4
12632,11071,5
12632,23721,6
9098,27320,0
9098,48690,1
9098,56970,2
9098,7804,3
9098,44430,4
9098,1073985,5
9098,49167,6
282919,48775,0
282919,70999,1
282919,36486,2
282919,37887,3
282919,26396,4
282919,77881,5
282919,26911,6
124614,50,0
124614,6949,1
124614,234486,2
124614,213290,3
124614,1267064,4
124614,2258506,5
124614,2258507,6
18975,2641,0
18975,53283,1
18975,35341,2
18975,1646,3
18975,10739,4
18975,60949,5
18975,94968,6
11962,3035,0
11962,64999,1
11962,23679,2
11962,1006,4
11962,1988,5
11962,138037,6
11962,14060,7
2925,18892,0
2925,73931,1
2925,3092,2
2925,10978,3
2925,520,4
2925,6486,5
2925,8893,6
28628,8695,0
28628,143017,1
28628,138252,2
28628,155576,3
28628,1186916,4
28628,40481,5
28628,156819,6
3595,2461,0
3595,14343,1
3595,33,2
3595,18792,3
3595,3127,4
3595,33239,5
3595,23626,6
9308,16165,0
9308,13445,1
9308,7071,2
9308,327,3
9308,3270,4
9308,12642,5
9308,74612,6
92381,79539,0
92381,1385303,1
92381,1385304,2
92381,1385305,3
92381,35549,4
92381,55637,5
92381,3240280,6
18555,41558,0
18555,11701,1
18555,91415,2
18555,119311,3
18555,119312,4
18555,56857,5
18555,6066,6
12123,6384,0
12123,192,1
12123,3293,2
12123,10430,3
12123,14721,4
12123,1248,5
12123,593,6
10830,11717,0
10830,518,1
10830,24203,2
10830,6368,3
10830,11213,4
10830,5129,5
10830,3801,6
3573,12052,0
3573,18325,1
3573,3051,2
3573,10697,3
3573,3061,4
3573,21245,5
3573,32990,6
10546,20239,0
10546,18658,1
10546,13604,2
10546,11155,3
10546,106753,4
10546,392547,5
10546,177100,6
18862,8944,0
18862,7166,1
18862,83699,2
18862,33259,3
18862,7906,4
18862,4443,5
18862,12900,6
31417,24476,0
31417,15385,1
31417,27980,2
31417,24300,3
31417,36212,4
31417,37129,5
31417,133190,6
9431,18326,0
9431,23764,1
9431,58312,2
9431,14541,3
9431,3034,4
9431,6573,5
9431,2278,6
297645,137917,0
297645,543178,1
297645,552478,2
297645,1396188,3
297645,1396189,4
48144,1118783,0
48144,1366128,1
48144,64989,2
48144,1396646,3
48144,1967723,4
48144,1967724,5
46986,32029,0
46986,20283,1
46986,189721,2
46986,7489,3
46986,42993,4
46986,135162,5
46986,11486,6
144982,6684,0
144982,8540,1
144982,37822,2
144982,29383,3
144982,112053,4
144982,45261,5
144982,1188220,6
47907,15675,0
47907,9560,1
47907,4726,2
47907,883,3
47907,53806,4
47907,2886,5
47907,116128,6
10061,6856,0
10061,825,1
10061,884,2
10061,157904,3
10061,11357,4
10061,2230,5
10061,8949,6
36266,128485,0
36266,1337,1
36266,20201,2
36266,128487,3
36266,2227994,5
36266,128490,6
36266,128491,7
549,2954,0
549,7486,1
549,1121,2
549,4174,3
549,7487,4
549,2778,5
549,64,6
10478,1269,0
10478,14343,1
10478,25129,2
10478,11159,3
10478,53602,4
10478,83362,5
10478,16937,6
66634,27753,0
66634,15393,1
66634,57424,2
66634,164583,3
66634,20081,4
66634,24422,5
66634,28254,6
116690,24551,0
116690,213493,1
116690,213497,2
116690,20829,3
116690,128023,4
116690,134321,5
116690,1888164,6
213917,136761,0
213917,1198537,1
213917,1198538,2
213917,48791,3
213917,27880,4
213917,1198539,5
213917,550417,6
145925,119950,0
145925,7542,1
145925,652000,2
145925,16240,3
145925,4819,4
145925,1189964,5
145925,92095,6
100914,1161274,0
100914,1579329,1
100914,1672701,2
100914,1898384,4
100914,2050045,5
100914,1381289,6
100914,2050046,7
238,3084,0
238,1158,1
238,3085,2
238,3087,3
238,3086,4
238,3092,5
238,3094,6
484245,1914354,0
484245,197053,1
484245,1914355,2
484245,137270,3
484245,1914350,4
484245,1914356,5
484245,3171882,6
159,1844,0
159,1874,1
159,1084,2
159,1875,3
159,1083,4
159,678,5
159,1876,6
11134,18897,0
11134,1620,1
11134,1338,2
11134,10885,3
11134,57609,4
11134,44922,5
11134,1069676,6
88224,1245,0
88224,53441,1
88224,5960,2
88224,925,3
88224,10694,4
88224,2407733,5
88224,1380393,8
132641,134373,0
132641,134629,1
132641,76975,2
132641,85307,3
132641,125723,4
132641,213507,5
132641,136382,6
42758,30437,0
42758,128648,1
42758,128649,2
42758,42279,3
42758,71771,4
42758,45588,5
42758,9013,6
9303,11150,0
9303,7906,1
9303,532,2
9303,15213,3
9303,22227,4
9303,152345,6
9303,96554,7
23945,74036,0
23945,19839,1
23945,24203,2
23945,522,3
23945,8335,4
23945,38581,5
23945,236398,6
37820,4783,0
37820,106820,1
37820,1525900,2
37820,1357277,3
37820,1027146,4
37820,1532966,5
37820,96460,6
22479,10431,0
22479,8436,1
22479,33162,2
22479,4776,3
22479,20212,4
22479,884,5
22479,31649,6
9054,4517,0
9054,2047,1
9054,2165,2
9054,16217,3
9054,8261,4
9054,214540,5
9054,1426254,6
241058,20215,0
241058,722,1
241058,13472,2
241058,2059,3
241058,10091,4
241058,53516,5
241058,1228756,6
11985,71171,0
11985,65354,1
11985,71172,2
11985,103648,3
10232,45195,0
10232,9927,2
10232,13687,3
10232,64220,4
10232,23344,5
10232,32552,6
10232,47355,7
59569,4512,0
59569,2692,1
59569,20047,2
59569,13420,3
59569,31512,4
59569,3127,5
59569,1491922,6
410921,55567,0
410921,1664611,1
410921,7675,2
410921,3172,3
410921,1066798,4
38955,1620,0
38955,120725,1
38955,67889,2
38955,130598,3
38955,87942,4
38955,44922,5
38955,62424,6
110513,3127,0
110513,188642,1
110513,1049720,2
110513,53923,3
110513,1218139,4
110513,1049741,5
110513,8695,7
114089,20667,0
114089,73726,1
114089,586261,2
114089,47335,3
114089,1276277,4
11015,14698,0
11015,3197,1
11015,12516,2
11015,6577,3
11015,91725,4
11015,554095,5
11015,167490,6
9306,3084,0
9306,5576,1
9306,11207,2
9306,826,3
9306,141987,4
9306,7242,5
9306,590489,6
12559,57119,0
12559,72862,1
12559,72863,2
12559,23881,3
12559,44792,4
12559,37421,5
12559,28950,6
58770,6677,0
58770,1951,1
58770,20212,2
58770,55755,3
58770,17200,4
58770,12132,5
58770,1317860,6
124851,11486,0
124851,23931,1
124851,3314397,2
124851,3137,3
124851,2655312,4
124851,63373,5
124851,3314398,6
3587,2395,0
3587,16927,1
3587,9640,2
3587,33157,3
3587,8263,4
3587,18331,5
3587,29408,6
10723,22675,0
10723,19292,1
10723,3085,2
10723,66813,3
10723,24685,4
10723,31029,5
10723,1385380,6
56077,6416,0
56077,3910,1
56077,20239,2
56077,22383,3
56077,954,4
56077,955,5
56077,17006,6
101230,45746,0
101230,211203,1
253632,25256,0
253632,2744,1
253632,3131,2
253632,35353,3
253632,19812,4
253632,97636,5
253632,54156,6
10987,9221,0
10987,22226,1
10987,67838,2
10987,14312,3
10987,15655,4
10987,1234009,5
10987,139343,6
44705,1283,0
44705,20766,1
44705,15788,2
44705,2282,3
44705,141450,4
44705,11356,5
44705,10881,6
20318,1733,0
20318,6726,1
20318,1903,2
20318,55155,3
20318,139943,4
20318,72028,5
20318,14818,6
43596,14120,0
43596,6252,1
43596,590751,2
43596,12325,3
43596,13897,4
43596,87546,5
43596,48039,7
79782,587975,0
79782,591258,1
79782,140221,2
79782,105562,3
79782,92652,4
79782,1095650,5
79782,1501229,6
26933,59807,0
26933,49859,2
26933,96628,3
26933,19936,4
26933,40304,5
26933,96629,6
26933,96630,7
27854,4068,0
27854,4111,1
27854,30719,2
27854,99171,3
27854,14533,4
27854,121318,5
27854,14979,6
981,2638,0
981,6598,1
981,854,2
981,14683,3
981,102687,4
981,14685,5
981,14688,6
872,13294,0
872,13295,1
872,8857,2
872,13296,3
872,13297,4
872,41226,5
872,13298,6
2769,13294,0
2769,5320,1
2769,27966,2
2769,27967,3
2769,13026,4
2769,3842837,5
2769,3096345,6
13320,1932,0
13320,30181,1
13320,83393,2
13320,9746,3
13320,41958,4
13320,1461562,5
13320,145861,6
164,1932,0
164,1933,1
164,1934,2
164,1935,3
164,1936,4
164,1942,5
164,1943,6
426,854,0
426,5729,1
426,5730,2
426,5731,3
426,5732,4
426,5737,5
426,5738,6
567,854,0
567,4070,1
567,7683,2
567,7684,3
567,7685,4
567,7686,5
567,161738,7
3078,11492,0
3078,30155,1
3078,30156,2
3078,30157,3
3078,30158,4
3078,8729,5
3078,29263,6
13528,29519,0
13528,4111,1
13528,7664,2
13528,14299,3
13528,14730,4
13528,74622,5
13528,100049,6
28288,30181,0
28288,30003,1
28288,125841,2
28288,2437,3
28288,30183,4
28288,30184,5
28288,134268,6
213,2638,0
213,2639,1
213,2091,2
213,2640,3
213,2642,4
213,2643,5
213,2644,6
284,3151,0
284,4090,1
284,4091,2
284,4093,3
284,4094,4
284,571911,5
284,4097,6
239,3150,0
239,3151,1
239,3149,2
239,3152,3
239,3155,4
239,3156,5
239,3160,6
4808,2638,0
4808,1932,1
4808,6837,2
4808,5563,3
4808,12950,4
4808,41714,5
4808,18870,6
289,4110,0
289,4111,1
289,4112,2
289,4113,3
289,3001,4
289,4114,5
289,2094,6
963,4110,0
963,13992,1
963,14450,2
963,2094,3
963,14451,4
963,5740,5
963,4114,6
11113,1932,0
11113,35321,1
11113,12727,2
11113,15387,3
11113,3366,4
11113,140914,5
11113,6609,6
6620,4110,0
6620,1932,1
6620,8252,2
6620,50833,3
6620,5182,4
6620,16759,5
6620,50834,6
804,1932,0
804,8487,1
804,11998,2
804,11999,3
804,12000,4
804,12001,5
804,12002,6
26531,95624,0
26531,32128,1
26531,34442,2
26531,8731,3
26531,5831,4
26531,14686,5
26531,4355,6
909,9066,0
909,13991,1
909,13992,2
909,13993,3
909,13994,4
909,13995,5
909,13996,6
630,9066,0
630,9068,1
630,9070,2
630,9069,3
630,9067,4
630,9072,5
630,9071,6
770,10538,0
770,11492,1
770,8725,2
770,11493,3
770,11498,4
770,3383,5
770,7642,6
31044,11390,0
31044,95975,1
31044,69055,2
31044,46946,3
31044,17695,4
31044,53647,5
31044,49422,6
599,8252,0
599,8629,1
599,8630,2
599,8631,3
599,8632,4
599,8633,5
599,8634,6
15,7664,1
15,11029,2
15,14518,3
15,11028,4
15,11025,5
15,11033,6
15,11026,7
62,245,0
62,246,1
62,247,2
62,253,3
62,248,4
62,249,5
62,250,6
121357,7124,0
121357,2896,1
121357,20100,2
121357,82384,3
121357,25175,4
121357,4344,6
121357,5041,7
705,3380,0
705,10606,1
705,3361,2
705,10607,3
705,10608,4
705,10609,5
705,7684,6
22490,88867,0
22490,31550,1
22490,30233,2
22490,88870,3
22490,14027,4
22490,3360,5
22490,83260,6
223,3359,0
223,3360,1
223,3361,2
223,3362,3
223,3363,4
223,3364,5
223,2438,6
25670,20501,0
25670,41245,1
25670,2435,2
25670,3361,3
25670,29137,4
25670,94433,5
25670,22600,6
303,2638,0
303,4111,1
303,4113,2
303,4342,3
303,4343,4
303,5042,5
303,4344,6
4174,4111,0
4174,8487,1
4174,2642,2
4174,35193,3
4174,35194,4
4174,30847,5
4174,34320,6
8356,2638,0
8356,20141,1
8356,54681,2
8356,54682,3
8356,46098,4
8356,164785,5
8356,54683,6
381,2638,0
381,4070,1
381,2640,2
381,5182,3
381,2566,4
381,5183,5
381,5185,6
20758,12147,0
20758,7639,1
20758,3635,2
20758,9071,4
20758,2642,5
20758,18586,6
20758,8730,7
29376,30181,0
29376,41226,1
29376,27966,2
29376,160239,3
29376,589000,4
29376,100918,5
29376,12504,6
1859,19549,0
1859,19550,1
1859,116185,2
1859,1547,3
1859,2497,4
1859,2494,5
1859,9842,6
18299,4068,0
18299,1932,1
18299,112972,2
18299,1943,3
18299,3833,4
18299,278685,5
18299,27896,6
17281,5320,0
17281,112972,1
17281,10508,2
17281,20603,3
17281,44714,4
17281,151651,5
17281,100781,6
64382,35321,0
64382,142385,1
64382,11163,2
64382,89808,3
64382,14730,4
64382,19611,5
64382,102661,6
10907,8724,0
10907,8725,1
10907,8727,2
10907,4113,3
10907,8726,4
10907,8728,5
10907,8729,6
32093,10922,0
32093,30289,1
32093,8727,2
32093,25173,3
32093,8728,4
32093,89999,5
32093,92907,6
1939,13578,0
1939,20124,1
1939,20125,2
1939,1905,3
1939,3362,4
1939,3346,5
1939,148861,6
22292,20124,0
22292,35321,1
22292,3361,2
22292,88569,3
22292,88570,4
22292,88460,5
22292,92908,6
3598,29522,0
3598,2021,1
3598,2437,2
3598,102687,3
3598,3383,4
3598,19221,5
3598,33277,6
3080,30181,0
3080,30003,1
3080,2437,2
3080,30183,3
3080,30184,4
3080,30185,5
3080,40174,6
198,2491,0
198,2492,1
198,2493,2
198,2494,3
198,2495,4
198,2496,5
198,2497,6
13562,32428,0
13562,2491,1
13562,125841,2
13562,98574,3
13562,8728,4
13562,80238,5
13562,8240,6
1712,3635,0
1712,18735,1
1712,2749,2
1712,14701,3
1712,18736,4
1712,14001,5
1712,18737,6
220,2749,0
220,2750,1
220,2669,2
220,2751,3
220,2752,4
220,2753,5
220,2755,6
3529,32428,0
3529,13577,1
3529,41516,2
3529,32430,3
3529,32431,4
3529,32433,5
3529,14975,6
3085,30233,0
3085,2638,1
3085,1208,2
3085,30234,3
3085,30237,4
3085,4119,5
3085,30241,6
2897,14261,0
2897,29518,1
2897,4090,2
2897,29520,3
2897,10027,4
2897,6599,5
2897,29519,6
1585,854,0
1585,17752,1
1585,17753,2
1585,3383,3
1585,7666,4
1585,17755,5
1585,17759,6
3083,854,0
3083,30210,1
3083,4113,2
3083,30211,3
3083,30002,4
3083,3383,5
3083,8728,6
900,6598,0
900,2638,1
900,2436,2
900,13819,3
900,13820,4
900,13816,5
900,13821,6
43795,2638,0
43795,77158,1
43795,17755,2
43795,30512,3
43795,2772,4
43795,975753,5
43795,125844,6
85638,8828,0
85638,121001,1
85638,8830,2
85638,29978,3
85638,996887,4
85638,106092,5
85638,1405533,6
50001,14974,0
50001,124851,1
50001,89999,2
50001,34509,3
50001,95295,4
50001,120783,5
50001,106553,6
43905,11493,0
43905,3380,1
43905,95117,2
43905,19021,3
43905,3364,4
43905,8729,5
43905,86349,6
22688,13352,0
22688,10606,1
22688,4113,2
22688,89091,3
22688,32218,4
22688,14364,5
22688,85900,6
23114,80567,0
23114,14515,1
23114,2438,2
23114,30002,3
23114,81934,4
23114,1937,5
23114,17660,6
26378,81970,0
26378,4113,1
26378,80994,2
26378,13816,3
26378,95295,4
26378,95296,5
26378,89990,6
40206,70668,0
40206,37884,1
40206,10611,2
40206,2926,3
40206,30234,4
40206,8729,5
40206,13819,6
22356,4165,0
22356,80469,1
22356,30212,2
22356,3244,3
22356,14871,4
22356,88678,5
22356,88679,6
260,3609,0
260,3610,1
260,3611,2
260,3612,3
260,3672,4
260,3673,5
260,3674,6
43488,13578,0
43488,3090,1
43488,14502,3
43488,2177,4
43488,34759,5
43488,2698,6
43488,50573,7
22613,89018,0
22613,11165,1
22613,3383,2
22613,19020,3
22613,89019,4
22613,3341,5
22613,1090630,6
10331,97913,0
10331,97912,1
10331,97915,2
10331,97914,3
10331,97917,4
10331,97916,5
10331,97918,6
488,4110,0
488,6598,1
488,6599,2
488,6600,3
488,6609,4
488,6610,5
488,6611,6
22733,4110,0
22733,39554,1
22733,19534,2
22733,6599,3
22733,2094,4
22733,89208,5
22733,89209,6
261,3636,0
261,3635,1
261,2753,2
261,3362,3
261,2672,4
261,3639,5
261,3641,6
57575,3635,0
57575,37446,1
57575,12308,2
57575,17752,3
57575,44714,4
57575,40620,5
57575,97279,6
32574,4068,0
32574,14974,1
32574,30211,2
32574,4302,3
32574,20369,4
32574,30537,5
32574,30234,6
22657,29519,0
22657,89088,1
22657,89087,2
22657,33747,3
22657,8729,4
22657,30234,5
22657,33033,6
76464,5788,0
76464,538638,1
76464,34285,2
76464,101995,3
76464,30234,4
76464,95014,5
76464,956444,6
22649,47439,0
22649,4068,1
22649,14563,2
22649,48960,3
22649,99347,4
22649,30159,5
22649,81941,6
176841,34754,0
176841,104728,1
176841,78850,2
176841,74875,3
176841,131726,4
176841,30215,5
176841,133227,6
125587,10985,0
125587,28743,1
125587,22063,2
125587,5658,3
125587,93209,4
125587,65733,5
125587,33394,6
39448,74375,0
39448,1620,1
39448,116906,2
39448,83556,3
39448,134704,5
39448,26786,6
39448,239010,7
52855,9778,0
52855,13918,1
52855,10182,2
52855,147822,3
52855,55708,4
52855,147823,5
52855,147824,6
39940,8252,0
39940,5729,1
39940,30233,2
39940,13785,3
39940,30043,4
39940,19153,5
39940,857,6
172868,1369,0
172868,10727,1
172868,4975466,2
172868,4975469,3
172868,1351074,4
172868,27414,5
172868,5858549,6
85328,17304,0
85328,69718,1
85328,40275,2
85328,171734,3
85328,29091,4
85328,74932,5
85328,14722,6
124632,3269373,0
124632,263197,1
124632,166002,2
124632,2716289,3
124632,2120267,5
11076,8447,0
11076,10690,1
11076,65002,2
11076,11067,3
11076,92726,4
11076,44205,5
11076,3608582,6
63945,4138,0
63945,6726,1
63945,28641,2
63945,1953,3
63945,8978,4
63945,10475,5
63945,44150,6
58985,7796,0
58985,2876,1
58985,7036,2
58985,52374,3
58985,14326,4
58985,91850,5
58985,15412,6
890,14631,0
890,14632,1
890,14633,2
890,4936,3
890,14634,4
890,14635,5
890,14636,6
10861,15111,0
10861,57395,1
10861,7037,2
10861,7471,3
10861,85142,4
10861,138401,5
10861,1363425,6
1770,3896,0
1770,18992,1
1770,9029,2
1770,4566,3
1770,1204,4
1770,10985,5
1770,2039,6
44465,4587,0
44465,11803,1
44465,2296,2
44465,13936,3
44465,15414,4
44465,568531,5
44465,1215072,6
2033,4756,0
2033,4687,1
2033,20899,2
2033,20900,3
2033,20901,4
2033,20902,5
2033,20903,6
18203,6613,0
18203,65,1
18203,6588,2
18203,4252,3
18203,2283,4
18203,1910,5
18203,47775,6
9333,62,0
9333,6905,1
9333,590,2
9333,4690,3
9333,1737,4
9333,11068,5
9333,137529,6
47260,587,0
47260,2051,1
47260,91612,2
47260,138240,3
47260,15371,4
47260,155573,5
9400,9575,0
9400,15758,1
9400,2535,2
9400,55314,3
9400,56871,4
9400,11885,5
9400,54800,6
9401,1004,0
9401,8447,1
9401,10742,2
9401,6885,3
9401,13548,4
9401,7036,5
9401,21104,6
12241,13021,0
12241,71836,1
12241,7039,2
12241,10475,3
12241,12852,4
12241,46394,5
12241,71837,6
25739,12270,0
25739,9919,1
25739,110503,2
25739,26165,3
25739,24543,4
25739,145103,5
25739,39953,6
161806,11154,0
161806,205808,1
161806,164397,2
161806,21200,3
161806,6950,4
161806,31514,5
161806,53923,6
11306,3291,0
11306,193,1
11306,520,2
11306,52,3
11306,5502,4
11306,925,5
11306,10386,6
9625,23880,0
9625,35689,1
9625,4029,2
9625,1248,3
9625,116128,4
9625,17225,5
9625,537,6
10680,2880,0
10680,24048,1
10680,56930,2
10680,65038,3
10680,11866,4
10680,14324,5
10680,20220,6
6346,5577,0
6346,193,1
6346,6450,2
6346,10360,3
6346,51359,4
6346,173193,5
6346,26142,6
18660,27726,0
18660,83414,1
18660,4073,2
18660,19138,3
18660,40168,4
18660,14831,5
18660,14253,6
35115,50571,0
35115,1935,1
35115,100919,2
35115,16421,3
35115,2015,4
35115,103069,5
35115,168051,6
14821,11998,0
14821,7124,1
14821,9221,2
14821,53261,3
14821,87066,4
14821,33544,5
14821,5828,6
14136,40393,0
14136,46944,1
14136,5825,2
14136,67393,3
14136,23586,4
14136,91254,5
14136,118924,6
10869,47439,0
10869,35031,1
10869,39762,2
10869,53010,3
10869,4966,4
10869,33024,5
10869,1218966,6
22660,83130,0
22660,24815,1
22660,50571,2
22660,83131,3
22660,34470,4
22660,15983,5
22660,27747,6
19186,36819,0
19186,70035,1
19186,32791,2
19186,2436,3
19186,46098,4
19186,13963,5
19186,14506,6
31102,36819,0
31102,20391,1
31102,93105,2
31102,9857,3
31102,8631,4
31102,14563,5
31102,8841,6
6878,521,0
6878,35,1
6878,18156,2
6878,51337,3
6878,1765509,4
6878,76031,5
6878,387,6
15944,4091,0
15944,13296,1
15944,83130,2
15944,82777,3
15944,163280,4
15944,83131,5
15944,30228,6
18444,11859,0
18444,24815,1
18444,83128,2
18444,83129,3
18444,12249,4
18444,83130,5
18444,83131,6
20723,36819,0
20723,40393,1
20723,29717,2
20723,7505,3
20723,291,4
20723,9112,5
20723,2926,6
173,2090,0
173,2091,1
173,2092,2
173,2094,3
173,2096,4
173,2097,5
173,2098,6
864,12974,0
864,12975,1
864,12976,2
864,12977,3
864,7180,4
864,10361,5
864,12978,6
24795,2047,0
24795,18298,1
24795,18345,2
24795,8258,3
24795,24045,4
24795,6067,5
24795,37043,6
11224,68652,0
11224,67289,1
11224,67290,2
11224,68653,3
11224,179371,4
11224,137461,5
11224,38236,6
81310,34759,0
81310,5247,1
81310,77548,2
81310,25627,3
81310,1225463,4
81310,21877,6
81310,27517,7
15947,78077,0
15947,34759,1
15947,119303,2
15947,77619,3
15947,119300,4
15947,119301,5
15947,119302,6
9078,21877,0
9078,12158,1
9078,57313,2
9078,71780,3
9078,7139,4
9078,159552,5
9078,955923,6
29682,50997,0
29682,137831,1
29682,17755,2
29682,2753,3
29682,30212,4
29682,535270,5
29682,34270,6
8367,1269,0
8367,192,1
8367,1161,2
8367,2224,3
8367,4566,4
8367,8326,5
8367,8316,6
433,5823,0
433,61303,1
433,5825,2
433,5826,3
433,5827,4
433,5829,5
433,5830,6
11360,32437,0
11360,2530995,1
11360,67290,2
11360,114955,3
11360,193820,4
11360,3203000,5
11360,9084,6
11114,68130,0
11114,553509,1
11114,40945,2
11114,1937,3
11114,7503,4
11114,7632,5
11114,142726,6
12335,14730,0
12335,5825,1
12335,7505,2
12335,10024,3
12335,41231,4
12335,210620,5
12335,233563,6
12092,67228,0
12092,5833,1
12092,29283,2
12092,34759,3
12092,142527,4
12092,67290,5
12092,22602,6
10948,1937,0
10948,6856,1
10948,20157,2
10948,3461,3
10948,88947,4
10948,7520,5
10948,21460,6
11229,2628,0
11229,368,1
11229,68672,2
11229,6486,3
11229,99,4
11229,15110,5
11229,42722,6
15121,5823,0
15121,290,1
15121,7331,2
15121,1041410,3
15121,29095,4
15121,92691,5
15121,121640,6
562,62,0
562,4566,1
562,7674,2
562,7673,3
562,7672,4
562,7675,5
562,7677,6
10163,20495,0
10163,517,1
10163,64056,2
10163,15443,3
10163,18071,4
10163,78690,5
10163,14329,6
48862,4800,0
48862,3141,1
48862,16927,2
48862,33196,3
48862,20005,4
48862,102403,5
48862,76526,6
117036,1198984,0
117036,2016219,1
117036,5297037,2
117036,5297038,3
117036,5297039,4
117036,83299,5
117036,1663229,6
47199,382,0
47199,4687,1
47199,388,2
47199,3894,3
47199,16927,4
47199,1926,5
47199,386,6
11159,4154,0
11159,17352,1
11159,9191,2
11159,127164,3
11159,68384,4
11159,93177,5
11159,72305,6
9591,31,0
9591,16857,1
9591,882,2
9591,51670,3
9591,18324,4
9591,58019,5
9591,6885,6
30500,8212,0
30500,1160,1
30500,6194,2
30500,33260,3
30500,13922,4
30500,166930,5
30500,19957,6
41843,4173,0
41843,11317,1
41843,1231,2
41843,14324,3
41843,23709,4
41843,118937,5
41843,12691,6
55058,53647,0
55058,7004,1
55058,10938,2
55058,46946,3
55058,11701,4
55058,211998,5
55058,56105,6
10938,67568,0
10938,218689,1
10938,42582,2
10938,97434,3
10938,27632,4
10938,6975,5
10938,27323,6
11412,16935,0
11412,2231,1
11412,37252,2
11412,14886,3
11412,126471,4
11412,1248,5
11412,8979,6
10586,3392,0
10586,5576,1
10586,207,2
10586,51878,3
10586,1246,4
10586,1369,5
10586,18280,6
42314,1158,0
42314,1920,1
42314,1979,2
42314,7447,3
42314,18992,4
42314,1166,5
42314,14544,6
27845,884,0
27845,2838,1
27845,10556,2
27845,534,3
27845,223797,4
27845,57829,5
27845,54883,6
108365,14812,0
108365,586,1
108365,8975,2
108365,67567,3
108365,80866,4
108365,18766,5
108365,6168,6
23223,15852,0
23223,8395,1
23223,4943,2
23223,108717,3
23223,1005056,4
23223,182372,5
23223,1053980,6
49471,32396,0
49471,93538,1
49471,6861,2
49471,98889,3
49471,18272,4
49471,8354,5
49471,57686,6
38153,6952,0
38153,55636,1
38153,2713,2
38153,32747,3
38153,32897,4
38153,15253,5
38153,6609,6
25147,204,0
25147,2040,1
25147,15498,2
25147,3052,3
25147,47743,4
25147,34715,5
25147,141453,6
9716,10871,1
9716,18892,2
9716,21278,3
9716,69597,4
9716,819,5
9716,1204,6
9716,526,7
43777,426570,0
43777,1303109,1
43777,975012,2
43777,1303110,3
43777,975013,4
43777,536003,5
43777,53403,6
454,6193,0
454,6194,1
454,17772,2
454,6198,3
454,6197,4
454,5723,5
454,6199,6
10218,15277,0
10218,4937,1
10218,17402,2
10218,64715,3
10218,110141,4
10218,69122,5
10218,171233,6
819,4724,0
819,380,1
819,4483,2
819,12261,3
819,287,4
819,51214,5
819,6613,6
38191,57755,0
38191,288,1
38191,10774,2
38191,42703,3
38191,85867,4
38191,10680,5
38191,938161,6
56830,15234,0
56830,526,1
56830,11885,2
56830,65827,3
56830,54453,4
56830,161285,5
56830,55755,6
27256,20143,0
27256,21605,1
27256,97423,2
27256,97424,3
27256,5827,4
27256,97425,5
27256,97426,6
31530,30181,0
31530,30003,1
31530,2437,2
31530,30184,3
31530,14452,4
31530,239782,5
31530,34278,6
66473,30181,0
66473,80625,1
66473,109896,2
66473,3360,3
66473,14029,4
66473,544970,5
66473,17660,6
28120,14868,0
28120,10158,1
28120,8253,2
28120,77081,3
28120,82348,4
28120,14574,5
28120,99752,6
1834,19328,0
1834,14965,1
1834,19327,2
1834,4071,3
1834,84229,4
1834,19329,5
1834,2928,6
26282,10158,0
26282,11165,1
26282,79246,2
26282,18646,3
26282,77081,4
26282,14529,5
26282,95013,6
37218,934,0
37218,117084,1
37218,117085,2
37218,12978,4
37218,1482221,5
37218,8664,6
37218,1482223,8
252,3460,0
252,3462,1
252,3461,2
252,1672153,3
252,3464,4
252,3468,5
252,3470,6
116356,1063356,0
116356,1063357,1
116356,1063358,2
116356,1063359,3
116356,1063360,4
116356,1063361,5
116356,1063362,6
16372,20141,0
16372,22529,1
16372,47398,2
16372,7640,3
16372,70447,4
16372,25635,5
16372,80464,7
11561,3092,1
11561,41269,2
11561,69884,3
11561,30050,4
11561,104630,5
11561,133774,6
11561,123722,7
11302,9565,1
11302,68934,2
11302,68935,3
11302,87743,5
11302,237034,6
11302,134171,7
11302,153575,8
623,8944,0
623,8930,1
623,8945,2
623,383,3
623,8946,4
623,8947,5
623,8948,6
583,10722,0
583,8930,1
583,10713,3
583,10707,4
583,383,5
583,10732,6
583,10733,7
12614,5823,0
12614,16896,1
12614,40202,2
12614,21818,3
12614,73234,4
12614,655,5
12614,14107,6
21711,4135,0
21711,1039,1
21711,19550,2
21711,94294,3
21711,922,4
21711,92680,5
21711,91371,6
11575,3151,0
11575,3150,1
11575,2769,2
11575,2314,3
11575,4966,4
11575,857,5
11575,153254,6
475,6449,0
475,6450,1
475,6451,2
475,193,3
475,6461,4
475,6462,5
475,6463,6
11331,12147,0
11331,69025,1
11331,69026,2
11331,69027,3
11331,1558998,4
11331,474632,5
11331,34819,6
521,7124,0
521,4070,1
521,7125,2
521,5182,3
521,7682,4
521,1217924,5
521,73980,6
21202,1318776,0
21202,1629619,1
21202,21663,2
21202,1655439,3
21202,1582373,4
21202,5270172,5
21202,5003059,6
88,722,0
88,723,1
88,724,2
88,4199,3
88,725,4
88,728,5
88,727,6
500,1037,0
500,3129,1
500,147,2
500,2969,3
500,884,4
500,6937,5
500,6938,6
792,6952,0
792,5293,1
792,13022,2
792,6863,3
792,2178,4
792,11889,5
792,65827,6
8491,37041,0
8491,55265,1
8491,55266,2
8491,55267,3
8491,41262,4
8491,55268,5
8491,55269,6
402,3392,0
402,4430,1
402,10477,2
402,10478,3
402,10480,4
402,10485,5
402,4943,6
10537,5576,0
10537,5344,1
10537,6677,2
10537,11805,3
10537,6863,4
10537,7486,5
10537,147,6
11386,9029,0
11386,8436,1
11386,228173,2
11386,2178,3
11386,42566,4
11386,1393548,5
11386,1234613,6
9504,1158,0
9504,3151,1
9504,7447,2
9504,1903,3
9504,228,4
9504,1979,5
9504,378,6
15764,5064,0
15764,8945,1
15764,12688,2
15764,135170,3
15764,33489,4
15764,11902,5
15764,28871,6
601,9976,0
601,69597,1
601,9978,2
601,9979,3
601,62001,4
601,23764,5
601,9980,6
67365,1010,0
67365,20958,1
67365,7497,2
67365,32897,3
67365,884,4
67365,2231,5
67365,32394,6
25842,5832,0
25842,30234,1
25842,81933,2
25842,129327,3
25842,129328,4
25842,2642,5
25842,11495,6
2119,500,0
2119,3087,1
2119,2227,2
2119,1811,3
2119,2130,4
2119,12132,5
2119,17874,6
744,500,0
744,11084,1
744,5576,2
744,11085,3
744,4139,4
744,11086,5
744,57082,6
136311,77485,0
136311,99826,1
136311,591,2
136311,33321,3
136311,3006,4
136311,10556,5
136311,1240,6
221,2749,0
221,2769,1
221,2770,2
221,2771,3
221,2772,4
221,2776,6
221,2777,7
702,10538,0
702,3084,1
702,10539,2
702,9857,3
702,3143,4
702,2757,5
702,10540,6
25750,3489,0
25750,58727,1
25750,8963,2
25750,102723,3
25750,84685,4
25750,102725,5
25750,941626,6
17642,11857,0
427043,23750,0
427043,225233,1
427043,1088089,2
427043,55980,3
427043,8198,4
427043,1107824,5
427043,1364770,6
146341,7906,0
146341,1124018,1
146341,28906,2
146341,15799,3
146341,62036,4
146341,21818,5
146341,3992870,6
9305,20030,0
37616,4520,0
37616,22461,1
37616,27858,2
37616,118131,3
37616,64908,4
37616,42136,5
37616,21165,6
11112,2395,0
11112,1902,1
11112,3265,2
11112,68122,3
11112,10739,4
11112,6168,5
11112,53647,6
21612,4690,0
21612,2969,1
21612,18750,2
21612,6588,3
21612,22461,4
21612,1121,5
21612,15370,6
141210,1067761,0
141210,1114468,1
141210,1114469,2
141210,1289890,3
141210,1289891,4
102461,19163,0
102461,5442,1
102461,274746,2
102461,19383,3
102461,49862,4
102461,275962,6
102461,290220,7
36998,6012,0
36998,534031,1
36998,4274,2
36998,27880,3
36998,38501,4
36998,1012574,5
36998,544451,7
200383,3085,0
200383,38559,1
200383,2462,2
200383,4521,3
200383,39447,4
200383,1671,5
200383,34584,6
116844,6105,0
116844,1171521,1
116844,1171600,2
116844,2701,3
116844,6807,4
116844,99,5
116844,18472,6
1630,57755,0
1630,7621,1
1630,819,2
1630,18235,3
1630,18236,4
1630,2505,5
1630,1064,6
26626,880,0
26626,6807,1
26626,64999,2
26626,67711,3
26626,95852,4
26626,95853,5
26626,90658,6
124837,4197679,0
124837,1304440,1
124837,4197680,2
124837,1260644,3
124837,4197681,4
124837,4197682,5
124837,4197683,6
11816,6598,0
11816,4958,1
11816,6352,2
11816,70569,3
11816,12850,4
11816,49941,5
11816,111702,6
11843,12446,0
11843,290,1
11843,18915,2
11843,14503,3
11843,14955,4
11843,82549,5
11843,53819,6
10379,16171,0
10379,14469,1
10379,19131,2
10379,21561,3
10379,4,4
10379,64944,5
10379,82630,6
2756,228,0
2756,1161,1
2756,2712,2
2756,30151,3
2756,18342,4
2756,60118,5
2756,1984,6
790,11782,0
790,11784,1
790,8944,2
790,11066,3
790,7302,4
790,11787,5
790,11788,6
1103,6856,0
1103,4078,1
1103,7502,2
1103,9221,3
1103,6542,4
1103,47456,5
1103,5048,6
11298,62001,0
11298,10662,1
11298,17494,2
11298,65404,3
11298,16173,4
11298,34597,5
11298,8516,6
4480,2565,0
4480,16927,1
4480,6012,2
4480,38351,3
4480,16314,4
4480,38385,5
4480,38386,6
4481,2565,0
4481,6012,1
4481,4885,2
4481,23388,3
4481,16314,4
4481,38354,5
4481,13689,6
575751,95189,0
575751,218798,1
575751,107368,2
575751,1134269,3
575751,1222004,4
575751,3737651,5
575751,5011097,6
49688,974798,0
49688,963016,1
49688,590992,2
49688,1655281,3
49688,1306050,4
49688,127252,5
49688,127248,6
10765,18892,0
10765,39015,1
10765,23346,2
10765,5255,3
10765,21520,4
10765,1216876,5
10765,5960,6
762,10722,0
762,8930,1
762,10713,2
762,10707,4
762,383,5
762,149979,6
762,10733,7
44497,173578,0
44497,1480846,2
44497,1480847,3
44497,1125234,4
44497,2109700,5
44497,1388629,6
44497,1480849,7
85588,2360505,0
85588,139211,1
85588,3342494,2
85588,2521066,3
85588,3342495,4
85588,3342496,5
85588,3342497,6
278621,1415875,0
278621,1415876,1
278621,171661,2
278621,1415877,4
278621,66199,5
278621,1189231,6
278621,37041,7
99479,20005,0
99479,8349,1
99479,15799,2
99479,4778,3
99479,69122,4
99479,37206,5
99479,178557,6
566972,9134,0
566972,222942,1
566972,130673,2
566972,45751,3
566972,114384,4
55049,5676,0
55049,27391,1
55049,954,2
55049,20710,3
55049,28626,4
55049,20918,5
55049,26100,6
124829,2066428,0
124829,7570,1
124829,97832,2
124829,5823,3
124829,13637,4
124829,177434,7
124829,162783,8
356054,5900,0
356054,540,1
356054,54819,2
356054,1622594,3
356054,134078,4
356054,67704,5
10548,65605,0
10548,65606,1
10548,65607,2
10548,7172,3
10548,44999,4
10548,1577029,6
10548,143280,7
531,7317,0
104931,1777345,1
104931,2269443,2
104931,2269444,3
104931,136813,4
104931,1359334,6
104931,2269445,7
104931,3737670,8
4483,16927,0
4483,136761,1
4483,38499,2
4483,38500,3
4483,38501,4
4483,20084,5
4483,38502,6
18919,83882,0
18919,136797,1
18919,5731558,2
18919,1320281,3
18919,544286,4
18919,1320282,5
18919,1320283,6
31556,5403,0
31556,14847,1
31556,19400,2
31556,13786,3
31556,104996,4
31556,8634,5
31556,34046,6
26167,88462,0
26167,14965,1
26167,1215925,2
26167,14502,3
26167,7685,4
26167,94779,5
26167,94780,6
26174,88462,0
26174,94778,1
26174,15620,2
26174,35849,3
26174,13997,4
26174,8233,5
26174,30114,6
572997,1552956,0
572997,1138576,1
572997,1137866,2
572997,2209108,3
572997,40622,4
572997,2242406,5
572997,930866,6
61461,233174,0
61461,233176,1
61461,233175,2
61461,1349173,3
61461,1416253,4
61461,1130987,5
61461,1459434,6
117500,35254,0
117500,239396,1
117500,94950,2
117500,18559,3
117500,239363,4
117500,140360,5
117500,115471,6
218713,80625,0
218713,109896,1
218713,30276,2
218713,139603,3
218713,34317,4
218713,34334,5
218713,14453,6
217802,80625,0
217802,109896,1
217802,1191427,2
217802,1055340,3
217802,98001,4
217802,940214,5
217802,19553,6
127973,2436,0
127973,88870,1
127973,13954,2
127973,80625,3
127973,109896,4
127973,131234,5
127973,980450,6
659,10254,0
659,10255,1
659,10256,2
659,10257,3
659,7107,4
659,10258,5
659,10259,6
30892,11390,0
30892,20394,1
30892,39024,2
30892,19463,3
30892,87513,4
30892,106612,5
30892,29909,6
86369,40938,0
86369,39195,1
86369,66838,2
86369,49946,3
86369,534831,4
86369,48440,5
86369,534830,6
8074,14813,0
8074,24475,2
8074,53912,3
8074,53913,5
8074,24399,6
8074,18228,7
8074,2840081,8
124676,1300945,0
124676,2201905,1
124676,2201903,2
124676,2201912,3
124676,1089063,4
559489,5010,0
559489,856,1
559489,6684,2
559489,101312,3
559489,1129738,4
559489,177898,5
38554,17141,0
38554,12133,1
38554,3208,2
38554,83414,3
38554,1210,4
38554,288,5
38554,24368,6
49763,60650,0
49763,10447,1
49763,15252,2
49763,62912,3
49763,58406,4
49763,1472700,5
49763,191140,6
36555,82442,0
36555,4443,1
36555,11150,2
36555,6576,3
36555,1027230,4
36555,64234,5
36555,1027234,6
10608,504,0
10608,4808,1
10608,4566,2
10608,6719,3
10608,56618,4
10608,113286,6
10608,9464,7
11216,24366,0
11216,20030,1
11216,27643,2
11216,68635,3
11216,120152,4
11216,70083,5
11216,25780,6
7452,1977,0
7452,5658,1
7452,15735,2
7452,1367,3
7452,3129,4
7452,8785,5
7452,7320,6
64567,21175,0
64567,10500,1
64567,24366,2
64567,35137,3
64567,64913,4
64567,28781,5
64567,234346,6
892,2413,0
892,13686,1
892,13687,2
892,13688,3
892,13689,4
892,13690,5
892,13691,6
1600,1350,0
1600,17888,1
1600,1142,2
1600,17896,3
1600,7109,4
1600,1149,5
1600,17889,6
26561,8436,0
26561,157758,1
26561,6416,2
26561,23709,3
26561,658,4
26561,10648,5
26561,388,6
975,2090,0
975,14562,1
975,14563,2
975,14564,3
975,14565,4
975,12312,5
975,592,6
18129,5657,0
18129,3036,1
18129,516,2
18129,109762,3
18129,109763,4
18129,537,5
18129,109764,6
54405,13726,0
54405,42566,1
54405,47615,2
54405,663,3
54405,83909,4
54405,24813,5
54405,34715,6
150823,21259,0
150823,55725,1
150823,47884,2
150823,98102,4
150823,157958,5
150823,83387,6
150823,45388,7
409,5469,0
409,1137,1
409,5293,2
409,5470,3
409,5471,4
409,5472,5
409,5473,6
38251,55912,0
38251,119950,1
38251,106350,2
38251,55914,3
38251,55915,4
38251,71296,5
38251,1488531,6
10161,11856,0
10161,18345,1
10161,64039,2
10161,63367,5
10161,64042,6
10161,4973,7
10161,559208,8
1412,13548,0
1412,1533,1
1412,8212,2
1412,1212,3
1412,32592,4
1412,1403165,7
1412,1403169,8
41768,1581,0
41768,1981,1
41768,6198,2
41768,11064,3
41768,30151,4
41768,4496,5
41768,58354,6
10409,24589,0
10409,65010,1
10409,23,2
10409,65011,3
10409,14226,4
10409,127137,5
10409,150536,6
14285,1414776,0
14285,206088,1
14285,1414777,2
14285,1697857,3
14285,4778712,4
14285,4778713,5
14285,4778714,6
2469,25256,0
2469,3131,1
2469,6536,2
2469,25257,3
2469,25025,4
2469,25258,5
2469,9768,6
10174,3125,0
10174,116152,1
10174,116153,2
10174,6449,3
10174,3664,4
10174,116154,6
10174,1658386,7
31225,107842,0
31225,107844,1
31225,107846,2
31225,107840,3
31225,107843,4
31225,2497475,5
31225,2362151,6
510,514,0
510,1370,1
510,7071,2
510,518,3
510,7072,4
510,7077,5
510,1062,6
11455,11159,0
11455,63208,1
11455,8260,2
11455,4098,3
11455,137582,4
11455,1355576,5
11455,1355577,6
1891,2,0
1891,3,1
1891,4,2
1891,3799,3
1891,6,4
1891,24342,5
1891,24343,6
2493,2130,0
2493,32,1
2493,25503,2
2493,14541,3
2493,13524,4
2493,12900,5
2493,25504,6
85,3,0
85,650,1
85,652,2
85,655,3
85,653,4
85,659,5
85,660,6
68,378,0
68,380,1
68,381,2
68,65,3
68,382,4
68,383,5
68,385,6
679,10205,0
679,10206,1
679,2712,2
679,781,3
679,2714,4
679,2053,5
679,10207,6
429,190,0
429,3265,1
429,4078,2
429,5813,3
429,5814,4
429,5815,5
429,1077276,6
13446,20766,0
13446,47654,1
13446,10983,2
13446,53916,3
13446,1821,4
13446,144863,5
13446,1248746,6
389,1936,0
389,5247,1
389,5248,2
389,5249,3
389,5250,4
389,2651,5
389,5251,6
947,11390,0
947,12248,1
947,5004,2
947,5401,3
947,10018,4
947,12515,5
947,14371,6
185,56890,0
185,2264,1
185,2272,2
185,2267,3
185,2268,4
185,2270,5
185,2271,6
595,8488,0
595,8487,1
595,8489,2
595,8490,3
595,6838,4
595,2112,5
595,8492,6
28,8349,0
28,3084,1
28,8351,2
28,8354,3
28,2975,4
28,8350,5
28,3087,6
335,4959,0
335,4958,1
335,4765,2
335,4960,3
335,4961,4
335,4962,5
335,4963,6
1892,2,0
1892,3,1
1892,4,2
1892,3799,3
1892,6,4
1892,24343,5
1892,28235,6
144,2310,0
144,2312,1
144,2311,2
144,2313,3
144,2314,4
144,2315,5
144,2317,6
1092,7664,0
1092,15385,1
1092,12726,2
1092,14120,4
1092,29177,5
1092,13376,6
1092,15386,7
769,380,0
769,11477,1
769,4517,2
769,11478,3
769,7004,4
769,11480,5
769,11482,6
348,4139,0
348,10205,1
348,5047,2
348,5048,3
348,5049,4
348,65,5
348,5050,6
766,11357,0
766,6368,1
766,11763,2
766,11764,3
766,11765,4
766,11767,5
766,11766,6
175,1642,0
175,1003,1
175,2165,2
175,1165,3
175,2166,4
175,2168,5
175,2170,6
11645,70131,0
11645,70132,1
11645,70133,2
11645,70134,3
11645,72607,4
11645,237362,5
11645,149405,6
10835,1619,0
10835,26784,1
10835,67046,2
10835,67047,3
10835,10885,4
10835,119447,5
10835,1135394,6
539,7301,0
539,7302,1
539,7303,2
539,7304,3
539,1936,4
539,53010,5
539,14063,6
525,707,0
525,7171,1
525,7172,2
525,7173,3
525,7174,4
525,7175,5
525,7176,6
240,1158,0
240,3087,1
240,3092,2
240,380,3
240,3096,4
240,3094,5
240,3171,6
600,8654,0
600,2059,1
600,7132,2
600,8655,3
600,8656,4
600,8657,5
600,3229,6
530,7317,0
10705,11181,0
10705,937,1
10705,8318,2
10705,66250,3
10705,13324,4
10705,7056,5
10705,5309,6
279,1164,0
279,3999,1
279,4000,2
279,4001,3
279,4002,4
279,4003,5
279,4004,6
3109,4165,0
3109,70035,1
3109,30495,2
3109,13820,3
3109,4303,4
3109,12969,5
3109,30496,6
311,380,0
311,4512,1
311,4513,2
311,4515,3
311,4514,4
311,4517,5
311,4521,6
1578,380,0
1578,14702,1
1578,4517,2
1578,7164,3
1578,17651,4
1578,17652,5
1578,17653,6
703,3092,1
703,10555,2
703,10556,3
703,10557,4
703,10409,5
703,10558,6
703,10559,7
9549,9880,0
9549,349,1
9549,228,2
9549,6065,3
9549,10430,4
9549,10767,5
9549,31440,6
1398,28079,0
1398,28078,1
1398,8475,2
1398,1190992,3
1398,28080,4
1398,1073948,5
1398,1626954,6
387,920,0
387,5228,1
387,5229,2
387,5230,3
387,4924,4
387,2349,5
387,3970,6
9277,3636,0
9277,4135,1
9277,8606,2
9277,1466,3
9277,4093,4
9277,39015,5
9277,14833,6
343,4970,0
343,4971,1
343,19616,2
343,4973,3
343,4974,4
343,4975,5
343,4976,6
37291,66496,0
37291,42993,1
37291,1028998,2
37291,170991,3
37291,36190,4
37291,120674,5
37291,19208,6
490,6649,0
490,6656,1
490,6658,2
490,2201,3
490,6657,4
490,6659,5
490,6660,6
11235,13784,0
11235,20899,1
11235,47698,2
11235,68686,3
11235,12982,4
11235,116125,5
11235,36820,6
218,1100,0
218,2712,1
218,2713,2
218,1818,3
218,2714,4
218,2717,5
218,2715,6
763,11332,0
763,11333,1
763,11334,2
763,11335,3
763,11336,4
763,81876,5
763,173451,6
9665,4756,0
9665,5292,1
9665,2130,2
9665,192,3
9665,58426,4
9665,6861,5
9665,9277,6
18971,64,0
18971,3129,1
18971,3037,2
18971,20508,3
18971,385,4
18971,20425,5
18971,106765,6
696,3092,1
696,4776,2
696,10447,3
696,5064,4
696,10448,5
696,10449,6
696,10450,7
379,5168,0
379,4726,1
379,1241,2
379,4253,3
379,5169,4
379,3926,5
379,5170,6
207,2157,0
207,2692,1
207,569,2
207,2694,3
207,2693,4
207,2695,5
207,2696,6
37247,4483,0
37247,10774,1
37247,9594,2
37247,8608,3
37247,10775,4
37247,10776,5
37247,7795,6
1480,10017,0
1480,7302,1
1480,33747,3
1480,30719,4
1480,94889,5
1480,14518,6
1480,12422,7
9322,57298,0
9322,7037,1
9322,10698,2
9322,1003,3
9322,2170,4
9322,14812,5
9322,57299,6
826,8252,0
826,12248,1
826,10018,2
826,12249,3
826,12250,4
826,12251,5
826,10029,6
422,5676,0
422,5682,1
422,5683,2
422,4959,3
422,5684,4
422,5685,5
422,4116,6
829,514,0
829,6450,1
829,12295,3
829,12296,4
829,6587,5
829,12298,7
829,12299,8
828,12282,0
828,1934,1
828,3162,2
828,10024,3
828,10609,4
828,12284,5
828,1014356,6
3090,4110,0
3090,19020,1
3090,14517,2
3090,30303,3
3090,14451,4
3090,30304,5
3090,30305,6
9964,61590,0
9964,61591,1
9964,61592,2
9964,61593,3
9964,81884,5
9964,81880,6
9964,1677187,7
3063,10798,0
3063,10800,1
3063,10799,2
3063,30014,3
3063,10804,4
3063,30015,5
3063,4343,6
13667,3036,0
13667,13656,1
13667,80137,2
13667,1073810,3
13667,87003,4
13667,28010,5
13667,15655,6
694,514,0
694,10409,1
694,10410,2
694,7077,3
694,10411,4
694,694,5
694,592,6
235,3033,0
235,741,1
235,3034,2
235,3035,3
235,2628,4
235,1953,5
235,3038,6
832,2094,0
832,12322,1
832,12323,2
832,12324,3
832,79,4
832,12325,5
832,12326,6
765,11357,0
765,11749,1
765,11750,2
765,11751,3
765,11769,4
765,11753,5
765,11754,6
5925,13565,0
5925,16896,1
5925,4786,2
5925,12250,3
5925,4960,4
5925,9221,5
5925,5563,6
11778,380,0
11778,4690,1
11778,3096,2
11778,47879,3
11778,5064,4
11778,10477,5
11778,80135,6
4485,38514,0
4485,1977,1
4485,23735,2
4485,38515,3
4485,1478039,4
4485,38502,5
4485,235658,6
137,1532,0
137,1533,1
137,1534,2
137,537,3
137,1535,4
137,1536,5
137,1537,6
33,190,0
33,193,1
33,192,2
33,3710,3
33,194,4
33,3712,5
33,3713,6
982,4347,0
982,14729,1
982,14730,2
982,7302,3
982,14732,4
982,14731,5
982,14733,6
8428,2224,0
8428,20767,1
8428,37368,2
8428,48810,3
8428,91495,4
8428,32289,5
8428,55791,6
212,2638,0
212,2670,1
212,2667,2
212,2668,3
212,2669,4
212,2671,5
212,2094,6
105,521,0
105,1062,1
105,1064,2
105,1063,3
105,1066,4
105,1065,5
105,1067,6
1633,8534,0
1633,5698,1
1633,18248,2
1633,31140,3
1633,18249,4
1633,16936,5
1633,5577,6
11202,862,0
11202,9857,1
11202,40551,2
11202,15650,3
11202,12431,4
11202,1089965,5
11202,13733,6
1554,2887,0
1554,6394,1
1554,4818,2
1554,9235,3
1554,6913,4
1554,170948,5
1554,6401,6
149,1678,0
149,1679,1
149,1680,2
149,58158,3
149,239550,4
149,1681,5
149,1683,6
8009,38559,0
8009,29021,1
8009,6574,2
8009,738,3
8009,53515,4
8009,53584,5
8009,4253,6
903,3636,0
903,12950,1
903,8962,2
903,13869,3
903,5048,4
903,2778,5
903,13872,7
11673,16927,0
11673,70182,1
11673,20239,2
11673,24683,3
11673,23735,4
11673,19075,5
11673,36915,6
3034,3460,0
3034,1039,1
3034,29802,2
3034,29803,3
3034,9599,4
3034,8437,5
3034,9601,6
339,1920,0
339,4800,1
339,4808,2
339,12647,3
339,4810,4
339,4812,5
339,4813,6
10404,643,0
10404,64989,1
10404,64987,2
10404,64988,3
10404,1183504,4
10404,1183505,5
10404,1623396,6
914,13848,0
914,14027,1
914,14028,2
914,14029,3
914,10924,4
914,5464,5
914,14030,6
756,565402,0
756,1098082,2
756,233471,3
288,4068,0
288,3383,1
288,2177,2
288,4069,3
288,4070,4
288,4071,5
288,4072,6
910,4110,0
910,7570,1
910,2673,2
910,13975,3
910,13979,4
910,13976,5
910,22093,6
2640,1920,0
2640,2224,1
2640,19144,2
2640,4801,3
2640,27565,4
2640,27566,5
2640,13243,6
16633,20006,0
16633,10223,1
16633,290,2
16633,7663,3
16633,26044,4
16633,5254,5
16633,16200,6
665,10017,0
665,10020,1
665,10021,2
665,10018,3
665,10019,4
665,10022,5
665,10023,6
11031,13524,0
11031,21731,1
11031,6008,2
11031,3026,3
11031,104410,4
11031,9257,5
11031,42157,6
15143,7036,0
15143,31140,1
15143,1063,2
15143,77940,3
15143,4138,4
15143,778,5
15143,13550,6
89,3,0
89,738,1
89,656,2
89,739,3
89,655,4
89,740,5
89,741,6
10322,12446,0
10322,4090,1
10322,19550,2
10322,5251,3
10322,15413,4
10322,5403,5
10322,20160,6
783,2282,0
783,11850,1
783,9126,2
783,11857,3
783,12726,4
783,11859,5
783,11849,6
10644,11856,0
10644,1137,1
10644,5313,2
10644,9128,3
10644,1640,4
10644,38127,5
10644,47837,6
11257,1283,0
11257,6104,1
11257,10978,2
11257,656,3
11257,11856,4
11257,4001,5
11257,96408,6
14370,5576,0
14370,92808,1
14370,2885,2
14370,7676,3
14370,38086,4
14370,168320,5
14370,9629,6
12104,47991,0
12104,71247,1
12104,71248,2
12104,71249,3
12104,980082,4
12104,382,5
12104,980076,6
625,8975,0
625,8976,1
625,6949,2
625,6104,3
625,8977,4
625,8978,5
625,104795,6
8816,56391,0
8816,56392,1
8816,56393,2
8816,231318,3
8816,56394,4
8816,92422,5
8816,74712,6
830,12308,0
830,12309,1
830,7633,2
830,12310,3
830,12311,4
830,12313,5
830,12312,6
2323,1269,0
2323,23882,1
2323,12930,2
2323,11477,3
2323,23881,4
2323,15152,5
2323,13784,6
983,738,0
983,3895,1
983,290,2
983,11852,3
983,14754,4
983,14755,5
983,14756,6
642,3636,0
642,4135,1
642,9594,2
642,8260,3
642,5732,4
642,9596,5
642,9597,6
655,5048,0
655,2630,1
655,923,2
655,9892,3
655,9893,4
655,9894,5
655,2922446,6
10341,227,0
10341,2312,1
10341,4783,2
10341,2201,3
10341,5266,4
10341,57593,5
10341,14812,6
639,7904,0
639,5344,1
639,4,2
639,9257,3
639,9258,4
639,9259,5
639,9260,6
266022,57082,0
266022,21197,1
266022,167543,2
266022,1574277,3
266022,155282,4
266022,33834,5
266022,1261576,11
168450,32458,0
168450,65141,1
168450,155547,2
168450,1161700,3
168450,153867,4
168450,31532,5
168450,197607,6
30180,83981,0
30180,101813,1
30180,92563,2
30180,1012977,3
30180,567130,4
30180,533061,5
30180,95076,6
31388,16620,0
31388,42157,1
31388,130129,2
31388,1819,3
31388,15661,4
31388,18973,5
31388,21402,6
41801,3063,0
41801,23882,1
41801,135162,2
41801,3713,3
41801,27260,4
41801,6574,5
41801,82406,6
66034,3037,0
66034,6913,1
66034,4785,2
66034,5168,3
66034,2882,4
66034,16475,5
66034,34721,6
348138,39730,0
348138,167604,1
348138,5346,2
348138,1466166,3
348138,139703,4
348138,171334,5
348138,56691,6
96288,6238,0
96288,5262413,1
96288,5262419,3
96288,1596936,4
96288,5262427,5
96288,4992237,6
96288,1264401,7
61536,6837,0
61536,15531,1
61536,27563,2
61536,8977,3
61536,32389,4
61536,17495,5
61536,8695,6
18762,28848,0
18762,1922,1
18762,978,2
18762,3061,3
18762,83548,4
18762,30431,5
18762,82637,6
8077,10205,0
8077,17764,1
8077,4391,2
8077,47654,3
8077,14468,4
8077,53916,5
8077,53917,6
814,14463,0
814,14464,1
814,2171,2
814,14465,3
814,178097,4
814,14468,5
814,939,6
41671,41274,0
41671,83459,1
41671,64999,2
41671,101298,3
41671,226651,4
41671,83436,5
41671,105686,6
27214,10555,0
27214,41249,1
27214,19976,2
27214,12407,3
27214,76980,4
27214,97314,5
27214,68897,6
52263,41465,0
52263,97881,1
52263,154492,2
52263,114028,3
52263,10438,4
52263,1783347,5
52263,116233,6
33519,45396,0
33519,16578,1
33519,22072,2
33519,14463,3
33519,58814,4
33519,122124,5
33519,6487,6
16235,65508,0
16235,4521,1
16235,80135,2
16235,80136,3
16235,15668,4
16235,80137,5
16235,6561,6
11449,9274,0
11449,20011,1
11449,522,2
11449,69494,3
11449,8608,4
11449,95564,5
11449,106054,6
41848,8335,0
41848,548848,1
41848,201798,2
41848,1332201,3
41848,548850,4
41848,98473,5
41848,37422,6
25944,1646,0
25944,29915,1
25944,1072822,3
25944,29917,4
25944,44104,5
25944,1010200,6
25944,34043,7
24913,58710,0
24913,70556,1
24913,79741,2
24913,92820,3
24913,91725,4
24913,1065,5
24913,81624,6
49126,19131,0
49126,4173,1
49126,41269,2
49126,182515,3
49126,2698,4
49126,12296,5
49126,13729,6
32076,8349,0
32076,35547,2
32076,1162,3
32076,10776,4
32076,1166,5
32076,21283,6
32076,15416,7
571,6929,0
571,8229,1
571,5698,2
571,8231,3
571,5047,4
571,8232,5
571,8233,6
8851,13565,0
8851,56138,1
8851,56139,2
8851,1559631,3
8851,99826,4
8851,34209,6
8851,1585375,7
37843,66811,0
37843,15659,1
37843,4521,2
37843,11163,3
37843,77483,4
37843,52463,5
37843,154287,7
32146,20495,0
32146,30083,1
32146,21216,2
32146,47458,3
32146,1370,4
32146,85142,6
32146,95233,7
30346,2922,0
30346,1547,1
30346,10924,2
30346,14577,3
30346,106104,4
30346,106099,5
30346,106105,6
6114,64,0
6114,1920,1
6114,4173,2
6114,6384,3
6114,41381,4
6114,2130,5
6114,20766,6
229,2922,0
229,2923,1
229,2924,2
229,2925,3
229,2926,4
229,2927,5
229,2928,6
13549,8963,0
13549,936,1
13549,16523,2
13549,3380,3
13549,40618,4
13549,44691,5
13549,6463,6
9529,12519,0
9529,19384,1
9529,3982,2
9529,51864,3
9529,543193,4
9529,154095,5
9529,8445,6
1598,380,0
1598,1733,1
1598,4431,2
1598,3196,3
1598,10671,4
1598,10158,5
1598,8487,6
11349,8487,0
11349,10158,1
11349,40175,2
11349,1936,3
11349,69103,4
11349,4094,5
11349,10169,6
7340,5606,0
7340,6721,1
7340,27563,2
7340,45415,3
7340,8891,4
7340,44038,5
7340,52462,6
6217,2630,0
6217,56890,1
6217,11512,2
6217,1734,3
6217,15532,4
6217,42157,5
6217,48810,6
377,5141,0
377,5139,1
377,11163,2
377,13652,3
377,85,4
377,13657,5
377,13656,6
653,9839,0
653,9840,1
653,9841,2
653,9843,3
653,9844,4
653,9846,5
653,9842,6
28198,14277,0
28198,290,1
28198,9221,2
28198,100055,3
28198,100056,4
28198,100057,5
28198,100058,6
794,8487,0
794,855,1
794,2076,2
794,8226,3
794,11839,4
794,11840,5
794,9912,6
31640,514,0
31640,10822,1
31640,16866,2
31640,351,3
31640,3895,4
31640,6195,5
31640,129430,6
8744,2876,0
8744,6450,1
8744,33,2
8744,886,3
8744,110,4
8744,588,5
8744,34691,6
25189,10400,0
25189,1229,1
25189,517,2
25189,7570,3
25189,13920,4
25189,18364,5
25189,30585,6
145,1639,0
145,1640,1
145,1641,2
145,1642,3
145,1643,4
145,1644,5
145,1645,6
2212,3061,0
2212,4687,1
2212,16851,2
2212,16858,3
2212,1733,4
2212,3492895,5
2212,58813,6
199,2387,0
199,2388,1
199,1213786,2
199,2390,3
199,2391,4
199,2392,5
199,2393,6
7863,118,0
7863,1284,1
7863,12647,2
7863,29791,3
7863,14306,4
7863,1192653,5
7863,15340,6
12498,879,0
12498,20309,1
12498,22131,2
12498,27772,3
12498,155,4
12498,71886,5
12498,14848,6
9279,1100,0
9279,57119,1
9279,14104,2
9279,12931,3
9279,129317,4
9279,80742,5
9279,33196,6
53234,21708,0
53234,147539,1
53234,91573,2
53234,32915,3
53234,18339,4
53234,225921,5
53234,225922,6
17204,81449,0
17204,81448,1
17204,81447,2
21539,5292,0
21539,8851,1
21539,24047,2
21539,66804,3
21539,15899,4
21539,18284,5
21539,4693,6
85589,1640,0
85589,107542,1
85589,71186,2
85589,1036771,3
85589,81406,4
85589,225840,5
85589,1310024,6
12709,48576,0
12709,24421,1
12709,20234,2
12709,73937,3
12709,1973,4
12709,24532,5
12709,134216,6
20539,11856,0
20539,1920,1
20539,13324,2
20539,11148,3
20539,52374,4
20539,2843,5
20539,4004,6
11674,515,0
11674,8447,1
11674,20810,2
11674,23709,3
11674,41419,4
11674,20999,5
11674,940,6
199512,3268,0
199512,5964,1
199512,37191,2
199512,15136,3
199512,553896,4
199512,1076570,5
199512,1751833,6
64900,95899,0
64900,240050,1
64900,1546002,2
64900,20772,3
64900,13609,4
64900,1546004,5
64900,544397,6
1573,62,0
1573,7673,1
1573,6573,2
1573,22384,3
1573,22383,4
1573,7676,5
1573,11901,6
152,1748,0
152,1749,1
152,1750,2
152,1751,3
152,1752,4
152,1754,5
152,1753,6
174,1748,0
174,1749,1
174,1750,2
174,1751,3
174,1754,4
174,1753,5
174,1752,6
172,1748,0
172,1749,1
172,1750,2
172,1751,3
172,1752,4
172,1754,5
172,1753,6
154,1748,0
154,1749,1
154,1793,2
154,1750,3
154,1751,4
154,1754,5
154,1752,6
157,1748,0
157,1750,1
157,1751,2
157,1752,3
157,1754,4
157,1753,5
157,1062,6
168,1748,0
168,1749,1
168,1750,2
168,1751,3
168,1752,4
168,1754,5
168,1753,6
364,2232,0
364,518,1
364,1160,2
364,4690,3
364,3796,4
364,3798,5
364,4776,6
11967,2880,0
11967,2628,1
11967,38560,2
11967,6952,3
11967,20212,4
11967,1953,5
11967,28641,6
9086,2880,0
9086,2628,1
9086,38560,2
9086,2224,3
9086,52267,4
9086,2394,5
9086,49832,6
621,8892,0
621,8891,1
621,8893,2
621,8894,3
621,8896,4
621,8897,5
621,8898,6
9037,101908,0
9037,1160,1
9037,56752,2
9037,56753,3
9037,56754,4
9037,21063,5
9037,36039,6
10173,23880,0
10173,16754,1
10173,65827,2
10173,55270,3
10173,36059,4
10173,154716,5
10173,1212032,6
55687,38559,0
55687,57395,1
55687,6701,2
55687,61556,3
55687,1041314,4
55687,36821,6
55687,36218,7
168535,3417,0
168535,16327,1
168535,12122,2
168535,520,3
168535,30123,4
168535,138242,5
168535,1202001,6
8845,23880,0
8845,2176,1
8845,2048,2
8845,23764,3
8845,17782,4
8845,58646,5
8845,32289,6
46681,3088,0
46681,21877,1
46681,137204,2
46681,69319,4
46681,94893,5
46681,30115,6
46681,97771,7
578,6355,0
578,8606,1
578,3037,2
578,8607,3
578,8608,4
578,8609,6
578,8610,7
579,6355,0
579,8607,1
579,8608,2
579,6769,3
579,8609,4
579,8497,5
579,16197,6
17692,6065,0
17692,29710,1
17692,24743,2
17692,20959,3
17692,1063,5
17692,989,6
17692,1296367,7
17795,3151,0
17795,16896,1
17795,707,2
17795,11512,3
17795,11065,4
17795,7570,5
17795,6068,6
75,514,0
75,515,1
75,516,2
75,517,3
75,518,4
75,519,5
75,520,6
13891,4784,0
13891,12967,1
13891,2115,2
13891,5960,3
13891,11164,4
13891,22132,5
13891,9601,6
9390,500,0
9390,9137,1
9390,9777,2
9390,11164,3
9390,3035,4
9390,12217,5
9390,9788,6
378,2963,0
378,18686,1
378,4039,2
378,1230,3
378,4520,4
378,5176,5
378,3910,6
10896,3037,0
10896,518,1
10896,10767,2
10896,4251,3
10896,167823,4
10896,157444,5
10896,5950,6
2322,4135,0
2322,16897,1
2322,11064,2
2322,707,3
2322,741,4
2322,2282,5
2322,23970,6
41240,10431,0
41240,12260,1
41240,21104,2
41240,11059,3
41240,20089,4
41240,20212,5
41240,6886,6
26949,18277,0
26949,5577,1
26949,60060,2
26949,163951,3
26949,1194461,5
26949,174382,6
26949,120026,7
9819,5064,0
9819,3092,1
9819,6193,2
9819,380,3
9819,7668,4
9819,54122,5
9819,69301,6
49799,5168,0
49799,2630,1
49799,73589,2
49799,59967,3
49799,28778,4
49799,14707,5
49799,95638,6
31908,7447,0
31908,2395,1
31908,4512,2
31908,8977,3
31908,62547,4
31908,155,5
31908,57674,7
46027,1271,0
46027,65,1
46027,4691,2
46027,5313,3
46027,134529,4
46027,10132,5
46027,5372,6
3179,62,1
3179,3416,2
3179,9599,3
3179,2493,4
3179,1218045,6
3179,10866,7
3179,1757780,9
1802,17882,0
1802,19161,1
1802,19162,2
1802,14061,3
1802,19163,4
1802,16353,5
1802,19164,6
4232,15234,0
4232,9206,1
4232,14405,2
4232,26457,3
4232,16850,4
4232,22108,5
4232,6213,6
9361,11856,0
9361,289,1
9361,57449,2
9361,3203,3
9361,15853,4
9361,57448,5
9361,27764,6
2928,8891,0
2928,1533,1
2928,227,2
2928,382,3
2928,7866,4
2928,28933,5
2928,8437,6
30285,4090,0
30285,2053,1
30285,3196,2
30285,8436,3
30285,8258,4
30285,24965,5
30285,59222,6
10549,11181,0
10549,937,1
10549,204,2
10549,1666,3
10549,29859,4
10549,32357,5
10549,17328,6
58102,15735,0
58102,58068,1
58102,49735,2
58102,2482,3
58102,28743,4
58102,2441,5
58102,27659,6
18451,7132,0
18451,9137,1
18451,83145,2
18451,3907,3
18451,10488,4
18451,1813370,5
18451,1866575,6
27265,13,0
27265,8857,1
27265,52602,2
27265,14406,3
27265,11885,4
27265,64826,5
27265,1341053,6
49935,50,0
49935,6012,1
49935,24558,2
49935,5442,3
49935,144780,4
49935,55922,5
49935,39496,6
8818,3125,0
8818,3131,1
8818,378,2
8818,18065,3
8818,1306206,4
8818,1403819,5
8818,53937,6
36758,2227,0
36758,6949,1
36758,10767,2
36758,18248,3
36758,3894,4
36758,7632,5
36758,20766,6
36040,14464,0
36040,53023,2
36040,42841,3
36040,980534,4
36040,1154774,5
36040,984918,6
36040,981431,7
74239,86392,0
74239,229773,1
74239,86390,2
74239,1493,3
74239,1467891,4
74239,10823,5
74239,76138,6
9415,10814,0
9415,2882,1
9415,58663,2
9415,18326,3
9415,21278,4
9415,780,5
9415,15455,6
55146,93919,0
55146,107551,1
55146,23836,2
55146,211947,3
55146,33718,4
55146,1909598,5
55146,1524122,6
303693,15788,0
303693,7036,1
303693,20959,2
303693,1035098,3
303693,941392,4
303693,112341,5
303693,13092,6
12145,8930,0
12145,8944,1
12145,8945,2
12145,383,3
12145,71450,4
12145,152814,5
12145,10679,6
42424,26472,0
42424,8183,1
42424,16743,2
42424,128120,3
42424,128122,4
42424,128123,5
42424,128124,6
34314,11477,0
34314,34485,1
34314,2039,2
34314,1210,3
34314,10768,4
34314,29068,5
34314,2022,6
2892,28743,0
2892,28744,1
2892,27753,2
2892,28745,3
2892,28746,4
2892,28747,5
2892,28748,6
9404,18897,0
9404,120418,1
9404,120419,2
9404,44922,3
9404,90358,4
9404,86866,5
9404,1277939,6
85242,5724,0
85242,3266,1
85242,18750,2
85242,34721,3
85242,3093,4
85242,10826,5
85242,33492,6
9622,58198,0
9622,37045,1
9622,57250,2
9622,27631,3
9622,2632,4
9622,10345,5
9622,57255,6
8860,776,0
8860,56182,1
8860,56183,2
8860,56184,3
8860,4688,4
8860,10825,5
8860,56185,6
197537,16927,0
197537,136761,1
197537,59031,2
197537,38541,3
197537,37920,4
197537,1380205,6
197537,585700,7
66597,827,0
66597,13326,1
66597,121354,2
66597,1160,4
66597,166066,5
66597,50573,6
66597,109696,7
14832,31945,0
14832,4273,1
14832,143447,2
14832,143448,3
14832,11281,4
14832,169,5
14832,44636,6
9619,517,0
9619,2713,1
9619,14722,2
9619,58727,3
9619,108939,4
9619,1219410,5
9619,15414,6
40506,3198,0
40506,5578,1
40506,16475,2
40506,28010,3
40506,1668544,4
40506,47058,5
40506,78003,6
31000,2231,0
31000,2963,1
31000,4250,2
31000,8985,3
31000,12850,4
31000,1370,5
31000,10486,6
4104,85,0
4104,31140,1
4104,18992,2
4104,1231,3
4104,17485,4
4104,30485,5
4104,6486,6
26306,7499,0
26306,8655,1
26306,18977,2
26306,33654,3
26306,32225,4
26306,21412,5
26306,18657,6
43775,64846,0
43775,72644,1
43775,94914,2
43775,225028,3
43775,225031,4
43775,225032,5
43775,1676701,6
14908,74036,0
14908,923,1
14908,23959,2
14908,58563,3
14908,11357,4
14908,67711,5
14908,13472,6
784,11682,1
784,11684,2
784,11685,3
784,11686,4
784,583290,6
784,213359,7
784,45568,8
12489,3129,0
12489,54422,1
12489,9030,2
12489,12826,3
12489,6198,4
12489,35516,5
12489,25544,6
168283,41280,0
16448,13524,0
16448,26510,1
16448,20753,2
16448,11514,3
16448,75463,4
16448,1211,5
16448,7489,6
55936,82795,0
55936,71871,1
55936,223410,2
55936,223411,3
55936,223412,4
55936,223413,5
55936,39792,6
17894,10669,0
17894,53122,1
17894,4250,2
17894,3547,3
17894,8979,4
17894,8987,5
17894,102313,6
28059,1771,0
28059,7489,1
28059,18324,2
28059,18070,3
28059,1982,4
28059,6439,5
28059,56567,6
58911,144081,0
58911,9825,1
58911,133686,2
58911,3059,3
58911,34657,4
58911,77561,5
58911,63295,6
17949,5723,0
17949,4004,1
17949,21359,2
17949,6862,3
17949,146683,4
17949,92135,5
17949,3977,6
1968,14408,0
1968,3136,1
1968,4602,2
1968,115874,3
1968,21708,4
1968,6751,5
1968,20361,6
61563,2233,0
61563,4690,1
61563,22108,2
61563,74036,3
61563,11150,4
61563,12139,5
61563,21197,7
66,190,0
66,193,1
66,228,2
66,350,3
66,351,4
66,349,5
66,352,6
20735,6886,0
20735,12975,1
20735,40393,2
20735,1039,3
20735,21731,4
20735,40403,5
20735,10477,6
11419,54812,0
11419,821,1
11419,1811,2
11419,58019,3
11419,84457,4
11419,35109,5
11419,536272,6
333165,1004,0
333165,1188972,1
25796,73931,0
25796,1117,1
25796,59449,2
25796,26009,3
25796,33533,4
25796,8540,5
25796,11153,6
638,4687,0
638,8984,1
638,9296,2
638,9287,3
638,1162,4
638,9289,5
638,3270,6
25624,10182,0
25624,10127,1
25624,1896,2
25624,14888,3
25624,11628,4
25624,21215,5
25624,12132,6
9366,85,0
9366,1158,1
9366,147,2
9366,9257,3
9366,785,4
9366,8256,5
9366,6752,6
60083,51100,0
60083,230466,1
60083,230467,2
60083,1161730,3
60083,35899,4
60083,96416,5
60083,230469,6
21915,134,0
21915,88059,1
21915,2535,2
21915,59154,3
21915,84212,4
21915,11397,5
21915,1897,6
90928,2041,0
90928,104779,1
90928,5384,3
90928,21411,4
90928,92038,5
90928,95494,6
90928,544013,7
50091,16501,0
50091,33623,1
50091,37006,2
50091,7132,3
50091,39015,4
50091,54782,5
50091,15415,6
18420,1037,0
18420,10822,1
18420,16327,2
18420,10696,3
18420,975133,4
18420,64856,5
18420,140,6
19952,21721,0
19952,43120,1
19952,54789,2
19952,19505,3
19952,36422,4
19952,10430,5
19952,10361,6
9446,12898,0
9446,519,1
9446,10080,2
9446,12139,3
9446,53492,4
9446,28010,5
9446,19889,6
28005,30430,0
28005,20275,1
28005,178622,2
28005,5471,3
28005,109621,4
28005,932818,5
28005,96343,6
9403,58098,0
9403,176012,1
9403,1980,2
9403,1049208,3
9403,13242,4
9403,1220726,5
9403,545850,6
27322,18291,0
27322,9781,1
27322,21353,2
27322,77896,3
27322,55274,4
27322,1142326,5
27322,79538,6
10003,5576,0
10003,1951,1
10003,1118,2
10003,7030,3
10003,2629,4
10003,742,5
10003,146399,6
9311,15887,0
9311,5168,1
9311,194,2
9311,388,3
9311,207,4
9311,1162,5
9311,13333,6
11844,17782,0
11844,70684,1
11844,70685,2
11844,70686,3
11844,1620459,4
11844,65733,5
11844,112827,6
884,13548,0
884,18686,1
884,13550,2
884,13549,3
884,2165,4
884,229,5
884,13552,6
49806,15250,0
49806,1174793,1
49806,32394,2
49806,7489,3
49806,23626,4
49806,55152,5
49806,2283,6
1624,206,0
1624,16307,1
1624,18190,2
1624,2130,3
1624,11718,4
1624,18191,5
1624,12967,6
88423,1040111,0
88423,37293,1
88423,1001714,2
88423,1001715,3
88423,1623896,4
88423,1623897,5
16052,16866,0
16052,1242291,1
16052,92326,2
16052,13642,3
16052,288,4
16052,587,5
16052,16429,6
4477,3,0
4477,287,1
4477,8985,2
4477,2049,3
4477,4515,4
4477,38337,5
4477,14312,6
24662,2154,0
24662,77353,1
24662,95791,2
24662,82630,3
24662,1227071,4
24662,15831,5
24662,27726,6
18423,4587,0
18423,83099,1
18423,2641,2
18423,385,3
18423,52332,4
18423,83101,5
18423,42974,6
76996,3068,0
76996,1518,1
76996,79105,2
76996,38784,3
76996,8329,4
76996,75193,5
76996,186977,6
6499,50096,0
6499,50097,1
6499,50098,2
6499,56513,3
6499,52048,4
6499,56895,5
6499,56897,6
50512,1957,0
50512,48,1
50512,658,2
50512,18658,3
50512,1292,4
50512,10981,5
50512,6413,6
9405,15111,0
9405,21397,1
9405,2295,2
9405,652,3
9405,132716,4
9405,24591,5
9405,141014,6
12723,73421,0
12723,882,1
12723,6161,2
12723,8289,3
12723,59662,4
12723,1907,5
12723,883,6
9360,16866,0
9360,9778,1
9360,10127,2
9360,7036,3
9360,8537,4
9360,887,5
9360,56152,6
9434,3036,0
9434,6613,1
9434,707,2
9434,3234,3
9434,1903,4
9434,5587,5
9434,12799,6
118991,7036,0
118991,13548,1
118991,13549,2
118991,59662,3
118991,12132,4
118991,21277,5
118991,5563,6
21626,27125,0
21626,12978,1
21626,63791,2
21626,1193401,3
21626,1513189,4
21626,1513190,5
21626,1235368,6
13982,4517,0
13982,25990,1
13982,56128,2
13982,3230,3
13982,3267,4
13982,40403,5
13982,60950,6
93946,42993,0
93946,10985,1
93946,20810,2
93946,973,3
93946,6218,4
93946,192940,5
93946,590162,6
77223,515,0
77223,3910,1
77223,83437,2
77223,112,3
77223,25654,4
77223,49971,5
77223,42134,6
31465,2053,0
31465,13240,1
31465,25654,2
31465,16433,3
31465,59750,4
31465,8962,5
31465,94554,6
12793,2841,0
12793,61111,1
12793,6614,2
12793,54453,3
12793,18660,4
12793,52647,5
12793,47774,6
102878,18461,0
102878,1216139,1
102878,57389,2
102878,1651042,3
102878,14702,4
102878,4810,5
102878,5723,6
105763,24501,0
105763,34595,1
105763,48664,2
105763,20918,3
105763,1359873,4
105763,48665,5
105763,1090444,6
9611,23931,0
9611,14406,1
9611,21197,2
9611,10697,3
9611,19455,4
9611,149209,5
9611,90658,6
47694,69637,0
47694,643,1
47694,554850,2
47694,64987,3
47694,228914,4
47694,554851,5
47694,554852,6
10357,2176,0
10357,8256,1
10357,12930,2
10357,1896,3
10357,56485,4
10357,65827,5
10357,38405,6
9977,351,0
9977,4783,1
9977,1164,2
9977,12206,3
9977,3052,4
9977,118,5
9977,61340,6
816,12073,0
816,13918,1
816,13919,2
816,13920,3
816,9208,4
816,13922,5
816,13923,6
2163,6856,0
2163,22131,1
2163,8183,2
2163,22132,3
2163,22133,4
2163,16937,5
2163,22134,6
124680,1118,0
124680,1345951,1
124680,7244,2
124680,20982,3
124680,1440014,4
16399,18992,0
16399,14405,1
16399,57829,2
16399,17488,3
16399,1207046,4
16399,59662,5
16399,31514,6
124843,18315,0
124843,204122,1
124843,51539,2
124843,75602,3
124843,67787,4
124843,1983,5
124843,32287,6
31017,22461,0
31017,2628,1
31017,7268,2
31017,522,3
31017,11885,4
31017,8349,5
31017,7166,6
24645,650,0
24645,10361,1
24645,21733,2
24645,41249,3
24645,12214,4
24645,92111,5
24645,66297,6
49478,2464,0
49478,533016,1
49478,6407,2
49478,995587,3
49478,1219513,4
49478,17005,5
49478,2365102,6
12499,2157,0
12499,7904,1
12499,15886,2
12499,2630,3
12499,12790,4
12499,21089,5
12499,83362,6
18,62,0
18,63,1
18,64,2
18,65,3
18,66,4
18,8395,5
18,591,6
68545,477,0
68545,11278,1
68545,27122,2
68545,1221810,3
68545,47590,4
68545,202120,5
68545,178608,6
1811,1582,0
1811,19222,1
1811,19223,2
1811,20710,3
1811,5578,4
1811,33676,5
1811,1424956,6
109614,15735,0
109614,26467,1
109614,2222,2
109614,1217850,3
109614,1385936,4
109614,198873,5
109614,50774,6
60082,141823,0
60082,45245,1
60082,56902,2
60082,54423,3
60082,15864,5
60082,21009,6
60082,1214131,7
24183,51325,0
24183,45152,1
24183,227882,2
24183,227883,3
24183,227884,4
24183,227885,5
24183,1362321,6
53023,28150,0
53023,147065,1
53023,147066,2
53023,147067,3
53023,147068,4
53023,1560808,5
53023,1560809,6
64802,1206,0
64802,57093,1
64802,159840,2
64802,157428,3
64802,21179,4
64802,20301,5
64802,5589,6
11239,18056,0
11239,68703,1
11239,68704,2
11239,68705,3
11239,13283,4
11239,68706,5
11239,990589,6
50850,166534,0
50850,140527,1
50850,228285,2
50850,42208,3
50850,134693,4
50850,20215,5
50850,7505,6
15321,7026,0
15321,147877,1
15321,15336,2
15321,1222237,3
15321,54014,4
15321,585957,5
15321,1232086,6
2058,5344,0
2058,4756,1
2058,11164,2
2058,10698,3
2058,21151,4
2058,21152,5
2058,21153,6
9450,4935,0
9450,47615,1
9450,3061,2
9450,47629,3
9450,20070,4
9450,25532,5
9450,1231840,6
125021,8436,1
125021,79866,2
330,4785,0
330,1231,1
330,4935,2
330,3229,3
330,4786,4
330,4937,5
330,4938,6
38523,5315,0
38523,1158431,1
38523,120627,2
38523,37189,3
38523,1158453,4
38523,1158454,5
38523,583401,6
16375,80481,1
16375,12831,2
16375,16460,3
16375,141762,4
16375,1567208,5
16375,2122662,6
16375,4231273,7
33660,6914,0
33660,57127,1
33660,32479,2
33660,522,3
33660,156432,4
33660,43366,5
33660,21030,6
59232,2880,0
59232,8534,1
59232,8349,2
59232,70696,3
59232,17832,4
59232,21563,5
59232,20631,6
45671,2233,0
45671,934,1
45671,388,2
45671,87956,3
45671,9601,4
45671,55259,5
45671,1080265,6
17770,50807,0
17770,8447,1
17770,6885,2
17770,42707,3
17770,6168,4
17770,9626,5
17770,104998,6
15170,14343,0
15170,1923,1
15170,10697,2
15170,43853,3
15170,5129,4
15170,103833,5
15170,91495,6
1701,2963,0
1701,3036,1
1701,6949,2
1701,10182,3
1701,34,4
1701,4169,5
1701,17782,6
201445,3462677,0
201445,1075130,1
201445,1214299,2
201445,93523,4
201445,110999,5
201445,995567,6
201445,154229,7
26422,69033,0
26422,21663,1
26422,95345,2
26422,95346,3
26422,3061,4
26422,1153049,5
26422,555631,6
124642,81821,0
124642,67780,1
124642,20442,2
124642,239336,3
124642,1178985,4
124642,145119,6
124642,1178986,7
1639,18277,0
1639,12261,1
1639,5293,2
1639,7242,3
1639,18280,4
1639,2683,5
1639,13023,6
49235,141910,0
49235,141911,1
49235,141912,2
49235,141913,3
49235,21709,4
49235,141914,5
49235,141915,6
106129,66496,0
106129,40275,1
106129,16407,2
106129,9565,3
106129,113919,4
106129,117190,5
106129,91033,6
291634,4944,0
291634,156980,1
291634,1643257,2
291634,78190,3
291634,13638,4
291634,78603,5
291634,2010519,6
107743,7796,0
107743,82406,1
107743,63681,2
107743,38405,3
107743,6396,4
107743,226651,5
107743,1270,6
415,1461,0
415,5577,1
415,1100,2
415,139,3
415,5588,4
415,3796,5
415,3798,6
47686,15234,0
47686,65732,1
47686,49824,2
47686,186526,3
47686,14702,4
47686,5169,5
47686,7472,6
65889,1003,0
65889,2167,1
65889,6416,2
65889,183176,3
65889,42996,4
65889,102754,5
65889,106350,6
11103,1037,0
11103,6941,1
11103,1954,2
11103,4138,3
11103,42290,4
11970,15455,0
11970,20903,1
11970,45566,2
11970,518,3
11970,4512,4
11970,86128,5
11970,95024,6
34941,11155,0
34941,6384,1
34941,3490,2
34941,42746,3
34941,4174,4
34941,10380,5
34941,19838,6
407992,11903,0
407992,52003,1
407992,10130,2
407992,1339720,3
407992,1655988,4
407992,1655991,5
407992,80165,6
8874,1204,0
8874,20212,1
8874,6941,2
8874,4757,3
8874,6541,4
8874,588,5
8874,3052,6
17991,67091,0
17991,126453,2
17991,543812,3
17991,224454,4
17991,554880,5
17991,554881,6
17991,554882,7
11956,71776,0
11956,5445,1
11956,64550,2
11956,71777,3
11956,10917,4
11956,73828,5
11956,20672,6
266,3783,0
266,3784,1
266,3785,2
266,3786,3
266,3787,7
754,8891,0
754,2963,1
754,11148,2
754,4941,3
754,11150,4
754,11149,5
754,3907,7
37567,68185,0
37567,3123,1
37567,25848,2
37567,118043,3
37567,92774,4
37567,118045,5
37567,118046,6
43771,998513,0
43771,998514,1
43771,1806055,2
43771,1806056,3
43771,1806057,4
124834,41193,0
124834,81425,1
124834,1567844,2
124834,1465163,3
124834,1567849,4
124834,1567850,5
124834,1567851,6
249358,11278,0
249358,18750,1
249358,5658,2
249358,22383,3
249358,24627,4
249358,1218934,5
249358,1256066,6
111367,1366709,0
111367,72331,2
111367,1130458,3
111367,9005,4
111367,1161618,5
111367,39344,6
111367,554590,7
607,2176,0
607,2888,1
607,9625,2
607,7132,3
607,9626,4
607,4252,5
607,6751,6
18080,3151,0
18080,6837,1
18080,40403,2
18080,1213786,3
18080,120306,4
18080,36802,5
18080,133670,6
38225,53283,0
38225,82519,1
38225,50398,2
38225,3713,3
38225,2977,4
38225,3801,5
38225,2047,6
17834,519,0
17834,3391,1
17834,11717,2
17834,7866,3
17834,43247,4
17834,17918,5
17834,15532,6
686,1038,0
686,10297,1
686,4512,2
686,5049,3
686,4139,4
686,886,5
686,52,6
65046,502,0
65046,240289,1
65046,148899,2
65046,1696164,3
65046,91400,4
65046,1696165,5
4421,3416,0
4421,110,1
4421,9779,2
4421,31532,3
4421,37205,4
4421,8767,5
4421,37206,6
9387,1100,0
9387,15152,1
9387,2201,2
9387,45378,3
9387,100563,4
9387,98473,5
9387,4330,6
10603,18269,0
10603,41087,1
10603,19159,2
10603,8930,3
10603,6487,4
10603,21132,5
10603,11318,6
2142,16483,0
2142,1037,1
2142,11477,2
2142,380,3
2142,21197,5
2142,418,6
2142,4688,7
38904,13333,0
38904,11317,1
38904,10648,2
38904,70881,3
38904,58079,4
38904,17286,5
38904,11282,6
45565,6194,0
45565,9642,1
45565,14812,2
45565,19210,3
45565,942055,4
45565,1193064,5
45565,2241029,6
9407,1205,0
9407,39126,1
9407,11367,2
9407,57748,3
9407,14849,4
9407,53963,5
9407,10075,6
4824,62,0
4824,1205,1
4824,16897,2
4824,6200,3
4824,18999,4
4824,44233,5
4824,167561,6
9444,5344,0
9444,3036,1
9444,7090,2
9444,1062,3
9444,5587,4
9444,40389,5
9444,205,6
9414,1532,0
9414,8212,1
9414,12656,2
9414,658,3
9414,47874,4
9414,11282,5
9414,16273,6
8078,10205,0
8078,1920,1
8078,2413,2
8078,2372,3
8078,40276,4
8078,7486,5
8078,170146,6
29938,99237,0
29938,105289,2
29938,105290,3
29938,175658,4
29938,105292,5
29938,105293,6
29938,100545,7
11831,192,0
11831,15788,1
11831,4173,2
11831,938,3
11831,10297,4
11831,19839,5
11831,4935,6
2895,3087,0
2895,28768,1
2895,8436,2
2895,38571,3
2895,27740,4
2895,879,5
2895,28767,6
39177,21965,0
39177,12270,1
39177,48791,2
39177,72246,3
39177,19117,4
39177,9005,5
39177,18814,6
19601,38524,0
19601,2296,1
19601,1327,3
19601,1428,4
19601,6162,5
19601,200365,6
19601,11278,7
124606,238147,0
124606,11803,1
124606,1487594,2
124606,121667,3
124606,1274315,4
124606,173833,5
124606,1109526,6
42832,86618,0
42832,38526,1
42832,142995,2
42832,81422,3
42832,79615,4
42832,553516,5
42832,554829,6
22797,17779,0
22797,89390,1
22797,10981,2
22797,9029,3
22797,10985,4
22797,42838,5
22797,2468,6
2639,351,1
2639,1796,2
2639,1951,3
2639,7904,4
2639,12438,5
2639,91756,6
2639,27564,7
9574,2157,0
9574,4726,1
9574,4443,2
9574,10361,3
9574,6574,4
9574,8631,5
9574,15854,6
10371,12898,0
10371,1796,1
10371,4201,2
10371,1211,3
10371,6067,4
10371,4250,5
10371,74354,6
489,1892,0
489,2157,1
489,880,2
489,1640,3
489,6613,4
489,1893,5
489,6614,6
167738,7132,0
167738,15250,1
167738,180775,2
167738,5131,3
167738,4255,4
167738,6321,5
167738,9289,6
293820,171294,0
293820,149425,1
293820,41688,2
293820,75602,3
293820,1386512,4
293820,39598,5
293820,3570444,6
9714,15789,0
9714,53573,1
9714,58724,2
9714,15799,3
9714,76526,4
9714,16181,5
9714,114021,6
102406,938,0
102406,13308,1
102406,93538,2
102406,70243,3
102406,38951,4
102406,62851,5
102406,2661138,6
531591,51359,0
531591,47296,1
531591,56853,2
531591,46596,3
531591,1408162,4
531591,57082,5
531591,1340662,6
8197,3036,0
8197,1979,1
8197,9642,2
8197,389,3
8197,12536,4
8197,43853,5
8197,54041,6
6283,78729,0
6283,7400,1
6283,14723,2
6283,7868,3
6283,4976,4
6283,2169,5
6283,168331,6
279698,19578,0
279698,1203433,1
279698,20011,2
279698,20173,3
279698,65827,4
279698,170898,5
279698,1978284,6
49728,10556,0
49728,21625,1
49728,10478,2
49728,23378,3
49728,142261,4
49728,85566,5
49728,143237,6
64562,38524,0
64562,3711,1
64562,268179,2
64562,156809,3
64562,77522,4
4233,9206,0
4233,14405,1
4233,15234,2
4233,3035,3
4233,18082,4
4233,6213,5
4233,12133,6
191874,104053,0
191874,179270,1
191874,52023,2
191874,69130,3
191874,58169,4
191874,1341440,5
191874,103877,6
10217,65,0
10217,98,1
10217,64712,2
10217,58804,3
10217,19958,4
10217,213388,5
10217,7868,6
438108,98121,0
438108,32541,2
438108,27993,3
438108,32542,4
438108,2336493,5
438108,1844925,6
597,6193,0
597,204,1
597,1954,2
597,8534,3
597,3713,4
597,8535,5
597,2053,6
714,517,0
714,378,1
714,1620,2
714,10742,3
714,10743,4
714,10744,5
714,10671,6
52537,10366,0
52537,146159,1
52537,146160,2
52537,146161,3
52537,71824,4
52537,31367,5
52537,146162,6
12799,59807,0
12799,49859,1
12799,73650,2
12799,73651,3
12799,73652,4
12799,38865,5
62394,2505,0
62394,7863,1
62394,24525,2
62394,21027,3
62394,32887,4
62394,1527160,5
62394,6804,6
9922,1269,0
9922,883,1
9922,18291,2
9922,11616,3
9922,785,4
9922,1473,5
9922,60642,6
547,4135,0
547,5470,1
547,4783,2
547,1245,3
547,1902,4
547,2955,5
547,1956,6
25994,7056,0
25994,17787,1
25994,47404,2
25994,1645,3
25994,94502,4
25994,94503,5
25994,11179,6
184,2230,0
184,2231,1
184,380,2
184,2233,3
184,2232,4
184,5694,5
184,2234,6
9746,58856,0
9746,58857,1
9746,58858,2
9746,58859,3
9746,1525270,4
9746,1525272,5
9746,2751180,6
9438,7633,0
9438,6473,1
9438,35598,2
9438,18461,3
9438,537,4
9438,8874,5
9438,9278,6
115,1229,0
115,1230,1
115,1231,2
115,884,3
115,1232,4
115,1233,5
115,1234,6
26941,1733,0
26941,1666,1
26941,6684,2
26941,9012,3
26941,27493,4
26941,2462200,5
26941,77286,6
27103,96981,0
27103,35962,1
27103,49946,2
27103,1141,3
27103,1895545,4
27103,96982,5
27103,230074,6
9410,569,0
9410,12052,1
9410,5587,2
9410,2955,3
9410,10774,4
9410,380,5
9410,33489,6
32302,11395,0
32302,166701,1
32302,16620,2
32302,34735,3
32302,12899,4
32302,113713,5
32302,1200718,6
216794,60650,0
216794,1201332,1
216794,6168,2
216794,1217626,3
216794,1227935,4
88863,71913,0
88863,87117,1
88863,171293,2
88863,58924,3
88863,19384,4
88863,19767,5
88863,36424,6
154821,3008,0
41417,126418,0
41417,349,1
41417,2179,2
41417,4520,3
41417,117084,4
41417,46899,5
41417,107491,6
12538,9562,0
12538,60950,1
12538,26457,2
12538,9626,3
12538,39464,4
12538,1370,5
12538,154224,6
586,4483,0
586,380,1
586,8256,2
586,57755,3
586,5724,4
586,8261,5
586,8263,6
2666,17328,0
2666,227,1
2666,2628,2
2666,6161,3
2666,13474,4
2666,385,5
2666,27752,6
46338,32362,0
46338,27391,1
46338,2192,2
46338,9030,3
46338,22,4
46338,2076,5
46338,175977,6
54007,4787,0
54007,42169,1
54007,74954,2
54007,112085,4
54007,181527,6
54007,10489,7
54007,18972,8
11258,192,0
11258,2224,1
11258,6613,2
11258,1811,3
11258,68812,4
11258,71727,5
11258,15413,6
9490,4169,0
9490,57690,1
9490,16846,2
9490,8695,3
9490,19222,4
9490,63208,5
9490,15864,6
9411,5292,0
9411,1230,1
9411,55636,2
9411,6368,3
9411,4691,4
9411,13550,5
9411,18272,6
25719,5346,0
25719,56778,1
25719,3967,2
25719,185426,3
25719,1380112,4
25719,1380113,5
25719,1380114,6
9033,4690,0
9033,21354,1
9033,3130,2
9033,328,3
9033,21315,4
9033,56745,5
9033,56576,6
11220,66761,0
11220,56816,1
11220,43661,2
11220,66762,3
11220,57831,4
11220,12464,5
11220,1619797,6
21253,1903,0
21253,87336,1
21253,87335,2
21253,87337,3
21253,55825,4
21253,87338,5
21253,8600,6
6116,47983,0
6116,47984,1
6116,47985,2
6116,47986,3
6116,47987,4
6116,20766,5
6116,68384,6
9457,4515,0
9457,10696,1
9457,16293,2
9457,18916,3
9457,15853,4
9457,14325,5
9457,973,6
281289,1376291,0
281289,1376292,1
281289,4266978,2
281289,2611096,3
281289,209573,4
281289,5408889,5
281289,1784447,6
43911,18694,0
43911,8349,1
43911,1050333,2
43911,1050334,3
43911,1050335,4
43911,240307,5
43911,6952,6
39424,9642,0
39424,7906,1
39424,15370,2
39424,17495,3
39424,4154,4
39424,4602,5
39424,12799,6
44361,134110,0
44361,935025,1
11702,1619,0
11702,23931,1
11702,12132,2
11702,10885,3
11702,920,4
11702,1844,5
11702,11160,6
2923,18514,0
2923,15440,1
2923,4757,2
2923,1244,3
2923,28897,4
2923,10985,5
2923,27659,6
12238,15860,0
12238,72179,1
12238,64221,2
12238,72180,3
12238,72181,4
12238,1953660,5
12238,240307,6
11568,707,0
11568,1230,1
11568,3977,2
11568,7908,3
11568,69924,4
11568,44999,5
11568,70146,6
41577,1053788,1
41577,84045,2
41577,133886,3
41577,133887,4
41577,67091,5
41577,126453,6
41577,68704,7
66894,12977,0
66894,75696,1
66894,56902,2
66894,59568,3
66894,5726,4
66894,86462,5
66894,52416,6
11003,19292,0
11003,69597,1
11003,15286,2
11003,20818,3
11003,1219226,4
11003,85171,5
11003,15276,6
10153,4483,0
10153,4430,1
10153,2231,2
10153,9979,3
10153,23626,4
10153,15758,5
10153,1525534,6
47112,9029,0
47112,658,1
47112,125486,2
47112,2039,3
47112,145414,4
47112,3201,5
47112,1234615,6
102732,32362,0
102732,14698,1
102732,18750,2
102732,548090,3
102732,2694,4
102732,59662,5
30949,57755,0
30949,11150,1
30949,1951,2
30949,6270,3
30949,4688,4
30949,2838,5
30949,55270,6
2898,514,0
2898,9994,1
2898,17141,2
2898,9777,3
2898,28778,4
2898,10135,5
2898,5586,6
9558,4690,0
9558,16560,1
9558,2975,2
9558,2561,3
9558,10814,4
9558,59109,5
9558,59110,6
320011,10825,0
320011,7268,1
320011,7004,2
320011,540,3
320011,10000,4
320011,64517,5
320011,8345,6
26269,3636,0
26269,4038,1
26269,193,2
26269,368,3
26269,8893,4
26269,16896,5
26269,4808,6
11808,2176,0
11808,10814,1
11808,3223,2
11808,532,3
11808,18794,4
11808,43774,5
11808,43772,6
6970,51670,0
6970,8229,1
6970,51671,2
6970,1006021,3
6970,51672,4
6970,94289,5
6970,22,6
47452,5049,0
47452,19143,1
47452,55153,2
47452,93839,3
47452,108890,4
47452,7868,5
47452,189427,6
18205,7368,0
18205,955272,1
18205,3136,2
18205,52745,3
18205,76871,4
18205,16408,5
18205,112208,6
36943,154520,0
36943,214613,1
36943,980328,2
36943,1114602,3
36943,4323,4
36943,591,5
36943,108262,6
21736,3896,0
21736,135673,1
21736,136283,3
21736,239171,4
17941,4431,0
17941,12052,1
17941,51670,2
17941,13026,3
17941,5578,4
17941,140344,5
17941,76526,6
10668,4690,0
10668,9976,1
10668,54789,2
10668,12217,3
10668,23958,4
10668,16478,5
10668,42133,6
9313,6193,0
9313,5168,1
9313,16940,2
9313,6949,3
9313,16927,4
9313,57298,5
9313,73937,6
42807,10297,0
42807,22108,1
42807,569,2
42807,7132,3
42807,20309,4
42807,2859,5
42807,25654,6
617,4724,0
617,2876,1
617,9206,2
617,9205,3
617,9207,4
617,1532,5
617,9209,6
36568,4800,0
36568,4252,1
36568,11159,2
36568,52374,3
36568,17187,4
36568,12217,5
36568,67393,6
37272,4937,0
37272,2140,1
37272,16484,2
37272,1443624,3
37272,50398,4
37272,3230,5
37272,4051,6
5910,13255,1
5910,137029,2
5910,4990,3
5910,20335,4
5910,46582,5
5910,934322,6
5910,1190515,7
9440,8891,0
9440,7056,1
9440,879,2
9440,76215,3
9440,16307,4
9440,925,5
9440,6840,6
53092,17346,0
53092,9976,1
53092,2536,2
53092,32747,3
53092,170991,4
53092,1391363,5
53092,1178327,6
32911,5724,0
32911,33528,1
32911,12929,2
32911,65002,3
32911,1328126,4
32911,20187,5
32911,12041,6
44308,9137,0
44308,2040,1
44308,25654,2
44308,32486,3
44308,10694,4
44308,10539,5
44308,18649,6
124821,59662,0
124821,21043,1
124821,54789,2
124821,1397903,3
124821,1397904,4
124821,103833,5
124821,51338,6
32456,3223,0
32456,69122,1
32456,3270,2
32456,37207,3
32456,55254,4
93350,34485,0
93350,12833,1
93350,32362,2
93350,10401,3
93350,86310,4
93350,119227,5
93350,18285,6
62695,73913,0
62695,2970495,1
62695,3160042,2
32144,289,0
32144,11181,1
32144,227,2
32144,1162,3
32144,10401,4
32144,164004,5
32144,1223770,6
17127,4491,0
17127,22226,1
17127,21278,2
17127,15788,3
17127,59872,4
17127,68122,5
17127,19,6
40688,8167,0
40688,778,1
40688,2778,2
40688,8544,3
40688,3205,4
40688,5139,5
40688,22132,6
17133,6473,0
17133,879,1
17133,5587,2
17133,32362,3
17133,11864,4
17133,12836,5
17133,12074,6
19848,105880,0
19848,1897,1
19848,134,2
19848,9778,3
19848,18288,4
19848,61981,5
19848,32646,6
17644,31031,0
17644,4940,1
17644,38337,2
17644,12452,3
17644,21293,4
17644,110887,5
17644,1238150,6
1774,557874,2
1774,1267179,4
1774,116341,5
1774,94743,6
1774,4002405,7
1774,4038624,8
1774,4038627,9
30265,16940,0
30265,643,1
30265,1338,2
30265,105940,3
30265,2049,4
30265,15440,5
30265,78429,6
558884,52415,0
558884,11675,1
558884,1498152,2
558884,2910037,3
558884,3823177,4
558884,3271488,5
558884,589130,6
2157,227,0
2157,14407,1
2157,13920,2
2157,69122,3
2157,64,4
2157,22082,5
2157,135526,6
70581,934,0
70581,16145,1
70581,558906,2
70581,34657,3
70581,83769,4
70581,1764331,5
70581,75742,6
8838,62,0
8838,7447,1
8838,8186,2
8838,8687,3
8838,21165,4
8838,53963,5
8838,154883,6
29193,67773,0
29193,55152,1
29193,856,2
29193,27267,3
29193,10743,4
29193,7427,5
29193,3541,6
795,2963,0
795,5344,1
795,6861,2
795,11901,3
795,10132,4
795,11902,5
795,11903,6
16980,2838,0
16980,3967,1
16980,78190,2
16980,60060,3
16980,35598,4
16980,2692,5
16980,3130,6
27472,3151,0
27472,6837,1
27472,18262,2
27472,55265,3
27472,1224165,4
27472,36554,5
27472,11870,6
47881,7904,0
47881,1445726,1
47881,8183,2
47881,36059,3
47881,57167,4
47881,14833,5
47881,198,6
9469,5292,0
9469,57685,1
9469,5916,2
9469,63,3
9469,57686,4
9469,13726,5
9469,4774,6
12488,11181,0
12488,6368,1
12488,3223,2
12488,589,3
12488,13022,4
12488,10696,5
12488,52404,6
98499,4688,0
98499,3127,1
98499,27858,2
98499,18472,3
98499,15276,4
98499,18298,5
98499,6542,6
81367,38334,0
81367,14592,1
81367,4689,2
81367,24525,3
81367,215588,4
81367,2828406,5
81367,1219316,6
267,3810,0
267,3809,1
267,3808,2
267,3822,3
267,3811,4
267,955,5
267,3812,6
16148,8984,0
16148,7399,1
16148,31070,2
16148,21165,3
16148,15276,4
16148,79649,6
16148,79651,7
21252,5538,0
21252,37759,1
21252,8397,2
21252,113523,3
21252,72316,4
21252,113528,5
21252,113529,6
73135,88750,0
73135,167090,1
73135,57055,2
73135,203878,3
73135,171419,4
73135,4199,5
73135,170991,7
9449,1230,0
9449,20999,1
9449,388,2
9449,9139,3
9449,1879755,4
9449,10993,5
9449,1228960,6
6264,32203,0
6264,25541,1
6264,3491,2
6264,9126,3
6264,1646,4
6264,34901,5
6264,2372,6
90414,1000950,0
90414,19505,1
90414,98950,2
90414,151384,3
90414,10489,4
90414,157405,5
90414,1219831,6
188870,1453447,0
188870,182600,1
188870,1453448,2
188870,105106,3
188870,1453449,4
188870,1453450,5
188870,1389799,6
215373,5724,0
215373,28641,1
215373,37946,2
215373,1010,3
215373,8540,4
215373,21382,5
215373,16047,6
78149,10713,0
78149,31070,1
78149,35549,2
78149,61109,3
78149,16483,4
78149,2395,5
78149,18897,6
15513,14409,0
15513,11662,1
15513,15441,2
15513,5149,3
15513,25308,4
15513,20750,5
15513,56152,6
31220,3037,0
31220,40279,1
31220,47458,2
31220,6751,3
31220,10871,4
31220,20814,5
31220,10437,6
13907,92563,2
13907,92564,3
13907,92565,4
13907,92566,5
13907,92567,6
13907,7621,7
13907,92568,8
29825,8654,0
29825,2229,1
29825,589,2
29825,101908,3
29825,19189,4
29825,104997,5
29825,20751,6
10622,18897,0
10622,66055,1
10622,66056,2
10622,1426133,3
10622,60464,4
10622,1426135,5
10622,150536,6
30020,117528,0
30020,117529,1
30020,117531,2
30020,117532,3
30020,3875705,4
30020,117530,5
30020,554586,6
17139,13514,0
17139,45754,1
17139,79448,2
17139,143010,3
17139,1241993,4
17139,78803,5
17139,21450,6
34582,63765,0
34582,63763,1
34582,112598,2
34582,224566,3
34582,76612,4
34582,1560202,5
34582,85151,6
10216,147,0
10216,57395,1
10216,19838,2
10216,34,3
10216,10477,4
10216,2505,5
10216,41819,6
9771,2154,0
9771,21246,1
9771,352,2
9771,147489,3
9771,64733,4
9771,132729,5
9771,27740,6
24560,6106,0
24560,14886,1
24560,35598,2
24560,135162,3
24560,91849,4
24560,3871050,5
24560,18270,6
76330,535801,2
76330,401955,3
76330,401763,4
76330,578365,5
76330,2732119,6
76330,401764,7
76330,401956,8
9448,13240,0
9448,38560,1
9448,18979,2
9448,92866,3
9448,822,4
9448,44222,5
9448,71913,6
38618,27763,0
38618,21817,1
38618,27764,2
38618,75790,3
38618,13098,4
38618,152522,5
38618,231649,6
18316,723,0
18316,7470,1
18316,55725,2
18316,18272,3
18316,6110,4
18316,101396,5
18316,101397,6
78373,33654,0
78373,56857,1
78373,87018,2
78373,58019,3
78373,34486,4
78373,33487,5
78373,21710,6
77514,235063,0
77514,273965,1
77514,256457,2
77514,1397898,4
77514,401898,5
77514,128911,6
77514,2072799,8
49474,18023,0
49474,18066,1
49474,2598,2
49474,34715,3
49474,118614,4
49474,35018,5
49474,2220,6
4415,3896,0
4415,118,1
4415,139,2
4415,6194,3
4415,37168,4
4415,386,5
4415,67989,6
39467,18269,0
39467,59662,1
39467,37042,2
39467,10607,3
39467,112099,4
39467,18271,6
39467,21731,7
55561,3051,0
55561,7489,1
55561,14406,2
55561,10402,3
55561,1064534,4
55561,4171,5
55561,6213,6
8656,3087,0
8656,4939,1
8656,109,2
8656,13333,3
8656,192,4
8656,12150,5
8656,2505,6
209345,58170,0
209345,1229549,1
209345,10447,2
209345,1239406,3
209345,30608,4
209345,14541,5
209345,1172974,6
58680,9575,0
58680,88059,1
58680,84077,2
58680,138897,3
58680,83102,4
58680,4169,5
58680,45245,6
35161,229,0
35161,1225397,1
35161,17258,2
35161,262720,3
35161,59597,4
35161,1199004,5
35161,98,6
35796,6807,0
35796,4443,1
35796,8183,2
35796,14888,3
35796,11617,4
35796,94974,5
35796,11867,6
18937,7523,0
18937,18015,1
18937,2130,2
18937,1233527,3
18937,64,4
18937,10713,5
18937,7167,6
929,4756,0
929,1003,1
929,3208,2
929,5587,3
929,14721,4
929,4250,5
929,6008,6
9452,6449,0
9452,4587,1
9452,1643527,2
9452,100592,3
9452,1328,4
9452,3206,5
9452,94752,6
1878,85,0
1878,1121,1
1878,2219,2
1878,52273,3
1878,94304,4
1878,2544322,5
1878,381,6
9844,6886,0
9844,42993,1
9844,14406,2
9844,11059,3
9844,16478,4
9844,10128,5
9844,38583,6
40505,3140117,0
40505,83101,1
40505,119884,2
40505,9778,3
40505,8396,4
40505,111872,5
40505,216119,6
14342,58198,0
14342,14408,1
14342,71913,2
14342,8214,3
14342,26510,4
14342,9146,5
14342,41517,6
9715,18277,0
9715,18688,1
9715,4800,2
9715,52404,3
9715,60650,4
9715,215830,5
9715,11074,6
26610,1640,0
26610,1671,1
26610,67988,2
26610,552325,3
26610,226170,4
26610,552326,5
26610,67006,6
20064,11864,0
20064,2630,1
20064,47879,2
20064,28778,3
20064,57773,4
20064,91415,5
20064,84685,6
40961,76836,0
40961,2520027,2
40961,1085972,3
40961,206524,4
40961,1085973,5
40961,1085974,6
40961,1085975,7
1965,3392,0
1965,12052,1
1965,110,2
1965,20277,3
1965,20275,4
1965,1170,5
1965,55272,6
312,4529,0
312,4530,1
312,4531,2
312,4532,3
312,4533,4
312,4534,5
312,4535,6
6068,8256,0
6068,3,1
6068,14409,2
6068,49818,3
6068,7242,4
6068,19,5
6068,7248,6
15037,33259,0
15037,58019,1
15037,13389,2
15037,54470,3
15037,56857,4
15037,13922,5
15037,154481,6
50043,4431,0
50043,1951,1
50043,382,2
50043,41419,3
50043,9015,4
50043,10881,5
50043,42642,6
37636,8329,0
37636,32458,1
37636,12851,2
37636,1276,3
37636,76526,4
37636,1137641,5
37636,32029,6
17044,2462,0
17044,3293,1
17044,58016,2
17044,978,3
17044,6162,4
17044,183785,5
17044,130391,6
60951,27632,0
60951,3784,1
60951,1351166,2
60951,997569,3
60951,2589257,4
60951,2589259,5
60951,1504806,6
21334,87389,0
21334,110696,1
21334,2125647,2
21334,87388,3
21334,2125648,4
21334,2125649,5
21334,2125650,7
32284,3126,0
32284,4491,1
32284,60060,2
32284,57428,3
32284,5950,4
32284,4178064,5
32284,1352287,6
51955,93129,1
51955,932191,2
51955,55258,3
51955,932198,4
51955,175594,5
51955,932200,6
51955,932201,7
37410,130840,0
37410,58528,1
37410,7489,2
37410,189458,3
37410,77155,4
37410,18472,5
37410,19977,6
47481,56402,0
47481,1019052,1
47481,1019053,2
47481,20577,3
47481,7706,4
47481,76904,5
47481,3339861,6
53765,7036,0
53765,18750,1
53765,78190,2
53765,52930,3
53765,17352,4
53765,50464,5
53765,1219214,6
10674,21702,0
10674,776,1
10674,14592,2
10674,15860,3
10674,7420,4
10674,51754,5
10674,15098,6
136134,56778,0
136134,89021,1
136134,34715,2
136134,10727,3
136134,18345,4
136134,1226592,5
136134,2468,6
846,12640,0
846,12214,1
846,12644,2
846,12643,3
846,12642,4
846,2641,5
846,12645,6
12655,2039,0
12655,73283,1
12655,73284,2
12655,73285,3
12655,73286,4
12655,73287,5
12655,73288,6
3050,776,0
3050,15531,1
3050,17485,2
3050,1039,3
3050,31028,4
3050,31029,5
3050,4175,6
1389,1461,0
1389,16866,1
1389,10182,2
1389,1896,3
1389,18324,4
1389,1117,5
1389,2229,6
11020,82495,0
11020,67829,1
11020,67835,2
11020,67836,3
11020,79090,4
11020,67837,5
11020,67027,6
20862,33527,0
20862,203677,1
20862,65529,2
20862,15439,3
20862,7863,4
20862,60918,5
20862,211568,6
108548,5676,0
108548,20918,1
108548,213290,2
108548,130715,3
108548,1007545,4
108548,1808423,5
108548,234489,6
9464,22461,0
9464,6886,1
9464,856,2
9464,5657,3
9464,2295,4
9464,2165,5
9464,83037,6
95,62,0
95,879,1
95,880,2
95,882,3
95,883,4
95,884,5
95,886,6
944,2461,0
944,2047,1
944,4517,2
944,14343,3
944,2632,4
944,1336,5
944,14313,6
35680,114583,0
35680,3910,1
35680,15788,2
35680,27632,3
35680,163570,4
35680,19092,5
35680,109377,6
11551,20814,0
11551,205,1
11551,5724,2
11551,14104,3
11551,212,4
11551,12217,5
11551,14721,6
473,6432,0
473,1173,1
473,6437,2
473,177560,3
473,6438,4
473,6439,5
473,1982,6
102304,55546,0
102304,8351,1
102304,1393715,2
102304,1393716,3
102304,1224490,4
102304,1850596,5
102304,5474475,6
544,6941,0
544,2876,1
544,7399,2
544,7400,3
544,1534,4
544,7401,5
544,4175,6
10513,41279,0
10513,65498,1
10513,65499,2
10513,65500,3
10513,106180,4
10513,103080,5
10513,100796,6
28966,102499,0
28966,102500,1
28966,29760,2
28966,102501,3
28966,102502,4
28966,14290,5
28966,4068,6
65203,1516030,0
65203,98012,1
65203,29258,2
65203,2449175,3
65203,1690018,4
65203,2461091,6
65203,1471133,7
143,2010,0
143,2007,1
143,2009,2
143,2008,3
143,2011,4
143,2012,5
143,2013,6
42861,88671,0
42861,77158,1
42861,128966,2
42861,129038,3
42861,128159,4
42861,1509,5
42861,3163,6
33680,19549,0
33680,29578,1
33680,31550,2
33680,29260,3
33680,17753,4
33680,29259,5
33680,32138,6
56164,117499,0
56164,13340,1
56164,2929,2
56164,72060,3
56164,2018,4
56164,144361,5
56164,29603,6
12311,10921,0
12311,11492,1
12311,72059,2
12311,72060,3
12311,8521,4
12311,100243,5
12311,8841,6
43277,32428,0
43277,13577,1
43277,125482,2
43277,9067,3
43277,129432,4
43277,95314,5
43277,5832,6
43278,13352,0
43278,25173,1
43278,24820,2
43278,100779,3
43278,8841,4
43278,93698,5
43278,16766,6
34106,30210,0
34106,854,1
34106,17753,2
34106,30211,3
34106,39801,4
34106,15008,5
34106,20369,6
43266,12308,0
43266,70035,1
43266,88460,2
43266,8841,3
43266,7505,4
43266,29127,5
43266,7381,6
27367,93805,0
27367,12308,1
27367,7663,2
27367,14299,3
27367,5832,4
27367,7666,5
27367,103340,6
17661,24937,0
17661,13820,1
17661,74875,2
17661,120265,3
17661,30234,4
17661,14977,5
17661,14975,6
28580,7124,0
28580,20391,1
28580,101490,2
28580,79247,3
28580,79248,4
28580,17759,5
28580,34469,6
887,13578,0
887,13576,1
887,13580,2
887,7663,3
887,13577,4
887,10023,5
887,13579,6
33667,8487,0
33667,24815,1
33667,81970,2
33667,10607,3
33667,7641,4
33667,41255,5
33667,2755,6
23383,3359,0
23383,50998,1
23383,232127,2
23383,31296,3
23383,85345,4
23383,14500,5
23383,39052,6
25430,14502,0
25430,85895,1
25430,30296,2
25430,39608,3
25430,18737,4
25430,82676,5
25430,83801,6
27191,97182,0
27191,35320,1
27191,10017,2
27191,83400,3
27191,77081,4
27191,854,5
27191,51310,6
11426,13784,0
11426,12151,1
11426,20141,2
11426,17752,3
11426,4347,4
11426,2644,5
11426,3442,6
654,3084,0
654,9857,1
654,5248,2
654,2639,3
654,522,4
654,9862,5
654,9865,6
15919,7502,0
15919,78934,1
15919,78935,2
15919,78936,3
15919,78937,4
15919,15644,5
15919,41720,6
1725,2769,0
1725,6679,1
1725,6725,2
1725,13299,3
1725,24880,4
1725,14063,5
1725,18870,6
5769,3926,0
5769,13326,1
5769,10021,2
5769,45465,3
5769,45466,4
5769,45467,5
5769,5825,6
874,13324,0
874,13325,1
874,7192,2
874,8606,3
874,13326,5
874,13327,6
874,5049,7
10633,16897,0
10633,522,1
10633,8255,2
10633,89527,3
10633,30123,4
10633,3715,5
10633,15992,6
17917,41236,0
17917,129437,1
17917,936,2
17917,125459,3
17917,25638,4
17917,140029,5
17917,88894,6
3116,10127,0
3116,4483,1
3116,19335,2
3116,1943,3
3116,30585,4
3116,2549,5
3116,8493,6
1051,193,0
1051,6355,1
1051,14821,2
1051,15183,3
1051,15184,4
1051,15185,5
1051,15186,6
1366,16483,0
1366,3094,1
1366,4521,2
1366,1101,3
1366,16523,4
1366,16524,5
1366,16525,6
12102,4483,0
12102,5064,1
12102,13724,2
12102,71241,3
12102,44846,4
12102,14102,5
12102,10080,6
16619,55636,0
16619,21277,1
16619,6167,2
16619,16327,3
16619,588,4
16619,4513,5
16619,8900,6
9443,29068,0
9443,11854,1
9443,47536,2
9443,2506,3
9443,53517,4
9443,65,5
9443,32357,6
11050,4090,0
11050,26513,1
11050,514,2
11050,518,3
11050,8447,4
11050,12074,5
11050,1367884,6
606,4135,0
606,5064,1
606,10647,2
606,10648,3
606,10649,4
606,3796,5
606,10652,6
746,11389,0
746,6720,1
746,11390,2
746,11394,3
746,11395,4
746,11392,5
746,11396,7
380,4483,0
380,500,1
380,3124,2
380,5145,4
380,5146,5
380,5147,6
380,5148,7
403,192,0
403,5698,1
403,707,2
403,5699,3
403,5700,4
403,5701,5
403,1472,6
11485,10558,1
11485,50835,2
11485,69570,3
11485,95598,4
11485,104625,5
11485,8498,6
11485,84047,7
466,6352,0
466,55636,1
466,6354,2
466,6355,3
466,6360,4
466,120391,5
466,7082,6
13820,2880,0
13820,5048,1
13820,3801,2
13820,65554,3
13820,58623,4
13820,104059,5
13820,97701,6
15389,78189,0
15389,78190,1
15389,4944,2
15389,1033159,3
15389,171613,4
15389,1033160,5
15389,1496744,6
13597,7487,0
13597,6161,1
13597,68795,3
13597,47808,4
13597,65298,5
13597,193254,6
13597,1329518,7
2108,2880,0
2108,21624,1
2108,21625,2
2108,1904,3
2108,12851,4
2108,7675,5
2108,55554,6
10014,5139,0
10014,62018,1
10014,55958,2
10014,52306,3
10014,62019,4
10014,3382,5
10014,3041,6
10072,5141,0
10072,4687,1
10072,62893,2
10072,5139,3
10072,2975,4
10072,63915,5
10072,63916,6
10131,5139,0
10131,63916,1
10131,104275,2
10131,63918,3
10131,63914,4
10131,63915,5
10131,63917,6
10160,5139,0
10160,63917,1
10160,42882,2
10160,64033,3
10160,64034,4
10160,63046,5
10160,104275,6
11284,5139,0
11284,68848,1
11284,68849,2
11284,68850,3
11284,5050,4
11284,33654,5
11284,68851,6
4488,37470,0
4488,37469,1
4488,4724,2
4488,37473,3
4488,37471,4
4488,37472,5
4488,190040,6
9725,102436,0
9725,58710,1
9725,55571,2
9725,37470,3
9725,58711,4
9725,55931,5
9725,105625,6
9728,58807,0
9728,58799,1
9728,55268,2
9728,1225471,3
9728,1782844,4
9728,82176,5
9728,58808,6
9730,72541,0
9730,2174,1
9730,21458,2
9730,58814,3
9730,3034,4
9730,58813,5
9730,59442,6
9731,162927,0
9731,103967,1
9731,2136654,2
9731,98583,3
9731,197057,4
9731,745,5
9731,1520288,6
10225,3417,0
10225,64198,1
10225,64199,2
10225,82956,3
10225,64201,4
10225,156587,5
10225,1220679,6
10281,64719,0
10281,62596,1
10281,55267,2
10281,64721,3
10281,64720,4
10281,1659011,5
10281,98078,6
10283,64733,0
10283,159614,1
10283,1196615,2
10283,32749,4
10283,2421188,5
10283,62596,6
10283,11024,7
948,9221,0
948,8944,1
948,11787,2
948,15500,3
948,11786,4
948,15503,5
948,15505,6
11281,8944,0
11281,9221,1
11281,11786,2
11281,8609,3
11281,16213,4
11281,151423,5
11281,119855,6
10676,11784,0
10676,66199,1
10676,6836,2
10676,66200,3
10676,66201,4
10676,140337,5
10676,140338,6
11357,9221,0
11357,62589,1
11357,21320,2
11357,15993,4
11357,42308,5
11357,69130,6
11357,58000,7
11361,9221,0
11361,21320,1
11361,62589,2
11361,1131201,3
11361,42308,4
11361,33299,5
11361,1762957,6
36599,7633,0
36599,8944,1
36599,1184781,2
36599,9986,3
36599,15961,4
36599,20175,6
36599,1383990,7
39929,11086,0
39929,166463,1
39929,51036,2
39929,2284953,3
39929,229714,4
39929,5926,5
39929,92763,6
41828,1212249,0
41828,1213299,1
41828,199303,2
41828,44205,3
41828,79149,4
41828,1087657,5
41828,1351508,6
41769,5888,0
41769,168615,2
41769,179962,3
41769,115856,4
41769,1042872,5
41769,1265448,6
41769,1265449,7
10585,65683,0
10585,1370,1
10585,2022,2
10585,14541,3
10585,8900,4
10585,12965,5
10585,19139,6
11186,65683,0
11186,1370,1
11186,39113,2
11186,14464,3
11186,26283,4
11186,6465,5
11186,152647,6
11187,68494,0
11187,1370,1
11187,68495,2
11187,68496,3
11187,32802,4
11187,68497,5
11187,152647,6
609,10080,0
609,8977,1
609,10083,2
609,10084,3
609,10086,4
609,10085,5
609,10091,6
11133,8977,0
11133,10080,1
11133,10086,2
11133,10085,3
11133,10091,4
11133,68301,5
11133,130723,6
10306,4139,0
10306,44038,1
10306,10086,2
10306,6684,3
10306,64820,4
10306,10091,5
10306,156592,7
9552,9560,0
9552,37366,1
9552,21736,2
9552,2201,3
9552,5248,4
9552,65433,5
9552,57921,6
11586,5341,0
11586,37366,1
11586,7071,2
11586,2201,3
11586,57921,4
11586,4112,5
11586,15152,6
11587,862,0
11587,70746,1
11587,1370,2
11587,21736,3
11587,51812,4
11587,6914,5
11587,42168,6
941,2461,0
941,2047,1
941,2048,2
941,14312,3
941,11784,4
941,14313,5
941,14314,6
942,2461,0
942,2047,1
942,4517,2
942,14324,3
942,14325,4
942,14326,5
942,14313,6
943,2461,0
943,2047,1
943,4517,2
943,14343,3
943,14344,4
943,14328,5
943,23967,6
927,16170,0
927,16171,1
927,16166,2
927,1070,3
927,3034,4
927,16103,5
927,16167,6
928,16170,0
928,16171,1
928,5589,2
928,10360,3
928,16180,4
928,113,5
928,16181,6
9340,1328,0
9340,16851,1
9340,57371,2
9340,3034,3
9340,57372,4
9340,17495,5
9340,690,6
9342,3131,0
9342,4173,1
9342,1922,2
9342,14344,3
9342,28414,4
9342,8262,5
9342,57374,6
38509,6194,0
38509,5313,1
38509,5168,2
38509,15441,3
38509,3072,4
38509,120583,5
38509,120584,6
60033,1954,0
60033,11150,1
60033,6726,2
60033,27321,3
60033,545570,4
60033,174203,5
60033,545571,6
12101,10017,0
12101,71240,1
12101,27747,2
12101,7664,3
12101,2112,4
12101,157439,5
12101,13566,6
19,74,0
19,75,1
19,73,2
19,77,3
19,79,4
19,78,5
19,80,6
165,521,0
165,1062,1
165,1063,2
165,1065,3
165,1951,4
165,1072,5
165,1952,6
196,521,0
196,1062,1
196,2453,2
196,1065,3
196,1063,4
196,1951,5
196,2454,6
551,193,0
551,7502,1
551,7503,2
551,7504,3
551,7505,4
551,7631,5
551,7632,6
16084,1038,0
16084,30618,1
16084,41230,2
16084,12025,3
16084,14671,4
16084,121353,5
16084,40191,6
17984,4091,0
17984,8631,1
17984,4966,2
17984,83130,3
17984,13994,4
17984,11168,5
17984,29719,6
22328,83414,0
22328,27726,1
22328,21561,2
22328,9601,3
22328,71392,4
22328,4965,5
22328,74573,6
32611,9068,0
32611,23086,1
32611,82777,2
32611,5833,3
32611,83130,4
32611,83131,5
32611,115546,6
3170,30161,0
3170,31704,1
3170,31703,2
3170,11503,3
3170,34279,4
3170,31702,5
3170,107445,6
346,7450,0
346,7453,1
346,20828,2
346,20829,3
346,7454,4
346,7457,5
346,20830,6
859,515,0
859,6949,1
859,1160,2
859,139,3
859,12967,4
859,6384,5
859,12969,6
841,6677,0
841,12513,1
841,2387,2
841,12516,3
841,12515,4
841,12517,5
841,1370,6
11051,5293,0
11051,1037,1
11051,67937,2
11051,55192,4
11051,10767,5
11051,66288,6
11051,62014,7
242,1158,0
242,3092,1
242,3094,2
242,1271,3
242,3265,4
242,3266,5
242,3267,6
1411,13920,0
1411,12640,1
1411,5274,2
1411,170214,3
1411,883,4
1411,103874,5
1411,1911,6
9769,16940,0
9769,11149,1
9769,29369,2
9769,8924,3
9769,11484,4
9769,181299,5
9769,1227066,6
9424,11006,0
9424,3897,1
9424,6408,2
9424,21089,3
9424,6573,4
9424,86397,5
9424,27136,6
9835,12217,0
9835,21029,1
9835,18979,2
9835,59789,3
9835,3019,4
9835,2177,5
9835,60023,7
857,31,0
857,3197,1
857,12833,2
857,12834,3
857,6163,4
857,12835,5
857,1771,6
17539,52601,0
17539,65475,1
17539,109184,2
17539,151384,3
17539,154441,4
17539,182600,5
17539,173824,6
44322,1171132,0
44322,96862,1
44322,3068537,2
44322,77304,3
44322,3068540,4
44322,2549711,5
44322,2228122,6
22777,40393,0
22777,88947,1
22777,23586,2
22777,10555,3
22777,14732,4
22777,44691,5
22777,4094,6
20173,6856,0
20173,23586,1
20173,4073,2
20173,100019,3
20173,96340,4
20173,73943,5
20173,40623,6
10957,67620,0
10957,67621,1
10957,84400,2
10957,15788,3
10957,5049,4
10957,12517,5
10957,12662,6
9570,12150,0
9570,7301,1
9570,5694,2
9570,58003,3
9570,21876,4
9570,7502,5
9570,7505,7
16249,14501,0
16249,40393,1
16249,8231,2
16249,2926,3
16249,80206,4
16249,83435,6
16249,11168,7
13962,76130,0
13962,76131,1
13962,8986,2
13962,18261,3
13962,76132,4
13962,76133,5
13962,15860,6
14612,14261,0
14612,47439,1
14612,1038,2
14612,7192,3
14612,1144679,4
14612,1163671,5
14612,1163672,6
19378,35031,0
19378,88947,1
19378,4073,2
19378,7505,3
19378,151298,4
19378,93664,5
19378,21874,6
65157,56145,0
65157,171213,1
65157,163567,2
65157,240606,3
65157,181785,4
65157,240607,5
65157,240608,6
29228,6856,0
29228,4355,1
29228,23586,2
29228,15992,3
29228,73943,4
29228,12299,5
29228,103320,6
19379,19610,0
19379,936,1
19379,10938,2
19379,14848,3
19379,16350,4
19379,37712,5
19379,649,6
11164,2880,0
11164,49824,1
11164,56695,2
11164,37422,3
11164,5417,4
11164,11866,5
11164,148636,6
18887,83783,0
18887,83129,1
18887,738,2
18887,1157304,3
18887,101678,4
18887,47504,5
18887,52220,6
40866,827,0
40866,51962,1
40866,95788,2
40866,75353,3
40866,124877,4
40866,37823,5
40866,41253,6
24736,368,0
24736,58019,1
24736,12536,2
24736,1432110,3
24736,31512,4
24736,23627,5
24736,73933,6
10122,63871,0
10122,5129,1
10122,5047,2
10122,44301,3
10122,520,4
10122,92623,5
10122,35516,6
24816,4302,0
24816,5830,1
24816,5829,2
24816,80206,3
24816,30501,4
24816,5833,5
24816,14452,6
9994,39949,0
9994,1905,1
9994,61674,2
9994,61675,3
9994,61676,4
9994,164770,5
9994,157166,6
25445,4091,0
25445,93805,1
25445,3366,2
25445,41283,3
25445,93804,4
25445,5827,5
25445,1915,6
12129,9599,0
12129,1270,1
12129,17580,2
12129,71391,3
12129,71392,4
12129,71393,5
12129,13640,6
14140,40393,0
14140,27726,1
14140,76411,2
14140,26890,3
14140,3463,4
14140,8545,5
14140,8544,6
10439,73931,0
10439,520,1
10439,11074,2
10439,65309,3
10439,2155,4
10439,5025,5
10439,951643,6
11158,8872,0
11158,57418,1
11158,1908,2
11158,68379,3
11158,68380,4
11158,2177,5
11158,78439,6
9354,8872,0
9354,40009,1
9354,57418,2
9354,57419,3
9354,57421,4
9354,57422,5
9354,57420,6
28736,40945,0
28736,101779,1
28736,27726,2
28736,4965,3
28736,7333,4
28736,5182,5
28736,101782,6
34774,112972,0
34774,36819,1
34774,3361,2
34774,15387,3
34774,24808,4
34774,112973,5
34774,10595,6
37969,178884,0
37969,1236153,1
37969,1533602,2
37969,37422,3
37969,1350859,4
37969,2715569,5
37969,2715570,6
9631,2231,0
9631,1979,1
9631,52,2
9631,12122,3
9631,34691,4
9631,22131,5
9631,6751,6
9820,49265,0
9820,6065,1
9820,20162,2
9820,55422,3
9820,4494,4
9820,10701,5
9820,11715,6
14013,34518,1
14013,55624,2
14013,76244,3
14013,35597,4
14013,7502,5
14013,14060,6
14013,170313,7
36606,3977747,1
36606,2701067,7
36606,1461,8
36606,2536,11
36606,1037,12
36606,3196,13
36606,9811,14
96196,6613,0
96196,207,1
96196,17477,2
96196,1244,3
96196,105351,4
96196,94502,5
96196,1376049,6
98505,81821,0
98505,5443,1
98505,7693,2
98505,24563,3
98505,146195,4
98505,77310,5
1779,1374980,1
1779,1090751,2
1779,1374979,3
1779,180738,4
1779,69479,5
1779,1250388,6
1779,24810,7
10849,12021,0
10849,8447,1
10849,1004,2
10849,12857,3
10849,67199,4
10849,52995,5
10849,8937,6
678,10158,0
678,10159,1
678,2090,2
678,10164,3
678,10163,4
678,10160,5
678,10161,6
907,5004,0
907,1666,1
907,400,2
907,522,3
907,12248,4
907,14011,5
907,14012,6
5961,46864,0
5961,46865,1
5961,46867,2
5961,46866,3
5961,46868,4
5961,3853,5
5961,201337,6
47908,41283,0
47908,11512,1
47908,203731,2
47908,1272,3
47908,28412,4
47908,25711,5
47908,136218,6
42121,3087,0
42121,41249,1
42121,52462,2
42121,11065,3
42121,6913,4
42121,1323933,5
42121,15799,6
2887,8654,0
2887,21278,1
2887,5274,2
2887,136761,3
2887,41517,4
2887,15412,5
2887,110001,6
11974,31,0
11974,6905,1
11974,4,2
11974,1538,3
11974,37600,4
11974,3034,5
11974,18708,6
20348,1269,0
20348,21624,1
20348,8213,2
20348,85965,3
20348,13003,4
20348,2179,5
20348,21104,6
26648,21605,0
26648,44079,1
26648,25333,2
26648,4961,3
26648,101551,4
26648,31696,5
26648,129007,6
11911,10647,0
11911,2807,1
11911,70913,2
11911,6270,3
11911,1046948,4
11911,42077,5
11911,125763,6
793,6588,0
793,6677,1
793,2778,2
793,4784,3
793,3382,4
793,923,5
793,11792,6
35144,5514989,0
35144,18706,1
35144,3036,2
35144,6719,3
35144,53647,4
35144,7077,5
35144,62014,6
9325,57331,0
9325,57329,1
9325,21877,2
9325,3361,3
9325,34759,4
9325,57330,5
9325,22602,6
43037,29903,0
43037,83128,1
43037,9874,2
43037,3673,3
43037,93163,4
43037,10027,5
43037,47395,6
10340,64871,0
10340,64872,1
10340,64870,2
10340,67230,3
10340,1022053,4
10340,110654,5
10340,67290,6
10144,63978,0
10144,67392,1
10144,35232,2
10144,31468,3
10144,9601,4
10144,67393,5
10144,184030,6
10414,2880,0
10414,14324,1
10414,65019,2
10414,65038,3
10414,14792,4
10414,11866,5
10414,147499,6
10437,3895,0
10437,64181,1
10437,64180,2
10437,68455,3
10437,7908,4
10437,192632,5
10437,65294,6
15300,3894,0
15300,8984,1
15300,13567,2
15300,3087,3
15300,62123,4
15300,33052,5
15300,7133,6
12230,8229,0
12230,22602,1
12230,71779,2
12230,71780,3
12230,71781,4
12230,71782,5
12230,16063,6
13380,2453,0
13380,96228,1
13380,78197,2
13380,65505,3
13380,5897,4
13380,37422,5
13380,13550,6
10693,50997,0
10693,67228,1
10693,16421,2
10693,67230,3
10693,93897,4
10693,143574,5
10693,1079611,6
11335,2157,0
11335,10409,1
11335,4093,2
11335,15900,3
11335,39782,4
11335,20163,5
11335,15417,6
11135,64930,0
11135,44714,1
11135,7180,2
11135,94962,3
11135,122605,4
11135,862,5
11135,5897,6
11319,64930,0
11319,44714,1
11319,41283,2
11319,23586,3
11319,7520,4
11319,21460,5
11319,145529,6
14822,3380,0
14822,113,1
14822,53261,2
14822,87066,3
14822,87067,4
14822,3715,5
14822,12299,6
13155,826,0
13155,51812,1
13155,12657,2
13155,6721,3
13155,2454,4
13155,1189039,5
13155,114761,6
10249,20215,0
10249,6161,1
10249,1903,2
10249,10669,3
10249,7004,4
10249,12646,5
10249,21523,6
15943,40393,0
15943,8231,1
15943,83414,2
15943,4966,3
15943,166994,4
15943,14671,5
15943,167384,6
10882,67287,0
10882,67288,1
10882,67289,2
10882,67290,3
10882,64871,4
10882,103448,5
10882,11172,6
24808,4765,0
24808,378,1
24808,6587,2
24808,19968,3
24808,52123,4
24808,74642,5
24808,164778,6
19762,4091,0
19762,8631,1
19762,4966,2
19762,83130,3
19762,5833,4
19762,2436,5
19762,13994,6
13850,535025,0
13850,11026,1
13850,50997,2
13850,137831,3
13850,83260,4
13850,11498,5
13850,129680,6
2619,31,0
2619,589,1
2619,26510,2
2619,7180,3
2619,8903,4
2619,27514,5
2619,27515,6
65158,33527,0
65158,240609,1
65158,65529,2
65158,57448,3
65158,240610,4
65158,5658,5
65158,27631,6
41841,723,0
41841,17485,1
41841,44054,2
41841,6408,3
41841,349,4
41841,32747,5
41841,15440,6
27332,2876,0
27332,79740,1
27332,39117,2
27332,16555,3
27332,1070,4
27332,8258,5
27332,2880,6
97,1229,0
97,2547,1
97,2076,2
97,2548,3
97,2549,4
97,2550,5
97,12876,6
10419,2692,0
10419,3894,1
10419,11805,2
10419,10767,3
10419,65058,4
10419,65059,5
10419,1556884,6
11675,8944,0
11675,2299,1
11675,55257,2
11675,1812,3
11675,46530,4
11675,58006,5
11675,36424,6
2107,67773,0
2107,21618,1
2107,20766,2
2107,21619,3
2107,520,4
2107,21620,5
2107,7166,6
6471,67773,0
6471,40389,1
6471,52030,2
6471,52031,3
6471,52032,4
6471,1911,6
6471,17695,7
9442,67773,0
9442,36042,1
9442,30510,2
9442,1895,3
9442,14974,4
9442,7124,5
9442,25787,6
11591,67773,0
11591,3391,1
11591,2076,2
11591,41243,3
11591,134092,4
11591,2505,5
11591,9597,6
13697,2047,0
13697,8945,1
13697,67773,2
13697,1581,3
13697,18248,4
13697,1981,5
13697,23958,6
19158,7219,0
19158,86474,1
19158,41274,2
19158,36218,3
19158,149214,4
19158,1370,5
19158,86475,6
227,2878,0
227,2876,1
227,2877,2
227,723,3
227,2879,4
227,2880,5
227,500,6
87,3,0
87,689,1
87,690,2
87,691,3
87,693,4
87,694,5
87,695,6
123,16270,0
123,16271,1
123,16272,2
123,5049,3
123,16273,4
123,16274,5
123,16380,6
9314,5049,0
9314,5341,1
9314,10652,2
9314,4973,3
9314,7053,4
9314,208920,5
9314,26861,6
11336,4690,0
11336,69054,1
11336,4139,2
11336,14503,3
11336,2516,4
11336,10559,5
11336,8349,6
9980,2880,0
9980,3798,1
9980,17769,2
9980,5586,3
9980,61410,4
9980,119227,5
9980,21757,6
10657,2201,0
10657,228,1
10657,7673,2
10657,22131,3
10657,113906,4
10657,1472,5
10657,27539,6
10489,62001,0
10489,65403,1
10489,22111,2
10489,65404,3
10489,21523,4
10489,140344,5
10489,84164,6
10823,44990,0
10823,2713,1
10823,1107,2
10823,66986,3
10823,18708,4
10823,152351,5
10823,94491,6
11497,16475,0
11497,6844,1
11497,16216,2
11497,14069,3
11497,69604,4
11497,95758,5
11497,1211888,6
2907,27888,0
2907,5657,1
2907,1062,2
2907,6886,3
2907,9631,4
2907,6486,5
2907,119866,6
9454,69597,0
9454,5657,1
9454,15336,2
9454,3568,3
9454,17198,4
9454,15091,5
9454,35257,6
8688,2963,0
8688,33,1
8688,17832,2
8688,11512,3
8688,16936,4
8688,14721,5
8688,18313,6
118452,1771,0
118452,3270,1
118452,31512,2
118452,2842,3
118452,10825,4
118452,116027,5
118452,4640729,6
16155,6807,0
16155,18324,1
16155,103,2
16155,6181,3
16155,13242,4
16155,4176487,5
16155,22127,6
48894,141311,0
48894,141312,1
48894,141313,2
48894,141314,3
23954,13784,0
23954,4038,1
23954,39709,2
23954,3784,3
23954,113288,4
23954,19976,5
23954,36172,6
12761,4111,0
12761,11916,1
12761,3854,2
12761,73595,3
12761,73596,4
12761,13511,5
12761,6649,6
396,3635,0
396,5341,1
396,18364,2
396,18365,3
14367,1951,0
14367,139044,1
14367,56145,2
14367,6165,3
14367,77589,4
14367,7132,5
14367,14698,6
11814,1904,0
11814,46948,1
11814,70572,2
11814,2053,3
11814,20363,4
11814,72541,5
11814,3223,6
16081,35321,0
16081,46780,1
16081,81409,2
16081,4786,3
16081,6600,4
16081,120340,5
16081,996597,6
18331,3663,0
18331,7631,1
18331,113951,2
18331,19439,3
18331,7210,4
18331,10460,5
18331,7139,6
15171,8857,0
15171,19439,1
15171,75315,2
15171,11025,3
15171,33482,4
15171,40209,5
15171,106830,6
11837,5049,0
11837,29859,1
11837,16380,2
11837,47547,3
11837,12689,4
11837,175910,5
11837,10748,6
11704,70286,0
11704,937,1
11704,13392,2
11704,6844,3
11704,5827,4
11704,19144,5
11704,3033,6
11639,70772,1
11639,7908,2
11639,64181,3
11639,64180,4
11639,1228891,5
11639,1696852,6
11639,202729,7
4978,40348,0
4978,40349,1
4978,3160,2
4978,40350,3
4978,290,4
4978,40351,5
4978,40352,6
10380,40348,0
10380,854,1
10380,40349,2
10380,64948,3
10380,3160,4
10380,6844,5
10380,27563,6
11976,500,0
11976,29091,1
11976,13472,2
11976,10256,3
11976,80165,4
11976,12659,5
11976,83839,6
15144,21625,0
15144,140777,1
15144,16181,2
15144,16183,3
15144,1904,4
15144,71241,5
15144,15900,6
11522,21625,0
11522,37041,1
11522,69718,2
11522,8873,3
11522,5048,4
11522,13548,5
11522,19740,6
11557,2880,0
11557,2879,1
11557,37041,2
11557,3416,3
11557,21624,4
11557,12851,5
11557,51544,6
13853,589,0
13853,14699,1
13853,1736,2
13853,15419,3
13853,172725,4
13853,87003,5
13853,168627,6
11415,45415,0
11415,66606,1
11415,13591,2
11415,42174,3
11415,147290,4
11415,1080265,5
11415,147291,6
37530,72028,0
37530,119941,1
37530,19968,2
37530,74086,3
37530,7907,4
37530,152353,5
37530,64719,6
8393,16758,0
8393,55676,1
8393,55674,2
8393,55677,3
8393,55675,4
8393,1099025,5
8393,1099026,6
11937,55674,0
11937,70965,1
11937,70966,2
11937,70967,3
11937,1156383,4
11937,1156384,5
11937,1065660,6
21661,7431,0
21661,29370,1
21661,65528,2
21661,4496,3
21661,156413,4
21661,33492,5
21661,1237640,6
9320,5469,0
9320,139,1
9320,738,2
9320,10662,3
9320,388,4
9320,10981,5
9320,1926,6
33644,9780,0
33644,17637,1
33644,2395,2
33644,9788,3
33644,80622,4
33644,59018,5
33644,1433986,6
14662,10871,0
14662,1903,1
14662,3141,2
14662,116027,3
14662,38582,4
14662,18472,5
14662,41232,6
125124,37918,0
125124,55912,1
125124,234396,2
125124,555716,3
125124,103180,4
125124,27196,5
125124,71296,6
115872,15533,0
115872,37946,1
115872,40938,2
115872,55922,3
115872,21236,4
115872,1664226,5
115872,78292,6
39930,168323,0
39930,62731,1
39930,61114,2
39930,2610528,3
39930,1230666,4
39930,27566,5
39930,135701,6
10692,12132,0
10692,157914,1
10692,27736,2
10692,67161,3
10692,67162,4
10692,67172,5
10692,1265135,6
805,12021,0
805,4970,2
805,12022,3
805,12023,4
805,1208,5
805,12024,6
805,12025,7
34584,29509,0
34584,29508,1
34584,124442,2
34584,24320,3
34584,12693,4
34584,12658,5
34584,6561,6
34636,27773,0
34636,112731,1
34636,149409,2
34636,124546,3
34636,38682,4
34636,124435,6
34636,133136,7
2182,22354,0
2182,27587,1
2182,22355,2
2182,22371,4
2182,4976,5
2182,62590,6
2182,1404403,7
28070,166827,0
28070,1271818,1
28070,1073197,2
28070,97699,3
28070,97868,4
28070,1271819,5
28070,49876,6
77469,15851,0
77469,6383,1
77469,7399,2
77469,2630,3
77469,12261,4
77469,2229,5
77469,34845,6
10278,4937,0
10278,8256,1
10278,73421,2
10278,43479,3
10278,9575,4
10278,21657,5
10278,95519,6
36647,10814,0
36647,10822,1
36647,10823,2
36647,10824,3
36647,10825,4
36647,1646,5
36647,66147,6
17915,27011,0
17915,168373,1
17915,10823,2
17915,23709,3
17915,13636,4
17915,5151,5
17915,2478787,6
14557,16857,0
14557,19184,1
14557,77028,2
14557,58058,3
14557,21595,4
14557,69803,5
14557,77029,6
9417,7633,0
9417,16554,1
9417,46948,2
9417,58692,3
9417,27128,4
9417,1491974,5
9417,62918,6
41469,15250,0
41469,126583,1
41469,2561,2
41469,185773,3
41469,20047,4
41469,37947,5
41469,1233,6
19381,205,0
19381,12930,1
19381,18315,2
19381,38581,3
19381,29791,4
19381,4729,5
19381,52646,6
34637,555927,0
34637,3070,1
34637,555928,2
34637,227099,3
34637,585902,4
34637,61351,5
34637,15092,6
4011,7447,0
4011,16935,1
4011,1920,2
4011,11514,3
4011,4004,4
4011,2232,5
4011,13243,6
161795,8435,0
161795,990400,1
161795,13333,2
161795,131814,3
161795,1222446,4
161795,649,5
161795,1218306,6
1580,854,0
1580,14504,1
1580,12497,2
1580,99461,3
1580,17660,4
1580,17661,5
1580,17662,6
5854,30618,0
5854,6905,1
5854,8963,2
5854,21416,3
5854,21523,4
5854,46098,5
5854,381,6
573,8223,0
573,8225,1
573,8228,2
573,8227,3
573,8224,4
573,35314,5
573,8226,6
2370,24363,0
2370,24364,1
2370,17580,2
2370,10073,3
2370,3784,4
2370,24366,5
2370,3507,6
5780,3636,0
5780,5823,1
5780,45523,2
5780,45524,3
5780,41985,4
5780,34405,5
5780,26517,6
506,6929,0
506,738,1
506,6930,2
506,6931,3
506,6932,4
506,101901,6
506,16131,7
22527,4958,0
22527,7303,1
22527,14371,2
22527,14505,3
22527,2078,4
22527,88881,5
22527,78935,6
574,854,0
574,8237,1
574,8238,2
574,8239,3
574,89064,4
574,24814,5
574,975645,6
11219,24367,0
11219,4090,1
11219,22600,2
11219,12969,3
11219,68642,4
11219,68643,5
11219,19968,6
30159,12151,0
30159,10606,1
30159,9857,2
30159,32923,3
30159,38244,4
30159,105789,5
30159,105790,6
845,12497,0
845,12498,1
845,12499,2
845,2642,3
845,12500,4
845,12505,5
845,12501,6
1978,20391,0
1978,2896,1
1978,20392,2
1978,20393,3
1978,20394,4
1978,20399,5
1978,67615,6
3682,11864,0
3682,12073,1
3682,3136,2
3682,33654,3
3682,9206,4
3682,6068,5
3682,33653,6
51942,1277319,0
51942,44905,1
51942,171396,2
51942,188721,3
51942,2079079,4
51942,2165225,5
51942,2231584,6
46702,18291,0
46702,4587,1
46702,2535,2
46702,51359,3
46702,14699,4
46702,58924,5
46702,74354,7
54795,1283,0
54795,20766,1
54795,5473,2
54795,20070,3
54795,17477,4
54795,1219237,5
54795,8228,6
46748,535248,2
847,5576,0
847,12656,1
847,11184,2
847,12658,3
847,12660,4
847,12662,5
847,10942,6
117,1269,0
117,738,1
117,380,2
117,1270,3
117,1271,4
117,1272,5
117,1273,6
14577,77075,0
14577,20788,1
14577,5251,2
14577,54826,3
14577,4443,4
14577,54812,5
14577,7167,6
37498,15111,0
37498,60949,1
37498,51359,2
37498,7004,3
37498,64896,4
37498,110845,5
37498,975322,6
38621,1957,0
38621,8435,1
38621,137602,2
38621,51805,3
38621,14324,4
38621,65890,5
38621,208668,6
59138,39121,1
59138,1096822,2
59138,1135186,3
59138,550261,4
59138,213313,5
59138,3506801,9
59138,3506800,10
28047,11477,0
28047,57829,1
28047,5657,2
28047,24516,3
28047,12799,4
28047,3982,5
28047,4808,6
4175,4111,0
4175,7664,1
4175,20392,2
4175,80255,3
4175,14300,4
4175,85410,5
4175,123905,6
31667,8487,0
31667,100784,1
31667,15385,2
31667,10921,3
31667,11169,4
31667,97777,5
31667,10508,6
13321,93895,0
13321,79246,1
13321,37884,2
13321,93896,3
13321,85437,4
13321,40180,5
13321,93897,6
21734,7663,0
21734,7664,1
21734,7665,2
21734,7666,3
21734,7667,4
21734,7668,5
21734,35849,6
31997,7125,0
31997,2670,1
31997,4071,2
31997,12156,3
31997,136895,4
31997,2698,5
31997,30242,6
24197,2491,0
24197,19406,1
24197,117419,2
24197,2672,3
24197,105007,4
24197,83260,5
24197,83236,6
11462,2638,0
11462,3360,1
11462,99461,2
11462,3363,3
11462,14299,4
11462,100781,5
11462,93897,6
31995,10921,0
31995,70035,1
31995,29520,2
31995,20502,3
31995,125512,4
31995,552407,5
31995,66884,6
940,14298,0
940,7640,1
940,2092,2
940,14299,3
940,14303,4
940,14302,5
940,14300,6
2762,27939,0
2762,27940,1
2762,27929,2
2762,27941,3
2762,14304,4
2762,7383,5
2762,27942,6
12684,528,0
12684,29661,1
12684,102885,2
12684,29127,3
12684,102886,4
12684,102888,5
12684,102889,6
2761,3610,0
2761,11857,1
2761,2094,2
2761,14868,3
2761,27929,4
2761,27930,5
2761,27931,6
8208,20502,0
8208,88569,1
8208,2094,2
8208,54036,3
8208,54035,4
8208,27939,5
8208,11546,6
52907,22600,0
52907,56875,1
52907,238576,2
52907,131449,3
52907,54036,4
52907,1463317,5
52907,1094811,6
15007,77669,0
15007,77670,1
15007,30709,2
15007,7384,3
15007,48959,4
15007,77671,5
15007,77672,6
36049,114768,0
36049,115153,1
36049,27929,2
36049,222671,3
36049,40966,4
36049,554106,5
36049,553486,6
52748,47667,0
52748,3674,1
52748,122910,2
52748,22600,3
52748,7383,4
52748,553482,5
52748,96764,6
75793,976045,0
75793,1504724,1
75793,7384,2
75793,931244,3
75793,1547335,4
75793,2795718,5
75793,454265,6
47695,13820,0
47695,119669,1
47695,33267,2
47695,7381,3
47695,3673,4
47695,147526,5
47695,147525,7
31930,2435,0
31930,33267,1
31930,47668,2
31930,32926,3
31930,553482,4
31930,47691,5
31930,19329,6
20213,115155,0
20213,27914,1
20213,7380,2
20213,553224,3
20213,37870,4
20213,553225,5
20213,553226,6
543,7380,0
543,7381,1
543,7382,2
543,7383,3
543,7384,4
543,7393,5
543,553486,6
36054,115154,0
36054,114808,1
36054,322397,2
36054,35423,3
36054,577691,4
36054,77159,5
36054,48214,6
35832,30158,0
35832,114807,1
35832,114808,2
35832,109864,3
35832,1475295,4
35832,1685066,5
35832,1685067,6
52782,27915,0
52782,22601,1
52782,1068089,2
52782,146660,3
52782,1747614,4
52782,1064081,5
52782,1341128,6
36055,100781,0
36055,47677,1
36055,1064079,2
36055,8731,3
36055,146660,4
36055,553492,5
36055,120455,6
36056,115155,0
36056,114807,1
36056,8731,2
36056,3371,3
36056,553228,4
36056,114808,5
36056,37870,6
2760,27915,0
2760,27911,1
2760,27912,2
2760,27913,3
2760,27914,4
2760,14029,5
2760,125514,6
64398,532628,0
64398,538924,1
64398,19329,2
64398,30709,3
64398,577670,4
64398,577669,5
64398,347630,6
10220,1892,0
10220,819,1
10220,1241,2
10220,15370,3
10220,6949,4
10220,10696,5
10220,2641,6
431,5888,0
431,5889,1
431,5900,2
431,5892,3
431,5894,4
431,5897,5
431,2320,6
31641,38940,0
31641,4724,1
31641,31140,2
31641,41293,3
31641,14702,4
31641,1535287,5
31641,174254,6
223318,42974,0
223318,15423,1
223318,120612,2
223318,1213328,3
223318,18707,5
223318,97779,6
223318,3631968,7
69848,13022,0
69848,22462,1
69848,1244058,2
69848,11889,3
69848,18993,4
69848,1384967,5
69848,111837,6
22796,15852,0
22796,1021869,1
22796,4787,2
22796,17485,3
22796,11064,4
22796,13314,5
22796,168638,6
22256,8289,0
22256,55636,1
22256,2140,2
22256,23958,3
22256,26457,4
22256,14329,5
22256,21029,6
37550,3753,0
37550,14821,1
37550,67513,2
37550,33929,3
37550,129076,4
37550,1688231,5
37550,1688232,6
37916,3753,0
37916,25810,1
37916,40887,2
37916,1014911,3
37916,55135,4
37916,1114472,5
37916,85648,6
21873,112158,0
21873,2059,1
21873,2876,2
21873,1024594,3
21873,141243,4
21873,3234,5
21873,192147,6
21500,14061,0
21500,2879,1
21500,37041,2
21500,19153,3
21500,41406,4
21500,3036,5
21500,2394,6
84116,8944,0
84116,2878,1
84116,723,2
84116,10431,3
84116,8499,4
84116,45363,5
84116,41730,6
12626,18686,0
12626,227,1
12626,13,2
12626,10360,3
12626,10475,4
12626,3234,5
12626,1691158,6
37818,118589,0
37818,91332,1
37818,3234,2
37818,1184131,4
37818,6678,5
37818,2230,6
37818,53589,7
3525,29369,0
3525,3,1
3525,10205,2
3525,7447,3
3525,3234,4
3525,6541,5
3525,4496,6
129628,11856,0
129628,5048,1
129628,20914,2
129628,7868,3
129628,94434,4
129628,3234,5
129628,65827,6
2321,1160,0
2321,8654,1
2321,923,2
2321,2167,3
2321,7447,4
2321,4039,5
2321,3234,6
2028,3036,0
2028,3126,1
2028,4251,2
2028,3127,3
2028,21063,5
2028,21064,6
2028,11628,7
16384,67773,0
16384,8872,1
16384,3234,2
16384,58549,4
16384,10556,5
16384,21282,6
16384,44830,7
91217,4431,0
91217,3229,1
91217,3234,2
91217,5577,3
91217,8534,4
91217,13389,5
91217,152863,6
77314,79952,0
77314,3234,1
77314,8212,2
77314,32592,3
77314,1434355,4
77314,12152,5
77314,4574558,7
10699,4483,0
10699,16935,1
10699,1271,2
10699,3234,3
10699,18916,4
10699,54812,5
10699,7868,6
11597,2157,0
11597,5658,1
11597,3234,2
11597,32,3
11597,36424,4
11597,13295,5
11597,13392,6
218624,1221838,0
218624,83453,1
218624,41284,2
218624,3014,3
218624,3416,4
218624,68527,5
218624,1207529,6
47947,586,0
47947,21731,1
47947,182851,2
47947,31115,3
47947,1539,4
47947,1226789,5
47947,18982,6
48311,140252,0
48311,3416,1
48311,29383,2
48311,84653,3
48311,33833,4
48311,106247,5
48311,9997,6
44772,69718,0
44772,3416,1
44772,66606,2
44772,5300,3
44772,15274,4
44772,83145,5
44772,4175,6
14347,3895,0
14347,17225,1
14347,46946,2
14347,3416,3
14347,83170,4
14347,57379,5
14347,1269239,6
41090,3416,0
41090,2880,1
41090,4139,2
41090,5047,3
41090,53087,4
41090,6952,5
41090,160032,6
18282,3036,0
18282,3416,1
18282,87003,2
18282,21282,3
18282,59196,4
18282,106247,5
18282,140778,6
18169,2879,0
18169,3416,1
18169,26485,2
18169,20,3
18169,1069,4
18169,41465,5
18169,1080059,6
11082,3416,0
11082,2712,1
11082,920,2
11082,54246,3
11082,131831,4
11082,23975,5
11082,13308,6
5971,380,0
5971,2228,1
5971,3416,2
5971,16166,3
5971,9257,4
5971,40008,5
5971,785,6
11933,54812,0
11933,707,1
11933,7180,2
11933,3416,3
11933,24516,4
11933,37043,5
11933,10361,6
20096,3416,0
20096,8447,1
20096,10477,2
20096,2453,3
20096,3910,4
20096,8985,5
20096,7268,6
30815,3416,0
30815,21104,1
30815,62,2
30815,59872,3
30815,1037,4
30815,170948,5
30815,7164,6
881,500,0
881,514,1
881,3416,2
881,4724,3
881,2628,4
881,7166,5
881,6717,6
4478,4135,0
4478,3416,1
4478,57755,2
4478,5950,3
4478,17485,4
4478,879,5
4478,9188,6
22318,7399,0
22318,13918,1
22318,49,2
22318,887,3
22318,88598,4
22318,11803,5
22318,36169,6
53113,5064,0
53113,9137,1
53113,227,2
53113,16857,3
53113,16858,4
53113,18070,5
53113,19151,6
2109,18897,0
2109,66,1
2109,207,2
2109,4492,3
2109,7430,4
2109,2969,5
2109,6576,6
122289,221730,0
122289,150536,1
122289,3051,2
122289,77562,3
122289,1655795,4
122289,4336232,5
122289,67027,6
24746,103999,0
24746,104000,1
24746,104001,2
24746,104002,3
24746,104004,4
24746,104005,5
24746,104006,6
72987,10823,0
72987,22290,1
72987,15200,2
72987,10767,3
72987,19068,4
72987,19163,5
72987,17772,6
193103,3664,0
193103,27163,1
193103,39126,2
193103,31512,3
193103,53,4
193103,32029,5
193103,56422,6
8195,380,0
8195,1003,1
8195,11317,2
8195,1640,3
8195,33658,4
8195,378,5
8195,48,6
9877,3128,0
9877,7499,1
9877,59967,2
9877,19975,3
9877,18284,4
9877,1234,5
9877,12642,6
26618,73421,0
26618,4937,1
26618,21197,2
26618,6914,3
26618,10000,4
26618,95789,5
26618,58381,6
21132,5724,0
21132,10985,1
21132,8541,2
21132,87131,3
21132,4728,4
21132,87132,5
21132,4942,6
11855,820,0
11855,6886,1
11855,29710,2
11855,65166,3
11855,5960,4
11855,17495,5
11855,2839,6
24016,26513,0
24016,6949,1
24016,55152,2
24016,10504,3
24016,9191,4
24016,539510,5
24016,133732,6
14785,230632,0
14785,995721,1
14785,129726,2
14785,52974,3
14785,101822,4
14785,35782,5
14785,106461,6
14794,56890,0
14794,1234484,1
14794,138563,2
14794,1040441,3
14794,1040442,4
14794,157799,5
14794,37984,6
3486,12446,0
3486,15735,1
3486,5825,2
3486,8902,3
3486,32160,4
3486,24323,5
3486,32161,6
11071,6577,0
11071,50304,1
11071,68088,2
11071,22600,3
11071,89091,4
11071,30501,5
11071,153493,6
1091,6856,0
1091,65827,1
1091,11065,2
1091,15411,3
1091,15412,4
1091,15413,5
1091,15414,6
10403,504,0
10403,21245,1
10403,10430,2
10403,2395,3
10403,8212,4
10403,591,5
10403,65528,6
11337,44079,1
11337,69055,2
11337,24393,3
11337,10555,4
11337,11511,5
11337,87007,6
11337,1276096,7
162,85,0
162,1920,1
162,1902,2
162,1904,3
162,1907,4
162,1908,5
162,1909,6
25723,22226,0
25723,368,1
25723,16476,2
25723,15286,3
25723,2144,4
25723,1214197,5
25723,59549,6
73351,1037,0
73351,1533,1
73351,8349,2
73351,1142280,3
73351,56153,4
73351,80780,5
73351,51188,6
8916,4430,1
8916,707,2
8916,10774,3
8916,2047,4
8916,193,5
8916,58184,6
8916,16483,7
28134,17485,0
28134,2283,1
28134,1572975,2
28134,3160287,3
28134,181297,4
28134,1218055,5
28134,1673591,6
9429,58317,0
9429,23659,1
9429,6486,2
9429,28640,3
9429,87295,4
9429,34735,5
9429,58151,6
12159,2157,0
12159,9777,1
12159,18750,2
12159,197545,3
12159,91035,4
12159,2201,5
12159,1576334,6
27791,34839,0
27791,7430,1
27791,18235,2
27791,5139,3
27791,1817,4
27791,92777,5
27791,46929,6
43106,12446,0
43106,6599,1
43106,19022,2
43106,229362,3
43106,9221,4
43106,78940,5
43106,141578,6
30197,18861,0
30197,3460,1
30197,19178,2
30197,9601,3
30197,47504,4
30197,105813,5
30197,2172,6
10156,14639,0
10156,6844,1
10156,29803,2
10156,13640,3
10156,9599,4
10156,72680,5
10156,66804,6
10377,4517,0
10377,3141,1
10377,2877,2
10377,19505,3
10377,56266,4
10377,65019,5
10377,6168,6
3121,9808,0
3121,30610,1
3121,13726,2
3121,8963,3
3121,13652,4
3121,30612,5
3121,30613,6
4975,937,0
4975,8784,1
4975,3063,2
4975,40310,3
4975,40311,4
4975,39186,5
4975,40314,6
37532,1985,0
37532,203683,1
37532,104789,2
37532,4452744,3
37532,1520857,4
37532,4452745,5
37532,4452746,6
9713,776,0
9713,4785,1
9713,11164,2
9713,1162,3
9713,14990,4
9713,69718,5
9713,71727,6
134368,9045,0
134368,2969,1
134368,69298,2
134368,11150,3
134368,1098669,4
134368,162582,5
134368,40481,6
85837,20752,0
85837,98797,1
85837,6780,2
85837,58265,3
85837,121481,4
85837,1280134,5
85837,7077,6
1039,15121,0
1039,15122,1
1039,1087,2
1039,13812,3
1039,15123,4
1039,15124,5
1039,15125,6
9821,4430,0
9821,20220,1
9821,18793,2
9821,4800,3
9821,5048,4
9821,7470,5
9821,15899,6
4437,6355,0
4437,12074,1
4437,15735,2
4437,12438,3
4437,245,4
4437,253,5
4437,66079,6
1890,227,0
1890,19797,1
1890,6721,2
1890,6541,3
1890,25187,4
1890,25188,5
1890,25189,6
1955,4173,0
1955,5049,1
1955,10774,2
1955,11857,3
1955,13325,4
1955,12517,5
1955,1821,6
39437,13309,0
39437,2047,1
39437,55314,2
39437,9030,3
39437,64908,4
39437,32774,5
39437,8354,6
11932,1370,0
11932,7906,1
11932,25541,2
11932,70958,3
11932,19578,4
11932,166807,5
11932,27772,6
6435,18277,0
6435,2227,1
6435,8893,2
6435,1902,3
6435,5725,4
6435,18992,5
6435,38940,6
108316,15234,0
108316,2283,1
108316,689,2
108316,1980,3
108316,10859,4
108316,39596,5
108316,3112641,6
10683,209,0
10683,1233,1
10683,19152,2
10683,6684,3
10683,65528,4
10683,9565,5
10683,856,6
63709,6573,0
63709,4941,1
63709,11621,2
63709,135162,3
63709,35980,4
63709,9633,5
63709,4886,6
9445,51214,0
9445,1327,1
9445,52374,2
9445,13550,3
9445,3977,4
9445,61151,5
9445,742,6
2657,2219,0
2657,368,1
2657,3905,2
2657,11148,3
2657,8447,4
2657,22131,5
2657,8167,6
9425,6856,0
9425,58319,1
9425,11355,2
9425,935,3
9425,28848,4
9425,2048,5
9425,19654,6
32326,109114,0
637,4818,0
637,9235,1
637,9236,2
637,9237,3
637,9239,4
637,954,5
637,5789,6
8675,55624,1
8675,34518,2
8675,55623,3
8675,55625,4
8675,74145,5
8675,42545,6
8675,55626,7
125762,13021,0
125762,57298,1
125762,4801,2
125762,6804,3
125762,38341,4
125762,65730,5
125762,119761,6
20701,102,0
20701,11716,1
20701,3675763,2
20701,2224,3
20701,1218024,4
20701,884,5
20701,2973975,6
9945,4512,0
9945,24516,1
9945,6726,2
9945,60705,3
9945,12150,4
9945,40275,5
9945,534,6
73,819,0
73,820,1
73,821,2
73,823,3
73,824,4
73,826,5
73,822,6
18603,2235393,0
18603,2235394,1
18603,2235395,2
18603,2235396,3
18603,2235397,4
18603,2235398,5
18603,2235400,6
46889,18686,0
46889,518,1
46889,15758,2
46889,42993,3
46889,31028,4
46889,13550,5
46889,155845,6
12888,21355,0
12888,104779,1
12888,91508,2
12888,17919,3
12888,104780,4
12888,1107016,5
12888,75838,6
3033,1327,0
3033,18269,1
3033,29791,2
3033,12139,3
3033,29792,4
3033,18916,5
3033,29794,6
9882,5292,0
9882,516,1
9882,62,2
9882,4252,3
9882,20667,4
9882,20644,5
9882,136530,6
10663,19292,0
10663,8534,1
10663,31903,2
10663,826,3
10663,67764,4
10663,37947,5
10663,21485,6
4518,112,0
4518,12763,1
4518,118,2
4518,2040,3
4518,11857,4
4518,4786,5
4518,20234,6
1808,3061,0
1808,1244,1
1808,3051,2
1808,3894,3
1808,1926,4
1808,33679,5
1808,26259,6
3600,33260,0
3600,33259,1
3600,33286,2
3600,33285,3
3600,327,4
3600,17348,5
3600,18285,6
17037,53283,0
17037,10860,1
17037,56487,2
17037,21163,3
17037,23706,4
17037,81170,5
17037,56979,6
297,287,0
297,4173,1
297,4174,2
297,4177,3
297,4726,4
297,4175,5
297,4192,6
5332,5064,0
5332,2462,1
5332,42601,2
5332,37759,3
5332,32990,4
5332,5658,5
5332,7026,6
21589,67704,0
21589,540,1
21589,95638,2
21589,67523,3
21589,2320,4
21589,75532,5
21589,7007,6
8336,4688,0
8336,33432,1
8336,38581,2
8336,4790,3
8336,4887,4
8336,3911,5
8336,21134,6
11893,10127,0
11893,21315,1
11893,28412,2
11893,31115,3
11893,15213,4
11893,15411,5
11893,12521,6
123056,49425,0
123056,10127,1
123056,10080,2
123056,6913,3
123056,27493,4
123056,922,5
123056,77133,6
12223,9594,0
12223,33644,1
12223,71733,2
12223,1220,3
12223,29910,5
12223,1215918,6
12223,46099,7
32081,21315,0
32081,2295,1
32081,589,2
32081,41283,3
32081,12521,4
32081,20564,5
32081,588,6
14924,64,0
14924,43476,1
14924,54014,2
14924,142844,3
14924,90546,4
14924,3982,5
14924,59076,6
10002,382,0
10002,61840,1
10002,3895,2
10002,1923,3
10002,61011,4
10002,20771,5
10002,143532,6
41817,382,0
41817,5292,1
41817,43476,2
41817,42156,3
41817,103982,4
41817,105626,5
41817,12889,6
19426,5402,0
19426,27440,1
19426,543085,2
19426,31989,3
19426,5404,4
19426,125357,5
19426,128674,6
12560,13022,0
12560,515,1
12560,4785,2
12560,227,3
12560,8945,4
12560,5960,5
12560,39117,6
9798,2888,0
9798,193,1
9798,10127,2
9798,9788,3
9798,11628,4
9798,28410,5
9798,12834,6
14444,2395,0
14444,60950,1
14444,15274,2
14444,15762,3
14444,58136,4
14444,60739,5
14444,80719,6
9487,21290,0
9487,1979,1
9487,15886,2
9487,17265,3
9487,89784,4
9487,21125,5
9487,11076,6
9466,5587,0
9466,11181,1
9466,351,2
9466,6193,3
9466,29369,4
9466,10696,5
9466,4250,6
666,10055,0
666,10059,1
666,10057,2
666,10061,3
666,10062,4
666,8600,5
666,52584,6
2042,6065,0
2042,21019,1
2042,21020,2
2042,1640,3
2042,21021,4
2042,36647,5
2042,2630,6
10162,2481,0
10162,1282,1
10162,58068,2
10162,42571,3
10162,147054,4
10162,34715,5
10162,1609635,6
309,4455,0
309,4456,1
309,4457,2
309,4458,3
309,4459,4
309,4460,5
309,4461,6
692,10369,0
692,10370,1
692,10371,2
692,9292,3
692,10372,4
692,10373,5
692,10374,6
24018,1547,0
24018,34119,2
24018,100348,3
24018,99126,4
24018,1947279,5
24018,1476442,6
24018,97824,7
1678,18615,0
1678,33768,1
1678,30568,2
1678,7453,3
1678,235382,4
1678,108026,5
1678,931393,6
39256,7685,0
39256,70324,1
39256,72398,2
39256,19591,3
39256,73186,4
39256,12440,5
39256,93684,6
1680,18612,0
1680,18613,1
1680,144797,2
1680,931388,3
1680,30470,4
1680,30568,5
1680,10070,6
244,3243,0
244,3242,1
244,3244,2
244,3245,3
244,1128885,4
244,3262,5
244,3246,6
10730,1229,0
10730,4431,1
10730,28164,2
10730,18649,3
10730,9807,4
10730,6772,5
10730,41224,6
31947,2713,0
31947,50464,1
31947,536274,2
31947,207309,3
31947,778,4
31947,20906,5
31947,1659314,6
8130,2165,0
8130,3125,1
8130,18992,2
8130,14103,3
8130,19976,4
8130,12133,5
8130,3711,6
11532,6280,0
11532,69751,1
11532,41229,2
11532,78413,3
11532,279486,4
11532,1163989,5
11532,1132195,6
9749,54812,0
9749,21561,1
9749,58866,2
9749,10671,3
9749,20163,4
9749,16935,5
9749,588,6
14628,54812,0
14628,11066,1
14628,105962,2
14628,8655,3
14628,20163,4
14628,5177,5
14628,68091,6
9626,1100,0
9626,921,1
9626,45378,2
9626,39782,3
9626,58210,4
9626,653,5
9626,10942,6
13698,2232,0
13698,16183,1
13698,66606,2
13698,13920,3
13698,1241,4
13698,68411,5
13698,85500,6
10466,31,0
10466,56881,1
10466,7674,2
10466,21151,3
10466,3266,4
10466,6541,5
10466,33489,6
707,10222,0
707,10660,1
707,4690,2
707,10661,3
707,10662,4
707,5274,5
707,696,6
11954,52023,0
11954,22109,1
11954,6637,2
11954,44233,3
11954,2387,4
11954,10505,5
11954,26707,6
9336,26472,0
9336,2109,1
9336,27237,2
9336,57349,3
9336,57350,4
9336,57351,5
9336,57352,6
10157,26472,0
10157,57349,1
10157,57353,2
10157,14672,3
10157,57356,4
10157,186816,5
10157,13023,6
12118,26472,0
12118,57349,1
12118,57353,2
12118,14672,3
12118,186816,4
12118,22252,5
12118,15212,6
10587,26472,0
10587,57349,1
10587,14672,2
10587,57353,3
10587,95216,4
10587,4430,5
10587,22252,6
11825,57349,0
11825,57353,1
11825,14672,2
11825,22252,3
11825,186816,4
11825,19257,5
11825,141429,6
11895,57349,0
11895,57353,1
11895,14672,2
11895,22252,3
11895,186816,4
11895,141429,5
11895,42206,6
9447,15274,0
9447,45586,1
9447,2505,2
9447,1937,3
9447,45386,4
9447,52699,5
9447,21104,6
12257,69597,0
12257,11514,1
12257,36422,2
12257,28410,3
12257,10409,4
12257,5150,5
12257,15028,6
37536,94743,0
37536,56824,1
37536,58045,2
37536,18687,3
37536,21259,4
37536,52116,5
37536,64856,6
10029,2224,0
10029,6941,1
10029,15277,2
10029,2221,3
10029,12799,4
10029,11511,5
10029,10478,6
27104,57345,0
27104,96977,1
27104,78711,2
27104,96975,3
27104,142769,4
27104,96978,5
27104,96974,6
11252,4937,0
11252,8256,1
11252,1231,2
11252,110,3
11252,3905,4
11252,5694,5
11252,4492,6
8545,4154,0
8545,3895,1
8545,3061,2
8545,34902,3
8545,388,4
8545,30320,5
8545,25532,6
10223,879,0
10223,2053,1
10223,2233,2
10223,15011,3
10223,5613,4
10223,10486,5
10223,59206,6
9745,2232,0
9745,11164,1
9745,13633,2
9745,33528,3
9745,9290,4
9745,21027,5
9745,16479,6
200,2387,0
200,1213786,1
200,2391,2
200,2388,3
200,1164,4
200,2516,5
200,2518,6
9837,5576,0
9837,5469,1
9837,1160,2
9837,18277,3
9837,4785,4
9837,2047,5
9837,2387,6
11545,17881,0
11545,1532,1
11545,11616,2
11545,5950,3
11545,1248,4
11545,15252,5
11545,239981,6
1934,12763,0
1934,12052,1
1934,118,2
1934,207,3
1934,5309,4
1934,11356,5
1934,5472,6
110643,3151,0
110643,6752,1
110643,1466,2
110643,6932,3
110643,14106,4
110643,106574,5
110643,112569,6
11881,22600,0
11881,70820,1
11881,70035,2
11881,2769,3
11881,10928,4
11881,14975,5
11881,1193327,6
13764,56819,0
13764,12074,1
13764,1232,2
13764,16523,3
13764,45455,4
13764,8609,5
13764,1128602,6
24951,16431,1
24951,949848,2
24951,80135,3
24951,9599,4
24951,4788,5
24951,3093,6
24951,14884,7
8879,190,0
8879,21030,1
8879,44831,2
8879,2969,3
8879,15413,4
8879,158833,5
8879,10460,6
1369,16483,0
1369,16554,1
1369,16119,2
1369,782,3
1369,16578,4
1369,56117,5
1369,16580,6
1368,16483,0
1368,16554,1
1368,6197,2
1368,16555,3
1368,16557,5
1368,15824,6
1368,16558,7
1370,16483,0
1370,16554,1
1370,255923,2
1370,2115,3
1370,6783,4
1370,16604,5
1370,16605,6
10303,3392,0
10303,3391,1
10303,518,2
10303,6783,3
10303,943150,4
10303,1076195,5
10303,1076196,6
9326,3392,0
9326,3391,1
9326,518,2
9326,57312,3
9326,22767,4
9326,236686,5
9326,11318,6
10328,26472,0
10328,194670,1
10328,6197,2
10328,18156,3
10328,11065,4
10328,7668,5
10328,21151,6
11285,18156,0
11285,11065,1
11285,14405,2
11285,7668,3
11285,64929,4
11285,26472,5
11285,29508,6
1367,16483,0
1367,3094,1
1367,4521,2
1367,1101,3
1367,16523,4
1367,16504,5
1367,16525,6
1371,16483,0
1371,3094,1
1371,4521,2
1371,1101,3
1371,16619,4
1371,16523,5
1371,16504,6
1374,16483,0
1374,16644,1
1374,1101,2
1374,3094,3
1374,4521,4
1374,921,5
1374,16504,6
1375,16483,0
1375,3094,1
1375,4521,2
1375,16662,3
1375,16661,4
1375,16660,5
1375,16523,6
15196,13472,0
15196,39015,1
15196,29803,2
15196,1062,3
15196,21731,4
15196,80742,5
15196,21818,6
11904,984,0
11904,70881,1
11904,31921,2
11904,660,3
11904,87415,4
11904,20243,5
11904,98098,6
215875,5606,0
215875,8945,1
215875,7673,2
215875,78305,3
215875,2650550,4
215875,124382,5
215875,54348,6
15596,3198,0
15596,9805,1
15596,4521,2
15596,3223,4
15596,56124,5
15596,129996,6
15596,11782,7
13818,5064,0
13818,514,1
13818,8447,2
13818,21151,3
13818,8893,4
13818,15416,5
13818,11514,6
29968,31,0
29968,14882,1
29968,2639,2
29968,1210,3
29968,12852,4
29968,29710,5
29968,6068,6
44326,28768,0
44326,785,1
44326,1981,2
44326,2958,3
44326,53931,4
44326,88031,5
44326,140250,6
1885,2877,0
1885,23915,1
1885,1951,2
1885,56124,3
1885,56117,4
1885,23916,5
1885,23918,6
8856,2877,0
8856,23915,1
8856,56123,2
8856,29381,3
8856,56120,4
8856,3134,5
8856,56121,6
10495,2877,0
10495,23915,1
10495,15905,2
10495,60705,3
10495,56117,4
10495,65205,5
10495,1340974,6
5825,54812,0
5825,821,1
5825,3196,2
5825,16478,3
5825,18649,4
5825,6587,5
5825,5249,6
9489,5344,0
9489,31,1
9489,17141,2
9489,7489,3
9489,26716,4
9489,4169,5
9489,28933,6
16885,2039,0
16885,42566,1
16885,2468,2
16885,33394,3
16885,63358,4
16885,10127,5
16885,63367,6
76857,1283,0
76857,11181,1
76857,9138,2
76857,47590,3
76857,56614,4
76857,192927,5
76857,10737,6
8741,8767,0
8741,1733,1
8741,2228,2
8741,21343,3
8741,13550,4
8741,3036,5
8741,6066,6
9276,2299,0
9276,109,1
9276,22123,2
9276,20387,3
9276,52647,4
9276,25872,5
9276,418,6
9822,6885,0
9822,2053,1
9822,1118,2
9822,22109,3
9822,19839,4
9822,9788,5
9822,21505,6
39314,33716,0
39314,8258,1
39314,3243,2
39314,74875,3
39314,13298,4
39314,1086915,5
39314,104714,6
10312,2157,0
10312,2140,1
10312,1233,2
10312,95604,3
10312,4029,4
10312,3907,5
10312,9979,6
9441,1204,0
9441,4038,1
9441,228,2
9441,20089,3
9441,19977,4
9441,16217,5
9441,51188,6
9422,8891,0
9422,3087,1
9422,4252,2
9422,3905,3
9422,6752,4
9422,11621,5
9422,12074,6
125582,1981,0
125582,19739,1
125582,5700,2
125582,9572,3
125582,18284,4
125582,10814,5
125582,59713,6
24525,2228,0
24525,1979,1
24525,32,2
24525,9046,3
24525,52865,4
24525,10690,5
24525,5344,6
10368,10978,0
10368,5309,1
10368,23709,2
10368,38225,3
10368,10437,4
10368,1232520,5
10368,192953,6
11365,11275,0
11365,9642,1
11365,13333,2
11365,49971,3
11365,9138,4
11365,33448,5
11365,3968,6
140897,5694,0
140897,7166,1
140897,6681,2
140897,19839,3
140897,14698,4
140897,12967,5
140897,94511,6
31662,1733,0
31662,5606,1
31662,5563,2
31662,5293,3
31662,54782,4
31662,108717,5
31662,41293,6
36136,29369,0
36136,4512,1
36136,52646,2
36136,3270,3
36136,58473,4
36136,133,5
36136,15011,6
1363,8289,0
1363,57755,1
1363,955,2
1363,4687,3
1363,6614,4
1363,4942,5
1363,16431,6
46992,1639,0
46992,3052,1
46992,22063,2
46992,18616,3
46992,4391,4
46992,9139,5
46992,42276,6
825,12214,0
825,9560,1
825,738,2
825,11085,3
825,11701,4
825,12217,5
825,11864,6
22913,382,0
22913,89798,1
22913,235361,2
22913,30320,3
22913,990,4
22913,148134,5
22913,193356,6
15556,5576,0
15556,23931,1
15556,11084,2
15556,6106,3
15556,52374,4
15556,78729,5
15556,18328,6
28902,516,0
28902,18992,1
28902,9029,2
28902,3223,3
28902,925,4
28902,118937,5
28902,2503911,6
14709,19210,0
14709,20189,1
14709,10127,2
14709,8167,3
14709,77174,4
14709,1894,5
14709,17303,6
9423,8944,0
9423,13021,1
9423,55636,2
9423,36059,3
9423,3041,4
9423,92309,5
9423,7248,6
14443,81409,0
14443,60060,1
14443,81410,2
14443,12662,3
14443,81411,4
14443,81412,5
14443,81413,6
10658,1063,0
10658,4004,1
10658,504,2
10658,1471,3
10658,90039,4
10658,114761,5
10658,4706922,6
6917,10822,0
6917,51424,1
6917,51425,2
6917,47757,3
6917,52956,4
6917,58803,5
6917,168770,6
40729,51425,0
40729,51038,1
40729,54888,2
40729,21063,3
40729,151107,4
40729,38565,5
40729,1499186,6
24086,171213,0
24086,27493,1
24086,2223,2
24086,7673,3
24086,10559,4
24086,56266,5
24086,19143,6
11815,10226,0
11815,70564,1
11815,1905,2
11815,2435,3
11815,7210,4
11815,71779,5
11815,16764,6
9426,4785,0
9426,16935,1
9426,20211,2
9426,57626,3
9426,12716,4
9426,105298,5
9426,180878,6
10344,7036,0
10344,14668,1
10344,21283,2
10344,20211,3
10344,61167,4
10344,64874,5
10344,26089,6
15698,66804,0
15698,7904,1
15698,1159,2
15698,4761,3
15698,532,4
15698,6486,5
15698,9629,6
2620,7180,0
2620,26510,1
2620,1162,2
2620,12521,3
2620,5344,4
2620,591,5
2620,783,6
30497,27798,0
30497,122454,1
30497,122455,2
30497,122457,4
30497,27803,5
30497,104014,6
30497,27804,7
16337,2778,0
16337,86923,1
16337,422214,2
16337,104014,3
16337,27737,4
16337,2851,5
16337,589733,6
25018,151363,0
25018,15070,1
25018,99600,2
25018,81460,3
25018,110,4
25018,140250,5
25018,91726,6
16780,9137,0
16780,10297,1
16780,975230,3
16780,177905,4
16780,1075540,5
16780,1879439,6
16780,1879440,7
12151,518,0
12151,73931,1
12151,777,2
12151,33488,3
12151,159753,4
12151,8984,5
12151,544816,6
25438,93796,0
25438,93795,1
25438,1076524,2
25438,14737,3
25438,107309,4
25438,57756,6
25438,12208,7
33278,81516,0
33278,56128,1
33278,101785,2
33278,110434,3
33278,49944,4
33278,70782,5
33278,110435,6
274253,23346,0
274253,169375,1
274253,140777,2
274253,230,3
274253,883,4
274253,1217687,5
274253,3087,6
192,738,0
192,1164,1
192,2224,2
192,2367,3
192,2368,4
192,2369,5
192,2370,6
10945,2395,0
10945,1756,1
10945,8937,2
10945,10556,3
10945,8873,4
10945,20906,5
10945,24368,6
10013,3391,0
10013,2963,1
10013,62014,2
10013,2022,3
10013,11148,4
10013,18916,5
10013,206,6
9671,57147,0
9671,57166,1
9671,14103,2
9671,53023,3
9671,13938,4
9671,42841,5
9671,1040112,6
9396,57147,0
9396,57166,1
9396,42841,2
9396,57593,3
9396,17764,4
9396,243333,5
9396,1607,6
11038,13784,0
11038,2090,1
11038,1466,2
11038,65284,3
11038,56159,4
11038,3265,5
11038,12659,6
12278,2878,0
12278,13312,1
12278,72028,2
12278,15152,3
12278,404,4
12278,7633,5
12278,84084,6
11873,3636,0
11873,500,1
11873,1161,2
11873,1241,4
11873,8854,5
11873,2178,6
11873,1264489,7
18588,6355,0
18588,13567,1
18588,45481,2
18588,5589,3
18588,114271,4
18588,95598,5
18588,11164,6
10015,190,0
10015,19131,1
10015,5616,2
10015,6561,3
10015,16214,4
10015,40618,5
10015,30044,6
12715,51576,0
12715,20959,1
12715,33322,2
12715,68301,3
12715,1105,4
12715,655,5
12715,11764,6
8388,54812,0
8388,67773,1
8388,519,2
8388,22767,3
8388,41737,4
8388,54813,5
8388,940922,6
45712,4430,0
45712,18325,1
45712,14702,2
45712,133517,3
45712,5170,4
45712,862,5
45712,21127,6
6187,4274,0
6187,48576,1
6187,37919,2
6187,48577,3
6187,48578,4
6187,48579,5
6187,19383,6
8129,3064,0
8129,21978,1
8129,16908,2
8129,480,3
8129,54014,4
8129,1839,5
8129,2844054,6
1618,9029,0
1618,9188,1
1618,18065,2
1618,9191,3
1618,2440,4
1618,18066,5
1618,18068,6
10722,3813,0
10722,66815,1
10722,10847,2
10722,66816,3
10722,233766,4
10722,10777,5
10722,93831,6
296543,72028,0
296543,532,1
296543,2372,2
296543,56128,3
296543,2756585,4
296543,1017190,5
10314,33260,0
10314,38581,1
10314,8167,2
10314,58006,3
10314,7166,4
10314,10690,5
10314,18793,6
125548,4810,0
125548,17352,1
125548,5699,2
125548,6832,3
125548,17859,4
125548,76131,5
125548,80376,6
47139,2659843,2
47139,61085,3
47139,44464,4
47139,571123,5
47139,571128,7
47139,571129,8
47139,571130,9
11167,6251,0
11167,68422,1
11167,8227,2
11167,30141,3
11167,35315,4
11167,47395,5
11167,56875,6
170187,1021557,0
170187,963,1
170187,1505929,2
170187,6413,3
170187,32645,4
170187,42993,5
170187,125229,6
2112,2461,0
2112,2518,1
2112,49,2
2112,19839,3
2112,1103,4
2112,13549,5
2112,5589,6
16172,11863,0
16172,54789,1
16172,19152,2
16172,1276,3
16172,37947,4
16172,138000,5
16172,52462,6
111794,13445,0
111794,1396573,1
111794,162102,5
111794,162096,6
9524,14633,0
9524,1086,1
9524,8799,2
9524,3742,3
9524,52103,4
9524,1876,5
9524,8790,6
20595,937574,0
20595,937575,1
20595,937576,2
20595,3148600,3
20595,1700559,4
20595,3148601,5
20595,2830482,6
16306,131380,0
16306,38115,1
16306,131376,2
16306,39334,3
16306,1687898,4
16306,131377,5
16306,39880,6
11622,18269,0
11622,5588,1
11622,4690,2
11622,5606,3
11622,21290,4
11622,9998,5
11622,16937,6
10207,1269,0
10207,32,1
10207,3636,2
10207,47879,3
10207,7796,4
10207,1923,5
10207,10135,6
9849,1062,0
9849,8447,1
9849,13918,2
9849,589,3
9849,12900,4
9849,4003,5
9849,4250,6
82865,11806,0
18892,16850,0
18892,59967,1
18892,35551,2
18892,20750,3
18892,2230,4
18892,10556,5
18892,1030602,6
13466,131,0
13466,2955,1
13466,26999,2
13466,4784,3
13466,10128,4
13466,9186,5
13466,71886,6
1542,17402,0
1542,4491,1
1542,52794,2
1542,1982,3
1542,5727,4
1542,17401,5
1542,21163,6
43978,1890326,0
43978,1890327,1
43978,1890328,2
43978,1890329,3
43978,1890330,4
15256,880,0
15256,1893,1
15256,4169,2
15256,8695,3
15256,15276,4
15256,21197,5
15256,12930,6
8224,2963,0
8224,73421,1
8224,4691,2
8224,53,3
8224,16293,4
8224,4445,5
8224,2229,6
18417,3196,0
18417,3092,1
18417,4139,2
18417,1771,3
18417,77028,4
18417,34490,5
18417,83052,6
12479,62,0
12479,3926,1
12479,1733,2
12479,10767,3
12479,21104,4
12479,526,5
12479,4987,6
15031,77732,0
15031,18284,1
15031,18471,2
15031,108542,3
15031,130151,4
15031,165275,5
15031,75635,6
15209,78002,0
15209,41292,1
15209,12711,2
15209,78003,3
15209,21065,4
15209,111489,5
15209,1311897,6
26425,1271,0
26425,1533,1
26425,1272,2
26425,17488,3
26425,191545,4
26425,55962,5
26425,552522,6
1847,827,0
1847,41732,1
1847,3088,2
1847,19439,4
1847,9808,5
1847,19442,6
1847,19440,7
42113,95345,0
42113,142451,1
42113,142452,2
42113,142453,3
42113,142454,4
42113,142455,5
42113,142456,6
8913,56265,0
8913,56266,1
8913,1743,2
8913,56267,3
8913,13938,4
8913,8186,5
8913,175553,6
10906,820,0
10906,11085,1
10906,6574,2
10906,57422,3
10906,4761,4
10906,2140105,5
10906,5601,6
25748,102714,0
25748,102715,1
25748,95645,2
25748,102716,3
25748,102718,4
25748,100418,5
25748,102719,6
25749,133665,0
25749,133968,1
25749,79740,2
25749,133969,3
25749,133970,4
25749,42743,5
25749,1080265,6
8769,57082,1
8769,55567,2
8769,10360,3
8769,5048,4
8769,41219,5
8769,66288,6
8769,55929,7
14742,31903,0
14742,2232,1
14742,56881,2
14742,156818,3
14742,52883,4
14742,27516,5
14742,83436,6
15856,1905,0
15856,78853,1
15856,78852,2
15856,78854,3
15856,78851,4
15856,3339,5
15856,78855,6
10671,13784,0
10671,69810,1
10671,4299,2
10671,109701,3
10671,3830,4
10671,14061,5
10671,12950,6
27932,10017,0
27932,8963,1
27932,12950,2
27932,34981,3
27932,40168,4
27932,553509,5
27932,37366,6
7227,3151,0
7227,30123,1
7227,30585,2
7227,7664,3
7227,8725,4
7227,7333,5
7227,113,6
10670,18364,0
10670,12149,1
10670,19207,2
10670,14785,3
10670,30043,4
10670,4958,5
10670,9994,6
5919,13565,0
5919,3636,1
5919,8252,2
5919,6450,3
5919,30181,4
5919,22553,5
5919,28906,6
33518,5694,0
33518,38711,1
33518,3172,2
33518,29313,3
33518,7085,4
33518,40429,5
33518,14731,7
40160,738,0
40160,2769,1
40160,9857,2
40160,32791,3
40160,2641,4
40160,12726,5
40160,15413,6
2362,14528,0
2362,24318,1
2362,9274,2
2362,24319,3
2362,24320,4
2362,24321,5
2362,14671,6
10803,13919,0
10803,12518,1
10803,14464,2
10803,24368,3
10803,28768,4
10803,24808,5
10803,14501,6
871,10017,0
871,7505,1
871,10539,2
871,12023,3
871,6577,4
871,13259,5
871,13260,6
1685,18643,0
1685,10539,1
1685,12023,2
1685,10017,3
1685,13260,4
1685,18645,5
1685,24811,6
1705,7505,0
1705,18648,1
1705,103707,2
1705,99829,3
1705,4307,4
1705,18678,6
1705,2007,7
1688,7505,0
1688,18666,1
1688,1793,2
1688,98797,3
1688,99829,4
1688,13262,5
1688,18648,6
1687,7505,0
1687,10539,1
1687,18647,2
1687,18648,3
1687,8544,4
1687,8499,5
1687,2770,6
166680,18735,0
166680,12021,1
166680,5694,2
166680,7520,3
166680,1230023,4
166680,24323,5
166680,73194,6
11123,10017,0
11123,25787,1
11123,12950,2
11123,40181,3
11123,35341,4
11123,6487,5
11123,88163,6
29723,9208,0
29723,22553,1
29723,15135,2
29723,35319,3
29723,12950,4
29723,2076,5
29723,11998,6
31638,3895,0
31638,35,1
31638,10169,2
31638,1039,3
31638,5251,4
31638,28778,5
31638,60158,6
9535,380,0
9535,7904,1
9535,14406,2
9535,9046,3
9535,1179646,4
9535,1698607,5
9535,1698609,6
9455,13240,0
9455,1619,1
9455,57748,2
9455,8400,3
9455,11397,4
9455,85142,5
9455,21358,6
796,11863,0
796,11864,1
796,368,2
796,11826,3
796,7071,4
796,11866,5
796,11867,6
100,980,0
100,973,1
100,974,2
100,975,3
100,976,4
100,978,5
100,984,6
47501,4886,0
47501,102,1
47501,3490,2
47501,134148,3
47501,92726,4
47501,1005,5
47501,138987,6
77936,17882,0
77936,142574,1
77936,5443,2
77936,25282,3
77936,7693,4
77936,6015,6
77936,7706,7
84586,16218,0
84586,233191,1
84586,7906,2
84586,15309,3
84586,10780,4
84586,87117,5
84586,39112,6
30943,1160,0
30943,4515,1
30943,23495,2
30943,57136,3
30943,57674,4
30943,2395,5
30943,1226126,6
107946,1980,0
107946,21134,1
107946,12645,2
107946,171243,3
107946,19210,4
107946,3212,5
107946,143017,6
7341,51390,0
7341,52474,1
7341,27563,2
7341,52475,3
7341,52476,4
7341,52477,5
7341,6281,6
10350,33260,0
10350,9825,1
10350,26457,2
10350,10698,3
10350,920,4
10350,20277,5
10350,2076,6
11772,2750,0
11772,29545,1
11772,20510,2
11772,6725,3
11772,131449,4
11772,39001,5
11772,9878,6
9540,16940,0
9540,35341,1
9540,57881,2
9540,5942,3
9540,12452,4
9540,57880,5
9540,147522,6
31503,65704,0
31503,64062,1
31503,108098,2
31503,52995,3
31503,54782,4
31503,6067,5
31503,2857,6
11773,3361,0
11773,101478,1
11773,70447,2
11773,30705,3
11773,69764,4
11773,101513,5
11773,101514,6
30202,58339,0
30202,39065,1
30202,87420,2
30202,105823,3
30202,105825,4
30202,105826,5
30202,105827,6
22345,3391,0
22345,1062,1
22345,2109,2
22345,12688,3
22345,6844,4
22345,15532,5
22345,83699,6
53685,56857,0
53685,166278,1
53685,33259,2
53685,56356,3
53685,26457,4
53685,59549,5
53685,6066,6
1567,5444,0
1567,17614,1
1567,17618,2
1567,17617,3
1567,2894436,4
1567,17626,9
1567,2894438,10
1641,18277,0
1641,880,1
1641,16307,2
1641,18324,3
1641,10401,4
1641,780,5
1641,84707,6
47288,8436,0
47288,139216,1
47288,385,2
47288,58954,3
47288,1141113,4
47288,21402,5
47288,87019,6
10212,529,0
10212,18023,1
10212,15234,2
10212,4654,3
10212,4004,4
10212,34691,5
10212,57093,6
10354,190,0
10354,21353,1
10354,64908,2
10354,4512,3
10354,5724,4
10354,1369,5
10354,6200,6
11526,1874,0
11526,683,1
11526,33040,2
11526,22852,3
11526,1860,4
11526,232446,5
11526,7823,6
8583,2462,0
8583,17328,1
8583,17485,2
8583,10430,3
8583,3489,4
8583,14061,5
8583,20005,6
123728,14818,0
123728,115215,1
123728,20906,2
123728,70569,3
123728,6748,4
123728,13243,5
123728,1226113,6
16520,20141,0
16520,14528,1
16520,13299,2
16520,9912,3
16520,80573,4
16520,80574,5
16520,80575,6
16508,171544,0
16508,1215942,1
16508,115502,2
16508,58521,3
16508,15831,4
16508,194749,5
16508,2748447,6
11374,10297,0
11374,57755,1
11374,12134,2
11374,40279,3
11374,2641,4
11374,14,5
11374,3026,6
16379,6194,0
16379,1771,1
16379,4987,2
16379,1117,3
16379,16851,4
16379,2202,5
16379,28633,6
125123,4935,0
125123,3052,1
125123,1219959,2
125123,1333,3
125123,1120,4
125123,1214693,5
125123,122589,6
28029,2882,0
28029,110,1
28029,23626,2
28029,10690,3
28029,41640,4
28029,1507100,5
28029,1507101,6
603,6384,0
603,2975,1
603,530,2
603,1331,3
603,9364,4
603,532,5
603,9372,6
4951,1810,0
4951,12041,1
4951,24045,2
4951,40978,3
4951,38582,4
4951,40979,5
4951,40980,6
65749,230213,0
65749,1395095,1
65749,6859,2
65749,1395096,3
65749,3451508,4
65749,536853,5
65749,74903,7
8970,67773,0
8970,18892,1
8970,8930,2
8970,56867,3
8970,22126,4
8970,62846,5
8970,60018,6
9840,59807,0
9840,59826,1
9840,136170,2
9840,59830,3
9840,14610,4
9840,4009077,5
9840,4009078,6
186705,4273,0
186705,2245,1
186705,48576,2
186705,19361,3
186705,142443,4
186705,534168,5
186705,364611,6
30950,3894,0
30950,1639,1
30950,93177,2
30950,39195,3
30950,8937,4
30950,166019,5
30950,1227702,6
70687,180609,0
70687,559290,1
70687,41052,2
70687,58528,3
70687,559291,4
70687,164149,5
70687,559292,6
11660,70230,0
11660,70224,1
11660,28749,2
11660,70225,3
11660,70226,4
11660,70227,5
11660,70228,6
9430,98,0
9430,18082,1
9430,3897,2
9430,59284,3
9430,12217,4
9430,24965,5
9430,17637,6
11355,69597,0
11355,15234,1
11355,28640,2
11355,15424,3
11355,56731,4
11355,4764,5
11355,17051,6
18764,18897,0
18764,1338,1
18764,26785,2
18764,26729,3
18764,56811,4
18764,26739,5
18764,65986,7
9465,515,0
9465,1231,1
9465,882,2
9465,5577,3
9465,17764,4
9465,1934,5
9465,13726,6
27455,3140117,0
27455,62842,1
27455,97778,2
27455,11480,3
27455,97779,4
27455,783,5
27455,57906,6
1414,16442,0
1414,1602,1
1414,16948,2
1414,16949,3
1414,16945,4
1414,16944,5
1414,16947,6
49981,4687,0
49981,20212,1
49981,18248,2
49981,14,3
49981,12642,4
49981,1472,5
49981,20752,6
6522,776,0
6522,78029,1
6522,52057,2
6522,1897,4
6522,87360,5
6522,18471,6
6522,8689,7
114719,59222,0
114719,389,1
114719,97315,2
114719,8269,3
114719,8540,4
114719,9045,5
114719,3223,6
10209,204,0
10209,5419,1
10209,64173,2
10209,64174,3
10209,17577,4
10209,73845,5
10209,27664,6
25512,64751,0
25512,19163,1
25512,5082,2
25512,54324,3
25512,96628,4
25512,17029,5
25512,6020,6
143299,2641,0
143299,10823,1
143299,52647,2
143299,22248,3
143299,32798,4
143299,6200,5
143299,5427524,6
22826,4818,0
22826,21175,1
22826,9235,2
22826,1972,3
22826,24299,4
22826,115686,5
22826,15918,6
1902,17093,0
1902,955,1
1902,19849,2
1902,1602,3
1902,16442,4
1902,24404,5
1902,553868,6
445590,1778225,0
445590,1778226,1
445590,1778229,3
445590,1059814,4
445590,1041573,5
445590,1138937,6
445590,1778230,7
6396,26457,0
6396,49425,2
6396,823,3
6396,4443,4
6396,50398,5
6396,41088,6
6396,17736,7
39964,60950,0
39964,1957,1
39964,41557,2
39964,1034545,3
39964,1034546,4
39964,1172439,5
39964,19505,6
12596,3036,0
12596,879,1
12596,112,2
12596,11701,3
12596,4177,4
12596,29685,5
12596,14723,6
9451,4756,0
9451,368,1
9451,21594,2
9451,58032,3
9451,88949,4
9451,58741,5
9451,58045,6
1946,10431,0
1946,9642,1
1946,65,2
1946,5293,3
1946,20173,4
1946,540,5
1946,2040,6
89522,118,0
89522,1371,1
89522,1518,2
89522,61350,3
89522,94793,4
89522,12206,5
42230,34601,0
42230,26784,1
42230,229302,2
42230,1178832,3
42230,1200047,4
42230,240181,5
42230,70674,6
139445,543715,0
139445,1177001,1
139445,1177002,2
139445,95953,3
139445,1538422,4
139445,95950,5
139445,1177678,6
74140,110589,2
1844,1922,0
1844,738,1
1844,883,2
1844,7868,3
1844,10182,4
1844,2449,5
1844,82410,6
6552,50398,0
6552,13922,1
6552,20220,2
6552,56731,3
6552,2535,4
6552,22133,5
6552,50400,6
24584,68014,0
24584,92024,1
24584,92025,2
24584,1618572,3
24584,1633400,4
24584,1781139,5
24584,1781140,6
213985,42993,0
213985,59662,1
213985,3473725,2
213985,31028,3
213985,8979,4
213985,1372,5
213985,3251939,6
25471,15168,0
25471,1574703,1
25471,1191994,2
25471,1574704,3
25471,1574705,4
25471,1574706,5
25471,1574707,6
4154,35053,0
4154,35054,1
4154,35056,2
4154,35057,3
4154,3691213,4
4154,1037,5
4154,35058,6
28519,27267,0
28519,9138,1
28519,15788,2
28519,195286,3
28519,23608,4
28519,18325,5
28519,3902,6
3309,31550,0
3309,2672,1
3309,31551,2
3309,860,3
3309,31844,4
3309,30303,5
3309,5740,6
18462,55266,0
18462,50880,1
18462,83151,2
18462,19434,3
18462,100552,4
18462,18071,5
18462,100559,6
28941,83151,0
28941,102435,1
28941,102436,2
28941,102437,3
28941,27995,4
28941,102438,5
28941,102440,7
18252,57082,0
18252,82220,1
18252,26473,2
18252,97943,3
18252,15416,4
18252,12852,5
18252,83145,6
8592,6449,0
8592,1158,1
8592,3125,2
8592,4483,3
8592,3085,4
8592,13389,5
8592,21104,6
564,18269,0
564,3293,1
564,10727,2
564,16743,3
564,18920,4
564,18041,5
564,18916,6
13852,75889,0
13852,75890,1
13852,49360,2
13852,26056,3
13852,3053,4
13852,75891,5
13852,75892,6
140519,3126,0
140519,74940,1
140519,3123,2
140519,15371,3
140519,38667,4
140519,1112607,5
140519,8214,6
25232,18992,0
25232,3085,1
25232,9029,2
25232,3036,3
25232,93396,4
25232,17782,5
25232,168632,6
33194,121569,0
33194,121570,1
33194,130262,2
33194,130263,4
33194,130264,5
33194,555366,6
33194,555352,7
10210,58016,0
10210,49148,1
10210,3894,2
10210,17287,3
10210,2283,4
10210,4757,5
10210,1160,6
53862,35596,0
53862,49002,1
53862,828,2
53862,54429,3
53862,18471,4
53862,49551,5
53862,1212702,6
17962,82540,0
17962,82541,1
17962,4990,2
17962,19590,3
17962,82542,4
17962,34374,5
17962,1029304,6
9460,1336,0
9460,940339,1
9460,57831,2
9460,10875,3
9460,66011,4
9460,66717,5
9460,131732,6
4927,40059,0
4927,40060,1
4927,40061,2
4927,40064,3
4927,40062,4
4927,40063,5
4927,40065,6
122190,1085098,0
122190,1018249,1
122190,1018137,2
122190,1018138,3
122190,1085099,4
122190,1018140,5
122190,1085100,6
1893,3896,0
1893,3061,1
1893,524,2
1893,33196,3
1893,27762,4
1893,33190,5
1893,31923,6
31342,689,0
31342,10401,1
31342,14,2
31342,8326,3
31342,86034,4
31342,16857,5
31342,15112,6
44297,9030,0
44297,11207,1
44297,76339,2
44297,1396570,3
44297,32087,4
44297,18339,5
44297,1850450,6
95627,4452,0
95627,10767,1
95627,5578,2
95627,5170,3
95627,1923,4
95627,31531,5
95627,64825,6
8785,40914,0
8785,55979,1
8785,55980,2
8785,55981,3
8785,7113,4
8785,1137921,5
8785,930888,6
15849,2922,0
15849,78828,1
15849,2125,2
15849,78829,3
15849,1550,4
15849,1234783,5
15849,3247,6
18990,5,0
18990,113,1
18990,5962,2
18990,69249,3
18990,85345,4
18990,87071,5
18990,9900,6
29242,4072,0
29242,30416,1
29242,101481,2
29242,130061,3
29242,33967,4
29242,29142,5
29242,113511,6
29243,4072,0
29243,8516,1
29243,34117,2
29243,103347,3
29243,14451,4
29243,30417,5
29243,3245,6
31498,81168,0
31498,102363,1
31498,35849,2
31498,16761,3
31498,30417,4
31498,30228,5
31498,96721,6
29239,4072,0
29239,81168,1
29239,33230,2
29239,123121,3
29239,30417,4
29239,35849,5
29239,45380,6
15660,6450,0
15660,2958,1
15660,44998,2
15660,79247,3
15660,150212,4
15660,80135,5
15660,171600,6
1924,20006,0
1924,20011,1
1924,193,2
1924,3084,3
1924,13726,4
1924,55278,5
1924,3381,6
8536,20006,0
8536,20011,1
8536,28641,2
8536,31364,3
8536,41224,4
8536,193,5
8536,13726,6
9531,20006,0
9531,9309,1
9531,55278,2
9531,1067,3
9531,1734,4
9531,37368,5
9531,43805,6
11411,20006,0
11411,20011,1
11411,193,2
11411,10447,3
11411,55278,4
11411,1067,5
11411,69718,6
138,1547,0
138,1548,1
138,2125,2
138,1549,3
138,1550,4
138,2126,5
138,3947,6
30793,8516,0
30793,89091,1
30793,4072,2
30793,30260,3
30793,233325,4
30793,2495,5
30793,30112,6
3103,2922,0
3103,4072,1
3103,30686,2
3103,8516,3
3103,30415,4
3103,30416,5
3103,2495,6
3035,2923,0
3035,29814,1
3035,29815,2
3035,2922,3
3035,1550,4
3035,29816,5
3035,1549,6
3077,8727,0
3077,2922,1
3077,1547,2
3077,2495,3
3077,2643,4
3077,30161,5
3077,14033,6
3074,99461,0
3074,1208,1
3074,2495,2
3074,1547,3
3074,30133,4
3074,4072,5
3074,30134,6
3076,4072,0
3076,1547,1
3076,8726,2
3076,30143,3
3076,14873,4
3076,25175,5
3076,2495,6
3079,5,0
3079,101499,1
3079,30187,2
3079,113,3
3079,30188,4
3079,30189,5
3079,30190,6
32023,4072,0
32023,94217,1
32023,95312,2
32023,107684,3
32023,89999,4
32023,105456,5
32023,30133,6
13666,4072,0
13666,4113,1
13666,1208,2
13666,76974,3
13666,8726,4
13666,1547,5
13666,14873,6
29794,113,0
29794,34535,1
29794,61144,2
29794,97168,3
29794,29541,4
29794,18065,5
29794,44819,6
9077,103071,0
9077,56923,1
9077,2642,2
9077,56924,3
9077,112722,4
9077,133572,5
9077,34103,6
36685,13472,0
36685,4038,1
36685,13473,2
36685,13474,3
36685,13475,4
36685,13476,5
36685,1137209,6
43391,106608,0
43391,131031,1
43391,131032,2
43391,975881,4
43391,13969,5
43391,116661,6
43391,6462,7
30168,707,0
30168,7180,1
30168,11159,2
30168,63208,3
30168,46949,4
30168,5261358,5
30168,5261359,6
10785,103069,0
10785,66781,1
10785,56444,2
10785,12356,3
10785,1594224,4
10785,83314,5
10785,12357,6
19483,67685,0
19483,74542,1
19483,15978,2
19483,3341,3
19483,12355,4
19483,114956,5
19483,40212,6
8974,56442,0
8974,103079,1
8974,93625,2
8974,2648,3
8974,179462,4
8974,954443,5
8974,56445,6
29959,103069,0
29959,85740,1
29959,35847,2
29959,105367,3
29959,84230,4
29959,105366,5
29959,40577,6
11549,34597,0
11549,69810,1
11549,69811,2
11549,19109,3
11549,3640,4
11549,101483,5
11549,101481,6
18158,10609,0
18158,106017,1
18158,35847,2
18158,81182,3
18158,82748,4
18158,82749,5
18158,82747,6
27625,4078,0
27625,83987,1
27625,9111,2
27625,98457,3
27625,98458,4
27625,98452,5
27625,102441,6
41516,103071,0
41516,131005,1
41516,38232,2
41516,6933,3
41516,56924,4
41516,153443,5
41516,102328,6
17918,10508,0
17918,11782,1
17918,6719,2
17918,101575,3
17918,100461,4
17918,152673,5
17918,82507,7
37305,8487,0
37305,14785,1
37305,9626,2
37305,1933,3
37305,81180,4
37305,3342,5
37305,88649,6
18784,11492,0
18784,13784,1
18784,5251,2
18784,14529,3
18784,7167,4
18784,69934,5
18784,160541,6
509,1204,0
509,3291,1
509,18022,2
509,41043,3
509,7026,4
509,7446,5
509,19923,6
1090,14886,0
1090,12647,1
1090,15370,2
1090,7132,3
1090,352,4
1090,15371,5
1090,15372,6
24858,2310,0
24858,121732,1
24858,6548,2
24858,150568,3
24858,1357494,4
24858,1382078,5
24858,1371804,6
15059,6104,0
15059,9825,1
15059,16240,3
15059,9015,4
15059,18022,5
15059,1244,6
15059,1369,7
55912,17286,0
55912,35862,1
55912,955,2
55912,10729,3
55912,1036581,4
55912,2983,5
55912,4513,6
12117,4173,0
12117,9777,1
12117,55636,2
12117,16307,3
12117,10477,4
12117,778,5
12117,103833,6
11779,1326545,0
11779,1196996,1
11779,1000391,4
11779,1326547,5
11779,1326548,6
11779,1326553,8
11779,1326554,9
41730,11661,0
41730,2839,1
41730,11512,2
41730,6886,3
41730,1893,4
41730,3282,5
41730,824,6
84198,1229,0
84198,219917,1
84198,1155683,2
84198,181789,3
84198,1155684,4
84198,1018909,5
84198,1155686,6
100568,4886,0
100568,21549,1
100568,163671,2
100568,62384,3
100568,1893,4
100568,1748164,5
100568,2501146,6
13533,29298,0
13533,1452110,1
13533,42325,2
13533,1748,3
13533,31549,4
13533,189185,5
13533,37624,6
62676,1161,0
62676,11064,1
62676,235782,2
62676,10823,3
62676,1953,4
62676,164426,5
62676,140356,6
817,12073,0
817,69122,1
817,10987,2
817,13919,3
817,9208,4
817,13922,5
817,13924,6
265966,29459,0
265966,198642,1
265966,41746,2
265966,92263,3
265966,179421,4
265966,101851,5
265966,198677,6
91598,980224,0
91598,5961,1
91598,1461743,2
91598,34605,3
91598,78292,4
91598,3361311,5
91598,1330702,6
14283,2231,0
14283,96974,1
14283,141715,2
14283,141716,3
14283,141717,4
14283,141719,5
14283,141718,6
37135,3417,0
37135,6613,1
37135,515,2
37135,15789,3
37135,12929,4
37135,8318,5
37135,15788,6
2275,8891,0
2275,289,1
2275,2505,2
2275,16327,3
2275,21474,4
2275,1473,5
2275,15864,6
68426,2395,0
68426,73931,1
68426,78729,2
68426,10437,3
68426,119713,4
68426,21462,5
68426,170664,6
24137,112,0
24137,6613,1
24137,4757,2
24137,1231,3
24137,18325,4
24137,386,5
24137,48968,6
10376,3129,0
10376,3201,1
10376,59373,2
10376,5502,3
10376,80503,4
10376,15864,5
10376,386,6
104,679,0
104,677,1
104,1081,2
104,1082,3
104,1083,4
104,1084,5
104,1088,6
15800,1743,0
15800,91375,1
15800,1755,2
15800,1751,3
15800,1750,4
15800,1749,5
15800,2391,6
9032,19292,0
9032,56730,1
9032,95686,2
9032,16484,3
9032,33489,4
9032,41087,5
9032,12219,6
13821,1371,0
13821,3051,1
13821,75710,2
13821,15337,3
13821,75711,4
13821,75712,5
13821,75713,6
9421,35323,0
9421,21177,1
9421,26887,2
9421,24832,3
9421,53425,4
9421,20080,5
9421,53201,6
55955,11851,0
55955,3052,1
55955,2981,2
55955,1640,3
55955,80417,4
55955,1059948,5
55955,53362,6
67067,79363,0
67067,187100,1
67067,83771,2
67067,207924,3
67067,61345,4
67067,1322898,5
67067,2433600,7
6488,8447,0
6488,27106,1
6488,1230,2
6488,6104,3
6488,27238,4
6488,52043,5
6488,5732,6
9473,34518,1
9473,30695,2
9473,6542,3
9473,1445164,4
9473,1450712,5
9473,1229781,6
9473,1229804,7
8487,2888,0
8487,8945,1
8487,11181,2
8487,3136,3
8487,588,4
8487,15854,5
8487,55254,6
10279,5723,0
10279,3490,1
10279,23931,2
10279,18285,3
10279,18313,4
10279,56691,5
10279,4890,6
125263,5010,0
125263,52474,1
125263,112693,2
125263,4158,3
125263,20904,4
125263,58513,5
125263,42140,6
2767,1137,0
2767,27978,1
2767,27980,3
2767,27982,5
2767,27983,6
2767,1547365,7
2767,1547366,8
78568,8789,0
78568,19163,1
78568,33161,2
78568,77191,3
78568,13609,4
78568,7708,5
78568,6019,7
2105,21593,0
2105,21594,1
2105,21403,2
2105,21595,3
2105,21596,4
2105,1234,5
2105,52480,6
1073,1229,0
1073,504,1
1073,3234,2
1073,15250,3
1073,15251,4
1073,15252,5
1073,4012,6
10239,26101,0
10239,28611,1
10239,39349,2
10239,64215,3
10239,26402,4
10239,1081130,5
10239,2994101,6
10208,64181,0
10208,64180,1
10208,64182,2
10208,68455,3
10208,65298,4
10208,77156,5
10208,7908,6
2667,26851,0
2667,26852,1
2667,26853,2
2667,3653054,3
2667,81062,4
2667,1724341,5
2667,81064,6
48958,5472,0
48958,18998,1
48958,1350,2
48958,1161,3
48958,56890,4
48958,218148,5
48958,10698,6
345,500,0
345,2227,1
345,5024,3
345,1118,4
345,5010,5
345,5025,6
345,10697,7
9825,8984,0
9825,2233,1
9825,17485,2
9825,2039,3
9825,71727,4
9825,4095,5
9825,87740,6
16158,4987,0
16158,55755,1
16158,17637,2
16158,5411,3
16158,105880,4
16158,93538,5
16158,93602,6
133575,7132,0
133575,3136,1
133575,11155,2
133575,46423,3
133575,101257,4
133575,79538,5
133575,9186,6
620,1532,0
620,707,1
620,10205,2
620,8872,4
620,8873,5
620,7676,6
620,8874,7
2978,1532,0
2978,707,1
2978,10205,2
2978,8872,4
2978,8874,5
2978,8873,6
2978,12688,7
10490,205,0
10490,6913,1
10490,9205,2
10490,1796,3
10490,19,4
10490,5176,5
10490,13924,6
11618,3896,0
11618,3127,1
11618,1922,2
11618,887,3
11618,6905,4
11618,41293,5
11618,14707,6
332,4756,0
332,4757,1
332,4758,2
332,49961,3
332,43120,4
332,60252,5
332,15105,6
1812,19225,0
1812,19226,1
1812,19149,2
1812,19227,3
1812,168415,4
1812,115142,5
1812,98310,6
8914,9825,0
8914,11155,1
8914,36424,2
8914,2231,3
8914,28744,4
8914,4688,5
8914,1640,6
9824,7399,0
9824,5587,1
9824,3905,2
9824,17141,3
9824,59645,4
9824,5129,5
9824,21197,6
4806,1204,0
4806,1205,1
4806,3234,2
4806,1210,3
4806,12931,4
4806,15900,5
4806,22227,6
33430,41886,0
33430,163642,2
33430,9629,3
33430,5274,4
33430,83187,5
33430,21818,6
33430,45415,7
247,3088,0
247,3336,1
247,3337,2
247,3338,3
247,2097,4
247,3340,5
247,3339,6
10056,19217,0
10056,62601,1
10056,62602,2
10056,276364,3
10056,246822,4
10056,14068,5
10056,2236891,6
967,2090,0
967,3359,1
967,14500,2
967,10921,3
967,14501,4
967,7304,5
967,3150,6
802,2091,0
802,7632,1
802,12445,2
802,12450,3
802,12449,4
802,12448,5
802,9878,6
3175,31070,0
3175,31071,1
3175,2264,2
3175,37777,3
3175,782,4
3175,31720,5
3175,31721,6
147,1653,0
147,1654,1
147,1655,2
147,1658,3
147,1659,4
147,1660,5
147,1661,6
1628,18217,0
1628,18216,1
1628,14812,2
1628,18218,3
1628,18219,4
1628,18220,5
1628,18222,7
21185,4785,0
21185,87255,1
21185,2314,2
21185,93846,3
21185,6104,4
21185,1379424,5
21185,33060,6
11120,3,0
11120,15735,1
11120,741,2
11120,33688,3
11120,17495,4
11120,109470,5
11120,14835,6
10136,776,0
10136,4391,1
10136,42558,2
10136,559312,3
10136,11395,4
10136,5177,5
10136,20904,6
32060,55265,0
32060,10401,1
32060,129258,2
32060,1224165,3
32060,19239,4
32060,19889,5
32060,167543,6
48686,4960,0
48686,15753,1
48686,786,2
48686,19259,3
48686,29385,4
48686,24517,5
48686,6938,6
48259,3092,0
48259,4431,1
48259,5606,2
48259,9880,3
48259,41249,4
48259,1319273,5
48259,80620,6
873,2047,0
873,2395,1
873,13307,2
873,13309,3
873,13310,4
873,13308,5
873,13311,6
48660,55435,0
48660,522,1
48660,26666,2
48660,140253,3
48660,10539,4
48660,158733,5
48660,5300,6
26789,1205,0
26789,326,1
26789,1924,2
26789,10477,3
26789,96228,4
26789,7676,5
26789,11067,6
3934,16927,0
3934,21175,1
3934,4274,2
3934,25038,3
3934,20795,4
3934,34259,5
3934,32364,6
108312,121276,0
108312,2876,1
108312,4513,2
108312,41283,3
108312,13309,4
108312,13308,5
108312,14701,6
198469,77886,0
198469,128019,1
198469,1365727,2
198469,2366679,3
198469,27398,4
198469,107212,5
198469,24729,6
11416,380,0
11416,16940,1
11416,40008,2
11416,18992,3
11416,3896,4
11416,20768,5
11416,32556,6
10776,8872,0
10776,13420,1
10776,14830,2
10776,1227338,3
10776,67773,4
10776,83600,5
10776,2805806,6
24452,98452,0
24452,16182,1
24452,30647,2
24452,102441,3
24452,102652,4
24452,114525,5
24452,114526,6
9710,28906,0
9710,4430,1
9710,15152,2
9710,14731,3
9710,13875,4
9710,14754,5
9710,44810,6
31924,6352,0
31924,1229,1
31924,27888,2
31924,5131,3
31924,47771,4
31924,157485,5
31924,584985,6
30890,1004,0
30890,8447,1
30890,12021,2
30890,13922,3
30890,19976,4
30890,199,5
30890,3092,6
24081,21624,0
24081,20,1
24081,5049,2
24081,7333,3
24081,64221,4
24081,58563,5
24081,12957,6
20242,56881,0
20242,73931,1
20242,9979,2
20242,10360,3
20242,24046,4
20242,16293,5
20242,15903,6
39074,26472,0
39074,4513,1
39074,17882,2
39074,1165,3
39074,29382,4
39074,12900,5
39074,28416,6
66194,24519,0
66194,68362,1
66194,99037,2
66194,163013,3
66194,6832,4
66194,557113,5
66194,557114,6
2115,521,0
2115,4800,1
2115,21730,2
2115,21731,3
2115,15419,4
2115,1956,5
2115,21733,6
23599,585,0
23599,57756,1
23599,78111,2
23599,109676,3
23599,8294,4
23599,83362,5
23599,25306,6
3526,4431,0
3526,9880,1
3526,31440,2
3526,32328,3
3526,158032,4
3526,14852,5
3526,119485,6
41166,5064,0
41166,30364,1
41166,11857,2
41166,982,3
41166,1327,4
41166,4783,5
41166,21944,6
16406,205,0
16406,1812,1
16406,6486,2
16406,23659,3
16406,73499,4
16406,8437,5
16406,21290,6
197239,5658,0
197239,57449,1
197239,6416,2
197239,17287,3
197239,125482,4
197239,84865,5
197239,53904,6
10386,4491,0
10386,18688,1
10386,12835,2
10386,16433,3
10386,9599,4
10386,4443,5
10386,4251,6
745,62,0
745,9640,1
745,3051,2
745,11616,3
745,2680,4
745,4940,5
745,11617,6
913,517,0
913,14343,1
913,5724,2
913,13936,3
913,6450,4
913,2366678,5
913,77155,6
912,13565,0
912,6450,1
912,13946,2
912,726,3
912,13947,4
912,13948,5
912,13949,6
12229,1125,0
12229,9013,1
12229,71770,2
12229,80145,3
12229,22159,4
12229,54,5
12229,94502,6
67323,5090,0
67323,9048,1
67323,53441,2
67323,8985,3
67323,78439,4
67323,122550,5
67323,31504,6
91076,1241,0
91076,4690,1
91076,4038,2
91076,17328,3
91076,821,4
91076,856,5
91076,171379,6
89861,95789,0
89861,14501,1
89861,55643,2
89861,54447,3
89861,28848,4
89861,937889,5
89861,937890,6
19457,13240,0
19457,73421,1
19457,6885,2
19457,3085,3
19457,9560,4
19457,6450,5
19457,126683,6
11353,67773,0
11353,776,1
11353,69122,2
11353,11870,3
11353,6213,4
11353,27860,5
11353,20804,6
17707,6194,0
17707,3967,1
17707,8984,2
17707,56485,3
17707,38560,4
17707,3072,5
17707,126471,6
9781,4133,0
9781,35768,1
9781,820,2
9781,53492,3
9781,7401,4
9781,15091,5
9781,10871,6
102489,1137,0
102489,94067,1
102489,8789,2
102489,2744,3
102489,1356,4
102489,25181,5
102489,20442,6
18212,104151,0
18212,28110,1
18212,19957,2
18212,104156,3
18212,12978,4
18212,75948,5
18212,76528,6
13817,75655,0
13817,75656,1
13817,75657,2
13817,75658,3
13817,75659,4
13817,75660,5
13817,75661,6
126996,5676,0
126996,130715,3
126996,213290,4
38715,116367,0
38715,29582,1
38715,1352432,2
38715,97993,3
38715,592841,4
38715,1357126,5
38715,1155601,6
48781,28412,0
48781,3131,1
48781,18326,2
48781,41247,3
48781,5048,4
48781,28871,5
48781,65776,6
12185,6449,0
12185,1666,1
12185,2091,2
12185,5251,3
12185,28164,4
12185,40403,5
12185,7795,6
29056,1905,0
29056,2094,1
29056,2922,2
29056,101499,3
29056,102722,4
29056,514,5
29056,29645,6
26857,1905,0
26857,2649,1
26857,7686,2
26857,81481,3
26857,1701693,4
26857,96458,5
26857,2459047,7
28501,1905,0
28501,62881,1
28501,5685,2
28501,77485,3
28501,89038,4
28501,100992,5
28501,100994,7
29030,1905,0
29030,66610,1
29030,101512,2
29030,101529,3
29030,29308,4
29030,47000,5
29030,92042,6
25319,1905,0
25319,101499,1
25319,22969,2
25319,101504,3
25319,29909,4
25319,2264,5
25319,101506,6
29074,1905,0
29074,2094,1
29074,8727,2
29074,48958,3
29074,102841,4
29074,40381,5
29074,102842,6
24103,3460,0
24103,46949,1
24103,6844,2
24103,378,3
24103,1044185,4
24103,22171,5
24103,386,6
10552,69597,0
10552,4512,1
10552,7169,2
10552,12521,3
10552,14416,4
10552,12407,5
10552,37421,6
9267,10722,0
9267,8930,1
9267,10713,3
9267,10707,4
9267,383,5
9267,10733,6
9267,149979,7
10766,8252,0
10766,30123,1
10766,66609,2
10766,2962,3
10766,13028,4
10766,2007,5
10766,528,6
10768,4783,0
10768,29327,1
10768,14062,2
10768,66612,3
10768,1670480,4
10768,59945,5
10768,535977,6
813,14416,0
813,14415,1
813,7633,2
813,14414,3
813,2177,4
813,9111,5
813,2493,6
2665,2177,0
2665,7685,1
2665,27747,2
2665,9626,3
2665,82863,4
2665,15013,5
2665,9111,6
9406,16857,0
9406,1146,1
9406,58381,2
9406,154072,3
9406,31171,4
9406,2086,5
9406,21177,6
11418,54812,0
11418,821,1
11418,69344,2
11418,69345,3
11418,25180,4
11418,10713,5
11418,41230,6
11153,54812,0
11153,821,1
11153,1904,2
11153,70089,3
11153,1811,4
11153,1217003,5
11153,115457,6
14170,54812,0
14170,66079,1
14170,77022,2
14170,20626,3
14170,77023,4
14170,77024,5
14170,77025,6
2280,31,0
2280,20,1
2280,1162,2
2280,11512,3
2280,57422,4
2280,62123,5
2280,16165,6
11077,27772,0
11077,5251,1
11077,68209,2
11077,15832,3
11077,1219,4
11077,50807,5
11077,12876,6
28597,27772,0
28597,68209,1
28597,5251,2
28597,35159,3
28597,1219,4
28597,101277,5
28597,15832,6
22611,44055,0
22611,1937,1
22611,9807,2
22611,52699,3
22611,87920,4
22611,105209,5
22611,56507,6
39780,5469,0
39780,112,1
39780,8785,2
39780,207,3
39780,12206,4
39780,1451740,5
39780,19901,6
10396,2461,0
10396,1160,1
10396,6856,2
10396,27888,3
10396,22131,4
10396,3229,5
10396,72028,6
9944,1204,0
9944,5292,1
9944,9880,2
9944,11512,3
9944,3417,4
9944,65568,5
9944,7676,6
850,4778,0
850,7333,1
850,12708,2
850,12709,4
850,12710,5
850,12711,6
850,12712,7
10154,3291,0
10154,3085,1
10154,10478,2
10154,4521,3
10154,1292,4
10154,60023,5
10154,19468,6
10342,15735,0
10342,3897,1
10342,47368,2
10342,56595,3
10342,21731,4
10342,4175,5
10342,11668,6
10366,15111,0
10366,65235,1
10366,65236,2
10366,64856,3
10366,11321,4
10366,3982,5
10366,160082,6
9349,15111,0
9349,16644,1
9349,18316,2
9349,8658,3
9349,942,4
9349,725,5
9349,15374,6
15122,67711,0
15122,20751,1
15122,77897,2
15122,23532,3
15122,19187,4
15122,56576,5
15122,77896,6
10494,65437,0
10494,65424,1
10494,553949,2
10494,1685,3
10494,65438,4
10494,553950,5
10494,84509,6
126152,1532,1
126152,55257,2
126152,11064,3
126152,23882,4
126152,4602,5
126152,1212,6
126152,5590,7
22314,4987,0
22314,36424,1
22314,9781,2
22314,2283,3
22314,57686,4
22314,4177,5
22314,2230,6
51679,85,0
51679,2778,1
51679,1241,2
51679,110589,3
51679,1474879,6
51679,3503090,7
51679,3503091,8
35813,1905,0
35813,11025,1
35813,2927,2
35813,100589,3
35813,100581,4
35813,258715,5
35813,31772,6
11037,20959,0
11037,48012,1
11037,20277,2
11037,29712,3
11037,67893,4
11037,1213094,5
11037,77157,7
11955,20959,0
11955,71033,1
11955,41406,2
11955,26075,3
11955,583756,4
11955,7868,5
11955,10132,6
2038,20959,0
2038,20957,1
2038,652,2
2038,5789,3
2038,67567,4
2038,2537,5
2038,17874,6
28737,20959,0
28737,101791,1
28737,78686,2
28737,101793,3
28737,101795,4
28737,101797,5
28737,52478,6
11963,4135,0
11963,6450,1
11963,19153,2
11963,2201,3
11963,11783,4
11963,13948,5
11963,81734,6
141489,5341,0
141489,7668,1
141489,940155,2
141489,232127,3
141489,7072,4
141489,87027,5
141489,5254,6
53761,98970,0
53761,8629,1
53761,98002,2
53761,148787,3
53761,148788,4
53761,90333,5
53761,30000,6
9096,738,0
9096,11478,1
9096,55836,2
9096,56962,3
9096,56964,4
9096,1589736,5
9096,1589737,6
91893,46500,0
91893,1121846,1
91893,29129,2
91893,3005,3
91893,1016382,4
91893,1605451,5
91893,101366,6
113273,1213578,0
103793,1459329,0
103793,223971,1
103793,1129757,2
103793,81141,4
1911,3131,0
1911,6200,1
1911,19899,2
1911,19898,3
1911,5004,4
1911,71180,5
1911,19903,6
2900,85,0
2900,6885,1
2900,3977,2
2900,20387,3
2900,2517,5
2900,68180,6
2900,7571,7
17709,18269,0
17709,520,1
17709,658,2
17709,10713,3
17709,10360,4
17709,20752,5
17709,1240,6
37718,13,0
37718,4430,1
37718,1533,2
37718,1229,3
37718,1036,4
37718,156755,5
37718,183407,6
47144,980147,0
47144,36651,1
47144,48791,2
47144,2001131,3
47144,4641,4
47144,110980,5
47144,1313311,6
104896,5251,0
104896,1226764,1
104896,10135,2
104896,10127,3
104896,36169,4
104896,14888,5
104896,113910,6
30964,6012,0
30964,2630,1
30964,1641,2
30964,38877,3
30964,8785,4
30964,8226,5
30964,24722,6
52366,10500,0
52366,6012,1
52366,146207,3
52366,70168,4
52366,1086,5
52366,39953,6
52366,32514,7
6373,2140,0
6373,17328,1
6373,2441,2
6373,12763,3
6373,5538,4
6373,49346,5
6373,49347,6
2162,9777,0
2162,22108,1
2162,22109,2
2162,19839,3
2162,87282,4
2162,22111,5
2162,18916,6
14578,52647,0
14578,20189,1
14578,7447,2
14578,17866,3
14578,28633,4
14578,66606,5
14578,164323,6
40694,9013,0
40694,1331,1
40694,17648,2
40694,2441,3
40694,6970,4
40694,47735,5
40694,96279,6
4338,1954,0
4338,6929,1
4338,2372,2
4338,3664,3
4338,29368,4
4338,6886,5
4338,37041,6
49184,1338646,0
49184,4735758,1
49184,1338649,2
49184,225883,3
49184,1177252,4
49184,1338650,5
49184,1338652,6
10307,4687,0
10307,5168,1
10307,378,2
10307,9781,3
10307,9284,4
10307,1118,5
10307,15029,6
11601,4724,0
11601,49824,1
11601,7796,2
11601,69979,3
11601,14721,4
11601,119521,5
11601,55546,6
18621,4941,0
18621,368,1
18621,16851,2
18621,152993,3
18621,1580221,4
18621,944614,6
18621,27448,7
1075,15264,0
1075,15265,1
1075,15266,2
1075,15267,3
1075,15268,4
1075,15269,5
1075,15270,6
21719,887,0
21719,21197,1
21719,1248,2
21719,2167,3
21719,10750,4
21719,20309,5
21719,352,6
40879,124909,0
40879,15555,1
40879,2041,2
40879,59785,3
40879,342,4
40879,6066,5
40879,4451,6
47951,56819,0
47951,79456,1
47951,1116686,2
47951,5385909,3
47951,5385910,4
43832,2638,0
43832,30210,1
43832,3383,2
43832,13789,3
43832,33741,4
43832,87698,5
43832,2497,6
47697,145237,1
47697,92908,2
47697,130223,3
47697,145238,4
47697,145239,5
47697,145240,6
47697,131449,7
49792,4724,0
49792,8944,1
49792,9625,2
49792,6949,3
49792,3266,4
49792,129723,5
49792,151286,6
77064,539213,0
77064,581150,1
77064,581151,2
77064,539214,5
77064,581153,6
77064,581154,7
77064,1213183,8
26522,95621,0
26522,13313,1
26522,56183,2
26522,68750,3
26522,5292,4
26522,58563,5
26522,1058172,6
23761,136913,0
23761,136914,1
23761,136247,2
23761,136915,3
23761,136916,4
23761,136917,5
23761,136918,6
24097,90843,0
24097,90844,1
24097,90845,3
24097,90846,4
24097,90848,6
24097,90849,7
24097,39776,8
42114,30620,0
42114,2880,1
42114,2714,2
42114,15416,3
42114,5047,4
42114,140387,5
42114,41737,6
28295,165549,0
28295,153754,1
28295,31550,2
28295,14502,3
28295,9865,4
28295,105999,5
28295,103719,6
12105,27652,0
12105,117548,1
12105,96179,2
12105,86107,3
12105,94836,4
12105,2080509,5
12105,10593,6
14,1979,0
14,516,1
14,2155,2
14,8210,3
14,8211,4
14,8212,5
14,19,6
24128,91230,1
24128,91233,2
24128,91229,3
24128,1194051,4
24128,225113,5
24128,1194050,6
24128,1084016,7
11001,78029,0
11001,36422,1
11001,4169,2
11001,11803,3
11001,74615,4
11001,4520,5
11001,6110,6
10390,1269,0
10390,11164,1
10390,4764,2
10390,20089,3
10390,1248,4
10390,18999,5
10390,1216595,6
9453,56890,0
9453,58026,1
9453,15735,2
9453,11390,3
9453,26700,4
9453,27388,5
9453,4819,6
704,10592,0
704,10215,1
704,10593,2
704,10594,3
704,10595,4
704,10596,5
704,10597,6
35122,33676,0
35122,51670,1
35122,35598,2
35122,9015,3
35122,11867,4
35122,113814,6
35122,113815,7
142132,2864828,0
142132,13643,1
142132,65334,2
142132,47652,3
142132,1116373,4
142132,42746,5
142132,5148,6
24153,2048,0
24153,69494,1
24153,1270,2
24153,19403,3
24153,101975,4
24153,191769,5
24153,545335,6
11797,14541,0
11797,31467,1
11797,7505,3
11797,75020,4
11797,119941,5
11797,51550,6
11797,56183,7
18086,7505,0
18086,31467,1
18086,64062,2
18086,27584,3
18086,9629,4
18086,2719,6
18086,1795,7
124475,17882,0
124475,6012,1
124475,13688,2
124475,6023,4
124475,580587,5
124475,1038205,6
124475,2815063,7
17887,4135,0
17887,6352,1
17887,29519,2
17887,12969,3
17887,14832,4
17887,19098,5
17887,13821,6
10669,10127,0
10669,16475,1
10669,13726,2
10669,780,3
10669,66178,4
10669,1152299,5
10669,153393,6
11527,31431,0
11527,51812,1
11527,15735,2
11527,31196,3
11527,69735,4
11527,20768,5
11527,78525,6
42848,1037,0
42848,23931,1
42848,5293,2
42848,11150,3
42848,25503,4
42848,13333,5
42848,128886,6
40867,8237,0
40867,124879,1
40867,124880,2
40867,30278,3
40867,5828,4
40867,14575,5
40867,45613,6
1049,1038,0
1049,1205,1
1049,8984,2
1049,15152,3
1049,3204,4
1049,8499,5
1049,15153,6
28032,63978,0
28032,74492,1
28032,148115,2
28032,40352,3
28032,15098,4
28032,9601,5
28032,148116,6
11326,936,0
11326,13567,1
11326,47096,2
11326,11370,3
11326,2585,4
11326,89656,5
11326,96410,6
28377,37366,0
28377,98569,1
28377,59442,2
28377,100617,3
28377,100618,4
28377,100619,5
28377,100620,6
10975,18897,0
10975,227778,1
10975,53655,2
10975,67693,3
10975,227784,4
10975,65967,5
10975,205018,6
10974,18897,0
10974,67689,1
10974,67690,2
10974,65987,3
10974,126047,4
10974,126037,5
10974,208229,6
10398,15852,0
10398,2176,1
10398,21089,2
10398,49425,3
10398,942021,4
10398,63791,5
10398,21366,6
2290,2157,0
2290,23626,1
2290,23621,2
2290,1903,3
2290,2169,4
2290,12438,5
2290,12647,6
24071,11628,0
24071,15250,1
24071,11662,2
24071,1981,3
24071,11664,4
24071,1581,5
24071,3201,6
62994,57395,0
62994,36422,1
62994,33676,2
62994,21197,3
62994,73499,4
62994,148112,5
62994,99513,6
60994,98,0
60994,9029,1
60994,5376,2
60994,11150,3
60994,15900,4
60994,7465,5
60994,72638,6
16112,77156,0
16112,25503,1
16112,27011,2
16112,120608,3
16112,90776,4
16112,196825,5
16112,64181,6
32305,21397,0
32305,1212467,1
32305,23944,2
32305,31837,3
32305,82415,4
32305,1147823,5
32305,158452,6
14429,78501,0
14429,5090,1
14429,40980,2
14429,942055,3
14429,17303,4
14429,4451,5
14429,171871,6
15198,934,0
15198,5587,1
15198,1980,2
15198,16475,3
15198,12139,4
15198,12260,5
15198,17782,6
6415,1461,0
6415,13240,1
6415,9778,2
6415,7248,4
6415,4496,5
6415,6213,6
6415,5419,7
24066,18325,0
24066,18324,1
24066,3905,2
24066,18316,3
24066,7796,4
24066,22132,5
24066,2372,6
21430,4690,0
21430,5293,1
21430,18514,2
21430,18750,3
21430,6394,4
21430,3289120,6
21430,15370,8
10381,9012,0
10381,18023,1
10381,882,2
10381,25136,3
10381,5658,4
10381,10697,5
10381,1250,6
26338,7691,0
26338,7692,1
26338,7693,2
26338,7694,3
26338,1718596,4
26338,943199,5
26338,1363837,6
42486,3392,0
42486,1038,1
42486,141692,2
42486,70990,3
42486,5732,4
42486,82779,5
42486,5738,6
60285,8252,0
60285,12149,1
60285,20604,2
60285,54123,3
60285,24321,4
60285,122004,5
60285,102267,6
5622,12517,0
5622,8926,1
5622,44420,2
5622,44419,3
5622,44421,4
5622,44422,5
5622,105341,6
10349,16327,0
10349,23882,1
10349,12132,2
10349,2750,3
10349,19976,4
10349,20914,5
10349,5151,6
42518,143466,0
42518,143467,1
42518,5462,2
42518,1004823,3
42518,1468772,6
42518,1238764,7
42518,150740,8
29787,37203,0
29787,59872,1
29787,104873,2
29787,14108,3
29787,100507,4
29787,17401,5
29787,2283,6
9638,58240,0
9638,58241,1
9638,97939,2
9638,58243,3
9638,79584,4
9638,58244,5
9638,1206256,6
10576,7301,0
10576,7303,1
10576,39117,2
10576,1162,3
10576,11901,4
10576,73349,5
10576,19110,6
12662,7301,0
12662,2958,1
12662,20495,2
12662,10362,3
12662,73349,4
12662,23975,5
12662,31002,6
61369,31550,0
61369,19020,1
61369,61101,2
61369,30002,3
61369,87697,4
61369,17755,5
61369,232956,6
11712,7450,0
11712,70131,1
11712,70324,2
11712,33764,3
11712,131203,4
11712,7453,5
11712,96552,6
12618,3,0
12618,5470,1
12618,17764,2
12618,28633,3
12618,352,4
12618,62547,6
12618,9979,7
13824,28640,0
13824,23659,1
13824,55422,2
13824,16846,3
13824,56867,4
13824,5826,5
13824,44169,6
226,448,0
226,2838,1
226,133,2
226,2839,3
226,78788,4
226,2841,5
226,2842,6
288772,5283502,0
288772,5283503,1
288772,5283505,2
288772,5283506,3
288772,3540410,4
288772,5283510,5
288772,2940436,6
55107,48576,0
55107,67902,1
55107,28626,2
55107,1435402,4
55107,145089,5
55107,1433418,6
55107,1435403,7
69851,965,0
69851,125222,1
69851,43337,2
69851,115482,3
69851,1095247,4
69851,1095248,5
69851,3651,6
10388,28641,0
10388,21818,1
10388,40481,2
10388,27860,3
10388,29915,4
10388,18070,5
10388,8949,6
17198,60060,0
17198,28639,1
17198,11076,2
17198,1226835,3
17198,140,4
17198,86273,5
17198,1183969,6
44857,1951,0
44857,6383,1
44857,50877,2
44857,11155,3
44857,87956,4
44857,31167,5
44857,41739,6
9346,500,0
9346,28412,1
9346,532,2
9346,15416,3
9346,4689,4
9346,87003,5
9346,13028,6
861,1100,0
861,10768,1
861,4430,2
861,780,3
861,11086,4
861,3041,5
861,12887,6
14412,227,0
14412,3391,1
14412,16554,2
14412,12836,3
14412,1352413,4
14412,2295,5
14412,156237,6
9377,4756,0
9377,2394,1
9377,29091,2
9377,4004,3
9377,722,4
9377,74276,5
9377,90198,6
11541,2461,0
11541,10205,1
11541,12516,2
11541,4776,3
11541,70753,4
11541,110010,5
11541,1019408,6
2457,25154,0
2457,25155,1
2457,24476,2
2457,25157,3
2457,25156,4
2457,25158,5
2457,25159,6
11901,190,0
11901,55192,1
11901,15659,2
11901,14312,3
11901,95597,4
11901,52463,5
11901,59641,6
4929,190,0
4929,40056,1
4929,39816,2
4929,3798,3
4929,8258,4
4929,8233,5
4929,8493,6
85325,12406,0
85325,12407,1
85325,14888,2
85325,66288,3
85325,16119,4
85325,83145,5
85325,97782,6
11230,18897,0
11230,68676,1
11230,68677,2
11230,26727,3
11230,119457,4
11230,142601,5
11230,990778,6
8416,1352,0
8416,34027,1
8416,3281,2
8416,24590,3
8416,55757,4
8416,33471,5
8416,25815,6
11054,70233,0
11054,10369,1
11054,102,2
11054,62521,3
11054,67949,4
11054,2654399,5
11054,67950,6
851,12725,0
851,12726,1
851,12727,2
851,12728,3
851,12729,4
851,12730,5
851,12731,6
24453,1532,0
24453,9207,1
24453,2022,2
24453,656,3
24453,408,4
24453,386,5
24453,1535,6
18254,6449,0
18254,3092,1
18254,52995,2
18254,64822,3
18254,514,4
18254,7004,5
18254,21151,6
56235,223809,0
56235,223810,1
56235,223811,2
56235,31,3
56235,223812,4
56235,223813,5
56235,223814,6
20123,85642,0
20123,85643,1
20123,15269,2
20123,85644,3
20123,85645,4
20123,15266,5
20123,85646,6
16642,1205,0
16642,69054,1
16642,9880,2
16642,3011,3
16642,2096,4
16642,2724011,5
16642,41406,6
2593,15395,0
2593,26361,1
2593,25961,2
2593,25958,3
2593,26362,4
2593,26363,5
2593,26364,6
42020,133182,0
42020,931318,1
42020,103670,2
42020,931319,3
42020,37585,4
42020,1008365,5
42020,588862,6
3086,14974,0
3086,4958,1
3086,11169,2
3086,8728,3
3086,21510,4
3086,30184,5
3086,8730,6
16305,20501,0
16305,79245,1
16305,33007,2
16305,21510,3
16305,13966,4
16305,14975,5
16305,96722,6
32255,30155,0
32255,20501,1
32255,13992,2
32255,83452,3
32255,48064,4
32255,33007,5
32255,1144743,6
48797,105740,0
48797,1102442,1
48797,573528,2
48797,1664253,3
48797,1664254,5
48797,1664255,6
48797,2027238,7
19997,3149,0
19997,7664,1
19997,19216,2
19997,85409,3
19997,85410,4
19997,38238,5
19997,45582,6
3767,33741,0
3767,3381,1
3767,14564,2
3767,33747,3
3767,30847,4
3767,3341,5
3767,51717,6
17352,29327,0
17352,99662,1
17352,62881,2
17352,4093,3
17352,99663,4
17352,16096,5
17352,866,6
535,3130,0
535,8699,1
535,31116,2
535,31115,3
535,724,4
535,80745,5
535,1367324,6
2731,50,0
2731,20239,1
2731,19115,2
2731,24381,3
2731,19068,4
2731,27615,5
2731,27616,6
1654,18391,0
1654,7502,1
1654,4960,2
1654,4774,3
1654,58423,5
1654,12950,6
1654,108655,7
31043,26513,0
31043,548089,1
31043,51188,2
31043,182574,3
31043,1818,4
31043,1327485,5
31043,2550,6
14831,10593,0
14831,10592,1
14831,10215,2
14831,10594,3
14831,7192,4
14831,45453,5
14831,10598,6
658,738,0
658,9908,1
658,9907,2
658,9911,3
658,9909,4
658,9910,5
658,9874,6
657,738,0
657,9896,1
657,96973,2
657,8606,3
657,9898,4
657,9874,5
657,9878,6
646,738,0
646,9871,1
646,9872,2
646,9873,3
646,7682,4
646,9875,5
646,9876,6
5689,15110,0
5689,42740,1
5689,7192,2
5689,10775,3
5689,44843,5
5689,136853,6
5689,136854,7
391,190,0
391,16309,1
391,14276,2
391,16310,3
391,16312,4
391,14279,5
391,16313,6
8052,4492,0
8052,4764,1
8052,12052,2
8052,2231,3
8052,9297,4
8052,1233,5
8052,1336042,6
772,11510,0
772,4517,1
772,11511,2
772,11514,3
772,11512,4
772,18345,5
772,13472,6
65448,543349,0
65448,543350,1
65448,543351,2
65448,543352,3
65448,543353,4
65448,105060,5
65448,108869,6
65452,543349,0
65452,114674,1
65452,8874,2
65452,16619,3
65452,543391,4
65452,543401,5
65452,543352,6
31650,13022,0
31650,13920,1
31650,11478,2
31650,725,3
31650,44261,4
31650,43773,5
31650,138116,6
73575,100047,0
73575,10229,1
73575,1366750,2
73575,13345,3
73575,21314,4
73575,119545,5
73575,89016,6
302579,65529,2
302579,236022,3
302579,86920,4
302579,943027,5
302579,43753,6
302579,5960,7
302579,1212276,8
550,819,0
550,287,1
550,1283,2
550,7470,3
550,7499,4
550,7471,5
550,7497,6
97537,76627,0
97537,5925,1
97537,2394357,2
97537,1013972,3
97537,95464,4
97537,2394360,5
97537,2394361,6
12220,62,0
12220,1160,1
12220,3026,2
12220,21058,3
12220,71725,4
12220,14415,5
12220,12931,6
1610,5472,0
1610,18031,1
1610,2983,2
1610,47590,3
1610,25136,4
1610,9029,5
1610,174982,6
53151,57286,0
53151,52861,1
53151,5576,2
53151,16215,3
53151,569,4
53151,65148,5
53151,20187,6
42881,1125,0
42881,2838,1
42881,1778320,3
42881,1978685,4
42881,1235495,5
42881,555907,6
42881,1978937,7
29064,27763,0
29064,13919,1
29064,69098,2
29064,11086,3
29064,61151,4
29064,1373494,5
29064,54456,6
404,5605,0
404,5606,1
404,5607,2
404,5608,3
404,5609,4
404,5611,6
404,3896717,7
42196,94036,0
42196,125026,1
42196,5732,2
42196,40618,3
42196,30538,4
42196,2776,5
42196,8496,6
36819,2390902,0
36819,154971,1
36819,130,2
36819,219382,3
36819,995639,4
36819,995640,5
36819,132538,6
42726,5682,0
42726,1352,1
42726,70179,2
42726,39199,3
42726,244518,4
42726,146628,5
42726,327203,6
9343,14277,0
9343,4959,1
9343,57379,2
9343,57380,3
9343,57381,4
9343,1101308,5
9343,271982,6
16858,6355,0
16858,4431,1
16858,80928,2
16858,80927,3
16858,19183,4
16858,26664,5
16858,1155690,6
42006,643,0
42006,77301,1
42006,146102,2
42006,1888238,3
42006,1888239,4
42006,556698,5
42006,1888240,6
11562,2641,1
11562,12021,2
11562,21278,3
11562,5657,4
11562,20747,5
11562,8975,6
11562,725,7
10496,38560,0
10496,2133,1
10496,4029,2
10496,12974,3
10496,52930,4
10496,932326,5
10496,1178360,6
16162,17637,0
16162,9779,1
16162,9781,2
16162,6195,3
16162,18288,4
16162,5411,5
16162,35705,6
8649,2963,0
8649,4687,1
8649,1230,2
8649,10182,3
8649,3197,4
8649,47775,5
8649,54782,6
31306,29369,0
31306,52,1
31306,155,2
31306,14702,3
31306,7470,4
31306,522,5
31306,31028,6
10563,14408,0
10563,9206,1
10563,32597,2
10563,17485,3
10563,56040,4
10563,11885,5
10563,12438,6
14484,3035,0
14484,2956,1
14484,54789,2
14484,1234,3
14484,17402,4
14484,6108,5
14484,77586,6
214735,1170994,0
214735,102898,1
214735,1213613,2
214735,1199462,3
214735,956926,5
214735,201168,6
214735,179584,7
94857,1221906,0
94857,1221905,1
94857,1578527,2
94857,30181,3
94857,29999,4
94857,29260,5
94857,115995,6
32043,36820,0
32043,23974,1
32043,10679,2
32043,15860,4
32043,65017,5
32043,1212502,6
32043,129421,7
15247,3895,0
15247,29909,1
15247,9923,2
15247,47849,3
15247,41998,4
15247,107853,5
15247,141245,6
29251,13565,0
29251,130138,2
29251,1479412,3
29251,1774114,4
29251,2519739,5
5548,27811,0
5548,44038,1
5548,6836,2
5548,780,3
5548,2115,4
5548,15860,5
5548,30615,6
5549,27811,0
5549,44038,1
5549,119232,2
5549,44049,3
5549,13310,4
5549,6836,5
5549,44042,6
856,382,0
856,1062,1
856,593,2
856,12826,3
856,3391,4
856,12827,5
856,12828,6
38772,12406,0
38772,2453,1
38772,4765,2
38772,118487,3
38772,147077,4
38772,147078,5
38772,6451,6
699,10222,0
699,10500,1
699,10501,2
699,740,3
699,10502,4
699,10503,5
699,10504,6
709,10669,0
709,10679,1
709,2055,2
709,10680,3
709,2516,4
709,1735,5
709,5616,6
253,10222,0
253,5050,1
253,10223,2
253,10224,3
253,6772,4
253,10225,5
253,10226,6
13511,29792,0
13511,140230,1
13511,140231,2
13511,140232,3
13511,87435,4
13511,140233,5
13511,101610,6
660,738,0
660,9919,1
660,9920,2
660,9921,3
660,9922,4
660,9923,5
660,9924,6
46798,2639188,0
46798,13605,1
46798,2639192,3
46798,2639193,4
46798,122240,5
11377,118,0
11377,10696,1
11377,17303,2
11377,17637,3
11377,58317,4
11377,8212,5
11377,20751,6
26149,5064,0
26149,9599,1
26149,1453102,2
26149,11665,3
26149,3171453,4
26149,18992,5
26149,1232538,6
492,3036,0
492,6941,1
492,6949,2
492,2229,3
492,863,4
492,5960,5
492,6951,6
108346,11278,0
108346,2206,1
108346,118617,2
108346,93177,3
108346,1043950,4
108346,649,5
108346,3265334,6
98480,163958,0
98480,20047,1
98480,160007,2
98480,41734,3
98480,86128,4
98480,1525270,5
98480,75604,6
128,622,0
128,20330,1
128,20331,2
128,20332,3
128,20333,4
128,20334,5
128,20338,6
46286,14886,0
46286,15851,1
46286,84878,2
46286,23659,3
46286,178452,4
46286,33259,5
46286,1162,6
8672,14277,1
8672,4959,2
8672,10627,3
8672,1101334,4
8672,3637926,6
8672,1101335,7
8672,129456,9
8056,7278,0
8056,2407,1
8056,32162,2
8056,53903,3
8056,21659,4
8056,53904,5
8056,53906,6
2020,5577,0
2020,9137,1
2020,20788,2
2020,68812,3
2020,11066,4
2020,2505,5
2020,6407,6
9481,5292,0
9481,11701,1
9481,15758,2
9481,12132,3
9481,69298,4
9481,40481,5
9481,2221,6
9008,1158,0
9008,934,1
9008,290,2
9008,6200,3
9008,4492,4
9008,32225,5
9008,5578,6
14242,87794,0
14242,84924,1
14242,545831,2
14242,1502565,3
14242,1502566,4
14242,1502567,5
14242,1502568,6
16129,20173,0
16129,98,1
16129,10362,2
16129,70440,3
16129,79399,4
16129,25540,5
16129,79400,6
104103,1283,0
104103,40938,1
104103,39689,2
104103,39195,3
104103,2245,4
104103,2166,5
104103,48791,6
11489,23671,0
11489,45152,1
11489,70312,2
11489,70311,3
11489,1642481,4
11489,586275,5
11489,227883,6
28145,6352,0
28145,30428,1
28145,13326,2
28145,70985,3
28145,7503,4
28145,7673,5
28145,40390,6
51371,14488,1
51371,144019,2
51371,97996,3
51371,141139,4
51371,102327,5
51371,144020,6
51371,96061,7
18111,27993,0
18111,27994,1
18111,82684,2
18111,13923,3
18111,27996,4
18111,69130,5
18111,82685,6
31361,9309,0
31361,18249,1
31361,107970,2
31361,107971,3
31361,107972,4
31361,107973,5
31361,107974,6
11223,35341,0
11223,3392,1
11223,44845,2
11223,9626,3
11223,12149,4
11223,10475,5
11223,98797,6
16281,11066,0
16281,11782,1
16281,6839,2
16281,7633,3
16281,175087,4
16281,5249,5
16281,22137,6
16288,10475,0
16288,12950,1
16288,83400,2
16288,107368,3
16288,107369,4
16288,107370,5
16288,1280,6
1694,27993,0
1694,27994,1
1694,27995,2
1694,27996,3
1694,22048,4
1694,37028,5
1694,37029,6
476,2876,0
476,6473,1
476,1736,2
476,6474,3
476,69122,4
476,32774,5
476,6465,6
37094,3392,0
37094,3087,1
37094,10767,2
37094,10768,3
37094,4514,4
37094,8351,5
37094,2207,6
13555,4000,0
13555,156653,1
13555,27116,2
13555,127993,3
13555,104418,4
13555,1012479,5
13555,74641,6
961,14417,1
961,14419,2
961,14420,3
961,14421,4
961,10530,7
961,14425,8
961,14426,9
73969,100047,0
73969,102500,1
73969,1092715,2
73969,34574,3
73969,538924,4
73969,29536,5
73969,1284334,6
24831,18647,0
24831,92691,1
24831,34597,2
24831,4966,3
24831,102441,4
24831,5685,5
24831,16173,6
64963,4299,0
64963,1933,1
64963,14500,2
64963,53010,3
64963,14253,4
64963,28167,5
64963,118484,7
85160,935841,0
85160,935842,1
85160,45375,2
85160,1432461,3
85160,101707,4
85160,1155467,5
85160,1432459,6
25560,3635,0
25560,5341,1
25560,93966,2
25560,13919,3
25560,4973,4
25560,39741,5
25560,87417,6
21610,16483,0
21610,3799,1
21610,585,2
21610,57905,3
21610,1757,4
21610,13327,5
21610,70117,6
11878,7450,0
11878,70131,1
11878,70811,2
11878,33761,3
11878,7457,4
11878,83202,5
11878,7453,6
11510,37366,0
11510,13726,1
11510,7633,2
11510,10682,3
11510,102928,4
11510,102929,5
11510,1765509,6
11234,10017,0
11234,2516,1
11234,43976,2
11234,68681,3
11234,104907,5
11234,96914,6
11234,16060,7
957,14639,0
957,7180,1
957,8872,2
957,8984,3
957,14668,4
957,14671,5
957,14669,6
11886,70843,0
11886,57329,1
11886,14966,2
11886,143770,3
11886,14501,4
11886,29427,5
11886,21460,6
37853,4958,0
37853,5788,1
37853,32428,2
37853,3151,3
37853,37469,4
37853,4303,5
37853,45291,6
62204,5616,0
62204,2372,1
62204,152970,2
62204,13312,3
62204,184330,4
62204,1336078,5
62204,578093,6
11040,4483,0
11040,6450,1
11040,66670,2
11040,1936,3
11040,58661,4
11040,9596,5
11040,556051,6
21849,65562,0
21849,1934,1
21849,106179,2
21849,6837,3
21849,855,4
21849,87547,5
21849,120715,6
1621,707,0
1621,776,1
1621,1208,2
1621,18156,3
1621,656,4
1621,18160,5
1621,7675,6
14035,1532,0
14035,108890,1
14035,119775,2
14035,40621,3
14035,13525,4
14035,102760,5
14035,230946,6
40771,58661,0
40771,101606,1
40771,1217504,2
40771,53261,3
40771,93670,4
40771,115488,5
40771,5147,6
40772,9805,0
40772,18352,1
40772,36172,2
40772,189624,3
40772,45379,4
40772,168613,5
40772,1381340,6
40773,3034,0
40773,6718,1
40773,170231,2
40773,159907,3
40773,56439,4
40773,200880,5
40773,170774,6
11498,11181,0
11498,7056,1
11498,937,2
11498,1271,3
11498,4201,4
11498,2157,5
11498,172705,6
11790,11181,0
11790,11275,1
11790,7056,2
11790,41419,3
11790,11356,4
11790,70507,5
11790,70508,6
29371,18657,0
29371,74615,1
29371,82105,2
29371,103680,3
29371,3605792,4
29371,1384575,5
29371,10693,6
276635,218329,0
276635,1484404,1
276635,1484405,2
276635,82414,3
276635,1484406,4
276635,295849,6
276635,142744,7
47941,54812,0
47941,4,1
47941,860,2
47941,20626,3
47941,13875,4
47941,12659,5
47941,10134,6
29048,19610,0
29048,10592,1
29048,3463,2
29048,24699,3
29048,14016,4
29048,39741,5
29048,10507,6
19052,57108,0
19052,27011,1
19052,2178,2
19052,5916,3
19052,52037,4
19052,21624,5
19052,59568,6
21349,4038,0
21349,524,1
21349,7678,2
21349,12543,3
21349,12889,4
21349,4942,5
21349,52647,6
1832,880,0
1832,1892,1
1832,9625,2
1832,3136,3
1832,11662,4
1832,19302,5
1832,4566,6
10047,63,0
10047,6949,1
10047,6450,2
10047,4483,3
10047,16923,4
10047,1925,5
10047,10698,6
10228,65424,0
10228,73044,1
10228,65426,2
10228,217924,3
10228,65427,4
10228,40325,5
10228,62318,6
47692,382,0
47692,20054,1
47692,7708,2
47692,73283,3
47692,43131,4
47692,42601,5
47692,47404,6
18561,16307,0
18561,3490,1
18561,37421,2
18561,27260,3
18561,11067,4
18561,3137,5
18561,19152,6
144953,15860,0
144953,77331,1
144953,4239,2
144953,21134,3
144953,167736,4
144953,91725,5
144953,942283,6
37426,2922,0
37426,117636,1
37426,117637,2
37426,117638,3
37426,100806,4
37426,105810,5
37426,114288,6
51787,2922,0
51787,20365,1
51787,82384,2
51787,101742,3
51787,29600,4
51787,950122,5
51787,120472,6
11663,70147,0
11663,70148,1
11663,63358,2
11663,33394,3
11663,931883,4
11663,33399,5
11663,45124,6
13485,24937,0
13485,30181,1
13485,87545,2
13485,131001,3
13485,77114,4
13485,89101,5
13485,30530,6
9289,4165,0
9289,10158,1
9289,4958,2
9289,5341,3
9289,738,4
9289,10655,5
9289,8253,6
9264,69597,0
9264,3282,1
9264,4139,2
9264,36169,3
9264,1217488,4
9264,1219601,5
9264,2461564,6
18222,56824,0
18222,73733,1
18222,65334,2
18222,102729,3
18222,160423,4
18222,42687,5
18222,175604,6
124853,3490,0
124853,135410,1
124853,62384,2
124853,2394578,3
124853,141631,4
124853,15109,5
124853,7164,6
11165,1936,0
11165,68411,1
11165,4765,2
11165,7664,3
11165,13251,4
11165,5249,5
11165,118989,6
4203,2744,0
4203,3131,1
4203,25257,2
4203,25025,3
4203,25258,4
4203,16975,5
4203,35351,6
24226,3636,0
24226,44079,1
24226,5251,2
24226,2091,3
24226,47137,4
24226,32225,5
24226,2651,6
88875,109410,0
88875,171271,1
88875,193808,2
88875,942574,3
88875,54127,4
88875,88748,5
88875,175066,6
11379,27811,0
11379,12074,1
11379,6913,2
11379,4785,3
11379,1062,4
11379,36041,5
11379,43976,6
29154,587,0
29154,38560,1
29154,2111,2
29154,1271,3
29154,61964,4
29154,149466,5
29154,1903765,6
2039,38225,0
2039,2963,1
2039,14830,2
2039,3019,3
2039,1004,4
2039,20972,5
2039,4251,6
77915,3635,0
77915,5341,1
77915,2639,2
77915,4960,3
77915,5255,4
77915,3342,5
77915,10925,6
11943,4135,0
11943,70990,1
11943,70991,2
11943,70992,3
11943,84240,4
11943,76382,5
11943,52463,6
11481,50,0
11481,58339,1
11481,69555,2
11481,5962,3
11481,67917,4
11481,39393,5
11481,81774,6
2690,4090,0
2690,3151,1
2690,23708,2
2690,27034,3
2690,18860,4
2690,4097,5
2690,3161,6
20565,556915,0
20565,556916,1
20565,556917,2
20565,556918,3
20565,560304,4
20565,560305,5
20565,560306,6
27141,3490,0
27141,11107,1
27141,18270,2
27141,10739,3
27141,3266,4
27141,38582,5
27141,78596,6
10399,1518,0
10399,9012,1
10399,4941,2
10399,23621,3
10399,30083,4
10399,17648,5
10399,53585,6
90762,70874,0
90762,980147,1
90762,225704,2
90762,4640,3
90762,1364580,4
90762,1315419,5
90762,585468,6
2668,85,0
2668,6886,1
2668,8436,2
2668,5658,3
2668,27763,4
2668,4004,5
2668,10983,6
36643,517,0
36643,1957,1
36643,18023,2
36643,9205,3
36643,1923,4
36643,5309,5
36643,9906,6
99,953,0
99,954,1
99,958,2
99,961,3
99,955,4
99,962,5
99,965,6
159569,3075261,1
159569,3592689,2
159569,1805511,3
77010,239337,0
77010,102104,1
77010,19613,2
77010,581063,3
77010,104256,4
77010,581064,5
25898,89670,0
25898,78057,1
25898,94105,2
25898,30553,3
25898,94331,4
25898,94333,5
25898,94332,6
9647,1532,0
9647,650,1
9647,24367,2
9647,5589,3
9647,95024,4
9647,10158,5
9647,57116,6
11787,854,0
11787,2667,1
11787,70492,2
11787,15978,3
11787,30228,4
11787,130063,5
11787,93664,6
5156,42416,0
5156,42417,1
5156,42419,2
5156,944148,3
5156,975006,4
5156,42423,5
5156,974973,6
24276,2955,0
24276,15152,1
24276,1581,2
24276,77080,3
24276,11064,4
24276,38570,5
24276,17770,6
11953,70131,0
11953,70626,1
11953,71027,2
11953,70133,3
11953,237157,4
11953,70134,5
11953,19049,6
44662,131200,0
44662,7450,1
44662,7453,2
44662,13251,3
44662,33764,4
44662,18615,5
44662,131201,6
29005,6449,0
29005,1666,1
29005,9807,2
29005,21416,3
29005,24046,4
29005,34686,5
29005,30621,6
26371,42627,0
26371,3291,1
26371,11278,2
26371,656,3
26371,4001,4
26371,8226,5
26371,8225,6
596,4958,0
596,8515,1
596,8516,2
596,8517,3
596,8518,4
596,8519,5
596,8520,6
52470,41216,0
52470,14261,1
52470,2640,2
52470,46711,3
52470,44714,4
52470,16097,5
52470,16759,6
20334,14869,0
20334,854,1
20334,9067,2
20334,24820,3
20334,85956,4
20334,2494,5
20334,83236,6
11393,4135,0
11393,3087,1
11393,515,2
11393,326,3
11393,11065,4
11393,10767,5
11393,10360,6
31121,6449,0
31121,1666,1
31121,18892,2
31121,30123,3
31121,5251,4
31121,57138,5
31121,9597,6
293,4138,0
293,287,1
293,4139,2
293,4154,3
293,18017,4
293,3202,5
293,4156,6
10998,3392,0
10998,515,1
10998,10427,2
10998,45865,3
10998,52043,4
10998,157459,5
10998,56266,6
12235,515,0
12235,1229,1
12235,9979,2
12235,2714,3
12235,1162,4
12235,2391,5
12235,199158,6
36094,6352,0
36094,380,1
36094,12967,2
36094,17495,3
36094,2977,4
36094,2371,5
36094,79731,6
9013,380,0
9013,28164,1
9013,5050,2
9013,778,3
9013,1117,4
9013,532,5
9013,47771,6
11005,380,0
11005,2157,1
11005,11512,2
11005,199,3
11005,14698,4
11005,67761,5
11005,2201,6
59820,6065,0
59820,3134,1
59820,85500,2
59820,1813086,3
59820,32596,4
59820,51806,5
59820,1720892,6
2924,6856,0
2924,13021,1
2924,380,2
2924,55636,3
2924,10431,4
2924,349,5
2924,28412,6
177,2157,0
177,1229,1
177,99,2
177,2167,3
177,2169,4
177,2719690,5
177,981542,7
38557,2461,0
38557,5606,1
38557,349,2
38557,35090,3
38557,1777523,4
38557,1777524,5
38557,39430,6
42087,4431,0
42087,9880,1
42087,11065,2
42087,2454,3
42087,2946569,4
42087,2946570,5
42087,10380,6
13681,35,0
13681,32225,1
13681,6949,2
13681,2047,3
13681,228,4
13681,12889,5
13681,23882,6
34760,5606,0
34760,10774,1
34760,113068,2
34760,113069,3
34760,113070,4
34760,92852,5
34760,113071,6
9946,1100,0
9946,5168,1
9946,17346,2
9946,7166,3
9946,30485,4
9946,14325,5
9946,2133201,6
863,31,0
863,12898,1
863,3234,2
863,7090,3
863,7167,4
863,12899,5
863,12900,6
31582,380,0
31582,1233,1
31582,62014,2
31582,4445,3
31582,33658,4
31582,19393,5
31582,2280923,6
125520,9825,0
125520,3064,1
125520,33394,2
125520,7061,3
125520,53999,4
125520,116130,5
125520,30431,6
22267,22108,0
22267,2219,1
22267,51860,2
22267,2954,3
22267,1284159,4
22267,1244,5
22267,207,6
55123,47627,0
55123,43893,1
55123,6067,2
55123,18657,4
55123,2207,5
55123,6451,6
55123,116229,7
5486,9919,0
5486,5814,1
5486,44987,2
5486,44988,3
5486,27382,4
5486,14151,5
5486,7710,6
10411,776,0
10411,65019,1
10411,33613,2
10411,10671,3
10411,65020,4
10411,96595,5
10411,34597,6
41462,8254,0
41462,81179,1
41462,89581,2
41462,30307,3
41462,126549,4
41462,126550,5
41462,22099,6
1718,8724,0
1718,8725,1
1718,2669,2
1718,18802,3
1718,8729,4
1718,18805,5
1718,18803,6
28604,75926,0
28604,101281,1
28604,1800940,2
28604,1328809,3
28604,1800939,4
28604,99795,5
28604,101299,6
15506,5657,0
15506,78285,1
15506,78286,2
15506,65032,3
15506,78287,4
15506,78288,5
15506,78289,6
20024,5469,0
20024,1231,1
20024,9029,2
20024,79357,3
20024,10985,4
20024,11355,5
20024,135420,6
78256,20141,0
78256,37446,1
78256,11859,2
78256,5,3
78256,78940,4
78256,38999,5
78256,115062,6
13787,204,0
13787,1037,1
13787,75468,2
13787,3053,3
13787,3062,4
13787,9380,5
13787,75263,6
54933,10205,0
54933,1231,1
54933,11064,2
54933,3229,3
54933,2838,4
54933,10131,5
54933,53923,6
9684,2228,0
9684,2206,1
9684,57829,2
9684,139,3
9684,58528,4
9684,15370,6
9684,81681,7
9586,31,0
9586,62,1
9586,29369,2
9586,2109,3
9586,3712,4
9586,192,5
9586,79742,6
41638,1499720,0
41638,1499721,1
41638,150212,2
41638,2221671,3
41638,2221672,4
41638,1363196,7
41638,1289296,8
70801,100047,0
70801,1167813,1
70801,1368766,2
70801,1368767,3
70801,1196934,4
70801,29954,5
70801,1368769,6
33015,144016,1
33015,144017,2
33015,1364095,4
33015,89602,5
33015,10530,6
33015,148408,7
33015,141346,8
777,11544,0
777,11546,1
777,8630,2
777,4121,3
777,11545,4
777,11541,5
777,11543,6
21887,3087,0
21887,10401,1
21887,38085,2
21887,9259,3
21887,100208,4
21887,15505,5
21887,16936,6
5652,2749,0
5652,6931,1
5652,44625,2
5652,44626,3
5652,44627,4
5652,44628,5
5652,44629,6
19664,8487,0
19664,10222,1
19664,14261,2
19664,12726,3
19664,69777,4
19664,10662,5
19664,51879,6
32331,19728,0
32331,18687,1
32331,1038,2
32331,9994,3
32331,55265,4
32331,78439,6
32331,7571,7
76083,33359,0
76083,82349,1
76083,82316,2
76083,1173173,3
76083,120556,4
76083,39801,5
76083,138220,6
32628,144005,1
32628,29260,2
32628,10525,3
32628,3206470,4
32628,144007,5
32628,29817,6
32628,120701,7
32669,514,0
32669,1037,1
32669,39117,2
32669,289,3
32669,3265,4
32669,2049,5
32669,8351,6
18161,33684,0
18161,82426,1
18161,82428,2
18161,82427,3
18161,44999,4
18161,3371821,6
18161,2054116,7
31681,18391,0
31681,7450,1
33666,8237,0
33666,8229,1
33666,111191,2
33666,1943,3
33666,40209,4
33666,29719,5
33666,111192,6
32274,5587,0
32274,2049,1
32274,3234,2
32274,3036,3
32274,2130,4
32274,4492,5
32274,1956,6
10402,60949,0
10402,4520,1
10402,62842,2
10402,33432,3
10402,18041,4
10402,26009,5
10402,18262,6
497,31,0
497,52,1
497,5149,2
497,61981,3
497,2505,4
497,2169,5
497,6804,6
1715,2219,0
1715,6885,1
1715,3895,2
1715,18792,3
1715,22226,4
1715,13724,5
1715,1907,6
35118,2090,0
35118,707,1
35118,63492,2
35118,7570,3
35118,29685,4
35118,35597,5
35118,133456,6
42739,128598,0
42739,24239,1
42739,5538,2
42739,3063,3
42739,11110,4
42739,42607,5
42739,1406696,6
26162,34754,0
26162,94770,1
26162,13963,2
26162,14290,3
26162,939842,4
26162,138219,5
26162,946334,6
25188,19207,0
25188,1036,1
25188,1229,2
25188,9599,3
25188,9560,4
25188,8258,5
25188,1811,6
15515,91638,0
15515,861,1
15515,10925,2
15515,83315,3
15515,94271,4
15515,43791,5
15515,26673,6
75888,5788,0
75888,528,1
75888,14975,2
75888,35194,3
75888,3243,4
75888,35849,5
75888,30273,6
1439,1038,0
1439,1619,1
1439,39126,2
1439,10993,3
1439,17154,4
1439,9462,5
1439,17155,6
2277,2157,0
2277,6368,1
2277,4783,2
2277,17485,3
2277,23504,4
2277,19957,5
2277,15674,6
10137,521,0
10137,16935,1
10137,41419,2
10137,67778,3
10137,78729,4
10137,9046,5
10137,18324,6
10387,643,0
10387,65277,1
10387,143358,2
10387,109435,3
10387,551531,6
10387,131514,7
10387,1616830,8
49948,67773,0
49948,166002,1
49948,73931,3
49948,15152,4
49948,37221,5
49948,74296,6
49948,14730,8
334,500,0
334,4492,1
334,1233,2
334,1231,3
334,3905,4
334,4764,5
334,4766,6
30237,5469,0
30237,882,1
30237,10881,2
30237,17286,3
30237,42993,4
30237,42998,5
30237,2629,6
50116,1733,0
50116,1229,1
50116,4430,2
50116,2229,3
50116,3926,4
50116,52647,5
50116,70696,6
46435,388,0
46435,78018,1
46435,9191,2
46435,72305,3
46435,5319,4
46435,37052,5
46435,9013,6
94260,1176597,0
94260,46683,1
94260,1176599,2
94260,589137,3
22213,10814,0
22213,2778,1
22213,12139,2
22213,110,3
22213,5950,4
22213,783,5
22213,39113,6
47070,15110,0
47070,10669,1
47070,2958,2
47070,138020,3
47070,14331,4
47070,4175,5
47070,1217289,6
36492,514,0
36492,11850,1
36492,64928,2
36492,13567,3
36492,13299,4
36492,1400215,5
36492,10556,6
624,8949,0
624,2778,1
624,514,2
624,8960,3
624,8961,4
624,1779781,5
624,98204,6
26578,16327,0
26578,2228,1
26578,3798,2
26578,14108,3
26578,112159,4
26578,15413,5
26578,11793,6
415072,124555,0
415072,82677,1
415072,34505,2
415072,32218,3
415072,90333,4
415072,78193,5
415072,121238,6
43103,14729,0
43103,12266,1
43103,97571,2
43103,14372,3
43103,38358,4
43103,5827,5
43103,122908,6
43194,2090,0
43194,12520,1
43194,5401,2
43194,128330,3
43194,544936,4
43194,34679,5
43194,37462,6
9563,1158,0
9563,6941,1
9563,6065,2
9563,4512,3
9563,134,4
9563,36424,5
9563,8654,6
1850,206,0
1850,518,1
1850,7621,2
1850,13242,3
1850,3418,4
1850,238321,6
1850,19468,7
926,12898,0
926,10205,1
926,4566,2
926,4252,3
926,6807,4
926,15028,5
926,15029,6
1213,1892,0
1213,12052,1
1213,9642,2
1213,112,3
1213,1233,4
1213,1709,5
1213,8986,6
10471,9778,0
10471,51944,1
10471,57389,2
10471,56902,3
10471,65132,4
10471,16429,5
10471,59154,6
10400,5292,0
10400,25868,1
10400,13549,2
10400,23626,3
10400,10727,4
10400,6486,5
10400,88161,6
10397,1639,0
10397,18023,1
10397,65030,2
10397,65031,3
10397,65032,4
10397,1381066,5
10397,69465,6
20761,3131,0
20761,57755,1
20761,12139,2
20761,3197,3
20761,140,4
20761,9208,5
20761,15416,6
12524,4173,0
12524,4431,1
12524,1244,2
12524,29528,3
12524,9464,4
12524,2464,5
12524,10132,6
28216,557139,0
28216,557140,1
28216,557141,2
28216,557143,3
28216,2465852,4
28216,2465853,5
28216,2465854,6
36773,228,0
36773,8256,1
36773,12647,2
36773,69791,3
36773,1226313,4
36773,23378,5
36773,2019061,6
30814,26467,0
30814,2283,1
30814,17346,2
30814,27772,3
30814,1233,4
30814,1923,5
30814,58019,6
10219,569,0
10219,16145,1
10219,64710,2
10219,43662,3
10219,10883,4
10219,2201,5
10219,8986,6
3558,1920,0
3558,11701,1
3558,20387,2
3558,328,3
3558,32798,4
3558,7499,5
3558,4175,6
104878,1037305,0
41276,4242516,0
41276,5520093,1
17908,51391,0
17908,2882,1
17908,4724,2
17908,85156,3
17908,18688,4
17908,36422,5
17908,2729773,6
10384,13548,0
10384,9780,1
10384,5694,2
10384,38560,3
10384,56857,4
10384,17346,5
10384,54453,6
125317,28743,0
125317,8547,1
125317,21446,2
125317,2042327,3
125317,3182683,4
125317,2535368,5
125317,4083869,6
48233,33191,0
48233,1059577,2
48233,1968723,5
581335,4024247,0
581335,4024248,1
581335,4024249,2
10236,10400,0
10236,4135,1
10236,18647,2
10236,10475,3
10236,54123,4
10236,22137,5
10236,76382,6
71067,100047,0
71067,29261,1
71067,1302584,2
71067,32139,3
71067,1262680,4
71067,32138,5
71067,1381584,6
632,8252,0
632,7347,1
632,9109,4
632,9110,5
632,9111,6
632,9112,7
632,2497,8
11851,738,0
11851,19728,1
11851,5344,2
11851,5251,3
11851,14103,4
11851,156768,5
11851,3981,6
5924,13565,0
5924,4483,1
5924,15666,2
5924,14062,3
5924,2516,4
5924,49356,5
5924,13263,6
33734,33741,0
33734,4347,1
33734,5729,2
33734,14575,3
33734,1247011,4
33734,567530,5
33734,83237,6
14886,514,0
14886,77483,1
14886,1811,2
14886,10224,3
14886,10556,4
14886,21030,5
14886,42166,6
26617,514,0
26617,8963,1
26617,95788,2
26617,2207,3
26617,8853,4
26617,35090,5
26617,179383,6
11900,70870,0
11900,70871,1
11900,70872,2
11900,70873,3
11900,1578737,4
11900,1578738,5
11900,1578739,6
10493,2227,0
10493,4783,1
10493,1954,2
10493,148899,3
10493,75397,4
10493,1698604,5
10493,117365,6
16241,8487,0
16241,3359,1
16241,2091,2
16241,27932,3
16241,93051,4
16241,26472,5
16241,656,6
27632,5685,0
27632,31545,1
27632,45036,2
27632,84251,3
27632,98485,4
27632,98486,5
27632,47141,6
22160,1229,0
22160,36042,1
22160,4512,2
22160,73234,3
22160,10159,4
22160,12149,5
22160,8656,6
4460,8487,0
4460,30124,1
4460,25787,2
4460,14168,3
4460,2642,4
4460,10925,5
4460,38235,6
9644,2880,0
9644,2231,1
9644,16165,2
9644,13472,3
9644,58277,4
9644,1735,5
9644,1748,6
43455,33741,0
43455,3381,1
43455,115308,2
43455,15666,3
43455,55821,4
43455,15676,5
43455,987050,6
13342,777,0
13342,2228,1
13342,10431,2
13342,16171,3
13342,118946,4
13342,61217,5
13342,4093,6
35119,5064,0
35119,4783,1
35119,199316,2
35119,102603,3
35119,1104101,4
35119,65011,5
35119,113558,6
21256,18364,0
21256,8963,1
21256,33644,2
21256,1405572,3
21256,1210,4
21256,380,5
21256,1405573,6
14919,34947,0
14919,65002,1
14919,7678,2
14919,825,3
14919,2,4
14919,3093,5
14919,102441,6
14040,1269,0
14040,24535,1
14040,13312,2
14040,55567,3
14040,20604,4
14040,29383,5
14040,68750,6
75641,6450,0
75641,18216,1
75641,30123,2
75641,21520,3
75641,18913,4
75641,79866,5
75641,55821,6
17343,44409,0
17343,44423,1
17343,30766,2
17343,101549,3
17343,100732,4
17343,97726,5
17343,100733,6
22692,9088,0
22692,13576,1
22692,14563,2
22692,13816,3
22692,14966,4
22692,4969,5
22692,89107,6
47620,139211,0
47620,139212,1
47620,139213,2
47620,550672,3
47620,3993593,4
47620,3993594,5
47620,42708,6
2990,29369,0
2990,8654,1
2990,2232,2
2990,10134,3
2990,29381,4
2990,12133,5
2990,29382,6
38775,2778,0
38775,103714,1
38775,42574,2
38775,77485,3
38775,117714,4
38775,121364,5
38775,121365,6
10831,660,0
10831,67026,1
10831,20246,2
10831,67027,3
10831,67028,4
10831,230924,5
10831,10511,6
21193,87268,0
21193,77886,1
21193,87269,2
21193,87270,3
21193,1378394,4
21193,1684213,5
21193,1684214,6
33078,47644,0
33078,14324,1
33078,107241,2
33078,10746,3
33078,1220356,4
33078,10262,5
33078,215811,6
16672,25466,0
16672,94188,1
16672,555339,2
16672,96804,3
10472,33260,0
10472,12041,1
10472,11826,2
10472,52647,3
10472,6212,4
10472,18976,5
10472,5916,6
123277,1931131,0
123277,1249059,1
123277,1020701,2
123277,1020702,3
123277,1388212,4
123277,155474,5
123277,57124,6
79474,16948,0
79474,43337,1
79474,19819,2
79474,1061544,3
79474,1061545,4
79474,589004,5
79474,3808,6
97805,68185,0
97805,11867,1
97805,164397,2
97805,164149,3
97805,46397,4
97805,175834,5
97805,78320,6
53714,3380,0
53714,10608,1
53714,66884,2
53714,33547,3
53714,107432,4
53714,93164,5
53714,148743,6
21489,10127,0
21489,12150,1
21489,40954,2
21489,1225428,3
21489,937,4
21489,82549,5
21489,9927,6
51392,1181142,1
51392,144049,2
51392,144048,4
51392,144050,5
51392,144051,6
51392,1387277,7
51392,1285055,8
32600,99377,1
32600,14488,2
32600,144011,3
32600,144012,4
32600,14921,5
32600,29267,6
32600,30210,7
110479,47754,0
110479,29791,1
110479,13919,2
110479,10599,3
110479,79641,4
110479,39025,5
110479,91722,6
299121,3845312,0
299121,3845315,1
299121,3845316,2
299121,3845317,3
299121,1546050,4
299121,1224641,5
299121,16097,6
13005,1532,0
13005,1039,1
13005,9257,2
13005,9807,3
13005,1107,4
13005,8977,5
13005,111383,6
65134,44261,0
65134,1204882,1
65134,25129,2
65134,1453024,3
65134,14671,4
65134,1239874,5
65134,115086,6
18681,3061,0
18681,15852,1
18681,29459,2
18681,108988,3
18681,35341,4
18681,19143,5
18681,1673040,6
75531,73931,0
75531,78729,1
75531,8893,2
75531,11076,3
75531,8930,4
75531,14101,5
75531,2956,6
20468,24264,0
20468,33533,1
20468,1980,2
20468,10825,3
20468,42133,4
20468,28238,5
20468,83349,6
14521,116289,0
14521,116291,2
14521,1189229,3
14521,1189230,4
14521,116292,5
14521,77766,6
46835,224507,0
46835,76961,1
46835,11975,2
46835,1240381,3
46835,974739,4
46835,36638,5
46835,940958,6
10406,1328,0
10406,18269,1
10406,64998,2
10406,64999,3
10406,17346,4
10406,55557,5
10406,64715,6
14741,3037,0
14741,19131,1
14741,77224,2
14741,41243,3
14741,77225,4
14741,77226,5
14741,77227,6
32015,108773,0
32015,1349308,1
32015,1293290,4
32015,2168,5
32015,3378355,6
32015,3378356,7
32015,3378358,8
1883,5292,0
1883,9780,1
1883,8354,2
1883,19739,3
1883,18792,4
1883,4604,6
1883,19740,7
2005,2395,0
2005,10978,1
2005,11074,2
2005,20623,3
2005,20624,4
2005,1037,5
2005,5502,6
6279,2395,0
6279,11074,1
6279,4244,2
6279,33613,3
6279,10978,4
6279,2549,5
6279,20624,6
11087,18750,0
11087,28412,1
11087,42206,2
11087,8874,3
11087,84613,4
11087,1231,5
11087,11077,6
7305,52419,0
7305,7039,1
7305,569,2
7305,147119,3
7305,52420,4
7305,52418,5
7305,54711,6
24735,6352,0
24735,39117,1
24735,10774,2
24735,38691,3
24735,92461,4
24735,92463,5
24735,1600350,6
9475,1158,0
9475,5577,1
9475,8986,2
9475,5503,3
9475,1233,4
9475,88748,5
9475,11367,6
8872,12073,0
8872,56159,1
8872,2879,2
8872,13445,3
8872,6684,4
8872,56933,5
8872,58198,6
8873,12073,0
8873,56159,1
8873,4690,2
8873,13445,3
8873,58198,4
8873,20904,5
8873,37438,6
11287,31,0
11287,16935,1
11287,15309,2
11287,3125,3
11287,12929,4
11287,53570,5
11287,8189,6
9869,3,0
9869,10427,1
9869,2155,2
9869,48,3
9869,29459,4
9869,6416,5
9869,1292,6
619,1269,0
619,8851,1
619,7042,2
619,8854,3
619,8853,4
619,941,5
619,8852,6
9374,5064,0
9374,18892,1
9374,62,2
9374,6588,3
9374,51755,4
9374,68528,5
9374,11871,6
11259,500,0
11259,2227,1
11259,13638,2
11259,10360,3
11259,15746,4
11259,4973,5
11259,1231390,6
8293,7056,0
8293,1283,1
8293,4173,2
8293,54447,3
8293,13333,4
8293,54445,5
8293,55643,6
11068,2233,0
11068,55152,1
11068,26467,2
11068,2876,3
11068,68109,4
11068,108717,5
11068,8984,6
1923,6726,0
1923,6719,1
1923,6714,2
1923,6715,3
1923,15796,4
1923,7487,5
1923,9323,6
10158,57755,0
10158,10814,1
10158,4810,2
10158,9782,3
10158,56040,4
10158,1315404,5
10158,66554,6
10206,56128,0
10206,55636,1
10206,5129,2
10206,585,3
10206,8395,4
10206,448,5
10206,77012,6
11782,1619,0
11782,1337,1
11782,70590,2
11782,70591,3
11782,229303,4
11782,66717,5
11782,1135238,6
10086,47820,0
10086,63242,3
10086,1117728,4
10086,358432,5
10086,63243,6
10086,63248,7
10086,63262,8
9367,20498,0
9367,57469,1
9367,57470,2
9367,57471,3
9367,1192733,4
9367,1192734,5
9367,2153289,6
9876,16483,0
9876,59956,1
9876,10080,2
9876,16407,3
9876,4790,4
9876,2886,5
9876,73586,6
10326,2461,0
10326,8944,1
10326,109,2
10326,64826,3
10326,66606,4
10326,3977,5
10326,82433,6
16562,61962,0
16562,20005,1
16562,4002,2
16562,12646,3
16562,23974,4
16562,76105,5
16562,1074188,6
9609,6949,0
9609,33,1
9609,4093,2
9609,1953,3
9609,6681,4
9609,8659,5
9609,18262,6
12143,1037,0
12143,1115016,1
12143,1115017,2
12143,46397,3
12143,209069,4
12143,1115018,5
12143,2561,6
4234,15234,0
4234,9206,1
4234,14405,2
4234,18352,3
4234,35595,4
4234,2714,5
4234,35598,6
9605,2233,0
9605,10431,1
9605,6106,2
9605,54246,3
9605,537,4
9605,11794,5
9605,164938,6
8374,5293,0
8374,54789,1
8374,4886,2
8374,54790,3
8374,9188,4
8374,54791,5
8374,54792,6
29076,3896,0
29076,17485,1
29076,18277,2
29076,10963,3
29076,31028,4
29076,56979,5
29076,12644,6
80471,19909,0
80471,962,1
80471,589542,2
80471,942100,3
80471,72673,4
80471,257448,5
80471,2822787,6
49477,2774433,0
49477,1246290,1
49477,2113296,2
49477,2979042,3
49477,98384,4
49477,1977260,5
49477,2979040,6
121940,1075385,0
121940,9211,1
121940,41737,2
121940,1818,3
121940,18687,4
121940,2051,5
121940,57197,6
28156,80253,0
28156,99888,1
28156,12498,2
28156,15659,3
28156,99890,4
28156,15993,5
28156,16978,6
113096,1303267,0
106837,11278,0
106837,978,1
106837,6199,2
106837,10729,3
106837,13363,4
106837,1229068,5
106837,87097,6
24349,4800,0
24349,5950,1
24349,3014,2
24349,2758,3
24349,146710,4
24349,11146,5
24349,148545,6
27841,862,0
27841,109410,1
27841,64929,2
27841,1225450,3
27841,99825,4
27841,41689,5
27841,77226,6
1907,6193,0
1907,19163,1
1907,19866,2
1907,3063,3
1907,19867,4
1907,19868,5
1907,19869,6
15489,4451,0
15489,70852,1
15489,62760,2
15489,1534,3
15489,54812,4
15489,5376,5
15489,59192,6
15655,12077,0
15655,90453,1
15655,77482,2
15655,5247,3
15655,19540,4
15655,77546,5
15655,60739,6
68546,21245,0
68546,195399,1
68546,42627,2
68546,58079,3
68546,1290218,4
68546,1290219,5
68546,1217907,6
36210,146106,0
36210,146107,1
36210,146108,2
36210,146109,3
36210,150157,4
36210,553819,5
36210,553820,6
279444,1335919,0
279444,1175530,1
279444,557591,2
279444,3122,3
279444,29368,4
279444,65552,5
279444,65744,6
77908,40276,0
77908,49276,1
77908,119884,2
77908,144375,3
77908,582889,4
77908,582892,5
77908,98889,6
22342,35320,0
22342,88617,1
22342,41755,2
22342,3090,3
22342,4078,4
22342,12313,5
22342,29363,6
96484,3063,0
96484,171733,1
96484,91431,2
96484,8963,3
96484,1198984,4
96484,3173887,5
96484,3173888,6
30062,9112,0
30062,3754,1
30062,19109,2
30062,27798,3
30062,97561,4
30062,38761,5
30062,5139,6
62463,235361,0
62463,1373457,1
62463,235362,2
62463,29699,3
62463,107729,4
62463,1780597,5
62463,1780599,6
25934,16897,0
25934,134234,1
25934,41234,2
25934,93476,3
25934,1220662,4
25934,106995,5
25934,123209,6
101383,1027222,0
101383,1027226,1
14181,1771,0
14181,12835,1
14181,9781,2
14181,18070,3
14181,1894,4
14181,12122,5
14181,6213,6
10385,5344,0
10385,3092,1
10385,14406,2
10385,6837,3
10385,55257,4
10385,10135,5
10385,177131,6
2787,12835,0
2787,8329,1
2787,6614,2
2787,28099,3
2787,26054,4
2787,65827,5
2787,28098,6
2069,14408,0
2069,62,1
2069,57395,2
2069,2956,3
2069,61981,4
2069,2165,5
2069,7166,6
61416,10729,0
61416,138413,1
61416,29796,2
61416,93848,3
61416,138415,4
61416,32357,5
61416,89798,6
14839,9309,0
14839,1037,1
14839,5050,2
14839,42157,3
14839,69026,4
14839,2563,5
14839,127735,6
42186,8516,0
42186,81798,1
42186,29036,2
42186,31209,3
42186,89253,4
42186,103937,5
42186,6815,6
28978,13848,0
28978,13855,1
28978,147962,2
28978,147963,3
28978,120701,4
28978,14438,5
28978,30194,6
901,13848,0
901,13852,1
901,2913936,2
901,13854,3
901,13855,4
901,13856,5
901,21306,6
25010,2876,0
25010,1210,1
25010,108729,2
25010,79007,3
25010,16554,4
25010,41232,5
25010,62042,6
36208,13848,0
36208,148063,1
36208,1385235,2
36208,21306,3
36208,14438,4
36208,1551633,5
36208,4738024,6
10098,13848,0
10098,19426,1
10098,63378,2
10098,21301,3
10098,21306,4
10098,63380,5
10098,63381,6
18264,854,0
18264,11128,1
18264,8841,2
18264,10023,3
18264,109846,4
18264,74874,5
18264,35849,6
291861,41214,0
291861,31169,1
291861,40242,2
291861,163615,3
291861,160959,4
291861,64458,5
291861,1362807,6
33374,26283,0
33374,162139,1
33374,35109,2
33374,52304,3
33374,1209640,4
33374,4250,5
33374,22860,6
43368,2090,0
43368,83622,1
43368,4356,2
43368,30512,3
43368,78793,4
43368,35322,5
43368,19400,6
127602,14261,0
127602,77675,1
127602,4355,2
127602,41998,3
127602,939642,4
127602,935335,5
127602,1065822,6
2155,880,0
2155,6885,1
2155,33,2
2155,1117,3
2155,15864,4
2155,11160,5
2155,10825,6
11004,3392,0
11004,2219,1
11004,3910,2
11004,3223,3
11004,3897,4
11004,9626,5
11004,3058923,6
25212,7166,0
25212,16327,1
25212,33613,2
25212,16921,3
25212,1328,4
25212,93344,5
25212,91030,6
36048,1216876,0
36048,19889,1
36048,36190,2
36048,203731,3
36048,49834,5
36048,29803,6
36048,199,7
139,1184,0
139,1562,1
139,1563,2
139,1564,3
139,1565,4
139,1566,5
139,4458,6
210307,21200,0
210307,180609,1
210307,20283,2
210307,211,3
210307,106434,4
210307,1216139,5
210307,188377,6
47816,55637,0
47816,10824,1
47816,62066,2
47816,108542,3
47816,44822,4
47816,552139,5
47816,58563,6
20682,18324,0
20682,3136,1
20682,109,2
20682,4785,3
20682,212,4
20682,207,5
20682,18270,6
25166,518,0
25166,73931,1
25166,9206,2
25166,8944,3
25166,1893,4
25166,886,5
25166,55174,6
1831,3125,0
1831,4757,1
1831,4589,2
1831,230294,3
1831,14792,4
1831,19307,5
1831,15829,6
10416,52865,0
10416,516,1
10416,1230,2
10416,17141,3
10416,2282,4
10416,20750,5
10416,108098,6
14271,77763,0
14271,33016,1
14271,79027,3
14271,1104,4
14271,1528514,5
14271,567264,7
14271,102210,8
4816,2178,0
4816,28002,1
4816,19183,2
4816,39598,3
4816,4255,4
4816,39596,5
4816,14731,6
19958,1284,0
19958,85350,1
19958,77335,2
19958,85351,3
19958,75710,4
19958,85352,5
19958,85353,6
28569,2769,0
28569,6449,1
28569,3798,2
28569,83566,3
28569,123012,4
28569,79731,5
28569,123013,6
2193,22489,0
2193,22490,1
2193,34597,2
2193,22493,3
2193,22492,4
2193,22494,5
2193,1064,6
64871,106830,0
54575,42572,0
54575,13326,1
54575,87513,2
54575,51881,3
54575,105733,4
54575,91282,5
54575,88906,6
11016,4110,0
11016,13566,1
11016,7570,2
11016,18646,3
11016,17753,4
11016,86003,5
11016,85943,6
23020,34119,0
23020,52176,1
23020,39162,2
23020,99126,3
23020,100347,4
23020,100348,5
23020,100349,6
54195,2218577,0
54195,28235,1
54195,202198,2
54195,2218218,3
54195,1398531,4
54195,2218223,5
54195,121192,6
139058,936,0
139058,88614,2
139058,19463,3
139058,39741,4
139058,132877,5
139058,19995,6
139058,14818,7
20423,7852,0
20423,106838,1
20423,106839,2
20423,106840,3
20423,106841,4
20423,106842,5
20423,3826842,6
10839,5563,0
10839,12150,1
10839,2091,2
10839,2076,3
10839,9927,4
10839,20016,5
10839,37346,6
36489,1547,0
36489,100796,1
36489,115446,3
36489,131479,4
36489,291778,5
36489,103080,6
36489,100350,7
24481,85651,0
24481,85895,1
24481,8252,2
24481,5792,3
24481,1274075,4
24481,91653,5
24481,91654,6
11296,8654,0
11296,2963,1
11296,68897,2
11296,68898,3
11296,16215,4
11296,9257,5
11296,42168,6
61651,28412,0
61651,147119,1
61651,8924,2
61651,58141,3
61651,140198,4
61651,1129478,5
61651,10488,6
28172,99947,0
28172,99948,1
28172,99949,2
28172,99950,3
28172,99951,4
28172,99952,5
28172,99953,6
57855,37885,1
57855,227056,2
57855,227057,4
57855,106830,5
28180,99963,0
28180,99978,1
28180,99982,2
28180,1765375,3
28180,99955,4
28180,99951,5
28180,2350473,6
14280,1270,0
14280,127533,1
14280,127534,2
14280,126564,3
14280,6197,4
72086,2201,0
72086,12726,1
72086,11916,2
72086,3855,3
72086,74689,4
72086,53815,5
72086,1777482,6
149687,97182,0
149687,95313,1
149687,110135,2
149687,21510,3
149687,17660,4
149687,17759,5
149687,78193,6
29478,16897,0
29478,103939,1
29478,15532,2
29478,103940,3
29478,95224,4
29478,5247,5
29478,20959,6
28177,99949,0
28177,99947,1
28177,99966,2
28177,99968,3
28177,99973,4
28177,99955,5
28177,99974,6
64166,12132,0
64166,2144,1
64166,11826,2
64166,21675,3
64166,18472,4
64166,1370,5
64166,14833,6
73642,10985,0
73642,2468,1
73642,174745,2
73642,17026,3
73642,3071,4
73642,83278,5
73642,585008,6
2067,33,0
2067,504,1
2067,1896,2
2067,935,3
2067,3035,4
2067,12978,5
2067,21213,6
622,85,0
622,8924,1
622,5313,2
622,8925,3
622,8926,4
622,8927,5
622,180976,7
110666,1050238,1
110666,1050239,3
110666,1050240,4
110666,110589,5
28463,50,0
28463,19161,1
28463,82795,2
28463,71871,3
28463,86957,4
28463,82513,5
28463,1380204,6
12186,13,0
12186,5064,1
12186,9626,2
12186,30123,3
12186,20628,4
12186,19151,5
12186,60136,6
20283,27770,0
20283,6065,1
20283,11511,2
20283,17183,3
20283,1216876,4
20283,15900,5
20283,91460,6
5693,193,0
5693,10767,1
5693,2778,2
5693,4080,3
5693,44850,4
5693,10486,5
5693,3217,6
287,1269,0
287,4038,1
287,504,2
287,4039,3
287,4040,4
287,4041,5
287,4042,6
968,1158,0
968,3096,1
968,1466,2
968,14541,3
968,14542,4
968,14544,5
968,14545,6
838,3037,0
838,12406,2
838,1270,3
838,8434,4
838,12407,5
838,12408,6
838,12409,7
16958,3088,0
16958,4343,1
16958,10024,2
16958,13296,3
16958,6577,4
16958,53010,5
16958,3140,6
3114,4165,0
3114,30551,1
3114,7303,2
3114,4303,3
3114,2769,4
3114,4119,5
3114,30552,6
31938,8252,0
31938,19153,1
31938,3337,2
31938,15668,3
31938,78690,4
31938,4307,5
31938,47549,6
12501,8487,0
12501,14500,1
12501,14701,2
12501,10017,3
12501,2753,4
12501,30527,5
12501,30304,6
22650,11544,0
22650,15135,1
22650,40976,2
22650,32100,3
22650,39471,4
22650,39098,5
22650,24540,6
31618,26513,0
31618,13022,1
31618,11512,2
31618,78934,3
31618,4251,4
31618,15854,5
31618,12645,6
42232,141,0
42232,780,1
42232,4778,2
42232,42003,3
42232,46100,4
42232,937883,5
42232,1811,6
15873,18364,0
15873,14060,1
15873,856,2
15873,18647,3
15873,5249,4
15873,2567,5
15873,23694,6
26928,16897,0
26928,33162,1
26928,15532,2
26928,44728,3
26928,70425,4
26928,83436,5
26928,1098535,6
68427,551900,0
68427,551901,1
68427,1421260,2
68427,1092666,3
68427,1790088,4
68427,1287307,5
68427,143438,6
25392,78793,0
25392,89525,1
25392,14978,2
25392,93696,3
25392,93698,4
25392,191823,5
25392,975597,6
67455,30774,0
67455,34595,1
67455,94938,2
67455,94942,3
67455,24379,4
67455,102848,5
67455,3403105,6
22178,41755,0
22178,4302,1
22178,88460,2
22178,30234,3
22178,88462,4
22178,78791,5
22178,88461,6
48213,6949,0
48213,12647,1
48213,3757,2
48213,32645,3
48213,32422,4
48213,1086,5
48213,23721,6
35412,8487,0
35412,25787,1
35412,30181,2
35412,7301,3
35412,19878,4
35412,9923,5
35412,42841,6
43463,14502,0
43463,120712,1
43463,38232,2
43463,30114,3
43463,130408,4
43463,13977,5
43463,95274,6
59939,230100,0
59939,230101,1
59939,142293,2
59939,230102,3
59939,1489,4
59939,226046,5
59939,115432,6
159727,98568,0
159727,975135,1
159727,47668,2
159727,106991,3
159727,2051813,5
159727,955167,6
159727,940100,7
244151,98568,0
244151,975135,1
244151,990435,2
244151,30769,3
244151,990436,4
244151,1015323,5
244151,1175222,6
8333,6837,0
8333,8606,1
8333,1936,2
8333,1210,3
8333,53285,4
8333,14542,5
8333,14835,6
19259,31,0
19259,7180,1
19259,12931,2
19259,29712,3
19259,16183,4
19259,95741,5
19259,157456,6
820,1269,0
820,2176,1
820,64,2
820,4724,3
820,12132,4
820,3151,5
820,12133,6
11718,7180,0
11718,4004,1
11718,8873,2
11718,29712,3
11718,12852,4
11718,2138,5
11718,113906,6
8989,12074,0
8989,4778,1
8989,18156,2
8989,20277,3
8989,56509,4
8989,56510,5
8989,588,6
32031,140777,0
32031,1065,1
32031,77941,2
32031,2717,3
32031,8258,4
32031,2454,5
32031,18914,6
58048,2228,0
58048,3125,1
58048,652,2
58048,10983,3
58048,2249,4
58048,26667,5
58048,93737,6
26827,3125,0
26827,2171,1
26827,1794,2
26827,13728,3
26827,11859,4
26827,16181,5
26827,33662,6
11157,5064,0
11157,46393,1
11157,42157,2
11157,12516,3
11157,19335,4
11157,16667,5
11157,78398,6
28370,100591,0
28370,16171,1
28370,4885,2
28370,29792,3
28370,100592,4
28370,1794,5
28370,1341637,6
918,326,0
918,62,1
918,14101,2
918,10775,3
918,14102,4
918,14103,5
918,14104,6
61178,1229,0
61178,326,1
61178,9626,2
61178,54122,3
61178,21104,4
61178,26042,5
61178,78789,6
11176,7908,1
11176,68455,2
11176,68456,3
11176,64181,4
11176,1466,5
11176,6168,6
11176,101879,7
14900,7908,1
14900,64181,2
14900,68455,3
14900,68456,4
14900,64180,5
14900,28164,6
14900,10168,7
11899,7908,1
11899,64181,2
11899,64180,3
11899,68456,4
11899,68455,5
11899,138568,6
11899,73210,8
36536,109887,0
36536,7908,2
36536,68456,3
36536,70772,4
36536,68455,5
36536,3664,7
36536,111270,8
18890,1230,0
18890,1129381,1
18890,200632,2
18890,12826,3
18890,83786,4
18890,14991,5
18890,2222299,6
19736,45415,0
19736,586,1
19736,2463,2
19736,3545,4
19736,29373,5
19736,31925,6
19736,69565,7
123047,115573,0
123047,2282,1
123047,20510,2
123047,5658,3
123047,96408,4
123047,45453,5
123047,17477,6
24575,4765,0
24575,12518,1
24575,56930,2
24575,10427,3
24575,12248,4
24575,85146,5
24575,588,6
16535,20125,0
16535,14974,1
16535,9208,2
16535,80600,3
16535,7684,4
16535,32923,5
16535,5403,6
10971,67676,0
10971,31297,1
10971,67677,2
10971,9907,3
10971,96758,4
10971,96759,5
10971,96760,6
23928,8487,0
23928,13579,1
23928,251,2
23928,132720,3
23928,39052,4
23928,118427,5
23928,11130,6
31336,47820,0
31336,1893902,1
31336,47822,2
31336,586378,3
31336,585173,4
31336,1893904,5
31336,1240039,6
462,1204,0
462,3926,1
462,6383,2
462,19838,3
462,1956,4
462,26719,5
462,1909,6
9532,50398,0
9532,17303,1
9532,43442,2
9532,58392,3
9532,43774,4
9532,40377,5
9532,86397,6
117259,3060,0
117259,75258,1
117259,94349,2
117259,10760,3
117259,79713,4
117259,3514234,5
117259,2451398,6
78231,67207,0
78231,25448,1
78231,49813,2
78231,995,3
78231,197126,4
78231,1225417,5
78231,1360193,6
2383,10698,0
2383,24435,1
2383,24436,2
2383,2658100,3
2383,4245677,4
25503,41755,0
25503,78052,1
25503,11169,2
25503,83475,3
25503,13341,4
25503,33007,5
25503,30237,6
53879,39554,0
53879,8252,1
53879,10925,2
53879,95263,3
53879,138179,4
53879,19110,5
53879,10344,6
1396,55512,0
1396,55514,1
1396,8471,2
1396,55513,3
1396,8475,4
1396,1190992,5
1396,13710,7
11570,13784,0
11570,69934,1
11570,69935,2
11570,10925,3
11570,30769,4
11570,102746,5
11570,136151,6
1541,4038,0
1541,16935,1
1541,1037,2
1541,147,3
1541,4443,4
1541,537,5
1541,287,6
150043,13919,0
150043,14730,1
150043,660,2
150043,1061877,3
150043,42000,4
150043,26247,5
150043,46513,6
17443,1158,0
17443,5251,1
17443,24367,2
17443,3171,3
17443,77133,4
17443,8977,5
17443,4175,6
8469,7171,0
8469,650,1
8469,3999,2
8469,52304,3
8469,55194,4
8469,55196,5
8469,55197,6
27995,99358,0
27995,99359,1
27995,99360,2
27995,99361,4
27995,13602,5
27995,3978,6
27995,2072439,8
36739,2975,0
36739,4808,1
36739,141823,2
36739,15531,3
36739,51546,4
36739,56183,5
36739,196864,6
925,1004,0
925,15531,1
925,15532,2
925,6396,3
925,4808,4
925,5502,6
925,1241,7
41823,5292,0
41823,10814,2
41823,4808,3
41823,15535,4
41823,13602,5
41823,5502,6
41823,1241,7
1713,10814,0
1713,18750,1
1713,15531,3
1713,15532,4
1713,2231,5
1713,62127,6
1713,1241,7
26170,190,0
26170,5248,1
26170,40168,2
26170,94774,3
26170,69494,4
26170,13785,5
26170,19414,6
30547,10127,0
30547,6450,1
30547,76546,2
30547,5251,3
30547,65505,4
30547,8260,5
30547,13568,6
54825,2016586,0
13939,4960,0
13939,3382,1
13939,14830,2
13939,76019,3
13939,7072,4
13939,41406,5
13939,786,6
14373,4960,0
14373,15753,1
14373,14830,2
14373,19106,3
14373,106179,4
14373,103455,5
14373,74682,6
24873,4960,0
24873,87120,1
24873,21523,2
24873,1936,3
24873,12660,4
24873,8661,5
24873,18355,6
26263,4960,0
26263,42174,1
26263,15213,2
26263,12295,3
26263,11792,4
26263,10345,5
26263,1217003,6
34746,4960,0
34746,57399,1
34746,2536,2
34746,14905,3
34746,19976,4
34746,3712,5
34746,30488,6
996,4091,0
996,14974,1
996,13566,2
996,14975,3
996,14977,4
996,14978,5
996,109844,6
9079,1204,0
9079,55152,1
9079,7132,2
9079,10559,3
9079,56930,4
9079,9560,5
9079,91420,6
1496,17338,0
1496,11521,1
1496,56367,2
1496,541733,3
1496,101804,4
1496,167736,5
1496,7085,6
1498,16060,0
1498,6181,1
1498,3034,2
1498,77157,3
1498,45041,4
1498,13550,5
1498,77156,6
1497,16060,0
1497,1214184,1
1497,77157,2
1497,179566,3
1497,74932,4
1497,2076,5
1497,77156,6
1499,16060,0
1499,72864,1
1499,3034,2
1499,77157,3
1499,74932,4
1499,13550,5
1499,202446,6
1880,723,0
1880,6952,1
1880,2878,2
1880,1063,3
1880,2884,4
1880,722,5
1880,6280,6
33762,32747,0
33762,96442,1
33762,34485,2
33762,17114,3
33762,532598,4
33762,12974,5
33762,1736,6
103960,51586,0
103960,1192986,1
103960,1192987,2
103960,86138,3
103960,12692,4
103960,2726859,5
103960,53509,6
11690,15111,0
11690,58123,1
11690,70254,2
11690,114809,3
11690,10195,4
11690,2178,5
11690,695,6
29143,6450,0
29143,2176,1
29143,1370,2
29143,9807,3
29143,27888,4
29143,4761,5
29143,56695,6
35292,17485,0
35292,3663,1
35292,7400,2
35292,5320,3
35292,10983,4
35292,936,5
35292,1554107,6
36652,13352,0
36652,125482,1
36652,30156,2
36652,125483,3
36652,8517,4
36652,13965,5
36652,124936,6
801,2157,0
801,2178,1
801,11960,2
801,11961,3
801,9257,4
801,4040,5
801,22131,6
104301,3092,0
104301,3896,1
104301,4765,2
104301,1208,3
104301,7663,4
104301,37421,5
104301,1233025,6
11520,3151,0
11520,6837,1
11520,13567,2
11520,16523,3
11520,589,4
11520,7166,5
11520,15531,6
1879,12147,0
1879,16897,1
1879,6598,2
1879,19729,3
1879,30228,4
1879,32774,5
1879,151864,6
2085,1336,0
2085,21352,1
2085,21353,2
2085,21354,3
2085,18792,4
2085,21356,5
2085,39829,6
13539,22290,0
13539,21594,1
13539,2299,2
13539,12132,3
13539,6907,4
13539,21089,5
13539,1734,6
16222,58006,0
16222,81295,1
16222,80109,2
16222,17051,3
16222,84497,4
16222,3492,5
16222,11806,6
109479,8925,0
109479,59369,1
109479,49735,2
109479,534,3
109479,1379424,4
109479,12216,5
109479,94647,6
17078,135901,0
17078,1209927,1
17078,1209928,2
17078,1209929,3
17078,1209930,4
17078,1209932,6
17078,1209933,7
37722,8289,0
37722,6161,1
37722,54041,2
37722,11066,3
37722,46929,4
37722,36173,5
37722,228,6
75892,4430,0
75892,111702,1
75892,24976,2
75892,35351,3
75892,256326,4
75892,586412,5
75892,262444,6
33516,5168,0
33516,6104,1
33516,20162,2
33516,30611,3
33516,9191,4
33516,94271,5
33516,10673,6
99008,1019845,0
99008,55997,1
99008,1019846,2
99008,8516,3
99008,4072,4
99008,101592,5
99008,8727,6
9960,60990,0
9960,584137,1
9960,584138,2
9960,584139,3
9960,584140,4
9960,4214372,6
9960,2781009,7
3082,13848,0
3082,14027,1
3082,14438,2
3082,30194,3
3082,30195,4
3082,13856,5
3082,30196,6
49338,3034,0
49338,17444,1
49338,115766,2
49338,163115,3
49338,42738,4
49338,18071,5
49338,101901,6
52961,3151,0
52961,5823,1
52961,9805,2
52961,1162,3
52961,120412,4
52961,17343,5
52961,22490,6
12187,3223,0
12187,28164,1
12187,1981,2
12187,26467,3
12187,3197,4
12187,19839,5
12187,1951,6
24748,3636,0
24748,19550,1
24748,1934,2
24748,30511,3
24748,13786,4
24748,13787,5
24748,8331,6
990,3636,0
990,14882,1
990,6721,2
990,862,3
990,14883,4
990,8608,5
990,14884,6
1908,12147,0
1908,13576,1
1908,13294,2
1908,19877,3
1908,19878,4
1908,4073,5
1908,4307,6
9764,1090508,0
9764,58989,1
9764,58995,2
9764,58997,3
9764,58994,4
9764,47434,5
9764,58991,6
840,3037,0
840,8437,2
840,4778,3
840,12438,4
840,12439,5
840,12440,6
840,66288,7
39890,129342,0
39890,113,1
39890,129343,2
39890,129344,3
39890,106625,4
39890,117765,5
39890,47480,6
42237,120571,0
42237,38898,1
42237,4274,2
42237,2407,3
42237,35135,4
42237,83191,5
42237,73698,6
26689,26485,0
26689,96043,1
26689,81287,2
26689,11805,3
26689,58647,4
26689,588,5
26689,51707,6
25673,12151,0
25673,3635,1
25673,7632,2
25673,7641,3
25673,119081,4
25673,8632,5
25673,7685,6
2291,504,0
2291,7430,1
2291,1004,2
2291,13525,3
2291,3201,4
2291,1206,5
2291,23627,6
13531,882,0
13531,73589,1
13531,9137,2
13531,17346,3
13531,57829,4
13531,51792,5
13531,58019,6
16620,38560,0
16620,82220,1
16620,7430,2
16620,2111,3
16620,65344,4
16620,532,5
16620,183566,6
526,4756,0
526,585,1
526,1160,2
526,658,3
526,8937,4
526,7192,5
526,7194,6
13346,17444,0
13346,57372,1
13346,6952,2
13346,1920,3
13346,55277,4
13346,112300,5
13346,19752,6
243,3036,0
243,1562,1
243,3230,2
243,70851,3
243,3232,4
243,1922,5
243,3234,6
10501,11181,0
10501,8945,1
10501,4810,2
10501,23346,3
10501,587,4
10501,12077,5
10501,15831,6
11478,11866,0
11478,8167,1
11478,57686,2
11478,57451,3
11478,4443,4
11478,2202,5
11478,52267,6
96167,36938,0
96167,73194,1
96167,105337,2
96167,2197419,3
96167,105352,4
96167,2615450,5
96167,14148,6
24212,101497,0
24212,91361,1
24212,101499,2
24212,101501,3
24212,2265,4
24212,101500,5
24212,33272,6
6644,4165,0
6644,10158,1
6644,3085,2
6644,50970,3
6644,8496,4
6644,50971,5
6644,50972,6
41038,30453,0
41038,125312,1
41038,97574,2
41038,151895,3
41038,1054351,4
41038,2601142,5
41038,2601143,6
879,4483,0
879,2157,1
879,1204,2
879,382,3
879,10978,4
879,6692,5
879,13389,6
32613,113,0
32613,5,1
32613,10169,2
32613,24494,3
32613,21542,4
32613,12742,5
32613,31349,6
39406,79741,0
39406,33321,1
39406,30501,2
39406,37221,3
39406,74296,4
39406,35516,5
39406,5249,6
85689,116367,0
85689,932465,1
85689,262394,2
85689,92907,3
85689,148821,4
85689,29978,5
85689,29265,6
31624,93476,0
31624,109142,1
31624,36913,2
31624,31545,3
31624,32314,4
31624,103106,5
31624,111278,6
17529,4165,0
17529,15655,1
17529,86110,2
17529,78690,3
17529,3087,4
17529,2778,5
17529,15620,6
40841,42746,0
40841,58629,2
40841,61237,3
40841,141,4
40841,44547,5
40841,1896,6
40841,3036,7
118098,4090,0
118098,81267,1
118098,85672,2
118098,3672,3
118098,40092,4
118098,26257,5
118098,123209,6
1793,19131,0
1793,4765,1
1793,55636,2
1793,4756,3
1793,8903,4
1793,19136,5
1793,19135,6
11327,69010,0
11327,69011,1
11327,12410,2
11327,4819,3
11327,39782,4
11327,1811,5
11327,6701,6
1700,8534,0
1700,3085,1
1700,5605,2
1700,7570,3
1700,36926,4
1700,36927,5
1700,137910,6
54087,7904,0
54087,19839,1
54087,63681,2
54087,9994,3
54087,96554,4
54087,725,5
54087,21399,6
34322,35,0
34322,16896,1
34322,50464,2
34322,17444,3
34322,83362,4
34322,14109,5
34322,949847,6
41659,2232,0
41659,2227,1
41659,11367,2
41659,14884,3
41659,164221,4
41659,8976,5
41659,1224662,6
593,1190211,0
593,1190206,1
593,8474,2
593,8476,3
593,1190992,4
593,8475,5
593,8479,6
10774,6450,0
10774,8252,1
10774,29903,2
10774,3087,3
10774,13726,4
10774,10083,5
10774,66712,6
10083,1269,0
10083,193,1
10083,586,2
10083,883,3
10083,44846,4
10083,10477,5
10083,18192,6
29786,1733,0
29786,104872,1
29786,1466,2
29786,63936,3
29786,30044,4
29786,64120,5
29786,44998,6
11356,3151,0
11356,6837,1
11356,5247,2
11356,14832,3
11356,51348,4
11356,143770,5
11356,58770,6
10747,190,0
10747,66670,1
10747,66223,2
10747,16555,3
10747,17580,4
10747,734,5
10747,8350,6
38809,3223,0
38809,1894,1
38809,43372,2
38809,240275,3
38809,12930,4
38809,7499,5
38809,33163,6
10559,6065,0
10559,8767,1
10559,25878,2
10559,31167,3
10559,6861,4
10559,11315,5
10559,65756,6
20697,15234,0
20697,1894,1
20697,26999,2
20697,17485,3
20697,16850,4
20697,532,5
20697,86905,6
2621,12640,0
2621,6613,1
2621,26512,2
2621,1162,3
2621,26485,4
2621,5149,5
2621,58563,6
10479,2176,0
10479,2231,1
10479,529,2
10479,2282,3
10479,21089,4
10479,10427,5
10479,56871,6
125709,65,0
125709,2283,1
125709,15250,2
125709,91351,3
125709,43894,4
125709,1989,5
125709,1216884,6
49721,3052,0
49721,77553,1
49721,1344406,2
49721,1028560,3
49721,1504492,4
49721,1230458,5
49721,240289,6
2006,854,0
2006,5729,1
2006,3151,2
2006,20602,3
2006,20603,4
2006,2926,5
2006,20604,6
184885,17753,0
184885,30164,1
184885,13345,2
184885,1167815,3
184885,2922,4
184885,117584,5
184885,1405588,6
46625,8984,0
46625,1533,1
46625,5168,2
46625,11628,3
46625,64062,4
46625,58663,5
46625,143328,6
17339,8606,0
17339,3,1
17339,10458,2
17339,9126,3
17339,22383,4
17339,1101,5
17339,10460,6
26879,82777,0
26879,70260,1
26879,41755,2
26879,9109,3
26879,127353,4
26879,8331,5
26879,148602,6
11305,16145,0
11305,68973,1
11305,942004,2
11305,13603,3
11305,9235,4
11305,54887,5
11305,58296,6
48211,14276,0
48211,29429,1
48211,4973,2
48211,236087,3
48211,10462,4
48211,47137,5
48211,46099,6
28975,517,0
28975,40008,1
28975,739,2
28975,158293,3
28975,33395,4
28975,940849,5
28975,15888,6
13665,56819,0
13665,66776,1
13665,11857,2
13665,30226,3
13665,44712,4
13665,786,5
13665,57357,6
12309,31,0
12309,72055,1
12309,36039,2
12309,72056,3
12309,153692,4
12309,38086,5
12309,15214,6
1552,67773,0
1552,2453,1
1552,1902,2
1552,4765,3
1552,8872,4
1552,3999,5
1552,17495,6
106,1100,0
106,1101,1
106,1109,2
106,1102,3
106,1103,4
106,1104,5
106,1105,6
10333,1733,0
10333,10400,1
10333,10401,2
10333,18794,3
10333,1924,4
10333,4778,5
10333,15903,6
11027,514,0
11027,4431,1
11027,15765,2
11027,4250,3
11027,15213,4
11027,5657,5
11027,124602,6
61560,20851,0
61560,24816,1
61560,1277975,2
123757,239348,0
123757,57880,1
123757,1904840,2
123757,167718,3
123757,1904841,4
123757,1904842,5
123757,163670,6
27197,97207,0
27197,97209,1
27197,97210,2
27197,89177,3
27197,134383,4
27197,134312,5
27197,131204,6
10468,18277,0
10468,110,1
10468,17287,2
10468,20,3
10468,31715,4
10468,884,5
10468,21088,6
1359,3894,0
1359,15009,1
1359,6164,2
1359,32029,3
1359,2838,4
1359,368,5
1359,20767,6
4967,7399,0
4967,819,1
4967,40279,2
4967,10774,3
4967,3265,4
4967,12122,5
4967,11318,7
31776,3636,0
31776,9625,1
31776,20212,2
31776,104059,3
31776,38691,4
31776,155576,5
31776,155573,6
10557,11851,0
10557,8443,1
10557,65864,2
10557,16756,3
10557,128645,4
10557,1492653,5
10557,107709,6
27745,79630,0
27745,38667,1
27745,79628,2
27745,79652,3
27745,79629,4
27745,1442631,5
27745,7487,6
19214,3416,0
19214,886,1
19214,1626487,2
19214,86034,3
19214,11281,4
19214,14324,5
19214,20899,6
46686,1129883,0
46686,137217,1
46686,52815,2
46686,137218,3
46686,137219,4
46686,137221,6
46686,137222,7
71402,9626,0
71402,12134,1
71402,3676265,2
71402,3676267,3
71402,170865,4
71402,155890,5
71402,171543,6
13776,26472,0
13776,11511,1
13776,2295,2
13776,4724,3
13776,68122,4
13776,6913,5
13776,781,6
26291,95024,0
26291,40680,1
26291,152344,2
26291,154943,3
26291,3138,4
26291,75343,5
26291,1187321,6
10784,66776,0
10784,13919,1
10784,32059,2
10784,6748,3
10784,36027,4
10784,31071,5
10784,1364175,6
10242,3380,0
10242,31550,1
10242,24811,2
10242,66712,3
10242,1046811,4
10242,153365,5
10242,97257,6
27857,64,0
27857,658,1
27857,13333,2
27857,12900,3
27857,30083,4
27857,477,5
27857,2235229,6
16347,30233,0
16347,41214,1
16347,87513,2
16347,8632,3
16347,87514,4
16347,8726,5
16347,87516,6
4825,3084,0
4825,14500,1
4825,4347,2
4825,41748,3
4825,46711,4
4825,12827,5
4825,1049305,6
11654,50,0
11654,7487,1
11654,4038,2
11654,44301,3
11654,70377,4
11654,6486,5
11654,185950,6
10518,4483,0
10518,3359,1
10518,6355,2
10518,21416,3
10518,25282,4
10518,6839,5
10518,3174,6
11977,54812,0
11977,3198,1
11977,71146,2
11977,1532,3
11977,38085,4
11977,55203,5
11977,2548,6
18041,11006,0
18041,17286,1
18041,4886,2
18041,11661,3
18041,10866,4
18041,587,5
18041,11866,6
14736,5411,0
14736,4987,1
14736,77196,2
14736,31031,3
14736,1981,4
14736,35705,5
14736,150055,6
3536,10297,0
3536,2053,1
3536,1037,2
3536,32362,3
3536,18181,4
3536,3491,5
3536,4177,6
1443,205,0
1443,2299,1
1443,4512,2
1443,3391,3
1443,60650,4
1443,17236,5
1443,204997,6
10424,1271,0
10424,2714,1
10424,139,2
10424,6110,3
10424,1907,4
10424,27116,5
10424,6949,6
80677,19534,0
80677,24476,1
80677,5676,2
80677,29902,3
80677,2565,4
80677,590165,5
80677,11223,6
28971,13848,0
28971,29545,1
28971,3363,2
28971,29304,4
28971,2698,5
28971,102513,6
28971,1237184,7
49096,118989,0
49096,36074,1
49096,21503,2
49096,227628,3
49096,552315,4
49096,33732,5
49096,552312,6
310431,174880,0
310431,1269,1
310431,1427759,2
310431,1217730,3
310431,45100,4
310431,2644426,5
310431,2277,6
40562,69122,0
40562,1893,1
40562,36422,2
40562,5725,3
40562,18920,4
40562,103,5
40562,34543,6
9456,11867,0
9456,205,1
9456,58006,2
9456,7676,3
9456,96595,4
9456,164490,5
9456,56265,6
889,13633,0
889,9045,1
889,13635,2
889,13636,3
889,13637,4
889,13638,5
889,10697,6
10564,524,0
10564,15852,1
10564,8893,2
10564,3234,3
10564,35,4
10564,22063,5
10564,52476,6
15723,1979,0
15723,518,1
15723,56857,2
15723,19764,3
15723,1695766,4
15723,1695767,5
15723,1695768,6
19600,27563,0
19600,112107,1
19600,115173,2
19600,123256,3
19600,112180,4
19600,130044,5
19600,123757,6
125537,80746,1
125537,204411,2
125537,212821,3
125537,181851,4
125537,4446699,5
125537,2699548,6
125537,5617363,7
452,6120,0
452,6121,1
452,6122,2
452,6123,3
452,1018,4
452,6124,5
452,6125,6
68170,5658,0
68170,10978,1
68170,22809,2
68170,20049,3
68170,10981,4
68170,12206,5
68170,2192,6
36234,3982,0
36234,133302,1
36234,9825,2
36234,156774,3
36234,6396,4
36234,35545,5
36234,3136,6
39283,6587,0
39283,97943,1
39283,101652,2
39283,45101,3
39283,2141,4
39283,15661,5
39283,46930,6
65460,47879,0
65460,44301,1
65460,69494,2
65460,42967,3
65460,101850,4
65460,1414872,5
65460,74354,6
55667,24519,0
55667,56984,1
55667,101850,2
55667,141747,3
55667,106486,4
55667,74613,5
55667,106489,6
31978,108665,0
31978,58113,1
31978,108668,2
31978,108669,3
31978,1819736,4
31978,2960637,5
31978,2960638,6
12476,6677,0
12476,8699,1
12476,52300,2
12476,72408,3
12476,62019,4
12476,8658,5
12476,1216592,6
5241,6681,0
5241,14700,1
5241,7071,2
5241,2753,3
5241,42195,4
5241,28167,5
5241,6805,6
98,934,0
98,73421,1
98,935,2
98,936,3
98,194,4
98,937,5
98,938,6
21311,326,0
21311,20239,1
21311,19977,2
21311,8784,3
21311,2639,4
21311,129101,5
21311,1386160,6
47724,5470,0
47724,2228,1
47724,10774,2
47724,1292,3
47724,937,4
47724,4654,5
47724,27660,6
11129,42604,0
11129,30316,1
11129,68286,2
11129,68284,3
11129,41042,4
11129,2023526,5
11129,7062,6
94214,124909,0
94214,1511076,1
117781,112972,0
117781,134429,1
117781,68422,3
117781,41226,4
117781,3388824,5
117781,1249066,6
117781,1161238,7
1058,1205,0
1058,15211,1
1058,15212,2
1058,15213,3
1058,15214,4
1058,15215,5
1058,4203,6
37112,50571,0
37112,30551,1
37112,34470,2
37112,30844,3
37112,12423,4
37112,103069,5
37112,31208,6
42159,101752,0
42159,8212,1
42159,532,2
42159,223622,3
42159,1146140,4
42159,75346,5
42159,3019,6
16395,80502,0
16395,69011,1
16395,24612,2
16395,44959,3
16395,34594,4
16395,15385,5
16395,18339,6
50627,514,0
50627,6905,1
50627,9560,2
50627,1046164,3
50627,7077,4
50627,3156689,5
50627,15213,6
5608,44345,0
5608,10073,1
5608,44346,2
5608,44347,3
5608,44348,4
5608,44349,5
5608,44358,6
38925,64457,0
38925,16483,1
38925,31903,2
38925,121646,3
38925,22553,4
38925,121647,5
38925,2674897,6
13105,2232,0
13105,8437,1
13105,76513,2
13105,37713,3
13105,54219,4
13105,4088761,5
13105,80742,6
22501,38115,0
22501,145439,1
22501,1413407,2
22501,12273,3
22501,1542164,4
22501,18198,5
22501,1542165,6
5491,8891,0
5491,12834,1
5491,2178,2
5491,8335,3
5491,43611,4
5491,43612,5
5491,43613,6
10560,65871,0
10560,8691,1
10560,8212,2
10560,1460084,3
10560,2517,4
10560,40980,5
10560,10386,6
19489,134,0
19489,9781,1
19489,12852,2
19489,53085,3
19489,28410,4
19489,41901,5
19489,9211,6
19419,77075,0
19419,4169,1
19419,518,2
19419,36802,3
19419,58663,4
19419,83976,5
19419,7404,6
23531,2956,0
23531,12792,1
23531,1438101,3
23531,1120876,4
23531,164397,5
23531,18354,6
23531,100519,7
10688,569,0
10688,6677,1
10688,6200,2
10688,9880,3
10688,1532,4
10688,23626,5
10688,12041,6
17889,4347,0
17889,82407,1
17889,13294,2
17889,129512,3
17889,923,4
17889,34516,5
17889,129549,6
18228,21457,0
18228,83443,1
18228,14730,2
18228,83821,3
18228,83822,4
18228,78793,5
18228,19786,6
80351,16896,0
80351,7303,1
80351,7635,2
80351,73022,3
80351,49882,4
80351,18914,5
80351,114564,6
18642,21457,0
18642,83389,1
18642,78772,2
18642,1212945,3
18642,45283,4
18642,83805,5
18642,83806,6
205054,132704,0
205054,1425467,1
205054,72157,2
205054,100634,3
205054,92838,4
205054,100158,5
205054,1240845,7
39391,30233,0
39391,2769,1
39391,9857,2
39391,1196207,3
39391,213729,4
39391,86369,5
39391,4077,6
18644,21457,0
18644,19109,1
18644,6837,2
18644,83391,3
18644,29313,4
18644,83809,5
18644,83810,6
31516,13294,0
31516,4347,1
31516,109614,2
31516,15008,3
31516,77675,5
31516,3367,6
31516,113952,7
45827,16896,0
45827,7303,1
45827,3798,2
45827,13869,3
45827,34130,4
45827,74573,5
45827,78399,6
5683,5129,0
5683,15274,1
5683,44818,2
5683,5131,3
5683,44819,4
5683,44820,5
5683,44823,6
2094,21457,0
2094,14974,1
2094,21458,2
2094,9865,3
2094,21459,4
2094,21460,5
2094,21461,6
14906,566738,0
14906,77619,1
14906,5462,2
14906,78077,4
14906,4058033,7
14906,121039,9
16176,28906,0
16176,93327,1
16176,55688,2
16176,45465,3
16176,93325,4
16176,39741,5
16176,14298,6
52770,18156,0
52770,3266,1
52770,10360,2
52770,89461,3
52770,10743,4
52770,9628,5
52770,24435,6
12518,2963,0
12518,520,1
12518,3085,2
12518,23915,3
12518,53401,4
12518,31007,5
12518,33492,6
10567,61962,0
10567,1981,1
10567,15531,2
10567,7133,3
10567,17265,4
10567,67392,5
10567,25654,6
10642,21593,0
10642,8211,1
10642,6212,2
10642,1218218,3
10642,22125,4
10642,17141,5
10642,707,6
9285,33654,0
9285,57599,1
9285,20189,2
9285,57133,3
9285,132078,4
9285,52478,5
9285,6165,6
10569,30364,1
10569,4688,2
10569,11482,3
10569,16165,4
10569,3291,5
10569,58251,6
10569,67096,7
21879,4040,0
21879,18298,1
21879,53122,2
21879,1160,3
21879,91724,4
21879,78463,5
21879,52043,6
98502,5843481,0
98502,33432,1
98502,5843482,2
98502,4445,3
98502,5843483,4
98502,5843484,5
98502,10401,6
21484,6553,0
21484,4783,1
21484,20017,2
21484,10263,3
21484,94324,4
21484,2272,5
21484,987260,6
24918,41236,0
24918,8924,1
24918,6844,2
24918,2172,3
24918,94370,4
24918,14639,5
24918,1850815,6
955,500,0
955,15336,1
955,9030,2
955,10182,3
955,12206,4
955,15337,5
955,2039,6
8584,18897,0
8584,887,1
8584,140,2
8584,3982,3
8584,120725,5
8584,27740,6
8584,554278,7
47295,39121,0
47295,550261,1
47295,5586712,2
47295,1101343,6
47295,2153933,7
47295,130163,8
47295,4482323,9
11332,11282,0
11332,69032,1
11332,69033,2
11332,226557,3
11332,3051,4
11332,54275,5
11332,6416,6
16093,79298,0
16093,79300,2
16093,79299,3
16093,79301,4
16093,79302,5
16093,79303,6
16093,79304,7
29372,4165,0
29372,103671,1
29372,88460,2
29372,82348,3
29372,103672,4
29372,29814,5
29372,97007,6
962,13848,0
962,14435,1
962,14437,2
962,14438,3
962,14439,4
962,14434,5
962,2304591,6
5483,10169,0
5483,17844,1
5483,21606,2
5483,44972,3
5483,100409,4
5483,33827,5
5483,15385,6
21060,87045,0
21060,87046,1
21060,87047,2
21060,61565,3
21060,87048,4
21060,87049,5
21060,87050,6
30588,13848,0
30588,106569,1
30588,106570,2
30588,60063,3
30588,106571,4
30588,106572,5
30588,106573,6
668,10167,0
668,10168,1
668,10169,2
668,4961,3
668,10170,4
668,9874,5
668,9878,6
23518,13784,0
23518,2090,1
23518,13576,2
23518,25787,3
23518,8254,4
23518,1936,5
23518,86368,6
691,10222,0
691,10458,1
691,10459,2
691,10460,3
691,10461,4
691,6610,5
691,10462,6
31353,1352,0
31353,5077,1
31353,48576,2
31353,16923,3
31353,56285,4
31353,550415,5
31353,20239,6
44018,19161,0
44018,9766,1
44018,2415,2
44018,40305,3
44018,1330556,4
44018,1998404,5
44018,1843919,6
698,10222,0
698,10475,1
698,2369,2
698,10460,3
698,10476,4
698,9874,5
698,10462,6
682,10222,0
682,113,1
682,10341,2
682,10342,3
682,10343,4
682,10224,5
682,10344,6
28973,13848,0
28973,30141,1
28973,102514,2
28973,29308,3
28973,72717,4
28973,40952,5
28973,1010507,6
28974,21301,0
28974,132320,1
28974,63378,2
28974,132321,3
28974,132322,4
28974,14563,5
28974,132323,6
40685,4165,0
40685,80237,1
40685,2755,2
40685,146505,3
40685,12025,4
40685,30018,5
40685,13970,6
22994,4165,0
22994,30124,1
22994,88462,2
22994,34285,3
22994,4120,4
22994,2099,5
22994,30292,6
40639,14965,0
40639,4165,1
40639,12308,2
40639,83395,3
40639,88978,4
40639,14975,5
40639,13996,6
499,7565,0
499,7566,1
499,7568,2
499,1151713,3
499,1942,5
499,1423674,6
499,1990767,7
9600,78029,0
9600,9781,1
9600,13242,2
9600,58147,3
9600,18288,4
9600,18471,5
9600,1226697,6
120077,1186533,0
120077,1186532,1
120077,13514,2
120077,91612,3
120077,114457,4
120077,109653,5
120077,190626,6
38006,41214,0
38006,5,1
38006,101939,2
38006,119369,3
38006,85935,4
38006,10513,5
38006,1428673,6
2768,1205,0
2768,27964,1
2768,1210,2
2768,41732,3
2768,1103,4
2768,41734,5
2768,41729,6
42002,10091,0
42002,4250,1
42002,144267,2
42002,144268,3
42002,144269,4
42002,144270,5
42002,54522,6
40365,24496,0
40365,146796,1
40365,105159,2
40365,147081,3
40365,237354,4
40365,97668,5
40365,1982773,6
24920,29312,0
24920,101330,1
24920,101331,2
24920,27277,3
24920,55654,4
24920,38763,5
24920,101333,6
21,188,0
21,92,1
21,1487342,2
21,1487343,4
21,1487344,5
21,1487345,6
10911,8487,0
10911,14261,1
10911,5401,2
10911,67449,3
10911,14371,4
10911,100318,5
10911,18847,6
10102,5676,0
10102,32312,1
10102,3784,2
10102,24366,3
10102,10262,4
10102,1500819,5
10102,225235,6
30308,3361,0
30308,40174,1
30308,11169,2
30308,2922,3
30308,99461,4
30308,33747,5
30308,8240,6
38688,2091,0
38688,25787,1
38688,121003,2
38688,121004,3
38688,94782,4
38688,1052822,5
38688,38037,6
26912,53815,0
26912,12250,1
26912,101478,2
26912,740,3
26912,76184,4
26912,114533,5
26912,29659,6
26278,41755,0
26278,7383,1
26278,114552,2
26278,93172,4
26278,1065887,5
26278,106989,6
26278,40952,7
26956,44883,0
26956,97878,1
26956,11764,2
26956,98554,3
26956,74072,4
26956,6610,5
26956,31364,6
26957,51539,0
26957,54634,1
26957,224322,2
26957,43433,3
26957,44883,4
26957,44042,5
26957,106708,6
26958,51539,0
26958,54634,1
26958,51755,2
26958,43433,3
26958,44883,4
26958,36821,5
26958,13310,6
26959,1048436,0
26959,75311,1
26959,168020,2
26959,1014964,3
26959,181625,4
26959,100174,5
26959,1048437,6
26960,81918,0
26960,135407,1
26960,85096,2
26960,16052,3
26960,44883,4
26960,1048497,5
26960,1048498,6
80287,16475,0
80287,66776,1
80287,1736,2
80287,15416,3
80287,160573,4
80287,10939,5
80287,15048,6
6003,30426,0
6003,24695,1
6003,24498,2
6003,13919,3
6003,47137,4
6003,47138,5
6003,41957,6
23939,27772,0
23939,90654,1
23939,4004,2
23939,65059,3
23939,22248,4
23939,19889,5
23939,127037,6
46614,16523,0
46614,10158,1
46614,85898,2
46614,78794,3
46614,138388,4
46614,138389,5
46614,104628,6
11072,68091,0
11072,3460,1
11072,14253,2
11072,13640,3
11072,29803,4
11072,14639,5
11072,133952,6
23069,186336,0
23069,1152492,1
23069,1172555,2
23069,35189,3
23069,12283,4
23069,94128,5
23069,30512,6
21299,1726956,0
21299,240602,1
21299,240603,2
21299,240604,3
21299,2658100,4
38802,1726956,0
38802,186336,1
38802,1172555,2
38802,1152492,3
38802,89040,4
38802,1152490,5
38802,15202,6
13368,24937,0
13368,70668,1
13368,77674,2
13368,77675,3
13368,29313,4
13368,20624,5
13368,103035,6
985,6718,0
985,14794,1
985,14795,2
985,14796,3
985,14797,4
985,14798,5
985,14802,7
14002,3096470,0
541,4347,0
541,7331,1
541,5729,2
541,7332,3
541,7333,4
541,7347,5
541,104198,6
21137,3340294,0
21137,1515136,1
21137,1515139,2
21137,1515141,3
21137,939873,4
21137,1112129,5
21137,1112128,6
36724,69236,0
36724,12208,1
36724,1262417,2
36724,98316,3
36724,123255,4
36724,57756,5
36724,37935,6
938,190,0
938,4078,1
938,14276,2
938,5814,3
938,14277,4
938,14279,5
938,14280,6
10648,190,0
10648,11066,1
10648,14312,2
10648,15956,3
10648,44042,4
10648,64119,5
10648,151447,6
11368,20211,0
11368,3910,1
11368,6486,2
11368,3017,3
11368,588,4
11368,565188,5
11368,54764,6
10875,1160,0
10875,1229,1
10875,2222,2
10875,67377,3
10875,7906,4
10875,3982,5
10875,103582,6
2075,514,0
2075,3391,1
2075,1162,2
2075,18649,3
2075,21282,4
2075,21283,5
2075,13938,6
1551,2628,0
1551,1204,1
1551,4724,2
1551,13021,3
1551,17485,4
1551,1984,5
1551,56510,6
22500,53769,0
22500,32688,1
22500,24475,2
22500,1198129,3
22500,7277,4
22500,3595,5
22500,54281,6
10246,64221,0
10246,64222,1
10246,64223,2
10246,174653,3
10246,64224,4
10246,3010,5
10246,86994,6
19698,64221,0
19698,64223,1
19698,64222,2
19698,174653,3
19698,64224,4
19698,3010,5
19698,86994,6
23919,64221,0
23919,64223,1
23919,3010,2
23919,64222,3
23919,86994,4
23919,167367,5
23919,91842,6
18835,16171,0
18835,22434,1
18835,8654,2
18835,124133,3
18835,152670,4
18835,42335,5
18835,4093,6
26554,586460,0
26554,555068,2
26554,555069,3
26554,586461,4
26554,104593,6
26554,586464,7
26554,586465,8
15239,555065,0
15239,78020,1
15239,555066,2
15239,555067,3
15239,555068,4
15239,104593,5
15239,555069,6
28165,99039,0
28165,103861,1
28165,1073042,2
28165,98330,3
28165,136879,4
28165,1073196,5
28165,1387708,6
28169,99039,0
28169,103861,1
28169,1073042,2
28169,98330,3
28169,98317,4
28169,1073040,5
28169,1420383,6
15762,69345,0
15762,83095,1
15762,83096,2
15762,11784,3
15762,6771,4
15762,193860,5
15762,161310,6
169,2047,0
169,2048,1
169,2049,2
169,2051,3
169,2053,4
169,2055,5
169,2059,6
865,1100,0
865,96623,1
865,2051,2
865,5050,3
865,4774,4
865,1104,5
865,3013,6
9663,1229,0
9663,650,1
9663,1270,2
9663,58423,3
9663,15515,4
9663,170644,5
9663,1211987,6
26889,3977,0
26889,96536,1
26889,74839,2
26889,96537,3
26889,3233498,4
26889,96538,5
26889,96539,6
10128,3085,0
10128,25503,1
10128,28641,2
10128,8657,3
10128,63903,4
10128,6916,5
10128,61671,6
9659,2461,0
9659,58401,1
9659,26060,2
9659,45211,3
9659,1125220,4
9659,94809,5
9659,141381,6
8810,2461,0
8810,27752,1
8810,47461,2
8810,121417,3
8810,26491,4
8810,933020,5
8810,933021,6
9355,2461,0
9355,1459,1
9355,57424,2
9355,27752,3
9355,97985,4
9355,1001970,5
9355,10025,6
1727,2461,0
1727,18892,1
1727,141,2
1727,1103,3
1727,537,4
1727,18891,5
1727,18894,6
635,2295,0
635,380,1
635,3232,2
635,44079,3
635,9170,4
635,9171,5
635,2979,6
10068,2295,0
10068,326,1
10068,60700,2
10068,8875,3
10068,11870,4
10068,16215,5
10068,2374,6
11495,18181,0
11495,69597,1
11495,12517,2
11495,58691,3
11495,8349,4
11495,862,5
11495,40176,6
11428,69405,0
11428,6714,1
11428,2506,2
11428,10380,3
11428,74276,4
11428,2372,5
11428,90198,6
10117,1101,0
10117,8977,1
10117,45481,2
10117,4430,3
10117,1065,4
10117,2055,5
10117,1103,6
35936,2609,0
35936,2395,1
35936,51878,2
35936,89299,3
35936,587563,4
35936,4598723,5
35936,231657,7
25562,35,0
25562,8945,1
25562,3223,2
25562,14702,3
25562,10742,4
25562,73035,5
25562,1951,6
51763,5606,0
51763,2395,1
51763,28248,2
51763,10182,3
51763,19152,4
51763,33655,5
51763,78717,6
73079,2395,0
73079,6678,1
73079,8183,2
73079,41686,3
73079,8978,4
73079,86805,5
73079,1212688,6
38921,2395,0
38921,95024,1
38921,27237,2
38921,21818,3
38921,1230,4
38921,61216,5
38921,51551,6
35463,2395,0
35463,16431,1
35463,2049,2
35463,1166,3
35463,15213,4
35463,70241,5
35463,1370,6
9679,2963,0
9679,11701,1
9679,1771,2
9679,3087,3
9679,18792,4
9679,18082,5
9679,8687,6
24587,92031,0
24587,84878,1
24587,92032,2
24587,92033,3
24587,92034,4
24587,92035,5
24587,92036,6
51333,11181,0
51333,4941,1
51333,76215,2
51333,26457,3
51333,5588,4
51333,11317,5
51333,29859,6
17771,5469,0
17771,18998,1
17771,3293,2
17771,49971,3
17771,13549,4
17771,227,5
17771,27125,6
31610,1639,0
31610,20212,1
31610,1733,2
31610,78729,3
31610,328,4
31610,21818,5
31610,883,6
60005,382,0
60005,1162,1
60005,8211,2
60005,32458,3
60005,104998,4
60005,42657,5
60005,1276777,6
10264,2461,0
10264,515,1
10264,27554,2
10264,13324,3
10264,65,4
10264,1283,5
10264,8435,6
31657,6352,0
31657,10127,1
31657,6905,2
31657,27566,3
31657,62036,4
31657,27012,5
31657,69884,6
29204,161383,0
29204,9259,1
29204,583796,2
29204,50574,3
29204,165381,4
29204,133774,5
29204,172280,6
17814,103707,0
17814,105624,1
17814,109944,2
17814,109945,3
17814,16504,4
17814,11786,5
17814,11787,6
11879,17304,0
11879,64056,1
11879,2714,2
11879,2053,3
11879,3981,4
11879,29712,5
11879,93151,6
21128,2053,0
21128,87117,1
21128,879,2
21128,87118,3
21128,79740,4
21128,87119,5
21128,71886,6
482,6487,0
482,6561,1
482,6354,2
482,6562,3
482,6563,4
482,6564,5
482,6565,6
592,193,0
592,3096,1
592,922,2
592,8351,3
592,8434,4
592,2979,5
592,8438,6
31593,1229,0
31593,11512,1
31593,28950,2
31593,786,3
31593,129220,4
31593,41732,5
31593,16197,6
12611,2090,0
12611,27563,1
12611,44831,3
12611,1466,4
12611,26490,6
12611,1215918,7
12611,97561,8
14328,19207,0
14328,57905,1
14328,11783,2
14328,6110,3
14328,37421,4
14328,52995,5
14328,132371,6
32047,4515,0
32047,725,1
32047,47771,2
32047,124009,3
32047,1582480,4
32047,133853,5
32047,1095032,6
9040,1158,0
9040,18649,1
9040,1273,2
9040,13947,3
9040,56779,4
9040,56780,5
9040,10555,6
25364,2090,0
25364,20418,1
25364,78304,2
25364,14975,3
25364,93622,4
25364,93623,5
25364,93624,6
43002,2090,0
43002,4800,1
43002,6837,2
43002,72659,3
43002,26512,4
43002,15992,5
43002,12950,6
5121,18892,0
5121,7676,1
5121,8258,2
5121,41278,3
5121,41279,4
5121,41280,5
5121,6932,6
195,2435,0
195,2434,1
195,2433,2
195,2437,3
195,2436,4
195,2438,5
195,30262,6
6978,6856,0
6978,2109,1
6978,11392,2
6978,20904,3
6978,11395,4
6978,20879,5
6978,168246,6
3133,8349,0
3133,5606,1
3133,8255,2
3133,33060,3
3133,33059,4
3133,33058,5
3133,60196,6
643,9609,0
643,9611,3
643,1906799,6
643,1906801,7
643,1906804,8
643,1906805,9
643,9729,10
10571,33260,0
10571,4174,1
10571,21593,2
10571,19275,3
10571,21595,4
10571,45922,5
10571,171841,6
479,2231,0
479,27011,1
479,2954,2
479,3894,3
479,6485,4
479,6486,5
479,3051,6
7450,1892,0
7450,8984,1
7450,69597,2
7450,5723,3
7450,78729,4
7450,21197,5
7450,57690,6
31023,965,0
31023,115106,1
31023,116068,2
31023,116071,3
31023,116070,4
31023,116072,5
31023,27460,6
25636,8289,0
25636,2206,1
25636,70851,2
25636,5724,3
25636,2778,4
25636,18686,5
25636,335,6
41160,66587,0
41160,749,1
41160,2467,2
41160,20766,3
41160,42279,4
41160,65,5
41160,54014,6
47439,50,0
47439,4885,1
47439,20239,2
47439,6949,3
47439,16923,4
47439,107624,5
47439,3536,6
207731,2145730,0
207731,21355,1
207731,2926298,2
207731,1624950,3
207731,62817,5
207731,1506561,6
207731,2571844,7
7443,53328,0
7443,2461,1
7443,11356,2
7443,34902,3
7443,1074137,4
7443,8436,5
7443,20241,6
2123,206,0
2123,9137,1
2123,18471,2
2123,5694,3
2123,28633,4
2123,60672,5
2123,21802,6
2024,2461,0
2024,1810,1
2024,20810,2
2024,11355,3
2024,2955,4
2024,10698,5
2024,9807,6
17711,15098,0
17711,94979,1
17711,14343,2
17711,1206,3
17711,15555,4
17711,1811,5
17711,380,6
2133,1461,0
2133,13240,1
2133,2882,2
2133,4764,3
2133,886,4
2133,1161,5
2133,16861,6
29946,3967,0
29946,139,1
29946,18325,2
29946,1733,3
29946,5657,4
29946,1292,5
29946,83665,6
25993,5,0
25993,2264,1
25993,14503,2
25993,10341,3
25993,101851,4
25993,44079,5
25993,30121,6
28774,4690,0
28774,32225,1
28774,36926,2
28774,43773,3
28774,103874,4
28774,114630,5
28774,85869,6
46929,101879,0
46929,137829,1
46929,137831,2
46929,195030,4
46929,30236,5
46929,78077,6
46929,5462,7
11598,66225,0
11598,1271190,1
11598,106682,2
11598,52615,3
11598,55617,5
11598,19138,6
11598,1592804,8
9702,58646,0
9702,58647,1
9702,4589,2
9702,16427,3
9702,58648,4
9702,18792,5
9702,27736,6
117026,103071,0
117026,47080,1
117026,22603,2
117026,29645,3
117026,2293147,4
117026,71780,5
117026,108298,6
9873,29092,0
9873,6197,1
9873,6200,2
9873,44301,3
9873,59945,4
9873,725,5
9873,4887,6
16820,29092,0
16820,6197,1
16820,10768,2
16820,20747,3
16820,6541,4
16820,18916,5
16820,80874,6
14864,25129,0
14864,12519,1
14864,6161,2
14864,1270,3
14864,6573,4
14864,89141,5
14864,12852,6
15379,51576,0
15379,588,1
15379,78183,2
15379,78184,3
15379,20904,4
15379,33153,5
15379,58813,6
12764,51576,0
12764,10345,1
12764,51579,2
12764,73586,3
12764,13006,4
12764,102576,5
12764,19427,6
27352,51576,0
27352,41757,1
27352,39784,2
27352,58927,3
27352,79477,4
27352,65827,5
27352,129610,8
8348,190,0
8348,1229,1
8348,12950,2
8348,18071,3
8348,40431,4
8348,2048,5
8348,12298,6
24099,6065,0
24099,2201,1
24099,290,2
24099,11998,3
24099,689,4
24099,1737,5
24099,66606,6
17897,29426,0
17897,10461,1
17897,44865,2
17897,89065,3
17897,68985,4
17897,53819,5
17897,114644,6
28050,99475,0
28050,46636,1
28050,7710,2
28050,31694,3
28050,24493,4
28050,99476,5
28050,30900,6
16094,79320,0
16094,79321,1
16094,10863,2
16094,2348346,3
16094,2348347,4
16094,141823,5
16094,88186,6
16096,79320,0
16096,79321,1
16096,2348346,2
16096,10863,3
16096,2348347,4
16096,141823,5
16096,2124,6
20343,78847,0
20343,137829,1
20343,82408,2
20343,142527,3
20343,137908,4
20343,34759,5
20343,142528,6
13757,83395,0
13757,170508,1
13757,1224639,2
13757,30275,3
13757,990584,4
13757,1620343,5
13757,50997,6
11822,2316,0
11822,70600,1
11822,70601,2
11822,1281512,3
11822,2390079,4
11822,5082473,10
11822,2183309,11
90980,14027,0
90980,16523,1
90980,854,2
90980,4958,3
90980,1227384,4
90980,83400,5
90980,125364,6
26270,94991,0
26270,40623,1
26270,34475,2
26270,94992,3
26270,94993,4
26270,94994,5
26270,94995,6
37744,2177,0
37744,89684,1
37744,35194,2
37744,30297,3
37744,39753,4
37744,81182,5
37744,118452,6
494,6487,0
494,6637,1
494,6780,2
494,6781,3
494,6782,4
494,67882,5
494,6783,6
493,6487,0
493,6561,1
493,6768,2
493,6769,3
493,6770,4
493,6771,5
493,6772,6
12706,2296,0
12706,20771,1
12706,83701,2
12706,18022,3
12706,26707,4
12706,32808,5
12706,83553,6
4244,62,0
4244,35654,1
4244,1246,2
4244,10437,3
4244,5376,4
4244,8687,5
4244,1473,6
4247,1772,0
4247,17866,1
4247,9562,2
4247,35690,3
4247,35705,4
4247,21596,5
4247,60252,6
20770,10871,0
20770,20387,1
20770,14702,2
20770,78589,3
20770,15091,4
20770,15012,5
20770,1882320,6
1050,15168,0
1050,575446,1
1050,15170,2
1050,2300650,3
1050,2679279,4
1050,586335,5
1050,2198998,6
1052,15196,0
1052,13333,1
1052,15197,2
1052,15198,3
1052,15199,4
1052,15200,5
1052,15201,6
20540,522,0
20540,30226,1
20540,2112,2
20540,8257,3
20540,1019115,4
20540,1019116,5
20540,82613,6
23655,184581,0
23655,1224812,1
23655,63155,2
23655,34845,3
23655,108438,4
23655,19222,5
23655,1438692,6
1788,4724,0
1788,26456,1
1788,12074,2
1788,1902,3
1788,2969,4
1788,520,5
1788,104342,6
32275,39554,0
32275,7664,1
32275,8487,2
32275,17753,3
32275,2435,4
32275,8828,5
32275,19020,6
36657,6968,0
36657,2387,1
36657,1327,2
36657,10696,3
36657,11006,4
36657,4587,5
36657,10690,6
44490,28779,2
44490,52792,5
44490,78416,7
44490,3731789,8
44490,1044100,9
44490,1616853,10
44490,3223084,12
47585,18248,0
47585,54818,1
47585,201074,2
47585,32205,3
47585,27643,4
47585,560316,5
47585,76627,6
1448,9642,0
1448,17257,1
1448,9191,2
1448,1709,3
1448,4408641,4
1448,17258,5
1448,17259,6
36047,15010,0
36047,65239,1
36047,33286,2
36047,19223,3
36047,41249,4
36047,166930,5
36047,42059,6
2655,1160,0
2655,3,1
2655,2958,2
2655,1736,3
2655,502,4
2655,12889,5
2655,19957,6
12599,65424,0
12599,73044,1
12599,65426,2
12599,217924,3
12599,90567,4
12599,40325,5
12599,62318,6
33828,59826,0
33828,51325,1
33828,48791,2
33828,38865,3
33828,19935,4
33828,231424,5
33828,231425,6
93,854,0
93,855,1
93,856,2
93,857,3
93,860,4
93,861,5
93,862,6
9278,2880,0
9278,1428,1
9278,14343,2
9278,4173,3
9278,783,4
9278,57116,5
9278,99,6
90715,153619,0
90715,156411,1
90715,77485,2
90715,10343,3
90715,8964,4
90715,41262,5
90715,1054821,6
59181,200298,0
59181,60152,1
59181,228958,2
59181,228959,3
59181,228960,4
59181,45463,5
59181,228962,6
22167,228,0
22167,152998,1
22167,552623,3
22167,11768,4
22167,100507,5
22167,190119,6
22167,552624,7
18118,8487,0
18118,5004,1
18118,70424,2
18118,15973,3
18118,10169,4
18118,4966,5
18118,9600,6
11940,30560,0
11940,37916,1
11940,10223,2
11940,11840,3
11940,114644,4
11940,2980,5
11940,26679,6
24167,16757,0
24167,3829,1
24167,3268,2
24167,99531,3
24167,225484,4
24167,45036,5
24167,25780,6
10276,1532,0
10276,3037,1
10276,14415,2
10276,13389,3
10276,49824,4
10276,49835,5
10276,97267,6
19380,5293,0
19380,1161,1
19380,2295,2
19380,2231,3
19380,588,4
19380,8986,5
19380,16307,6
13783,39188,0
13783,12536,1
13783,1068123,2
13783,29092,3
13783,11132,4
13783,75394,5
13783,75395,6
11624,8516,1
11624,23708,2
11624,9565,3
11624,14371,4
11624,40206,5
11624,29791,6
11624,16475,7
15867,41283,0
15867,164343,1
15867,54782,2
15867,12518,3
15867,3092,4
15867,5249,5
15867,21151,6
11686,3092,1
11686,14833,2
11686,39491,3
11686,974329,4
11686,932751,5
11686,1178327,6
11686,69055,7
29263,46853,0
29263,59136,1
29263,228441,2
29263,1119355,3
29263,1531887,4
29263,71408,5
29263,1531888,6
46754,589174,0
46754,589175,1
46754,71186,2
46754,589176,3
46754,1879521,4
46754,1098510,5
46754,1879522,6
18702,854,0
18702,14027,1
18702,83473,2
18702,83474,3
18702,2934,4
18702,1046806,5
18702,117783,6
11830,70626,0
11830,70627,1
11830,3899,2
11830,18056,3
11830,136879,4
11830,552542,5
11830,229407,6
16110,7447,0
16110,8949,1
16110,11717,2
16110,1997067,3
16110,5941,4
16110,154903,5
16110,1997073,7
12107,776,0
12107,54421,1
12107,1211,2
12107,64343,3
12107,16662,4
12107,54800,5
12107,58692,6
10401,65007,0
10401,6012,1
10401,65008,2
10401,65009,3
10401,271955,4
10401,91272,5
10401,4394,6
32640,1834,0
32640,18022,1
32640,27125,2
32640,10985,3
32640,42604,4
32640,56778,5
32640,42567,6
10641,1205,0
10641,1920,1
10641,57829,2
10641,36802,3
10641,21657,4
10641,33653,5
10641,50877,6
6282,15555,0
6282,49,1
6282,18354,2
6282,77897,3
6282,59592,4
6282,1230,5
6282,87765,6
9383,4724,0
9383,1951,1
9383,16851,2
9383,21165,3
9383,17305,4
9383,9998,5
9383,1218108,6
5551,190,0
5551,2176,1
5551,55636,2
5551,16896,3
5551,2505,4
5551,4726,5
5551,21416,6
277726,6355,0
277726,3019,1
277726,52995,2
277726,83721,3
277726,28040,4
277726,170986,5
277726,4890,6
43079,86044,0
43079,41292,1
43079,1248,2
43079,2263875,3
43079,943211,4
43079,75977,5
43079,1446188,6
27723,54470,0
27723,13638,1
27723,71675,2
27723,35598,3
27723,103374,4
27723,9273,5
27723,33676,6
2360,4154,0
2360,24264,1
2360,22159,2
2360,10698,3
2360,3543,4
2360,24265,5
2360,24266,6
28043,2922,0
28043,19270,2
28043,99455,3
28043,9240,4
28043,24787,5
28043,72660,6
28043,98494,7
33468,16089,0
33468,110727,1
33468,27842,2
33468,110729,3
33468,110730,4
33468,110736,5
33468,110731,6
21866,190,0
21866,66223,1
21866,18071,2
21866,7077,3
21866,16555,4
21866,8350,5
21866,37723,6
33408,2130,0
33408,5588,1
33408,56978,2
33408,2115,3
33408,35468,4
33408,44296,5
33408,1477651,6
11589,190,0
11589,10169,1
11589,7167,2
11589,26512,3
11589,55636,4
11589,54450,5
11589,78083,6
15158,6474,0
15158,97939,1
15158,79584,2
15158,87127,3
15158,41978,4
15158,87128,5
15158,1687700,6
16139,58240,0
16139,97939,1
16139,58241,2
16139,79581,3
16139,79582,4
16139,79583,5
16139,32786,6
16146,79584,0
16146,58240,1
16146,58241,2
16146,97939,3
16146,58682,4
16146,79593,7
16146,79594,8
26515,2714,0
26515,53088,1
26515,158094,2
26515,122467,3
26515,101301,4
26515,1020221,5
26515,147957,6
11856,2461,0
11856,3223,1
11856,18331,2
11856,38570,3
11856,24535,4
11856,65019,5
11856,44792,6
13567,50762,0
13567,1178530,1
13567,931643,2
13567,74674,3
13567,74673,4
13567,1270519,5
13567,114058,6
10860,35,0
10860,67274,1
10860,4090,2
10860,589,3
10860,3019,4
10860,1204,5
10860,4139,6
8420,3783,0
8420,1352,1
8420,10459,2
8420,25160,3
8420,39180,4
8420,55778,5
8420,55777,6
18391,3198,0
18391,4517,1
18391,30226,2
18391,9283,3
18391,3014,4
18391,119232,5
18391,37043,6
20850,52611,0
20850,86642,1
20850,86643,2
20850,86644,3
20850,86645,4
20850,54564,6
20850,86648,7
39473,3037,0
39473,2713,1
39473,12074,2
39473,22131,3
39473,1037237,4
39473,882,5
39473,42376,6
27452,24815,0
27452,20364,1
27452,97777,2
27452,51764,3
27452,10160,4
27452,34180,5
27452,2926,6
77571,41283,0
77571,4970,1
77571,49958,2
77571,38129,3
77571,68642,4
77571,151443,5
77571,161448,6
38548,11152,0
20438,10825,0
20438,1514686,1
20438,33659,2
20438,1215378,3
20438,1514694,4
20438,1514695,5
20438,1514697,6
274868,59238,0
274868,114470,1
274868,66804,2
274868,10556,3
274868,1329538,4
274868,5502,5
274868,4252,6
2211,22686,0
2211,8797,1
2211,22687,2
2211,7059,3
2211,22688,4
2211,5844,5
2211,22689,6
46991,136761,0
46991,16972,1
46991,1527640,2
46991,3517,3
46991,223259,4
46991,1072373,5
46991,587137,6
201581,66221,0
201581,21129,1
201581,54124,2
201581,12851,3
201581,146056,5
201581,1183660,6
201581,163671,7
10391,326,0
10391,33181,1
10391,17328,2
10391,65,3
10391,32799,4
10391,65362,5
10391,6886,6
14195,29369,0
14195,10822,1
14195,3128,2
14195,5090,3
14195,1579,4
14195,37947,5
14195,22133,6
15665,78589,0
15665,141291,1
15665,1244152,2
15665,1530362,3
15665,3294480,4
15665,1105193,5
45905,4690,0
45905,73283,1
45905,38691,2
45905,20879,3
45905,21657,5
45905,10825,6
45905,87255,7
10393,6384,0
10393,193,1
10393,35980,2
10393,18270,3
10393,62066,4
10393,15277,5
10393,7026,6
18168,11661,0
18168,17778,1
18168,1518,2
18168,56778,3
18168,107682,5
18168,147054,6
18168,585008,7
8843,16866,0
8843,4937,1
8843,7132,2
8843,56513,3
8843,16433,4
8843,94509,5
8843,19152,6
10643,66152,0
10643,66153,1
10643,66154,2
10643,66155,3
10643,73139,4
10643,82972,5
10643,80131,6
23618,82587,0
23618,85931,1
23618,5726,2
23618,1897,3
117262,58016,0
117262,6408,1
117262,51792,2
117262,6163,3
117262,2478,4
117262,18649,5
117262,159485,6
30946,11148,0
30946,8447,1
30946,5694,2
30946,6861,3
30946,71913,4
30946,10690,5
30946,139929,6
37136,7633,0
37136,12949,1
37136,1793,2
37136,12950,3
37136,12951,4
37136,162869,5
37136,12957,6
37137,7633,0
37137,12949,1
37137,12950,2
37137,12951,3
37137,128621,4
37137,10983,5
37137,119113,6
23283,8252,0
23283,10022,1
23283,20366,2
23283,17755,3
23283,3383,4
23283,30002,5
23283,107684,6
3110,30510,0
3110,30210,1
3110,18803,2
3110,30511,3
3110,3785,4
3110,8258,5
3110,30512,6
14698,3635,0
14698,6598,1
14698,12151,2
14698,2755,3
14698,18737,4
14698,24819,5
14698,97250,6
11694,6352,0
11694,18391,1
11694,30928,2
11694,70260,3
11694,70261,4
11694,12827,5
11694,160727,6
47434,1137,0
47434,227,1
47434,925,2
47434,28633,3
47434,151138,4
47434,12932,5
47434,20914,6
39891,113,0
39891,113700,1
39891,95092,2
39891,18768,3
39891,10074,4
39891,184946,5
39891,1198078,6
76891,3266,0
76891,6807,1
76891,7868,2
76891,12836,3
76891,1466,4
76891,3905,5
76891,20899,6
9651,33488,0
9651,6450,1
9651,11390,2
9651,7678,3
9651,12021,4
9651,29540,5
9651,18266,6
26865,29313,0
26865,7192,1
26865,101720,2
26865,33267,3
26865,1700482,4
26865,24340,5
26865,81409,6
11398,10814,0
11398,55636,1
11398,10427,2
11398,7868,3
11398,25689,4
11398,11398,5
11398,2712,6
161687,186018,0
161687,44547,1
161687,10823,2
161687,44549,3
161687,1179594,4
161687,1179595,6
26244,94932,0
26244,94933,1
26244,94935,2
26244,195818,3
1588,205,0
1588,13446,1
1588,17772,2
1588,17773,3
1588,1225571,4
1588,1578,5
1588,17774,6
287821,1818,0
287821,9572,1
287821,5411,2
287821,554095,3
287821,15100,4
287821,143432,5
287821,154575,6
19150,3037,0
19150,16475,1
19150,6486,2
19150,5950,3
19150,530,4
19150,7906,5
19150,53647,6
25128,10696,0
25128,15277,1
25128,11315,2
25128,37042,3
25128,60252,4
25128,31532,5
25128,17343,6
18153,7132,0
18153,21197,1
18153,10478,2
18153,7166,3
18153,10825,4
18153,18472,5
18153,99183,6
30910,69718,0
30910,106517,1
30910,96322,2
30910,3126,3
30910,11805,4
30910,1986,5
30910,1969944,6
41282,69395,0
41282,10431,1
41282,11617,2
41282,152759,3
41282,15276,4
41282,8655,5
41282,154647,6
12211,38559,0
12211,71900,1
12211,27422,2
12211,9146,3
12211,1341,4
12211,52288,5
12211,60462,6
137236,84932,0
137236,21355,1
137236,5384,2
137236,54799,3
137236,92940,4
137236,61658,5
137236,92941,6
9995,61649,0
9995,61658,1
9995,976,2
9995,6198,3
9995,59154,4
9995,33343,5
9995,61659,6
1698,679,0
1698,11953,1
1698,28361,2
1698,6268,3
1698,36864,4
1698,26602,5
1698,36863,6
10480,192,0
10480,9137,1
10480,2632,2
10480,17141,3
10480,6383,4
10480,68430,5
10480,1064,6
80713,132441,0
80713,3625,1
80713,590262,2
80713,1284938,3
80713,6535,4
80713,1042749,5
80713,4372,6
10685,13548,0
10685,6384,1
10685,3141,2
10685,8874,3
10685,8191,4
10685,156431,5
10685,554629,6
1619,11864,0
1619,1121,1
1619,3196,2
1619,17637,3
1619,18070,4
1619,18071,5
1619,6914,6
786,8289,0
786,3910,1
786,11661,2
786,11662,3
786,11663,4
786,11664,5
786,11665,6
14805,134,0
14805,52,1
14805,7866,2
14805,6806,3
14805,55314,4
14805,19839,5
14805,51944,6
51179,10727,0
51179,10696,1
51179,53,2
51179,1926,3
51179,10430,4
51179,213904,5
51179,18191,6
46119,18315,0
46119,6913,1
46119,11086,2
46119,52646,3
46119,35768,4
46119,2954,5
46119,1909,6
18074,12052,0
18074,100,1
18074,49,2
18074,13242,3
18074,6861,4
18074,168702,5
18074,4301,6
170767,9768,0
170767,110129,1
170767,110116,2
170767,16971,3
170767,102550,4
170767,272018,5
170767,19909,6
77332,5346,0
77332,21532,1
77332,10697,2
77332,38524,3
77332,52419,4
77332,35598,5
77332,1573675,6
27665,327,0
27665,42743,1
27665,74612,2
27665,98622,3
27665,98624,4
27665,98626,5
27665,98628,6
29015,2879,0
29015,6213,1
29015,19159,2
29015,20492,3
29015,15423,5
29015,944116,6
29015,51663,7
10562,193,0
10562,192,1
10562,11155,2
10562,28782,3
10562,555134,4
10562,87743,5
10562,130743,6
201724,3391,0
201724,1004,1
201724,14702,2
201724,1037,4
201724,141610,5
201724,725,6
201724,1183822,7
12212,41421,0
12212,56045,1
12212,7678,2
12212,18284,3
12212,51750,4
12212,56675,5
12212,22126,6
14629,955,0
14629,55824,1
14629,11365,2
14629,11077,3
14629,25023,4
14629,86267,5
14629,6195,6
16,47,0
16,50,1
16,52,2
16,53,3
16,6748,4
16,2617,5
16,6749,6
13785,12438,0
13785,38334,1
13785,13524,2
13785,8265,3
13785,75463,4
13785,26510,5
13785,43775,6
34299,6613,0
34299,16484,1
34299,15674,2
34299,3391,3
34299,21474,4
34299,20751,5
34299,33676,6
15752,1177696,0
15752,1177701,1
15752,1177707,2
15752,1177708,3
15752,1177709,4
15752,230342,5
22597,18082,0
22597,5367,1
22597,88961,2
22597,21721,3
22597,88966,4
22597,2844,5
22597,15009,6
19348,17647,0
19348,59743,1
19348,3137,2
19348,84519,3
19348,52957,4
19348,84520,5
19348,84521,6
10637,5292,0
10637,883,1
10637,65829,2
10637,43858,3
10637,49002,4
10637,1227734,5
10637,824,6
9003,14782,0
9003,45588,1
9003,56552,2
9003,56553,3
9003,56551,4
9003,24737,5
9003,56554,6
9064,56551,0
9064,45588,1
9064,26258,2
9064,56918,3
9064,10207,4
9064,56552,5
9064,73040,6
11569,68759,0
11569,73040,1
11569,70783,3
11569,59449,4
11569,1188578,5
11569,56551,6
11569,41706,7
10434,2311,0
10434,2310,1
10434,2630,2
10434,2314,3
10434,2312,4
10434,12745,5
10434,5266,6
26484,7125,0
26484,10487,1
26484,22092,2
26484,82777,3
26484,105637,4
26484,9109,5
26484,1118131,6
39113,22092,0
39113,82777,1
39113,16759,2
39113,7167,3
39113,9109,4
39113,1243732,5
39113,8331,6
38126,1905,0
38126,31896,1
38126,100589,2
38126,16063,3
38126,85943,4
38126,119734,5
38126,119735,6
53617,83130,0
53617,82777,1
53617,2926,2
53617,9109,3
53617,93664,4
53617,148602,5
53617,167926,6
469,6394,0
469,6395,1
469,6396,2
469,6397,3
469,6398,4
469,6399,5
469,4811,7
2160,12308,0
2160,22091,1
2160,22090,2
2160,2094,3
2160,3360,4
2160,16074,5
2160,22092,6
2161,10020,0
2161,21462,1
2161,8254,2
2161,9221,3
2161,857,4
2161,7072,5
2161,11128,6
3073,30111,0
3073,29642,1
3073,4072,2
3073,1547,3
3073,30112,4
3073,96065,5
3073,30114,6
911,13954,0
911,13962,1
911,13963,2
911,13964,3
911,13965,4
911,13966,5
911,13967,6
10973,67685,0
10973,31169,1
10973,54681,2
10973,30555,3
10973,56924,4
10973,13786,5
10973,131057,6
34077,111826,0
34077,111827,1
34077,111828,2
34077,114564,3
34077,114565,4
34077,114566,5
34077,114567,6
10787,4113,0
10787,8535,1
10787,66789,2
10787,7666,3
10787,2929,4
10787,3371,5
10787,29600,6
43109,40185,0
43109,248787,1
43109,30554,2
43109,248789,4
43109,1697687,5
43230,12351,0
43230,85485,1
43230,16531,2
43230,35194,3
43230,81182,4
43230,130939,5
43230,190781,6
15855,78847,0
15855,78848,1
15855,4113,2
15855,78849,3
15855,78850,4
15855,940327,5
15855,89999,6
9507,15112,0
9507,724,1
9507,57756,2
9507,1796,3
9507,16936,4
9507,27237,5
9507,63871,6
27475,1891382,0
27475,97620,1
27475,97849,2
27475,97850,3
27475,97851,4
27475,97855,5
27475,97852,6
27764,1226789,0
27764,27568,1
27764,939789,2
27764,170193,3
27764,98583,4
27764,88523,5
27764,101902,6
27767,98942,0
27767,98943,1
27767,98950,2
27767,98947,3
27767,98945,4
27767,98944,5
27767,88527,6
40760,1062087,1
40760,1144717,2
40760,1144718,3
40760,1381083,4
40760,99681,5
40760,97865,6
40760,98670,7
40446,99237,0
40446,99067,1
40446,9659,2
40446,593372,3
40446,1179245,4
40446,99088,5
40446,98149,7
24664,22675,0
24664,80623,1
24664,9575,2
24664,88059,3
24664,4688,4
24664,98889,5
24664,81149,6
21370,65731,0
21370,3053,1
21370,28472,2
21370,51671,3
21370,44838,4
21370,79692,5
21370,83771,6
20455,174462,0
20455,1242011,1
20455,168992,2
20455,571220,3
20455,116756,4
20455,61308,5
20455,93701,6
10461,16483,0
10461,8436,1
10461,38581,2
10461,10697,3
10461,2295,4
10461,11885,5
10461,3895,6
1485,3895,0
1485,58339,1
1485,10341,2
1485,14816,4
1485,109200,5
1485,1156430,6
1485,1425106,7
1597,7399,0
1597,380,1
1597,10399,2
1597,10401,3
1597,17865,4
1597,17866,5
1597,887,6
641,9560,0
641,7499,1
641,6161,2
641,9562,3
641,4443,4
641,9565,5
641,14548,6
10687,72466,0
10687,56045,1
10687,5365,2
10687,4729,3
10687,74242,4
10687,1188456,5
10687,335,6
63956,18313,0
63956,9015,1
63956,17920,2
63956,27116,3
63956,46397,4
63956,58541,5
63956,110243,6
6521,11148,0
6521,64,1
6521,1229,2
6521,2224,3
6521,16431,4
6521,52267,5
6521,3712,6
10763,1205,0
10763,9994,1
10763,28768,2
10763,4784,3
10763,56881,4
10763,1234,5
10763,11661,6
100975,57136,0
100975,15370,1
100975,5699,2
100975,21490,3
100975,1388505,4
100975,143150,5
100975,1212620,6
16888,51857,0
16888,80987,1
16888,3799,2
16888,56902,3
16888,17414,4
16888,7400,5
16888,23659,6
10383,1920,0
10383,21343,1
10383,41819,2
10383,134531,3
10383,4492,4
10383,5049,5
10383,6945,6
21142,129482,0
21142,129485,1
21142,117027,2
21142,59302,3
21142,129486,4
21142,1507114,5
21142,1507121,6
78140,129482,0
78140,129485,1
78140,5249,2
78140,1507121,3
78140,21520,4
78140,81846,5
78140,949374,6
2134,8229,0
2134,21874,1
2134,21876,2
2134,21877,3
2134,5731,4
2134,13786,5
2134,21878,6
18801,3967,0
18801,18992,1
18801,26659,2
18801,11857,3
18801,8227,4
18801,1231909,5
18801,10988,6
18498,104926,0
18498,115888,1
18498,65334,2
18498,6718,3
18498,1710769,4
18498,1500588,5
18498,9997,6
28605,101298,0
28605,19968,1
28605,12662,2
28605,101300,3
28605,101301,4
28605,100656,5
28605,82719,6
42797,8857,0
42797,3907,1
42797,39816,2
42797,4094,3
42797,5827,4
42797,1004549,5
42797,118310,6
13465,24937,0
13465,8727,1
13465,30184,2
13465,22602,3
13465,69136,4
13465,207983,5
13465,117697,7
27033,14974,0
27033,18803,1
27033,83796,2
27033,2090,3
27033,3362,4
27033,95315,5
27033,81481,6
20367,85993,0
20367,34330,1
20367,85994,2
20367,85995,3
20367,85996,4
20367,85997,5
20367,85998,6
71,478,0
71,480,1
71,477,2
71,481,3
71,479,4
71,482,5
71,1241113,6
1636,18269,0
1636,13918,1
1636,1518,2
1636,18273,3
1636,18270,4
1636,17342,5
1636,18271,6
10647,1979,0
10647,9994,1
10647,4301,2
10647,9640,3
10647,12217,4
10647,8767,5
10647,32362,6
19204,101330,0
19204,5570,1
19204,31780,2
19204,5568,3
19204,18339,4
19204,2705090,5
19204,52063,6
13762,27726,0
13762,83414,1
13762,117451,2
13762,8545,3
13762,6465,4
13762,10133,5
13762,13592,6
12207,18897,0
12207,69636,1
12207,44917,2
12207,1083956,3
12207,26775,4
12207,70690,5
12207,84876,6
11531,4889,0
11531,52886,1
11531,57514,2
11531,69748,3
11531,69750,4
11531,3204,5
11531,1236843,6
24100,67778,0
24100,20766,1
24100,20070,2
24100,2506,3
24100,33453,4
24100,5529,5
24100,59789,6
10783,8891,0
10783,14406,1
10783,3129,2
10783,18977,3
10783,4688,4
10783,15028,5
10783,8984,6
47302,82096,0
47302,707,1
47302,48576,2
47302,38809,4
47302,13638,5
47302,8924,6
47302,83553,7
4327,6941,0
4327,69597,1
4327,140,2
4327,1532,3
4327,6807,4
4327,13472,5
4327,6473,6
4958,1892,0
4958,2888,1
4958,6885,2
4958,14888,3
4958,25376,4
4958,40253,5
4958,1986,6
9678,19292,0
9678,4687,1
9678,1037,2
9678,7026,3
9678,8396,4
9678,3198,5
9678,20818,6
11978,380,0
11978,9777,1
11978,6885,2
11978,53923,3
11978,11066,4
11978,4688,5
11978,6280,6
8870,5576,0
8870,530,1
8870,4589,2
8870,3197,3
8870,1284159,4
8870,28641,5
8870,1281449,6
77434,25654,0
77434,2167,1
77434,26467,2
77434,1981,3
77434,7868,4
77434,61964,5
77434,352,6
14295,350,0
14295,103,1
14295,4756,2
14295,4602,3
14295,28042,4
14295,52475,5
14295,6164,6
681,738,0
681,10190,1
681,10074,2
681,10191,3
681,10192,4
681,3244,5
681,10193,6
11372,3895,0
11372,55636,1
11372,3087,2
11372,14464,3
11372,9221,4
11372,14371,5
11372,12657,6
8452,1100,0
8452,4688,1
8452,3417,2
8452,12132,3
8452,3087,4
8452,41819,5
8452,19957,6
10862,880,0
10862,12052,1
10862,57395,2
10862,3417,3
10862,16478,4
10862,3977,5
10862,15789,6
8871,206,0
8871,20480,1
8871,4175,2
8871,11870,3
8871,58549,4
8871,28640,5
8871,15661,6
34045,3392,0
34045,111722,1
34045,111723,2
34045,111725,4
34045,111726,5
34045,111727,6
34045,111728,7
16340,15274,0
16340,58136,1
16340,80719,2
16340,4038,3
16340,12074,4
16340,15762,5
16340,60739,6
10481,515,0
10481,16927,1
10481,65524,2
10481,65535,3
10481,41043,4
10481,10713,5
10481,72315,6
10867,28782,0
10867,67612,1
10867,67613,2
10867,67614,3
10867,147156,5
10867,120657,6
10867,232886,7
10876,118,0
10876,204,1
10876,73421,2
10876,3895,3
10876,8226,4
10876,8979,5
10876,1230265,7
9741,62,0
9741,2231,1
9741,32,2
9741,4012,3
9741,33689,4
9741,19299,5
9741,21474,6
79920,18285,0
79920,8695,1
79920,3237,2
79920,19578,3
79920,170189,4
79920,49422,5
79920,20492,6
146,1619,0
146,1620,1
146,1339,2
146,1622,3
146,1623,4
146,1624,5
146,1625,6
11849,68494,0
11849,16940,1
11849,2155,2
11849,27422,3
11849,175660,4
11849,9562,5
11849,62715,6
11983,5344,0
11983,934,1
11983,52,2
11983,14699,3
11983,16560,4
11983,16293,5
11983,15253,6
11678,5577,0
11678,17346,1
11678,2053,2
11678,349,3
11678,10695,4
11678,42706,5
11678,7242,6
2669,2461,0
2669,4173,1
2669,11856,2
2669,1369,3
2669,26854,4
2669,3896,5
2669,26855,6
20721,51576,0
20721,86499,1
20721,14731,2
20721,30621,3
20721,1244120,4
20721,156592,5
20721,554391,6
2609,67773,0
2609,7180,1
2609,27260,2
2609,21731,3
2609,19152,4
2609,4724,5
2609,27261,6
12714,4724,0
12714,4513,1
12714,7447,2
12714,8499,3
12714,11318,4
12714,73773,5
12714,778,6
92603,24975,0
92603,258049,1
92603,935765,2
92603,980594,3
92603,1200258,4
92603,2646172,5
92603,17096,6
708,10669,0
708,10670,1
708,10671,2
708,10672,3
708,655,4
708,1924,5
708,10673,6
1857,21624,0
1857,19540,1
1857,15831,2
1857,1749,3
1857,16418,5
1857,81847,6
1857,7077,7
10673,3392,0
10673,6952,1
10673,8349,2
10673,589,3
10673,11885,4
10673,11066,5
10673,586,6
2604,500,0
2604,10361,1
2604,26466,2
2604,26467,3
2604,5293,4
2604,9045,6
2604,26468,8
10132,10866,0
10132,13420,1
10132,25834,2
10132,11885,3
10132,7447,4
10132,59872,5
10132,7486,6
11064,9309,0
11064,7180,1
11064,62127,2
11064,1756,3
11064,725,4
11064,3798,5
11064,41640,6
107,976,0
107,1116,1
107,1115,2
107,287,3
107,1117,4
107,1119,5
107,1120,6
40820,35,0
40820,31,1
40820,1230,2
40820,387,4
40820,22675,6
40820,37043,7
40820,1184136,8
37716,66746,1
37716,75740,2
37716,75712,3
37716,12211,4
37716,57795,5
37716,92716,6
37716,2015677,7
392,1137,0
392,5309,1
392,658,2
392,5313,3
392,85,4
392,5312,5
392,530,6
8859,18976,0
8859,57599,1
8859,9278,2
8859,80109,3
8859,56128,4
8859,52794,5
8859,75316,6
11688,60950,0
11688,1230,1
11688,70243,2
11688,9657,3
11688,61980,4
11688,1381716,5
11688,102320,6
12509,228,0
12509,4726,1
12509,19453,2
12509,6161,3
12509,4971,4
12509,11512,5
12509,5576,6
3981,2461,0
3981,9994,1
3981,3141,2
3981,21278,3
3981,34486,4
3981,11365,5
3981,34485,6
711,738,0
711,10689,1
711,1164,2
711,10690,3
711,3586024,4
711,6485,5
711,10691,6
2046,112,0
2046,1771,1
2046,6384,2
2046,3897,3
2046,17141,4
2046,448,5
2046,2169,6
5001,3810,0
5001,15533,1
5001,85,2
5001,40541,3
5001,144474,4
5001,40543,5
5001,72645,7
8358,31,0
8358,9994,1
8358,38026,2
8358,11892,3
8358,55433,4
8358,55434,5
8358,55435,6
5994,2963,0
5994,4939,1
5994,1896,2
5994,12799,3
5994,3712,4
5994,14792,5
5994,2139,6
25520,12214,0
25520,707,1
25520,45453,2
25520,11067,3
25520,57829,4
25520,350,5
25520,57449,6
1493,18277,0
1493,4589,1
1493,26716,2
1493,3895,3
1493,8874,4
1493,11850,5
1493,1748,6
25660,121148,0
25660,17121,1
25660,16962,2
25660,62333,3
25660,87784,4
25660,553838,5
25660,553840,6
134,1461,0
134,1241,1
134,1462,2
134,1230,3
134,18686,4
134,1465,5
134,1466,6
62677,47627,0
62677,157961,1
62677,1267004,2
62677,209,3
62677,1218055,4
62677,4730,5
62677,35232,6
21991,7447,0
21991,1233,1
21991,1466,2
21991,9048,3
21991,5699,4
21991,3905,5
21991,520,6
10577,17276,0
10577,290,1
10577,9012,2
10577,42705,3
10577,62521,4
10577,18285,5
10577,4987,6
21355,1892,0
21355,9976,1
21355,155,2
21355,955,3
21355,2049,4
21355,418,5
21355,17413,6
29122,102977,0
29122,31713,1
29122,58016,2
29122,69465,3
29122,17026,4
29122,9188,5
29122,102980,6
11973,1269,0
11973,21089,1
11973,63544,2
11973,19152,3
11973,84707,4
11973,131120,5
11973,52021,6
1900,3392,0
1900,1121,1
1900,1922,2
1900,21711,3
1900,1896,4
1900,16429,5
1900,15860,6
44853,3064,0
44853,63,1
44853,8210,2
44853,2630,3
44853,98,4
44853,1834,5
44853,2320,6
10873,6949,0
10873,5293,1
10873,1646,2
10873,2130,3
10873,2462,4
10873,1926,5
10873,1222737,6
26719,32225,0
26719,3266,1
26719,9628,2
26719,31114,3
26719,22131,4
26719,1278,5
26719,24435,6
31583,5576,0
31583,12656,1
31583,147,2
31583,9629,3
31583,29368,4
31583,1794,5
31583,90339,6
15739,87933,0
15739,3926,1
15739,14837,2
15739,80928,3
15739,13472,4
15739,40389,5
15739,10225,6
15413,18979,0
15413,593,1
15413,20211,2
15413,2694,3
15413,56145,4
15413,47903,5
15413,12640,6
2623,1205,0
2623,26513,1
2623,20959,2
2623,18181,3
2623,1162,4
2623,27539,5
2623,779,6
11209,4165,0
11209,12149,1
11209,14729,2
11209,22092,3
11209,30560,4
11209,94776,5
11209,55890,6
13715,2228,0
13715,4690,1
13715,31140,2
13715,2969,3
13715,26142,4
13715,12543,5
13715,3801,6
19108,51576,0
19108,2081,1
19108,1789028,3
19108,1789029,4
19108,1789030,5
19108,1789031,6
19108,6718,7
8043,4960,0
8043,8258,1
8043,16554,2
8043,15753,3
8043,1466,4
8043,21523,5
8043,16555,6
43258,4068,0
43258,24815,1
43258,7301,2
43258,83315,3
43258,29363,4
43258,1215919,5
43258,13401,6
10655,8447,0
10655,13022,1
10655,8349,2
10655,16431,3
10655,32747,4
10655,2878,5
10655,12312,6
75490,1037,0
75490,826,1
75490,6473,2
75490,7132,3
75490,6930,4
75490,2969,5
75490,35468,6
42261,1229,0
42261,8975,1
42261,44845,2
42261,10224,3
42261,14253,4
42261,165377,5
42261,5048,6
34794,113056,0
34794,113058,1
34794,113059,2
34794,113060,3
34794,80296,5
34794,113063,6
34794,113064,7
9989,11864,0
9989,38581,1
9989,504,2
9989,4174,3
9989,6487,4
9989,55591,5
9989,2141,6
18828,18270,0
18828,62842,1
18828,31647,2
18828,68180,3
18828,43774,4
18828,52995,5
18828,33712,6
9816,12041,0
9816,11868,1
9816,11703,2
9816,59568,3
9816,11067,4
9816,36068,5
9816,59569,6
20637,3905,0
20637,9206,1
20637,30364,2
20637,27772,3
20637,98234,4
20637,30488,5
20637,55636,6
5955,514,0
5955,15735,1
5955,6383,2
5955,32,3
5955,9880,4
5955,1121,5
5955,1276,6
125498,1062,0
125498,52048,1
125498,156877,2
125498,206540,3
125498,60383,4
125498,941439,5
125498,1115705,6
77825,126735,0
77825,554984,1
77825,71172,2
77825,228915,3
77825,582557,4
77825,1215712,5
77825,1255141,6
220976,9599,0
220976,2167,1
220976,8900,2
220976,586,3
220976,12539,4
220976,30123,5
220976,149447,6
66599,1160,0
66599,352,1
66599,1576657,2
66599,50464,3
66599,6932,4
66599,153578,5
66599,5151,6
17474,8975,0
17474,41249,1
17474,42003,2
17474,368,3
17474,52474,4
17474,1226824,5
17474,127544,6
11191,1204,0
11191,49425,1
11191,3127,2
11191,7132,3
11191,68527,4
11191,68528,5
11191,1909,6
2613,7447,0
2613,5344,1
2613,8534,2
2613,13726,3
2613,27446,4
2613,18262,5
2613,2283,6
22021,2230,0
22021,30615,1
22021,5695,2
22021,151402,3
22021,224635,4
22021,153619,5
22021,88093,6
22048,2230,0
22048,84878,1
22048,94127,2
22048,94128,3
22048,94129,4
22048,19782,5
22048,158052,6
17006,35689,0
17006,10939,1
17006,84878,2
17006,55271,3
17006,6542,4
17006,4774,5
17006,103982,6
26333,2224,0
26333,3141,1
26333,4810,2
26333,40258,3
26333,1542,4
26333,939759,5
26333,5617,6
16723,6407,0
16723,80109,1
16723,27755,2
16723,8211,3
16723,52478,4
16723,69399,5
16723,84781,6
2018,16866,0
2018,10297,1
2018,20746,2
2018,20747,3
2018,20748,4
2018,11074,5
2018,20749,6
31768,584382,0
31768,3052,1
31768,77335,2
31768,1350311,3
31768,29097,4
31768,2707634,5
31768,83771,6
287991,4398354,0
287991,4398355,1
287991,3317792,2
287991,4398359,3
47595,79196,0
47595,38127,1
47595,85807,2
47595,231926,3
47595,5024,4
47595,994171,5
47595,123962,6
18856,6941,0
18856,22123,1
18856,2040,2
18856,10401,3
18856,38670,4
18856,29459,5
18856,40899,6
10499,32421,0
10499,5511,1
10499,49056,2
10499,24054,3
10499,4796,4
10499,43358,5
10499,1307364,6
37949,34627,0
37949,25343,1
37949,1481648,2
37949,24816,3
37949,2369,4
37949,39334,5
37949,24652,6
83500,2956,0
83500,17402,1
83500,20047,2
83500,15829,3
83500,1049208,4
83500,50877,5
83500,60205,6
47943,18178,0
47943,16972,1
47943,48577,2
47943,67902,3
47943,36513,4
47943,39436,5
47943,4395,6
74340,244151,0
74340,244152,1
74340,8944,2
74340,52267,3
74340,8487,4
74340,932955,5
74340,2234,6
5709,44994,0
5709,1194447,1
5709,44995,2
5709,23708,3
5709,40349,4
5709,44997,6
5709,14104,7
11215,3092,0
11215,9880,1
11215,68631,3
11215,1248243,4
11215,21520,5
11215,13548,6
11215,3798,7
26477,22092,0
26477,82777,1
26477,92509,2
26477,93925,3
26477,87562,4
26477,95477,5
26477,73960,6
10937,2295,0
10937,6450,1
10937,2506,2
10937,6718,3
10937,21757,4
10937,39780,5
10937,53931,6
4639,4512,0
4639,6197,1
4639,21618,2
4639,38690,3
4639,1165,4
4639,14102,5
4639,38691,6
96,776,0
96,777,1
96,778,2
96,920,3
96,780,4
96,921,5
96,922,6
90,776,0
90,777,1
90,778,2
90,779,3
90,780,4
90,782,5
90,785,6
11028,6065,0
11028,6913,1
11028,13726,2
11028,1230,3
11028,9259,4
11028,116778,5
11028,1170309,6
57240,225754,0
57240,66145,1
57240,19976,2
57240,10360,3
57240,1818,5
57240,1216971,6
57240,537858,7
67307,2876,0
67307,2882,1
67307,2176,2
67307,6905,3
67307,30123,4
67307,4139,5
67307,2179,6
19324,11159,0
19324,11511,1
19324,55259,2
19324,83037,3
19324,84476,4
19324,162169,5
19324,41737,6
19933,56055,0
19933,16165,1
19933,28168,2
19933,14104,3
19933,1498595,4
19933,150739,5
19933,1498596,8
12919,18352,0
12919,59942,1
12919,18708,2
12919,22554,3
12919,13922,4
12919,19434,5
12919,17494,6
15785,29369,0
15785,7219,1
15785,59789,2
15785,8258,3
15785,3041,4
15785,4316,5
15785,2975,6
31701,4512,0
31701,21818,1
31701,1466,2
31701,69791,3
31701,10361,4
31701,91303,5
31701,2455,7
31563,9309,0
31563,10768,1
31563,2049,2
31563,108127,3
31563,3266,4
31563,19889,5
31563,19335,6
12506,8945,0
12506,5292,1
12506,1249,2
12506,20771,3
12506,77681,4
12506,47458,5
12506,137924,6
74747,3033,0
74747,4307,1
74747,14738,2
74747,156653,3
74747,55779,4
74747,95940,5
74747,992621,6
70199,2453,0
70199,7505,1
70199,37422,2
70199,829,3
70199,58406,4
70199,5897,5
70199,180878,7
39507,5657,0
39507,87435,1
39507,6836,2
39507,79745,3
39507,150229,4
39507,150230,5
39507,168632,6
62185,162272,0
62185,44832,1
62185,75312,2
62185,1218248,3
62185,32791,4
62185,1818,5
62185,36059,6
24826,92681,0
24826,92682,1
24826,92683,2
24826,1208,3
24826,42974,4
24826,41737,5
24826,92684,6
30994,30097,0
30994,107467,1
30994,107468,2
30994,107469,3
30994,1878506,4
30994,3070,5
30994,1216431,6
17159,776,0
17159,4996,1
17159,171029,2
17159,2231,3
17159,35596,4
17159,230435,6
17159,230430,7
10110,3894,0
10110,6949,1
10110,8436,2
10110,53517,3
10110,532,4
10110,10655,5
10110,93892,6
18935,12899,0
18935,136105,1
18935,17580,2
18935,142106,3
18935,2886,4
18935,142104,5
18935,127032,6
764,11357,0
764,11462,1
764,11463,2
764,11464,3
764,11465,4
764,1116941,5
764,1116942,6
20287,1733,0
20287,6280,1
20287,11086,2
20287,2051,3
20287,9626,4
20287,6574,5
20287,4520,6
26964,58805,0
26964,96681,1
26964,58804,2
26964,7708,3
26964,96682,4
26964,96683,5
26964,96684,6
71881,1038,0
71881,504,1
71881,18342,2
71881,1241,3
71881,4000,4
71881,163013,5
71881,1314738,6
15658,7071,0
15658,21618,1
15658,56128,2
15658,550085,3
15658,193063,4
15658,158091,5
15658,156592,6
4918,3895,0
4918,517,1
4918,13726,2
4918,593,3
4918,740,4
4918,3796,5
4918,40008,6
28368,3085,0
28368,5657,1
28368,15152,2
28368,61962,3
28368,923,4
28368,31140,5
28368,1911,6
58084,3391,0
58084,5168,1
58084,982,2
58084,4961,3
58084,24696,4
58084,26700,5
58084,14149,6
52780,109410,0
52780,6949,1
52780,650,2
52780,37421,3
48149,147119,0
48149,22462,1
48149,21245,2
48149,22210,3
48149,27208,4
48149,122420,5
48149,99539,6
26156,69718,0
26156,56145,1
26156,49425,2
26156,155921,3
26156,24627,4
26156,34691,5
26156,2493710,6
34101,68750,0
34101,111871,1
34101,111872,2
34101,44822,3
34101,35689,4
34101,82340,5
34101,56902,6
32054,142729,0
32054,142730,1
32054,15197,2
32054,54014,3
32054,3122,4
32054,14325,5
32054,1198828,6
14464,3036,0
14464,1162,1
14464,26042,2
14464,18327,3
14464,73149,4
14464,83433,5
14464,4693,6
65501,77133,0
65501,543593,1
65501,194789,2
65501,38691,3
65501,1063115,4
65501,100877,5
65501,1484151,6
32227,80246,0
32227,78384,1
32227,109043,2
32227,40173,3
32227,100624,4
32227,39574,5
32227,41220,6
2614,6065,0
2614,519,1
2614,5344,2
2614,34597,3
2614,26490,4
2614,26491,5
2614,16180,6
40962,514,0
40962,5064,1
40962,14701,2
40962,38085,3
40962,6200,4
40962,56266,5
40962,60700,6
12704,6449,0
12704,4483,1
12704,6553,2
12704,28164,3
12704,726,4
12704,41249,5
12704,10556,6
580,8607,0
580,16213,1
580,16214,2
580,3895,3
580,16215,4
580,16216,5
580,16217,6
24828,51962,0
24828,14011,1
24828,10671,2
24828,6561,3
24828,92685,4
24828,9364,5
24828,65020,6
13703,37041,0
13703,9995,1
13703,3223,2
13703,13548,3
13703,57138,4
13703,13028,5
13703,56694,6
36914,56819,0
36914,78041,1
36914,8985,2
36914,2022,3
36914,54123,4
36914,1328,5
36914,72612,6
1547,12261,0
1547,17444,1
1547,1902,2
1547,2549,3
1547,52995,4
1547,2628,5
1547,9995,6
42010,16327,0
42010,11084,1
42010,21151,2
42010,83145,3
42010,16433,4
42010,51544,5
42010,18666,6
2608,12851,0
2608,821,1
2608,6678,2
2608,26483,3
2608,19178,4
2608,4139,5
2608,26482,6
32058,6949,0
32058,37042,1
32058,21104,2
32058,173172,3
32058,12133,4
32058,40175,5
32058,20807,6
10019,37041,0
10019,2109,1
10019,59956,2
10019,13548,3
10019,27237,4
10019,62042,5
10019,101784,6
11649,16644,0
11649,8924,1
11649,41229,2
11649,12659,3
11649,44188,4
11649,27008,5
11649,14405,6
84499,41217,0
84499,1539,1
84499,42362,2
84499,7166,3
84499,549482,4
84499,131512,5
84499,190356,6
13509,94490,0
13509,94491,1
13509,41274,2
13509,94492,3
13509,119232,4
13509,94501,5
13509,94493,6
63639,5472,0
63639,11181,1
63639,20162,2
63639,8979,3
63639,20070,4
63639,47000,5
63639,20241,6
30175,69718,0
30175,156774,1
30175,7675,2
30175,13028,3
30175,1190224,4
30175,9806,5
30175,45921,6
51521,24519,0
51521,8190,1
51521,114271,2
51521,79073,3
51521,124131,4
51521,190828,6
51521,1341053,7
34379,6952,0
34379,61962,1
34379,11073,2
34379,1811,3
34379,1103,4
34379,49832,5
34379,118130,6
22915,92623,0
22915,29370,1
22915,19456,2
22915,103011,3
22915,4330,4
22915,4324,5
22915,103012,6
24940,2140,0
24940,33260,1
24940,92857,2
24940,29930,3
24940,92859,4
24940,92861,5
24940,92866,6
37302,78041,0
37302,36067,1
37302,54217,2
37302,51581,3
37302,137161,4
37302,51539,5
37302,158754,6
10984,9205,0
10984,25934,1
10984,6407,2
10984,2205,3
10984,22126,4
10984,25541,5
10984,65808,6
843,1338,0
843,1337,1
843,12462,2
843,12463,3
843,12674,4
843,12467,5
121091,9976,0
121091,10742,1
121091,2482,2
121091,1103,3
121091,155573,4
121091,1231566,5
121091,163956,6
318,2461,0
318,63,1
318,4654,2
318,53,3
318,99,4
318,4971,5
318,33181,6
12806,46855,0
12806,73694,1
12806,73695,2
12806,73696,3
12806,73697,4
12806,25028,5
12806,73698,6
9740,4173,0
9740,1231,1
9740,64,2
9740,11477,3
9740,3753,4
9740,6752,5
9740,13936,6
10878,18324,0
10878,70851,1
10878,21593,2
10878,2956,3
10878,19275,4
10878,8655,5
10878,69669,6
47588,1640,0
47588,44079,1
47588,13549,2
47588,1148669,3
47588,3297910,4
47588,122241,5
47588,947849,6
10697,28279,0
10697,28281,1
10697,35324,2
10697,4275,3
10697,70165,4
10697,20083,5
10697,64541,6
7093,16927,0
7093,139,1
7093,3129,2
7093,9191,3
7093,740,4
7093,6104,5
7093,51969,7
16300,2632,0
16300,9788,1
16300,9046,2
16300,26510,3
16300,13936,4
16300,19974,5
16300,38334,6
19405,16479,0
19405,158165,1
19405,21063,2
19405,34486,3
19405,166818,4
19405,55961,5
19405,60741,6
1921,6384,0
1921,6885,1
1921,11355,2
1921,19974,3
1921,16858,4
1921,19975,5
1921,8924,6
44412,32983,0
44412,1241,1
44412,10697,2
44412,10205,3
44412,57829,4
44412,4004,5
44412,925,6
21620,66577,0
21620,1372,1
21620,87728,2
21620,2531569,3
21620,2315594,4
21620,1365,5
21620,2520027,6
23685,18269,0
23685,2233,1
23685,1241,2
23685,58317,3
23685,4808,4
23685,16850,5
23685,21290,6
12138,6856,0
12138,1269,1
12138,14405,2
12138,2224,3
12138,7166,4
12138,15234,5
12138,16165,6
48217,6012,0
48217,1137,2
48217,19062,3
48217,24563,4
48217,37606,5
48217,550110,6
48217,259884,7
6073,287,0
6073,1204,1
6073,4691,2
6073,18999,3
6073,38582,4
6073,12438,5
6073,193,6
39180,15234,0
39180,57451,1
39180,61981,2
39180,77117,3
39180,18471,4
39180,7004,5
39180,60023,6
35569,3140207,0
35569,8699,1
35569,550564,2
35569,1039124,3
35569,107303,4
35569,156640,5
35569,161408,6
25208,2231,0
25208,10132,1
25208,37042,2
25208,53923,3
25208,42694,4
25208,1904,5
25208,1392775,6
82103,228012,0
82103,123763,1
82103,559713,2
82103,55101,3
82103,1059059,4
82103,4316332,5
82103,4316334,6
19513,31649,0
19513,88746,1
19513,88747,2
19513,57823,3
19513,88748,4
19513,18236,5
19513,28044,6
2749,380,0
2749,12833,1
2749,7090,2
2749,822,3
2749,25972,4
2749,10841,5
2749,77351,6
10050,205,0
10050,11107,1
10050,41555,2
10050,62520,3
10050,81295,4
10050,3492,5
10050,12967,6
17203,4566,0
17203,20162,1
17203,3052,2
17203,38581,3
17203,2299,4
17203,2440,5
17203,2268,6
168485,1150385,0
168485,31514,1
168485,152937,2
168485,43442,3
168485,84785,4
168485,935624,5
168485,18999,6
95682,15735,0
54968,1284,0
54968,56778,1
54968,2468,2
54968,6368,3
54968,129192,4
54968,585,5
54968,65,6
49929,73283,0
49929,30435,1
49929,69465,2
49929,111837,3
49929,57096,4
49929,53999,5
49929,1186012,6
2302,12647,0
2302,18992,1
2302,20,2
2302,23709,3
2302,23705,4
2302,23708,5
2302,23706,6
32686,8978,0
32686,109551,1
32686,109552,2
32686,4231246,3
32686,109553,4
32686,4231250,6
32686,4231251,7
13889,110310,0
13889,34374,1
13889,96637,2
13889,78348,3
13889,19049,4
13889,70132,5
13889,82969,6
6028,14730,0
6028,400,1
6028,3150,2
6028,9126,3
6028,18735,4
6028,5729,5
6028,3635,6
51802,16523,0
51802,4072,1
51802,13785,2
51802,30527,3
51802,95315,4
51802,88649,5
51802,30297,6
42148,933623,0
42148,933624,1
42148,933625,2
42148,2754444,3
42148,933627,4
42148,2754447,5
42148,2754449,6
29492,95479,0
29492,103963,1
29492,103962,2
29492,29541,3
29492,103964,4
29492,56054,5
29492,103965,6
25447,3036,0
25447,504,1
25447,18465,2
25447,62019,3
25447,155931,4
25447,41232,5
25447,107616,6
28410,13548,0
28410,53261,1
28410,56987,2
28410,2454,3
28410,104291,4
28410,65554,5
28410,3223,6
38545,66496,0
38545,31512,1
38545,188721,2
38545,120672,3
38545,120673,4
38545,120674,5
38545,120675,6
19490,2638,0
19490,85848,1
19490,14261,2
19490,93123,3
19490,30537,4
19490,3366,5
19490,2926,6
31151,21457,0
31151,82275,1
31151,558808,2
31151,82277,3
31151,82276,4
31151,82278,5
31151,2638,6
1888,3151,0
1888,6837,1
1888,19779,2
1888,19780,3
1888,14834,4
1888,19781,5
1888,19782,6
38805,16897,0
38805,31114,1
38805,133575,2
38805,133576,3
38805,1749993,4
38805,1749995,5
38805,1947,6
16618,70668,0
16618,12497,1
16618,134429,2
16618,22035,3
16618,10928,4
16618,4119,5
16618,1147312,6
2428,2201,0
2428,24808,1
2428,14701,2
2428,24809,3
2428,24811,4
2428,3090,5
2428,24812,6
22013,13784,0
22013,14500,1
22013,11128,2
22013,29313,3
22013,60158,4
22013,113653,5
22013,29719,6
15598,3895,0
15598,7632,1
15598,162896,2
15598,79361,3
15598,22969,4
15598,83909,5
15598,35314,6
43332,30290,0
43332,30124,1
43332,12282,2
43332,48958,3
43332,10774,4
43332,16097,5
43332,7502,6
62127,6748,0
62127,1274,1
62127,112261,2
62127,26495,3
62127,2549,4
62127,111908,5
62127,74296,6
56137,13325,0
56137,83907,1
56137,53818,2
56137,10027,3
56137,590274,4
56137,590275,5
56137,101723,6
17965,1905,0
17965,7664,1
17965,10021,2
17965,29427,3
17965,40923,4
17965,82549,5
17965,24733,6
29067,2922,0
29067,2787,1
29067,81246,2
29067,39002,3
29067,100790,4
29067,2264,5
29067,2276,6
33250,13,0
33250,28164,1
33250,1070,2
33250,2765083,3
33250,2765084,4
33250,152713,5
33250,1729744,6
14460,19576,0
14460,14060,1
14460,11163,2
14460,1933,3
14460,4761,4
14460,29541,5
14460,10024,6
17466,15111,0
17466,8294,1
17466,47882,2
17466,32286,3
17466,44792,4
17466,11792,5
17466,93151,6
9594,15111,0
9594,18071,1
9594,106836,2
9594,58123,3
9594,106837,4
9594,70591,5
9594,26075,6
35976,16475,0
35976,6844,1
35976,35,2
35976,8260,3
35976,109410,5
35976,14064,6
35976,13577,7
4986,16475,0
4986,726,1
4986,4139,2
4986,21462,3
4986,37714,4
4986,16101,5
4986,40463,6
2453,2295,0
2453,25129,1
2453,27008,2
2453,24516,3
2453,4808,4
2453,27011,5
2453,27012,6
33676,500,0
33676,17183,1
33676,57082,2
33676,92557,3
33676,56881,4
33676,44686,5
33676,111214,6
4587,38225,0
4587,1920,1
4587,6886,2
4587,382,3
4587,140777,4
4587,38226,5
4587,162287,6
31004,5292,0
31004,1292,1
31004,13920,2
31004,588,3
31004,33613,4
31004,56183,5
31004,5700,6
125099,2931315,0
125099,2931316,1
125099,2931317,2
125099,2931318,3
27859,6952,0
27859,2880,1
27859,1452110,2
27859,1213309,3
27859,64999,4
27859,12646,5
27859,180939,6
11454,52267,0
11454,119232,1
11454,1117,2
11454,1248,3
11454,387,4
11454,11148,5
11454,32747,6
38718,515,0
38718,16940,1
38718,21399,2
38718,18750,3
38718,93051,4
38718,26473,5
38718,77023,6
4192,14501,0
4192,15200,1
4192,10475,2
4192,3380,3
4192,12021,4
4192,8223,5
4192,24695,6
11607,70003,0
11607,64778,1
11607,70004,2
11607,15860,3
11607,19456,4
11607,42206,5
11607,74276,6
14052,62036,0
14052,11085,1
14052,23881,2
14052,87003,3
14052,67893,4
14052,92809,5
14052,16060,6
16889,62036,0
16889,67893,1
16889,23881,2
16889,55277,3
16889,11085,4
16889,87003,5
16889,92809,6
39934,52374,0
39934,55152,1
39934,117358,2
39934,18248,3
39934,162901,4
39934,20212,5
39934,123557,6
26580,1654282,0
26580,1654283,1
26580,1654284,2
26580,1654285,3
26580,1654286,4
26580,1654287,5
26580,1654288,6
21309,1064,0
21309,6384,1
21309,3126,2
21309,112693,3
21309,43774,4
21309,2778,5
21309,93151,6
16263,520,0
16263,9994,1
16263,19144,2
16263,44691,3
16263,13869,4
16263,55265,5
16263,21523,6
4985,16475,0
4985,11998,1
4985,21523,2
4985,40390,3
4985,14848,4
4985,18894,5
4985,101765,6
20704,2154,0
20704,1162,1
20704,27106,2
20704,1211,3
20704,1210,4
20704,57119,5
20704,17874,6
23730,11512,0
23730,11511,1
23730,90519,2
23730,387,3
23730,90528,4
23730,90529,5
23730,90530,6
853,9642,0
853,12763,1
853,3293,2
853,228,3
853,382,4
853,2372,5
853,10627,6
10877,23880,0
10877,21355,1
10877,21353,2
10877,18471,3
10877,1103,4
10877,64856,5
10877,50877,6
5257,4783,0
5257,9657,1
5257,85620,2
5257,75738,3
5257,159297,4
5257,94793,5
5257,13728,6
77,529,0
77,530,1
77,532,2
77,534,3
77,535,4
77,536,5
77,537,6
20322,9779,0
20322,85931,1
20322,77896,2
20322,50266,3
20322,4996,4
20322,15899,5
20322,59154,6
10833,10205,0
10833,33259,1
10833,11662,2
10833,193,3
10833,11477,4
10833,10774,5
10833,31714,6
20309,21594,0
20309,69122,1
20309,18270,2
20309,35,3
20309,28633,4
20309,60205,5
20309,29795,6
125093,1446973,0
125093,2111238,1
125093,1130883,2
125093,4583391,3
125093,4732621,4
125093,4732622,5
125093,1667067,6
12658,15852,0
12658,17141,1
12658,6968,2
12658,3141,3
12658,6913,4
12658,65797,5
12658,73836,6
10054,57674,0
10054,57675,1
10054,3131,2
10054,17832,3
10054,10697,4
10054,4252,5
10054,10742,6
10646,3035,0
10646,21596,1
10646,28410,2
10646,52117,3
10646,10939,4
10646,56824,5
10646,28010,6
2575,517,0
2575,118,1
2575,8944,2
2575,10839,3
2575,2039,4
2575,2462,6
2575,10980,7
55,263,0
55,258,1
55,259,2
55,261,3
55,262,4
55,264,5
55,260,6
65075,1061895,0
65075,143280,1
65075,1061896,2
44379,147063,0
2043,192,0
2043,2140,1
2043,7486,2
2043,19152,3
2043,21027,4
2043,21028,5
2043,116575,6
4133,85,0
4133,955,1
4133,679,2
4133,3052,3
4133,11477,4
4133,31384,5
4133,7248,6
56715,1003,0
56715,28781,1
56715,18979,2
56715,11154,3
56715,1234,4
56715,20751,5
56715,103833,6
10991,65424,0
10991,73044,1
10991,65427,2
10991,65426,3
10991,40325,4
10991,62318,5
10991,936287,6
15940,3293,0
15940,42571,1
15940,20508,2
15940,97887,3
15940,147482,4
15940,54,5
15940,9017,6
26791,114925,0
26791,143056,1
26791,11065,2
26791,2327488,3
26791,2327496,4
26791,229423,5
26791,2327500,6
44069,1538017,0
44069,1538018,1
44069,1538019,2
44069,1538020,3
44069,130397,4
44069,1538021,5
44069,1538022,6
68894,15440,0
68894,83634,1
68894,125572,2
68894,105398,3
68894,554262,4
68894,3549116,5
68894,554264,6
634,9137,0
634,5472,1
634,3291,2
634,388,3
634,9138,4
634,9145,5
634,9144,6
10956,60950,0
10956,18326,1
10956,35476,2
10956,165867,3
10956,33527,4
10956,17190,5
10956,56824,6
19366,38581,0
19366,5916,1
19366,1234,2
19366,10697,3
19366,7489,4
19366,32458,5
19366,57133,6
136558,19154,0
136558,38581,1
136558,13922,2
136558,11826,4
136558,8984,5
136558,1896,6
136558,16861,7
28308,3131,0
28308,11616,1
28308,973,2
28308,940,3
28308,937,4
28308,1141739,5
28308,8937,6
9519,8783,0
9519,77496,1
9519,57794,2
9519,57795,3
9519,3062,4
9519,57799,5
9519,57278,6
13898,143272,0
13898,143273,1
13898,143274,2
13898,143275,3
13898,143276,4
13898,143277,5
13898,143278,6
196280,1466,0
196280,2314,1
196280,5694,2
196280,89461,3
196280,5724,4
196280,2152671,5
196280,24435,6
9290,57147,0
9290,57166,1
9290,57167,2
9290,783,3
9290,76190,4
9290,955204,5
9290,954286,6
13166,36423,0
13166,9626,1
13166,56595,2
13166,52480,3
13166,16846,4
13166,1904,5
13166,14415,6
32590,27125,0
32590,133,1
32590,17832,2
32590,61854,3
32590,109446,4
32590,109447,5
32590,46394,6
109472,85666,0
109472,128709,1
109472,1013093,2
109472,1046574,3
109472,1046575,4
109472,3077605,5
153141,49735,0
153141,11110,1
153141,1669,2
153141,10920,3
153141,86480,4
153141,1238442,5
153141,1770536,6
52654,1241,0
52654,1639,1
52654,11855,2
52654,14344,3
52654,8777,4
52654,26703,5
52654,107734,6
70282,52057,0
70282,1897169,1
70282,1897170,2
70282,2342018,3
70282,255801,4
70282,58147,5
70282,2342019,6
47643,36171,0
47643,85169,1
47643,1068677,2
47643,101791,3
47643,5940,4
47643,190092,5
47643,44235,6
111,1158,0
111,1159,1
111,1160,2
111,1161,3
111,1162,4
111,1163,5
111,1164,6
32488,3151,0
32488,855,1
32488,30527,2
32488,5250,3
32488,73943,4
32488,161934,5
32488,196164,6
10477,16483,0
10477,16475,1
10477,65561,2
10477,43372,3
10477,1844,4
10477,11150,5
10477,13241,6
12484,43442,0
12484,72440,1
12484,59592,2
12484,51670,3
12484,1217813,4
12484,35548,5
12484,44831,6
2144,2876,0
2144,882,1
2144,3392,2
2144,781,3
2144,21986,4
2144,1230,5
2144,28633,6
24113,6449,0
24113,3092,1
24113,18892,2
24113,52865,3
24113,1533,4
24113,40279,5
24113,2630,6
118052,11356,0
118052,175368,1
118052,73287,2
118052,62105,3
118052,1066606,4
118052,4935,5
118052,95664,6
1734,18269,0
1734,3293,1
1734,10727,2
1734,18041,3
1734,16743,4
1734,18920,5
1734,18919,6
38047,18056,0
38047,104522,1
38047,111637,2
38047,20708,3
38047,132774,4
38047,120351,5
38047,27782,6
8076,27978,0
8076,53776,1
8076,53777,2
8076,53778,3
8076,53779,4
8076,53780,5
8076,53781,6
4973,44079,0
4973,32364,1
4973,40304,2
4973,18765,3
4973,18566,4
4973,39882,5
4973,579260,6
8095,3635,0
8095,5341,1
8095,35321,2
8095,53818,3
8095,47722,4
8095,7668,5
8095,2558,6
849,12811,0
849,12812,1
849,12517,2
849,12513,3
849,2629,4
849,3475,5
849,12815,6
27223,13,0
27223,14415,1
27223,29368,2
27223,1201,3
27223,6007,4
27223,1391048,5
27223,1488194,6
2981,29258,0
2981,29259,1
2981,29260,2
2981,29261,3
2981,29262,4
2981,29263,5
2981,29264,6
39266,10279,0
39266,1090805,1
39266,1255425,2
39266,1090806,3
39266,1029815,4
39266,1090807,5
39266,1090808,6
31863,4512,0
31863,3223,1
31863,8985,2
31863,56120,3
31863,2115,4
31863,19453,5
31863,40481,6
11307,2157,0
11307,54782,1
11307,515,2
11307,12074,3
11307,7668,4
11307,5698,5
11307,12967,6
46498,43237,0
46498,10268,1
46498,3084,2
46498,5341,3
46498,5563,4
46498,6837,6
46498,10594,7
11163,26690,0
11163,18241,1
11163,68405,2
11163,68406,3
11163,1014439,4
11163,5963,5
11163,14262,6
11035,67879,0
11035,67880,1
11035,67881,2
11035,67882,3
11035,67883,4
11035,44421,5
11035,1889600,7
18691,21457,0
18691,83457,1
18691,4073,2
18691,21459,3
18691,69763,4
18691,83566,5
18691,7347,6
3784,1158,0
3784,1160,1
3784,1210,2
3784,78729,3
3784,13451,4
3784,18794,5
3784,33832,6
78133,8534,0
78133,820,1
78133,1344847,2
78133,180619,3
78133,180610,4
78133,954763,5
78133,64025,6
22829,8252,0
22829,1932,1
22829,53819,2
22829,11221,3
22829,238601,4
22829,1326565,5
22829,107279,6
35717,35004,0
35717,95899,1
35717,50,2
35717,132182,3
35717,18178,4
35717,218502,5
35717,2931150,6
11936,5676,0
11936,17575,1
11936,70961,2
11936,535459,3
11936,70962,4
11936,563809,5
11936,306471,6
25221,73931,0
25221,3085,1
25221,18364,2
25221,54123,3
25221,111702,4
25221,72028,5
25221,14064,6
19494,6352,0
19494,10437,1
19494,67274,2
19494,12850,3
19494,3088,4
19494,10776,5
19494,5732,6
40842,35,0
40842,2222,1
40842,5372,2
40842,3798,3
40842,30610,4
40842,42003,5
40842,58495,6
19357,7180,0
19357,16554,1
19357,9626,2
19357,30489,3
19357,57372,4
19357,14101,5
19357,51750,6
33743,133769,0
33743,133770,1
33743,16421,2
33743,20099,3
33743,1056673,4
33743,1056674,5
33743,1056675,6
32924,2778,0
32924,1038,1
32924,923,2
32924,1905,3
32924,1241,4
32924,10430,5
32924,31169,6
9062,46597,0
9062,31070,1
9062,3142,2
9062,7124,3
9062,162331,4
9062,2176,5
9062,27447,6
11174,68452,0
11174,2201,1
11174,68454,2
11174,55002,3
11174,532247,4
11174,72912,5
11174,1151162,6
934,14242,0
934,11937,1
934,14243,2
934,14244,3
934,39449,4
934,14246,5
934,1043503,6
9476,1810,0
9476,17328,1
9476,27855,2
9476,6162,3
9476,42279,4
9476,13633,5
9476,21088,6
37691,149936,0
37691,3490,1
37691,10489,2
37691,280790,3
37691,581988,4
37691,155835,5
37691,581990,6
115810,165818,1
115810,1062038,2
10613,40938,0
10613,10779,1
10613,10431,2
10613,11180,3
10613,591,4
10613,65885,5
10613,52374,6
19094,8892,0
19094,84079,1
19094,2222,2
19094,7673,3
19094,5151,4
19094,30861,5
19094,66500,6
14268,2811058,0
14268,2811059,1
14268,2811060,2
14268,2811061,3
14268,2811062,4
14268,2811063,5
14268,2811064,6
5852,16866,0
5852,8767,1
5852,23958,2
5852,18288,3
5852,27396,4
5852,2561,5
5852,34844,6
808,12073,0
808,776,1
808,6941,2
808,12074,3
808,1925,4
808,12075,5
808,12076,6
49453,3711,0
49453,111195,1
49453,9565,2
49453,943602,3
49453,62127,4
49453,2561,5
49453,1106256,6
824,3061,0
824,2227,1
824,5723,2
824,388,3
824,12206,4
824,12211,5
824,12210,6
37558,118015,0
37558,118016,1
37558,118017,2
37558,118018,3
37558,118019,4
676,880,0
676,3967,1
676,2299,2
676,9777,3
676,10127,4
676,3197,5
676,7447,6
88727,63767,0
88727,71187,1
88727,1685148,2
88727,76612,3
88727,76611,4
88727,212069,5
88727,107648,6
26813,992796,0
26813,992797,1
26813,14594,2
26813,1293100,3
26813,1293101,4
26813,1900602,5
26813,53621,6
29572,6886,0
29572,85,1
29572,112,2
29572,1241,3
29572,5048,4
29572,1090481,5
29572,662,6
48109,11703,0
48109,206936,1
48109,1083536,2
48109,146004,3
48109,1181562,4
48109,177022,5
48109,71838,6
291675,104380,0
291675,16170,1
291675,76476,2
291675,113387,3
291675,5285689,4
50541,15048,0
50541,10502,1
50541,10559,2
50541,4139,3
50541,70241,4
50541,66811,5
50541,2705996,6
26255,18277,0
26255,15455,1
26255,10774,2
26255,21485,3
26255,88168,4
26255,96554,5
26255,56265,6
22414,5064,0
22414,4090,1
22414,6065,2
22414,193,3
22414,3037,4
22414,3026,5
22414,20624,6
43329,13784,0
43329,19216,1
43329,53010,2
43329,4960,3
43329,82863,4
43329,104714,5
43329,4074,6
42233,3636,0
42233,6748,1
42233,34597,2
42233,1037,3
42233,30601,4
42233,400,5
42233,74763,6
1406,7904,0
1406,11511,1
1406,9257,2
1406,33487,3
1406,33488,4
1406,33495,5
1406,31005,6
13554,3036,0
13554,10224,1
13554,4250,2
13554,1062,3
13554,4251,4
13554,6952,5
13554,11064,6
17664,4165,0
17664,8252,1
17664,20276,2
17664,82189,3
17664,538370,4
17664,30554,5
17664,83149,6
66035,13784,0
66035,113585,1
66035,6837,2
66035,115990,3
66035,217114,4
66035,53010,5
66035,13963,6
41050,5676,0
41050,14812,1
41050,41779,2
41050,9894,3
41050,225924,4
41050,1189550,5
41050,1660898,6
1632,193,0
1632,5293,1
1632,3910,2
1632,1370,3
1632,8655,4
1632,2886,5
1632,537,6
966,14528,0
966,3265,1
966,13565,2
966,4960,3
966,14060,4
966,14529,5
966,5563,6
12639,14528,0
12639,38129,1
12639,29904,2
12639,8255,3
12639,4307,4
12639,44424,5
12639,14821,6
301,4165,0
301,4299,1
301,4300,2
301,4301,3
301,4302,4
301,4303,5
301,4304,6
31527,2896,0
31527,133470,1
31527,10024,2
31527,146141,3
31527,2438,4
31527,2927,5
31527,1070625,6
4988,16475,0
4988,10823,1
4988,20362,2
4988,40202,3
4988,40401,4
4988,42156,5
4988,9898,6
12623,38225,0
12623,6065,1
12623,3896,2
12623,4251,3
12623,3266,4
12623,6541,5
12623,1218055,6
11896,518,0
11896,7904,1
11896,387,2
11896,49944,3
11896,35317,4
11896,192272,5
11896,3026,6
25538,143037,1
25538,103598,2
25538,143038,3
25538,143039,4
25538,555375,5
25538,555376,6
25538,581798,7
17971,14463,0
17971,200535,1
17971,42362,2
17971,521,3
17971,52304,4
17971,6007,5
17971,194597,6
6498,12795,0
6498,1564,1
6498,3398,2
6498,50093,3
6498,1024,4
6498,40421,5
6498,1119438,6
5923,13565,0
5923,4786,1
5923,16554,2
5923,11850,3
5923,10134,4
5923,3640,5
5923,1146141,6
15497,8487,0
15497,10609,1
15497,10608,2
15497,13297,3
15497,29313,4
15497,78304,5
15497,11033,6
21876,4347,0
21876,12726,1
21876,93124,2
21876,14529,3
21876,34596,4
21876,93125,5
21876,30125,6
11090,60949,0
11090,68000,1
11090,11885,2
11090,68812,3
11090,75889,4
11090,3218,5
11090,828,6
14034,78029,0
14034,518,1
14034,5723,2
14034,21104,3
14034,37158,4
14034,1897,5
14034,1211,6
21056,72028,0
21056,57448,1
21056,76001,2
21056,7071,3
21056,14102,4
21056,87039,5
21056,20165,6
9397,12640,0
9397,1231,1
9397,18270,2
9397,57599,3
9397,15854,4
9397,15232,5
9397,824,6
9705,8891,0
9705,6968,1
9705,4587,2
9705,1896,3
9705,980,4
9705,9880,5
9705,70767,6
26475,10697,0
26475,10431,1
26475,21179,2
26475,7489,3
26475,16171,4
26475,8945,5
26475,66257,6
56934,41819,0
56934,378,1
56934,20239,2
56934,18161,3
56934,225232,4
56934,35259,5
56934,225233,6
29937,30737,0
29937,1182313,1
29937,279944,2
29937,135680,3
29937,72794,4
29937,135682,5
29937,144325,6
49922,14011,0
49922,65031,1
49922,42279,2
49922,1220662,3
49922,11275,4
49922,550343,5
49922,30318,6
10364,1903,0
10364,1936,1
10364,24318,2
10364,64928,3
10364,64929,4
10364,7795,5
10364,64930,6
32458,218563,0
32458,4130292,3
32458,109255,4
32458,4783,6
32458,109254,7
32458,965278,9
32458,1383,11
1089,6384,0
1089,723,1
1089,15309,2
1089,2048,3
1089,11885,4
1089,6474,5
1089,103011,6
38043,16171,0
38043,9306,1
38043,2233,2
38043,49425,3
38043,107370,4
38043,52306,5
38043,102392,6
9967,193,0
9967,10430,1
9967,2493,2
9967,723,3
9967,27540,4
9967,5177,5
9967,29712,6
17494,6856,0
17494,11477,1
17494,289,2
17494,42156,3
17494,51662,4
17494,11872,5
17494,156971,6
17465,2879,0
17465,47882,1
17465,723,2
17465,21523,3
17465,3009,4
17465,1021440,5
17465,58068,6
759,11165,0
759,3149,1
759,11169,2
759,11168,3
759,11170,4
759,11171,5
759,4121,6
10297,3149,0
10297,7570,1
10297,64838,2
10297,14831,3
10297,19181,4
10297,44728,5
10297,77159,6
29393,46099,0
29393,40186,1
29393,2771,2
29393,103718,3
29393,5738,4
29393,10928,5
29393,103717,6
10653,3149,0
10653,43819,1
10653,11494,2
10653,66075,3
10653,7347,4
10653,29661,5
10653,108232,6
21468,109897,0
21468,3149,1
21468,99662,2
21468,82129,3
21468,13295,4
21468,111852,5
21468,18678,6
9576,4483,0
9576,4431,1
9576,8437,2
9576,12850,3
9576,1466,4
9576,1532,5
9576,57351,7
22323,101908,0
22323,6952,1
22323,38160,2
22323,4443,3
22323,140387,4
22323,129663,5
22323,1063280,6
31935,3895,0
31935,19153,1
31935,2481,2
31935,19463,3
31935,656,4
31935,51881,5
31935,94836,6
126881,26395,0
126881,49018,1
126881,37102,2
126881,38969,3
126881,36509,4
126881,1083,5
126881,7829,6
52616,5293,0
52616,146296,1
52616,146297,2
52616,108211,3
52616,68842,4
52616,54348,5
52616,4844541,6
10865,521,0
10865,34985,1
10865,16896,2
10865,52300,3
10865,35219,4
10865,56853,5
10865,49818,6
1995,11701,0
1995,20508,1
1995,8784,2
1995,1284,3
1995,20511,4
1995,10127,5
1995,7031,6
10808,776,0
10808,31029,1
10808,31031,2
10808,66896,3
10808,18324,4
10808,14406,5
10808,51547,6
9799,8167,0
9799,12835,1
9799,17647,2
9799,22123,3
9799,10883,4
9799,9186,5
9799,12796,6
644,9640,0
644,9642,1
644,1518,2
644,8213,3
644,9641,4
644,227,5
644,19545,6
16161,8169,0
16161,40036,1
16161,88183,2
16161,10182,3
16161,19767,4
16161,88186,5
16161,93615,6
10691,205,0
10691,19487,1
10691,52374,2
10691,67070,3
10691,121453,4
10691,111081,5
10691,90448,6
10615,38334,1
10615,65920,2
10615,38951,3
10615,14060,4
10615,27102,5
10615,2632,6
10615,65921,7
47596,1695109,0
47596,1853467,1
47596,40389,2
47596,19511,3
47596,67913,4
47596,119864,5
47596,18273,6
21488,20667,0
21488,21578,1
21488,218502,2
21488,1110451,3
21488,72590,4
21488,2417,5
21488,20083,6
59733,227014,0
59733,76139,1
59733,942536,2
59733,18686,7
59733,1462,8
59733,1239851,9
271462,1331,0
271462,1371,1
271462,207922,2
271462,240289,3
271462,79713,4
271462,152486,5
271462,75740,6
11826,5538,0
11826,2282,1
11826,6972,2
11826,70633,3
11826,1292,4
11826,1213726,5
11826,1225091,6
24470,20309,0
24470,879,1
24470,2233,2
24470,8949,3
24470,5129,4
24470,4971,5
24470,2169,6
9301,679,0
9301,11953,1
9301,1084,2
9301,1087,3
9301,1088,4
9301,10923,5
9301,58105,6
11444,6012,0
11444,16927,1
11444,21177,2
11444,35962,3
11444,21170,4
11444,24421,5
11444,53425,6
60670,1003,0
60670,1925,1
60670,34627,2
60670,24590,3
60670,35076,4
60670,19162,5
60670,35077,6
55551,25078,0
55551,13609,1
55551,1200631,2
55551,122489,3
55551,280872,4
55551,4814,5
55551,230469,6
40880,3900,0
40880,10727,1
40880,2206,2
40880,33679,3
40880,208506,4
40880,974,5
40880,1333,6
10992,4785,0
10992,20,1
10992,67817,2
10992,6199,3
10992,2219,4
10992,7447,5
10992,52601,6
2140,1336,0
2140,2233,1
2140,10698,2
2140,11397,3
2140,21944,4
2140,21945,5
2140,21946,6
4248,1772,0
4248,35705,1
4248,35690,2
4248,9562,3
4248,35769,4
4248,212,5
4248,33676,6
17612,11617,0
17612,15555,1
17612,82096,2
17612,65471,3
17612,84247,4
17612,27561,5
17612,31383,6
3134,146242,0
3134,146243,1
3134,47335,2
3134,586731,3
3134,586732,4
3134,586733,5
3134,139969,6
34899,113388,0
34899,20201,1
34899,113390,2
34899,20965,4
34899,4122803,5
34899,113392,6
34899,128490,7
8217,12021,0
8217,227,1
8217,3266,2
8217,7447,3
8217,10401,4
8217,351,5
8217,16103,6
22478,4800,0
22478,12021,1
22478,65,2
22478,10401,3
22478,193,4
22478,52462,5
22478,17495,6
26483,22092,0
26483,82777,1
26483,148603,2
26483,9109,3
26483,8331,4
26483,148602,5
26483,148604,6
24382,12259,0
24382,27442,1
24382,12341,2
24382,91543,3
24382,91544,4
24382,4959,5
24382,5676,6
11286,16475,0
11286,10222,1
11286,28768,2
11286,6844,3
11286,4299,4
11286,20156,5
11286,4965,6
11950,16475,0
11950,6844,1
11950,4299,2
11950,20156,3
11950,55432,4
11950,21619,5
11950,10169,6
12236,7180,0
12236,56933,1
12236,40009,2
12236,59196,3
12236,21561,4
12236,65471,5
12236,33322,6
36245,14812,0
36245,19632,1
36245,3784,2
36245,31819,3
36245,37137,4
36245,34679,5
36245,25976,6
43342,2007,0
43342,117722,1
43342,89582,2
43342,10162,3
43342,14978,4
43342,131269,5
43342,8498,6
15875,4165,0
15875,78896,1
15875,18391,2
15875,4355,3
15875,84229,4
15875,5251,5
15875,78897,6
26573,1905,0
26573,22092,1
26573,70260,2
26573,113656,3
26573,95681,4
26573,8632,5
26573,152745,6
23439,1905,0
23439,100989,2
23439,100990,3
23439,1168068,4
23439,1434693,5
23439,2413035,6
23439,4284267,7
10728,578532,0
10728,2895,1
10728,48938,2
10728,48062,3
10728,46842,5
10728,143354,6
10728,590619,7
5991,2895,0
5991,35420,1
5991,47029,2
5991,47030,3
5991,47031,4
5991,47032,5
5991,29129,6
11697,4165,0
11697,854,1
11697,7303,2
11697,18391,3
11697,8254,4
11697,14966,5
11697,176543,6
6106,4512,0
6106,26485,1
6106,4776,2
6106,47879,3
6106,1102,4
6106,41737,5
6106,47881,6
22477,12021,0
22477,1902,1
22477,8975,2
22477,36802,3
22477,5251,4
22477,656,5
22477,28029,6
19200,12021,1
19200,6949,2
19200,3036,3
19200,3125,4
19200,8534,5
19200,1038,6
19200,10437,7
11300,8447,0
11300,29369,1
11300,11477,2
11300,68926,3
11300,8985,4
11300,68927,5
11300,3801,6
16211,4165,0
16211,4299,1
16211,16759,2
16211,24808,3
16211,12313,4
16211,78690,5
16211,14732,6
28650,7124,0
28650,101429,1
28650,15692,2
28650,15707,3
28650,101430,4
28650,101431,5
28650,101432,6
42780,83130,0
42780,50975,1
42780,2222,2
42780,153591,3
42780,105621,4
42780,1031142,5
42780,94774,6
32569,7124,0
32569,109408,1
32569,14505,2
32569,14508,3
32569,7167,4
32569,102441,5
32569,98452,6
20075,11159,0
20075,63208,1
20075,825,2
20075,91431,3
20075,25578,4
20075,5129,5
20075,140079,6
28430,83129,0
28430,7192,1
28430,38070,2
28430,78940,3
28430,116644,4
28430,93164,5
28430,131779,6
28794,101330,0
28794,27384,1
28794,102012,2
28794,102013,3
28794,102014,4
28794,46636,5
28794,84304,6
20197,11159,0
20197,63208,1
20197,87152,2
20197,87151,3
20197,25578,4
20197,101765,5
20197,37438,6
43316,20391,0
43316,18735,1
43316,11025,2
43316,141600,3
43316,19967,4
43316,47080,5
43316,114957,6
34689,4110,0
34689,25787,1
34689,8254,2
34689,38037,3
34689,24499,4
34689,29327,5
34689,115780,6
25690,8654,0
25690,33163,1
25690,2778,2
25690,4813,3
25690,33677,4
25690,1159,5
25690,1379575,6
10238,11916,0
10238,8742,1
10238,67521,2
10238,7569,3
10238,38127,4
10238,572207,5
10238,6664,6
18929,3359,0
18929,8238,1
18929,83907,2
18929,23709,3
18929,27554,4
18929,83908,5
18929,3926,6
4789,39467,0
4789,24590,1
4789,21181,2
4789,5567,3
4789,32058,4
4789,39469,5
4789,1844931,6
32595,150536,0
32595,187073,1
32595,79364,2
32595,1089443,3
32595,25717,4
32595,97331,5
32595,10025,6
18030,14562,0
18030,2755,1
18030,11033,2
18030,82613,3
18030,66712,4
18030,82614,5
18030,82615,6
18988,11390,0
18988,6598,1
18988,4173,2
18988,15198,3
18988,31431,4
18988,10669,5
18988,102858,6
11536,3149,0
11536,11492,1
11536,3265,2
11536,12151,3
11536,7684,4
11536,98465,5
11536,34597,6
10339,8487,0
10339,5403,1
10339,29655,2
10339,11130,3
10339,19463,4
10339,8239,5
10339,33090,6
39875,100870,0
39875,106247,1
39875,62001,2
39875,939692,3
39875,63046,4
39875,14738,5
39875,3564038,6
50031,10921,0
50031,552029,1
50031,2926,2
50031,33267,3
50031,85936,4
50031,83907,5
50031,1053796,6
976,13784,0
976,3150,1
976,14572,2
976,14573,3
976,14576,4
976,14574,5
976,14578,6
69605,18735,0
69605,7570,1
69605,2493,2
69605,10487,3
69605,46711,4
69605,109406,5
69605,2096,6
65632,5676,0
65632,9871,1
65632,29428,2
65632,68406,3
65632,14148,4
65632,99445,5
65632,1529404,6
29471,10647,0
29471,23694,1
29471,12647,2
29471,37343,3
29471,37068,4
29471,1132942,5
29471,16241,6
4780,19153,0
4780,35341,1
4780,12074,2
4780,39426,3
4780,39427,4
4780,12439,5
4780,39428,6
11906,69055,0
11906,34043,1
11906,24608,2
11906,54153,3
11906,94072,4
11906,78543,5
11906,94073,6
11713,19429,0
11713,57723,1
11713,70332,2
11713,62427,3
11713,121394,4
11713,143191,5
11713,72432,6
9589,58105,0
9589,58106,1
9589,58107,2
9589,58108,3
9589,7487,4
9589,1728635,5
9589,1728636,6
12481,19429,0
12481,70332,1
12481,62427,2
12481,1084494,3
12481,72432,4
12481,240168,5
12481,125288,6
13333,19429,0
13333,70985,1
13333,29313,2
13333,39753,3
13333,13023,4
13333,131170,5
13333,119887,6
13938,77298,0
13938,45481,1
13938,4256,2
13938,77299,3
13938,41505,4
13938,170932,5
13938,5170,6
10540,738,0
10540,1039,1
10540,36926,2
10540,65568,3
10540,42567,4
10540,61011,5
10540,782,6
9462,19429,0
9462,57723,1
9462,51576,2
9462,143190,3
9462,143191,4
9462,131170,5
9462,554622,6
82623,44990,0
82623,11668,1
82623,156989,2
82623,1175923,3
82623,52512,4
82623,130744,5
2114,21703,0
2114,7447,1
2114,10182,2
2114,21702,3
2114,884,4
2114,55636,5
2114,4512,6
8835,368,0
8835,36422,1
8835,11826,2
8835,56045,3
8835,8536,4
8835,38334,5
8835,11318,6
11371,380,0
11371,819,1
11371,3084,2
11371,9780,3
11371,15439,4
11371,86919,5
11371,1215283,6
78248,1323255,0
78248,1785693,1
78248,1785695,2
78248,1785696,3
78248,1785697,4
78248,1785698,5
78248,1785698,6
9517,51214,0
9517,54126,1
9517,6408,2
9517,11671,3
9517,10692,4
9517,17442,5
9517,32598,6
25985,94476,0
25985,27461,1
25985,23388,2
25985,42627,3
25985,148443,4
25985,28003,5
25985,2055553,6
15745,4937,0
15745,15277,1
15745,16450,2
15745,10696,3
15745,2314,4
15745,62066,5
15745,2482,6
24977,23678,0
24977,2975,1
24977,1177525,2
24977,160042,3
24977,1532,4
24977,1214267,5
24977,1533747,7
113271,6008,0
113271,44810,2
113271,176445,3
58904,228625,0
58904,228627,1
58904,6008,2
103489,982,0
103489,1267180,1
103489,130151,2
103489,84933,3
103489,10750,4
103489,44999,5
103489,4719,6
13794,15152,0
13795,10017,0
103488,44810,0
103488,52043,1
103488,6008,2
103488,121278,3
73482,1234628,0
73482,1234629,1
73482,4173,2
73482,3708924,3
73482,3708925,4
73482,1643484,5
38965,80625,0
38965,77293,1
38965,10555,2
38965,35109,3
38965,7503,4
38965,101652,5
38965,64998,6
47817,3223,0
47817,2628,1
47817,6905,2
47817,16131,3
47817,1920,4
47817,593,5
47817,2455,6
31052,227,0
31052,3391,1
31052,16935,2
31052,87007,3
31052,28010,4
31052,42157,5
31052,8984,6
10868,1038,0
10868,11084,1
10868,67523,2
10868,67524,3
10868,20631,4
10868,28413,5
10868,42745,6
9395,23880,0
9395,2230,1
9395,14731,2
9395,4430,3
9395,57597,4
9395,57598,5
9395,1228768,6
14506,12642,0
14506,10713,1
14506,98,2
14506,936,3
14506,374,4
14506,215741,5
14506,132538,6
5333,5472,0
5333,7678,1
5333,43626,2
5333,7320,3
5333,43628,4
5333,121732,6
5333,1575230,7
4281,14501,0
4281,7570,1
4281,4,2
4281,11857,3
4281,6721,4
4281,36819,5
4281,36820,6
2,54768,0
2,54769,1
2,4826,2
2,54770,3
2,1177496,4
2,2493350,5
2,2509142,6
26044,56819,0
26044,66776,1
26044,11857,2
26044,30226,3
26044,786,4
26044,41243,5
26044,96765,6
59797,56978,0
59797,27994,1
59797,97878,2
59797,64057,3
59797,1166,4
59797,104059,5
59797,157460,6
14911,193,0
14911,2047,1
14911,67764,2
14911,24535,3
14911,91725,4
14911,58813,5
14911,12856,6
15592,73931,0
15592,10767,1
15592,11512,2
15592,8978,3
15592,53647,4
15592,56456,5
15592,145615,6
15267,10477,0
15267,12261,1
15267,1159,2
15267,9045,3
15267,1280,4
15267,10510,5
15267,18917,6
12710,73931,0
12710,10437,1
12710,10430,2
12710,52995,3
12710,25819,4
12710,73933,5
12710,73194,6
30502,5129,0
30502,14698,1
30502,10823,2
30502,3124,3
30502,1121,4
30502,938586,5
30502,59369,6
19382,4756,0
19382,4690,1
19382,85867,2
19382,111902,3
19382,137264,4
19382,1953,5
19382,21733,6
24679,2178,0
24679,6200,1
24679,27813,2
24679,67392,3
24679,65827,4
24679,29713,5
24679,51551,6
9599,6863,0
9599,2138,1
9599,58141,2
9599,12645,3
9599,12407,4
9599,51546,5
9599,119230,6
94440,4512,0
94440,586,1
94440,55554,2
94440,21521,3
94440,3569181,4
94440,60205,5
94440,30529,6
17170,521,0
17170,2628,1
17170,16171,2
17170,12967,3
17170,36926,4
17170,177443,5
17170,11783,6
18509,83194,0
18509,2493,1
18509,40403,2
18509,58414,3
18509,55265,4
18509,27238,5
18509,83195,6
11709,6553,0
11709,16927,1
11709,20772,2
11709,5964,3
11709,38876,4
11709,30721,5
11709,548699,6
34604,1063,0
34604,30366,1
34604,57906,2
34604,4156,3
34604,27862,5
34604,12483,6
34604,84211,7
14441,2232,0
14441,1907,1
14441,192,2
14441,15455,3
14441,105065,4
14441,52300,5
14441,1194433,6
7520,500,0
7520,29092,1
7520,1951,2
7520,52878,3
7520,6473,4
7520,11150,5
7520,57597,6
10126,2228,0
10126,3087,1
10126,2051,2
10126,6938,3
10126,14333,4
10126,1896,5
10126,571297,6
9602,776,0
9602,44994,1
9602,155783,2
9602,22384,3
9602,15152,4
9602,58074,5
9602,23628,6
23752,707,0
23752,6837,1
23752,28164,2
23752,56933,3
23752,2557,4
23752,27862,5
23752,15412,6
41952,64,0
41952,4724,1
41952,41249,2
41952,16215,3
41952,10671,4
41952,17646,5
41952,44248,6
3980,62001,0
3980,588,1
3980,35090,2
3980,35091,3
3980,35875,4
3980,35092,5
3980,7401,6
10127,35091,0
10127,157054,1
10127,35092,2
10127,12852,3
10127,112300,4
10127,36221,5
10127,158091,6
12702,37007,0
12702,73960,1
12702,169293,2
12702,6193,3
12702,148122,4
12702,157986,5
12702,33569,6
27397,27563,0
27397,20899,1
27397,171155,2
27397,1924,3
27397,19335,4
27397,2701,5
27397,60118,6
9748,6065,0
9748,5344,1
9748,44079,2
9748,11511,3
9748,27725,4
9748,58860,5
9748,214666,6
40095,4515,0
40095,80868,1
40095,26294,2
40095,7333,3
40095,1905,4
40095,16180,5
40095,140236,6
10651,190,0
10651,1276,1
10651,3896,2
10651,66225,3
10651,206,4
10651,47932,5
10651,66200,6
10141,67773,0
10141,3895,1
10141,21104,2
10141,28853,3
10141,30618,4
10141,27762,5
10141,13314,6
27362,23709,0
27362,6238,1
27362,20810,2
27362,1369,3
27362,115280,4
27362,22171,5
27362,79934,6
5680,44810,0
5680,938390,1
5680,42199,2
5680,3202,3
5680,27264,4
5680,8894,5
5680,1018953,6
26386,12899,0
26386,84915,1
26386,75021,2
26386,2886,3
26386,140778,4
26386,147454,5
26386,15833,6
34053,6065,0
34053,4431,1
34053,16327,2
34053,1230,3
34053,29382,4
34053,12889,5
34053,175081,6
25884,28412,0
25884,27862,1
25884,17874,2
25884,94304,3
25884,12811,4
25884,66194,5
25884,106806,6
26355,21625,0
26355,36631,1
26355,9601,2
26355,35109,3
26355,1909,4
26355,95217,5
26355,151335,6
10675,3,0
10675,8925,1
10675,52462,2
10675,2413,3
10675,185316,4
10675,4251,5
10675,15442,6
38982,21625,0
38982,37041,1
38982,38160,2
38982,7399,3
38982,169920,4
38982,58045,5
38982,110,6
10130,10205,0
10130,29092,1
10130,2750,2
10130,63910,3
10130,63911,4
10130,82924,5
10130,1713006,6
2617,707,0
2617,7180,1
2617,14105,2
2617,516,3
2617,27504,4
2617,171213,5
2617,10360,6
38615,18181,0
38615,4514,1
38615,77293,2
38615,11515,3
38615,162243,4
38615,15824,5
38615,159085,6
21362,11390,0
21362,589,1
21362,26472,2
21362,821,3
21362,7906,4
21362,3896,5
21362,8212,6
30690,95024,0
30690,7180,1
30690,12850,2
30690,12519,3
30690,74276,4
30690,79740,5
30690,15832,6
75889,11084,0
75889,8447,1
75889,25503,2
75889,5698,3
75889,1217980,4
75889,21153,5
75889,6074,6
38500,82344,0
38500,42722,1
38500,165939,2
38500,595598,3
38500,101757,4
38500,575938,5
38500,1389087,6
26723,10592,0
26723,96082,1
26723,10215,2
26723,10593,3
26723,10594,4
26723,7487,5
26723,8961,6
20443,1904,0
20443,3223,1
20443,139,2
20443,7675,3
20443,55271,4
20443,7906,5
20443,5950,6
49365,526,0
49365,41247,1
49365,20752,2
49365,381,3
49365,103829,4
49365,110539,5
49365,1660632,6
11347,18191,0
11347,3291,1
11347,69098,2
11347,12982,3
11347,3122,4
11347,32161,5
11347,9142,6
12144,44055,0
12144,71447,1
12144,40352,2
12144,16216,3
12144,3798,5
12144,26044,6
12144,109761,7
13704,17444,0
13704,3034,1
13704,10556,2
13704,15416,3
13704,69122,4
13704,79492,5
13704,29706,6
12505,16897,0
12505,741,1
12505,28633,2
12505,26466,3
12505,171213,4
12505,1272,5
12505,97878,6
41963,2879,0
41963,39117,1
41963,2109,2
41963,14737,3
41963,5589,4
41963,65002,5
41963,2124443,6
13482,2049,0
13482,1272,1
13482,27396,2
13482,27584,3
13482,16433,4
13482,29369,5
13482,11512,6
34014,3037,0
34014,27888,1
34014,27396,2
34014,13593,3
34014,20156,4
34014,29368,5
34014,11715,6
29739,9309,0
29739,18292,1
29739,58150,2
29739,104793,3
29739,104794,4
29739,1811,5
29739,73586,6
12120,707,0
12120,326,1
12120,16165,2
12120,21595,3
12120,20626,4
12120,13922,5
12120,86136,6
47818,741,0
47818,37042,1
47818,18706,2
47818,3126,3
47818,119777,4
47818,14408,5
47818,68681,6
38617,5293,0
38617,66804,1
38617,10430,2
38617,26666,3
38617,349,4
38617,65827,5
38617,58563,6
3543,32645,0
3543,30485,1
3543,3785,2
3543,3762,3
3543,32646,4
3543,32647,5
3543,32648,6
51321,6384,0
51321,33675,1
51321,2885,2
51321,56978,3
51321,59789,4
51321,12852,5
51321,1907,6
9604,1100,0
9604,26485,1
9604,1039,2
9604,8658,3
9604,2975,4
9604,11150,5
9604,3174,6
24929,92852,0
24929,92853,1
24929,92854,2
24929,14852,3
24929,64198,4
24929,20363,5
24929,17188,6
10925,62019,0
10925,14852,1
10925,41262,2
10925,64198,3
10925,74354,4
10925,93149,5
10925,103011,6
13965,73489,0
13965,76181,1
13965,6197,2
13965,76182,3
13965,76183,4
13965,76184,5
13965,76185,6
24266,73489,0
24266,76181,1
24266,75394,2
24266,2090,3
24266,12536,4
24266,91486,5
24266,45207,6
58434,13784,0
58434,2179,1
58434,1276,2
58434,4432,3
58434,11281,4
58434,5589,5
58434,8984,6
18197,77133,0
18197,741,1
18197,6167,2
18197,82787,3
18197,17495,4
18197,554628,5
18197,21521,7
70842,115573,0
70842,32161,1
70842,63611,2
70842,80149,3
70842,559811,4
70842,129452,5
70842,559812,6
38909,121612,0
38909,6386,1
38909,121613,2
38909,4202,3
38909,563864,4
38909,22621,5
38909,167069,6
17126,105647,0
17126,3896,1
17126,17187,2
17126,9306,3
17126,66259,4
17126,1204,5
17126,102,6
11503,8984,0
11503,61840,1
11503,47458,2
11503,1818,3
11503,84685,4
11503,33688,5
11503,107009,6
38558,27811,0
38558,16431,1
38558,4161,2
38558,84878,3
38558,21525,4
38558,11885,5
38558,106753,6
9717,16897,0
9717,13022,1
9717,1796,2
9717,6574,3
9717,15416,4
9717,14782,5
9717,92280,6
11966,1036563,0
11966,26473,1
11966,21731,2
11966,47882,3
11966,726,4
11966,42526,5
11966,58805,6
2605,12851,0
2605,26472,1
2605,26473,2
2605,6168,3
2605,27237,4
2605,27238,5
2605,1036563,6
8740,38500,0
8740,1913732,1
8740,55851,2
8740,55852,3
8740,51948,4
8740,55853,5
8740,55854,6
25497,29369,0
25497,2176,1
25497,982,2
25497,48,3
25497,47699,4
25497,26680,5
25497,1564787,6
38560,16896,0
38560,62,1
38560,56890,2
38560,10447,3
38560,8183,4
38560,120412,5
38560,175977,6
50203,25129,0
50203,4038,1
50203,8447,2
50203,20,3
50203,39709,4
50203,71241,5
50203,26469,6
26798,3391,0
26798,16475,1
26798,20006,2
26798,13726,3
26798,19439,4
26798,59222,5
26798,36172,6
91445,2395,0
91445,11512,1
91445,827,2
91445,10343,3
91445,99829,4
91445,87007,5
91445,90337,6
41428,67091,0
41428,126452,2
41428,126453,3
41428,133886,4
41428,63706,5
8337,44240,0
8337,65827,1
8337,41229,2
8337,54564,3
8337,6916,4
8337,54565,5
8337,1172156,6
47493,38559,0
47493,228,1
47493,14324,2
47493,3129,3
47493,9191,4
47493,4935,5
47493,20768,6
8463,7420,0
8463,4756,1
8463,10774,2
8463,50464,3
8463,55145,4
8463,14739,5
8463,95758,6
41974,9207,0
41974,64,1
41974,1062,2
41974,13023,3
41974,3664,4
41974,5950,5
41974,15374,6
28176,1229,0
28176,11148,1
28176,2641,2
28176,8351,3
28176,10134,4
28176,923,5
28176,2224,6
9493,1100,0
9493,518,1
9493,11164,2
9493,43476,3
9493,32479,4
9493,3041,5
9493,4039,6
26603,777,0
26603,2223,1
26603,74954,2
26603,12967,3
26603,27725,4
26603,2555,5
26603,46099,6
33172,17444,0
33172,11086,1
33172,19427,2
33172,184400,3
33172,1086322,4
33172,22072,5
33172,27145,6
29095,16170,0
29095,169906,1
29095,181486,2
29095,79741,3
29095,17225,4
29095,2076,5
29095,106743,6
12582,3895,0
12582,2282,1
12582,4004,2
12582,12812,3
12582,13327,4
12582,18266,5
12582,7053,6
10001,61808,1
10001,61809,2
10001,61810,3
10001,102603,4
10001,1451740,5
10001,1627098,6
10001,1372113,7
11352,3037,0
11352,18686,1
11352,1230,2
11352,36067,3
11352,1932,4
11352,66288,5
11352,65827,6
12500,21259,0
12500,55271,1
12500,72541,2
12500,72542,3
12500,10133,4
12500,103798,5
12500,99854,6
25678,21259,0
25678,55271,1
25678,25944,2
25678,1120182,5
25678,31261,6
25678,10133,7
25678,100893,8
25682,94330,0
25682,55271,1
25682,88163,2
25682,94082,3
25682,39784,4
25682,105312,5
25682,136298,6
32049,21315,0
32049,82442,1
32049,2969,2
32049,134340,3
32049,942,4
32049,41229,5
32049,1105,6
45225,4724,0
45225,141046,1
45225,22131,2
45225,10742,3
45225,21731,4
45225,10431,5
45225,56182,6
1648,6384,0
1648,18355,1
1648,15903,2
1648,18359,3
1648,2550,4
1648,18360,5
1648,18361,6
4105,3392,0
4105,1271,1
4105,73427,2
4105,689,3
4105,34689,4
4105,34690,5
4105,34691,6
22711,3636,0
22711,12139,1
22711,89141,2
22711,2886,3
22711,12645,4
22711,4049,5
22711,28633,6
19124,585,0
19124,12646,1
19124,84112,2
19124,2078,3
19124,31005,4
19124,27539,5
19124,41229,6
69828,16475,0
69828,1953,1
69828,68109,2
69828,81726,3
69828,12692,4
69828,4316,5
69828,7868,6
53150,147592,1
53150,147593,2
53150,26283,3
53150,14060,4
53150,94304,5
53150,80486,6
53150,55431,7
10142,521,0
10142,2228,1
10142,1280,2
10142,4764,3
10142,5723,4
10142,939767,5
10142,154759,6
3064,1036,0
3064,3223,1
3064,31070,2
3064,31140,3
3064,4443,4
3064,14792,5
3064,4887,6
86093,2314,0
86093,1902,1
86093,18017,2
86093,3172,3
86093,30585,4
86093,17304,5
86093,4969,6
10134,15111,0
10134,63933,1
10134,63934,2
10134,942,4
10134,63936,5
10134,1812173,6
10134,1812174,7
21291,3151,0
21291,12836,1
21291,569,2
21291,1979,3
21291,3019,4
21291,1907,5
21291,47458,6
4925,25129,0
4925,14698,1
4925,4520,2
4925,12438,3
4925,15455,5
4925,100230,6
4925,75467,7
30352,16166,0
30352,21246,1
30352,2049,2
30352,56266,3
30352,38560,4
30352,829,5
30352,106115,6
15142,4765,0
15142,3034,1
15142,6721,2
15142,18706,3
15142,5048,4
15142,17444,5
15142,22553,6
14550,2232,0
14550,1062,1
14550,1039,2
14550,52304,3
14550,118937,4
14550,11478,5
14550,47137,6
32075,55636,0
32075,67026,1
32075,47458,2
32075,920,3
32075,4038,4
32075,3084,5
32075,75790,6
2210,16935,0
2210,4785,1
2210,206,2
2210,22675,3
2210,40680,4
2210,21731,5
2210,7867,6
25005,60650,0
25005,84584,1
25005,67523,2
25005,164723,3
25005,102760,4
25005,108890,5
25005,44184,6
21721,13022,0
21721,60650,1
21721,532,2
21721,6913,3
21721,164723,4
21721,1042911,5
21721,1216994,6
116014,21399,0
116014,5657,1
116014,5313,2
116014,78718,3
116014,7169,4
116014,119864,5
116014,135170,6
11828,504,0
11828,1937,1
11828,70243,2
11828,10707,3
11828,20769,4
11828,8930,5
11828,1073196,6
55699,8891,0
55699,72028,1
55699,11164,2
55699,79741,3
55699,408,4
55699,37422,5
55699,1535,6
10551,738,0
10551,4483,1
10551,4756,2
10551,2111,3
10551,20217,4
10551,30366,5
10551,26486,6
20713,1733,0
20713,53517,1
20713,137347,2
20713,1735,3
20713,4330,4
20713,1292,5
20713,16758,6
27461,3636,0
27461,28248,1
27461,7673,2
27461,3036,3
27461,4784,4
27461,97785,5
27461,11885,6
41969,39117,0
41969,62231,1
41969,183785,2
41969,1229860,3
41969,72708,4
41969,127165,5
41969,1049406,6
1380,2224,0
1380,1159,1
1380,13732,2
1380,21523,3
1380,175798,4
1380,97695,5
1380,11786,6
19157,19292,0
19157,84212,1
19157,112300,2
19157,936813,3
19157,1954,6
19157,4521,7
19157,84211,8
11465,6065,0
11465,1920,1
11465,42746,2
11465,537,3
11465,7447,4
11465,27539,5
11465,4039,6
17190,8654,0
17190,14668,1
17190,77133,2
17190,5010,3
17190,157460,4
17190,196629,5
17190,160319,6
55059,18352,0
55059,33488,1
55059,287,2
55059,16758,4
55059,15746,5
55059,193386,6
55059,106813,7
9085,776,0
9085,9309,1
9085,56949,2
9085,1004,3
9085,4250,4
9085,56950,5
9085,56951,6
17819,15112,0
17819,82406,1
17819,10775,2
17819,24685,3
17819,30560,4
17819,41249,5
17819,47085,6
46786,26485,0
46786,2395,1
46786,140252,3
46786,2076033,4
46786,2076034,5
46786,138105,6
46786,49944,7
14776,20766,0
14776,36042,1
14776,47874,2
14776,219498,3
14776,1198828,4
14776,940,5
14776,33106,6
59585,515,0
59585,4512,1
59585,31140,2
59585,6863,3
59585,64678,4
59585,10159,5
59585,75195,6
32855,62,0
32855,18017,1
32855,11148,2
32855,51805,3
32855,8659,4
32855,153578,5
32855,19239,6
29185,15112,0
29185,1164,1
29185,27260,2
29185,33533,3
29185,18342,4
29185,22132,5
29185,170680,6
39787,380,0
39787,1907,1
39787,228,2
39787,117598,3
39787,33713,4
39787,17764,5
39787,7039,6
32059,8945,0
32059,4038,1
32059,1161,2
32059,1037,3
32059,1004,4
32059,522,5
32059,4566,6
505,2295,0
505,6913,1
505,192,2
505,2178,3
505,4513,4
505,2714,5
505,6914,6
4486,38524,0
4486,32946,1
4486,38525,2
4486,38526,3
4486,38528,5
4486,38529,6
4486,2208810,7
10345,26485,0
10345,25306,1
10345,17770,2
10345,18977,3
10345,51551,4
10345,177765,5
10345,115858,6
10222,15111,0
10222,64655,1
10222,64662,2
10222,222508,3
10222,169702,4
10222,190185,5
10222,126051,6
12774,32747,0
12774,10431,1
12774,4521,2
12774,37822,3
12774,4256,4
12774,725,5
12774,19578,6
14621,192,0
14621,18292,1
14621,8294,2
14621,29445,3
14621,71266,4
14621,87118,5
14621,19384,6
19118,3037,0
19118,57116,1
19118,8437,2
19118,7906,3
19118,922,4
19118,101747,5
19118,6396,6
14372,27811,0
14372,16554,1
14372,26666,2
14372,11511,3
14372,8874,4
14372,96442,5
14372,779,6
15138,2223,0
15138,77920,1
15138,11511,2
15138,60700,3
15138,1538,4
15138,11805,5
15138,28166,6
9972,16483,0
9972,55636,1
9972,22384,2
9972,1105,3
9972,3197,4
9972,1735,5
9972,4761,6
9494,8891,0
9494,1796,1
9494,3019,2
9494,18364,3
9494,3093,4
9494,62,5
9494,66160,6
17362,18352,0
17362,105747,1
17362,27012,2
17362,105197,3
17362,21043,4
17362,10938,5
17362,67523,6
9942,13022,0
9942,6952,1
9942,21246,2
9942,60700,3
9942,16433,4
9942,14343,5
9942,10814,6
8216,81875,0
8216,81876,1
8216,81877,2
8216,81878,3
8216,81879,4
8216,81880,5
8216,81881,6
4296,10823,0
4296,36169,1
4296,36170,2
4296,19976,3
4296,36172,4
4296,13399,5
4296,36171,6
24739,11085,0
24739,51544,1
24739,103071,2
24739,11756,3
24739,34,4
24739,29685,5
24739,1743,6
39197,18686,0
39197,1981,1
39197,2453,2
39197,504,3
39197,349,4
39197,4039,5
39197,83145,6
9686,1733,0
9686,2165,1
9686,54123,2
9686,58530,3
9686,884,4
9686,3094,5
9686,3753,6
27418,723,0
27418,3896,1
27418,2059,2
27418,9994,3
27418,15854,4
27418,2053,5
27418,6451,6
39002,16620,0
39002,8396,1
39002,18891,2
39002,29685,3
39002,19839,4
39002,1104,5
39002,102937,6
43345,6352,0
43345,8487,1
43345,33181,2
43345,129455,3
43345,71408,4
43345,9630,5
43345,129456,6
31606,193,0
31606,593,1
31606,2176,2
31606,11512,3
31606,11901,4
31606,2230,5
31606,57597,6
27607,1811,0
27607,54782,1
27607,18365,2
27607,222266,3
27607,1794735,4
27607,164426,5
27607,44830,6
37146,37221,0
37146,74296,1
37146,2275,2
37146,1737,3
37146,12514,4
37146,1046579,5
37146,1234924,6
20006,190,0
20006,40389,1
20006,17396,2
20006,206,3
20006,85869,4
20006,65334,5
20006,133771,6
8867,16644,0
8867,20959,1
8867,1924,2
8867,56182,3
8867,76184,4
8867,64778,5
8867,150536,6
12663,16644,0
12663,588,1
12663,73337,2
12663,14948,3
12663,28413,4
12663,73338,5
12663,591,6
331,4783,0
331,3905,1
331,4939,2
331,4941,3
331,4940,4
331,2169,5
331,4942,6
11467,1204,0
11467,3036,1
11467,1922,2
11467,7904,3
11467,5587,4
11467,2283,5
11467,4690,6
327,4987,1
327,4988,2
327,4990,3
327,4989,4
327,4992,6
327,4994,7
327,4995,8
1548,2155,0
1548,1245,1
1548,884,2
1548,51214,3
1548,7796,4
1548,12438,5
1548,31714,6
13403,17114,0
13403,18273,1
13403,126684,3
13403,2843,4
13403,126686,5
13403,8263,6
13403,1860495,7
869,13240,0
869,3129,1
869,1283,2
869,61981,3
869,10823,4
869,13241,5
869,13242,6
552,7540,0
552,2310,1
552,7541,2
552,7542,3
552,7543,4
552,7544,5
552,7545,6
36095,18056,0
36095,116321,1
36095,137026,2
36095,115910,3
36095,133656,4
36095,1248524,5
36095,137028,6
33379,2296,0
33379,15735,1
33379,1282,2
33379,2268,3
33379,41042,4
33379,2302,5
33379,19868,6
196859,9629,0
196859,83187,1
196859,589,2
196859,2059,3
196859,11085,4
196859,41886,5
196859,1226789,6
47574,51671,0
47574,11084,1
47574,37260,2
47574,1381,3
47574,129527,4
47574,20982,5
47574,1322862,6
2171,21197,0
2171,11076,1
2171,22223,3
2171,22226,4
2171,6212,5
2171,22227,6
2171,22225,7
87462,21624,0
87462,1162,1
87462,67524,2
87462,41229,3
87462,101871,4
87462,51662,5
87462,1235819,6
20307,2628,0
20307,38560,1
20307,9995,2
20307,17343,3
20307,17200,4
20307,229,5
20307,7862,6
19142,10508,0
19142,58691,1
19142,31364,2
19142,82507,3
19142,589761,4
19142,101874,5
19142,44995,6
41946,13919,0
41946,936,1
41946,6637,2
41946,2878,3
41946,2109,4
41946,400,5
41946,3463,6
10135,723,0
10135,6473,1
10135,16431,2
10135,856,3
10135,63941,4
10135,63942,5
10135,60508,6
32767,27888,0
32767,12518,1
32767,109622,2
32767,88031,3
32767,109623,4
32767,41737,5
32767,14833,6
56162,32645,0
56162,69010,1
56162,777,2
56162,558990,3
56162,3763,4
56162,16861,5
56162,1049234,6
24254,11159,0
24254,21315,1
24254,14415,2
24254,62036,3
24254,9565,4
24254,7795,5
24254,8263,6
19236,143443,0
19236,86489,1
19236,93655,2
19236,143444,3
19236,143445,4
19236,19579,5
19236,143446,6
32261,5049,0
32261,12656,1
32261,2233,2
32261,1327,3
32261,10655,4
32261,10341,5
32261,83908,6
60276,14061,0
60276,101752,1
60276,50880,2
60276,100552,3
60276,42157,4
60276,12900,5
60276,122936,6
12150,1158,0
12150,6913,1
12150,1230,2
12150,12132,3
12150,21282,4
12150,28633,5
12150,3137,6
11185,9309,0
11185,3460,1
11185,18891,2
11185,1979,3
11185,53584,4
11185,1217685,5
11185,31007,6
47045,18298,0
47045,2022,1
47045,12900,2
47045,14835,3
47045,41273,4
47045,87920,5
47045,1212317,6
18683,83437,0
18683,71010,1
18683,83438,2
18683,47699,3
18683,34901,4
18683,15736,5
18683,1369,6
12521,4776,0
12521,12644,1
12521,72612,3
12521,33014,4
12521,106753,5
12521,97068,6
12521,11769,7
12478,27772,0
12478,14830,1
12478,19262,2
12478,72421,3
12478,105962,4
12478,27008,5
12478,14849,6
49788,40389,0
49788,14541,1
49788,54782,2
49788,83665,3
49788,112740,4
49788,176362,5
49788,2167,6
31083,18352,0
31083,6161,1
31083,68109,2
31083,45523,3
31083,83259,4
31083,109470,5
31083,1171593,6
30666,12646,0
30666,41229,1
30666,86923,2
30666,27773,3
30666,106738,4
30666,106739,5
30666,106740,6
25155,12646,0
25155,100870,1
25155,3665,2
25155,100871,3
25155,4156,4
25155,75467,5
25155,100872,6
65015,10760,0
65015,240221,1
65015,240222,2
65015,118931,3
65015,1176199,4
65015,3536258,5
65015,3536259,7
24077,4785,0
24077,7056,1
24077,10730,2
24077,11855,3
24077,130947,4
24077,96699,5
24077,1179385,6
9618,16483,0
9618,6856,1
9618,10742,2
9618,3785,3
9618,591,4
9618,20904,5
9618,160474,6
16560,66804,0
16560,80622,1
16560,20156,2
16560,80623,3
16560,3977,4
16560,1911,5
16560,1056700,6
31608,1733,0
31608,519,1
31608,108209,2
31608,15152,3
31608,2394,4
31608,12521,5
31608,57910,6
22102,56881,0
22102,8977,1
22102,27862,3
22102,17832,4
22102,93663,5
22102,91415,6
22102,145747,7
6951,31,0
6951,51544,1
6951,8977,2
6951,48810,3
6951,53010,4
6951,41253,5
6951,7672,6
11959,71041,0
11959,34597,1
11959,50807,2
11959,11659,3
11959,157444,4
11959,92684,5
11959,146798,6
2616,7180,0
2616,26495,1
2616,12930,2
2616,11510,3
2616,23882,4
2616,27491,5
2616,27492,6
7091,2963,0
7091,2051,1
7091,3130,2
7091,44845,3
7091,51864,4
7091,51949,5
7091,83196,6
249,3392,0
249,3391,1
249,518,2
249,32645,3
249,1328,4
249,169210,5
249,3173,6
11342,6104,0
11342,26456,1
11342,20766,2
11342,100552,3
11342,1219431,4
11342,1222806,5
11342,51518,6
183,33052,0
183,91412,1
183,64857,2
183,91413,3
183,5176,4
183,2222,5
183,2223,6
32330,19728,0
32330,289,1
32330,21818,2
32330,169141,3
32330,14103,4
32330,8263,5
32330,13644,6
24126,6104,0
24126,27504,1
24126,59449,2
24126,36059,3
24126,14328,4
24126,1107,5
24126,15414,6
8494,37041,0
8494,55265,1
8494,55267,2
8494,42974,3
8494,13473,4
8494,55270,5
8494,55271,6
26535,14011,0
26535,1666,1
26535,95630,2
26535,89895,3
26535,8232,4
26535,10027,5
26535,95632,6
41784,38524,0
41784,65345,1
41784,18260,2
41784,7863,3
41784,133921,4
41784,144081,5
41784,548026,6
27431,18643,0
27431,9857,1
27431,70119,2
27431,33815,3
27431,18966,4
27431,5815,5
27431,1079970,6
2148,1205,0
2148,66804,1
2148,2882,2
2148,62127,3
2148,382,4
2148,1736,5
2148,2963,6
42033,158360,0
42033,7868,1
42033,102760,2
42033,194370,3
42033,94998,5
42033,101801,6
42033,1109248,7
11308,2879,0
11308,1038,1
11308,32393,2
11308,2222,3
11308,52878,4
11308,167120,5
11308,13922,6
23239,77335,0
23239,75544,1
23239,15337,2
23239,85351,3
23239,96460,4
23239,544968,5
23239,1236236,6
53119,42279,0
53119,147316,1
53119,6588,2
53119,1924,3
53119,11180,4
53119,32645,5
53119,12150,6
31941,1733,0
31941,4514,1
31941,21030,2
31941,2516,3
31941,15416,4
31941,101752,5
31941,42003,6
19317,3267,0
19317,27964,1
19317,30585,2
19317,5372,3
19317,57350,4
19317,15857,5
19317,92959,6
27813,99025,0
27813,229718,1
27813,99040,2
27813,172482,3
27813,1419421,4
27813,1419422,5
27813,1419423,6
57745,35862,0
57745,480,1
57745,226818,2
57745,71770,3
57745,226819,4
57745,1325974,5
57745,2451,6
2057,11701,0
2057,3131,1
2057,11155,2
2057,21142,3
2057,12536,4
2057,21143,5
2057,21144,6
9880,1813,0
9880,5823,1
9880,33656,2
9880,6692,3
9880,1210,4
9880,12901,6
9880,115730,7
5175,18897,0
5175,66,1
5175,11389,2
5175,41901,3
5175,1339,4
5175,7169,5
5175,1166,6
21596,87692,0
21596,87693,1
21596,87694,2
21596,586376,3
21596,586377,4
21596,126619,5
21596,586276,6
41951,4812,0
41951,556855,1
41951,33161,2
41951,24542,3
41951,1128242,4
41951,1168930,5
41951,586284,6
11385,4165,0
11385,37777,1
11385,29428,2
11385,7503,3
11385,24298,4
11385,3244,5
11385,26166,6
4484,32312,0
4484,12270,1
4484,1654,2
4484,38510,3
4484,38511,4
4484,38512,5
4484,38513,6
11684,12270,0
11684,32312,1
11684,15184,2
11684,24629,3
11684,12005,4
11684,38512,5
11684,1039477,6
44414,51805,0
44414,59789,1
44414,8984,2
44414,5729,3
44414,6110,4
44414,7471,5
44414,9284,6
44258,2264,0
44258,385,1
44258,138411,2
44258,1222209,3
44258,115573,4
44258,12517,5
44258,1014435,6
20391,18391,0
20391,190,1
20391,3830,2
20391,4093,3
20391,3907,4
20391,163548,5
20391,97659,6
12584,4165,0
12584,7570,1
12584,854,3
12584,16420,4
12584,39753,5
12584,16555,6
12584,4073,7
70042,2480345,0
70042,1842466,1
70042,1842442,2
70042,4035731,3
70042,4218763,4
70042,4218764,5
70042,4218766,6
1627,18206,0
1627,18207,2
1627,11550,3
1627,18210,6
1627,18211,7
1627,18212,8
1627,6304,11
11542,227,0
11542,7571,1
11542,12438,2
11542,69791,3
11542,160301,4
11542,1048615,5
11542,157531,6
17169,190,0
17169,66223,1
17169,18071,2
17169,98102,3
17169,14785,4
17169,4970,5
17169,101172,6
39176,10017,0
39176,13326,1
39176,103727,2
39176,127488,3
39176,182092,4
39176,72328,5
39176,2980,6
33214,64928,0
33214,9207,1
33214,1037,2
33214,656,3
33214,83908,4
33214,110318,5
33214,663,6
19267,18897,0
19267,10134,1
19267,40621,2
19267,12515,3
19267,74073,4
19267,995587,5
19267,92761,6
2770,21593,0
2770,21403,1
2770,21594,2
2770,57599,3
2770,52480,4
2770,21595,5
2770,21596,6
12610,2632,0
12610,2975,1
12610,11076,2
12610,33285,3
12610,1532,4
12610,28640,5
12610,1748,6
1933,2227,0
1933,20051,1
1933,58068,2
1933,20052,3
1933,20053,4
1933,2040,5
1933,20054,6
13496,72466,0
13496,1894,1
13496,17303,2
13496,16856,3
13496,20814,4
13496,1166,5
13496,8534,6
21055,87034,0
21055,87035,1
21055,45863,2
21055,64154,3
21055,6163,4
21055,6886,5
21055,8263,6
24936,3063,0
24936,5725,1
24936,17243,2
24936,6164,3
24936,14849,4
24936,10361,5
24936,36810,6
80070,2037,0
80070,1123230,1
80070,536915,2
80070,1123231,3
80070,190908,4
80070,1078696,5
80070,54000,6
10972,3064,0
10972,16560,1
10972,46395,2
10972,6164,3
10972,2839,4
10972,925,5
10972,31268,6
1722,2963,0
1722,955,1
1722,5049,2
1722,3894,3
1722,18616,4
1722,18847,5
1722,18848,6
9896,174838,0
9896,33654,1
9896,9777,2
9896,206202,3
9896,20189,4
9896,13922,5
9896,58381,6
26665,1640,0
26665,17286,1
26665,44079,2
26665,10985,3
26665,21978,4
26665,95969,5
26665,21344,6
125707,77561,0
125707,88807,1
125707,1377845,2
125707,152523,3
125707,105835,4
125707,3070,5
125707,11132,6
9683,131,0
9683,12967,1
9683,6407,2
9683,11160,3
9683,3911,4
9683,10987,5
9683,35701,6
2779,707,0
2779,9994,1
2779,6885,3
2779,28010,4
2779,28004,5
2779,28002,6
2779,24046,7
2294,19302,0
2294,880,2
2294,21596,3
2294,13446,4
2294,17303,5
2294,23658,6
2294,23659,7
10016,57395,0
10016,9778,1
10016,2230,2
10016,976,3
10016,20387,4
10016,593,5
10016,12371,6
26602,33260,0
26602,10860,1
26602,10430,2
26602,26457,3
26602,6197,4
26602,48012,5
26602,328,6
37920,1245,0
37920,2630,1
37920,3417,2
37920,25449,3
37920,995627,4
37920,1353091,6
37920,13023,7
22230,3141,0
22230,7132,1
22230,11318,2
22230,167604,3
22230,20047,5
22230,58544,6
22230,6432,7
206412,21881,0
206412,1188912,1
206412,2171,2
206412,95604,3
206412,18277,4
206412,4,5
206412,142858,6
13966,41419,0
13966,20810,1
13966,76215,2
13966,15576,3
13966,76216,4
13966,34901,5
13966,10730,6
742,6003,0
742,6283,1
742,11038,2
742,11039,3
742,11040,4
742,11041,5
742,11042,6
248757,41688,0
248757,20283,1
248757,28863,2
248757,17345,3
248757,1219117,4
248757,25848,5
248757,543193,6
15104,49818,0
15104,102313,1
15104,102314,2
15104,54024,3
15104,7430,4
15104,92326,5
15104,102315,6
8922,56356,0
8922,15033,1
8922,56357,2
8922,56358,3
8922,39015,4
8922,36637,5
8922,955065,6
11065,327,0
11065,8349,1
11065,2299,2
11065,40979,3
11065,12041,4
11065,96922,5
11065,20220,7
21118,20162,0
21118,6885,1
21118,879,2
21118,723,3
21118,28638,4
21118,955,5
21118,1578,6
46727,17772,0
46727,137391,1
46727,53283,2
46727,589,3
46727,1497300,4
46727,19187,5
46727,14326,6
16314,11395,0
16314,80280,1
16314,8187,2
16314,80281,3
16314,80282,4
16314,80283,5
16314,80284,6
18885,11395,0
18885,8187,1
18885,148101,2
18885,69924,3
18885,148102,4
18885,61632,5
18885,80283,6
40508,11395,0
40508,16119,1
40508,80280,2
40508,8187,3
40508,80281,4
40508,26929,5
40508,32286,6
5922,13565,0
5922,3265,1
5922,21519,2
5922,2390,3
5922,8258,4
5922,88748,5
5922,3801,6
27346,16525,0
27346,10461,1
27346,101609,2
27346,3643756,4
27346,3643757,5
27346,101610,6
27346,99606,7
34223,10661,0
34223,112158,1
34223,68898,2
34223,52306,3
34223,91332,4
34223,16183,5
34223,1275,6
16307,39188,0
16307,113,1
16307,10341,2
16307,45467,3
16307,83739,4
16307,156387,5
16307,1375590,6
27681,25541,0
27681,21320,1
27681,98530,2
27681,1176163,3
27681,98700,4
27681,10475,5
27681,1176968,6
11370,20746,0
11370,50,1
11370,8211,2
11370,9029,3
11370,3129,4
11370,975,5
11370,25441,6
12508,13240,0
12508,4491,1
12508,17287,2
12508,72576,3
12508,72578,4
12508,72577,5
12508,9191,6
14033,41555,0
14033,8210,1
14033,1893,2
14033,13446,3
14033,15276,4
14033,36422,5
14033,554391,6
25462,2535,0
25462,9779,1
25462,18471,2
25462,17773,3
25462,52116,4
25462,59154,5
25462,60561,6
223346,1946291,0
223346,1946292,1
223346,987,2
223346,7621,3
223346,1946293,4
223346,1946294,5
34714,5694,0
34714,2680,1
34714,29710,2
34714,77353,3
34714,20388,4
34714,11521,5
34714,1919546,6
47161,1891581,0
47161,135907,1
47161,1891583,2
47161,1891584,3
47161,1891585,4
106230,113949,0
106230,1647815,1
106230,1647816,2
106230,1647817,3
106230,1365833,4
106230,1278042,5
106230,1647819,6
35176,11826,0
35176,66587,1
35176,20165,2
35176,58058,3
35176,87956,4
35176,72440,5
35176,56015,6
18734,17142,0
18734,27545,1
18734,1248,2
18734,177219,3
18734,176594,4
18734,171969,5
18734,234840,6
44321,649813,0
44321,649814,1
44321,649815,2
44321,1351372,3
44321,1351373,4
44321,1351374,5
44321,1351375,6
26661,30111,0
26661,29642,1
26661,3340,2
26661,16074,3
26661,85943,4
26661,80206,5
26661,113511,6
5998,77,0
5998,28988,1
5998,47169,2
5998,73,3
5998,29141,4
5998,47170,5
5998,47171,6
58062,5309,0
2176,22290,0
2176,2882,1
2176,1640,2
2176,4940,3
2176,38026,4
2176,6905,5
2176,1907,6
20857,6384,0
20857,2882,1
20857,135651,2
20857,61962,3
20857,16861,4
20857,170375,5
20857,1855224,6
22617,1004,0
22617,114470,1
22617,1187541,2
22617,1187540,3
22617,60205,4
22617,69298,5
22617,21359,6
75386,1052923,0
75386,100824,1
75386,1052929,2
75386,1052925,3
75386,116913,4
75386,1052927,5
75386,1069831,6
2185,12898,0
2185,14343,1
2185,11107,2
2185,11662,3
2185,2283,4
2185,1117,5
2185,11664,6
10696,66586,0
10696,66587,1
10696,105881,2
10696,68430,3
10696,31138,4
10696,37042,5
10696,18288,6
2034,5292,0
2034,569,1
2034,349,2
2034,13022,3
2034,1166,4
2034,10361,5
2034,7248,6
21538,87633,0
21538,87634,1
21538,65765,2
21538,87630,3
21538,5296,4
21538,66094,5
51722,1070093,1
51722,1070094,2
51722,1070095,3
51722,1070096,4
51722,1070098,5
51722,1070099,6
51722,1070100,7
48834,10985,0
48834,146768,1
48834,146769,2
48834,1942999,3
48834,2058,4
48834,77287,5
48834,334153,6
30379,13919,0
30379,2712,1
30379,6200,2
30379,1646,3
30379,8655,4
30379,22383,5
30379,79740,6
31016,12833,0
31016,69122,1
31016,5916,2
31016,1117,3
31016,328,4
31016,38582,5
31016,2283,6
32567,3896,0
32567,1006136,1
32567,175829,2
32567,557860,3
12537,5064,0
12537,16940,1
12537,72705,2
12537,72708,3
12537,72706,4
12537,1249,5
12537,1628644,6
9028,1352,0
9028,14277,1
9028,4968,2
9028,5814,3
9028,6780,4
9028,16318,5
9028,56729,6
16180,25635,0
16180,7505,1
16180,20128,2
16180,79924,3
16180,9926,4
16180,15202,5
16180,3796,6
11521,1038,0
11521,1902,1
11521,46530,2
11521,18688,3
11521,11076,4
11521,5578,5
11521,1011342,6
21028,86998,0
21028,87001,1
21028,86999,2
21028,87004,3
21028,87000,4
21028,87005,5
21028,87002,6
27327,97561,0
27327,69055,2
27327,2563,3
27327,26283,4
27327,93670,5
27327,2007340,6
27327,68382,7
35200,194,0
35200,25173,1
35200,18071,2
35200,47886,3
35200,31321,4
35200,39008,5
35200,19448,6
21242,13784,0
21242,40168,1
21242,19217,2
21242,44188,3
21242,12518,4
21242,79732,5
21242,1210,6
29756,16764,0
29756,104810,1
29756,14573,2
29756,30273,3
29756,118022,4
29756,9072,5
29756,24554,6
82523,95788,0
82523,38127,1
82523,598013,2
82523,94553,3
82523,770994,4
82523,3855,5
82523,928139,6
20115,122178,0
20115,11854,1
20115,27398,2
20115,44959,3
20115,65750,4
20115,228167,5
20115,18687,6
30295,2638,0
30295,5320,1
30295,12726,2
30295,105999,4
30295,106000,5
30295,101510,6
30295,106001,7
25767,2638,0
25767,20141,1
25767,10158,2
25767,14500,3
25767,47479,4
25767,47392,5
25767,47478,6
33725,4347,0
33725,13566,1
33725,7331,2
33725,7684,3
33725,19109,4
33725,4966,5
33725,6463,6
22874,2638,0
22874,4111,1
22874,14300,2
22874,89534,3
22874,29675,4
22874,47398,5
22874,137474,6
11576,12147,0
11576,69951,1
11576,8902,2
11576,67393,3
11576,109897,4
11576,1937,5
11576,19178,6
43860,98568,0
43860,99461,1
43860,88460,2
43860,14685,3
43860,29127,4
43860,127024,5
43860,106991,6
43802,3380,0
43802,2435,1
43802,7663,2
43802,67685,3
43802,64212,4
43802,7667,5
43802,89813,6
9660,2638,0
9660,3150,1
9660,55890,2
9660,58414,3
9660,89582,4
9660,41250,5
9660,19110,6
15393,190,0
15393,41232,1
15393,50234,2
15393,95564,3
15393,95597,4
15393,111581,5
15393,37714,6
248,3381,0
248,3380,1
248,3382,2
248,857,3
248,2314,4
248,3383,5
248,2437,6
40885,3084,0
40885,70564,1
40885,16896,2
40885,10022,3
40885,123187,4
40885,124933,5
40885,7503,6
25905,233289,0
25905,124143,1
25905,1360516,2
25905,1290919,3
25905,2388515,4
25905,1262115,5
25905,233290,6
21148,41253,0
21148,223622,2
21148,940950,3
21148,152353,4
21148,157672,5
21148,27515,6
21148,75195,7
1644,2628,0
1644,1229,1
1644,18331,2
1644,18277,3
1644,14704,4
1644,28950,5
1644,38337,6
12502,5064,0
12502,6856,1
12502,38225,2
12502,8977,3
12502,10430,4
12502,2958,5
12502,21399,6
66092,8183,0
66092,6657,1
66092,90163,2
66092,8607,3
66092,195061,4
66092,1958714,5
66092,14784,7
10373,65301,0
10373,65302,1
10373,26854,2
10373,65303,3
10373,982,4
10373,5538,5
10373,27323,6
13766,689,0
13766,1063,1
13766,11164,2
13766,67893,3
13766,73421,4
13766,15455,5
13766,4139,6
16380,15772,0
16380,74542,1
16380,62549,2
16380,14508,3
16380,113654,4
16380,153297,5
16380,56140,6
12103,3392,0
12103,48,1
12103,328,2
12103,20815,3
12103,828,4
12103,18285,5
12103,10696,6
11313,4173,0
11313,21028,1
11313,15250,2
11313,21027,3
11313,52,4
11313,21088,5
11313,19453,6
9398,7399,0
9398,887,1
9398,15286,2
9398,23659,3
9398,63,4
9398,26042,5
9398,12640,6
35066,24264,0
35066,34902,1
35066,76215,2
35066,2462,3
35066,16756,4
35066,18616,5
35066,11616,6
45864,13391,0
45864,149773,1
45864,60460,2
45864,100372,3
45864,139871,4
45864,995587,5
45864,927801,6
55372,77191,0
55372,15481,1
55372,76827,2
55372,35255,3
55372,2166,4
55372,5082,5
55372,56285,6
292947,1542648,2
292947,1542649,3
292947,1542650,4
292947,1554949,5
292947,174848,6
10866,8167,0
10866,18324,1
10866,22290,2
10866,15854,3
10866,552467,4
10866,149526,5
10866,7473,6
34549,15789,0
34549,1211,1
34549,6213,2
34549,62760,3
34549,15760,4
34549,4496,5
34549,62036,6
9778,3036,0
9778,3967,1
9778,12799,2
9778,18354,3
9778,38405,4
9778,28640,5
9778,26510,6
34453,1442,0
34453,1001955,1
58429,18499,0
58429,590943,1
58429,122696,2
58429,138245,3
58429,677695,4
58429,929483,5
58429,1056083,6
16121,18391,0
16121,2,1
16121,62036,2
16121,27516,3
16121,8898,4
16121,19092,5
16121,35826,6
40220,980279,0
40220,2046512,1
40220,8516,2
40220,15866,3
40220,1778954,4
40220,1778955,5
40220,1778956,6
166,1958,0
166,1959,1
166,1957,2
166,1969,3
166,1974,4
166,1960,5
166,1970,6
42787,8725,0
42787,3085,1
42787,40388,2
42787,129492,3
42787,153301,4
42787,9596,5
42787,87685,6
1623,4135,0
1623,5050,1
1623,13724,2
1623,8608,3
1623,18181,4
1623,192,5
1623,2454,6
40932,1047312,0
40932,1047313,1
40932,1047314,2
40932,1047315,3
40932,1047316,4
40932,1047317,5
40932,26483,6
32027,2048,0
32027,1038,1
32027,41229,3
32027,12521,4
32027,3339,5
32027,29712,6
32027,58649,7
13550,862,0
13550,74636,1
13550,19550,2
13550,15765,3
13550,101851,4
13550,3639,5
13550,92959,6
13612,11159,0
13612,63208,1
13612,25578,2
13612,86399,3
13612,2642936,4
13612,87151,5
13612,53594,6
16769,5606,0
16769,2176,1
16769,76136,2
16769,821,3
16769,590,4
16769,97787,5
16769,97788,6
42158,3037,0
42158,27563,1
42158,855,2
42158,21520,3
42158,67788,4
42158,1234854,5
42158,1664401,6
27958,1158,0
27958,7004,1
27958,650,2
27958,31186,3
27958,16525,5
27958,42547,6
27958,94766,7
86463,79630,0
86463,79629,1
86463,79658,2
86463,238499,3
86463,80117,4
86463,58296,5
86463,38667,6
31703,12950,0
31703,16554,1
31703,49877,2
31703,70307,3
31703,39709,4
31703,110448,5
31703,110449,6
1716,50,0
1716,16927,1
1716,18778,2
1716,10262,3
1716,11535,4
1716,18558,5
1716,18779,6
27059,73931,0
27059,1556269,1
27059,2113523,2
27059,58731,3
27059,2497841,4
27059,2497843,6
20681,4690,0
20681,13022,1
20681,75790,2
20681,146714,3
20681,10080,4
20681,652,5
20681,13329,6
57743,12800,0
57743,34844,1
57743,90610,2
57743,1159,3
57743,35552,4
57743,19151,5
57743,3668475,6
3172,62,0
3172,879,1
3172,112,2
3172,31711,3
3172,31712,4
3172,31713,5
3172,31714,6
17708,58317,0
17708,5025,1
17708,2314,2
17708,2969,4
17708,10430,5
17708,6487,6
17708,1219226,7
12780,120725,0
12780,1341,1
12780,73472,2
12780,130517,3
12780,239091,4
12780,56811,5
12780,65976,6
570,7705,0
570,7706,1
570,7707,2
570,7708,3
570,7710,5
570,7711,6
570,3898772,7
1018,3489,0
1018,15007,1
1018,15009,2
1018,15008,3
1018,1236,4
1018,5694,5
1018,6486,6
25641,13,0
25641,22290,1
25641,6365,2
25641,10556,3
25641,5960,4
25641,21731,5
25641,80135,6
16767,9714,0
16767,554427,1
16767,84508,2
16767,209083,3
16767,83937,4
16767,551965,5
16767,222405,6
102933,21165,0
102933,32458,1
102933,2841,2
102933,7430,3
102933,14326,4
102933,30485,5
102933,98275,6
11380,19767,0
11380,2230,1
11380,36068,2
11380,79538,3
11380,42722,4
11380,58924,5
11380,158452,6
27396,4165,0
27396,4786,1
27396,41234,2
27396,3754,3
27396,17580,4
27396,14562,5
27396,72742,6
26299,21457,0
26299,83433,1
26299,34660,2
26299,19138,3
26299,10608,4
26299,14732,5
26299,1098447,6
984,190,0
984,14785,1
984,14784,2
984,17580,3
984,14782,4
984,95564,5
984,14786,6
15559,1749,0
14811,10501,0
14811,129550,1
14811,112253,2
14811,129551,3
14811,1075028,4
14811,975522,5
14811,161806,6
21741,6577,0
77670,2876,0
77670,37041,1
77670,25834,2
77670,1536858,3
77670,159056,4
77670,32289,5
77670,26467,6
55727,21624,0
55727,158711,2
55727,151555,3
55727,45612,4
55727,653,5
55727,57906,7
55727,84879,8
15560,18260,0
9585,35,0
9585,658,1
9585,58078,2
9585,693,3
9585,58079,4
9585,39336,5
9585,35529,6
14267,10369,0
14267,10370,1
14267,10371,2
14267,9292,3
14267,10373,4
14267,10375,5
14267,10376,6
45929,1749,0
768,85,0
768,69122,1
768,65,2
768,1923,3
768,385,4
768,973,5
768,1641,6
2100,4135,0
2100,4691,1
2100,103,2
2100,18792,3
2100,5365,4
2100,80380,5
2100,3137,6
11091,69597,0
11091,18324,1
11091,28472,2
11091,328,3
11091,4512,4
11091,11478,5
11091,4810,6
3173,1250057,0
3173,31042,1
3173,31043,2
3173,31044,3
3173,31045,4
3173,31046,5
3173,3661898,6
27092,19803,0
27092,17093,1
27092,87016,2
27092,96918,3
27092,71361,4
27092,74909,5
27092,105741,6
23941,6281,0
23941,90658,1
23941,6951,2
23941,589,3
23941,90659,4
23941,68109,5
23941,13550,6
18192,3905,0
18192,4784,1
18192,19839,2
18192,7470,3
18192,83024,4
18192,180878,5
18192,6074,6
11845,40900,0
11845,17258,1
11845,151808,2
11845,73673,3
11845,1846931,4
11845,9191,5
11845,19995,6
9081,569,0
9081,1146,1
9081,56934,2
9081,71658,3
9081,57970,4
9081,56935,6
9081,71659,7
167,1229,0
167,1979,1
167,1980,2
167,1981,3
167,1737,4
167,1985,5
167,1986,6
34043,77073,0
34043,54651,1
34043,59192,2
34043,3776873,3
34043,111713,4
34043,59154,5
34043,21290,6
9378,4252,0
9378,6368,1
9378,26457,2
9378,21596,3
9378,1003356,4
9378,62911,5
9378,238825,6
27444,1371,0
27444,51671,1
27444,97769,2
27444,110008,3
27444,133686,4
27444,212050,5
27444,88369,6
141,131,0
141,20089,1
141,1582,2
141,69597,3
141,5151,4
141,1579,5
141,1581,6
10034,6613,0
10034,1980,1
10034,2449,2
10034,41042,3
10034,5658,4
10034,17123,5
10034,20999,6
11457,8945,0
11457,17244,1
11457,5470,2
11457,20089,3
11457,2453,4
11457,19211,5
11457,2977,6
10778,879,0
10778,3910,1
10778,1010,2
10778,4691,3
10778,171379,4
10778,4253,5
10778,1245,6
78657,18177,0
78657,32513,1
78657,19117,2
78657,24462,3
78657,584846,4
78657,26170,5
78657,134757,6
67385,72590,0
67385,28463,1
67385,72090,2
67385,35066,3
67385,21667,4
67385,548642,5
67385,548643,6
11456,8891,0
11456,71467,1
11456,4937,2
11456,10399,3
11456,31839,4
11456,884,5
11456,39730,6
585,1230,0
585,7904,1
585,7905,2
585,884,3
585,5563,4
585,7906,5
585,10,6
10796,1336,0
10796,17832,1
10796,18792,2
10796,976,3
10796,62003,4
10796,52476,5
10796,129124,6
23949,569,0
23949,2692,1
23949,139,2
11088,193,0
11088,518,1
11088,18792,2
11088,6807,3
11088,27267,4
11088,10743,5
11088,5699,6
9889,70851,0
9889,12052,1
9889,1206,2
9889,60023,3
9889,1214398,4
9889,14888,5
9889,283444,6
140511,5723,0
140511,4810,1
140511,27584,2
140511,19183,3
140511,4688,4
140511,3141,5
140511,57389,6
133115,52602,0
133115,350,1
133115,4138,2
133115,140355,3
133115,152648,4
133115,14226,5
133115,133047,6
45964,10556,0
45964,1466,1
45964,10559,2
45964,14816,3
45964,80135,4
45964,28413,5
45964,1081854,6
32014,10430,0
32014,9979,1
32014,8262,2
32014,3801,3
32014,15416,4
32014,44049,5
32014,21523,6
13408,2041,0
13408,19767,1
13408,93615,3
13408,1568932,4
13408,8396,5
13408,325,6
13408,35806,7
671,10980,0
671,10989,1
671,10990,2
671,194,3
671,10993,4
671,4566,5
671,1923,6
17731,55714,0
17731,82338,1
17731,82339,2
17731,37043,3
17731,102,4
17731,110927,5
17731,118546,6
20794,67773,0
20794,1283,1
20794,4784,2
20794,71266,3
20794,10486,4
20794,86561,5
20794,86562,6
11469,78029,0
11469,36219,1
11469,207,2
11469,1535298,3
11469,9831,4
11469,15028,5
11469,121939,6
14369,52474,0
14369,18589,1
14369,58225,2
14369,72689,3
14369,28638,4
14369,1542,5
14369,17236,6
1535,4135,0
1535,287,1
1535,2462,2
1535,8435,3
1535,17351,4
1535,17352,5
1535,17353,6
1433,954,0
1433,17093,1
1433,17094,2
1433,17095,3
1433,17096,4
1433,17097,5
1433,1605,7
1999,207,0
1999,5606,1
1999,6408,2
1999,3141,3
1999,15338,4
1999,20542,5
1999,1989,6
58098,27392,0
58098,227396,1
58098,35106,2
58098,1298862,3
58098,3909779,4
58098,3909780,5
58098,3909781,6
78076,9811,0
78076,6772,1
78076,10227,2
78076,13307,3
78076,109086,4
78076,55672,5
78076,152896,6
87774,9811,0
87774,2230,1
87774,86138,2
87774,55672,3
87774,174624,4
87774,133585,5
87774,160947,7
23847,5401,0
23847,5050,1
23847,106179,2
23847,15534,3
23847,52032,4
23847,84878,5
23847,129218,6
50785,24365,0
50785,18197,1
50785,3832,2
50785,146521,3
50785,38899,4
50785,2588861,6
12472,10437,0
12472,28164,1
12472,13726,2
12472,19439,3
12472,10776,4
12472,29709,5
12472,121647,6
42258,21445,0
42258,585,1
42258,210966,2
42258,1072309,3
42258,1009982,4
42258,1009979,5
42258,1352819,6
11834,383,0
11834,40948,1
11834,14264,2
11834,94713,3
11834,70654,4
11834,95634,5
11834,172310,6
16085,10400,0
16085,5004,1
16085,89841,2
16085,12309,3
16085,12308,4
16085,1047651,5
16085,58530,6
27405,97935,0
27405,97674,1
27405,38045,2
27405,9221,3
27405,97675,4
27405,51879,5
27405,11133,6
269,3829,0
269,3830,1
269,3832,3
269,3836,4
269,3833,5
269,3834,6
269,331806,7
16441,35350,0
16441,10660,1
16441,9626,2
16441,22384,3
16441,18361,4
16441,96913,5
16441,66201,6
11422,10017,0
11422,4958,1
11422,5563,2
11422,3381,3
11422,11066,4
11422,10158,5
11422,7450,6
31037,8487,0
31037,103733,1
31037,107549,2
31037,13731,3
31037,16047,4
31037,70746,5
31037,2016074,6
40739,3084,0
40739,12151,1
40739,4299,2
40739,3382,3
40739,74542,4
40739,78181,5
40739,12150,6
10656,6553,0
10656,38559,1
10656,1977,2
10656,24629,3
10656,7037,4
10656,28281,5
10656,2168,6
32847,3380,0
32847,4112,1
32847,4113,2
32847,3366,3
32847,14870,4
32847,29127,5
32847,139926,6
39938,6598,0
39938,7639,1
39938,2092,2
39938,82412,3
39938,81798,4
39938,95117,5
39938,81934,6
38766,12149,0
38766,3785,1
38766,14029,2
38766,9208,3
38766,9857,4
38766,124185,5
38766,16420,6
43510,33004,0
43510,19411,1
43510,79246,2
43510,3090,3
43510,5401,4
43510,58423,5
43510,19400,6
35284,10158,0
35284,2314,1
35284,8253,2
35284,11128,3
35284,3753,4
35284,12313,5
35284,14784,7
14584,2314,0
14584,13567,1
14584,39015,2
14584,8902,3
14584,8893,4
14584,41220,5
14584,6844,6
58886,222942,0
58886,228589,1
58886,92710,2
58886,45749,3
58886,1241993,4
58886,228603,5
58886,1244190,6
72277,28906,0
72277,187052,1
72277,53023,2
72277,110003,3
72277,67829,4
72277,1519092,5
72277,152491,6
5781,14821,0
5781,10500,1
5781,3822,2
5781,3594,3
5781,566171,4
5781,44104,5
5781,69529,6
23805,9309,0
23805,14882,1
23805,13726,2
23805,12710,3
23805,117081,4
23805,15387,5
23805,55672,6
34388,3895,0
34388,118861,1
34388,29661,2
34388,129431,3
34388,9923,4
34388,104658,5
34388,17568,6
39867,150651,0
39867,150652,1
39867,150653,2
39867,150654,3
39867,1437603,4
39867,1437604,5
39867,1437605,6
11033,3895,0
11033,44038,1
11033,4301,2
11033,11901,4
11033,8875,5
11033,1081841,6
11033,949125,7
69716,8252,0
69716,76546,1
69716,12536,2
69716,187052,3
69716,147126,4
69716,222623,5
69716,106990,6
37835,27012,0
37835,29312,1
37835,46780,2
37835,55271,3
37835,138116,4
37835,1359436,5
37835,2151076,6
33356,1004605,0
33356,3491982,3
33356,3491985,4
33356,3491993,5
33356,3491996,6
33356,3491998,7
33356,3492000,8
3537,32385,0
3537,62014,1
3537,56753,2
3537,32393,3
3537,32386,4
3537,213980,5
3537,32388,6
38922,6844,0
38922,10774,1
38922,72680,2
38922,9283,3
38922,13938,4
38922,19136,5
38922,1553094,6
27145,97079,0
27145,26101,1
27145,97080,2
27145,36925,3
27145,38647,4
27145,97081,5
27145,581118,7
8738,2090,0
8738,8349,1
8738,9594,2
8738,24685,3
8738,55841,4
8738,1466,5
8738,55842,6
28614,4347,0
28614,6450,1
28614,29792,2
28614,14102,3
28614,30585,4
28614,6931,5
28614,6577,6
3604,33321,0
3604,33322,1
3604,2201,2
3604,10501,3
3604,27163,4
3604,10669,5
3604,8318,6
6974,51717,0
6974,51718,1
6974,2648,2
6974,4094,3
6974,45186,4
6974,51719,5
6974,51720,6
26398,50967,0
26398,5,1
26398,10461,2
26398,157692,3
26398,108642,4
26398,149005,5
26398,96176,6
42218,13637,0
42218,16035,1
42218,42162,2
42218,12692,3
42218,40186,4
42218,151423,5
42218,74573,6
10649,190,0
10649,66221,1
10649,14785,2
10649,18647,3
10649,14786,4
10649,548085,5
10649,15693,6
42566,51576,0
42566,113,1
42566,6487,2
42566,2454,3
42566,10134,4
42566,176305,5
42566,74073,6
17689,190,0
17689,66223,1
17689,3798,2
17689,46099,3
17689,16555,4
17689,101172,5
17689,41730,6
34084,16420,0
34084,6609,1
34084,43823,2
34084,89661,3
34084,119381,4
34084,111840,5
34084,98458,6
15983,51576,0
15983,97878,1
15983,105623,2
15983,166204,3
15983,73338,4
15983,8692,5
15983,78719,6
14854,51576,0
14854,141,1
14854,10938,2
14854,543349,3
14854,50880,4
14854,8262,5
14854,58799,6
10847,9296,0
10847,61029,1
10847,61030,2
10847,18473,3
10847,152273,4
10847,939743,5
10847,1077727,6
33525,141450,0
33525,28476,1
33525,141452,2
33525,18065,3
33525,141453,4
33525,65568,5
33525,95110,6
27591,30560,0
27591,50967,1
27591,31364,2
27591,110318,3
27591,11131,4
27591,10657,5
27591,39950,6
299,4347,0
299,4299,1
299,20156,2
299,4353,3
299,4301,4
299,3090,5
299,4355,6
31945,38559,0
31945,28641,1
31945,14324,2
31945,1241,3
31945,938161,4
31945,23378,5
31945,556855,6
42160,11390,0
42160,52023,1
42160,10767,2
42160,922,3
42160,20752,4
42160,19434,5
42160,39770,6
10650,190,0
10650,66223,1
10650,3798,2
10650,18647,3
10650,197907,4
10650,77100,5
10650,14320,6
8007,887,0
8007,193,1
8007,16856,2
8007,53573,3
8007,86151,4
8007,137336,5
8007,18181,6
19076,448,0
19076,378,1
19076,1284159,2
19076,3490,3
19076,1248,4
19076,20810,5
19076,4690,6
81442,26042,0
81442,21197,1
81442,7268,2
81442,8963,6
81442,9811,8
81442,98157,10
81442,62592,11
50562,42545,0
50562,104953,1
50562,98331,2
50562,99825,3
50562,99606,5
50562,92565,6
50562,71543,7
13503,19210,0
13503,38581,1
13503,18976,2
13503,32597,3
13503,57108,4
13503,4139,5
13503,55725,6
161,1461,0
161,287,1
161,1271,2
161,1892,3
161,1204,4
161,1893,5
161,1894,6
43774,135899,0
43774,135900,1
43774,87388,2
43774,135901,3
43774,135903,5
43774,135904,6
43774,135905,7
31064,8893,0
31064,12041,1
31064,143017,2
31064,193141,3
31064,1217281,4
31064,31534,5
31064,2803497,6
31682,109406,0
31682,109407,1
31682,1048024,2
31682,97145,3
31682,5737,4
31682,15992,5
31682,227977,6
8342,54620,0
8342,54621,1
8342,54622,2
8342,54623,3
8342,54625,4
8342,54626,5
8342,1641,6
55479,4589,0
55479,4808,1
55479,10680,2
55479,222487,3
55479,19135,4
55479,2248,5
55479,124304,6
4886,13820,0
4886,19020,1
4886,39799,2
4886,14685,3
4886,39800,4
4886,39801,5
4886,2438,6
228,2895,0
228,2896,1
228,2897,2
228,2898,3
228,2899,4
228,2903,5
228,2911,6
23111,2157,0
23111,2051,1
23111,90180,2
23111,83851,3
23111,1190224,4
23111,2368,5
23111,37715,6
42597,10400,0
42597,18364,1
42597,26715,2
42597,922,3
42597,165381,4
42597,1028608,5
42597,180677,6
194,2405,0
194,2406,1
194,2407,2
194,2410,3
194,2408,4
194,2411,5
194,1654,6
11397,69210,0
11397,16828,1
11397,56824,2
11397,29020,3
11397,18658,4
11397,35596,5
11397,37005,6
1903,500,0
1903,955,1
1903,6941,2
1903,6856,3
1903,11662,4
1903,1284,5
1903,9191,6
11889,204,0
11889,5309,1
11889,388,2
11889,19923,3
11889,1249,4
11889,54447,5
11889,35257,6
28171,99946,0
28171,99945,1
28171,99956,2
28171,99958,3
28171,99959,4
28171,1169737,5
28171,1875119,6
9523,57829,0
9523,118,1
9523,10767,2
9523,29097,3
9523,57830,4
9523,77496,5
9523,94349,6
9428,193,0
9428,5657,1
9428,7399,2
9428,12052,3
9428,36422,4
9428,887,5
9428,1532,6
1649,6384,0
1649,18355,1
1649,6573,2
1649,14324,3
1649,2230,4
1649,15903,5
1649,18386,6
11938,8930,0
11938,1249,1
11938,47699,2
11938,132206,3
11938,11135,4
11938,84927,5
11938,10746,6
43143,41214,0
43143,106996,1
43143,83129,2
43143,105369,3
43143,94713,4
43143,189827,5
43143,1219992,6
35201,3895,0
35201,26659,1
35201,21618,2
35201,27932,3
35201,10254,4
35201,2369,5
35201,18964,6
42724,2076,0
42724,13333,1
42724,41957,2
42724,79641,3
42724,12815,4
42724,132102,5
42724,1000152,6
24264,10660,0
24264,57350,2
24264,91474,3
24264,91475,4
24264,79864,5
24264,91476,6
24264,61584,7
27150,51576,0
27150,21399,1
27150,3006,2
27150,6580,3
27150,76019,4
27150,97561,5
27150,52304,6
26978,21368,0
26978,21625,1
26978,8874,2
26978,18859,3
26978,11086,4
26978,158977,5
26978,44155,6
19209,4724,0
19209,1328,1
19209,184498,2
19209,9980,3
19209,92623,4
19209,38226,5
19209,104058,6
8386,5384,0
8386,54799,1
8386,52057,2
8386,51944,3
8386,54800,4
8386,20753,5
8386,4004,6
12589,73016,0
12589,53570,1
12589,60258,2
12589,59782,3
12589,2387,4
12589,519,5
12589,15831,6
12312,12898,0
12312,31171,1
12312,6473,2
12312,19974,3
12312,17265,4
12312,9657,5
12312,26485,6
11232,5344,0
11232,6968,1
11232,23626,2
11232,33654,3
11232,10871,4
11232,11367,5
11232,129996,6
120,109,0
120,1327,1
120,110,2
120,1328,3
120,65,4
120,882,5
120,113,6
11086,206,0
11086,2641,1
11086,8332,2
11086,97266,3
11086,28010,4
11086,12438,5
11086,12645,6
453,934,0
453,6161,1
453,228,2
453,6162,3
453,290,4
453,6163,5
453,6164,6
18939,83951,0
18939,83952,1
18939,83953,2
18939,83880,3
18939,83954,4
18939,83955,5
18939,83956,6
12724,11782,0
12724,73403,1
12724,73404,2
12724,73408,3
12724,73407,4
12724,100523,5
12724,73406,6
11414,3150,0
11414,16897,1
11414,6609,2
11414,8233,3
11414,4072,4
11414,69811,5
11414,4307,6
31507,19020,0
31507,130385,1
31507,2092,2
31507,13992,3
31507,14261,4
31507,19551,5
31507,14873,6
42612,5694,0
42612,55192,1
42612,15659,3
42612,1055666,4
42612,1315765,5
42612,166245,6
42612,2431861,7
18783,4110,0
18783,30303,1
18783,30686,2
18783,2177,3
18783,1276503,4
18783,1069916,5
18783,64212,6
12593,73029,0
12593,73030,1
12593,73031,2
12593,73032,3
12593,4978,4
12593,1463109,6
12593,1924770,7
14683,73029,0
14683,1374479,1
14683,33482,2
14683,25626,3
14683,4355491,4
14683,1219284,5
14683,115330,6
10794,12446,0
10794,66834,1
10794,66835,2
10794,66836,3
10794,148669,4
10794,153446,5
10794,165407,6
43136,20141,0
43136,33741,1
43136,14261,2
43136,13325,3
43136,13784,4
43136,3366,5
43136,46098,6
45491,122818,0
45491,231909,1
45491,83631,2
45491,1416997,3
45491,235184,4
45491,109301,5
45491,65966,6
5052,29902,0
5052,14501,1
5052,12150,2
5052,6599,3
5052,33723,4
5052,28182,5
5052,30719,6
37257,10922,0
37257,2896,1
37257,10921,2
37257,2926,3
37257,5182,4
37257,10924,5
37257,2782,6
8489,2888,0
8489,134,1
8489,10127,2
8489,16214,3
8489,21399,4
8489,2954,5
8489,34,6
855,2299,0
855,8783,1
855,3061,2
855,3197,3
855,886,4
855,9880,5
855,11355,6
12660,112,0
12660,8289,1
12660,5658,2
12660,42276,3
12660,27397,4
12660,10726,5
12660,73845,6
10269,10400,0
10269,25503,1
10269,27563,2
10269,3160,3
10269,21521,4
10269,78018,5
10269,2858304,6
5279,10978,0
5279,5658,1
5279,5470,2
5279,38809,3
5279,4391,4
5279,10988,5
5279,2441,6
10950,2228,0
10950,1160,1
10950,1902,2
10950,501,3
10950,31028,4
10950,18284,5
10950,65760,6
1365,879,0
1365,1810,1
1365,4587,2
1365,16450,3
1365,4239,4
1365,16451,7
1365,1039,8
6440,1979,0
6440,1231,1
6440,112,2
6440,5309,3
6440,4935,4
6440,349,5
6440,7026,6
14580,3381,0
14580,77081,1
14580,18391,2
14580,7520,3
14580,96284,4
14580,96283,5
14580,89527,6
49410,975731,0
49410,140236,1
49410,1080640,2
49410,59369,3
49410,183856,4
49410,104342,5
49410,4942,7
28296,31550,0
28296,40433,1
28296,14502,2
28296,30528,3
28296,37469,4
28296,91708,5
28296,3242,6
24206,16644,0
24206,27638,1
24206,61671,2
24206,32887,3
24206,198647,4
24206,2569496,5
24206,582698,6
6037,12248,1
6037,12446,2
6037,14261,3
6037,10978,4
6037,41220,5
6037,2314,6
6037,39015,7
42987,21605,0
42987,1292,1
42987,15197,2
42987,132877,3
42987,101723,4
42987,47000,5
42987,17161,7
61418,7036,0
61418,9994,1
61418,10814,2
61418,4520,3
61418,7430,4
61418,53087,5
61418,166606,6
27099,79033,0
27099,49859,1
27099,19363,2
27099,69150,3
27099,96942,4
27099,96943,5
27099,96944,6
11857,3492,0
11857,70851,1
11857,70852,2
11857,11514,3
11857,12074,4
11857,10437,6
11857,54812,7
6312,49025,0
6312,1925,1
6312,23671,2
6312,28782,3
6312,51325,4
6312,18702,5
6312,24381,6
11595,776,0
11595,1733,1
11595,591,2
11595,17770,3
11595,8658,4
11595,61237,5
11595,36218,6
24166,71171,0
24166,71395,1
24166,103648,2
24166,150345,3
24166,5593814,4
24166,5593815,6
24166,5593818,8
26337,228,0
26337,289,1
26337,4391,2
26337,95145,3
26337,1121,4
26337,84611,5
26337,3201,6
59066,36042,0
59066,29092,1
59066,4783,2
59066,61905,3
59066,126339,4
59066,81464,5
59066,76186,6
77985,2630,0
77985,47879,1
77985,10158,2
77985,30613,3
77985,159753,4
77985,4971,5
77985,16215,6
77074,56819,0
77074,2453,1
77074,36926,2
77074,151409,3
77074,91460,4
77074,5372,5
77074,1681707,6
10170,738,0
10170,1160,1
10170,6355,2
10170,1292,3
10170,4251,4
10170,10648,5
10170,22131,6
18317,6238,0
18317,4566,1
18317,17483,2
18317,104795,3
18317,116126,4
18317,27822,5
18317,135420,6
98491,43543,0
98491,10669,1
98491,19463,2
98491,53818,3
98491,45455,4
98491,33109,5
98491,39001,6
26686,6352,0
26686,21278,1
26686,10978,2
26686,3895,3
26686,6837,4
26686,58251,5
26686,14832,6
61934,10922,0
61934,70035,1
61934,64113,2
61934,8841,3
61934,4303,4
61934,37469,5
61934,45291,6
27273,4073,0
27273,14732,1
27273,27772,2
27273,224778,3
27273,159035,4
27273,15152,5
27273,16417,6
848,12688,0
848,2275,1
848,12689,2
848,12690,3
848,12691,4
848,12692,5
848,12693,6
9610,1100,0
9610,10661,1
9610,58181,2
9610,10134,3
9610,3801,4
9610,31364,5
9610,46423,6
15035,91620,0
15035,91621,1
15035,15999,2
15035,91622,3
15035,95082,4
15035,55929,5
15035,2648413,6
16127,10343,0
16127,59369,1
16127,1065728,3
16127,1065725,4
16127,977792,5
16127,203070,6
16127,2203314,7
31603,862,0
31603,3084,1
31603,25282,2
31603,11857,3
31603,3173,4
31603,10083,5
31603,97878,6
32020,1038,0
32020,108775,1
32020,1231959,2
32020,55093,3
32020,9805,4
32020,1039922,5
32020,2207,6
33155,114921,0
33155,41274,1
33155,100624,2
33155,87714,3
33155,1709302,4
33155,70947,5
33155,1391057,6
4965,33,0
4965,289,1
4965,327,2
4965,7132,3
4965,4252,4
4965,40275,5
4965,40276,6
11891,937835,1
11891,188274,2
11891,1169628,3
11891,131955,4
11891,543876,5
11891,70946,6
11891,108074,7
11888,9777,0
11888,5563,1
11888,62520,2
11888,1753,3
11888,588,4
11888,6804,5
11888,1535,6
150,1733,0
150,776,1
150,1734,2
150,1735,3
150,1736,4
150,1737,5
150,1105,6
35263,11610,0
35263,16782,1
35263,49018,2
35263,48179,3
35263,8800,4
35263,1557946,5
35263,3841,6
112,1184,0
112,1185,1
112,1183,2
112,1181,3
112,1186,4
112,1182,5
112,3880,6
125717,52686,0
125717,583774,1
125717,98305,2
125717,41644,3
125717,1147540,4
125717,1368666,5
125717,1703608,6
20678,22675,0
20678,58563,1
20678,59153,2
20678,7223,3
20678,1206,4
20678,88768,5
20678,87822,6
15050,4690,0
15050,2769,1
15050,7071,2
15050,19153,3
15050,200728,4
15050,14854,5
15050,124131,6
10423,58319,0
10423,34485,1
10423,9208,2
10423,65101,3
10423,29908,4
10423,93737,5
10423,11397,6
11710,70273,0
11710,49506,1
11710,2726,2
11710,26533,3
11710,1392394,5
11710,1098416,6
11710,46251,7
17691,4347,0
17691,4299,1
17691,5961,2
17691,9871,3
17691,82833,4
17691,4960,5
17691,24811,6
27378,11610,0
27378,97596,1
27378,49509,2
27378,97597,3
27378,2370,4
27378,1464213,5
27378,1464214,6
57976,1703911,1
57976,1705980,2
651,55636,0
651,827,1
651,4139,2
651,9805,3
651,3087,4
651,9806,5
651,9807,6
31955,3092,0
31955,2461,1
31955,8654,2
31955,52995,3
31955,17187,4
31955,167120,5
31955,80205,6
20620,18735,0
20620,86343,1
20620,18649,2
20620,70990,3
20620,9596,4
20620,12312,5
20620,8608,6
18647,3084,0
18647,9857,1
18647,4069,2
18647,8258,3
18647,14253,4
18647,151630,5
18647,16069,6
11362,8767,0
11362,529,1
11362,194,2
11362,22063,3
11362,52776,4
11362,7486,5
11362,40481,6
2637,1205,0
2637,350,1
2637,883,2
2637,23959,3
2637,27552,4
2637,27554,5
2637,5148,6
10229,16855,0
10229,81295,1
10229,9979,2
10229,589,3
10229,37014,4
10229,59671,5
10229,59882,6
50819,1213852,0
50819,1019759,1
50819,591049,2
50819,278926,3
50819,89719,4
50819,155669,5
50819,223848,6
12659,74020,0
12659,1007796,1
12659,71057,2
12659,74022,3
12659,1888257,4
12659,1888258,5
12659,1888259,6
41870,4805772,0
41870,4805773,1
41870,4109948,2
41870,4805784,4
35650,8791,0
35650,557284,1
35650,139862,2
35650,224816,3
35650,545063,4
35650,218899,5
35650,943234,6
9606,58155,0
9606,1406716,1
9606,551966,2
9606,4288875,3
9606,40332,4
9606,111531,5
9606,105816,6
11447,56654,1
11447,69489,2
11447,69490,3
11447,108900,4
11447,65571,5
11447,93728,6
11447,1176228,7
16550,11826,0
16550,57387,1
16550,21505,2
16550,53441,3
16550,4451,4
16550,13242,5
16550,1230,6
13915,75946,0
13915,20173,1
13915,75948,2
13915,51539,3
13915,196736,4
13915,3638181,5
13915,64673,6
34723,109,0
34723,24047,1
34723,1923,2
34723,4765,3
34723,2372,4
34723,13314,5
34723,8256,6
31674,12836,0
31674,6588,1
31674,586,2
31674,52267,3
31674,2177,4
31674,46853,5
31674,56145,6
52744,380,0
52744,5064,1
52744,1037,2
52744,27725,3
52744,2701,4
52744,15412,5
52744,1902,6
43340,8237,0
43340,4347,1
43340,70985,2
43340,97777,3
43340,10487,4
43340,46711,5
43340,86346,6
20009,50398,0
20009,5915,1
20009,41088,2
20009,17881,3
20009,18974,4
20009,11520,5
20009,6941,6
2084,2227,0
2084,21343,1
2084,1925,2
2084,2406,3
2084,21344,4
2084,21345,5
2084,1250,6
50225,13333,0
50225,11477,1
50225,2462,2
50225,4940,3
50225,17402,4
50225,14102,5
50225,1104724,7
74692,227,0
74692,1225534,1
74692,27125,2
74692,2123019,3
74692,1278477,4
74692,1167739,5
74692,3236787,6
39775,123347,0
39775,74352,1
39775,45099,2
39775,1066974,3
39775,45480,4
39775,5685,5
39775,1066975,6
51044,33162,0
51044,20155,1
51044,20157,2
51044,1594318,3
51044,1594319,4
51044,2112,5
51044,151864,6
29475,68750,0
29475,2248,1
29475,12974,2
29475,9464,3
29475,103933,4
29475,20158,5
29475,103934,6
4267,16927,0
4267,34581,1
4267,17576,2
4267,12270,3
4267,35880,4
4267,35881,5
4267,35882,6
4031,16927,0
4031,4274,1
4031,34581,2
4031,14812,3
4031,34607,4
4031,1959,5
4031,34605,6
47871,2222,0
47871,821,1
47871,33533,2
47871,95227,3
47871,35516,4
47871,8437,5
47871,12708,6
11594,19534,0
11594,5401,1
11594,5964,2
11594,70853,3
11594,1693186,4
11594,589541,5
11594,580215,6
19562,3829,0
19562,14061,1
19562,11223,2
19562,22796,3
19562,32080,4
19562,28189,5
19562,1508050,6
11870,51391,0
11870,13242,1
11870,29220,2
11870,19275,3
11870,25540,4
11870,62649,5
11870,1224374,6
9884,1100,0
9884,3809,1
9884,13550,2
9884,7248,3
9884,5723,4
9884,1241,5
9884,13657,6
11535,21594,0
11535,36424,1
11535,11008,2
11535,5471,3
11535,1003,4
11535,77351,5
11535,58805,6
27593,6474,0
27593,16307,1
27593,4690,2
27593,18472,3
27593,8986,4
27593,4729,5
27593,20189,6
11212,3266,0
11212,6684,1
11212,532,2
11212,10138,3
11212,38024,4
11212,17874,5
11212,12642,6
29887,95624,0
29887,131618,1
29887,8515,2
29887,143670,3
29887,148836,4
29887,97995,5
29887,120768,6
32484,95624,0
32484,9067,1
32484,26029,2
32484,108986,3
32484,120772,4
32484,119898,5
32484,1046803,6
28345,95624,0
28345,32138,1
28345,30219,2
28345,95627,3
28345,5831,4
28345,108986,5
28345,120761,6
69928,16475,0
69928,5823,1
69928,326,2
69928,21619,3
69928,96765,4
69928,120412,5
69928,6068,6
21921,9309,0
21921,81149,1
21845,21403,0
21845,2048,1
21845,26930,2
21845,1192629,3
21845,84598,4
21845,27545,5
21845,6486,6
11528,4729,0
11528,69738,1
11528,69740,2
11528,88599,3
11528,1644293,4
11528,148638,5
11528,23711,6
2441,24974,0
2441,24975,1
2441,24976,2
2441,24977,3
2441,24978,4
2441,24979,5
2441,24980,6
931,55636,0
931,1666,1
931,14146,2
931,14148,3
931,14147,4
931,14149,5
931,14150,6
17130,111946,0
17130,8691,1
17130,343,2
17130,56675,3
17130,707,4
17130,2109,5
17130,15033,6
10592,62,0
10592,72466,1
10592,18288,2
10592,15320,3
10592,6614,4
10592,3900,5
10592,25868,6
8470,5292,0
8470,4512,1
8470,55314,2
8470,3087,3
8470,52647,4
8470,62842,5
8470,16666,6
16690,107358,0
16690,77885,1
16690,34982,2
16690,60739,3
16690,35219,4
16690,1381842,5
16690,16407,6
39939,52051,1
39939,56251,2
39939,1248,4
39939,56252,5
39939,56595,6
39939,44935,7
39939,1935252,8
9272,11510,0
9272,109,1
9272,19957,2
9272,52,3
9272,22111,4
9272,119113,5
9272,57099,6
14778,3895,0
14778,14011,1
14778,15196,2
14778,382,3
14778,15735,4
14778,5538,5
14778,30710,6
19137,12446,0
19137,30290,1
19137,10341,2
19137,1936,3
19137,30719,4
19137,4962,5
19137,236455,6
32499,29623,0
32499,2090,1
32499,12308,2
32499,19328,3
32499,40433,4
32499,77081,5
32499,2642,6
8737,2090,0
8737,4165,1
8737,12776,2
8737,4301,3
8737,12250,4
8737,14528,5
8737,4347,6
33668,8487,0
33668,7570,1
33668,39602,2
33668,14574,3
33668,5731,4
33668,3442,5
33668,93664,6
39282,10400,0
39282,3085,1
39282,5004,2
39282,7505,3
39282,26664,4
39282,159689,5
39282,3640,6
40687,28164,0
40687,1036,1
40687,124377,2
40687,4162,3
40687,11998,4
40687,124380,5
40687,46099,6
37230,3926,0
37230,83909,1
37230,82495,2
37230,200323,3
37230,10596,4
37230,22171,5
37230,189826,6
993,3359,0
993,3895,1
993,14936,2
993,14937,3
993,14938,4
993,14939,5
11698,70273,0
11698,10627,1
11698,49509,2
11698,27585,3
11698,21833,4
11698,1359462,5
11698,1359463,6
41357,26662,0
41357,119796,1
41357,51517,2
41357,937333,3
41357,1276259,4
41357,132621,5
41357,160969,6
42458,18364,0
42458,115573,1
42458,7004,2
42458,41729,3
42458,9913,4
42458,60414,5
42458,1238006,6
93427,2090,0
93427,18506,1
93427,3762,2
93427,5249,3
93427,28886,4
93427,22633,5
93427,9287,6
14475,6856,0
14475,5251,1
14475,26283,2
14475,1735,3
14475,100600,4
14475,59196,5
14475,78619,6
43715,29643,0
43715,2776,1
43715,236479,2
43715,24556,3
43715,34558,4
43715,83802,5
43715,1363526,6
10052,1269,0
10052,3977,1
10052,12122,2
10052,62547,3
10052,8534,4
10052,9829,5
10052,55426,6
11979,21352,0
11979,56778,1
11979,22223,2
11979,20239,3
11979,47654,4
11979,5313,5
11979,26054,6
75151,3229,0
75151,26513,1
75151,12406,2
75151,2165,3
75151,4301,4
75151,2536,5
75151,97598,6
35868,723,0
35868,2178,1
35868,35053,2
35868,167166,3
35868,2889143,4
35868,158112,5
35868,2889144,6
13791,11181,0
13791,32,1
13791,75527,2
13791,29791,3
13791,15440,4
13791,20899,5
13791,38582,6
27824,57910,0
27824,1213613,1
27824,99093,2
270306,165207,0
270306,115093,1
270306,17857,2
270306,21041,3
270306,2252,4
9991,980,0
9991,1282,1
9991,15196,2
9991,53916,3
9991,995,4
9991,1119,5
9991,6969,6
480,6497,0
480,6498,1
480,120430,2
480,6502,3
480,6503,4
480,6500,5
480,6501,6
44340,1276,0
44340,17190,1
44340,4177,2
44340,88547,3
44340,65924,4
44340,2448505,5
44340,6579,6
25006,92940,0
25006,93008,1
25006,92941,2
25006,60545,3
25006,93009,4
25006,84932,5
25006,2253096,6
23479,6837,0
23479,68890,1
23479,83810,2
23479,14108,3
23479,90163,4
23479,17183,5
23479,90170,6
66946,3150,0
66946,17183,1
66946,73428,2
66946,1241094,3
66946,1416097,4
66946,14669,5
66946,95598,6
19050,21416,0
19050,10224,1
19050,17183,2
19050,123898,3
19050,90164,4
19050,90166,5
19050,90169,6
38442,120481,0
38442,585186,1
38442,1152403,2
38442,1152401,3
38442,1152410,4
38442,1152405,5
38442,1152407,6
108266,36929,0
108266,1229431,1
108266,97657,2
108266,14870,3
108266,12295,4
108266,2096,5
108266,115550,6
108267,36929,0
108267,1229431,1
108267,95734,2
108267,132533,3
108267,54683,4
108267,102745,5
108267,100944,6
39387,1092033,0
39387,544206,1
39387,55732,2
39387,1704529,3
39387,1704530,4
39387,11743,5
39387,585186,6
15999,148448,0
15999,67471,1
15999,20664,2
15999,40325,3
15999,90499,4
15999,81851,5
15999,617,6
614,6657,1
614,8742,2
614,6649,3
614,8743,4
614,1036779,5
614,550135,6
614,550134,7
56133,6577,0
56133,40191,1
56133,24368,2
56133,19739,3
56133,70990,4
56133,129664,5
56133,10224,6
121703,14974,0
121703,18802,1
121703,89582,2
121703,12354,3
121703,16004,4
121703,4965,5
121703,115991,6
77955,2206,0
77955,68384,1
77955,47754,2
77955,94741,3
77955,56778,4
77955,178618,5
77955,69032,6
2752,2299,0
2752,27855,1
2752,57133,2
2752,5025,3
2752,1579,4
2752,27858,5
2752,2171,6
10590,2461,0
10590,289,1
10590,17141,2
10590,16431,3
10590,21594,4
10590,41292,5
10590,12834,6
40723,22461,0
40723,39596,1
40723,4813,2
40723,13609,3
40723,77310,4
40723,81054,5
40723,1308634,6
29039,2230,0
29039,102019,1
29039,107234,2
29039,101549,3
29039,39020,4
29039,101127,5
29039,30664,6
22910,2230,0
22910,89567,1
22910,89568,2
22910,5695,3
22910,89569,4
22910,89570,5
22910,102642,6
42517,112404,0
42517,2230,1
42517,121356,2
42517,74352,3
42517,164966,4
42517,5695,5
42517,45285,6
40364,31925,0
40364,941,1
40364,2371,2
40364,101130,3
40364,228167,4
40364,27277,5
40364,18514,6
115332,2453,0
115332,9626,1
115332,9979,2
115332,69344,3
115332,1981,4
115332,106765,5
115332,87066,6
13225,20767,0
13225,184498,1
13225,2224,2
13225,2157,3
13225,13472,4
13225,6465,5
13225,15833,6
21380,588158,0
21380,99195,1
21380,588160,2
21380,136503,3
21380,937467,4
21380,937468,5
21380,1052200,6
46717,1205,0
46717,4430,1
46717,12139,2
46717,2641,3
46717,41421,4
46717,56930,5
46717,27122,6
63510,9309,0
63510,32395,1
63510,56183,2
63510,121642,3
63510,35340,4
63510,237512,5
63510,157439,6
20465,101130,0
20465,99539,1
20465,1623669,2
20465,107484,3
20465,27277,4
20465,101334,5
20465,1686124,6
35614,6844,0
35614,40348,1
35614,114423,2
35614,9599,3
35614,36819,4
35614,378,5
35614,1211888,6
7219,43203,0
7219,45473,1
7219,20510,2
7219,50744,3
7219,52063,4
7219,52064,5
7219,100411,6
35810,2638,0
35810,114767,1
35810,97217,2
35810,114768,3
35810,77669,4
35810,47664,5
35810,1420935,6
18649,82388,0
18649,83400,1
18649,2094,2
18649,4072,3
18649,14508,4
18649,89813,5
18649,3364,6
18646,30181,0
18646,82405,1
18646,4353,2
18646,176852,3
18646,4966,4
18646,83783,5
18646,97284,6
17058,13566,0
17058,7639,1
17058,64212,2
17058,20365,3
17058,81187,4
17058,81188,5
17058,85736,6
13950,9778,0
13950,51944,1
13950,8170,2
13950,2478,3
13950,76093,4
13950,1212687,5
13950,40377,6
2135,529,0
2135,13633,1
2135,17787,2
2135,7055,3
2135,21881,4
2135,21882,5
2135,1470323,6
15186,12640,0
15186,18070,1
15186,2229,2
15186,1980,3
15186,11076,4
15186,1204,5
15186,56871,6
43997,11207,0
43997,3052,1
43997,11355,2
43997,42279,3
43997,16662,4
43997,150174,5
43997,33399,6
31651,194,0
31651,5049,1
31651,48,2
31651,184924,3
31651,18345,4
31651,17026,5
31651,2039,6
47869,3910,0
47869,1248,1
47869,1370,2
47869,55156,3
47869,12819,4
47869,20057,5
47869,54,6
207490,2154,0
207490,11159,1
207490,28779,2
207490,8666,3
207490,2494192,4
207490,104382,5
207490,50880,6
965,7664,0
965,14515,1
965,10606,2
965,14517,3
965,11025,4
965,14518,5
965,14364,6
33135,3128,0
33135,23647,1
33135,68527,2
33135,25834,3
33135,130986,4
33135,99647,5
10889,4800,0
10889,7795,1
10889,27584,2
10889,67346,3
10889,3373126,4
10889,3373127,5
10889,233119,6
16149,1442631,0
16149,38667,1
16149,79628,2
16149,79629,3
16149,79630,4
16149,79637,5
16149,79631,6
54287,7333,0
54287,152666,1
54287,14060,2
54287,14848,3
54287,94764,4
54287,121144,5
54287,41264,6
25628,3785,0
25628,8659,1
25628,12815,2
25628,59692,3
25628,94020,4
25628,938390,5
25628,13475,6
65262,165934,1
65262,172025,2
65262,240771,3
65262,167579,4
65262,52189,5
65262,8986,6
65262,31,7
10935,10823,0
10935,4690,1
10935,5049,2
10935,8975,3
10935,1370,4
10935,17882,5
10935,7664,6
44004,27772,0
44004,10427,1
44004,40401,2
44004,34597,3
44004,69026,4
44004,77231,5
44004,184793,6
22288,8261,0
22288,40403,1
22288,27563,2
22288,14253,3
22288,1633847,4
22288,118071,5
22288,11793,6
32030,6837,0
32030,115573,1
32030,8975,2
32030,13726,3
32030,14503,4
32030,1666761,5
32030,10173,6
119617,83974,0
119617,58184,1
119617,4431,2
119617,24318,3
119617,11998,4
119617,73773,5
119617,12850,6
29343,50967,0
29343,98608,1
29343,83810,2
29343,103571,3
29343,103572,4
29343,60291,5
29343,103573,6
39503,47879,0
39503,52,1
39503,2958,2
39503,87007,3
39503,16504,4
39503,80746,5
39503,14328,6
7988,3895,0
7988,2076,1
7988,53548,2
7988,31718,3
7988,42570,4
7988,27393,5
7988,53549,6
15310,69669,0
15310,3359,1
15310,61880,2
15310,52030,3
15310,44796,4
15310,122884,5
15310,14545,6
17909,82496,0
17909,38123,1
17909,226302,2
17909,54187,3
17909,6781,4
17909,1043265,5
17909,241690,6
22130,13696,0
22130,32688,1
22130,93092,2
22130,1417110,3
22130,93093,4
22130,1197501,5
22130,1197502,6
26843,5401,0
26843,522,1
26843,936,2
26843,18847,3
26843,3268,4
26843,11857,5
26843,53815,6
27458,68890,0
27458,42195,1
27458,23346,2
27458,2876,3
27458,65552,4
27458,13731,5
27458,29711,6
14807,382,0
14807,15735,1
14807,74043,2
14807,76184,3
14807,3426,4
14807,19794,5
14807,652,6
14729,141,0
14729,30613,1
14729,62036,2
14729,408,3
14729,825,4
14729,6065,5
14729,1811,6
46973,155977,1
46973,4510,2
46973,1220099,3
46973,3278415,4
46973,10164,5
46973,613123,6
46973,2492447,7
8690,55648,0
8690,55654,1
8690,3754,2
8690,44961,3
8690,38596,4
8690,56876,5
8690,55658,6
39543,16927,0
39543,24485,1
39543,123130,2
39543,17029,3
39543,24816,4
39543,15402,5
39543,20799,6
39578,1905,0
39578,8516,1
39578,9221,2
39578,38761,3
39578,10341,4
39578,20510,5
39578,33547,6
3418,6250,0
3418,1037,1
3418,5048,2
3418,20796,3
3418,2201,4
3418,37437,5
3418,32041,6
30924,19181,0
30924,107308,1
30924,91842,2
30924,12409,4
30924,107309,5
30924,107310,6
30924,7907,7
14929,1131580,0
14929,1131582,1
14929,1131584,2
14929,28416,3
14929,552467,4
14929,1234588,5
14929,100559,6
75552,10017,0
75552,32791,1
75552,136105,2
75552,41274,3
75552,5950,4
75552,127966,5
75552,40464,6
18910,825,0
18910,6914,1
18910,21736,2
18910,70746,3
18910,9112,4
18910,1069,5
18910,6561,6
24919,92826,0
24919,92827,1
24919,150617,2
24919,1191689,3
24919,1191688,4
24919,2320648,5
24919,1191690,6
26200,94845,0
26200,35319,1
26200,10160,2
26200,37712,3
26200,94846,4
26200,33849,5
26200,2698,6
24825,51576,0
24825,92680,1
24825,4078,2
24825,41256,3
24825,161641,4
24825,100608,5
24825,566939,6
38147,80625,0
38147,8231,1
38147,20913,2
38147,119777,3
38147,16167,4
38147,19403,5
38147,119778,6
24032,90802,0
24032,80625,1
24032,8437,2
24032,9221,3
24032,1208,4
24032,10775,5
24032,2549,6
26179,1726956,0
26179,54812,1
26179,10223,2
26179,5004,3
26179,6599,4
26179,78616,5
26179,1767092,6
4499,2744,0
4499,37545,1
4499,1571497,2
4499,37542,3
4499,37547,4
4499,16975,5
4499,953,6
11333,15140,0
11333,7502,1
11333,30296,2
11333,3140,3
11333,100277,4
11333,1441043,5
11333,49458,6
425,15757,0
425,5723,1
425,5724,2
425,5725,3
425,70851,4
425,5726,5
425,17401,6
1576,63,0
1576,17647,1
1576,11867,2
1576,17648,3
1576,557323,4
1576,5414,5
1576,47779,6
5851,380,0
5851,776,1
5851,14343,2
5851,1748,3
5851,14331,4
5851,52847,5
5851,4239,6
25014,1533,0
25014,13550,1
25014,2039,2
25014,3490,3
25014,11064,4
25014,429728,5
25014,17276,6
15647,119368,0
15647,89500,1
15647,83721,2
15647,5385,3
15647,41640,4
15647,1472762,5
15647,1785591,6
25110,13508,0
25110,24407,1
25110,233889,2
25110,544567,3
38880,556531,0
38880,556532,2
1391,8688,0
1391,258,1
1391,16971,2
1391,1603,3
1391,224320,4
1391,7375,5
1391,229615,6
18172,500,0
18172,8977,1
18172,1063,2
18172,6354,3
18172,78463,4
18172,1221838,5
18172,2969,6
24248,5401,0
24248,12520,1
24248,11128,2
24248,4069,3
24248,19463,4
24248,12259,5
24248,31296,6
14605,82388,0
14605,14027,1
14605,67685,2
14605,2092,3
14605,5401,4
14605,34185,5
14605,103493,6
19797,19578,0
19797,217510,1
19797,141610,2
19797,86919,3
19797,8695,4
19797,121757,5
19797,67838,6
17804,82388,0
17804,11165,1
17804,3243,2
17804,34509,3
17804,141408,4
17804,103622,5
17804,97282,6
31805,24937,0
31805,82388,1
31805,83400,2
31805,5401,3
31805,87368,4
31805,14533,5
31805,121318,6
13861,24937,0
13861,83400,1
13861,82388,2
13861,11169,3
13861,987037,4
13861,5401,5
13861,142527,6
29021,24937,0
29021,82388,1
29021,83400,2
29021,8241,3
29021,34748,4
29021,99347,5
29021,88672,6
31812,24937,0
31812,82388,1
31812,83400,2
31812,13963,3
31812,30184,4
31812,34748,5
31812,34509,6
13006,585,0
13006,2109,1
13006,6451,2
13006,110800,3
13006,2629,4
13006,4935,5
13006,113908,6
28213,143265,0
28213,38170,1
28213,37923,2
28213,143266,3
28213,143267,4
28213,143268,5
28213,143269,6
10627,862,0
10627,16327,1
10627,780,2
10627,2228,3
10627,500,4
10627,92557,5
10627,3212,7
42750,3352725,0
42750,61607,2
42750,144529,3
42750,26008,4
42750,144530,5
42750,1218057,6
42750,132726,7
27930,58296,1
27930,99278,2
27930,96767,3
27930,1192715,4
27930,73818,5
27930,1732829,6
27930,1994900,7
259557,3002,0
259557,777,1
259557,34535,2
259557,18647,3
259557,11163,4
259557,3798,5
259557,95598,6
28124,18892,0
28124,54812,1
28124,28164,2
28124,8294,3
28124,14833,4
28124,72056,5
28124,102198,6
41034,80742,0
41034,4514,1
41034,1762609,2
41034,105622,3
41034,9805,4
41034,2396621,5
41034,17695,6
11563,18897,0
11563,62414,1
11563,548617,2
11563,554622,3
11563,240169,4
11563,65971,5
11563,118745,6
15119,73428,0
15119,77892,1
15119,142463,2
15119,230787,3
15119,82971,4
15119,1088157,5
15119,1029310,6
55792,1903,0
55792,29803,1
55792,97561,2
55792,12900,3
55792,106772,4
55792,56266,5
55792,6168,6
12705,16475,0
12705,14882,1
12705,67764,2
12705,35,3
12705,6844,4
12705,40595,5
12705,45611,7
11006,16475,0
11006,35,1
11006,67764,2
11006,14882,3
11006,40595,4
11006,45611,6
11006,1449359,7
15120,14882,0
15120,45611,2
15120,67764,3
15120,40595,4
15120,13023,5
15120,120650,6
15120,16475,7
40072,107827,0
40072,66188,1
40072,130665,2
40072,130666,3
40072,130667,4
40072,585,5
40072,1924,6
21629,3460,0
21629,9309,1
21629,14065,2
21629,10080,3
21629,87743,4
21629,8977,5
21629,12852,6
16026,79056,0
16026,79057,1
16026,79060,2
16026,79061,3
16026,79062,4
16026,74736,5
16026,84278,6
2371,24371,0
2371,24370,1
2371,15135,2
2371,10459,3
2371,1341809,4
2371,24373,5
2371,1190992,6
73134,583985,0
73134,22209,1
73134,591975,2
73134,278504,3
73134,236625,4
73134,9766,5
73134,18566,6
36586,10814,0
36586,10823,1
36586,2372,2
36586,10839,3
36586,4886,4
36586,3491,5
36586,10843,6
6020,47368,0
6020,19975,1
6020,16846,2
6020,41555,3
6020,3908,4
6020,19227,5
6020,47369,6
39541,1072993,0
39541,72698,1
39541,18992,2
39541,5149,3
39541,7166,4
39541,52480,5
39541,1051092,6
125764,4154,0
125764,34657,1
125764,12206,2
125764,502,3
125764,59116,4
125764,75470,5
125764,4652218,6
18292,1175785,0
18292,79427,1
18292,1175786,2
18292,1175787,3
18292,1175784,4
18292,15684,5
18292,79419,6
29394,15968,0
29394,103719,1
29394,103720,2
29394,103721,3
29394,102267,4
29394,9866,5
29394,103034,6
112942,1056015,0
112942,1056027,1
112942,1056028,2
112942,941895,3
112942,1690344,5
112942,5630823,6
112942,5630824,7
90974,2090,0
90974,14528,1
90974,46780,2
90974,28150,3
90974,14821,4
90974,27442,5
90974,41093,6
29402,35064,0
29402,80600,1
29402,44883,2
29402,29661,3
29402,14533,4
29402,103737,5
29402,103738,6
29396,31550,0
29396,6930,1
29396,9865,2
29396,5792,3
29396,103723,4
29396,2777,5
29396,12950,6
15028,17772,0
15028,21124,1
15028,67711,2
15028,2712,3
15028,41465,4
15028,11806,5
15028,90423,6
9275,2157,0
9275,819,1
9275,2229,2
9275,518,3
9275,12219,4
9275,11213,5
9275,13645,6
4547,1038,0
4547,37917,1
4547,2178,2
4547,20309,3
4547,7499,4
4547,5274,5
4547,37042,6
14635,6065,0
14635,3052,1
14635,19487,2
14635,5151,3
14635,77117,4
14635,1248,5
14635,53184,6
29135,98,0
29135,31512,1
29135,15735,2
29135,1666,3
29135,76464,5
29135,94430,6
29135,58528,7
1791,17882,0
1791,6014,1
1791,5442,2
1791,19123,3
1791,6264,4
1791,19122,5
1791,19124,6
184835,6008,0
184835,21731,1
184835,85199,2
184835,123538,3
184835,66606,4
184835,20753,5
184835,94783,6
41756,33655,0
41756,75696,1
41756,56903,2
41756,45245,3
41756,32486,4
41756,521717,5
41756,66554,6
35651,15482,0
35651,13688,1
35651,114481,2
35651,583592,3
35651,583593,4
35651,583594,5
35651,583595,6
62956,3052,0
62956,378,1
62956,65524,2
62956,29528,3
62956,51879,4
62956,185830,5
62956,7061,6
116904,1064876,0
116904,1064877,1
116904,166550,2
116904,98950,3
22784,10767,0
22784,141,1
22784,73194,2
22784,10939,3
22784,8516,4
22784,2561,5
22784,999860,6
40814,3391,0
40814,7301,1
40814,104342,2
40814,8873,3
40814,52374,4
40814,10195,5
40814,91537,6
53426,4960,0
53426,12515,1
53426,17652,2
53426,20626,3
53426,237034,4
53426,5589,5
53426,54565,6
24585,75020,0
24585,51577,1
24585,106696,2
24585,80502,3
24585,504,4
24585,42206,5
24585,17580,7
17990,351,0
17990,3291,1
17990,25503,2
17990,40389,3
17990,6104,4
17990,53916,5
17990,35529,6
129542,61967,0
129542,108988,1
129542,23340,2
129542,27747,3
129542,1868354,4
129542,2478199,5
129542,162978,6
5678,44795,0
5678,6105,1
5678,32396,2
5678,44796,3
5678,29712,4
5678,591,5
5678,44790,6
11560,15852,0
11560,192,1
11560,8767,2
11560,2956,3
11560,36801,4
11560,52374,5
11560,19453,6
11452,10859,0
11452,1234,1
11452,21561,2
11452,53493,3
11452,155801,4
11452,203511,5
11452,35596,6
18435,1533,0
18435,11356,1
18435,10731,2
18435,37760,3
18435,104795,4
18435,90764,5
18435,47525,6
35944,34715,0
35944,11616,1
35944,9191,2
35944,290,3
35944,2440,4
35944,1120,5
35944,5319,6
64310,4885,0
64310,48576,1
64310,17882,2
64310,48405,3
64310,19363,4
64310,55805,5
64310,24539,6
25501,12261,0
25501,36042,1
25501,6905,2
25501,109755,3
25501,109756,4
25501,11792,6
25501,109759,7
26851,1247141,0
26851,73988,1
26851,73989,2
26851,2349357,3
26851,1430466,4
26851,1430465,5
26851,3442035,6
17487,81970,0
17487,27932,1
17487,81971,2
17487,7641,3
17487,16412,4
17487,8633,6
17487,81972,7
34276,38070,0
34276,16759,1
34276,30706,2
34276,47395,3
34276,16275,4
34276,559081,5
34276,91361,6
548,7450,0
548,7451,1
548,7453,2
548,7452,3
548,7454,4
548,7455,5
548,7456,6
11590,3636,0
11590,8260,1
11590,6678,2
11590,70241,3
11590,32225,4
11590,51517,5
11590,45921,6
1537,880,0
1537,2231,1
1537,3051,2
1537,227,4
1537,2956,5
1537,28633,6
1537,19152,7
12149,2053,0
12149,10297,1
12149,6280,2
12149,71467,3
12149,65838,4
12149,8962,5
12149,1032173,6
44373,18658,0
44373,87934,1
44373,11149,2
44373,19222,3
44373,82519,4
44373,17637,5
44373,62692,6
11812,6941,0
11812,18979,1
11812,11826,2
11812,11155,3
11812,23532,4
11812,7489,5
11812,101231,6
35080,205,0
35080,52995,1
35080,1926,2
35080,2130,3
35080,34901,4
35080,7906,5
35080,79127,6
441,504,0
441,4687,1
441,7026,2
441,502,3
441,5960,4
441,5694,5
441,22970,6
8346,54645,0
8346,38405,1
8346,53647,2
8346,14884,3
8346,8263,4
8346,54651,5
8346,54649,6
14168,3381,0
14168,18803,1
14168,76979,2
14168,76980,3
14168,5732,4
14168,58423,5
14168,83826,6
32617,193,0
32617,11850,1
32617,5563,2
32617,8258,3
32617,2481,4
32617,83037,5
32617,12850,6
31671,4960,0
31671,3087,1
31671,15753,2
31671,1811,3
31671,41251,4
31671,151908,6
31671,52590,8
2565,31,0
2565,5344,1
2565,2177,2
2565,6486,3
2565,15531,4
2565,26094,5
2565,2493,6
307,4420,0
307,4424,2
307,4421,3
307,4426,4
307,4425,5
307,4423,6
307,5002,8
15482,10682,0
15482,1461,1
15482,106128,2
15482,41230,3
15482,121816,4
15482,128267,5
15482,2069098,7
45878,53086,0
45878,1461,1
45878,25668,2
45878,20752,3
45878,125650,4
45878,32289,5
45878,134092,6
6393,26485,0
6393,28164,1
6393,49422,2
6393,51641,3
6393,786,4
6393,1210,5
6393,42176,6
12154,15112,0
12154,26472,1
12154,12836,2
12154,8985,3
12154,10607,4
12154,18331,5
12154,6541,6
11630,15112,0
11630,26472,1
11630,12836,2
11630,18331,3
11630,1225785,4
11630,67567,5
11630,93839,6
25133,4785,0
25133,46946,1
25133,42157,2
25133,10556,3
25133,4004,4
25133,84400,5
25133,16935,6
21970,3380,0
21970,10502,1
21970,15503,2
21970,14701,3
21970,24813,4
21970,37055,5
21970,92432,6
11892,18277,0
11892,21343,1
11892,30614,2
11892,10692,3
11892,51536,4
11892,2969,5
11892,49832,6
9334,18918,0
9334,57340,1
9334,61981,2
9334,1228834,3
9334,1369,4
9334,31511,5
9334,11024,6
36093,17289,0
36093,55015,1
36093,933139,2
36093,55101,3
36093,933140,4
36093,933141,5
36093,230171,6
35694,999736,0
35694,18472,1
35694,5916,2
35694,85484,3
35694,59882,4
35694,8695,5
35694,3108264,6
10491,15336,0
10491,204,1
10491,9825,2
10491,18325,3
10491,12795,4
10491,2441,5
10491,20425,6
70054,151180,0
70054,1001914,1
70054,24545,2
70054,26101,3
70054,54818,4
70054,210199,5
70054,20731,6
18323,3417,0
18323,1164,1
18323,29685,2
18323,43372,3
18323,3753,4
18323,86573,5
18323,2021321,6
18079,69310,0
18079,119671,1
18079,96918,2
18079,928977,3
18079,1148662,4
18079,122708,5
18079,1372517,6
110989,2282,0
110989,2167,1
110989,60956,2
110989,1242469,4
110989,211568,5
110989,27136,6
110989,156896,7
35337,23931,0
35337,2282,1
35337,10981,2
35337,18067,3
35337,231273,4
35337,81512,5
35337,119354,6
59199,8289,0
59199,1231,1
59199,90180,2
59199,54817,3
59199,18181,4
59199,1980,5
59199,118043,6
11470,62596,0
11470,166495,1
11470,69574,2
11470,180916,4
11470,23534,5
11470,69576,6
11470,44176,7
16643,11701,0
16643,12833,1
16643,4252,2
16643,71198,3
16643,65756,4
16643,47058,5
16643,8893,6
1282,29900,0
1282,401433,1
1282,4319,2
1282,110393,3
1282,16832,4
1282,83981,5
1282,9290,6
21220,35701,0
21220,49914,1
21220,1811,2
21220,67274,3
21220,15029,4
21220,5620,5
21220,863,6
52717,120385,0
52717,146546,1
52717,146547,2
52717,146548,4
52717,96926,5
52717,5860668,6
52717,5860655,8
69324,556070,0
69324,15092,1
69324,186469,2
69324,20982,3
69324,556071,4
69324,60369,5
69324,64092,6
11468,5576,0
11468,7132,1
11468,6163,2
11468,40481,3
11468,6806,4
11468,57829,5
11468,2683,6
292917,1926663,0
292917,1235957,1
292917,1729304,2
292917,1098533,3
292917,17051,4
19085,23629,0
19085,572591,1
19085,1996992,2
19085,824,3
19085,1232599,4
19085,1143708,5
19085,19302,8
73462,20006,0
73462,2165,1
73462,5251,2
73462,21520,3
73462,6914,4
73462,66221,5
73462,57418,6
26030,94603,0
26030,55778,1
26030,39093,2
26030,27443,3
26030,1656,4
26030,40976,5
26030,13696,6
10164,2157,0
10164,504,1
10164,14699,2
10164,53122,3
10164,57312,4
10164,15309,5
10164,18750,6
42048,21315,0
42048,21245,1
42048,70753,2
42048,3070,3
42048,110008,4
42048,235969,5
42048,76188,6
62001,738,0
62001,69054,1
62001,726,2
62001,1210,3
62001,656,4
62001,1936,5
62001,14541,6
28117,7180,0
28117,10447,1
28117,47901,2
28117,7685,3
28117,19152,4
28117,7867,5
28117,33533,6
40555,193,0
40555,8437,1
40555,16523,2
40555,13550,3
40555,25711,4
40555,124086,5
40555,124087,6
28384,12021,1
28384,351,2
28384,3196,4
28384,3896,5
28384,12812,6
28384,5130,7
28384,12122,8
46691,1039,0
46691,134768,1
46691,4038,2
46691,1182966,3
46691,41729,4
46691,1182967,5
46691,14551,6
27094,4483,0
27094,26483,1
27094,162287,2
27094,1127494,4
27094,940121,5
27094,1127495,6
27094,184619,7
26725,57399,0
26725,517,1
26725,96090,2
26725,11794,3
26725,89452,4
26725,75022,5
26725,45042,6
17168,16327,0
17168,6684,1
17168,28248,2
17168,17485,3
17168,6106,4
17168,81375,5
17168,6450,6
48482,1159,0
48482,35340,1
48482,20211,2
48482,16560,3
48482,4003,4
48482,66606,5
48482,53584,6
56179,5293,0
56179,587,1
56179,1162,2
56179,18327,3
56179,86474,4
56179,36055,5
56179,7040,6
5203,42122,0
5203,2295,1
5203,14061,2
5203,42123,3
5203,21089,4
5203,42124,5
5203,42125,6
13201,10822,0
13201,51214,1
13201,826,2
13201,4886,3
13201,7268,4
13201,70767,5
13201,47774,6
9689,3267,1
9689,4939,2
9689,23959,3
9689,4515,5
9689,100771,6
9689,56696,7
9689,41293,8
557,2219,0
557,5293,1
557,205,2
557,17051,3
557,19153,4
557,18998,5
557,18999,6
69850,20644,0
69850,1393202,1
69850,16756,2
69850,145997,3
69850,11851,4
69850,33191,5
69850,34200,6
44768,18056,0
44768,126509,1
44768,72605,2
44768,308445,3
44768,236090,4
44768,552563,5
44768,228075,6
1815,10158,0
1815,15197,1
1815,16420,2
1815,12407,3
1815,13637,4
1815,9126,5
1815,11859,6
55106,18892,0
55106,41218,1
55106,40618,2
55106,12988,3
55106,99583,4
55106,182655,5
55106,104637,6
28289,6837,0
28289,4111,1
28289,18892,2
28289,726,3
28289,158152,4
28289,82779,5
28289,111581,6
32037,16757,0
32037,194,1
32037,8349,2
32037,12951,3
32037,25787,4
32037,13784,5
32037,4969,6
39154,10162,0
39154,109701,1
39154,32494,2
39154,14733,3
39154,35322,4
39154,96243,5
39154,40220,6
24767,60060,0
24767,1979,1
24767,1248,2
24767,28010,3
24767,18260,4
24767,16937,5
24767,8659,6
33796,29459,0
33796,20508,1
33796,20766,2
33796,10981,3
33796,184881,4
33796,39066,5
33796,1643,6
32221,4784,0
32221,3087,1
32221,6587,2
32221,526,3
32221,11512,4
32221,27116,5
32221,31512,6
28466,2157,0
28466,6837,1
28466,67764,2
28466,93800,3
28466,100869,4
28466,90339,5
28466,1230,6
12227,10647,0
12227,569,1
12227,5950,2
12227,71763,3
12227,1736,4
12227,27737,5
12227,140079,6
43643,82519,0
43643,129724,1
43643,129725,2
43643,658,3
43643,136105,4
43643,171522,5
43643,12979,6
10985,132078,0
10985,13446,1
10985,11664,2
10985,11059,3
10985,21804,4
10985,7796,5
10985,77993,6
2251,1205,0
2251,2882,1
2251,15533,2
2251,17190,3
2251,6752,4
2251,96228,5
2251,20879,6
2894,28749,0
2894,13687,1
2894,29513,2
2894,26101,3
2894,1140,4
2894,29514,5
2894,25116,6
20712,9207,0
20712,10488,1
20712,84878,2
20712,156051,3
20712,85949,4
20712,208833,5
20712,100396,6
11240,68718,0
11240,11856,1
11240,693,2
11240,11852,3
11240,68719,4
11240,541338,5
11240,261927,6
46592,557006,0
46592,237501,1
46592,557008,2
46592,543873,3
46592,1020723,4
46592,559934,5
46592,1942956,6
45186,4301,0
45186,4139,1
45186,1748,2
45186,227524,3
45186,47405,4
45186,31005,5
45186,102441,6
86483,4301,0
86483,73022,1
86483,1216966,2
86483,162096,3
86483,47878,4
86483,10194,5
86483,116778,6
5425,43233,0
5425,31780,1
5425,43235,2
5425,43234,3
5425,43236,4
5425,1206770,5
5425,1644867,6
14117,8237,0
14117,39601,1
14117,76382,2
14117,45291,3
14117,93696,4
14117,34320,5
14117,55701,6
38360,233207,0
38360,87001,1
38360,86851,2
38360,1008337,3
38360,1149957,4
38360,1559516,5
38360,119567,6
29318,31295,0
29318,247,1
29318,84285,2
29318,103483,3
29318,38050,4
29318,9899,5
29318,940985,6
28907,9066,0
28907,85437,1
28907,9068,2
28907,14730,3
28907,33004,4
28907,129548,5
28907,550529,6
39771,7634,0
39771,129317,1
39771,7071,2
39771,152648,3
39771,161357,4
39771,2881,5
39771,1189173,6
245,3291,0
245,3292,1
245,3051,2
245,3293,3
245,3300,4
245,3315,5
245,3309,6
1894,17244,0
1894,3061,1
1894,524,2
1894,113,3
1894,2231,4
1894,7908,5
1894,27762,6
4012,30614,0
4012,34543,1
4012,9207,2
4012,1954,3
4012,39520,4
4012,22225,5
4012,10694,6
9026,4757,0
9026,5472,1
9026,368,2
9026,5309,3
9026,207,4
9026,1518,5
9026,8227,6
42193,12726,0
42193,13333,1
42193,11857,2
42193,19463,3
42193,10504,4
42193,15196,5
42193,140445,6
15417,190,0
15417,66223,1
15417,18071,2
15417,2107856,3
15417,821,4
15417,33544,5
15417,33178,6
11791,5,0
11791,10029,1
11791,113,2
11791,70510,3
11791,151125,4
11791,9899,5
11791,47395,6
28577,30124,0
28577,14063,1
28577,101768,2
28577,6609,3
28577,101877,4
28577,2649,5
28577,101878,6
13963,76134,1
13963,76136,2
13963,76135,3
13963,76137,4
13963,2585,5
13963,69669,6
13963,1487,7
23102,2638,0
23102,4347,1
23102,16757,2
23102,6609,3
23102,12157,4
23102,29285,5
23102,14822,6
1957,16866,0
1957,20215,1
1957,20216,2
1957,3196,3
1957,5346,4
1957,13526,5
1957,10430,6
320,1158,0
320,2157,1
320,448,2
320,42993,3
320,18070,4
320,16307,5
320,15900,6
9023,1892,0
9023,2505,1
9023,56658,2
9023,7222,3
9023,56659,4
9023,35095,5
9023,80416,6
27834,4654,0
27834,42158,1
27834,59807,2
27834,16927,3
27834,3753,4
27834,148251,5
27834,17881,6
17734,10297,0
17734,1241,1
17734,20387,2
17734,27563,3
17734,1903,4
17734,1188489,5
17734,47770,6
24010,3149,0
24010,18666,1
24010,857,2
24010,13785,3
24010,40618,4
24010,41756,5
24010,3382,6
39435,3381,0
39435,3151,1
39435,129427,2
39435,41755,3
39435,19877,4
39435,50763,5
39435,58423,6
24005,12149,0
24005,3149,1
24005,10774,2
24005,105387,3
24005,30274,4
24005,19781,5
24005,3339,6
44800,3085,0
44800,7004,1
44800,27964,2
44800,31977,3
44800,119113,4
44800,4521,5
44800,133853,6
24014,3149,0
24014,2565,1
24014,40206,2
24014,130940,3
24014,15387,4
24014,130941,5
24014,130942,6
24008,2638,0
24008,30003,1
24008,11169,2
24008,3149,3
24008,10609,4
24008,97284,5
24008,56444,6
53229,5401,0
53229,14882,1
53229,1937,2
53229,2750,3
53229,1947,4
53229,387961,5
53229,3014,6
1936,10158,0
1936,3149,1
1936,19181,2
1936,20099,3
1936,20100,4
1936,12356,5
1936,22603,6
4614,880,0
4614,192,1
4614,2505,2
4614,23626,3
4614,18354,4
4614,27554,5
4614,8785,6
12277,62842,0
12277,58317,1
12277,9205,2
12277,53923,3
12277,8687,4
12277,41686,5
12277,4169,6
267345,937,0
267345,1314905,1
267345,3070,2
112991,14061,0
112991,17495,1
112991,6408,2
112991,23882,3
112991,13936,4
112991,152716,5
112991,46397,6
15677,10774,0
15677,4173,1
15677,5309,2
15677,78518,3
15677,39952,4
15677,71249,5
15677,2167,6
58455,4165,0
58455,78056,1
58455,4302,2
58455,4303,3
58455,105797,4
58455,94198,5
58455,84229,6
36554,5341,0
36554,2091,1
36554,29520,2
36554,33484,3
36554,10925,4
36554,69248,5
36554,11132,6
48216,20851,0
48216,4885,1
48216,4273,2
48216,24903,3
48216,9765,4
48216,28463,5
48216,4166,6
41165,3061,0
41165,42571,1
41165,125660,2
41165,73283,3
41165,32562,4
41165,125661,5
41165,125662,6
13153,57700,0
13153,6280,1
13153,49877,2
13153,10361,3
13153,151363,4
13153,21629,5
13153,13644,6
811,6905,0
811,12121,1
811,12122,2
811,12123,3
811,12125,4
811,12124,5
811,12126,6
43532,23220,0
43532,126767,1
43532,30188,2
43532,1218303,3
43532,1244813,4
43532,1996477,5
43532,33185,6
163907,2090,0
163907,13567,1
163907,1100,2
163907,40209,3
163907,164776,4
163907,22556,5
163907,4965,6
7216,45473,0
7216,52060,1
7216,52061,2
7216,52062,3
7216,31779,4
7216,136393,5
7216,1712106,7
3132,4173,0
3132,2632,1
3132,16856,2
3132,53,3
3132,21134,4
3132,11703,5
3132,31647,6
9583,18277,0
9583,9560,1
9583,58068,2
9583,16896,3
9583,1956,4
9583,15852,5
9583,28778,6
18408,17346,0
18408,1462,1
18408,65732,2
18408,7539,3
18408,19143,4
18408,4496,5
18408,32225,6
13245,97299,0
13245,97300,1
13245,97301,2
13245,97302,3
13245,97303,4
13245,111134,6
13245,111154,8
2501,1892,0
2501,679,1
2501,2955,2
2501,2296,3
2501,1248,4
2501,31164,5
2501,32458,6
9637,33260,0
9637,11863,1
9637,26457,2
9637,1817,3
9637,58271,4
9637,10730,5
9637,52848,6
12100,2963,0
12100,33527,1
12100,53,2
12100,11315,3
12100,103,4
12100,12792,5
12100,26291,6
16857,18793,0
16857,46593,1
16857,20089,2
16857,177165,3
16857,1038,4
16857,7132,5
16857,31535,6
52258,65,0
52258,1562,1
52258,41043,2
52258,31431,3
52258,1665,4
52258,2049783,5
52258,19923,6
10394,6162,0
10394,56890,1
10394,11207,2
10394,3543,3
10394,9825,4
10394,26258,5
10394,1665,6
27451,11863,0
27451,5090,1
27451,16484,2
27451,7036,3
27451,59967,4
27451,12642,5
27451,3095,6
15813,11685,0
15813,136796,1
15813,47615,2
15813,72792,3
15813,127874,4
15813,127873,5
15813,4391,6
31591,1229,0
31591,38162,1
31591,1232,2
31591,51517,3
31591,18071,4
31591,21523,5
31591,47879,6
18905,10594,0
18905,6065,1
18905,56881,2
18905,64929,3
18905,10458,4
18905,29382,5
18905,64120,6
14774,11159,0
14774,63208,1
14774,4002,2
14774,87152,3
14774,87151,4
14774,3202,5
14774,42646,6
4993,4299,0
4993,10158,1
4993,40056,2
4993,7505,3
4993,40445,4
4993,19111,5
4993,1091873,6
27052,96843,0
27052,1924,1
27052,96844,2
27052,96845,3
27052,96846,4
27052,96847,5
27052,2128443,7
34130,514,0
34130,2453,1
34130,1062,2
34130,7171,3
34130,5047,4
34130,1272,5
34130,78084,6
38950,51576,0
38950,1216971,1
38950,55271,2
38950,41224,3
38950,8609,4
38950,55841,5
38950,7178,6
17898,2048,0
17898,5616,1
17898,41640,2
17898,45446,3
17898,17444,4
17898,12646,5
17898,1218083,6
21635,14974,0
21635,13784,1
21635,87749,2
21635,7683,3
21635,43821,4
21635,39816,5
21635,9865,6
27945,3636,0
27945,13576,1
27945,16420,2
27945,45467,3
27945,44728,4
27945,74542,5
27945,124005,6
43139,12248,0
43139,67615,1
43139,39393,2
43139,145271,3
43139,92908,4
43139,3796,5
43139,136897,6
30194,12074,0
30194,114058,1
30194,38024,2
30194,44712,3
30194,4251,4
30194,28633,5
30194,2692,6
10169,6952,0
10169,2880,1
10169,25834,2
10169,65827,3
10169,64057,4
10169,20211,5
10169,1859521,6
27225,5823,0
27225,8252,1
27225,31071,2
27225,6840,3
27225,1162,4
27225,41406,5
27225,58661,6
13909,4165,0
13909,30296,1
13909,103071,2
13909,8258,3
13909,4316,4
13909,30495,5
13909,12969,6
103299,26485,0
103299,11478,1
103299,3417,2
103299,829,3
103299,70830,4
103299,120560,5
103299,30369,6
41805,3391,0
41805,6067,1
41805,1466,2
41805,11515,3
41805,172568,4
41805,28416,5
41805,176362,6
35696,74354,0
35696,2535,1
35696,7166,2
35696,88059,3
35696,155808,4
35696,57553,5
35696,1234204,6
11544,1580,0
11544,13445,2
11544,28010,3
11544,58955,4
11544,10182,5
11544,937681,6
11544,58319,7
180,500,0
180,2206,1
180,72466,2
180,2201,3
180,2208,4
180,2202,5
180,2203,6
9555,57951,0
9555,57952,1
9555,57953,2
9555,53023,3
9555,1461107,4
9555,1485712,5
9555,228704,6
57022,13724,0
57022,9572,1
57022,9780,2
57022,26008,3
57022,8854,4
57022,36190,5
57022,15860,6
17710,82528,0
17710,35093,1
17710,82529,2
17710,198,3
17710,34983,4
17710,7004,5
17710,10431,6
2022,19292,0
2022,1920,1
2022,1241,2
2022,20818,3
2022,8212,4
2022,18917,5
2022,15440,6
50035,2229,0
50035,4154,1
50035,1246,2
50035,21128,3
50035,53923,4
50035,9048,5
50035,131,6
9719,6886,0
9719,58739,1
9719,4154,2
9719,11149,3
9719,56595,4
9719,21532,5
9719,9464,6
11982,8891,0
11982,1796,1
11982,3019,2
11982,12812,3
11982,59451,4
11982,71167,5
11982,518,6
27224,3037,0
27224,2167,1
27224,97337,2
27224,1416981,3
27224,162930,4
27224,11064,5
27224,20625,6
12251,22675,0
12251,58150,1
12251,6774,2
12251,4942,3
12251,9464,4
12251,9562,5
12251,188694,6
88818,6949,0
88818,1533,1
88818,12139,2
88818,936535,3
88818,14324,4
88818,104795,5
88818,63003,6
30114,7180,0
30114,6105,1
30114,11885,2
30114,13420,3
30114,16180,4
30114,21523,5
30114,590,6
70489,4688,0
70489,18472,1
70489,10824,2
70489,1717079,3
70489,61323,4
70489,1717081,5
70489,1717088,6
21972,58197,0
21972,9779,1
21972,67778,2
21972,32394,3
21972,88124,4
21972,88123,5
21972,88125,6
608,2176,0
608,2888,1
608,9626,2
608,6684,3
608,9656,4
608,5916,5
608,4252,6
59387,64948,0
59387,15762,1
59387,15274,2
59387,51957,3
59387,71535,4
59387,78798,5
59387,81667,6
26290,58016,0
26290,1812,1
26290,95023,2
26290,38877,4
26290,39679,5
26290,78018,6
26290,2964,7
17043,559670,0
17043,559671,1
17043,45586,2
17043,1371,3
17043,75122,4
17043,144081,5
17043,936397,6
6278,3894,0
6278,10297,1
6278,10695,2
6278,17276,3
6278,2957,4
6278,56137,5
6278,62498,6
4147,31,0
4147,3636,1
4147,9642,2
4147,78198,3
4147,8784,4
4147,2283,5
4147,10431,6
16664,96472,0
16664,96473,1
16664,84028,2
16664,9707,3
16664,45999,4
16664,96477,5
16664,20345,6
14651,4273,0
14651,2245,1
14651,28641,2
14651,49168,3
14651,78479,4
14651,20056,5
14651,21347,6
96238,4175,0
96238,20362,1
96238,1910,2
96238,1103,3
96238,4888,4
96238,21731,5
96238,2275,6
15096,2776,0
15096,106017,1
15096,89691,2
15096,82747,3
15096,82748,4
15096,3345,5
15096,151536,6
19731,68445,1
19731,132710,2
19731,132711,3
19731,22250,4
19731,107308,5
19731,75355,6
19731,16168,7
20324,7640,0
20324,85934,1
20324,45465,2
20324,45466,3
20324,38998,4
20324,11127,5
20324,47395,6
49370,8891,0
49370,8944,1
49370,49422,2
49370,21619,3
49370,35159,4
49370,1514903,5
49370,109579,6
14902,10775,0
14902,79247,1
14902,18328,2
14902,10401,3
14902,1480276,4
14902,53085,5
14902,1752517,6
42254,39006,1
42254,6251,2
42254,32552,3
42254,40974,4
42254,23668,5
42254,1175731,6
42254,21997,7
1842,1191409,0
1842,1119334,1
1842,1191410,2
1842,1191411,3
1842,1191412,4
1842,2322265,5
1842,2593294,6
2721,2565,0
2721,18847,1
2721,1352,2
2721,20030,3
2721,17028,4
2721,27440,5
2721,24422,6
11442,8944,0
11442,69614,1
11442,6485,2
11442,69616,3
11442,51798,4
11442,21403,5
11442,77897,6
1364,3627,0
1364,16441,1
1364,3623,2
1364,16442,3
1364,16443,4
1364,16444,5
1364,16445,6
8869,15234,0
8869,56152,1
8869,12975,2
8869,1245,3
8869,1539,4
8869,55547,5
8869,67850,6
8665,3,0
8665,3896,1
8665,133,2
8665,14324,3
8665,940,4
8665,20425,5
8665,27659,6
10996,521,0
10996,16935,1
10996,41419,2
10996,67778,3
10996,122552,4
10996,122553,5
10996,78729,6
818,12073,0
818,14386,1
818,13922,2
818,13919,3
818,9208,4
818,13924,5
818,10987,6
18357,9640,0
18357,5727,1
18357,82987,2
18357,16433,3
18357,18,4
18357,18271,5
18357,24362,6
45861,131514,0
45861,12676,1
45861,134038,2
45861,150153,3
45861,143358,4
45861,150158,5
45861,1751003,6
39141,11022,0
39141,10205,1
39141,27772,2
39141,10739,3
39141,1218240,4
39141,61607,5
39141,1005,6
33152,2224,0
33152,12898,1
33152,62010,2
33152,3037,3
33152,9188,4
33152,78589,5
33152,229,6
149445,827,0
149445,3085,1
149445,3092,2
149445,3895,3
149445,1466,4
149445,21818,5
149445,3014,6
10309,48187,0
10309,2729,1
10309,3734,2
10309,10625,3
10309,2742,4
10309,9927,5
10309,2732,6
6404,14277,0
6404,6553,1
6404,2310,2
6404,49506,4
6404,49507,6
6404,49516,7
6404,538228,8
19133,46946,0
19133,8893,1
19133,41269,2
19133,9807,3
19133,13726,4
19133,19889,5
19133,12515,6
43199,10922,0
43199,5729,1
43199,6577,2
43199,24321,3
43199,80574,4
43199,179313,5
43199,82676,6
43915,21462,0
43915,106179,1
43915,51881,2
43915,29859,3
43915,129842,4
43915,23910,5
43915,247622,6
24130,5563,0
24130,5248,1
24130,91196,2
24130,86368,3
24130,88460,4
24130,91197,5
24130,91198,6
43445,566338,0
43445,566339,1
43445,566340,2
43445,566341,3
43445,1531335,4
43445,1531336,5
43445,1531337,6
36645,41779,0
36645,28641,1
36645,21605,2
36645,19463,3
36645,25536,4
36645,20128,5
36645,40529,6
5155,42407,0
5155,18340,1
5155,42408,2
5155,42409,3
5155,32676,4
5155,42410,5
5155,42411,6
23728,5563,0
23728,5248,1
23728,91253,2
23728,30125,3
23728,91254,4
23728,91255,5
23728,91256,6
3780,7450,0
3780,33764,1
3780,70626,2
3780,131203,3
3780,213483,4
3780,34374,5
3780,96800,6
10786,738,0
10786,1932,1
10786,8606,2
10786,194,3
10786,51812,4
10786,656,5
10786,66786,6
8764,5576,0
8764,55907,1
8764,5,2
8764,55037,3
8764,34720,4
8764,2268,5
8764,55908,6
13908,56159,0
13908,1213786,1
13908,18285,2
13908,14833,3
13908,9274,4
13908,139759,5
13908,3202,6
2675,2461,0
2675,73421,1
2675,28042,2
2675,17140,3
2675,1956,4
2675,23627,6
2675,28043,7
12308,65571,0
12308,105685,1
12308,34027,2
12308,72054,3
12308,76339,4
12308,27274,5
12308,72050,6
9488,57674,0
9488,57675,1
9488,3131,2
9488,17832,3
9488,884,4
9488,11160,6
9488,11159,7
9962,4491,0
9962,11664,1
9962,131,2
9962,3911,3
9962,1462,4
9962,4764,5
9962,44830,6
9573,190,0
9573,8447,1
9573,5657,2
9573,57991,3
9573,57992,4
9573,55259,5
9573,21043,6
7451,12835,0
7451,18514,1
7451,20982,2
7451,2231,3
7451,53347,4
7451,2341,5
7451,39849,6
2750,4581,0
2750,14887,1
2750,16702,2
2750,1120,3
2750,1834,4
2750,1333,5
2750,42604,6
30586,54422,0
30586,107129,2
30586,1192716,3
30586,3880212,5
30586,3004777,6
30586,3880227,7
30586,3880236,8
61112,22226,0
61112,4529,1
61112,71530,2
61112,35077,3
61112,5444,4
61112,64549,5
61112,10825,6
92384,64856,0
92384,32646,1
92384,144375,2
92384,1212639,3
92384,77072,4
92384,51750,5
92384,2335611,6
43772,1364061,0
43772,1364062,1
43772,1890630,2
43772,1890631,3
43772,1890632,4
20337,78029,0
27062,96862,0
27062,20654,1
27062,74023,2
27062,1362651,3
27062,1362654,4
27062,551714,5
27062,1362652,6
34070,111784,0
34070,111785,1
34070,111786,2
34070,111787,3
34070,111788,4
34070,111789,5
34070,111790,6
6173,1925,0
6173,19117,1
6173,45152,2
6173,48405,3
6173,48406,4
6173,24378,5
6173,6552,6
10305,17882,0
10305,32089,1
10305,54327,2
10305,654,3
10305,20081,4
10305,32092,5
10305,20669,6
42337,34581,0
42337,127889,1
42337,15395,2
42337,7280,3
42337,18779,4
42337,136761,5
42337,24485,6
18694,21457,0
18694,21277,1
18694,83824,2
18694,83825,3
18694,76980,4
18694,68812,5
18694,83826,6
74578,1973,0
74578,1356,1
74578,48576,2
74578,66838,3
74578,1653,4
74578,2414,5
74578,115686,6
10081,26485,0
10081,20959,1
10081,13312,2
10081,63046,3
10081,2248,4
10081,11673,5
10081,65344,6
11484,3085,0
11484,11783,1
11484,10342,2
11484,41269,3
11484,6561,4
11484,33849,5
11484,103959,6
11692,776,0
11692,1811,1
11692,5916,2
11692,532,3
11692,12217,4
11692,40481,5
11692,8986,6
9266,7517,0
9266,56045,1
9266,17647,2
9266,57088,3
9266,21027,4
9266,57089,5
9266,1520267,6
3640,678,0
3640,33509,1
3640,2166,2
3640,11951,3
3640,4533,4
3640,23937,5
3640,33510,6
8653,69699,0
8653,69698,1
8653,141873,2
8653,231508,3
8653,64453,4
8653,80459,5
8653,1923493,6
30072,12052,0
30072,6383,1
30072,18325,2
30072,49971,3
30072,17286,4
30072,47590,5
30072,10881,6
9357,2157,0
9357,935,1
9357,15424,2
9357,21163,3
9357,18662,4
9357,9048,5
9357,12538,6
12771,14408,0
12771,13918,1
12771,47774,2
12771,11357,3
12771,5726,4
12771,9273,5
12771,53256,6
9296,1158,0
9296,35198,1
9296,2229,2
9296,38940,3
9296,12217,4
9296,1920,5
9296,17881,6
15070,10814,0
15070,10182,1
15070,2314,2
15070,12132,3
15070,288,4
15070,15853,5
15070,26473,6
26942,18461,1
26942,1910,2
26942,19505,3
26942,49728,4
26942,31171,5
26942,23967,6
26942,98950,7
206042,6726,0
206042,4443,1
206042,74036,2
206042,38666,3
206042,88124,4
206042,94547,5
206042,156761,6
26895,96558,0
26895,96559,1
26895,58675,2
26895,96560,3
26895,96561,4
26895,120351,5
26895,87873,6
60608,11989,0
60608,48576,1
60608,59826,2
60608,20577,3
60608,235613,4
60608,7693,5
60608,5418,6
97447,765,0
97447,1059547,1
97447,51499,2
97447,1159590,3
97447,1159591,4
97447,1159592,5
97447,1159593,6
11243,1937,0
11243,61185,1
11243,52697,2
11243,68727,3
11243,68728,4
11243,68729,5
11243,68730,6
19975,85367,0
19975,44163,1
19975,34985,2
19975,74951,3
19975,85368,4
19975,68727,5
19975,85366,6
10323,64825,0
10323,26256,1
10323,16523,2
10323,10978,3
10323,9871,4
10323,29545,5
10323,12522,6
9595,6952,0
9595,2130,1
9595,3124,2
9595,2177,3
9595,14721,4
9595,69718,5
9595,4041,6
28319,38764,0
28319,32828,1
28319,100408,2
28319,9768,3
28319,100410,4
28319,100409,5
28319,100411,6
46878,3895,0
46878,9594,1
46878,12149,2
46878,28906,3
46878,8725,4
46878,8258,5
46878,30123,6
24750,56890,0
24750,2076,1
24750,2453,2
24750,6354,3
24750,12854,4
24750,196288,5
24750,38160,6
31393,8516,0
31393,116845,1
31393,104412,2
31393,103778,3
31393,100796,4
31393,151511,5
31393,133569,6
24038,75020,0
24038,101871,1
24038,18365,2
24038,79740,3
24038,1051939,4
24038,68850,5
24038,16180,6
79783,5698,0
79783,2233,1
79783,13550,2
79783,7868,3
79783,6804,4
79783,7668,5
79783,106461,6
9941,1733,0
9941,73931,1
9941,3037,2
9941,22865,3
9941,60698,4
9941,7430,5
9941,88519,6
18639,21457,0
18639,22090,1
18639,44998,2
18639,31876,3
18639,53010,4
18639,24827,5
18639,12158,6
39833,93105,0
39833,48958,1
39833,21457,2
39833,29363,3
39833,15699,4
39833,9112,5
39833,68642,6
32858,1547,0
32858,13026,1
32858,2907,2
32858,104711,3
32858,82383,4
32858,19329,5
32858,111585,6
3127,5,0
3127,30704,1
3127,9877,2
3127,30705,3
3127,12816,4
3127,30706,5
3127,30707,6
10859,3037,0
10859,2880,1
10859,289,2
10859,18992,3
10859,29774,4
10859,2178,5
10859,87119,6
32825,21457,0
32825,3382,1
32825,4514,2
32825,26142,3
32825,40598,4
32825,14502,5
32825,246,6
10725,3926,0
10725,6200,1
10725,587,2
10725,66804,3
10725,119232,4
10725,14835,5
10725,106769,6
9544,10822,0
9544,11317,1
9544,9029,2
9544,1646,3
9544,57897,4
9544,27993,5
9544,31431,6
23967,15555,0
23967,69855,1
23967,42626,2
23967,24305,3
23967,36637,4
23967,10135,5
23967,42374,6
57351,62817,0
57351,225968,1
57351,177205,2
57351,165275,3
57351,33014,4
57351,266618,5
57351,106911,6
26165,98357,0
26165,91541,1
26165,125486,2
26165,15139,3
26165,942471,4
26165,1007522,5
26165,101401,6
31514,117802,0
31514,117803,1
31514,117804,2
31514,117805,3
31514,117806,4
31514,117807,5
31514,1320315,6
13571,3036,0
13571,13548,1
13571,20769,2
13571,25503,3
13571,12149,4
13571,58414,5
13571,6541,6
26056,8691,0
26056,1003386,1
26056,65928,2
26056,68763,3
26056,69128,4
26056,88550,5
26056,7164,6
13536,380,0
13536,3910,1
13536,17051,2
13536,13446,3
13536,4520,4
13536,5699,5
13536,56675,6
20616,17772,0
20616,21711,1
20616,50346,2
20616,20879,3
20616,50095,4
20616,50117,5
20616,6486,6
96218,1008376,0
96218,1276,1
96218,6200,2
96218,78439,3
96218,76961,4
96218,55496,5
96218,2176121,6
79319,14502,1
79319,201798,2
79319,1216137,3
79319,1104673,4
79319,931758,5
79319,108890,6
79319,55908,7
16806,2232,0
16806,80868,1
16806,21619,2
16806,21151,3
16806,1039,4
16806,2171,5
16806,59962,6
15516,101582,0
15516,101583,1
15516,101575,2
15516,101584,4
15516,101585,5
15516,32997,6
15516,101586,7
9299,24976,0
9299,1602,1
9299,17093,2
9299,30357,3
9299,37842,4
9299,1136757,5
9299,1385897,6
113369,1282853,0
113369,1023520,1
10611,9778,0
10611,18471,1
10611,5726,2
10611,11868,3
10611,230176,4
10611,31711,5
10611,8177,6
12770,11662,0
12770,36423,1
12770,41087,2
12770,52119,3
12770,1117,4
12770,16859,5
12770,28633,6
4108,976,0
4108,21911,1
4108,7693,2
4108,31841,3
4108,11397,4
4108,61609,5
4108,1090711,6
55903,81821,0
55903,24485,1
55903,48577,2
55903,286441,3
55903,40305,4
55903,38529,5
55903,20442,6
46466,1137,0
46466,5442,1
46466,16240,2
46466,16349,3
46466,13688,4
46466,4166,5
46466,7275,6
9685,18793,0
9685,4038,1
9685,4785,2
9685,6194,3
9685,15440,4
9685,2956,5
9685,11864,6
87481,944143,0
87481,1749231,1
87481,1081132,2
87481,3106063,3
16370,84021,0
16370,66881,2
16370,10399,3
16370,829,4
16370,29407,5
16370,47652,6
16370,18687,7
18913,21278,0
18913,4361,1
18913,29803,2
18913,57829,3
18913,11514,4
18913,4517,5
18913,21625,6
14361,6856,0
14361,519,1
14361,5960,2
14361,76759,3
14361,76760,4
14361,77338,5
14361,76470,6
41021,1547,0
41021,116309,1
41021,118633,2
41021,33855,3
41021,133229,4
41021,133230,5
41021,98047,6
18943,12899,0
18943,2886,1
18943,147454,2
18943,64897,3
18943,964625,4
18943,5177,5
18943,179573,6
32685,12899,0
32685,147454,1
32685,1666845,2
32685,1666844,3
32685,146564,4
32685,5111510,5
32685,142104,6
64079,13784,0
64079,20141,1
64079,193,2
64079,6914,3
64079,41251,4
64079,7673,5
64079,8499,6
18477,7073,0
18477,64721,1
18477,1242423,2
18477,99062,3
18477,1029003,4
18477,1029004,5
18477,13310,6
12262,73779,0
12262,73781,2
12262,62001,3
12262,73782,4
12262,101765,5
12262,101766,6
12262,101768,7
33506,1903,0
33506,2053,1
33506,2882,2
33506,13525,3
33506,63681,4
33506,20,5
33506,7166,6
29515,92036,0
29515,14062,1
29515,9309,2
29515,89570,3
29515,2081,4
29515,1911,5
29515,104048,6
41582,4763808,0
41582,2155,1
41582,1037,2
41582,13920,3
41582,4443,4
41582,1669268,5
41582,1669269,6
50382,192373,0
50382,1192920,1
50382,19439,2
50382,8167,3
50382,4307,4
50382,44846,5
50382,15417,6
42633,522,0
42633,855,1
42633,18364,2
42633,40618,3
42633,8608,4
42633,16085,5
42633,195061,6
26680,5,0
26680,8516,1
26680,69054,2
26680,564316,3
26680,169073,4
26680,70118,5
26680,564317,6
34086,19968,1
34086,4788,2
34086,1201304,3
34086,19547,4
34086,78148,5
34086,157466,6
34086,54044,7
11504,16620,0
11504,1062,1
11504,10409,2
11504,1211,3
11504,87917,5
11504,4965,6
11504,4002,7
23470,109418,0
23470,58210,1
23470,139869,2
23470,30048,3
23470,60949,4
23470,7633,5
23470,31004,6
977,14582,0
977,14583,1
977,14585,3
977,14586,4
233,3002,0
233,5597883,1
233,650,2
233,3006,3
233,3008,4
233,3009,5
233,3010,6
19049,8487,0
19049,20391,1
19049,70036,2
19049,14001,3
19049,136895,4
19049,78791,5
19049,7666,6
5506,12248,0
5506,14300,1
5506,14503,2
5506,12446,3
5506,43791,4
5506,43787,5
5506,100343,6
32961,12248,0
32961,12727,1
32961,40952,2
32961,30119,3
32961,109862,4
32961,107539,5
32961,47017,6
32568,12248,0
32568,45466,1
32568,14300,2
32568,3796,3
32568,2925,4
32568,97429,5
32568,32119,6
29698,110950,0
29698,2478,1
29698,110953,2
29698,135035,3
29698,135036,4
29698,135037,5
29698,135038,6
22244,88516,0
22244,88517,1
22244,88518,2
22244,88519,3
22244,88520,4
22244,88522,6
22244,88523,7
19460,69310,0
19460,59136,1
19460,46853,2
19460,132449,3
19460,27461,4
19460,1182534,5
19460,141757,6
575,677,0
575,7803,1
575,5646,2
575,7827,3
575,7822,4
575,7823,5
575,7804,6
10550,3131,0
10550,140,1
10550,2518,2
10550,11007,3
10550,10680,4
10550,30488,5
10550,11677,6
9034,18892,0
9034,4038,1
9034,118,2
9034,21711,3
9034,41465,4
9034,56757,5
9034,17040,6
9093,1810,0
9093,8210,1
9093,11661,2
9093,938,3
9093,15739,4
9093,3968,5
9093,113608,6
9039,6885,0
9039,7621,1
9039,56778,2
9039,4724,3
9039,3201,4
9039,501,5
9039,10137,6
1958,50,0
1958,17882,1
1958,20234,2
1958,20235,3
1958,4885,4
1958,19163,5
1958,4390,6
23550,67323,0
23550,65571,1
23550,90317,2
23550,90318,3
23550,97929,4
23550,67144,5
23550,90320,6
68569,3129,0
68569,34514,1
68569,1646,2
68569,282349,3
68569,47237,4
68569,36688,5
68569,48613,6
318535,41686,0
318535,2205,1
318535,52308,2
318535,35516,3
318535,25215,4
318535,14669,5
11013,13548,0
11013,1579,1
11013,4654,2
11013,21818,3
11013,230,4
11013,5274,5
11013,156689,6
129,19587,0
129,19588,1
129,19589,2
129,19590,3
129,19591,4
129,19592,5
129,225730,6
54714,1248,0
54714,99401,1
54714,533195,2
11529,368,0
11529,6164,1
11529,18352,2
11529,11850,3
11529,5960,4
11529,10430,5
11529,5376,6
10771,18897,0
10771,33259,1
10771,11355,2
10771,5578,3
10771,13939,4
10771,53,5
10771,149209,6
38951,1070523,0
38951,1133440,1
38951,2765303,2
38951,2914830,3
38951,229565,4
38951,107793,5
38951,2765304,6
55018,87118,0
55018,23628,1
55018,780,2
55018,57119,3
55018,219261,4
55018,66160,5
55018,11885,6
44635,3141,0
44635,6407,1
44635,26467,2
44635,12260,3
44635,22970,4
44635,17637,5
44635,19394,6
31005,4483,0
31005,4038,1
31005,131,2
31005,1003934,3
31005,9280,4
31005,129659,5
31005,129660,6
72308,2641,0
50123,6804,0
50123,57448,1
50123,15439,2
50123,945312,3
50123,933686,4
50123,87126,5
50123,60722,6
2110,1003,0
2110,21658,1
2110,21659,2
2110,10500,3
2110,21663,4
2110,21664,5
2110,21665,6
15173,78297,0
15173,78298,1
15173,80678,2
15173,110801,3
15173,2401391,4
15173,110802,5
15173,110803,6
9533,819,0
9533,4173,1
9533,5469,2
9533,1639,3
9533,1037,4
9533,1233,5
9533,16293,6
38866,16757,0
38866,23931,1
38866,13549,2
38866,4935,3
38866,2320,4
38866,10647,5
38866,56890,6
4107,34715,0
4107,34716,1
4107,34717,2
4107,34718,3
4107,34719,4
4107,11276,5
4107,32357,6
10575,112,0
10575,1771,1
10575,41527,2
10575,15917,3
10575,109337,4
10575,8772,5
10575,129625,6
47500,18248,0
47500,42993,1
47500,59967,2
47500,17640,3
47500,50877,4
47500,141955,5
47500,6950,6
15720,1271,0
15720,25654,1
15720,5657,2
15720,11616,3
15720,1428,4
15720,5563,5
15720,104059,6
9260,6807,0
9260,3905,1
9260,21353,2
9260,2169,3
9260,52708,4
9260,1461,5
9260,40481,6
21828,1284,0
21828,9030,1
21828,2227,2
21828,1347351,3
21828,1347353,4
21828,1311060,5
21828,75931,6
1682,18615,0
1682,67023,1
1682,18607,2
1682,144797,3
1682,18613,4
1682,1014950,5
1682,1014951,6
39462,122925,0
39462,227622,1
39462,108026,2
39462,121191,3
39462,18613,4
39462,1177243,5
39462,931389,6
18983,7685,0
18983,7453,1
18983,33768,2
18983,18615,3
18983,30568,4
18983,108026,5
18983,235382,6
41971,30613,0
41971,9625,1
41971,12900,2
41971,35341,3
41971,400,4
41971,18916,5
41971,11389,6
33831,47879,0
33831,4512,1
33831,72658,2
33831,12836,3
33831,780,4
33831,66811,5
33831,1062,6
24348,942808,0
24348,548681,1
24348,3096470,2
24348,1040841,3
24348,95778,4
24348,73952,5
19140,4068,0
19140,7663,1
19140,88960,2
19140,4302,3
19140,64212,4
19140,99750,5
19140,31209,6
82545,1229,0
82545,1036,1
82545,8873,2
82545,1811,3
82545,9599,4
82545,19207,5
82545,18687,6
37606,5472,0
37606,516,1
37606,39117,2
37606,826,3
37606,12522,4
37606,4004,5
37606,9976,6
34600,12899,0
34600,14893,1
34600,74627,2
34600,1106072,3
34600,193319,4
34600,83140,5
34600,1087389,6
11868,5,0
11868,113,1
11868,3796,2
11868,70794,3
11868,122951,4
11868,987684,5
11868,106989,6
12921,61961,0
12921,8872,1
12921,2201,2
12921,15900,3
12921,34917,4
12921,58475,5
12921,1351508,6
19953,27726,0
19953,41730,1
19953,726,2
19953,86368,3
19953,113654,4
19953,213641,5
19953,130423,6
53049,1085239,0
53049,560301,1
53049,1085240,2
53049,1085241,3
53049,1085242,4
53049,1085243,5
53049,1085244,6
10772,22383,0
10772,66676,1
10772,66677,2
10772,37586,3
10772,100409,4
10772,1031959,5
10772,103751,6
77079,22383,0
77079,234297,1
77079,127816,2
77079,102101,3
77079,24614,4
77079,9221,5
77079,1754323,6
74899,7570,0
74899,16896,1
74899,21151,2
74899,1210,3
74899,2712,4
74899,54800,5
74899,104349,6
120694,5682,0
120694,21245,1
120694,12150,2
120694,21399,3
120694,57312,4
120694,53971,6
120694,92287,7
12719,2778,0
12719,2628,1
12719,10556,2
12719,15900,3
12719,44301,4
12719,15416,5
12719,21731,6
25001,3460,0
25001,46949,1
25001,8183,2
25001,12149,3
25001,10360,4
25001,14792,5
25001,40530,6
43438,2924,0
43438,111664,2
43438,11859,3
43438,97243,4
43438,115062,5
43438,565350,6
43438,133871,7
3092,31440,0
3092,4786,1
3092,228813,2
3092,101855,3
3092,1002235,4
3092,1002218,5
3092,31525,6
4989,16475,0
4989,40403,1
4989,15213,2
4989,6774,3
4989,1679618,4
4989,81561,5
4989,77254,6
15313,21290,0
15313,78102,1
15313,7906,2
15313,59196,3
15313,1234256,4
15313,26075,5
15313,6074,6
12590,56045,0
12590,21089,1
12590,11616,2
12590,58225,3
12590,35595,4
12590,7497,5
12590,18461,6
37964,5411,0
37964,17637,1
37964,4239,2
37964,74615,3
37964,80758,4
37964,15758,5
37964,17859,6
7501,12834,0
7501,52708,1
7501,2778,2
7501,13922,3
7501,12835,4
7501,6949,5
7501,119232,6
1809,19210,0
1809,27855,1
1809,19211,2
1809,10860,3
1809,7517,4
1809,449,5
1809,21403,6
13768,6279,0
13768,227,1
13768,5606,2
13768,23495,3
13768,82519,4
13768,2282,5
13768,27563,6
10994,8291,0
10994,1160,1
10994,9137,2
10994,32,3
10994,6614,4
10994,55536,5
10994,343,6
1430,46432,1
1430,19011,2
1430,10017,3
1430,1335009,4
1430,1335010,5
1430,46433,6
1430,1335011,7
19973,16377,0
19973,85363,1
19973,105787,2
19973,135855,3
19973,566120,4
19973,66657,5
19973,1219901,6
40815,6012,0
40815,28255,1
40815,20239,2
40815,54227,3
40815,77906,4
40815,6304,5
40815,38389,6
12600,65424,0
12600,73044,1
12600,68916,2
12600,65426,3
12600,65427,4
12600,90567,5
12600,40325,6
8051,19292,0
8051,1639,1
8051,1233,2
8051,40481,3
8051,25884,4
8051,53684,5
8051,177063,6
70443,77860,0
70443,6020,1
70443,82306,2
70443,267376,3
70443,30644,4
70443,19075,5
70443,38881,6
12779,3125,0
12779,73475,1
12779,21089,2
12779,10478,3
12779,9281,4
12779,73476,5
12779,76526,6
146269,54455,0
146269,66147,1
146269,7498,2
146269,57451,3
146269,25310,4
146269,95001,5
15992,3897,0
15992,4589,1
15992,56365,2
15992,11664,3
15992,10430,4
15992,11365,5
15992,15091,6
1613,2231,0
1613,18023,1
1613,1246,2
1613,7470,3
1613,7026,4
1613,28848,5
1613,29699,6
565,3489,0
565,26291,1
565,26292,2
565,1248,3
565,13724,4
565,26294,5
565,20354,6
14112,17141,0
14112,5293,1
14112,12931,2
14112,49,3
14112,5372,4
14112,29685,5
14112,42157,6
15192,15234,0
15192,22018,1
15192,72873,2
15192,58663,3
15192,78018,4
15192,884,5
15192,1037,6
49872,77920,0
49872,20480,1
49872,9829,2
49872,34487,3
49872,81395,4
49872,29512,5
49872,29791,6
21925,3084,0
21925,11370,1
21925,15886,2
21925,3125,3
21925,10279,4
21925,116341,5
21925,115863,6
30309,59174,0
30309,28779,1
30309,192506,2
30309,41798,3
30309,1233673,4
30309,119666,5
30309,1988025,6
16646,107761,0
16646,81751,1
16646,125597,2
16646,2089650,3
16646,1011171,4
16646,1348056,5
16646,2117020,6
37288,21688,0
37288,80658,1
37288,120901,2
37288,120902,3
37288,120903,4
37288,77183,5
37288,3550838,6
20861,56675,0
20861,86034,1
20861,10694,2
20861,10130,3
20861,1549234,4
20861,71886,5
20861,4942,6
12647,11628,0
12647,4483,1
12647,2227,2
12647,62,3
12647,884,4
12647,2283,5
12647,21521,6
12477,72413,0
12477,72414,1
12477,72415,2
12477,72416,3
12477,3773484,4
12477,3773478,5
12477,3773488,6
10285,62596,0
10285,64741,1
10285,64742,2
10285,51579,3
10285,63544,4
10285,33850,5
10285,34407,6
19403,4960,0
19403,83037,1
19403,4966,2
19403,15753,3
19403,84652,4
19403,50574,5
19403,84653,6
11009,8891,0
11009,67787,1
11009,62014,2
11009,67788,3
11009,174563,4
11009,1216751,5
11009,20972,7
10805,8891,0
10805,724,1
10805,66881,2
10805,32392,3
10805,20972,4
10805,1651546,5
10805,1651540,6
40064,12149,0
40064,113,1
40064,2630,2
40064,9907,3
40064,656,4
40064,78940,5
40064,26247,6
17496,8891,0
17496,26513,1
17496,349,2
17496,66079,3
17496,12852,4
17496,182574,5
17496,156653,6
40969,8258,0
40969,8944,1
40969,7678,2
40969,1323932,3
40969,53720,4
40969,1376700,5
40969,62126,6
76411,13472,0
76411,17187,1
76411,214666,2
76411,1221574,3
76411,38253,4
76411,8875,5
76411,54800,6
5917,13565,0
5917,20928,1
5917,5605,2
5917,35090,3
5917,14253,4
5917,151699,5
5917,3339,6
31278,535705,0
31278,9221,1
31278,57380,2
31278,105350,3
31278,41063,4
31278,4661,5
31278,85982,6
33670,2877,0
33670,584596,1
33670,584597,2
33670,584599,4
33670,71728,5
33670,84878,6
33670,66199,7
47942,3636,0
47942,14061,1
47942,8252,2
47942,18643,3
47942,7502,4
47942,41218,5
47942,7503,6
33076,56819,0
33076,35159,1
33076,41220,2
33076,78416,3
33076,64929,4
33076,6844,5
33076,11783,6
44932,936084,0
44932,175883,1
44932,3785,2
44932,2641,3
44932,21459,4
44932,9112,5
44932,44728,6
15668,8892,0
15668,13294,1
15668,36409,2
15668,157936,3
15668,129292,4
15668,162139,5
15668,130440,6
30709,2314,0
30709,19256,1
30709,76465,2
30709,4521,3
30709,14254,4
30709,106810,5
30709,104291,6
19429,35,0
19429,3636,1
19429,12438,2
19429,4778,3
19429,55821,4
19429,73194,5
19429,14792,6
140413,193,0
140413,10400,1
140413,6587,2
140413,6065,3
140413,105595,4
140413,10775,5
140413,2772,6
21294,47879,0
21294,290,1
21294,25282,2
21294,65505,3
21294,14902,4
21294,14102,5
21294,3142,6
11340,18841,0
11340,69066,1
11340,69067,2
11340,69068,3
11340,69444,4
11340,39935,5
11340,41161,6
42142,49045,0
42142,23378,1
42142,939595,2
42142,1253940,3
42142,5266,4
42142,4537,5
42142,24632,6
11644,8891,0
11644,44038,1
11644,12074,2
11644,11901,3
11644,73513,4
11644,73515,5
11644,13728,6
33721,100623,0
33721,162139,1
33721,9986,2
33721,157473,3
33721,15693,4
33721,19483,5
33721,15721,6
36133,3151,0
36133,6837,1
36133,33644,2
36133,14277,3
36133,37712,4
36133,104418,5
36133,1080265,6
24124,4530416,0
24124,114809,1
24124,118946,2
24124,21380,3
24124,1206,4
24124,137529,5
24124,1205523,6
34697,825,0
34697,21992,1
34697,89043,3
34697,41218,4
34697,18643,5
34697,38761,6
34697,13997,7
8691,27277,0
8691,101577,1
8691,55656,2
8691,55659,3
8691,1945878,4
8691,55658,5
8691,55648,6
53922,5292,0
53922,18364,1
53922,83974,2
53922,5251,3
53922,1818,4
53922,152943,5
53922,130576,6
66592,14501,0
66592,30123,1
66592,4301,2
66592,1160,3
66592,32791,4
66592,7505,5
66592,82495,6
25773,62014,0
25773,15048,1
25773,12150,2
25773,522,3
25773,126547,4
25773,1179310,5
25773,12122,6
19123,24501,0
19123,16927,1
19123,7372,2
19123,1318196,3
19123,32092,4
19123,1318211,5
19123,984858,6
26560,7171,0
26560,7571,1
26560,922,2
26560,203731,3
26560,3010,4
26560,3014,5
26560,1621396,6
36220,8434,0
36220,57110,1
36220,7633,2
36220,26283,3
36220,10662,4
36220,106611,5
36220,1930261,7
225,1386,0
225,2807,1
225,2825,2
225,2826,3
225,2827,4
225,144972,5
225,2828,6
24274,24685,0
24274,33322,1
24274,3461,2
24274,160959,3
24274,198232,4
24274,27539,5
24274,5139,6
33016,70011,0
33016,4430,1
33016,8904,2
33016,53088,3
33016,1029004,4
33016,176333,6
33016,89043,7
26444,4960,0
26444,18391,1
26444,1101,3
26444,21523,4
26444,27113,5
26444,4301,6
26444,33479,7
19114,15110,0
19114,42196,1
19114,28778,2
19114,18666,3
19114,26660,4
19114,10083,5
19114,13548,6
17205,22383,0
17205,14947,1
17205,29312,2
17205,99846,3
17205,106284,4
17205,97718,5
17205,39641,6
24740,10767,0
24740,21399,1
24740,155358,2
24740,14102,3
24740,65552,4
24740,119113,5
24740,134092,6
10863,55636,0
10863,18794,1
10863,2481,2
10863,67567,3
10863,27281,4
10863,940044,5
10863,54014,6
31679,227,0
31679,10205,1
31679,290,2
31679,4512,3
31679,97337,4
31679,12521,5
31679,14699,6
15900,70075,0
15900,3837357,1
12237,70075,0
12237,72170,1
12237,72171,2
12237,10279,4
12237,1304260,5
15901,70075,0
15901,3821101,4
15902,1196243,1
15904,72170,0
12579,16927,0
12579,20234,1
12579,27880,2
12579,72925,3
12579,28190,4
12579,35136,5
12579,19075,6
85058,6837,0
85058,20362,1
85058,2549,2
85058,20418,3
85058,21376,4
85058,119854,5
85058,185454,6
23668,3636,0
23668,68812,1
23668,3002,2
23668,1004,3
23668,2230,4
23668,10768,5
23668,76064,6
70971,62893,0
70971,170306,1
70971,46947,2
70971,79740,3
70971,1171352,4
70971,53302,5
70971,1651564,6
25113,21278,0
25113,14837,1
25113,41247,2
25113,18365,3
25113,13299,4
25113,726,5
25113,29710,6
28893,41218,0
28893,75349,1
28893,4093,2
28893,55155,3
28893,5139,5
28893,102335,6
28893,5695,7
11646,2461,0
11646,70752,1
11646,70753,2
11646,70755,3
11646,1482678,4
11646,1241852,6
11646,70754,7
5062,15397,0
5062,12270,1
5062,6250,2
5062,38901,3
5062,36915,4
5062,1435364,5
5062,258864,6
24634,30181,0
24634,19550,1
24634,51762,2
24634,11783,3
24634,62893,4
24634,1934,5
24634,2506,6
75963,18298,0
75963,41232,1
75963,66199,2
75963,518,3
75963,2396611,4
75963,15212,5
75963,11480,6
16124,76188,0
16124,79393,1
16124,79394,2
16124,79395,3
16124,64091,4
16124,29094,5
16124,227099,6
21764,97884,0
21764,97885,1
21764,97889,2
21764,97887,3
21764,1402697,4
21764,2451,5
21764,218186,6
22435,79061,0
22435,79256,1
22435,252340,2
22435,55005,3
22435,402686,4
22435,64981,5
22435,74736,6
42149,3895,0
42149,18859,1
42149,34535,2
42149,14888,3
42149,22137,4
42149,8492,5
42149,150212,6
37936,131273,0
37936,3381,1
37936,36173,2
37936,131274,3
37936,1219190,4
37936,972893,5
37936,123323,6
73247,164653,0
73247,40389,1
73247,1811,2
73247,12521,3
73247,13524,4
73247,27515,6
73247,102441,7
38255,2100619,0
38255,563930,1
38255,225914,2
38255,2100620,3
38255,2100621,5
38255,2100622,6
38255,1435839,7
46364,105170,0
46364,99831,1
46364,50948,2
46364,53591,3
46364,26687,4
46364,136025,5
46364,21618,6
27016,2882,0
27016,5538,1
27016,14849,2
27016,15412,3
27016,46100,4
27016,96765,5
27016,4784,6
35685,35319,0
35685,30576,1
35685,31196,2
35685,153359,3
35685,1220119,4
35685,136817,5
35685,153072,6
38665,2758227,0
38665,1062,1
38665,2454,2
38665,12853,3
38665,4765,4
38665,20361,5
38665,30619,6
265,3734,0
265,3753,1
265,3754,2
265,3755,3
265,3756,4
265,1865,5
265,3757,6
2264,23378,0
2264,12647,1
2264,10254,2
2264,23379,3
2264,23380,4
2264,18545,5
2264,9928,6
21874,3926,0
21874,5563,1
21874,94814,2
21874,71240,3
21874,8656,4
21874,157911,5
21874,81481,6
41394,33923,0
41394,15098,1
41394,153265,2
41394,110654,3
41394,1229538,4
41394,105990,5
41394,15831,6
47957,15072,0
47957,311398,2
47957,280794,3
47957,183115,4
47957,576569,5
47957,388488,6
47957,340095,7
31407,112412,0
31407,112413,1
31407,112414,2
31407,32696,3
31407,112415,4
31407,2063113,5
31407,1138495,6
16471,54812,0
16471,38160,1
16471,12850,2
16471,5960,3
16471,80866,4
16471,1535,5
16471,128602,6
63443,13,0
63443,21519,1
63443,9257,2
63443,16302,4
63443,184793,5
63443,156411,6
63443,100610,7
22171,71443,0
22171,88443,1
22171,88444,2
22171,1301350,4
22171,1301353,5
22171,25214,6
22171,106724,7
39874,133797,0
39874,44203,1
39874,133798,2
39874,133799,3
39874,184481,4
39874,16559,5
39874,133800,6
25468,109470,0
25468,12900,1
25468,143806,2
25468,1757529,3
25468,2314634,4
19507,7171,0
19507,84762,1
19507,14702,2
19507,707,3
19507,95216,4
19507,60274,5
19507,105065,6
29072,93735,0
29072,102838,1
29072,102839,2
29072,553761,3
29072,102840,4
29072,136919,5
29072,1945185,7
75596,42195,0
75596,6065,1
75596,2,2
75596,69494,3
75596,31116,4
75596,118130,5
75596,12852,6
42146,19131,0
42146,42195,1
42146,41220,2
42146,18588,3
42146,29792,4
42146,20361,5
42146,19752,6
17450,67773,0
17450,40389,1
17450,69055,2
17450,237404,3
17450,13728,4
17450,30048,5
17450,183022,6
47886,29312,0
47886,100633,1
47886,72888,2
47886,26155,3
47886,100811,4
47886,39782,5
47886,8927,6
31646,42198,0
31646,140384,1
31646,2714,2
31646,1212003,3
31646,1066787,4
31646,215896,5
31646,62042,6
14269,10369,0
14269,76519,1
14269,10373,2
14269,76520,3
14269,76521,4
14269,76522,5
14269,9292,6
41280,35319,0
41280,35516,1
41280,106743,2
41280,2180172,3
41280,42157,4
41280,228958,5
41280,126032,6
1672,3829,0
1672,14246,1
1672,18557,2
1672,18558,3
1672,18559,4
1672,18560,5
1672,18561,6
35935,96989,0
9645,5168,0
9645,25654,1
9645,6365,2
9645,12260,3
9645,21353,4
9645,1372,5
9645,70456,6
9012,9656,0
9012,56584,1
9012,56585,2
9012,56586,3
9012,110068,4
9012,78840,5
9012,76365,6
13098,65829,0
13098,74191,1
13098,327,2
13098,6950,3
13098,8687,4
13098,35705,5
13098,65344,6
13440,9030,0
13440,13240,1
13440,504,2
13440,91573,3
13440,64908,4
13440,121148,5
13440,15854,6
12454,9191,0
12454,72305,1
12454,72306,2
12454,55466,3
12454,53367,4
12454,72311,5
12454,39658,6
31668,14407,0
31668,1926,1
31668,2467,2
31668,33040,3
31668,67153,4
31668,9126,5
31668,1646,6
41645,6238,0
41645,19996,1
41645,78018,2
41645,80365,3
41645,31388,4
41645,588053,5
41645,8326,6
1360,3136,0
1360,658,1
1360,6859,2
1360,16406,3
1360,819,4
1360,3131,5
1360,8688,6
13441,55152,0
13441,44735,1
13441,6588,2
13441,19189,3
13441,3130,4
13441,54882,5
13441,150204,6
45767,133669,0
45767,54450,1
45767,133670,2
45767,26662,3
45767,55259,4
45767,18262,5
45767,592932,6
14626,27978,0
14626,24365,1
14626,136170,2
14626,240050,3
14626,81054,4
14626,2145877,5
14626,2145879,6
48155,3785,0
48155,46617,1
48155,7683,2
48155,13296,3
48155,522,4
48155,7632,5
48155,139926,6
12208,14261,0
12208,12446,1
12208,9871,2
12208,51315,4
12208,39754,5
12208,20141,7
12208,8252,8
11905,70882,0
11905,14730,1
11905,2076,2
11905,10654,3
11905,14468,4
11905,177594,5
11905,9029,6
39497,8447,0
39497,3907,1
39497,1295233,2
39497,1845163,3
39497,120592,4
39497,236022,5
39497,1845171,6
1941,3636,0
1941,2639,1
1941,12689,2
1941,4353,3
1941,5248,4
1941,2770,5
1941,39608,6
26685,3151,0
26685,31895,1
26685,29427,2
26685,148744,3
26685,14965,4
26685,12022,5
26685,85409,6
31918,1895,0
31918,2639,1
31918,1903,2
31918,32791,3
31918,127641,4
31918,6609,5
31918,13593,6
19662,12446,0
19662,85044,1
19662,85043,2
19662,33644,3
19662,14730,4
19662,41217,5
19662,85042,6
8427,776,0
8427,887,1
8427,10696,2
8427,55788,3
8427,56890,4
8427,58393,5
8427,21163,6
9021,12898,0
9021,777,1
9021,19957,2
9021,31167,3
9021,38582,4
9021,27564,5
9021,35654,6
28988,238781,0
28988,238782,1
28988,1890619,3
28988,1890620,4
28988,1890621,5
28988,1890622,6
28988,1890625,8
52735,21657,0
52735,17941,1
52735,50877,2
52735,82771,3
52735,884,4
52735,5916,5
52735,5090,6
13526,2228,0
13526,2462,1
13526,13918,2
13526,98,3
13526,6164,4
13526,8785,5
13526,189636,6
9280,11008,0
9280,3131,1
9280,9979,2
9280,25078,3
9280,5441,4
9280,57121,5
9280,96413,6
65,325,0
65,326,1
65,327,2
65,328,3
65,333,4
65,334,5
65,341,6
117520,1318543,0
117520,1185173,1
117520,1188754,2
117520,3271756,3
117520,1318546,4
117520,1559958,5
117520,1193773,7
10712,1231,0
10712,6065,1
10712,352,2
10712,1276,3
10712,19492,4
10712,8986,5
10712,49834,6
27204,2405,0
27204,41035,1
27204,37920,2
27204,19934,3
27204,20799,4
27204,210509,5
27204,586230,7
152023,18657,0
152023,21215,1
152023,4451,2
152023,3713,3
152023,20215,4
152023,41249,5
152023,1224850,6
10167,23880,0
10167,9779,1
10167,61658,2
10167,19456,3
10167,52330,4
10167,52300,5
10167,41737,6
672,10980,0
672,10989,1
672,10990,2
672,11181,3
672,13014,4
672,1923,5
672,194,6
16351,10917,0
16351,10268,1
16351,290,2
16351,7708,3
16351,60089,4
16351,8791,5
16351,13550,6
542,258,0
542,7351,1
542,7352,2
542,7353,3
542,224508,4
542,7368,5
542,7369,6
36584,156509,0
36584,96900,1
36584,10361,3
36584,1574427,4
36584,1574428,5
36584,1222835,6
30192,554460,0
30192,554461,1
30192,554462,2
30192,554463,3
30192,554464,4
30192,554465,5
30192,554466,6
33251,110381,0
33251,110382,1
33251,1830603,2
33251,1830604,3
33251,1830605,4
25466,37569,0
25466,3813,1
25466,1354,2
25466,93830,3
25466,24977,4
25466,93831,5
25466,3651,6
50677,8891,0
50677,67377,1
50677,53763,2
50677,6396,3
50677,97068,4
50677,12645,5
50677,16643,6
2165,9625,0
2165,10814,1
2165,17485,2
2165,116573,3
2165,7678,4
2165,28004,5
2165,65808,6
25037,83907,0
25037,20141,1
25037,88935,2
25037,9926,3
25037,146551,4
25037,97568,5
25037,30674,6
11617,4165,0
11617,70035,1
11617,8258,2
11617,70036,3
11617,4316,4
11617,14001,5
11617,30686,6
24909,1037,0
24909,20508,1
24909,8937,2
24909,10748,3
24909,20056,4
24909,18019,5
24909,9030,6
81530,76067,0
81530,61635,1
81530,57794,2
81530,3070,3
81530,166764,4
81530,75712,5
81530,57795,6
34341,84021,0
34341,27125,1
34341,7633,2
34341,5942,3
34341,95635,4
34341,14889,5
34341,210420,6
18993,25536,0
18993,45466,1
18993,30928,2
18993,10608,3
18993,14503,4
18993,119587,5
18993,33220,6
53000,22108,0
53000,56128,1
53000,9128,2
53000,7241,3
53000,27957,4
53000,21446,5
53000,191754,6
29229,78041,0
29229,36067,1
29229,51581,2
29229,54217,3
29229,51539,4
29229,158754,5
29229,43257,6
11880,28848,0
11880,9013,1
11880,70815,2
11880,15498,3
11880,17202,4
11880,107378,5
11880,172917,6
63435,1037,0
63435,43203,1
63435,4774,2
63435,3172,3
63435,41293,4
63435,1004,5
63435,50707,6
80849,1640,0
80849,10257,1
80849,125270,2
80849,38127,3
80849,49673,4
80849,2244,5
80849,9928,6
1377,2638,0
1377,16757,1
1377,16759,2
1377,14785,3
1377,16761,4
1377,8608,5
1377,16762,6
11629,166377,0
11629,70077,2
11629,37250,3
11629,1430846,4
11629,112100,5
11629,1224851,6
11629,37255,7
2528,17882,0
2528,35527,1
2528,24487,2
2528,24381,3
2528,28149,5
2528,39523,6
2528,23480,7
12716,73713,0
12716,73714,1
12716,38389,2
12716,20796,3
12716,73715,4
12716,73716,5
12716,1729931,6
12717,73713,0
12717,73714,1
12717,38389,2
12717,20796,3
12717,73715,4
12717,73716,5
12717,1729931,6
13888,63,0
13888,69405,1
13888,115888,2
13888,115889,3
13888,76239,4
13888,1230555,5
13888,1634950,6
48524,35137,0
48524,16927,1
48524,10500,2
48524,33161,3
48524,120571,4
48524,146375,5
48524,35966,6
10750,1328,0
10750,3033,1
10750,56145,2
10750,36218,3
10750,8655,4
10750,59945,5
10750,656,6
44247,130576,0
44247,130577,1
44247,6937,2
44247,12497,3
44247,103571,4
44247,130578,5
44247,130579,6
45226,3087,0
45226,4515,1
45226,21519,2
45226,70746,3
45226,7675,4
45226,1107,5
45226,51550,6
96966,5606,0
96966,21315,1
96966,9880,2
96966,590,3
96966,3801,4
96966,1107,5
96966,9976,6
25566,5788,0
25566,1370,1
25566,6561,2
25566,4513,3
25566,12521,4
25566,3155,5
25566,13295,6
109962,14061,0
109962,11850,1
109962,56930,2
109962,7678,3
109962,21521,4
109962,5344,5
109962,22490,6
13386,67792,0
13386,251350,1
13386,169995,2
13386,1033007,3
13386,950617,4
13386,1262837,5
13386,14149,6
43089,825,0
43089,8944,1
43089,129267,2
43089,129269,4
43089,129270,5
43089,44842,6
43089,2754321,7
47888,6352,0
47888,10823,1
47888,7668,2
47888,14792,3
47888,4029,4
47888,152943,5
47888,97785,6
20472,24318,0
20472,33644,1
20472,4175,2
20472,99829,3
20472,1217522,4
20472,123957,5
20472,30273,6
9538,57880,0
9538,26662,1
9538,11086,2
9538,2463,3
9538,36173,4
9538,20175,5
9538,224076,6
14664,16475,0
14664,36042,1
14664,14731,2
14664,32791,3
14664,12259,4
14664,1466,5
14664,12313,6
27997,69055,0
27997,44301,1
27997,13474,2
27997,13475,3
27997,10074,4
27997,33404,5
27997,13476,6
49934,70876,0
49934,213378,1
49934,54188,2
49934,38004,3
49934,82496,4
49934,1600387,5
49934,1050006,6
84735,31070,0
84735,5251,1
84735,25810,2
84735,10460,3
84735,56266,4
84735,50762,5
84735,1217143,6
9317,11187,0
9317,24540,1
9317,35323,2
9317,269638,3
9317,11217,4
9317,54376,5
9317,145103,6
12528,30613,0
12528,6280,1
12528,10430,2
12528,72658,3
12528,15411,4
12528,36041,5
12528,119856,6
47890,57399,0
47890,8924,1
47890,15395,2
47890,11857,3
47890,661,4
47890,9912,5
47890,655,6
69014,856,0
69014,27163,1
69014,59369,2
69014,20798,3
69014,12888,4
69014,43192,5
69014,1769169,6
21515,564339,0
21515,564340,1
21515,169910,2
21515,1217971,3
21515,1075767,4
21515,1075768,5
21515,184997,6
42371,10767,0
42371,40176,1
42371,14416,2
42371,18181,3
42371,29712,4
42371,80742,5
42371,11998,6
26325,37995,0
26325,194,1
26325,29426,2
26325,45039,3
26325,1039440,4
26325,15387,5
26325,93310,6
69169,6905,0
69169,10342,1
69169,112253,2
69169,91441,3
69169,20211,4
69169,7500,5
69169,1106119,6
31921,1932,0
31921,856,1
31921,1035934,2
31921,27772,3
31921,114921,4
31921,101654,5
31921,1956197,6
11524,3085,0
11524,4514,1
11524,10360,2
11524,8261,3
11524,26485,4
11524,71347,5
11524,1117,6
109264,21457,0
109264,1351830,1
109264,1217469,2
109264,1046030,3
109264,1352277,4
109264,3641467,5
109264,1352278,6
32077,380,0
32077,3087,1
32077,1466,2
32077,12521,3
32077,70746,4
32077,4973,5
32077,16523,6
326890,131059,0
326890,66496,1
326890,8978,2
326890,164397,3
326890,99860,4
326890,34200,5
326890,21123,6
277724,104651,0
277724,1484161,1
277724,1231085,2
277724,1827518,3
277724,4095246,4
277724,3585253,5
277724,1840346,6
36669,517,0
36669,4587,1
36669,10881,2
36669,10882,3
36669,10883,4
36669,5309,5
36669,8930,6
17187,8945,0
17187,46593,1
17187,44735,2
17187,3599765,3
17187,17142,4
17187,52602,5
17187,6368,6
10426,9778,0
10426,51944,1
10426,56902,2
10426,65132,3
10426,54800,4
10426,58924,5
10426,98902,6
32625,26467,0
32625,7489,1
32625,826,2
32625,87707,3
32625,5372,4
32625,12900,5
32625,37204,6
8198,3895,0
8198,18269,1
8198,53962,2
8198,21629,3
8198,1118,4
8198,53963,5
8198,1578,6
204372,1186734,0
204372,44224,1
204372,125499,2
204372,125496,3
204372,1353459,4
204372,1353460,5
204372,1353461,6
64,101,0
64,398,1
64,1610,2
64,3618,3
64,399,4
64,400,5
64,402,6
13376,19292,0
13376,60959,1
13376,58478,2
13376,88736,3
13376,60949,4
13376,88737,5
13376,16165,6
15074,50398,0
15074,20751,1
15074,17328,2
15074,11278,3
15074,1086,4
15074,97430,5
15074,20259,6
2103,1461,0
2103,11317,1
2103,19492,2
2103,4654,3
2103,8198,4
2103,1080265,5
2103,68842,6
9016,24045,0
9016,56618,1
9016,7056,2
9016,11076,3
9016,519,4
9016,7486,6
9016,12133,7
16028,73836,0
16028,46772,1
16028,58019,2
16028,17866,3
16028,52776,4
16028,59242,5
16028,12,6
27070,96880,0
27070,96881,1
27070,14319,2
27070,19256,3
27070,96882,4
27070,119884,5
27070,1325639,6
5261,1844,0
5261,42422,1
5261,6268,2
5261,5511,3
5261,40565,4
5261,17405,5
5261,9927,6
15514,78302,0
15514,27957,1
15514,144409,2
15514,139900,3
15514,1133414,4
15514,150271,5
15514,3528020,6
23303,9309,0
23303,3460,1
23303,2167,2
23303,32747,3
23303,27011,4
23303,20906,5
23303,51517,6
20992,71871,0
20992,86940,1
20992,119211,2
20992,119209,3
20992,119210,4
20992,119215,5
20992,119214,6
66091,28079,0
66091,544612,1
66091,97367,3
66091,115395,4
66091,240781,5
66091,86753,6
66091,591260,7
6007,47175,0
6007,47176,1
6007,49561,2
6007,47177,3
6007,49562,4
6007,49563,5
6007,49564,6
25239,45471,0
25239,93412,1
25239,93413,2
25239,1066964,3
25239,1066966,4
25239,1066967,5
25239,1066968,6
42453,39954,0
42453,132982,1
42453,26890,2
42453,10134,3
42453,158837,4
42453,106682,5
42453,1671,6
25284,9625,0
25284,8984,2
25284,5502,3
25284,22131,4
25284,14329,5
25284,81903,6
25284,236056,7
125337,18891,0
125337,96279,1
125337,195567,2
125337,1211881,3
125337,54855,4
125337,2051040,5
125337,101949,6
7011,53027,0
7011,53028,1
7011,53029,2
7011,53030,3
7011,26552,4
7011,2989349,5
7011,53031,6
35612,54817,0
35612,123660,1
35612,7005,2
35612,14902,3
35612,14702,4
35612,37041,5
35612,1073210,6
10880,2341,0
10880,67276,1
10880,23379,2
10880,67277,3
10880,49175,4
13945,47859,0
13945,76064,1
13945,24743,2
13945,44880,3
13945,97878,4
13945,13591,5
13945,52903,6
14433,67449,0
14433,10018,1
14433,25888,2
14433,15857,3
14433,3895,4
14433,29909,5
14433,153078,6
9932,380,0
9932,7904,1
9932,14406,2
9932,60023,3
9932,14702,4
9932,75309,5
9932,171375,6
13369,5723,0
13369,133,1
13369,9205,2
13369,1983,3
13369,6588,4
13369,86041,5
13369,14331,6
2757,2963,0
2757,5064,1
2757,2955,2
2757,3063,3
2757,29861,4
2757,69302,5
2757,1635972,6
7299,3894,0
7299,17637,1
7299,2464,2
7299,52401,3
7299,48,4
7299,1639,5
7299,28848,6
48767,194,0
48767,16756,1
48767,68284,2
48767,29791,3
48767,22169,4
48767,77822,5
48767,49735,6
279784,98900,0
279784,2018184,2
279784,1074639,3
279784,2018186,4
279784,2018187,5
32273,12666,0
32273,23669,1
32273,267918,2
32273,267919,3
32273,558336,4
32273,25340,5
32273,38897,6
26356,95221,0
26356,18340,1
26356,24385,2
26356,95222,3
26356,95225,4
26356,95227,5
26356,95228,6
23990,18514,0
23990,90703,1
23990,45808,2
23990,1477850,4
23990,44959,5
23990,78711,6
23990,549580,7
4241,35642,0
4241,35643,1
4241,35644,2
4241,35646,4
4241,35647,5
4241,35648,6
37335,14246,0
37335,24485,1
37335,400,2
37335,7107,3
37335,133830,4
37335,133831,5
37335,9766,6
34113,982,0
34113,56004,2
34113,89799,4
34113,126534,5
34113,938983,7
34113,100197,8
34113,1197944,9
22257,55971,0
22257,88536,1
22257,54074,2
22257,1140891,3
22257,107635,4
22257,140223,5
22257,1137819,6
35343,66790,0
35343,114142,1
35343,114143,2
35343,116616,3
35343,48572,4
35343,67987,5
35343,134376,6
30142,1049246,0
30142,1049247,1
30142,2314486,2
17360,16483,0
17360,3895,1
17360,2201,2
17360,140152,3
17360,17576,4
17360,140153,5
17360,140154,6
31695,3037,0
31695,77133,2
31695,12438,3
31695,12521,4
31695,86994,5
31695,171554,7
31695,151409,8
76397,14850,0
76397,587,1
76397,61150,2
76397,66221,3
76397,19111,4
76397,116137,5
76397,162235,6
40952,3785,0
40952,9221,1
40952,2641,2
40952,28248,3
40952,3013,4
40952,170986,5
40952,104448,6
38849,14277,0
38849,236917,1
38849,6701,2
38849,24116,3
38849,236918,4
38849,35092,5
38849,51188,6
71524,3829,0
71524,3536,1
71524,146217,2
71524,240515,3
71524,3617,4
71524,50089,5
71524,46790,6
43279,2461,0
43279,29426,1
43279,4783,2
43279,3070,3
43279,26739,4
43279,134703,5
43279,1068123,6
29743,55912,0
29743,27647,1
29743,120633,2
29743,128075,3
29743,1711751,4
29743,37745,5
29743,592529,6
41760,1158,0
41760,40403,1
41760,4514,2
41760,19889,3
41760,178232,4
41760,178233,5
41760,74829,6
31665,8261,0
31665,2048,1
31665,70984,2
31665,29273,3
31665,74273,4
31665,162169,5
31665,5254,6
40219,780,0
40219,1794,1
40219,98424,2
40219,1107,3
40219,8262,4
40219,14062,5
40219,1214007,6
45840,16475,0
45840,18892,1
45840,5698,2
45840,2549,3
45840,4162,4
45840,4966,5
45840,21399,6
16363,16475,0
16363,67274,1
16363,6844,2
16363,1466,3
16363,84399,4
16363,115766,5
16363,89043,6
22023,514,0
22023,1037,1
22023,26483,2
22023,8255,3
22023,1102,4
22023,95469,5
22023,1577155,6
171,1958,0
171,1959,1
171,1957,2
171,1969,3
171,2086,4
171,2192,5
171,1960,6
73116,982,0
73116,656,1
73116,23709,2
73116,10652,3
73116,84927,4
73116,27393,5
73116,97170,6
26639,10654,0
26639,249,1
26639,56890,2
26639,23709,3
26639,2,4
26639,10504,5
26639,97165,6
42124,2792318,0
42124,14277,2
42124,4959,3
42124,2792304,4
42124,2792305,5
42124,2792306,6
42124,2792308,7
25297,1733,0
25297,26513,1
25297,4162,2
25297,1735,3
25297,588,4
25297,3223436,5
25297,93501,6
39274,349,0
39274,7450,1
39274,104334,2
39274,552656,3
39274,105312,4
39274,2249,5
39274,85500,6
11564,64457,0
11564,7505,2
11564,521,3
11564,69889,4
11564,158489,5
11564,133799,6
11564,28246,7
67772,38225,0
67772,18365,1
67772,8963,2
67772,174639,3
67772,8534,4
67772,84918,5
67772,62018,6
4202,16927,0
4202,7108,1
4202,10255,3
4202,24763,4
4202,24382,5
4202,35323,6
4202,35324,7
17590,3895,0
17590,20006,1
17590,40403,2
17590,97337,3
17590,5732,4
17590,98477,5
17590,138116,6
20787,550947,0
20787,1015993,1
20787,1147560,2
20787,1320032,3
20787,1598624,4
20787,1127954,5
20787,1799074,6
28940,100552,1
28940,50880,2
28940,102422,3
28940,44161,4
28940,102423,5
28940,102424,6
28940,4203,7
13497,36811,0
13497,8691,1
13497,18270,2
13497,83859,3
13497,3776873,4
13497,84115,5
13497,84116,6
11852,60949,0
11852,1772,1
11852,11716,2
11852,29020,3
11852,2055,4
11852,404,5
11852,69399,6
7303,16866,0
7303,5469,1
7303,20162,2
7303,2283,3
7303,53280,4
7303,1411183,5
7303,4432,6
201,2387,0
201,2388,1
201,1213786,2
201,2390,3
201,2391,4
201,2392,5
201,2393,6
2755,514,0
2755,8534,1
2755,15250,2
2755,20212,3
2755,35515,4
2755,35516,5
2755,35518,6
33504,6523,0
33504,1591120,1
33504,3652,2
33504,24919,3
33504,34053,4
33504,16869,5
33504,36282,6
21868,517,0
21868,18992,1
21868,25654,2
21868,9029,3
21868,28743,4
21868,96787,5
21868,27554,6
65684,10205,0
65684,57829,1
65684,543881,2
65684,543882,4
65684,543883,5
65684,543884,6
65684,543885,7
10856,19803,0
10856,34629,1
10856,67262,2
10856,6535,3
10856,2201,4
10856,27460,5
10856,1320306,7
99826,11805,0
99826,17832,1
99826,569,2
99826,8792,3
99826,1178527,4
99826,2661547,5
99826,11903,7
18602,2206,0
18602,217300,1
18602,40658,2
18602,1932543,4
18602,3571478,5
18602,47703,6
18602,3571483,7
121,109,0
121,1327,1
121,110,2
121,1328,3
121,1333,4
121,655,5
121,114,6
25838,77301,0
25838,144427,1
25838,46691,2
25838,187930,3
25838,1875187,4
25838,552475,5
25838,94746,7
1429,819,0
1429,1233,1
1429,12834,2
1429,5916,3
1429,10690,4
1429,1248,5
1429,17490,6
13435,5292,0
13435,15543,1
13435,77078,2
13435,77079,3
13435,19492,4
13435,52847,5
13435,53918,6
3131,6193,0
3131,11856,1
3131,6941,2
3131,388,3
3131,4764,4
3131,9976,5
3131,3896,6
2642,18277,0
2642,3291,1
2642,13314,2
2642,26715,3
2642,3128,4
2642,26716,5
2642,26717,6
14317,22082,0
14317,71535,1
14317,34985,2
14317,13472,3
14317,29791,4
14317,21320,5
14317,1237,6
11022,12261,0
11022,11477,1
11022,8687,2
11022,43257,3
11022,40543,4
11022,6485,5
11022,166430,6
24249,13548,0
24249,2879,1
24249,68848,2
24249,127171,3
24249,148829,4
24249,42335,5
24249,1330841,6
9491,8944,0
9491,21399,1
9491,6574,2
9491,7430,3
9491,7071,4
9491,6541,5
9491,14721,6
2149,3125,0
2149,5293,1
2149,1231,2
2149,10427,3
2149,920,4
2149,8924,5
2149,22516,6
20139,4090,0
20139,1932,1
20139,16896,2
20139,2433,3
20139,20366,4
20139,536802,5
20139,5047,6
32074,193,0
32074,79952,1
32074,2115,2
32074,12646,3
32074,1473,4
32074,37715,5
32074,37607,6
19067,30613,0
19067,1037,1
19067,3926,2
19067,9126,3
19067,30620,4
19067,41957,5
19067,71010,6
53712,9208,0
53712,30551,1
53712,110727,2
53712,109410,3
53712,13992,4
53712,14564,5
53712,82830,6
25848,4165,0
25848,16757,1
25848,29327,2
25848,40620,3
25848,1033202,4
25848,1032658,5
25848,94257,6
14931,10430,0
14931,7447,1
14931,10431,2
14931,4496,3
14931,16119,4
14931,67513,5
14931,157254,6
11317,34612,0
11317,58119,1
11317,707,2
11317,8944,3
11317,15416,4
11317,4003,5
11317,82272,6
4032,34612,0
4032,11510,1
4032,707,2
4032,8944,3
4032,15416,4
4032,2171,5
4032,158773,6
8392,55662,0
8392,55664,1
8392,55663,2
8392,55665,3
8392,613,4
8392,55666,5
8392,1011400,6
31804,24937,0
31804,82388,1
31804,13637,2
31804,6599,3
31804,6610,4
31804,85345,5
31804,83400,6
81048,11357,0
81048,15372,1
81048,49880,2
81048,1227552,3
81048,590966,4
81048,44792,5
81048,2113876,6
12232,3001,0
12232,71784,1
12232,39800,2
12232,71785,3
12232,1276503,4
12232,47395,5
12232,1043451,6
11706,1932,0
11706,4958,1
11706,3754,2
11706,12259,3
11706,14503,4
11706,29661,5
11706,5961,6
61265,32597,0
61265,3197,1
61265,4430,2
61265,1367324,4
61265,100552,5
61265,1491195,6
61265,9172,7
42569,18364,0
42569,4970,1
42569,5372,2
42569,74636,3
42569,2549,4
42569,14830,5
42569,170348,6
25720,3895,0
25720,1292,1
25720,53517,2
25720,11857,3
25720,42645,4
25720,8225,5
25720,41998,6
26946,102828,0
26946,34560,1
26946,12355,2
26946,102746,3
26946,30647,4
26946,102829,5
26946,102795,6
16938,24695,0
16938,245,1
16938,20011,2
16938,11163,3
16938,81055,4
16938,8263,5
16938,81056,6
21143,39601,0
21143,588902,1
21143,50572,2
21143,74155,3
21143,101678,4
21143,90643,5
21143,93165,6
61578,34543,0
61578,65,1
61578,1117896,2
61578,2981,3
61578,47644,4
61578,38899,5
61578,1313602,6
20424,87751,0
20424,85940,1
20424,82834,2
20424,9865,3
20424,8241,4
20424,81182,5
20424,94293,6
4561,10476,0
4561,1646,1
4561,38002,2
4561,33547,3
4561,36210,4
4561,28149,5
4561,25235,6
4435,35742,0
4435,37233,1
4435,37235,2
4435,14596,3
4435,37237,4
4435,37234,5
4435,148360,6
16993,825,0
16993,1229,1
16993,59369,2
16993,12407,3
16993,17651,4
16993,136334,5
16993,3132308,6
18002,9012,0
18002,9642,1
18002,5538,2
18002,28848,3
18002,7026,4
18002,41381,5
18002,59076,6
21332,4724,0
21332,9995,1
21332,55259,2
21332,81445,3
21332,2975,4
21332,44795,5
21332,119485,6
640,6193,0
640,31,1
640,4690,2
640,8349,3
640,136761,4
640,9273,5
640,9274,6
10599,4818,0
10599,9235,1
10599,1913222,2
10599,33926,3
10599,945664,4
10599,1073145,5
10599,945665,6
1574,9137,0
1574,1922,1
1574,1205,2
1574,15758,3
1574,17644,4
1574,4764,5
1574,11870,6
590,1231,0
590,2227,1
590,5064,2
590,8435,3
590,8436,4
590,8443,5
590,8442,6
13560,3036,0
13560,1284,1
13560,22290,2
13560,27125,3
13560,9013,4
13560,567787,5
13560,12982,6
29339,56365,0
29339,78729,1
29339,388,2
29339,290,3
29339,478,4
29339,1813,5
29339,10697,6
423,3490,0
423,3491,1
423,6637,2
423,6638,3
423,6639,4
423,6640,5
423,6641,6
28028,17051,0
28028,4154,1
28028,5048,2
28028,8211,3
28028,2963,4
28028,1894,5
28028,5950,6
41084,29522,0
41084,10607,1
41084,1905,2
41084,78194,3
41084,93708,4
41084,1482304,5
41084,160526,6
18773,69597,0
18773,59222,1
18773,27770,2
18773,25834,3
18773,9805,4
18773,44880,5
18773,37822,6
16225,11086,0
16225,80116,1
16225,80117,2
16225,1233641,3
16225,215969,4
16225,214117,5
16225,77355,6
28679,101575,0
28679,101576,1
28679,27277,2
28679,101577,3
28679,101578,4
28679,101579,5
28679,101580,6
262,380,0
262,3663,1
262,1041,2
262,3664,3
262,3665,4
262,3666,6
262,3667,7
15395,1233,0
15395,1240,1
15395,93055,2
15395,537,3
15395,33655,4
15395,102308,5
15395,54711,6
4912,6807,0
4912,69597,1
4912,1461,2
4912,1204,3
4912,585,4
4912,1579,5
4912,31512,6
107693,213290,0
107693,234486,1
107693,1168435,2
107693,1808423,3
107693,1268954,4
107693,1808424,5
107693,130715,6
23626,60736,0
23626,83227,1
23626,15897,2
23626,76997,3
23626,10584,4
23626,58563,5
12090,18976,0
12090,328,1
12090,71198,2
12090,62123,3
12090,34844,4
12090,33533,5
12090,60076,6
44233,26472,0
44233,4992,1
44233,36216,2
44233,28778,3
44233,16505,4
44233,1215803,5
44233,55270,6
35172,45152,0
35172,560229,1
35172,45159,2
35172,1348216,3
35172,1133677,4
35172,3610911,5
35172,4282417,6
36273,545629,0
36273,56816,1
36273,550564,2
36273,550565,3
36273,148288,4
36273,137029,5
36273,2544,6
14390,5724,0
14390,13918,1
14390,40481,2
14390,2561,3
14390,38026,4
14390,49002,5
14390,120255,6
41209,23931,0
41209,66586,1
41209,4766,2
41209,28033,3
41209,1187,4
41209,47770,5
41209,217510,6
9582,11662,0
9582,11826,1
9582,12041,2
9582,52647,3
9582,58058,4
9582,9274,5
9582,2958,6
10628,3035,0
10628,18471,1
10628,13241,2
10628,4690,3
10628,335,4
10628,20982,5
10628,40403,6
11078,78029,0
11078,18324,1
11078,10132,2
11078,1103,3
11078,21315,4
11078,23881,5
11078,55258,6
77633,76913,0
77633,65987,1
77633,55636,2
77633,109436,3
77633,99687,5
77633,150153,6
77633,1280711,7
598,8595,0
598,8596,1
598,8597,2
598,8598,3
598,8599,4
598,8600,5
598,5659,6
27744,4757992,1
27744,228727,2
27744,1129389,3
27744,1888401,4
27744,1888400,5
27744,1764695,6
27744,1888402,7
15842,71155,0
15842,71158,1
15842,67003,2
15842,1174441,3
15842,40300,4
15842,1174442,5
15842,234741,6
24711,20006,0
24711,3266,1
24711,2109,2
24711,92402,3
24711,3905,4
24711,66881,5
24711,58651,6
43886,6598,0
43886,4091,1
43886,77176,2
43886,117073,3
43886,78902,4
43886,19784,5
43886,8517,6
11222,2778,0
11222,2310,1
11222,22612,2
11222,24298,3
11222,122492,8
11222,32827,10
11222,1499588,11
13199,587,0
13199,4520,1
13199,1169,2
13199,19135,3
13199,155834,4
13199,74273,5
13199,8666,6
8073,18197,0
8073,1958,1
8073,17578,2
8073,3579,3
8073,582273,4
8073,295250,5
8073,23701,6
26393,934,0
26393,3136,1
26393,161532,2
26393,1208125,3
26393,1208126,4
26393,106243,5
15278,2632,0
15278,32486,1
15278,541733,2
15278,1534,3
15278,14104,4
15278,17840,5
15278,19265,6
1484,26395,0
1484,23523,1
1484,35263,2
1484,36177,3
1484,23379,4
1484,36178,5
1484,36179,6
14667,741,0
14667,3127,1
14667,176976,2
14667,170773,3
14667,19505,4
14667,91964,5
14667,15274,6
47263,21457,0
47263,138251,1
47263,1226675,2
47263,78618,3
47263,39057,4
47263,157257,5
47263,74875,6
18692,21457,0
18692,9871,1
18692,233128,2
18692,2092,3
18692,1022822,4
18692,83851,5
18692,151499,6
15734,21457,0
15734,7631,1
15734,78690,2
15734,78692,3
15734,91254,4
15734,7347,5
15734,1740967,6
34148,29623,0
34148,7304,1
34148,35658,2
34148,89808,3
34148,131742,4
34148,95732,5
34148,6836,6
20813,3359,0
20813,2882,1
20813,87215,2
20813,65505,3
20813,9805,4
20813,85895,5
20813,29792,6
53027,569,0
53027,10399,1
53027,27238,2
53027,26473,3
53027,172667,4
53027,15863,5
53027,20904,6
18894,21457,0
18894,40921,1
18894,4995,2
18894,15659,3
18894,83787,4
18894,83788,5
18894,83789,6
26252,11544,0
26252,94949,1
26252,94937,2
26252,94940,3
26252,94941,4
26252,94950,5
26252,94938,6
24742,2878,0
24742,92509,1
24742,11164,2
24742,62001,3
24742,44301,4
24742,71240,5
24742,10430,6
19415,8212,0
19415,589,1
19415,100564,2
19415,74542,3
19415,41730,4
19415,107827,5
19415,107834,6
41927,10767,0
41927,6384,1
41927,2314,2
41927,26486,3
41927,1276,4
41927,4255,5
41927,192660,6
5968,3460,0
5968,28164,1
5968,46946,2
5968,19239,3
5968,46947,4
5968,46948,5
5968,46949,6
10727,66744,0
10727,66745,1
10727,38660,2
10727,38664,3
10727,70456,4
10727,59117,5
10727,66746,6
9045,8198,0
9045,2406,1
9045,8196,2
9045,19062,3
9045,15320,4
9045,15321,5
9045,6698,6
9082,8809,0
92348,119864,2
92348,995587,4
92348,995588,6
80965,58003,0
80965,1796,1
80965,55198,2
80965,52144,3
80965,245,4
80965,590788,5
80965,486381,6
14469,2295,0
14469,54422,1
14469,3490,2
14469,15854,3
14469,215092,4
14469,2680,5
14469,11484,6
55909,20158,0
55909,15152,1
55909,36152,2
55909,229687,3
55909,229688,4
55909,229690,5
55909,229691,6
20663,4110,0
20663,83796,1
20663,31977,2
20663,86402,3
20663,46099,4
20663,19404,5
20663,35849,6
31916,12147,0
31916,4347,1
31916,91638,2
31916,18766,3
31916,53819,4
31916,96284,5
31916,15950,6
61807,3896,0
61807,4687,1
61807,11148,2
61807,15455,3
61807,19023,4
61807,19729,5
61807,33670,6
20639,68812,0
20639,27726,1
20639,119796,2
20639,83414,3
20639,196350,4
20639,14671,5
20639,88821,6
7514,52813,0
7514,52814,1
7514,52815,2
7514,52816,3
7514,52817,4
7514,52818,5
7514,52819,6
42645,13399,0
42645,129073,1
42645,105637,2
42645,6856,3
42645,8632,4
42645,6930,5
42645,40393,6
29463,56871,0
29463,103899,1
29463,103900,2
29463,103901,3
29463,103902,4
29463,36424,5
29463,22026,6
42795,36819,0
42795,3265,1
42795,142012,2
42795,45466,3
42795,18847,4
42795,100051,5
42795,14264,6
39349,10814,0
39349,2248,1
39349,4604,2
39349,15864,3
39349,3093,4
39349,8874,5
39349,122750,6
44164,5443,0
44164,20080,1
44164,56241,2
44164,54167,3
44164,25342,4
44164,210190,5
44164,212088,6
12253,2975,0
12253,15543,1
12253,18270,2
12253,938,3
12253,22122,4
12253,3232,5
12253,165867,6
9358,17303,0
9358,17236,1
9358,57428,2
9358,33293,3
9358,58374,4
9358,20188,5
9358,42710,6
1647,72466,0
1647,1158,1
1647,18354,2
1647,16856,3
1647,28870,4
1647,28871,5
1647,28869,6
9027,16756,0
9027,69122,1
9027,3141,2
9027,21731,3
9027,6066,4
9027,26201,5
9027,11870,6
125945,1478031,0
125945,562949,1
125945,103006,2
125945,231034,3
125945,983412,4
125945,1066798,5
125945,1888565,6
21189,1229,0
21189,85,1
21189,65007,2
21189,24421,3
21189,1125209,16
21189,19726,17
10894,32799,0
10894,23958,1
10894,1772,2
10894,1582,3
10894,59090,4
10894,34839,5
10894,105000,6
28528,4110,0
28528,522,1
28528,20418,2
28528,30980,3
28528,176840,4
28528,213851,5
28528,29719,6
34783,12446,0
34783,39025,1
34783,29427,2
34783,4786,3
34783,30766,4
34783,11127,5
34783,79641,6
34374,290,0
34374,2091,1
34374,15196,2
34374,40168,3
34374,14371,4
34374,11857,5
34374,6637,6
12490,1979,0
12490,9625,1
12490,72466,2
12490,3064,3
12490,8435,4
12490,15456,5
12490,54014,6
26761,7663,0
26761,10158,1
26761,3362,2
26761,29313,3
26761,8729,4
26761,96162,5
26761,4316,6
35185,77165,0
35185,16898,1
35185,11127,2
35185,12446,3
35185,8239,4
35185,9899,5
35185,10655,6
15802,189721,0
15802,236096,1
15802,236097,2
15802,236098,3
15802,236099,4
15802,554986,5
15802,554987,6
39948,12446,0
39948,15387,1
39948,39952,2
39948,79641,3
39948,95125,4
39948,30706,5
39948,79632,6
8286,19092,0
8286,11989,1
8286,15395,2
8286,46786,3
8286,27807,4
8286,55991,5
8286,19062,6
43028,21605,0
43028,15736,1
43028,30766,2
43028,25643,3
43028,28482,4
43028,16275,5
43028,142012,6
65300,64119,0
65300,10080,1
65300,15900,2
65300,16166,3
65300,9979,4
65300,240853,5
65300,2886,6
24129,1640,0
24129,70069,1
24129,105100,2
24129,144310,3
24129,66790,4
24129,139088,5
24129,3854,6
4628,8349,0
4628,1959,1
4628,4783,2
4628,937,3
4628,2369,4
4628,6637,5
4628,2268,6
4193,14501,0
4193,2091,1
4193,19335,2
4193,7505,3
4193,10978,4
4193,15200,5
4193,31196,6
10724,190,0
10724,12517,1
10724,66811,2
10724,2268,3
10724,653,4
10724,10734,5
10724,9927,6
89571,738,0
89571,12831,1
89571,2192,2
89571,192861,3
89571,132719,4
89571,27443,5
89571,8227,6
32065,51576,0
32065,55196,1
32065,15744,2
32065,101172,3
32065,166550,4
32065,1193552,5
32065,176447,6
11915,11187,0
11915,24629,1
11915,18779,2
11915,34584,3
11915,39143,4
11915,39142,5
11915,24652,6
42136,5605,0
42136,61185,1
42136,58406,2
42136,5897,3
42136,53720,4
42136,76417,5
42136,16564,6
28307,8351,0
28307,1039,1
28307,21619,2
28307,3463,3
28307,123057,4
28307,3339,5
28307,1737,6
37917,190,0
37917,33525,1
37917,53010,2
37917,558311,3
37917,55192,4
37917,2454,5
37917,12852,6
70011,15425,0
70011,923,1
70011,2778,2
70011,12134,3
70011,6725,4
70011,14794,5
70011,1015204,6
37191,23346,0
37191,10938,1
37191,76465,2
37191,7169,3
37191,18071,4
37191,7004,5
37191,104054,6
210092,35350,0
210092,91600,1
210092,230946,2
210092,67575,3
210092,1193676,4
210092,92959,5
210092,108890,6
3028,29709,0
3028,29710,1
3028,29711,2
3028,29712,3
3028,29713,4
3028,29714,5
3028,44810,6
29224,66790,0
29224,114142,1
29224,139089,2
29224,114143,3
29224,139088,4
29224,79059,5
29224,227855,6
81001,35,0
81001,3085,1
81001,1229,2
81001,14965,3
81001,12969,4
81001,15900,5
81001,1080265,6
8219,953,0
8219,36281,1
8219,31700,2
8219,37520,3
8219,54129,4
8219,54128,5
8219,54130,6
27088,106752,0
27088,80137,1
27088,42745,2
27088,119837,3
27088,100560,4
27088,93149,5
27088,6727,6
10150,12021,0
10150,1903,1
10150,63998,2
10150,1229,3
10150,113,4
10150,14730,5
10150,26715,6
20980,136243,0
20980,136247,1
20980,136248,3
20980,136251,4
20980,136252,5
20980,136253,6
20980,136250,7
16407,18897,0
16407,83358,1
16407,1402747,2
16407,119454,3
16407,121394,4
16407,544916,5
16407,554622,6
41913,6678,0
41913,105747,1
41913,64825,2
41913,13325,3
41913,65505,4
41913,8631,5
41913,16203,6
30875,234297,0
30875,107205,1
30875,107206,2
30875,102013,3
30875,38592,4
30875,78714,5
30875,39163,6
29450,4641,0
29450,226302,1
29450,82496,2
29450,545700,3
29450,111126,4
29450,85643,5
29450,234295,6
27380,13473,0
27380,36409,1
27380,1757,2
27380,30125,3
27380,14731,4
27380,9597,5
27380,1176592,6
8288,12021,1
8288,12515,2
8288,14415,3
8288,10555,4
8288,2453,5
8288,54346,6
8288,54345,7
15600,3151,0
15600,5606,1
15600,78439,3
15600,6354,4
15600,15412,5
15600,88748,6
15600,89141,7
52083,383,0
52083,10978,1
52083,12726,2
52083,656,3
52083,10654,4
52083,3930,5
52083,39741,6
124963,20006,0
124963,35341,1
124963,14821,2
124963,21736,3
124963,9920,4
124963,12514,5
124963,21708,6
11949,8930,1
11949,10722,2
11949,10713,3
11949,10707,4
11949,383,5
11949,70624,6
11949,10733,7
42134,16940,0
42134,28871,1
42134,932370,2
42134,1348673,3
42134,153226,4
42134,10779,5
42134,79934,6
79257,10017,0
79257,326,1
79257,49877,2
79257,3142,3
79257,27145,4
79257,1939193,5
79257,1939195,6
42130,27208,0
42130,16314,1
42130,119950,2
42130,995398,3
42130,128250,4
42130,224430,5
42130,995401,6
42131,25155,0
42131,5676,1
42131,3734,2
42131,1037,3
42131,24299,4
42131,10262,5
42131,1352,6
41291,8437,0
41291,8351,1
41291,27888,2
41291,2630,3
41291,53647,4
41291,5048,5
41291,922,6
84784,10556,0
84784,160263,1
84784,9283,2
84784,57354,3
84784,777,4
84784,1067,5
84784,104418,6
23942,30051,0
23942,16171,1
23942,135882,2
23942,135883,3
23942,1212223,4
23942,135885,5
23942,16609,6
72340,31070,0
72340,5049,1
72340,12521,2
72340,91460,3
72340,16097,4
72340,60291,5
72340,157611,6
32692,17882,0
32692,3734,1
32692,3784,2
32692,1386,3
32692,38899,4
32692,6304,5
32692,79035,6
37997,1768652,0
37997,127073,1
37997,6394,2
37997,4811,3
37997,127076,5
37997,127077,6
37997,127078,7
27609,10447,0
27609,1164017,1
27609,349,2
27609,588114,3
27609,74828,4
27609,1203944,5
27609,1203945,6
25872,42195,0
25872,42740,1
25872,1721837,2
25872,70753,3
25872,94289,4
25872,1748825,5
25872,1232135,6
83562,8930,0
83562,26663,1
83562,1821,2
83562,30427,3
83562,177596,4
83562,11282,5
83562,26657,6
127,144972,0
127,1413,1
127,1405,2
127,87234,3
127,1408,4
127,1138653,5
127,1544938,6
14645,21171,0
14645,21177,1
14645,39350,2
14645,28781,3
14645,64913,4
14645,35137,5
14645,82792,6
27726,21030,0
27726,12407,1
27726,141,2
27726,6487,3
27726,99880,4
27726,155607,5
27726,171469,6
42135,69010,0
42135,22383,1
42135,14812,2
42135,233531,3
42135,572,4
42135,32863,5
42135,21833,6
21923,9309,0
21923,554118,1
21923,554119,2
21923,89289,3
1563,222259,0
1563,3220622,1
1563,28626,2
1563,4153165,3
1563,238869,4
17132,57968,0
17132,57350,1
17132,160321,2
17132,1087451,3
17132,2536,4
17132,9111,5
17132,1231572,6
59533,10730,0
59533,107602,1
59533,10722,3
59533,2585,4
59533,8930,5
59533,110001,6
59533,9188,7
2262,23340,0
2262,23342,1
2262,1857,2
2262,23344,3
2262,4537,4
2262,3756,5
2262,23345,6
52772,3926,0
52772,3092,1
52772,650,2
52772,27811,3
52772,69344,4
52772,156774,5
52772,92086,6
46925,133858,0
46925,2882,1
46925,33850,2
46925,12852,3
46925,55267,4
46925,1904,5
46925,2175902,6
77073,56819,0
77073,21277,1
77073,245998,2
77073,1080265,3
77073,147592,4
77073,1059529,5
77073,95469,6
76395,3002,0
76395,19958,1
76395,192041,2
76395,46099,3
76395,22462,4
76395,91624,5
76395,55271,6
37607,9309,0
37607,20011,1
37607,101752,2
37607,780,3
37607,47460,4
37607,172587,5
37607,15534,6
30874,10507,0
30874,1027788,1
30874,27383,2
30874,52060,4
30874,27384,5
30874,38592,6
30874,78714,7
30363,140054,0
30363,140055,1
30363,140056,2
30363,134514,3
30363,140057,4
30363,140058,5
30363,5274,6
49409,213838,0
49409,2756512,1
49409,1005384,2
49409,38665,3
49409,222623,4
49409,1546131,5
49409,1233003,6
32048,6355,0
32048,5064,1
32048,5698,2
32048,4887,3
32048,11829,4
32048,14792,5
32048,12857,6
48139,27208,0
48139,556910,1
48139,25259,3
48139,234665,4
48139,9893,5
48139,1740819,6
48139,143230,7
30584,45039,0
30584,18561,1
30584,26257,2
30584,738,3
30584,12726,4
30584,5,5
30584,653,6
48313,62036,0
48313,2713,1
48313,40621,2
48313,1217504,4
48313,14672,5
48313,170237,6
48313,27994,7
48249,4800,1
48249,4038,2
48249,12259,3
48249,27888,4
48249,21625,5
48249,8213,6
48249,11033,7
29702,106179,0
29702,11163,1
29702,44959,2
29702,15139,3
29702,101578,4
29702,43628,5
29702,1139221,6
24830,92687,0
24830,16167,1
24830,108943,2
24830,1607784,3
24830,157121,4
24830,1226055,5
24830,162007,6
30049,105620,0
30049,100618,2
30049,105621,3
30049,14852,4
30049,105622,5
30049,105623,6
30049,103707,7
9699,14261,0
9699,14503,1
9699,58661,2
9699,34901,3
9699,14262,4
9699,12446,5
9699,5823,6
48561,140808,0
48561,77886,1
48561,140809,2
48561,140810,3
48561,140811,4
48561,140812,5
48561,2923063,8
30789,14277,0
30789,936,1
30789,51812,2
30789,15197,3
30789,3088,4
30789,56780,5
30789,107008,6
81346,144516,0
81346,1005046,1
81346,66676,2
81346,115482,3
81346,1664947,4
81346,37520,5
81346,1501047,6
11057,36486,0
11057,67956,1
11057,67957,2
11057,8198,3
11057,23697,4
11057,48272,5
11057,23664,6
47955,42195,0
47955,1818,1
47955,2753,2
47955,47441,3
47955,246358,4
47955,119782,5
47955,102437,7
19322,84475,0
19322,351,1
19322,12149,2
19322,39188,3
19322,5255,4
19322,51879,5
19322,54,6
31661,738,0
31661,72056,1
31661,129317,2
31661,9594,3
31661,3173,4
31661,11163,5
31661,14731,6
52556,142766,0
52556,142769,1
52556,96975,2
52556,31759,3
52556,1047658,4
52556,2618094,5
52556,1672230,6
38219,61144,0
38219,10476,1
38219,26700,2
38219,41118,3
38219,30900,4
38219,2500252,5
38219,1015993,6
23943,55093,0
23943,30051,1
23943,115766,2
23943,129211,3
23943,7077,4
23943,9806,5
23943,133774,6
26454,36424,0
26454,17773,1
26454,154000,2
26454,55258,3
26454,22122,4
26454,84077,5
26454,98622,6
9919,11661,0
9919,10297,1
9919,17696,2
9919,24291,3
9919,6163,4
9919,539,5
9919,39977,6
6038,18897,0
6038,887,1
6038,49734,2
6038,49735,3
6038,1341,4
6038,27678,5
6038,27428,6
9480,880,0
9480,9278,1
9480,72466,2
9480,61981,3
9480,15277,4
9480,56153,5
9480,9280,6
14873,9640,0
14873,1230,1
14873,52404,2
14873,945115,3
14873,179702,4
14873,65598,5
14873,655,6
13132,15684,0
13132,11664,1
13132,74242,2
13132,62862,3
13132,48530,4
13132,22248,5
13132,10488,6
22707,83786,0
22707,89140,1
22707,89289,3
22707,89294,4
22707,89295,5
22707,89297,6
22707,89298,7
18302,64880,0
18302,87553,1
18302,17121,2
18302,87552,3
18302,86889,4
18302,1253475,5
18302,138527,6
1956,1893,0
1956,1892,1
12112,2405,0
12112,4166,1
12112,49025,2
12112,40939,3
12112,67902,4
12112,136438,5
12112,142443,6
50380,18272,0
50380,93538,1
50380,75696,2
50380,58924,3
50380,1547870,4
50380,55755,5
50380,144375,6
212058,88466,0
212058,9281,1
212058,942055,2
212058,78398,3
212058,21490,4
212058,204815,5
12139,6837,0
12139,15252,1
12139,23709,2
12139,1062,3
12139,1063,4
12139,53963,5
12139,954763,6
118936,11493,0
118936,13568,1
118936,4110,2
118936,8240,3
118936,1023029,4
118936,13356,5
118936,2672,6
18587,4960,0
18587,779,1
18587,18071,3
18587,94766,4
18587,11065,5
18587,51519,6
18587,1784982,7
24883,81544,0
24883,147119,1
24883,922,2
24883,4963,3
24883,26557,4
24883,170306,5
24883,8437,6
17264,81544,0
17264,1937,1
17264,8437,2
17264,87825,3
17264,16166,4
17264,2979,5
17264,150238,6
3426,6250,0
3426,2565,1
3426,17578,2
3426,27166,3
3426,6015,4
3426,17882,5
3426,26247,6
2984,3084,0
2984,16757,1
2984,29304,2
2984,6929,3
2984,29309,4
2984,29307,5
2984,29308,6
33221,5168,0
33221,6913,1
33221,110333,2
33221,65733,3
33221,1282,4
33221,931885,5
33221,17782,6
59201,4960,0
59201,12295,1
59201,1607,2
59201,53024,3
59201,152759,4
59201,58623,5
59201,178124,6
26172,4960,0
26172,74636,1
26172,2077,2
26172,58663,3
26172,51376,4
26172,15988,5
26172,9596,6
26173,4960,0
26173,3091,1
26173,94776,2
26173,41246,3
26173,68681,4
26173,87475,5
26173,94777,6
33055,4960,0
33055,42335,1
33055,44831,2
33055,51519,3
33055,2557,4
33055,45002,5
33055,80746,6
33364,16897,0
33364,7632,1
33364,70286,2
33364,35849,3
33364,95224,4
33364,86346,5
33364,4119,6
33851,2295,0
33851,382,1
33851,27554,2
33851,3122,3
33851,6970,4
33851,3896,5
33851,7140,6
31598,1733,0
31598,16327,1
31598,23346,2
31598,54123,3
31598,21283,4
31598,40481,5
31598,17764,6
59401,50962,0
59401,229288,1
59401,17661,2
59401,19968,3
59401,29645,4
59401,50971,5
59401,2086689,6
22233,8237,0
22233,16896,1
22233,5791,2
22233,29719,3
22233,5832,4
22233,34746,5
22233,11168,6
4952,8237,0
4952,18735,1
4952,40206,2
4952,7684,3
4952,2787,4
4952,40247,5
4952,30005,6
991,7487,0
991,9626,1
991,12407,2
991,14904,3
991,7795,4
991,10939,5
991,105335,6
4911,6856,0
4911,100,1
4911,39977,2
4911,2039,3
4911,10182,4
4911,81583,5
4911,6066,6
16072,32747,0
16072,8447,1
16072,3087,2
16072,27116,3
16072,2878,4
16072,23646,5
16072,28414,6
11615,1979,0
11615,204,1
11615,350,2
11615,25702,3
11615,32458,4
11615,13525,5
11615,29862,6
11635,36422,0
11635,23659,1
11635,4937,2
11635,12799,3
11635,9280,4
11635,3196,5
11635,21804,6
125806,1081759,0
125806,130840,1
125806,12299,2
125806,167720,3
125806,55557,5
125806,1232602,6
77283,2440,0
77283,2441,1
77283,35862,2
77283,109516,3
77283,1228995,4
77283,1219786,5
77283,211897,6
35824,58693,0
35824,198133,1
35824,214503,2
35824,57629,3
35824,282155,4
35824,282156,5
35824,282157,6
102,1017,0
102,1018,1
102,1019,2
102,4458,3
102,1021,4
102,4459,5
102,1023,6
14293,91389,0
14293,9046,1
14293,4690,2
14293,522,3
14293,76546,4
14293,19975,5
14293,389,6
41820,529,0
41820,1283,1
41820,40046,2
41820,1936703,3
41820,942019,4
41820,186939,5
41820,1936704,6
10623,1336,0
10623,21355,1
10623,17773,2
10623,18471,3
10623,74036,4
10623,181871,5
10623,18702,6
9613,5469,0
9613,8436,1
9613,5168,2
9613,29791,3
9613,12642,4
9613,166529,5
9613,1527825,6
7015,1229,0
7015,820,1
7015,5148,2
7015,1280,3
7015,2615694,4
7015,167090,5
7015,15904,6
210938,8893,0
210938,7906,1
210938,349,2
210938,14344,3
210938,14541,4
210938,38085,5
210938,21731,6
42035,135792,0
42035,9207,1
42035,3150,2
42035,2048,3
42035,68301,4
42035,32286,5
42035,3249061,6
21867,1283,0
21867,2130,1
21867,8937,2
21867,2387,3
21867,14324,4
21867,39741,5
21867,18021,6
49680,164,0
49680,19942,1
49680,562949,2
49680,562950,3
49680,82100,4
49680,1195669,5
49680,1879244,6
6524,14639,0
6524,21818,1
6524,4175,2
6524,52043,3
6524,1080265,4
6524,27517,5
6524,98555,6
11244,68750,0
11244,68751,1
11244,62842,2
11244,8294,3
11244,15152,4
11244,68752,5
11244,1896,6
77233,11085,0
77233,10158,1
77233,7570,2
77233,5048,3
77233,5657,4
77233,31140,5
77233,12519,6
140071,2157,0
140071,26042,1
140071,9872,2
140071,21104,3
140071,5247,4
140071,27515,5
140071,171379,6
21801,30614,0
21801,52,1
21801,20387,2
21801,9273,3
21801,1006136,4
21801,117432,5
21801,6473,6
35139,131476,0
35139,131477,1
35139,131479,2
35139,131478,3
35139,111382,5
35139,131481,7
35139,131482,8
54845,147,0
54845,4687,1
54845,217551,2
54845,10000,3
54845,85142,4
54845,879,5
54845,84323,6
23834,63438,0
23834,116175,1
23834,116178,2
23834,116180,3
23834,83637,4
23834,126881,5
23834,138531,6
14633,557857,2
14633,557858,3
14633,3095877,4
14633,3095879,5
14633,3095882,6
10678,67773,0
10678,15758,1
10678,26510,2
10678,23709,3
10678,5376,4
10678,43893,5
10678,77117,6
9567,62,0
9567,28782,1
9567,6614,2
9567,19299,3
9567,21798,4
9567,18461,5
9567,4139,6
979,28782,0
979,1925,1
979,14606,2
979,14610,3
979,5444,4
979,14612,6
979,577431,7
13819,3910,0
13819,3894,1
13819,3967,2
13819,11317,3
13819,4941,4
13819,57394,5
13819,75693,6
1591,8797,0
1591,17817,1
1591,17818,2
1591,4534,3
1591,17820,4
1591,17819,5
1591,17821,6
24186,515,0
24186,20212,1
24186,58032,2
24186,1276,3
24186,11866,4
24186,20005,5
24186,26715,6
455,231610,0
455,116,1
455,1244,2
455,6217,3
455,6218,4
455,128645,5
455,990,6
10632,2176,0
10632,1121,1
10632,935,2
10632,21474,3
10632,9277,4
10632,1236,5
10632,85170,6
10929,1064,0
10929,8655,1
10929,15007,2
10929,61185,3
10929,67519,4
10929,59245,5
10929,67520,6
170400,351,0
170400,4726,1
170400,3127,2
170400,3196,3
170400,25025,4
170400,25688,5
170400,84481,6
16229,6886,0
16229,21593,1
16229,8256,2
16229,1812,3
16229,1244,4
16229,4431,5
16229,46392,6
12079,17881,0
12079,328,1
12079,2295,2
12079,5723,3
12079,8211,4
12079,11663,5
12079,71335,6
44081,1345983,0
44081,1345985,1
44081,1061525,2
44081,1371117,4
44081,1345984,5
44081,1371119,6
44081,1371121,7
36362,30551,0
36362,14012,1
36362,80620,2
36362,115308,3
36362,22137,4
36362,120391,5
36362,103528,6
4762,10255,0
4762,10254,1
4762,23721,2
4762,920,3
4762,10263,4
4762,39303,5
4762,16243,6
18535,21457,0
18535,83796,1
18535,7683,2
18535,30537,3
18535,83801,4
18535,83802,5
18535,83804,6
23159,2638,0
23159,30210,1
23159,29522,2
23159,30512,3
23159,29315,4
23159,89813,5
23159,14033,6
27236,97351,0
27236,8255,1
27236,23187,2
27236,97352,3
27236,5048,5
27236,97357,6
27236,33059,7
42459,21030,0
42459,380,1
42459,14830,2
42459,153654,3
42459,83145,4
42459,2650,5
42459,1214822,6
43261,45001,0
43261,17752,1
43261,589537,2
43261,179367,3
43261,43823,4
43261,106506,5
43261,589538,7
15347,77165,0
15347,16898,1
15347,10462,2
15347,78161,3
15347,78162,4
15347,78163,5
15347,78164,6
44968,29369,0
44968,1230,1
44968,25129,2
44968,52995,3
44968,7268,4
44968,1080265,5
44968,214317,6
37258,5341,0
37258,22109,1
37258,23709,2
37258,19463,3
37258,13329,4
37258,20300,5
37258,14464,6
8996,56531,0
8996,23797,1
8996,28656,2
8996,56529,3
8996,1356957,4
8996,83192,5
8996,943199,6
125413,7301,0
125413,9857,1
125413,944229,2
125413,2645,3
125413,1282698,4
125413,115459,5
125413,31210,6
17729,854,0
17729,41216,1
17729,4073,2
17729,15978,3
17729,30272,4
17729,14451,5
17729,2497,6
12157,16927,0
12157,1533,1
12157,10739,2
12157,17179,3
12157,10360,4
12157,58533,5
12157,29445,6
11571,2091,0
11571,44881,1
11571,24810,2
11571,954616,3
11571,16524,4
11571,6930,5
11571,6933,6
71142,2232,0
71142,14343,1
71142,57829,2
71142,27116,3
71142,10768,4
71142,41737,5
71142,4589,6
10293,64781,0
10293,28626,1
10293,16923,2
10293,20285,3
10293,55923,4
10293,29513,5
10293,1959018,6
2671,27776,0
2671,9195,1
2671,27784,2
2671,27778,3
2671,27779,4
2671,27780,5
2671,27782,6
9669,27778,0
9669,27780,1
9669,13253,2
9669,58449,3
9669,58450,4
9669,20311,5
9669,27784,6
45129,1528560,0
45129,1528561,1
45129,1528562,2
45129,1147135,3
45129,84956,4
45129,1528568,6
45129,76793,7
42618,4090,0
42618,13728,1
42618,17639,2
42618,157439,3
42618,1793,4
42618,20156,5
42618,12827,6
41164,587,0
41164,11478,1
41164,1056193,2
41164,1056194,3
41164,2977,4
41164,11067,5
41164,167490,6
66027,27554,0
66027,936,1
66027,115573,2
66027,95692,3
66027,45453,4
66027,14820,5
66027,39036,6
36211,1987736,0
36211,1987737,1
36211,1987738,2
36211,1987739,3
36211,1987741,4
36211,1987742,5
36211,1987743,6
9557,9777,0
9557,52117,1
9557,41901,2
9557,2535,3
9557,44243,4
9557,10222,5
9557,72689,6
6171,192,0
6171,11155,1
6171,11662,2
6171,20186,3
6171,18082,4
6171,3197,5
6171,2680,6
13691,5247,0
13691,12077,1
13691,90453,2
13691,77482,3
13691,19540,4
13691,60739,5
13691,77546,6
11523,12052,0
11523,18979,1
11523,103,2
11523,11850,3
11523,131642,4
11523,12073,5
11523,11164,6
114065,73704,0
114065,1824827,1
114065,3046788,2
114065,2491221,3
114065,552457,4
114065,98316,5
14675,77158,0
14675,2638,1
14675,1208,2
14675,77159,3
14675,77160,4
14675,90377,5
14675,34268,6
2525,2536,0
2525,25779,1
2525,194,2
2525,10020,4
2525,862,5
2525,25787,6
2525,11390,7
57447,39467,0
57447,128020,2
57447,1210595,3
57447,125641,4
57447,1856940,5
57447,1041292,6
57447,1283863,7
42695,3854,0
42695,3853,2
42695,133472,3
42695,133473,4
42695,133474,5
42695,133475,6
42695,74710,7
49845,142940,0
49845,25156,1
49845,45477,2
49845,117668,3
49845,142941,4
49845,39441,5
49845,1448493,6
18992,7505,0
18992,33004,1
18992,85358,2
18992,84935,3
18992,133207,4
18992,9596,5
18992,34333,6
29912,5341,0
29912,14500,1
29912,30290,2
29912,16420,3
29912,5795,4
29912,12282,5
29912,29313,6
28881,8654,0
28881,722,1
28881,19153,2
28881,12536,3
28881,1640,4
28881,8986,6
28881,51582,7
80243,589044,0
80243,24044,1
80243,4204329,2
80243,589046,3
80243,27997,4
80243,1888207,5
80243,1888208,6
10782,8891,0
10782,935,1
10782,2231,2
10782,68122,3
10782,1771,4
10782,12792,5
10782,17637,6
9341,6383,0
9341,448,1
9341,18792,2
9341,2283,3
9341,10698,4
9341,132078,5
9341,28633,6
9776,2632,0
9776,1897,1
9776,19152,2
9776,12538,3
9776,16217,4
9776,59153,5
9776,59154,6
10735,29220,0
10735,5472,1
10735,11164,2
10735,20300,3
10735,10731,4
10735,378,5
10735,78730,6
16425,3087,0
16425,2049,1
16425,1907,2
16425,87189,3
16425,1739,4
16425,1877488,5
16425,3250388,6
25461,59251,0
25461,93821,1
25461,53936,2
25461,93822,3
25461,93823,4
25461,93824,5
25461,93825,6
51927,2245920,1
51927,2245921,2
51927,2245922,3
51927,2245923,4
51927,2245924,5
51927,2245925,6
51927,2245926,7
12516,70132,0
12516,72605,1
12516,72606,2
12516,72607,3
12516,40449,4
12516,1484328,5
12516,110299,6
1675,14061,0
1675,24499,1
1675,3591,2
1675,18765,3
1675,18766,4
1675,18767,5
1675,1653,6
62184,17495,0
62184,51805,1
62184,6408,2
62184,28633,3
62184,452,4
62184,82105,5
62184,5960,6
17057,4110,0
17057,77081,1
17057,81179,2
17057,81180,3
17057,14359,4
17057,14576,5
17057,81181,6
41938,16475,0
41938,9207,1
41938,13726,2
41938,42174,3
41938,18982,4
41938,1170309,5
41938,6074,6
79615,4765,0
79615,13724,1
79615,1920,2
79615,2879,3
79615,63933,4
79615,72542,5
79615,3037500,6
40718,4165,0
40718,80469,1
40718,70985,2
40718,34315,3
40718,55821,4
40718,94070,5
40718,30292,6
42178,1229,0
42178,7301,2
42178,3265,3
42178,3088,4
42178,10487,5
42178,21708,6
42178,44049,7
203252,4818,0
203252,1102232,1
203252,1185690,4
203252,28641,5
203252,55636,6
203252,4959,12
203252,5964,13
6016,1733,0
6016,47334,1
6016,5419,2
6016,41886,3
6016,10698,4
6016,47337,5
6016,47336,7
8409,12835,0
8409,18291,1
8409,18082,2
8409,54864,3
8409,49818,4
8409,9276,5
8409,1607,6
1817,72466,0
1817,2628,1
1817,2178,2
1817,8329,3
1817,3897,4
1817,45245,5
1817,174223,6
284096,14812,0
284096,1150544,1
284096,1347013,2
11299,20664,0
11299,68916,1
11299,68917,2
11299,68918,3
11299,40325,4
11299,28776,5
11299,20661,6
17995,62842,0
17995,82581,1
17995,82582,2
17995,125845,3
21052,879,0
21052,192,1
21052,18686,2
21052,205,3
21052,588034,4
21052,12263,5
21052,176822,6
7294,52355,0
7294,5999,1
7294,52356,2
7294,52357,3
7294,4828,4
7294,2427861,5
7294,1069886,6
9506,19292,0
9506,514,1
9506,3141,2
9506,40481,3
9506,20818,4
9506,71266,5
9506,29685,6
14290,77993,0
14290,162367,1
14290,61697,2
14290,61997,3
14290,263229,4
14290,68643,5
14290,68842,6
24982,2053,0
24982,556960,1
24982,1312400,3
24982,8538,4
24982,556961,5
24982,1406683,6
24982,1029818,7
2662,5695,0
2662,27737,1
2662,21319,2
2662,8963,3
2662,18662,4
2662,27738,5
2662,11678,6
12093,77667,0
12093,71219,1
12093,71220,2
12093,71221,3
12093,71222,4
12093,2649425,5
12093,1486958,6
18941,27125,0
18941,113286,1
18941,113287,2
18941,76637,3
18941,27578,4
18941,113288,5
18941,113289,6
42383,103,0
42383,75671,1
42383,33676,2
42383,58509,3
42383,91781,4
42383,1778315,5
42383,1778316,6
11817,1619,0
11817,57599,1
11817,5915,2
11817,10841,3
11817,3315,4
11817,10134,5
11817,74278,6
24621,41901,0
24621,63522,1
24621,231014,2
24621,72968,3
24621,92774,4
24621,6862,5
24621,2051,6
13370,12438,0
13370,13524,1
13370,8265,2
13370,26510,3
13370,43775,4
13370,21731,5
13370,11514,6
8326,10959,0
8326,54495,1
8326,10205,2
8326,10127,3
8326,4687,4
8326,122756,5
8326,31903,6
13411,6213,0
13411,17637,1
13411,18471,2
13411,35705,3
13411,56871,4
13411,59229,5
13411,31070,6
11516,20030,0
10180,64122,0
10180,4455,1
10180,1019,2
10180,1018,3
10180,1564,4
10180,1562,5
10180,64123,6
994,4483,0
994,14947,1
994,386,2
994,14948,3
994,14949,4
994,14950,5
994,14951,6
66918,9111,0
66918,116493,1
66918,81182,2
66918,151610,3
66918,82748,4
66918,93623,5
66918,89703,6
10514,65505,0
10514,14831,1
10514,65508,2
10514,39709,3
10514,157439,4
10514,30987,5
10514,33060,6
14237,820,0
14237,8924,1
14237,140378,2
14237,92728,3
14237,94553,4
14237,166476,5
14237,58805,6
1714,1666,0
1714,18216,1
1714,4973,2
1714,97935,3
1714,18762,4
1714,18760,5
1714,65024,6
14308,74329,0
14308,1389074,2
14308,1286643,3
14308,1389075,4
14308,1357846,5
14308,1389076,6
14308,61110,7
41461,18391,0
41461,13576,1
41461,8253,2
41461,1229,3
41461,18647,4
41461,40191,5
41461,126547,6
9930,4135,0
9930,26513,1
9930,589,2
9930,6197,3
9930,28641,4
9930,21521,5
9930,15412,6
32083,2222,0
32083,8893,1
32083,2692,2
32083,31140,3
32083,1036,4
32083,21399,5
32083,87461,6
107569,7904,0
107569,7169,1
107569,10080,2
107569,20217,3
107569,127966,4
107569,12662,5
107569,7866,6
16651,53761,0
16651,1813,1
16651,73889,2
16651,186450,3
16651,41784,5
16651,2512217,6
16651,1237634,7
57565,383,0
57565,10978,1
57565,656,2
57565,10983,3
57565,20241,4
57565,1216393,5
57565,104795,6
108553,1796,0
108553,8984,1
108553,4,2
108553,9995,3
108553,2154,4
108553,36926,5
108553,18649,6
12661,3391,0
12661,6065,1
12661,10981,2
12661,2283,3
12661,52057,4
12661,1211,5
12661,74036,6
29355,18892,0
29355,12967,1
29355,15905,2
29355,1242279,3
29355,408,4
29355,129332,5
29355,14888,6
24961,32715,0
24961,82702,1
24961,92899,2
24961,57357,3
24961,52031,4
24961,77226,5
24961,937441,6
26866,3829,0
26866,4959,1
26866,33723,2
26866,4121,3
26866,24421,4
26866,37727,5
26866,12272,6
31633,326,0
31633,7447,1
31633,1162,2
31633,1951,3
31633,23346,4
31633,781,5
31633,26473,6
20978,16927,0
20978,54227,1
20978,19934,2
20978,258942,3
20978,73445,4
20978,56404,5
20978,28151,6
47762,73931,0
47762,58549,2
47762,1430985,3
47762,1430986,4
47762,165603,6
47762,2635581,7
47762,2635582,8
47329,73931,0
47329,1230,1
47329,17187,2
47329,1756,3
47329,19131,4
47329,39015,5
47329,53602,6
10743,12833,0
10743,3293,1
10743,1271,2
10743,13242,3
10743,9779,4
10743,4483,5
10743,40481,6
2832,3036,0
2832,11477,1
2832,2956,2
2832,16861,3
2832,658,4
2832,20387,5
2832,11885,6
31459,3392,0
31459,2090,1
31459,40389,2
31459,28042,3
31459,84315,4
31459,27263,5
31459,6181,6
19153,2982936,0
19153,2982937,1
19153,2982938,2
19153,2982942,4
19153,2982944,5
19153,2982950,6
19153,2982948,7
31932,2876,0
31932,3085,1
31932,11317,2
31932,16927,3
31932,1640,4
31932,9827,5
31932,586101,6
38868,1666,0
38868,2230,5
38868,10127,7
38868,6355,10
38868,190,11
38868,6905,13
38868,9560,16
72996,567787,0
72996,116005,1
72996,139096,2
72996,581975,3
72996,543863,4
72996,567788,5
72996,567790,6
15098,24045,0
15098,1896,1
15098,11664,2
15098,58744,3
15098,20220,4
15098,60918,5
15098,77882,6
11458,1158,0
11458,326,1
11458,31070,2
11458,4939,3
11458,31028,4
11458,5502,5
11458,26715,6
18736,5958,0
18736,143330,1
18736,130936,2
18736,24357,3
18736,166893,4
18736,1216508,5
18736,1237258,6
36658,2387,0
36658,6968,1
36658,1248,2
36658,1327,3
36658,10696,4
36658,4587,5
36658,11006,6
46989,51536,0
46989,11064,1
46989,8985,2
46989,3713,3
46989,60460,4
46989,236049,5
46989,168906,6
20689,3810,0
20689,36632,1
20689,56654,2
20689,24918,3
20689,109712,4
20689,24627,5
20689,234486,6
13438,2324445,0
13438,2324449,1
13438,2324450,2
13438,3826431,3
13438,3826490,4
13438,2402831,5
13438,4470790,6
15394,1233,0
15394,6613,1
15394,5049,2
15394,7868,3
15394,25386,4
15394,74278,5
15394,44169,6
10708,776,0
10708,60074,1
10708,18324,2
10708,9788,3
10708,58478,4
10708,96072,5
10708,6751,6
22016,24421,0
22016,35084,1
22016,6304,2
22016,91271,3
22016,1543580,4
22016,91272,5
22016,27980,6
85472,23310,0
85472,932224,1
85472,6542,2
85472,70146,3
85472,218810,4
85472,107616,5
85472,1196309,6
22958,22226,0
22958,15370,1
22958,3293,2
22958,143017,3
15850,117087,0
15850,10867,1
15850,10190,2
15850,12889,3
15850,48163,4
15850,19578,5
15850,41256,6
251053,21708,0
251053,72983,1
251053,124909,2
251053,21127,3
251053,8693,4
251053,210826,5
251053,22821,6
10989,25256,0
10989,52913,1
10989,67811,2
10989,67812,3
10989,18819,4
10989,110902,5
10989,1113789,6
1816,3392,0
1816,19262,1
1816,19260,2
1816,180711,3
1816,19256,4
1816,155483,5
1816,100601,6
42017,533540,0
42017,14326,1
42017,1292,2
42017,7487,3
42017,107608,4
42017,136851,5
42017,1044185,6
17667,82217,0
17667,13312,1
17667,171135,2
17667,217536,3
17667,9572,4
17667,1327735,5
17667,97912,6
17464,81895,0
17464,81896,1
17464,57392,2
17464,81897,3
17464,18894,4
17464,81898,5
17464,81899,6
15259,81895,0
15259,81896,1
15259,57392,2
15259,128128,3
15259,4443,4
15259,128129,5
15259,21411,6
10515,65509,0
10515,65510,1
10515,65511,2
10515,65512,3
10515,142455,4
10515,617,5
10515,551814,6
45069,139,0
45069,4800,1
45069,3196,2
45069,20746,3
45069,856,4
45069,176628,5
45069,3028371,6
117269,404,0
117269,1338962,1
117269,170075,2
117269,81896,3
117269,1212003,5
117269,91369,6
117269,83362,7
21024,7470,0
21024,86994,1
21024,40176,2
21024,2886,3
21024,1242131,4
21024,141368,5
21024,63214,6
42792,1933,0
42792,30510,1
42792,14701,2
42792,7125,3
42792,16759,4
42792,44845,5
42792,2007,6
43232,13294,0
43232,99662,1
43232,142385,2
43232,42109,3
43232,151651,4
43232,10655,5
43232,10924,6
22201,13784,0
22201,2090,1
22201,2752,2
22201,10160,3
22201,14502,4
22201,97657,5
22201,17759,6
11424,24937,0
11424,4070,1
11424,4347,2
11424,10607,3
11424,95313,4
11424,4343,5
11424,12022,6
34857,82407,0
34857,39601,1
34857,15008,2
34857,4966,3
34857,42180,4
34857,138393,5
34857,6577,6
604,6384,0
604,2975,1
604,530,2
604,1331,3
604,9575,4
604,9364,5
604,6195,6
55616,1080571,0
55616,1080339,1
55616,1080337,2
55616,1080572,3
55616,1326419,4
55616,1880635,5
55616,1880637,7
10720,9137,0
10720,3061,1
10720,34490,2
10720,11076,3
10720,32905,4
10720,29795,5
10720,40206,6
51230,143582,0
51230,143583,1
51230,143584,2
51230,143585,3
51230,143586,4
51230,1503938,5
51230,1503939,6
23423,141573,0
23423,68108,1
23423,171649,2
23423,84249,3
23423,21143,4
23423,171182,5
23423,101784,6
1555,17497,0
1555,73937,1
1555,2405,2
1555,17521,3
1555,17522,4
1555,17523,5
1555,17524,6
33875,65424,0
33875,73044,1
33875,65426,2
33875,65427,3
33875,217924,4
33875,40325,5
33875,62318,6
310,206,0
310,192,1
310,4491,2
310,4492,3
310,4493,4
310,4494,5
310,4495,6
5146,3392,0
5146,13,1
5146,10859,2
5146,11850,3
5146,41662,4
5146,41663,5
5146,41658,6
30055,56900,0
30055,93463,1
30055,59361,2
30055,1844964,3
30055,210160,4
30055,84695,6
30055,1286640,7
12544,3124,0
12544,20588,1
12544,20590,2
12544,72737,3
12544,20591,4
12544,2210630,5
12544,59269,6
12,13,0
12,14,1
12,12,2
12,5293,3
12,118,4
12,18,5
12,19,6
9654,13240,0
9654,6885,1
9654,819,2
9654,976,3
9654,13922,4
9654,4239,5
9654,55636,6
9902,13446,0
9902,6365,1
9902,59192,2
9902,23958,3
9902,7431,4
9902,51936,5
9902,2320,6
2260,23290,0
2260,23291,1
2260,23293,2
2260,23292,3
2260,23294,4
2260,4725867,5
2260,4725875,6
61939,138327,0
61939,115172,1
61939,55029,2
61939,234571,3
61939,234572,4
61939,1126875,5
61939,55026,6
18385,125571,0
18385,20655,1
18385,125572,2
18385,20656,3
18385,125573,5
18385,109435,6
18385,1167802,7
584,8167,0
584,8169,1
584,8170,2
584,6614,3
584,8171,4
584,1736,5
584,8175,6
39125,3490,0
39125,6281,1
39125,6091,2
39125,288,3
39125,2230,4
39125,122229,5
39125,122230,6
1088,15293,0
1088,15294,1
1088,15295,2
1088,7248,3
1088,15296,4
1088,15297,5
1088,15298,6
5921,13565,0
5921,9857,1
5921,32791,2
5921,11128,3
5921,8231,4
5921,3268,5
5921,10558,6
47423,1619,0
47423,69637,1
47423,102880,2
47423,67047,3
47423,10885,4
47423,102883,5
47423,1611481,6
49798,378,0
49798,42627,1
49798,9012,2
49798,107398,3
49798,8336,4
49798,15336,5
49798,54014,6
43239,30181,0
43239,41226,1
43239,84659,2
43239,1182264,3
43239,2094,4
43239,30272,5
43239,987050,7
32140,40393,0
32140,8631,1
32140,4073,2
32140,4966,3
32140,141692,4
32140,103322,5
32140,141693,6
14676,194,0
14676,2478604,1
14676,3362,2
14676,178765,3
14676,49882,4
14676,6463,5
14676,16433,6
78281,81821,0
78281,2166,1
78281,9893,2
78281,20710,3
78281,53905,4
78281,49025,5
78281,6022,6
21717,4165,0
21717,16420,1
21717,70035,2
21717,30560,3
21717,37251,4
21717,127313,5
21717,3244,6
29425,103825,0
29425,47883,1
29425,103826,2
29425,98420,3
29425,103827,4
29425,54858,5
29425,15075,6
28503,15699,0
28503,77485,1
28503,100996,2
28503,98249,3
28503,2264,4
28503,100997,5
28503,100998,6
59950,100033,0
59950,12748,1
59950,18766,2
59950,109345,3
59950,245852,4
59950,28609,5
59950,298274,6
5920,13565,0
5920,35826,1
5920,15399,2
5920,29872,3
5920,1148747,4
5920,36913,5
5920,2626313,6
51391,1577419,0
51391,1577420,1
51391,1577421,2
51391,1577422,3
51391,1577423,4
51391,1577424,5
26593,4165,0
26593,95738,1
26593,26662,2
26593,4965,3
26593,37251,4
26593,83453,5
26593,95739,6
50285,3900,0
50285,66577,1
50285,62486,2
50285,94793,3
50285,75984,4
50285,1240777,6
50285,543277,7
33564,13784,0
33564,44882,1
33564,20604,2
33564,148668,3
33564,148669,4
33564,1072009,5
33564,171125,6
43361,45982,0
43361,937248,1
43361,14151,2
43361,5402,3
43361,132196,4
43361,937249,5
43361,1605939,6
6646,50997,0
6646,29520,1
6646,50998,2
6646,52220,3
6646,85410,4
6646,10027,5
6646,89064,6
29514,11782,0
29514,1037,1
29514,104045,2
29514,5249,3
29514,83665,4
29514,104046,5
29514,22384,6
38720,2638,0
38720,46780,1
38720,94550,2
38720,11282,3
38720,123187,4
38720,59641,5
38720,112965,6
147729,68679,0
38732,854,0
38732,11128,1
38732,31169,2
38732,18735,3
38732,3338,4
38732,78859,5
38732,55701,6
15462,95224,0
15462,55206,1
15462,1103,2
15462,44796,3
15462,14545,4
15462,1227348,6
15462,128590,7
22386,18735,0
22386,19534,1
22386,89808,2
22386,89809,3
22386,37884,4
22386,8238,5
22386,91543,6
43828,854,0
43828,2896,1
43828,39801,2
43828,83474,3
43828,41755,4
43828,30005,5
43828,74876,6
11145,4135,0
11145,6352,1
11145,26483,2
11145,8261,3
11145,11163,4
11145,13731,5
11145,153619,6
32328,9066,0
32328,128621,1
32328,7503,2
32328,16417,3
32328,20603,4
32328,33923,5
32328,105637,6
47715,15915,0
47715,103121,1
47715,232879,3
47715,32915,4
47715,44980,5
47715,937240,6
47715,5961,7
29586,18364,0
29586,1292,1
29586,14011,2
29586,54123,3
29586,12250,4
29586,11859,5
29586,656,6
12629,517,0
12629,21399,1
12629,29068,2
12629,779,3
12629,41737,5
12629,36172,6
12629,84685,7
111815,3636,0
111815,109410,1
111815,116299,2
111815,167090,3
111815,1757664,4
111815,26467,5
111815,4001,6
25381,854,0
25381,50962,1
25381,64212,2
25381,113585,3
25381,121765,4
25381,30511,5
25381,3338,6
38800,854,0
38800,70035,1
38800,32791,2
38800,44404,3
38800,28167,4
38800,16016,5
38800,4965,6
21027,854,0
21027,50967,1
21027,15968,2
21027,30560,3
21027,49958,4
21027,8489,5
21027,9594,6
37264,67274,0
37264,4512,1
37264,2171,2
37264,147,3
37264,77013,4
37264,10742,6
37264,8978,7
11890,16483,0
11890,3141,1
11890,147119,2
11890,27163,3
11890,13472,4
11890,20899,5
11890,9046,6
36807,9562,0
36807,66554,1
36807,19839,2
36807,39977,3
36807,6944,4
36807,116299,5
36807,27540,6
18721,854,0
18721,12498,1
18721,83488,2
18721,4302,3
18721,53010,4
18721,3338,5
18721,4073,6
37662,118239,0
37662,40943,1
37662,47391,2
37662,63911,3
37662,14464,4
37662,14953,5
37662,118240,6
11916,4090,0
11916,190,1
11916,989373,2
11916,70939,3
11916,102306,4
11916,1098535,5
11916,19448,6
14551,854,0
14551,7632,1
14551,64212,2
14551,37448,3
14551,13297,4
14551,15978,5
14551,53010,6
34759,7487,0
34759,112940,1
34759,112941,2
34759,112942,3
34759,2452850,4
34759,2452851,5
34759,2452852,6
51426,18803,0
51426,45232,1
51426,20144,2
51426,6577,3
51426,8631,4
51426,2669,5
51426,76519,6
42986,3381,0
42986,60158,1
42986,7631,2
42986,58414,4
42986,1388678,5
42986,153410,6
42986,1198576,7
43490,8724,0
43490,40180,1
43490,30272,2
43490,16004,3
43490,120265,4
43490,9110,5
43490,270786,6
40683,4165,0
40683,1934,1
40683,4303,2
40683,170617,3
40683,45291,4
40683,78309,5
40683,15699,6
8092,380,0
8092,6913,1
8092,6193,2
8092,2955,3
8092,13446,4
8092,53814,5
8092,162605,6
18200,5788,0
18200,82789,1
18200,3090,2
18200,13733,3
18200,77114,4
18200,8730,5
18200,10024,6
15925,19153,0
15925,24880,1
15925,32152,2
15925,19463,3
15925,38358,4
15925,78940,5
15925,42841,6
32087,3785,0
32087,11998,1
32087,18391,2
32087,7347,3
32087,58423,4
32087,1935,5
32087,8260,6
290,1241,0
290,1230,1
290,351,2
290,4250,3
290,4251,4
290,4252,5
290,4253,6
11463,19463,0
11463,3895,1
11463,12726,2
11463,10459,3
11463,6972,4
11463,67676,5
11463,3359,6
2470,955,0
2470,145412,1
2470,23215,2
2470,965,3
2470,24629,4
2470,17006,5
2470,115482,6
42640,4165,0
42640,97005,1
42640,102502,2
42640,13359,3
42640,1086394,4
42640,1023463,5
42640,74877,6
44043,4068,0
44043,27932,1
44043,95732,2
44043,14533,3
44043,89999,4
44043,113573,5
44043,31209,6
30462,4165,0
30462,38761,1
30462,24809,2
30462,3160,3
30462,18391,4
30462,16074,5
30462,30560,6
1403,16896,0
1403,16897,1
1403,16898,2
1403,6657,3
1403,12422,4
1403,7072,5
1403,14508,6
10243,854,0
10243,4786,1
10243,29903,2
10243,37777,3
10243,7502,4
10243,2481,5
10243,51881,6
42541,3636,0
42541,109410,1
42541,2097,2
42541,24809,3
42541,78896,4
42541,22090,5
42541,72056,6
37103,20141,0
37103,10158,1
46059,4135,0
46059,18364,1
46059,5372,2
46059,78416,3
46059,6561,4
46059,7072,5
46059,556062,6
40085,3636,0
40085,109410,1
40085,106179,2
40085,855,4
40085,14730,5
40085,12312,6
40085,124010,7
47684,2332882,0
47684,2332883,1
47684,2332884,2
47684,3604428,4
47684,3604429,5
47684,3604430,6
47684,3604433,7
2263,4431,0
2263,12647,1
2263,15417,2
2263,526,3
2263,23355,4
2263,23356,5
2263,8351,6
6523,4165,0
6523,41235,1
6523,20602,2
6523,39757,3
6523,14262,4
6523,3442,5
6523,12158,6
2527,19062,0
2527,25838,1
2527,24381,2
2527,25841,3
2527,25839,4
2527,25842,5
2527,25844,6
18780,67676,0
18780,69810,1
18780,11937,2
18780,69764,3
18780,10462,4
18780,38050,5
18780,39741,6
19728,1933,0
19728,2091,1
19728,9871,2
19728,55037,3
19728,32021,4
19728,97935,5
19728,19107,6
26205,2091,0
26205,99461,1
26205,5698,2
26205,55821,3
26205,11027,4
26205,2642,5
26205,14564,6
3009,7301,0
3009,14812,1
3009,6250,2
3009,30719,4
3009,29428,5
3009,30720,6
3009,30721,7
6643,13784,0
6643,1932,1
6643,50962,2
6643,11163,3
6643,30527,4
6643,8828,5
6643,12692,6
18972,4165,0
18972,18735,1
18972,1031537,2
18972,97840,3
18972,109696,4
18972,16108,5
18972,165055,6
53380,10369,1
53380,10371,2
53380,9292,3
53380,884,5
53380,10374,15
14817,59645,0
14817,77330,1
14817,57119,2
14817,3093,3
14817,1214849,4
14817,132562,6
14817,77174,7
41426,39027,0
41426,13476,1
41426,126534,2
41426,79647,3
41426,11854,4
41426,39186,5
41426,1220092,6
41791,5292,0
41791,20275,1
41791,693,2
41791,13753,3
41791,17764,4
41791,51546,5
41791,106461,6
49842,109345,0
49842,34615,1
49842,24379,2
49842,11188,3
49842,12269,4
49842,36214,5
49842,142921,6
41670,29369,0
41670,53574,1
41670,59872,2
41670,177443,3
41670,21283,4
41670,29091,5
41670,2977,6
30708,4165,0
30708,12950,1
30708,119796,2
30708,9112,3
30708,78399,4
30708,3340,5
30708,58495,6
38765,4165,0
38765,41214,1
38765,29312,2
38765,8258,3
38765,15968,4
38765,15668,5
38765,3244,6
29627,5168,0
29627,21245,1
29627,656,2
29627,2481,3
29627,68686,4
29627,104795,5
29627,10779,6
98984,262128,0
98984,21354,1
98984,11395,2
98984,56804,3
98984,26724,4
98984,1180151,5
98984,4348728,6
36372,10205,0
36372,3895,1
36372,188457,2
36372,219000,3
36372,63006,4
36372,104757,5
36372,2980,6
30529,1241,0
30529,148251,1
30529,1118,2
30529,32562,3
30529,55914,4
30529,69785,5
30529,226832,6
24073,56159,0
24073,1072,1
24073,1162,2
24073,18342,3
24073,19455,4
24073,47137,5
24073,24293,6
2071,13022,0
2071,382,1
2071,21245,2
2071,12656,3
2071,21246,4
2071,21247,5
2071,21248,6
43516,39554,0
43516,14659,1
43516,30527,2
43516,1905,3
43516,5248,4
43516,3366,5
43516,7641,6
33638,3636,0
33638,44719,1
33638,13726,2
33638,2454,3
33638,7505,4
33638,14061,5
33638,16555,6
57476,167919,0
57476,46423,1
57476,226331,2
57476,226330,3
57476,116118,4
57476,2883,5
57476,89966,6
32489,5823,0
32489,1292,1
32489,21277,2
32489,97832,3
32489,7304,4
32489,87067,5
32489,23915,6
48864,12850,0
48864,139,1
48864,593,2
48864,1064,3
48864,2179,4
48864,290,5
48864,5892,6
10152,33934,0
10152,29020,1
10152,13920,2
10152,40481,3
10152,50347,4
10152,26510,5
10152,1213538,6
31246,155488,0
31246,1022712,1
31246,1223005,2
31246,178528,3
31246,1213580,4
31246,179688,5
31246,149679,6
11375,3,0
11375,2299,1
11375,5313,2
11375,21089,3
11375,21353,4
11375,12139,5
11375,65827,6
20694,15274,0
20694,200,1
20694,60739,2
20694,86432,3
20694,13472,4
20694,86434,5
20694,34983,6
16311,529,0
16311,39545,1
16311,3052,2
16311,33192,3
16311,80264,4
16311,80265,5
16311,80266,6
24985,1283,0
24985,11616,1
24985,6162,2
24985,45453,3
24985,29527,4
24985,214019,5
24985,3565,6
18300,1003,0
18300,1137,1
18300,16972,2
18300,44654,3
18300,146490,4
18300,39179,5
18300,149988,6
55735,15007,0
55735,159480,1
55735,571297,2
55735,280312,3
55735,1070471,4
55735,174454,5
55735,22090,6
185465,2682,0
185465,1180559,1
185465,555687,2
185465,1400937,3
185465,1400938,4
185465,1400940,5
185465,19135,6
210728,169182,0
210728,200065,1
210728,157085,2
210728,114029,3
210728,87316,4
210728,946644,5
39088,86151,0
39088,29847,1
39088,86725,2
39088,93225,3
39088,235869,4
39088,107153,5
39088,27037,6
17813,36422,0
17813,11661,1
17813,1957,2
17813,19839,3
17813,48071,4
17813,21934,5
17813,3026,6
94996,52419,0
94996,6195,1
94996,171613,2
94996,84312,3
94996,20491,4
94996,162513,5
94996,1795883,6
42995,3381,0
42995,855,1
42995,39762,2
42995,1230012,3
42995,18870,4
42995,213724,5
42995,165559,6
115665,3810,0
115665,17094,1
115665,935765,2
115665,115052,3
115665,1061847,4
115665,25900,5
115665,1030526,6
4708,3829,0
4708,29519,1
4708,5320,2
4708,19162,3
4708,24880,4
4708,32364,5
4708,20113,6
35068,11390,0
35068,12522,1
35068,24366,2
35068,100095,3
35068,12690,4
35068,1046080,5
35068,1208787,6
42511,8828,0
42511,30779,1
42511,24820,2
42511,97981,3
42511,90074,4
42511,1362735,5
42511,288940,6
35669,113,0
35669,5,1
35669,95694,2
35669,114552,3
35669,12517,4
35669,34901,5
35669,47000,6
49584,79966,0
49584,3489,1
49584,75738,2
49584,92172,3
49584,38784,4
49584,125564,5
49584,1331,6
170,2037,0
170,2038,1
170,2039,2
170,2058,3
170,2040,4
170,2050,5
170,68307,6
9471,6941,0
9471,69597,1
9471,3416,2
9471,140,3
9471,1897,4
9471,15009,5
9471,418,6
12800,54230,0
12800,128408,1
12800,126441,2
12800,996778,3
12800,996844,4
12800,141830,5
12800,120656,6
44562,884,0
44562,13726,1
44562,5589,2
44562,6199,3
44562,259016,4
44562,4976,5
44562,157616,6
9581,25246,0
9581,58050,1
9581,20519,2
9581,52575,3
9581,58051,4
9581,25251,5
9581,144510,6
117179,389,0
117179,161897,1
117179,55265,2
117179,70696,3
117179,31467,4
117179,83196,5
117179,27964,6
15486,1371,0
15486,57829,1
15486,78260,2
15486,75751,3
15486,27754,4
15486,78261,5
15486,187055,6
216,2726,0
216,2727,1
216,2729,2
216,2728,3
216,2730,4
216,2731,5
216,2732,6
47676,16171,0
47676,2233,1
47676,3129,2
47676,7036,3
47676,3128,4
47676,427,5
47676,8949,6
45139,107241,0
45139,68060,1
45139,96284,2
45139,1130245,3
45139,16609,4
45139,1001266,5
45139,25818,6
44736,12149,0
44736,16897,1
44736,6725,2
44736,30927,3
44736,29661,4
44736,38070,5
44736,30706,6
18569,2491,0
18569,854,1
18569,11169,2
18569,83260,3
18569,8521,4
18569,30242,5
18569,30530,6
113739,137997,0
113739,1051907,1
113739,217773,2
113739,217087,3
113739,1212974,4
113739,3139716,6
113739,151855,7
52758,528,0
52758,4958,1
52758,14451,2
52758,80238,3
52758,87697,4
52758,14452,5
52758,140112,6
38171,4111,0
38171,14528,1
38171,47439,2
38171,30719,3
38171,20127,4
38171,85345,5
38171,34594,6
61225,1230,0
61225,11084,1
61225,17187,2
61225,1153612,3
61225,2505,4
61225,157015,5
61225,14700,6
18886,2047,0
18886,5293,1
18886,36067,2
18886,2165,3
18886,3197,4
18886,97944,5
18886,1566830,6
24109,18364,0
24109,6352,1
24109,112884,2
24109,81846,3
24109,51518,4
24109,1382489,5
24109,82863,6
19957,82216,0
19957,25787,1
19957,3754,2
19957,85344,3
19957,67449,4
19957,85345,5
19957,85346,6
42176,10400,0
42176,31070,1
42176,78416,2
42176,156806,3
42176,38160,4
42176,87477,5
42176,10090,6
39231,18735,0
39231,33644,1
39231,32152,2
39231,1943,3
39231,50970,4
39231,30157,5
39231,9866,6
18722,15112,0
18722,73427,1
18722,91289,2
18722,352,3
18722,119774,4
18722,82875,5
18722,90348,6
43039,29902,0
43039,65897,2
43039,140177,3
43039,932750,4
43039,932751,5
43039,932752,6
43039,932753,7
40634,10400,0
40634,3037,1
40634,21151,2
40634,9857,3
40634,3265,4
40634,5255,5
40634,6577,6
20645,86396,0
20645,111691,1
20645,554318,2
20645,550559,3
20645,40449,4
20645,96637,5
20645,72606,6
33454,41235,0
33454,7331,1
33454,7302,2
33454,3754,3
33454,51310,4
33454,13026,5
33454,12312,6
19753,3460,0
19753,55636,1
19753,10021,2
19753,14016,3
19753,8226,4
19753,10598,5
19753,43237,6
48451,18735,0
48451,19534,1
48451,70985,2
48451,38070,3
48451,5792,4
48451,74043,5
48451,153578,6
11482,6553,1
11482,19550,2
11482,2752,3
11482,24422,4
11482,7632,5
11482,45523,6
11482,20113,7
70912,5472,0
70912,65,1
70912,9221,2
70912,133732,3
70912,51812,4
70912,3796,5
70912,17477,6
42492,10400,0
42492,56930,1
42492,1204257,2
42492,2788000,3
42492,2788001,4
42492,118940,5
42492,157476,6
6949,10400,0
6949,31070,1
6949,29803,2
6949,9601,3
6949,6168,4
6949,4776,5
6949,2268673,6
1927,8783,0
1927,6161,1
1927,16431,2
1927,6164,3
1927,1733,4
1927,20048,5
1927,155873,6
10327,368,0
10327,35,1
10327,9788,2
10327,36422,3
10327,25884,4
10327,1150085,5
10327,38334,6
14411,287,0
14411,1922,1
14411,1160,2
14411,12763,3
14411,352,4
14411,35257,5
14411,73475,6
296,1100,0
296,6408,1
296,6194,2
296,7218,3
296,2716,4
296,7219,5
296,74285,6
302,44079,0
302,4390,1
302,4391,2
302,4393,3
302,4392,4
302,4394,5
302,4395,6
22,85,0
22,118,1
22,114,2
22,116,3
22,1709,4
22,378,5
22,1710,6
46993,55009,0
46993,222991,1
46993,121457,2
46993,583635,3
46993,992625,4
46993,992626,5
46993,55105,6
8698,738,0
8698,6497,1
8698,81295,2
8698,42307,3
8698,56778,4
8698,973,5
8698,2220,6
554,7589,0
554,7590,1
554,86718,2
554,3197923,3
554,1289678,4
554,2499369,5
554,1852167,6
61545,233283,0
61545,233284,1
61545,1187,2
61545,233285,3
61545,41642,4
61545,235133,5
61545,25818,6
34840,28281,0
34840,23671,1
34840,20081,2
34840,39884,4
34840,269903,5
34840,580245,6
34840,580246,7
17920,6979,0
17920,9827,1
17920,47615,2
17920,2440,3
17920,9976,4
17920,73968,5
17920,46772,6
40947,35529,0
40947,118208,1
40947,129453,2
40947,43333,3
40947,27462,4
40947,25216,5
40947,587099,6
32235,4512,0
32235,1733,1
32235,4174,2
32235,589,3
32235,1096796,4
32235,11107,5
32235,11085,6
8961,78029,0
8961,2888,1
8961,31384,2
8961,17773,3
8961,53,4
8961,4604,5
8961,532,6
17403,16855,0
17403,42626,1
17403,19,2
17403,69399,3
17403,19152,4
17403,13026,5
17403,171795,6
9486,10730,0
9486,57669,1
9486,18025,2
9486,6949,3
9486,16700,4
9486,47931,5
9486,61540,6
20439,54455,0
20439,52476,1
20439,56356,2
20439,73589,3
20439,15012,4
20439,47879,5
20439,131199,6
3472,2405,0
3472,5294,1
3472,16972,2
3472,30082,3
3472,2598,4
3472,31960,5
3472,31961,6
35265,20592,0
35265,116132,1
35265,73687,2
35265,7550,3
35265,1038520,4
35265,1300609,5
35265,1300610,6
25921,93111,0
25921,75671,1
25921,93110,2
25921,94349,3
25921,75739,4
25921,94350,5
25921,62753,6
24259,20080,1
24259,19068,2
24259,27163,3
24259,5079,4
41453,126509,0
41453,126510,1
41453,111691,2
41453,72389,3
41453,1029727,4
41453,68973,5
41453,100123,6
68927,171243,0
68927,11885,2
68927,181576,3
68927,1039,4
68927,77153,5
68927,21142,6
68927,39389,7
11894,26485,0
11894,30367,1
11894,6473,2
11894,20211,3
11894,4495,4
11894,17874,5
11894,3202,6
20726,8872,0
20726,18977,1
20726,50398,2
20726,112080,3
20726,112081,4
20726,112082,5
20726,112083,6
24558,193,0
24558,707,1
24558,6844,2
24558,780,3
24558,18331,4
24558,10360,5
24558,68681,6
12649,12446,0
12649,3830,1
12649,73245,2
12649,29675,3
12649,7192,4
12649,115060,5
12649,9914,6
44916,4958,0
44916,70035,1
44916,83128,2
44916,8841,3
44916,100019,4
44916,36938,5
44916,19110,6
24356,1487,0
24356,1229,1
24356,955,2
24356,1230,3
24356,4431,4
24356,36422,5
24356,5576,6
1996,11701,0
1996,17276,1
1996,8785,2
1996,20511,3
1996,1284,4
1996,938,5
1996,1844,6
4464,2219,0
4464,37332,1
4464,1229,2
4464,2955,3
4464,9281,4
4464,38272,5
4464,8692,6
12279,57675,0
12279,1793,1
12279,57674,2
12279,16483,3
12279,84481,4
12279,78341,5
12279,64775,6
9104,73421,0
9104,228,1
9104,349,2
9104,10690,3
9104,4513,4
9104,454,5
9104,12974,6
33339,80375,0
33339,110504,1
33339,110505,2
33339,1727842,3
33339,1024398,4
33339,84223,5
33339,1024399,6
47232,66587,0
47232,121732,1
47232,1228665,2
47232,9825,3
47232,119348,4
47232,21965,5
47232,1069,6
71714,953,0
71714,58982,1
71714,590262,2
71714,70364,3
71714,975423,4
71714,148189,5
71714,2364177,6
54580,3810,0
54580,16867,1
54580,16869,2
54580,15601,3
54580,16870,4
54580,16868,5
54580,16871,6
4613,5588,0
4613,38581,1
4613,57755,2
4613,8930,3
4613,38582,4
4613,26852,5
4613,38583,6
12530,3151,0
12530,44404,1
12530,20128,2
12530,29719,3
12530,69068,4
12530,72664,5
12530,129589,6
45096,66804,0
45096,66188,1
45096,29368,2
45096,29685,3
45096,116128,4
45096,193285,5
45096,57959,6
21882,16475,0
21882,27964,1
21882,67764,2
21882,6463,3
21882,133952,4
21882,726,5
21882,8495,6
29805,194,0
29805,5004,1
29805,15196,2
29805,4173,3
29805,28778,4
29805,65,5
29805,10224,6
24993,75312,0
24993,64662,1
24993,11398,2
24993,222508,3
24993,37250,4
24993,63934,5
24993,1039,6
53021,4299,0
53021,5729,1
53021,4093,2
53021,76979,3
53021,14834,4
53021,95301,5
53021,39057,6
430,5788,0
430,5789,1
430,5790,2
430,5791,3
430,5793,4
430,5794,5
430,5792,6
123833,55824,0
123833,228011,1
123833,1085274,2
123833,1185868,3
123833,1176187,4
123833,946938,5
123833,1692295,6
5185,41957,0
5185,13329,1
5185,9763,2
5185,113,3
5185,41985,4
5185,20128,5
5185,79641,6
10553,10430,0
10553,6748,1
10553,11065,2
10553,1352413,3
10553,14102,4
10553,35317,5
10553,6354,6
21512,585,0
21512,27570,1
21512,18792,2
21512,6720,3
21512,138595,4
21512,7132,5
21512,1112418,7
21449,13251,0
21449,10068,1
21449,10070,2
21449,87544,3
21449,129509,4
21449,1048469,6
21449,86390,7
4984,16475,0
4984,40388,1
4984,13726,2
4984,12410,3
4984,2454,4
4984,6932,5
4984,6587,6
8273,21593,0
8273,57599,1
8273,21595,2
8273,52480,3
8273,21403,4
8273,31717,5
8273,26510,6
8046,880,0
8046,16866,1
8046,21180,2
8046,53647,3
8046,53646,4
8046,1158,5
8046,37157,6
50350,16940,0
50350,293856,2
50350,63895,3
50350,2245,4
50350,20115,5
50350,578714,6
50350,533548,7
287811,82769,0
287811,96921,1
287811,1866423,2
287811,56457,4
287811,67154,5
287811,59226,6
48967,24264,0
48967,180662,1
48967,80145,2
48967,516266,3
48967,34257,4
48967,14324,5
48967,11356,6
8094,37058,0
8094,53998,1
8094,54001,2
8094,8326,3
8094,53999,4
8094,54000,5
8094,17779,6
26195,55152,0
26195,15250,1
26195,5724,2
26195,17346,3
26195,118377,4
26195,945753,5
26195,6950,6
10330,49265,0
10330,8944,1
10330,14833,2
10330,62747,3
10330,19728,4
10330,537,5
10330,61904,6
125952,38341,0
125952,117884,1
125952,32513,2
125952,17499,3
125952,545426,4
125952,36513,5
125952,1092395,6
9257,2231,0
9257,72466,1
9257,17647,2
9257,36424,3
9257,2694,4
9257,17604,5
9257,12792,6
9499,11661,0
9499,3489,1
9499,515,2
9499,51101,3
9499,21177,4
9499,26100,5
9499,8654,6
17180,46004,0
17180,74861,1
17180,127224,2
17180,73139,3
17180,27781,4
17180,592147,5
17180,135204,6
15292,92,0
15292,108322,1
15292,108323,2
15292,108324,3
15292,108325,4
15292,108326,5
15292,108268,7
12491,44860,0
12491,72472,1
12491,72473,2
12491,72474,3
12491,44110,4
12491,72475,5
12491,72476,6
41660,5920,0
41660,156515,1
41660,99619,2
41660,32544,3
41660,104609,4
41660,1099772,5
41660,1099773,6
78041,1903,0
78041,821,1
78041,2314,2
78041,1466,3
78041,2493,4
78041,15900,5
78041,70172,6
27814,123333,0
27814,123335,1
27814,37152,2
27814,1687941,3
27814,100360,4
27814,1687942,5
27814,1096097,6
41206,29522,0
41206,93902,1
41206,8254,2
41206,7632,3
41206,14518,4
41206,125807,5
41206,13297,6
33954,132190,0
33954,23367,1
33954,24493,2
33954,1674750,3
33954,2033707,4
33954,133622,5
33954,24731,6
48364,12150,0
48364,89043,1
48364,6564,2
48364,55821,3
48364,13399,4
48364,153460,5
48364,106738,6
71010,65642,0
71010,52886,1
71010,17198,2
71010,9979,3
71010,781,4
71010,11066,5
71010,12021,6
23395,13577,0
23395,10158,1
23395,4343,2
23395,82676,3
23395,536760,4
23395,9072,5
23395,217769,6
47278,2283,0
47278,56152,1
47278,12260,2
47278,135353,3
47278,4159413,5
24192,95239,0
24192,95240,1
24192,95242,2
24192,95243,3
24192,95245,5
24192,95246,6
24192,95230,7
10237,67513,0
10237,15183,1
10237,1350998,2
10237,45863,3
10237,67514,4
10237,67515,5
10237,949847,6
833,12336,0
833,5363188,1
833,224209,2
833,12338,3
833,12340,4
833,12341,5
833,12339,6
26755,96149,0
26755,96151,1
26755,96152,2
26755,96153,3
26755,3565243,4
42470,862,0
42470,74636,1
42470,7004,2
42470,82863,3
42470,99829,4
42470,10776,5
42470,98163,6
3101,8945,0
3101,30364,1
3101,23709,2
3101,741,3
3101,227,4
3101,6384,5
3101,16433,6
6466,169469,0
6466,5139,1
6466,50094,2
6466,18315,3
6466,50095,4
6466,58058,5
6466,93527,6
20210,6858,0
20210,58381,1
20210,11702,2
20210,84763,3
20210,41421,4
20210,56584,5
20210,52474,6
2055,1269,0
2055,3087,1
2055,5658,2
2055,2169,3
2055,8688,4
2055,785,5
2055,21132,6
11770,57607,0
11770,70437,1
11770,77304,2
11770,70439,3
11770,57831,4
11770,956575,5
11770,2112672,6
14926,328,0
14926,501,1
14926,6407,2
14926,49002,3
14926,41422,4
14926,6168,5
14926,58691,6
2771,13242,0
2771,15250,1
2771,52860,2
2771,58528,3
2771,87119,4
2771,155173,5
2771,82105,6
1778,19027,1
1778,19028,2
1778,19029,3
1778,19030,4
44408,20710,0
44408,3822,1
44408,130712,2
44408,229466,3
44408,1086226,4
44408,24891,5
44408,77860,6
54390,11355,0
54390,52628,1
54390,4730,2
54390,9207,3
54390,5950,4
54390,28779,5
54390,1218163,6
10923,51391,0
10923,5958,1
10923,52929,2
10923,65827,3
10923,65528,4
10923,58954,5
10923,42993,6
17745,23495,0
17745,40979,1
17745,71519,2
17745,57236,3
17745,1062,4
17745,588,5
17745,20623,6
79888,9560,0
79888,3019,1
79888,6587,2
79888,1004,3
79888,53647,4
79888,104047,5
79888,6886,6
114776,20005,0
114776,37043,1
114776,8437,2
114776,39015,3
114776,10409,4
114776,21043,5
114776,155950,6
21989,14463,0
21989,1218958,1
21989,173136,2
21989,557433,3
21989,2246890,4
21989,77155,5
21989,45379,6
18573,1905,0
18573,81179,1
18573,83262,2
18573,19109,3
18573,78309,4
18573,19400,5
18573,89215,6
37451,4111,0
37451,10459,1
37451,21944,2
37451,3609,3
37451,10075,4
37451,85935,5
37451,39000,6
41759,12851,0
41759,2714,1
41759,33492,2
41759,9632,3
41759,12055,4
41759,1045558,5
41759,590,6
37227,27811,0
37227,105299,1
37227,36173,2
37227,6074,3
37227,175302,4
37227,45379,5
37227,133799,6
48791,5168,0
48791,15735,1
48791,3894,2
48791,1248,3
48791,27764,4
48791,3967,5
48791,20241,6
80047,3291,0
80047,202031,1
80047,52375,2
80047,13918,3
80047,72631,4
80047,37946,5
80047,34794,6
41944,974,0
41944,3126,1
41944,378,2
41944,13548,3
41944,104795,4
41944,5658,5
41944,80366,6
8992,3036,0
8992,14668,1
8992,11085,2
8992,32389,3
8992,504,4
8992,9259,5
8992,22137,6
35371,16851,0
35371,52306,1
35371,59789,2
35371,114149,3
35371,3209,4
35371,90172,5
35371,88450,7
19053,2963,0
19053,79741,1
19053,15274,2
19053,2234,3
19053,106696,4
19053,554197,5
19053,2885,6
11206,1932,0
11206,1903,1
11206,16554,2
11206,34981,3
11206,726,4
11206,586692,5
11206,586693,6
49762,9626,0
49762,7863,1
49762,7576,2
49762,1173,3
49762,521,4
49762,4515,5
49762,142756,6
30970,1137,0
30970,83813,1
30970,11610,2
30970,1362307,3
30970,557136,4
30970,1576035,5
30970,1646451,6
13154,16644,0
13154,57700,1
13154,11398,2
13154,13445,3
13154,953728,4
13154,702,5
13154,129463,6
18148,33135,0
18148,134307,1
18148,95504,2
18148,131013,3
18148,68411,4
18148,131016,5
18148,34374,6
54898,26101,0
54898,28611,4
54898,29513,5
54898,47226,6
54898,2885273,7
54898,2885274,8
54898,2885275,9
636,3087,0
636,9221,1
636,9222,2
636,9223,3
636,2782,4
636,9224,5
636,5695,6
3055,30121,0
3055,27446,1
3055,29490,2
3055,13946,3
3055,30123,4
3055,30124,5
3055,14573,6
40920,203677,0
40920,163070,1
40920,1494890,2
40920,1494891,3
40920,1494892,4
40920,162945,5
40920,67524,6
54986,568359,0
54986,126495,1
54986,1887922,2
54986,1887923,3
54986,80985,4
54986,2550658,5
54986,231506,6
43048,12248,0
43048,11859,1
43048,30766,2
43048,67615,3
43048,13326,4
43048,69555,5
43048,41998,6
11898,30766,0
11898,12248,1
11898,45466,2
11898,2924,3
11898,1445519,4
11898,47395,5
11898,47403,6
26225,12833,0
26225,262023,3
26225,109,4
26225,5916,5
26225,17485,6
26225,1217568,7
26225,141484,8
14881,190,0
14881,3087,1
14881,11163,2
14881,69494,3
14881,179183,4
14881,93800,5
14881,68681,6
26198,349,0
26198,19958,1
26198,920,2
26198,10360,3
26198,5168,4
26198,1327,5
26198,938390,6
35072,18612,0
35072,144796,1
35072,144797,2
35072,18613,3
35072,134629,4
35072,18607,5
35072,30470,6
43226,18613,0
43226,128665,1
43226,30568,2
43226,33768,3
43226,17540,4
43226,7453,5
43226,134272,6
44585,14508,0
44585,103071,1
44585,89262,2
44585,1193829,3
44585,134001,4
44585,215717,5
44585,39925,6
35073,118861,0
35073,93944,1
35073,30228,2
35073,103069,3
35073,118022,4
35073,4078,5
35073,10162,6
9051,56819,0
9051,5823,1
9051,37995,2
9051,5255,3
9051,62001,4
9051,33321,5
9051,6197,6
9362,4724,0
9362,10430,1
9362,57453,2
9362,67015,3
9362,21986,4
9362,11395,5
9362,52141,6
19542,88935,0
19542,38037,1
19542,68422,2
19542,81463,3
19542,88937,4
19542,29137,5
19542,88938,6
120683,1834943,0
120683,1834944,1
120683,83299,2
120683,1206547,3
120683,269112,4
120683,1834945,5
120683,1764127,6
936,14261,0
936,12446,1
936,4959,2
936,14262,3
936,9208,4
936,8238,5
936,14263,6
12268,12446,0
12268,14503,1
12268,249,2
12268,13329,3
12268,14107,4
12268,138248,5
12268,14256,6
10999,1100,0
10999,13312,1
10999,6486,2
10999,26491,3
10999,65508,4
10999,1737,5
10999,24967,6
33521,8924,0
33521,3359,1
33521,9221,2
33521,18794,3
33521,29407,4
33521,1213704,5
33521,90740,6
4593,14821,0
4593,3508,1
4593,24684,2
4593,19092,3
4593,38341,4
4593,19162,5
4593,3594,6
34044,1235841,0
34044,2091243,1
34044,2830476,2
34044,2830477,3
34044,2830478,4
34044,2405220,5
34044,3198952,6
12276,1339,0
12276,72017,1
12276,72018,2
12276,73774,3
12276,74021,4
12276,1608535,5
12276,3711744,6
3782,7453,0
3782,34375,1
3782,34376,2
3782,34377,3
3782,34378,4
3782,33767,5
3782,7454,6
36629,10825,0
36629,2130,1
36629,4688,2
36629,10871,3
36629,39015,4
36629,132078,5
36629,18972,6
2891,17258,0
2891,28735,1
2891,28736,2
2891,28737,3
2891,28738,4
2891,28739,5
2891,28740,6
12722,73640,0
12722,73641,1
12722,73642,2
12722,73643,3
12722,73644,4
41806,2744,0
41806,99811,1
41806,23215,2
41806,3811,3
41806,66815,4
41806,1331602,5
41806,81848,6
143795,3430712,1
143795,2344881,2
143795,3430736,3
38304,49859,0
38304,77498,1
38304,120095,2
38304,8927,4
38304,56241,6
38304,1448411,8
38304,317776,10
26246,4135,0
26246,1379842,1
26246,1379843,2
26246,1379844,3
26246,1379845,4
26246,1379846,5
26246,1379847,6
124839,1312407,0
124839,112200,1
20815,20162,0
20815,6450,1
20815,18992,2
20815,4513,3
20815,21618,4
20815,3087,5
20815,21525,6
19433,86128,0
19433,132039,1
19433,132038,2
19433,132037,3
19433,1480810,4
19433,1480811,5
19433,1480812,6
99006,1157720,0
48464,5049,0
48464,3894,1
48464,58663,2
48464,9140,3
48464,140525,4
48464,140526,5
48464,140527,6
7504,52763,0
7504,53372,1
7504,86213,2
7504,53373,3
7504,53374,4
7504,53375,5
7504,53376,6
513,53372,0
513,85672,1
513,86086,2
513,53377,3
513,575881,4
513,106461,5
513,1761464,6
6619,21605,0
6619,50935,1
6619,5567,2
6619,32067,3
6619,32066,4
6619,12520,5
6619,31071,6
32316,14406,0
32316,22675,1
32316,24318,2
32316,13636,3
32316,11870,4
32316,21124,5
32316,20749,6
10610,18897,0
10610,7400,1
10610,4174,2
10610,54615,3
10610,6104,4
10610,66717,5
10610,148142,6
2830,18976,0
2830,1234,1
2830,28637,2
2830,4175,3
2830,147,4
2830,17866,5
2830,28638,6
15920,11733,0
15920,11686,1
15920,544318,2
15920,11685,3
15920,140438,4
15920,1078986,5
15920,115323,6
21413,10959,0
21413,20220,1
21413,20189,2
21413,177219,3
21413,8183,4
21413,50346,5
21413,6573,6
38874,955,0
38874,25256,1
38874,258,2
38874,76961,3
38874,73269,4
38874,3623,5
38874,16867,6
16405,12763,0
16405,1371,1
16405,76215,2
16405,8492,3
16405,80516,4
16405,225704,5
16405,21657,6
33255,110392,0
33255,16832,1
33255,4319,2
33255,110393,3
33255,11662,4
33255,3967330,5
33255,2773664,6
178675,1361286,0
178675,2192363,1
178675,1157722,2
178675,2192364,3
178675,2192365,4
178675,2192366,5
178675,1281832,6
99648,1021561,0
99648,1021562,1
99648,1021563,2
99648,1610635,3
99648,1493052,4
99648,1841420,5
99648,942216,6
11351,6719,0
11351,56357,1
11351,42374,2
11351,69120,3
11351,63465,4
11351,96793,5
11351,945612,6
333,86213,0
333,52969,1
333,111808,2
333,105652,3
333,53377,4
333,106461,5
333,82096,6
30246,105880,0
30246,10824,1
30246,32646,2
30246,58924,3
30246,4239,4
30246,105881,5
30246,83600,6
112961,4730,0
112961,1159,1
112961,18473,2
112961,1581,3
112961,33942,4
112961,118132,5
112961,61607,6
22200,18023,0
22200,7026,1
22200,1834,2
22200,37759,3
22200,29699,4
22200,85066,5
22200,2467,6
2722,27459,0
2722,3627,1
2722,27460,2
2722,27461,3
2722,27462,4
2722,27463,5
2722,24987,6
27090,180398,0
27090,1978271,1
27090,132974,2
27090,132975,3
27090,132976,4
27090,132977,5
27090,74962,6
13778,60950,0
13778,1980,1
13778,16165,2
13778,14886,3
13778,24967,4
13778,3026,5
13778,56153,6
9616,1810,0
9616,27855,1
9616,11953,2
9616,13633,3
9616,27811,4
9616,27199,5
9616,8772,6
55015,21711,0
55015,60928,1
55015,8536,2
55015,97943,3
55015,38570,4
55015,11318,5
55015,1583,6
1415,11510,0
1415,13922,1
1415,2838,2
1415,10871,3
1415,18975,4
1415,54453,5
1415,2958,6
31094,1037,0
31094,1640,1
31094,677,2
31094,8655,3
31094,8800,4
31094,8198,5
31094,99282,6
11547,69807,0
11547,20492,1
11547,52365,2
11547,4133,3
11547,35768,4
11547,3501986,6
11547,145558,7
7270,2963,0
7270,6807,1
7270,8291,2
7270,27545,3
7270,14888,4
7270,4734,5
7270,9276,6
1428,3131,0
1428,85,1
1428,11159,2
1428,3136,3
1428,2295,4
1428,5293,5
1428,8170,6
17906,3490,0
17906,63,1
17906,7796,2
17906,21657,3
17906,41232,4
17906,5372,5
17906,15440,6
153,1532,0
153,1245,1
153,1771,2
153,1772,3
153,1770,4
153,1773,5
153,1774,6
35565,117568,0
35565,117569,1
35565,117570,2
35565,107214,3
35565,53814,4
35565,117571,5
35565,1542,6
33320,235332,0
33320,1680,1
33320,23988,2
33320,125618,3
33320,223309,4
33320,125617,5
33320,70120,6
15136,21911,0
15136,77304,1
15136,57831,2
15136,83020,3
15136,26756,4
15136,1090949,5
15136,146297,6
61054,8963,0
61054,118463,1
61054,41273,2
61054,158201,3
61054,50712,4
61054,83187,5
61054,1235968,6
4703,1036,0
4703,38162,1
4703,9599,2
4703,24599,3
4703,12969,4
4703,39015,5
4703,39016,6
29507,682,0
29507,36688,1
29507,3936,2
29507,714,3
29507,7830,4
29507,55183,5
29507,16823,6
27590,11085,0
27590,9625,1
27590,13657,2
27590,20752,3
27590,111701,4
27590,9927,5
27590,111702,6
52734,146572,0
52734,151409,1
52734,1035934,2
52734,12692,3
52734,21142,4
52734,170680,5
52734,49357,6
14603,2224,0
14603,63,1
14603,3417,2
14603,2547,3
14603,31006,4
14603,23893,5
14603,15374,6
10617,1336,0
10617,62414,1
10617,25245,2
10617,65987,3
10617,65966,4
10617,1360252,5
10617,239091,6
10618,1336,0
10618,65987,1
10618,65992,2
10618,1341,3
10618,65986,4
10618,131732,5
10618,239091,6
10619,1336,0
10619,65987,1
10619,65992,2
10619,131732,3
10619,65974,4
10619,65996,5
10619,1358393,6
11293,68890,0
11293,31070,1
11293,29803,2
11293,12296,3
11293,90844,4
11293,31005,5
11293,1811,6
36759,562708,0
36759,66885,1
36759,66886,2
36759,66887,3
36759,40956,4
36759,122884,5
36759,9221,6
38960,67003,0
38960,112867,1
38960,67989,2
38960,353156,3
38960,115736,4
38960,135497,5
38960,64973,6
19383,84628,0
19383,2922,1
19383,84629,2
19383,44823,3
19383,84630,4
19383,20550,6
19383,42142,7
53650,3084,0
53650,25466,1
53650,148665,2
53650,3798,3
53650,65505,4
53650,96283,5
53650,39605,6
40775,20006,0
40775,13333,1
40775,5698,2
40775,83665,3
40775,12957,4
40775,66712,5
40775,4005,6
9584,10823,0
9584,46597,1
9584,4521,2
9584,58074,3
9584,44796,4
9584,41734,5
9584,5950,6
8408,54853,0
8408,54854,1
8408,54855,2
8408,54856,3
8408,54857,4
8408,54858,5
8408,54859,6
14030,10400,0
14030,6837,1
14030,19610,2
14030,45290,3
14030,1196210,4
14030,97748,5
14030,1447828,6
49685,3784,0
49685,50,1
49685,6949,2
49685,20672,3
49685,226638,4
49685,4529,5
49685,213290,6
2687,54812,0
2687,589,1
2687,4783,2
2687,21731,3
2687,537,4
2687,14950,5
2687,6326,6
16323,73931,0
16323,27554,1
16323,8351,2
16323,5048,3
16323,73194,4
16323,18181,5
16323,191507,6
39859,12021,0
39859,132600,1
39859,153065,2
39859,41999,3
39859,31946,4
39859,124515,5
39859,122884,6
41846,8447,0
41846,28414,1
41846,3907,2
41846,102399,3
41846,1084045,4
41846,2910274,5
41846,4993784,6
74585,39554,0
74585,12151,1
74585,37191,2
74585,6679,3
74585,4962,4
74585,132194,5
74585,557945,6
23325,4299,0
23325,3663,1
23325,50762,2
23325,120036,3
23325,7141,4
23325,120044,5
23325,40175,6
16790,8434,0
16790,33533,1
16790,8266,2
16790,80342,3
16790,76995,4
16790,29685,5
16790,75467,6
31579,15183,0
31579,87120,1
31579,18365,2
31579,528,3
31579,14574,4
31579,13872,5
31579,50762,6
40353,64056,0
40353,91725,1
40353,1216510,3
40353,1469951,4
40353,1569118,5
40353,1738343,6
40353,1738345,7
23033,71784,0
23033,33747,1
23033,4119,2
23033,89691,3
23033,30273,4
23033,1413363,5
23033,127520,6
19064,206,0
19064,27964,1
19064,145747,2
19064,68091,3
19064,2036568,4
19064,55931,5
19064,939739,6
34564,11159,0
34564,47901,1
34564,26491,2
34564,27752,3
34564,62042,4
34564,136546,5
34564,75712,6
25241,77228,1
25241,93420,2
25241,93421,3
25241,30785,4
25241,93422,5
25241,77027,6
25241,93424,7
43041,40206,0
43041,19785,1
43041,81387,2
43041,125026,3
43041,9112,4
43041,3442,5
43041,105066,6
28942,936,0
28942,46780,1
28942,41256,2
28942,33479,3
28942,93573,4
28942,103864,5
28942,71763,6
37025,8724,0
37025,4113,1
37025,81934,2
37025,14451,3
37025,105026,4
37025,1161127,5
37025,8729,6
10739,21593,0
10739,6886,1
10739,8893,3
10739,518,4
10739,11669,5
10739,1374770,6
10739,43479,7
12767,6065,0
12767,4430,1
12767,10822,2
12767,3196,3
12767,37917,4
12767,290,5
12767,279018,6
22309,9777,0
22309,14386,1
22309,51944,2
22309,61663,3
22309,82587,4
22309,17859,5
22309,61010,6
13156,3895,0
13156,3087,1
13156,9640,2
13156,6164,3
13156,26467,4
13156,71198,5
13156,18070,6
277,3967,0
277,100,1
277,3968,2
277,3969,3
277,2440,4
277,3970,5
277,3971,6
9707,11357,0
9707,15531,1
9707,58681,2
9707,58682,3
9707,150186,5
9707,58214,6
9707,97939,7
38244,1579,0
38244,589,1
38244,4726,2
38244,42571,3
38244,2453,4
38244,3127,5
38244,23877,6
24488,935,0
24488,48576,1
24488,2838,2
24488,19363,3
24488,11150,4
24488,131982,5
24488,131983,6
278813,3379250,0
278813,565373,1
278813,1905760,2
278813,1126412,3
278813,2261058,4
278813,1031667,5
278813,1230892,6
20321,5725,0
20321,1834,1
20321,502,2
20321,14887,3
20321,13328,4
20321,68384,5
20321,207186,6
36791,116235,0
36791,116236,1
36791,116237,2
36791,4753496,3
36791,4753497,4
36791,4753498,5
36791,4753499,6
17614,82097,0
17614,82098,1
17614,82099,2
17614,82100,3
17614,1170096,4
17614,657997,5
7288,7399,0
7288,69597,1
7288,52313,2
7288,7420,3
7288,15009,4
7288,1736,5
7288,21505,6
10159,18918,0
10159,57599,1
10159,5916,2
10159,4690,3
10159,1125,4
10159,9629,5
10159,131725,6
10934,2882,0
10934,30083,1
10934,26669,2
10934,149258,3
10934,5412,4
10934,25540,5
10934,558517,6
287816,17006,0
287816,553773,1
287816,122596,2
54243,1811,0
54243,149484,1
54243,150201,2
54243,59451,3
54243,1366782,4
54243,81098,5
54243,5812056,6
5653,12763,0
5653,44557,1
5653,44635,2
5653,658,3
5653,14501,4
5653,2310,5
5653,682,6
321,7002,0
321,7003,1
321,7004,2
321,7005,3
321,7006,4
321,7007,5
321,7008,6
20,98,0
20,99,1
20,100,2
20,103,3
20,101,4
20,102,5
20,2319,6
18113,4996,0
18113,111830,1
18113,63463,2
18113,63464,3
18113,35768,4
18113,63465,5
18113,3908,6
5168,1148359,0
5168,41800,1
5168,41804,2
5168,41799,3
5168,41803,4
5168,41806,5
5168,41801,6
9662,35878,0
9662,58417,1
9662,58416,2
9662,58418,3
9662,58419,4
9662,58420,5
9662,58422,6
837,4512,0
837,102,1
837,12482,2
837,12483,3
837,12716,4
837,12485,5
837,12486,6
20303,3651367,0
19666,52763,0
19666,85240,1
19666,80385,2
19666,43231,3
19666,110708,4
19666,53377,5
19666,52974,6
821,12147,0
821,12149,1
821,12150,2
821,13784,3
821,2896,4
821,9066,5
821,12151,6
41834,142781,0
41834,1047658,1
41834,932468,2
41834,932469,3
41834,1200183,4
41834,37793,5
41834,131219,6
37672,21278,0
37672,9560,1
37672,103733,2
37672,164859,3
37672,1537729,4
37672,3622810,5
37672,3622811,6
1358,39657,0
1358,402118,1
1358,1399265,2
1358,1399266,3
1358,3227575,4
1358,3227576,5
1358,3227577,6
2200,11733,0
2200,22570,1
2200,6093,2
2200,22571,3
2200,22572,4
2200,22574,5
2200,12647,6
11475,4826,0
11475,122402,1
11475,69552,2
11475,69553,3
11475,1076413,4
11475,4828,5
11475,1076415,6
776,4121,1
776,11534,2
776,11541,3
776,11542,4
776,11535,5
776,11543,6
776,9744,7
40440,87464,0
40440,87463,1
40440,91477,2
40440,91478,3
40440,1083299,4
16563,82405,0
16563,39601,1
16563,121766,2
16563,6725,3
16563,138393,4
16563,15973,5
16563,10929,6
11703,227,0
11703,27888,1
11703,27396,2
11703,57379,3
11703,42125,4
11703,1169647,5
11703,632525,6
891,4483,0
891,4135,1
891,5251,2
891,1936,3
891,11066,4
891,4765,5
891,13724,6
83714,16935,0
83714,9029,1
83714,4691,2
83714,106791,3
83714,6541,4
83714,4734,5
83714,18313,6
12531,40938,0
12531,1925,1
12531,28782,2
12531,49946,3
12531,27222,4
12531,81821,5
12531,3517,6
10881,67278,0
10881,17889,1
10881,17890,2
10881,67279,3
10881,67280,4
10881,1076083,5
10881,1190322,6
11832,19092,0
11832,70635,1
11832,47155,2
11832,1022633,3
11832,1429989,4
11832,6657,5
11832,47153,6
51300,15887,0
51300,82795,1
51300,115395,2
51300,194,3
51300,240563,4
51300,107153,5
51300,29841,6
11806,28164,0
11806,5149,1
11806,40393,2
11806,35241,3
11806,65299,4
11806,65300,5
11806,17485,6
10438,28164,0
10438,5149,1
10438,35241,2
10438,65299,3
10438,65300,4
10438,5578,5
10438,2969,6
36349,2176,0
36349,2713,1
36349,14060,2
36349,58423,3
36349,80745,4
36349,57349,5
36349,2550,6
650,9777,0
650,2975,1
650,9778,2
650,9779,3
650,9780,4
650,9781,5
650,9782,6
10337,6449,0
10337,516,1
10337,1037,2
10337,2282,3
10337,827,4
10337,3266,5
10337,10739,6
8446,55093,0
8446,1038,1
8446,1021872,2
8446,55095,3
8446,55094,4
8446,1117443,5
8446,1117444,6
42570,1164,0
42570,21315,1
42570,29091,2
42570,111702,3
42570,153926,4
42570,16841,5
42570,98171,6
9874,16483,0
9874,921,1
9874,14784,2
9874,2719,3
9874,23975,4
9874,44792,5
9874,14782,6
11477,2744,0
11477,69528,1
11477,69529,2
11477,24900,3
11477,37520,4
11477,31153,5
11477,1120111,6
37753,8945,0
37753,1161,1
37753,1979,2
37753,2178,4
37753,5249,5
37753,170948,7
37753,128428,8
29161,6161,0
29161,44959,1
29161,99550,2
29161,103058,3
29161,103059,4
29161,29918,5
29161,5274,6
21627,163774,0
21627,9565,1
21627,51577,2
21627,39782,3
21627,591,4
21627,11357,6
21627,3910,7
9501,18702,0
9501,57745,1
9501,13312,2
9501,57748,3
9501,4989,4
9501,80607,5
9501,10134,6
49291,70106,0
49291,554984,1
49291,66717,2
49291,554985,3
49291,576415,4
49291,1134966,5
49291,1174366,6
4543,10722,1
4543,8930,2
4543,10713,3
4543,10707,4
4543,383,5
4543,10733,6
4543,37891,7
11046,5341,0
11046,190,1
11046,67916,2
11046,67917,3
11046,39741,4
11046,38358,5
11046,183207,6
11707,190,0
11707,35341,1
11707,6486,2
11707,389,3
11707,150216,4
11707,94182,5
11707,106802,6
7442,1204,0
7442,29459,1
7442,51805,2
7442,53302,3
7442,40258,4
7442,53303,5
7442,104291,6
14425,12799,0
14425,27504,1
14425,60950,2
14425,64999,3
14425,5601,4
14425,15277,5
14425,110141,6
6723,190,0
6723,6952,1
6723,27888,2
6723,27396,3
6723,4139,4
6723,6684,5
6723,3982,6
13343,27726,0
13343,21461,1
13343,83827,2
13343,41250,3
13343,16017,4
13343,5828,5
13343,19781,6
16969,190,0
16969,16475,1
16969,13724,2
16969,29803,3
16969,9626,4
16969,32385,5
16969,6487,6
11338,4785,0
11338,1160,1
11338,707,2
11338,28413,3
11338,69056,4
11338,21519,6
11338,14888,7
13339,1953,0
13339,112304,1
13339,14700,2
13339,129258,3
13339,129259,4
13339,4175,5
13339,4492,6
28761,190,0
28761,20495,1
28761,10477,2
28761,2629,3
28761,150816,4
28761,145533,5
28761,9191,6
25237,93407,0
25237,93408,1
25237,93409,2
25237,139096,3
25237,1148739,4
25237,1148740,5
25237,1148741,6
41780,2178,0
41780,66804,1
41780,59153,2
41780,2047,3
41780,3017,4
41780,47458,5
41780,15411,6
9871,27136,0
9871,64914,1
9871,20176,2
9871,13920,3
9871,59926,4
9871,59928,5
9871,55378,6
33258,12406,0
33258,8434,1
33258,12407,2
33258,1270,3
33258,12408,4
33258,12410,5
33258,91414,7
71940,2179,0
71940,12410,1
71940,1327,2
71940,99848,3
71940,69122,4
71940,9807,5
71940,44831,6
26850,3896,0
26850,1212,1
26850,26258,2
26850,70507,3
26850,80147,4
26850,132206,5
26850,129346,6
70709,1004,0
70709,6681,1
70709,2144,2
70709,830,3
70709,12640,4
70709,7140,6
70709,3229,7
36855,27726,0
36855,7633,1
36855,21458,2
36855,93664,3
36855,7520,4
36855,50308,5
36855,857,6
20238,27726,0
20238,77225,1
20238,19426,2
20238,85833,3
20238,50308,4
20238,24325,5
20238,85834,6
33783,11806,0
33783,21290,1
33783,7867,2
33783,3138,3
33783,111336,4
33783,28168,5
33783,102734,6
42102,20851,0
42102,17893,1
42102,21170,2
42102,36315,3
42102,7280,4
42102,307442,5
42102,263295,6
47898,14698,0
47898,53574,1
47898,1981,2
47898,1231,3
47898,32289,4
47898,1472,5
47898,4520,6
19171,31550,0
19171,3785,1
19171,77081,2
19171,30303,3
19171,10163,4
19171,29718,5
19171,121323,6
48345,22108,0
48345,64,1
48345,8329,2
48345,11803,3
48345,8654,4
48345,1910,5
48345,134531,6
11364,3,0
11364,516,1
11364,5502,2
11364,27545,4
11364,10776,5
11364,15417,6
11364,8986,7
38135,13391,0
38135,239054,1
38135,239055,2
38135,166962,3
38135,239057,5
38135,239058,6
38135,239059,7
55950,26513,0
55950,6065,1
55950,3229,2
55950,588,3
55950,12899,4
55950,1226358,5
55950,13003,6
39916,45473,0
39916,24902,1
39916,39151,2
39916,35826,3
39916,32370,4
39916,101331,5
39916,122023,6
31634,108232,0
31634,95734,1
31634,3347,2
31634,5041,3
31634,108236,4
31634,108238,5
31634,108240,6
43739,77158,0
43739,29519,1
43739,14873,2
43739,105505,3
43739,119898,4
43739,14032,5
43739,1731311,6
45203,2975,0
45203,39389,1
45203,19299,2
45203,18750,3
45203,66804,4
45203,17355,5
45203,132456,6
14874,109,0
14874,679,1
14874,16855,2
14874,102,3
14874,20,4
14874,152820,5
14874,27128,6
32082,862,0
32082,10168,1
32082,2549,2
32082,15413,3
32082,786,4
32082,95155,5
32082,45921,6
25269,11477,0
25269,2628,1
25269,2178,2
25269,1063,3
25269,11885,4
25269,4251,5
25269,65827,6
29449,13326,0
29449,9807,1
29449,15184,2
29449,146714,3
29449,136835,4
29449,940060,5
29449,30610,6
37943,193,0
37943,9207,1
37943,585,2
37943,18021,3
37943,2295,4
37943,21523,5
37943,4517,6
33633,3905,0
33633,148804,1
86763,64,0
86763,2778,1
86763,3910,2
86763,14699,3
86763,13525,4
86763,2200733,5
86763,994134,6
78146,31070,0
78146,6588,1
78146,1030849,2
78146,61153,3
78146,60118,4
78146,6937,5
78146,37221,6
88641,20212,0
88641,76546,1
88641,95468,2
88641,13526,3
88641,171213,4
88641,100870,5
88641,11521,6
30315,1748,0
30315,99837,1
30315,4963,2
30315,99900,3
30315,101761,4
30315,106054,5
30315,106055,6
13765,3926,0
13765,12248,1
13765,45465,2
13765,67676,3
13765,69764,4
13765,29307,5
13765,1227492,6
12772,67773,0
12772,26513,1
12772,12139,2
12772,3896,3
12772,526,4
12772,7470,5
12772,1233,6
47866,69054,0
47866,3126,1
47866,826,2
47866,9274,3
47866,17343,4
47866,80991,5
47866,16429,6
18900,9287,0
18900,6914,1
18900,24367,2
18900,11033,3
18900,119485,4
18900,9596,5
18900,95666,6
73265,84879,0
73265,21216,1
73265,42335,2
73265,45039,3
73265,14990,4
73265,12816,5
73265,176325,6
17744,12149,0
17744,16897,1
17744,83128,2
17744,1936,3
17744,100019,4
17744,96994,5
17744,72659,6
62124,59627,0
62124,4529,1
62124,6548,2
62124,5440,3
62124,24541,4
62124,28263,5
62124,1441603,6
3087,5788,0
3087,30269,1
3087,19020,2
3087,30271,4
3087,30272,5
3087,30273,6
3087,30274,7
14282,20664,0
14282,81851,1
14282,81852,2
14282,122191,3
14282,126690,4
14282,1358379,5
14282,20663,6
11502,28834,0
11502,69632,1
11502,22931,2
11502,1096334,4
29451,30211,0
29451,19020,1
29451,8515,2
29451,103781,3
29451,30234,4
29451,4119,5
29451,33278,6
21219,2224,0
21219,36055,1
21219,87295,2
21219,18352,3
21219,6684,4
21219,5658,5
21219,5401,6
116094,56485,0
116094,113948,1
116094,1040098,2
116094,638553,3
116094,32596,4
116094,1382423,5
2116,5292,0
2116,8170,1
2116,5411,2
2116,21722,3
2116,21721,4
2116,21724,5
2116,20562,6
1584,70851,0
1584,3234,1
1584,7404,3
1584,17743,4
1584,17739,5
1584,17744,6
1584,1583107,7
28236,1210671,0
28236,2585,1
28236,100197,2
28236,1175198,3
28236,100183,4
28236,10215,5
28236,60642,6
40945,36171,0
40945,3019,1
40945,52951,2
40945,20173,3
40945,98,4
40945,7489,5
40945,85568,6
19555,84831,0
19555,68534,1
19555,1960425,2
19555,1960424,3
19555,1865615,4
19555,782,5
19555,151142,6
2056,22970,0
2056,1276,1
2056,21127,2
2056,1812,3
2056,21128,4
2056,15534,5
2056,21123,6
4997,5576,0
4997,7517,1
4997,32597,2
4997,14406,3
4997,4,4
4997,6164,5
4997,18979,6
8439,55082,0
8439,55083,1
8439,52578,3
322,2228,0
322,504,1
322,4724,2
322,2975,3
322,4726,4
322,350,5
322,4728,6
21765,28640,0
21765,19977,1
21765,4756,2
21765,49002,3
21765,11159,4
21765,328,5
21765,13333,6
11059,51937,0
11059,67977,1
11059,15661,2
11059,67978,3
11059,103286,4
11059,62589,5
11059,46897,6
11775,1461,0
11775,1922,1
11775,118,2
11775,5726,3
11775,52995,4
11775,17342,5
11775,28633,6
24,139,0
24,140,1
24,2535,2
24,589,3
24,141,4
24,147,5
24,2539,6
54973,77331,0
54973,110082,1
54973,66252,2
54973,175588,3
54973,175611,4
54973,175631,5
10930,136761,0
10930,5442,1
10930,30720,2
10930,6015,3
10930,25052,4
10930,67532,5
10930,23480,6
21059,29795,0
21059,60235,1
21059,87040,2
21059,87042,3
21059,156962,4
21059,154799,5
21059,122807,6
49475,85017,0
49475,40304,1
49475,151159,2
49475,151160,3
49475,151976,4
49475,1122060,5
49475,2842970,6
11329,3036,0
11329,193,1
11329,4483,2
11329,3293,3
11329,52374,4
11329,14888,5
11329,12799,6
9373,10860,0
9373,17243,1
9373,52366,2
9373,57514,3
9373,34489,4
9373,6858,5
9373,8655,6
1550,3897,0
1550,15543,1
1550,1276,2
1550,17485,3
1550,17486,4
1550,17487,5
1550,17488,6
5493,43661,0
5493,43662,1
5493,43663,2
5493,43664,3
5493,43665,4
5493,43666,5
5493,43667,6
28200,12052,0
28200,8784,1
28200,15440,2
28200,20577,3
28200,176191,4
28200,5421,5
28200,31737,6
10629,112,0
10629,43131,1
10629,8785,2
10629,18345,3
10629,111837,4
10629,117108,5
10629,946128,6
10944,5344,0
10944,103,1
10944,10431,2
10944,67580,3
10944,144579,4
10944,67581,5
10944,1298108,6
9839,11701,0
9839,2296,1
9839,10399,2
9839,3900,3
9839,11315,4
9839,31387,5
9839,35257,6
13920,9777,0
13920,228,1
13920,1981,2
13920,3978,3
13920,26513,4
13920,15824,5
13920,198927,6
4256,1772,0
4256,35548,1
4256,18471,2
4256,6952,3
4256,35705,4
4256,7633,5
4256,55638,6
10009,73421,0
10009,61959,1
10009,61960,2
10009,8872,3
10009,61961,4
10009,61962,5
10009,31504,6
1807,19195,0
1807,19196,1
1807,19197,2
1807,19198,3
1807,19199,4
1807,19200,5
1807,19201,6
33343,10131,0
33343,110525,1
33343,8963,2
33343,42746,3
33343,168964,4
33343,57133,5
33343,1188779,6
30141,3223,0
30141,32,1
30141,2461,2
30141,18325,3
30141,3897,4
30141,3490,5
30141,4253,6
10536,3895,0
10536,55879,2
10536,65552,3
10536,3268,4
10536,14816,5
10536,29327,6
10536,79641,7
14157,21561,0
14157,39117,1
14157,7668,2
14157,30048,3
14157,2053,4
14157,136990,5
14157,82684,6
67809,207,0
67809,4431,1
67809,17265,2
67809,6574,3
67809,31210,4
67809,82631,5
67809,59406,6
42044,1197444,1
42044,1197445,2
42044,1197446,3
42044,1182964,4
42044,2067223,5
42044,2697960,6
42044,2697962,7
37922,8534,0
37922,4757,1
37922,172388,2
37922,29791,3
37922,707,4
37922,378,5
37922,133,6
1376,16628,0
1376,16629,1
1376,15501,2
1376,16630,3
1376,16631,4
1376,16632,5
1376,16633,6
31397,58277,0
31397,68527,1
31397,64198,3
31397,106480,4
31397,106245,5
31397,1295,6
31397,119374,8
50374,8606,0
50374,6905,1
50374,25282,2
50374,6839,3
50374,76019,4
50374,128926,5
50374,3172,6
96171,1241,0
96171,171379,1
96171,1117,2
96171,1039,3
96171,2283,4
96171,155890,5
96171,31114,6
20312,11006,0
20312,64,1
20312,20189,2
20312,1062,3
20312,2955,4
20312,27559,5
20312,5897,6
59809,44716,0
59809,14541,1
59809,64457,2
59809,10774,3
59809,20361,4
59809,10447,5
59809,1066354,6
135890,13548,0
135890,12656,1
135890,4765,2
135890,42558,3
135890,99583,4
135890,6721,5
135890,2536,6
64945,2880,0
64945,4138,1
64945,67893,2
64945,100870,3
64945,21216,4
64945,15746,5
64945,192,6
2348,4687,0
2348,24045,1
2348,12647,2
2348,15455,3
2348,24046,4
2348,2207,5
2348,24047,6
44591,54681,0
44591,56923,1
44591,50968,2
44591,131055,3
44591,1039963,4
44591,85427,5
44591,101505,6
10389,65261,0
10389,65262,1
10389,576415,2
10389,125767,3
10389,65265,4
10389,65263,5
10389,231008,6
18979,100095,0
18979,59074,1
18979,10461,2
18979,100097,3
18979,30576,4
18979,100098,5
18979,58339,6
31206,34316,0
31206,11494,1
31206,21510,2
31206,34287,3
31206,34405,4
31206,125847,5
31206,85486,6
28658,30181,0
28658,33741,1
28658,94433,2
28658,33230,3
28658,89684,4
28658,82383,5
28658,95276,6
3117,5,0
3117,30576,1
3117,30577,2
3117,24342,3
3117,30579,4
3117,30581,5
3117,30582,6
20684,32030,0
20684,29409,1
20684,22169,2
20684,47735,3
20684,92434,4
20684,5473,5
20684,29699,6
27450,2628,0
27450,14326,1
27450,18017,2
27450,20056,3
27450,230909,4
27450,79632,5
27450,129051,6
26643,8727,0
26643,47504,1
26643,246,2
26643,83390,3
26643,16086,4
26643,119734,5
26643,1045385,6
62327,48012,0
62327,177443,1
62327,2628,2
62327,5344,3
62327,93846,4
62327,63933,5
62327,111198,6
897,13763,0
897,13766,1
897,13768,2
897,13769,3
897,1559091,4
897,1559071,5
897,1559088,6
42522,8949,0
42522,8255,1
42522,55192,2
42522,1232821,3
42522,99829,4
42522,1683142,5
42522,2772,6
11657,15135,0
11657,37131,1
11657,14276,2
11657,2565,3
11657,27440,4
11657,35003,5
11657,70349,6
224,2807,0
224,1386,1
224,1413,2
224,2811,3
224,2812,4
224,2815,5
224,1990384,6
27117,8727,0
27117,3363,1
27117,30133,2
27117,3364,3
27117,18646,4
27117,10924,5
27117,92907,6
50553,8727,0
50553,3363,1
50553,25175,2
50553,8241,3
50553,2934,4
50553,29601,5
50553,86356,6
44383,8727,0
44383,3363,1
44383,130691,2
44383,10924,3
44383,30417,4
44383,78793,5
44383,42574,6
78331,85651,0
78331,111578,1
78331,8632,2
78331,5182,3
78331,219017,4
78331,54682,5
78331,83801,6
10922,4173,0
10922,2227,1
10922,228,2
10922,33,3
10922,3972,4
10922,6857,5
10922,9464,6
43708,103374,0
43708,10871,1
43708,33532,2
43708,4432,3
43708,4492,4
43708,19143,5
43708,4496,6
240177,144130,0
240177,144132,2
240177,9657,3
240177,8395,4
240177,11670,5
240177,7906,6
51707,3666376,0
51707,3666378,1
30349,1004,0
30349,233474,1
30349,29930,2
30349,47774,3
30349,20788,4
30349,122268,5
30349,545850,6
13537,17244,0
13537,133,1
13537,2838,2
13537,5916,3
13537,15091,4
13537,5587,5
13537,18324,6
28446,58293,0
28446,171425,2
28446,1232170,3
28446,1180933,4
28446,188377,5
28446,1180934,6
28446,1180935,7
605,6384,0
605,2975,1
605,530,2
605,1331,3
605,9575,4
605,9572,5
605,6195,6
33222,141677,0
10719,23659,0
10719,3085,1
10719,64930,2
10719,68812,3
10719,2453,4
10719,11664,5
10719,27974,6
266741,37041,0
266741,1313819,1
266741,78685,2
266741,1313820,3
266741,1212620,4
266741,3020355,5
23995,4130515,0
23995,108327,1
23995,4327,2
1277,16239,0
1277,1084,1
1277,14633,2
1277,16240,3
1277,16241,4
1277,16242,5
1277,16243,6
1836,18178,1
1836,19360,2
1836,19361,3
1836,19363,4
1836,24378,5
1836,19362,6
1836,260836,8
292974,203696,0
292974,1390946,1
508,3291,0
508,4566,1
508,7056,2
508,3896,3
508,47714,4
508,5472,5
508,2440,6
197563,1177980,1
197563,1177981,2
197563,1177982,3
11846,67773,0
11846,3092,1
11846,70696,2
11846,18793,3
11846,59222,4
11846,519,5
11846,14592,6
50314,4056691,0
50314,4056692,1
50314,1758524,2
50314,1223653,3
50314,1129182,4
50314,3145863,5
50314,4056693,7
10715,18269,0
10715,40279,1
10715,67773,2
10715,86434,3
10715,34982,4
10715,10669,5
10715,23679,6
8619,934,0
8619,6162,1
8619,19655,2
8619,47643,3
8619,59081,4
8619,229672,5
8619,215661,6
21525,54422,0
21525,547964,1
21525,19767,2
21525,2041,3
21525,62644,4
21525,325,5
21525,122205,6
14892,15277,0
14892,16484,1
14892,38581,2
14892,589,3
14892,7090,4
14892,48,5
14892,4766,6
12146,112,0
12146,2176,1
12146,38940,2
12146,59176,3
12146,6383,4
12146,5576,5
12146,57448,6
10588,12073,0
10588,501,1
10588,35654,2
10588,11164,3
10588,7447,4
10588,59401,5
10588,52601,6
4970,4587,0
4970,3223,1
4970,17764,2
4970,3911,3
4970,1369,4
4970,955,5
4970,8656,6
470,2228,0
470,3489,1
470,1121,2
470,4273,3
470,6413,4
470,6832,5
470,20387,6
11042,38526,0
11042,24896,1
11042,8791,2
11042,67905,3
11042,17388,4
11042,67906,5
11042,83180,6
579140,86633,0
579140,69033,1
579140,18704,2
579140,101015,3
44708,64440,0
44708,85962,1
44708,131297,2
44708,1191597,3
44708,1191598,4
44708,1191600,5
44708,1183737,6
10147,879,0
10147,19754,1
10147,16858,2
10147,63992,3
10147,15100,4
10147,1982,5
10147,24357,6
10756,776,0
10756,36219,1
10756,28641,2
10756,27631,3
10756,7906,4
10756,56567,5
10756,12900,6
9562,8167,0
9562,1518,1
9562,17276,2
9562,9188,3
9562,11207,4
9562,58016,5
9562,2203,6
36068,25116,0
36068,1434964,1
36068,32092,2
36068,1660972,3
36068,1130458,4
36068,1660973,5
36068,1660974,6
11012,16940,0
11012,1137,1
11012,8436,2
11012,11278,3
11012,53,4
11012,67798,5
11012,2481,6
30068,995641,0
30068,995642,1
30068,995643,2
30068,4870642,3
30068,995645,4
30068,995646,5
30068,995647,6
40913,8436,0
40913,4757,1
40913,65,2
40913,125039,4
40913,125040,5
40913,78427,6
40913,2523413,7
158413,19011,0
158413,120579,2
158413,938874,3
158413,1248986,4
158413,117180,5
158413,1264366,6
158413,46432,7
9556,3896,0
9556,3910,1
9556,27753,2
9556,16476,3
9556,57959,4
9556,9786,5
9556,95209,6
13581,90643,0
13581,9926,1
13581,92698,2
13581,14306,3
13581,96443,4
13581,153076,5
13581,70307,6
1702,36898,0
1702,1370,1
1702,663,2
1702,36900,3
1702,36901,4
1702,10673,5
1702,3901,6
19184,2168,1
19184,36027,2
19184,1003,3
19184,27611,4
19184,94154,5
19184,1830766,6
19184,2506425,7
24203,12147,0
24203,6598,1
24203,70985,2
24203,13568,3
24203,58414,4
24203,1221251,5
24203,54682,6
9065,1642,0
9065,23378,1
9065,1646,2
9065,56882,3
9065,578949,4
9065,938253,5
9065,64125,6
44479,32030,1
44479,1548205,2
44479,1548206,3
44479,1182959,4
44479,1969132,5
44479,2005285,6
44479,4748699,7
4823,1205,0
4823,326,1
4823,139,2
4823,21315,3
4823,925,4
4823,65827,5
4823,41739,6
10168,3084,0
10168,4756,1
10168,9257,2
10168,14698,3
10168,11805,4
10168,4253,5
10168,6074,6
10234,19123,0
10234,8196,1
10234,20449,2
10234,18490,3
10234,551782,4
10234,45699,5
10234,551783,6
38939,13637,0
38939,5,1
38939,4002,2
38939,32128,3
38939,58339,4
38939,2264,5
38939,107432,6
10952,10814,0
10952,21411,1
10952,32486,2
10952,2632,3
10952,16214,4
10952,39977,5
10952,5502,6
14022,1987897,1
14022,1987898,2
14022,1987899,3
14022,1987900,4
14022,2543639,5
14022,1987901,6
14022,1219274,7
860,4756,0
860,12850,1
860,8937,2
860,12851,3
860,12852,4
860,12853,5
860,12854,6
41521,854,0
41521,70035,1
41521,39757,2
41521,126767,3
41521,116840,4
41521,11163,5
41521,131441,6
48035,142930,0
48035,47155,1
48035,142928,2
48035,142906,3
48035,142929,4
48035,578958,5
48035,142931,6
5000,1959,0
5000,12274,1
5000,40535,2
5000,18811,3
5000,40536,4
5000,40537,5
5000,28278,6
22744,3360,1
22744,13991,2
22744,34210,3
22744,100589,4
22744,7381,5
22744,10924,6
22744,11025,7
17831,29522,0
17831,47678,1
17831,82412,2
17831,5832,3
17831,8727,4
17831,89928,5
17831,8830,6
780,11589,0
780,11590,1
780,11591,2
780,11586,3
780,11595,4
780,12748,5
780,11596,6
31510,85425,0
31510,50837,1
31510,14287,2
31510,108101,3
31510,29974,4
31510,29979,5
31510,108102,6
234,3000,0
234,3001,1
234,3005,3
234,3007,4
234,1016382,5
234,1090550,6
234,77,7
899,8828,0
899,13789,1
899,8841,2
899,13790,3
899,13791,4
899,8839,5
899,13792,6
8289,227,0
8289,18391,1
8289,6197,2
8289,2481,3
8289,36059,4
8289,1821,5
8289,10983,6
11583,738,0
11583,55636,1
11583,57399,2
11583,2245077,3
11583,14820,4
11583,26858,5
11583,135180,6
11002,38559,0
11002,1533,1
11002,12689,2
11002,65,3
11002,1292,4
11002,47536,5
11002,11854,6
6472,4090,0
6472,2963,1
6472,6168,2
6472,41218,3
6472,8986,4
6472,10983,5
6472,9285,6
5143,12021,0
5143,10767,1
5143,1902,2
5143,3895,4
5143,19411,5
5143,41516,6
5143,4,7
11384,521,0
11384,4512,1
11384,32747,2
11384,18750,3
11384,31007,4
11384,40481,5
11384,36424,6
5227,1100,0
5227,42109,1
5227,14852,2
5227,7332,3
5227,3143,4
5227,130724,5
5227,13732,6
8010,38559,0
8010,738,1
8010,12519,2
8010,11086,3
8010,11885,4
8010,53589,5
8010,34407,6
10410,514,0
10410,518,1
10410,23346,2
10410,22131,3
10410,4764,4
10410,65017,5
10410,1213105,6
47095,2176,0
47095,935189,1
47095,3391,2
47095,172296,3
47095,5700,4
47095,14704,5
47095,175468,6
10407,67773,0
10407,18892,1
10407,65002,2
10407,2750,3
10407,15417,4
10407,12688,5
10407,27515,6
9292,62,0
9292,1004,1
9292,1533,2
9292,5563,3
9292,20766,4
9292,3664,5
9292,16560,6
11850,55636,0
11850,69054,1
11850,1749,2
11850,4785,3
11850,5047,4
11850,41256,5
11850,41284,6
48745,11916,0
48745,8975,1
48745,11512,2
48745,3126,3
2297,16940,0
2297,9207,1
2297,6748,2
2297,65,3
2297,1924,4
2297,12647,5
2297,12248,6
951,1100,0
951,14698,1
951,14699,2
951,12516,3
951,14700,4
951,14701,5
951,14703,6
10804,1230,0
10804,11390,1
10804,5049,2
10804,26071,3
10804,10983,4
10804,10655,5
10804,39066,6
5765,38559,0
5765,2882,1
5765,4139,2
5765,24516,3
5765,26557,4
5765,56749,5
5765,1219457,6
9319,62,0
9319,22675,1
9319,27008,2
9319,31005,3
9319,37043,4
9319,21320,5
9319,4587,6
1643,3084,0
1643,18329,1
1643,4426,2
1643,18337,3
1643,16926,5
1643,18338,6
1643,18336,7
2007,1733,0
2007,4038,1
2007,14501,2
2007,20631,3
2007,20632,4
2007,20633,5
2007,350,6
10995,21817,0
10995,56861,1
10995,40582,2
10995,67780,3
10995,26100,4
10995,182054,5
10995,14812,6
8047,42123,0
8047,3131,1
8047,34795,2
8047,53655,3
8047,25257,4
8047,3482,5
8047,2744,6
2612,26485,0
2612,2713,1
2612,3895,2
2612,16165,3
2612,7678,4
2612,26486,5
2612,14343,6
3112,10158,0
3112,7632,1
3112,8828,2
3112,30540,3
3112,30541,4
3112,30537,5
3112,30538,6
10413,15111,0
10413,2165,1
10413,18793,2
10413,15854,3
10413,65036,4
10413,1066171,5
10413,10682,6
2611,7180,0
2611,70035,1
2611,12851,2
2611,14721,3
2611,47137,4
2611,30621,5
2611,5401,6
1825,16483,0
1825,1162,1
1825,22553,2
1825,33011,3
1825,33012,4
1825,33015,5
1825,33016,6
10538,10814,0
10538,27422,1
10538,3197,2
10538,46924,3
10538,21089,4
10538,88094,5
10538,13918,6
11092,3,0
11092,6197,1
11092,27888,2
11092,7673,3
11092,1818,4
11092,21245,5
11092,34691,6
18410,4756,0
18410,9994,1
18410,90544,2
18410,6573,3
18410,156971,4
18410,119941,5
18410,70440,6
14904,1331,0
14904,934,1
14904,131775,2
14904,61350,3
14904,65023,5
14904,110407,6
14904,40046,7
19065,519,0
19065,2047,1
19065,6008,2
19065,68109,3
19065,21520,4
19065,6914,5
19065,159614,6
3176,31078,0
3176,31079,1
3176,31080,3
3176,74862,4
3176,58593,5
3176,2538,6
3176,121796,7
9261,57057,0
9261,1623,1
9261,57056,2
9261,57054,3
9261,57055,4
9261,58544,5
9261,33241,6
5336,4819,0
5336,42845,1
5336,42846,2
5336,42847,3
5336,5686,4
5336,42860,5
5336,28681,6
23908,6863,1
23908,72028,2
23908,569,3
23908,33,4
23908,11805,5
23908,11885,6
23908,21380,7
14671,19728,0
14671,1796,1
14671,55277,2
14671,64057,3
14671,3038,4
14671,2138,5
14671,13923,6
11509,8945,0
11509,349,1
11509,2047,2
11509,1269,3
11509,6197,4
11509,2165,5
11509,8930,6
10729,1532,0
10729,16935,1
10729,1811,2
10729,4765,3
10729,2283,4
10729,14104,5
10729,164426,6
29437,92969,0
29437,103874,1
29437,103870,2
29437,98477,3
29437,103871,4
29437,103872,5
29437,87462,6
20763,11478,0
20763,11512,1
20763,2059,2
20763,109,3
20763,4787,4
20763,8258,5
20763,1108984,6
2047,326,0
2047,5576,1
2047,28641,2
2047,21084,3
2047,2886,4
2047,21082,5
2047,21083,6
14249,1269,0
14249,5401,1
14249,289,2
14249,15860,3
14249,21708,4
14249,84240,5
14249,16433,6
10021,521,0
10021,33488,1
10021,12518,2
10021,60700,3
10021,59872,4
10021,4256,5
10021,11517,6
11634,70092,0
11634,70093,1
11634,70095,2
11634,70096,3
11634,1270972,4
11634,114580,5
11634,1270973,6
14746,60650,0
14746,2882,1
14746,8872,2
14746,23882,3
14746,5293,4
14746,2053,5
14746,77256,6
11824,521,0
11824,14848,1
11824,70612,2
11824,92623,4
11824,119892,5
11824,100614,6
11824,119893,7
8222,25256,0
8222,954,1
8222,54153,2
8222,54154,3
8222,54155,4
8222,25026,5
8222,20285,6
20067,515,0
20067,6941,1
20067,49148,2
20067,1907,3
20067,15851,4
20067,3124,5
20067,18686,6
12395,5576,0
12395,9880,1
12395,6804,2
12395,10430,3
12395,17874,4
12395,56441,5
12395,1641001,6
9846,52267,0
9846,5293,1
9846,59872,2
9846,59873,3
9846,1241,4
9846,923,5
9846,4761,6
23719,2963,0
23719,16165,1
23719,56159,2
23719,6714,3
23719,84323,4
23719,15417,5
23719,1537,6
11986,7037,0
11986,4813,1
11986,47337,2
11986,71177,3
11986,109516,4
11986,13692,5
11986,5443,6
1626,18197,0
1626,18198,1
1626,18200,3
1626,18201,4
1626,18202,5
1626,3517,6
1626,2260817,7
483,2963,0
483,4784,1
483,5293,2
483,6587,3
483,5048,4
483,5169,5
483,6588,6
10166,55157,0
10166,55156,1
10166,5657,2
10166,1024257,3
10166,10730,4
10166,104795,5
10166,4154,6
6069,514,0
6069,38225,1
6069,4038,2
6069,1160,3
6069,5047,4
6069,28633,5
6069,49820,6
11018,2295,0
11018,11389,1
11018,67815,2
11018,7140,3
11018,10361,4
11018,26466,5
11018,8692,6
11676,78029,0
11676,504,1
11676,11885,2
11676,4808,3
11676,11164,4
11676,21731,5
11676,59967,6
28293,31876,0
28293,117419,1
28293,129553,2
28293,30003,3
28293,30181,4
28293,30159,5
28293,590550,6
28292,30181,0
28292,30003,1
28292,1009,2
28292,108702,3
28292,119898,4
28292,64838,5
28292,33005,6
3681,12446,0
3681,11390,1
3681,6250,2
3681,14262,3
3681,33644,4
3681,9871,6
3681,5687,7
43875,6598,0
43875,279042,1
43875,13576,2
43875,2928,3
43875,8516,4
43875,88672,5
43875,42574,6
31798,77158,0
31798,30181,1
31798,30003,2
31798,1009,3
31798,108986,4
31798,34756,5
31798,117735,6
43436,41216,0
43436,4353,1
43436,13991,2
43436,3635,3
43436,7302,4
43436,29327,5
43436,13992,6
20325,30181,0
20325,30003,1
20325,125364,2
20325,30185,3
20325,30184,4
20325,139603,5
20325,113574,6
17687,5788,0
17687,82315,1
17687,82316,2
17687,13568,3
17687,97775,4
17687,95771,5
17687,2018,6
19075,8731,0
19075,143560,1
19075,85897,2
19075,19328,3
19075,134867,4
19075,8725,5
19075,941727,6
41465,32428,0
41465,77158,1
41465,3635,2
41465,22600,3
41465,34746,4
41465,120052,5
41465,14033,6
17641,1937,0
17641,8841,1
17641,3635,2
17641,7641,3
17641,14730,4
17641,1020650,5
17641,1011213,6
12545,72739,0
12545,72740,1
12545,72741,2
12545,72742,3
12545,975584,4
12545,176555,5
12545,33489,6
27972,3380,0
27972,20364,1
27972,4110,2
27972,30226,3
27972,18802,4
27972,7666,5
27972,13962,6
898,13784,0
898,9857,1
898,7684,2
898,9112,3
898,13785,4
898,10169,5
898,8254,6
2000,14277,0
2000,20546,1
2000,20547,2
2000,18405,4
2000,20549,5
2000,20550,6
2000,18441,7
648,9741,0
648,9742,1
648,9743,2
648,9744,3
648,9745,4
648,9746,5
648,308771,6
618,8828,0
618,8829,1
618,8830,2
618,8831,3
618,8832,4
618,8833,5
618,8837,6
44162,557421,0
44162,557422,1
44162,557423,2
44162,105398,3
44162,575446,4
44162,143358,5
44162,1755205,6
19120,5402,0
19120,5683,1
19120,39019,2
19120,24499,3
19120,5038,4
19120,1942,5
19120,91971,6
4024,3508,0
4024,34593,1
4024,34594,2
4024,28676,3
4024,28277,4
4024,2406341,5
4024,592749,6
11316,8223,0
11316,12513,1
11316,68985,2
11316,11843,3
11316,184892,4
11316,10732,5
11316,185003,6
3089,4165,0
3089,12151,1
3089,30296,2
3089,4302,3
3089,3336,4
3089,30212,5
3089,14502,6
29845,4800,0
29845,2314,1
29845,11141,2
29845,146711,3
29845,146710,4
29845,81516,5
29845,1096038,7
995,14965,0
995,4165,1
995,13555,2
995,14966,3
995,3383,4
995,8516,5
995,14968,6
1594,12446,0
1594,17844,1
1594,3361,2
1594,14503,3
1594,14107,4
1594,124737,5
1594,126354,6
32318,14920,1
32318,14421,2
32318,1159956,3
32318,1545813,4
32318,3247,5
11839,70668,0
11839,5826,1
11839,8727,2
11839,14730,3
11839,14300,4
11839,12969,5
11839,29363,6
916,13565,0
916,14060,1
916,14061,2
916,14062,3
916,3087,4
916,14063,5
916,14064,6
31509,8828,0
31509,13789,1
31509,116186,2
31509,145108,3
31509,145109,4
31509,1409190,5
31509,1409191,6
1976,3380,0
1976,4958,1
1976,20364,2
1976,20365,3
1976,8841,4
1976,20366,5
1976,20367,6
31685,10921,0
31685,99461,1
31685,3383,2
31685,70035,3
31685,8254,4
31685,78854,5
31685,50833,6
3062,29999,0
3062,30000,1
3062,20364,2
3062,30001,3
3062,30002,4
3062,13963,5
3062,30003,6
34456,103616,0
34456,2638,1
34456,10610,2
34456,30211,3
34456,101886,4
34456,96250,5
34456,103681,6
12708,2638,0
12708,8237,1
12708,70985,2
12708,73942,3
12708,73943,4
12708,41230,5
12708,41250,6
42045,4431,0
42045,228,1
42045,83145,2
42045,15412,3
42045,29385,4
42045,96228,5
42045,1230,6
11610,3092,1
11610,10555,2
11610,70013,3
11610,95788,4
11610,41258,5
11610,160868,6
11610,54754,7
4939,18735,0
4939,8237,1
4939,40206,2
4939,40209,3
4939,40210,4
4939,29719,5
4939,40208,6
25016,11493,0
25016,13325,1
25016,106154,2
25016,90644,3
25016,248150,4
25016,590276,5
25016,14152,6
15927,351,0
15927,78951,1
15927,3672,2
15927,1292,3
15927,12248,4
15927,53517,5
15927,47874,6
40423,274344,0
40423,17581,1
40423,1116072,2
40423,560262,3
40423,1116073,4
40423,1116075,5
40423,1116074,6
7857,25780,0
7857,53461,1
7857,5963,2
7857,53462,3
7857,53463,4
7857,53466,5
7857,53464,6
79,1336,0
79,1337,1
79,1338,2
79,1341,3
79,1339,4
79,1340,5
79,1342,6
13912,10798,0
13912,10800,1
13912,10799,2
13912,30014,3
13912,97980,4
13912,131813,5
13912,30117,6
70881,19549,0
70881,13576,1
70881,80567,2
70881,41516,3
70881,13816,4
70881,8727,5
70881,5832,6
987,3151,0
987,6837,1
987,4038,2
987,14830,3
987,14831,4
987,922,5
987,6168,6
65869,33286,0
65869,16857,1
65869,15370,2
65869,20767,3
65869,544156,4
65869,167244,5
65869,94700,6
37749,3092,0
37749,4514,1
37749,7676,2
37749,26660,3
37749,1205,4
37749,118476,5
37749,13022,6
30140,105763,0
33302,12270,0
33302,48577,1
33302,24467,2
33302,9005,3
33302,71363,4
33302,38897,5
33302,1333560,7
46932,48959,0
46932,10029,1
46932,257894,2
46932,362811,3
46932,153228,4
46932,11135,5
46932,104302,6
81,613,0
81,617,1
81,616,2
81,622,3
81,624,4
81,625,5
81,615,6
70423,558528,0
70423,18892,1
70423,3229,2
70423,16433,3
70423,30613,4
70423,3711,5
70423,884,6
11821,521,0
11821,63681,1
11821,2549,2
11821,57755,3
11821,28010,4
11821,36926,5
11821,3267,6
10023,707,0
10023,31,1
10023,290,2
10023,4073,3
10023,55567,4
10023,41224,5
10023,44845,6
51036,14101,0
51036,1796,1
51036,4942,2
51036,1218880,3
51036,83196,4
51036,3039,5
51036,18326,6
11519,707,0
11519,13726,1
11519,7171,2
11519,8607,3
11519,8608,4
11519,113,5
11519,21561,6
72087,3087,0
72087,2232,1
72087,1213624,2
72087,6614,3
72087,1248,4
72087,49812,5
72087,177692,6
42238,24540,0
42238,538228,1
42238,35255,2
42238,37764,3
42238,25166,4
42238,38499,5
42238,591211,6
15659,18892,0
15659,54812,1
15659,16523,2
15659,35370,3
15659,56819,4
15659,60142,5
15659,6197,6
18857,18897,0
18857,65966,1
18857,83689,2
18857,87944,3
18857,1269909,4
18857,70690,5
18857,2703805,6
33517,20234,0
33517,6405,1
33517,1350,2
33517,6949,3
33517,1957,4
33517,20239,5
33517,1003,6
27425,89177,0
27425,81276,1
27425,106161,2
38953,10158,0
38953,12726,1
38953,122632,2
38953,11859,3
38953,7192,4
38953,15197,5
38953,8225,6
74544,21605,0
74544,67449,1
74544,19091,2
74544,13919,3
74544,35314,4
74544,3508,5
74544,40529,6
41785,37580,0
41785,61059,1
41785,145686,2
41785,145687,3
41785,11975,4
41785,145688,5
41785,104393,6
42740,28641,0
42740,46780,1
42740,89895,2
42740,128607,3
42740,199883,4
42740,67676,5
42740,178413,6
20126,15196,0
20126,44959,1
20126,80503,2
20126,9766,3
20126,85648,4
20126,51744,5
20126,85649,6
827,2569,0
827,12266,1
827,12267,2
827,2566,3
827,12268,4
827,12269,5
827,12270,6
11811,11184,0
11811,4491,1
11811,70556,2
11811,44818,3
11811,84598,4
11811,42290,5
11811,95140,6
20043,97342,0
20043,553047,1
20043,110659,2
20043,122653,3
20043,1251441,4
20043,555157,5
20043,115790,6
16814,56819,0
16814,589,1
16814,781,2
16814,22131,3
16814,17200,4
16814,53584,5
16814,19839,6
4368,19664,0
4368,39170,1
4368,39171,2
4368,39173,3
4368,22138,4
4368,39174,5
4368,6929,6
25431,12147,0
25431,6598,1
25431,85651,2
25431,43819,3
25431,14831,4
25431,13296,5
25431,85449,6
17685,27554,0
17685,35341,1
17685,24476,2
17685,12270,3
17685,24299,4
17685,9920,5
17685,34595,6
2742,27811,0
2742,351,1
2742,65,2
2742,6104,3
2742,6355,4
2742,27812,5
2742,14902,6
22010,57755,0
22010,63208,1
22010,11159,2
22010,10592,3
22010,18802,4
22010,50576,5
22010,27765,6
51145,13726,0
51145,23626,1
51145,55152,2
51145,10985,3
51145,21703,4
51145,7576,5
51145,10130,6
32040,856,0
32040,2758,1
32040,5950,2
32040,121481,3
32040,13869,4
32040,195890,6
32040,4593,7
48129,18352,0
48129,11164,1
48129,58406,2
48129,52703,3
48129,38565,4
48129,17646,5
48129,116046,6
3596,2669,0
3596,33267,1
3596,12689,2
3596,33268,3
3596,99461,4
3596,100783,5
3596,33272,6
120637,27394,0
120637,27649,1
120637,164549,2
120637,32676,3
120637,203457,4
120637,1960045,5
120637,93524,6
24134,1666,0
24134,21605,1
24134,14729,2
24134,1942,3
24134,575814,4
24134,199925,5
24134,1140827,6
18904,93105,0
18904,24815,1
18904,89808,2
18904,11128,3
18904,45363,4
18904,17755,5
18904,1221520,6
37719,10798,0
37719,10799,1
37719,10800,2
37719,121019,3
37719,10802,4
37719,2497,5
37719,1219018,6
47364,78899,0
47364,47461,1
47364,29712,2
47364,11164,3
47364,13591,4
47364,58214,5
47364,162312,6
9063,1821,0
9063,56875,1
9063,56876,2
9063,13465,3
9063,1402269,4
9063,1929896,6
9063,1929897,8
1818,10268,0
1818,18218,1
1818,19269,2
1818,19270,3
1818,148302,4
1818,3834,5
1818,150939,6
255,1653,0
255,3507,1
255,3508,2
255,2369,3
255,3509,4
255,3510,5
255,3511,6
10744,3905,0
10744,7447,1
10744,49,2
10744,52647,3
10744,17402,4
10744,7004,5
10744,13241,6
83505,52234,0
83505,544959,1
83505,658081,2
83505,658083,3
83505,236727,4
83505,1041487,5
83505,24614,6
10511,2206,0
10511,14887,1
10511,33397,2
10511,65483,3
10511,938,4
10511,74578,6
10511,116714,7
180399,1267821,0
180399,46279,1
22289,556516,0
22289,556517,1
22289,556518,2
10028,56731,0
10028,327,1
10028,62122,2
10028,52847,3
10028,62123,4
10028,62127,5
10028,62124,6
616,500,0
616,3899,1
616,9191,2
616,3417,3
616,9195,4
616,9190,5
616,9194,6
288953,2782539,0
288953,4658762,1
288953,4658763,2
288953,4658764,3
96393,1009327,0
96393,19239,1
96393,7576,2
96393,26723,3
96393,17737,4
96393,187681,5
96393,11520,6
587,3061,0
587,3926,1
587,8289,2
587,4431,3
587,1283,4
587,8291,5
587,8294,6
21542,36811,0
21542,37936,1
21542,77330,2
21542,53493,3
21542,82587,4
21542,100653,5
21542,93820,6
6964,514,0
6964,3092,1
6964,6384,2
6964,3910,3
6964,2956,4
6964,15277,5
6964,12988,6
1792,1892,0
1792,17141,1
1792,8170,2
1792,19127,3
1792,58928,4
1792,2479042,5
1792,2938161,6
3635,1245,0
3635,5472,1
3635,207,2
3635,2037,3
3635,33448,4
3635,33449,5
3635,33450,6
41488,3895,0
41488,3063,1
41488,18325,2
41488,27554,3
41488,44079,4
41488,12642,5
41488,8785,6
122,109,0
122,1327,1
122,110,2
122,1328,3
122,1333,4
122,1330,5
122,1329,6
11820,1204,0
11820,205,1
11820,12041,2
11820,1579,3
11820,417,4
11820,17287,5
11820,6238,6
8696,15735,0
8696,477,1
8696,40041,2
8696,8443,3
8696,55688,4
8696,55689,5
8696,8785,6
12698,73985,0
12698,115863,2
12698,73987,3
12698,21111,4
12698,73989,5
12698,1402783,6
12698,27765,7
19187,6163,0
19187,20750,1
19187,43120,2
19187,16214,3
19187,9979,4
19187,4496,5
19187,9996,6
11093,6161,0
11093,2282,1
11093,12260,2
11093,3713,3
11093,21165,4
11093,21041,5
11093,206965,6
47952,26258,0
47952,29237,1
47952,107336,2
47952,10726,3
47952,139662,4
47952,47944,5
47952,1949475,6
504,6885,0
504,6886,1
504,6905,2
504,6906,3
504,6907,4
504,3201,5
504,94182,6
11007,67773,0
11007,5149,1
11007,5958,2
11007,11824,3
11007,15555,4
11007,85140,5
11007,58965,6
2289,9642,0
2289,2227,1
2289,9137,2
2289,20300,3
2289,2039,4
2289,1233,5
2289,524,6
9620,880,0
9620,139,1
9620,6383,2
9620,13242,3
9620,10132,4
9620,3977,5
9620,53820,6
10601,65838,0
10601,11355,1
10601,129050,2
10601,4390,3
10601,11616,4
10601,1315716,5
10601,1315717,6
52036,9206,0
52036,56890,1
52036,17051,2
52036,145204,3
52036,36095,4
52036,146281,5
52036,142333,6
42418,128094,0
42418,2557,1
42418,128095,2
42418,128096,3
42418,128097,4
42418,128098,5
13433,3051,0
13433,552209,1
13433,79105,2
13433,75710,3
13433,80266,5
13433,57799,6
13433,1230289,7
35712,134208,0
35712,5085,1
35712,25045,2
35712,134209,3
35712,134210,4
35712,134211,5
35712,1522687,6
14844,16855,0
14844,1247,1
14844,33532,2
14844,6692,3
14844,12799,4
14844,18750,5
14844,115665,6
26710,62842,0
26710,18471,1
26710,11486,2
26710,5384,3
26710,45245,4
26710,12110,5
26710,36219,6
37088,978103,0
37088,2048003,2
37088,2048008,3
37088,2048036,4
37088,2553178,5
37088,2553179,6
37088,2553180,7
31026,107521,0
31026,107522,1
31026,150267,2
31026,1381257,3
31026,1088662,4
31026,1088663,5
31026,4709337,7
5966,7399,0
5966,4491,1
5966,1233,2
5966,23959,3
5966,7447,4
5966,5587,5
5966,29092,6
24034,78729,0
24034,7090,1
24034,1225512,2
24034,15453,3
24034,28010,4
24034,26042,5
24034,5129,6
10718,26291,0
10718,9778,1
10718,34844,2
10718,56824,3
10718,31841,4
10718,19487,5
10718,37936,6
40427,233291,0
40427,233292,1
40427,1890645,2
40427,1890646,3
40427,1616417,4
40427,1890648,5
40427,1890649,6
14757,77274,0
14757,77275,1
14757,77276,2
14757,1413842,3
14757,2653151,4
14757,3595446,5
14757,4607477,6
11034,4135,0
11034,12021,1
11034,6905,2
11034,8963,3
11034,6914,4
11034,8975,5
11034,10475,6
25095,1137,0
25095,5469,1
25095,47627,2
25095,31921,3
25095,47493,4
25095,18325,5
25095,1523993,6
26983,8253,0
26983,33162,1
26983,39816,2
26983,7632,3
26983,77081,4
26983,95223,5
26983,96733,6
30080,10538,0
30080,12266,1
30080,12515,2
30080,18391,3
30080,18216,4
30080,44845,5
30080,18364,6
52867,7505,0
52867,4514,1
52867,83442,2
52867,109945,3
52867,4970,4
52867,13640,5
52867,124010,6
42599,12446,0
42599,18892,1
42599,39950,2
42599,2964,3
42599,94156,4
42599,104301,5
42599,184955,6
65012,2769,0
65012,4135,1
65012,4960,2
65012,39709,3
65012,8488,4
65012,12156,5
65012,9287,6
44801,26485,0
44801,27772,1
44801,1216876,2
44801,151327,3
44801,128152,4
44801,2774092,5
44801,64222,6
27465,7180,0
27465,26485,1
27465,1036,2
27465,586,3
27465,6105,4
27465,27163,5
27465,3753,6
83726,14415,0
83726,4785,1
83726,115573,2
83726,71010,3
83726,13524,4
83726,9763,5
83726,210196,6
24782,110001,0
24782,477,1
24782,136039,2
24782,53916,3
24782,130417,4
24782,93839,5
24782,126363,6
31395,57116,0
31395,11885,1
31395,53122,2
31395,92899,3
31395,12929,4
31395,24516,5
31395,12799,6
131313,13326,0
131313,862,1
131313,2481,2
131313,10018,3
131313,138166,4
131313,10653,5
131313,51879,6
34151,56819,0
34151,29092,1
34151,10983,2
34151,43773,3
34151,14326,4
34151,47699,5
34151,1249,6
15797,18702,0
15797,1181001,1
15797,31714,2
15797,157609,3
15797,18071,4
15797,148635,5
15797,59213,6
9548,57906,0
9548,10681,1
9548,12949,2
9548,57907,3
9548,34485,4
9548,18977,5
9548,121757,6
1937,20141,0
1937,14261,1
1937,3830,2
1937,19646,3
1937,12251,4
1937,37452,5
1937,14814,6
26712,4110,0
26712,18861,1
26712,2097,2
26712,11027,3
26712,19400,4
26712,161650,5
26712,69811,6
1882,3084,0
1882,7663,1
1882,11027,2
1882,8634,3
1882,9110,4
1882,19738,5
1882,98966,6
70627,738,0
70627,6972,1
70627,202194,2
70627,132719,3
70627,104943,4
70627,30675,5
70627,1222021,6
17258,21625,0
17258,3223,1
17258,2778,2
17258,1004,3
17258,1037,4
17258,27011,5
17258,68642,6
34681,159396,1
34681,1251070,2
34681,42324,3
34681,16307,5
34681,51856,6
34681,1346157,7
34681,61409,8
118910,4068,0
118910,30527,1
118910,1208,2
118910,522,3
118910,43975,4
118910,8632,5
118910,13259,6
6277,16927,0
6277,1037,1
6277,35084,2
6277,2189,3
6277,5419,4
6277,40305,5
6277,51938,6
11429,27993,0
11429,8541,1
11429,73269,2
11429,944099,3
11429,100657,5
11429,1011348,6
11429,24496,7
47072,9642,0
47072,41381,1
47072,138038,2
47072,5538,3
47072,218376,4
47072,218375,5
47072,59076,6
33642,39770,0
33642,514,1
33642,131285,2
33642,151604,3
33642,161715,4
33642,141372,5
33642,45317,6
14815,738,0
14815,11850,1
14815,32791,2
14815,18071,4
14815,41280,5
14815,39036,6
14815,2980,7
427,5764,1
427,5765,2
427,5766,3
427,5767,4
427,5768,5
427,5769,6
427,5770,7
43049,83391,0
43049,3267,1
43049,21876,2
43049,94550,3
43049,14575,4
43049,33644,5
43049,14001,6
3022,12147,0
3022,4111,1
3022,29623,2
3022,8841,3
3022,8731,4
3022,14451,5
3022,2438,6
778,11566,1
778,11567,2
778,11569,3
778,11568,4
778,2984742,5
778,5766,6
778,11571,7
3088,4958,0
3088,30289,1
3088,30290,2
3088,30291,3
3088,4302,4
3088,14517,5
3088,4303,6
23152,2638,0
23152,82170,1
23152,10027,2
23152,7668,3
23152,37884,4
23152,12022,5
23152,100919,6
23567,2638,0
23567,80994,1
23567,110938,2
23567,109407,3
23567,235726,4
23567,91260,5
23567,1732160,6
102057,61303,0
102057,8857,1
102057,4765,2
102057,14500,3
102057,37446,4
102057,23586,5
102057,10403,6
52367,2638,0
52367,40177,1
52367,9865,2
52367,145861,3
52367,4093,4
52367,153719,5
52367,12152,6
22584,4110,0
22584,4302,1
22584,7570,2
22584,95965,3
22584,11439,4
22584,41750,5
22584,99323,6
27725,46617,0
27725,4110,1
27725,83253,2
27725,11128,3
27725,30269,4
27725,7666,5
27725,40180,6
16227,4110,0
16227,7570,1
16227,30303,2
16227,11025,3
16227,94334,4
16227,95735,5
16227,95734,6
980,4958,0
980,13578,1
980,14655,2
980,5401,3
980,14659,4
980,4073,5
980,8515,6
16933,3152,0
16933,80994,1
16933,46617,2
16933,4110,3
16933,81018,4
16933,8729,5
16933,30157,6
42094,56819,0
42094,27563,1
42094,80928,2
42094,58661,3
42094,57351,4
42094,12900,5
42094,16542,6
26884,82315,0
26884,96534,1
26884,85848,2
26884,29601,3
26884,5832,4
26884,13344,5
26884,131448,6
37833,118630,0
37833,118631,1
37833,118632,2
37833,118633,3
37833,118634,4
37833,2098,5
37833,118635,6
18995,8254,0
18995,34516,1
18995,55821,2
18995,83987,3
18995,83988,4
18995,81183,5
18995,83989,6
43759,3155,0
43759,8253,1
43759,109701,2
43759,923,3
43759,130003,4
43759,13819,5
43759,17756,6
5205,1100,0
5205,19137,1
5205,41946,2
5205,41949,3
5205,35710,4
5205,35711,5
5205,35719,6
2017,2231,0
2017,63,1
2017,1640,2
2017,6806,3
2017,14324,4
2017,6465,5
2017,20696,6
38606,36819,0
38606,190154,1
38606,30233,2
38606,80237,3
38606,70424,4
38606,20624,5
38606,19783,6
14239,326,0
14239,5168,1
14239,287,2
14239,77012,3
14239,77013,4
14239,77014,5
14239,77015,6
55448,3036,0
55448,5578,1
55448,147,2
55448,1121,3
55448,4688,4
55448,1233,5
55448,17488,6
21779,4299,0
21779,7631,1
21779,39754,2
21779,24811,3
21779,857,4
21779,5255,5
21779,14732,6
71189,30233,0
71189,7631,1
71189,80237,2
71189,20624,3
71189,170996,4
71189,69951,5
71189,111191,6
67794,1666,0
67794,21245,1
67794,88811,2
67794,63611,3
67794,67567,4
67794,740,6
67794,87415,7
73515,12074,0
73515,1038,1
73515,4776,2
73515,2550,3
73515,19463,4
73515,77701,5
73515,173520,6
405,5402,0
405,5401,1
405,5403,2
405,5404,3
405,5405,4
405,5406,5
405,240913,6
9696,13275,0
9696,58604,1
9696,12470,4
9696,4990,5
9696,9193,6
9696,58609,7
9696,58610,8
4917,25129,0
4917,40000,1
4917,4765,2
4917,39998,3
4917,40001,4
4917,40002,5
4917,8233,6
37774,380,0
37774,3150,1
37774,10158,2
37774,14812,3
37774,514,4
37774,9221,5
37774,7124,6
5055,40914,0
5055,40619,1
5055,40915,2
5055,40916,3
5055,40917,4
5055,1072188,5
5055,930838,6
40140,8487,0
40140,16554,1
40140,51377,2
40140,18643,3
40140,193,4
40140,30123,5
40140,69763,6
42040,1205,0
42040,39188,1
42040,26663,2
42040,2506,3
42040,20768,4
42040,15198,5
42040,33807,6
29933,1093689,0
29933,139478,1
29933,591477,2
29933,930832,3
29933,938087,4
29933,80169,5
29933,39036,6
35888,27811,0
35888,11084,1
35888,1466,2
35888,8351,3
35888,21708,4
35888,1607,5
35888,63046,6
3059,8828,0
3059,8829,1
3059,29950,2
3059,29951,3
3059,29952,4
3059,29953,5
3059,29954,6
22727,100796,0
22727,89201,1
22727,89202,2
22727,1582648,5
22727,1110581,6
22727,45091,7
22727,89192,8
28586,67685,0
28586,100606,1
28586,101229,2
28586,101230,3
28586,592,4
28586,101231,5
28586,101232,6
56157,117736,0
56157,935921,1
56157,121206,2
56157,1632275,3
56157,1632276,4
56157,1632277,5
56157,15968,6
11708,61303,0
11708,70307,1
11708,30706,2
11708,9908,3
11708,10599,4
11708,55879,5
11708,11130,6
27329,565525,0
27329,81039,1
27329,227708,2
27329,127841,3
27329,565526,4
27329,565527,5
27329,565528,6
42514,6837,0
42514,21151,1
42514,30618,2
42514,30123,3
42514,127260,4
42514,160136,5
42514,2546546,6
20444,3151,0
20444,18365,1
20444,68898,2
20444,32394,3
20444,12357,4
20444,86136,5
20444,72680,6
17736,1328,0
17736,6684,1
17736,37822,2
17736,9296,3
17736,70233,4
17736,6474,5
17736,6677,6
114046,6777,0
114046,89613,1
114046,105723,2
114046,107023,3
114046,1061584,4
114046,105732,5
114046,106552,6
82283,102499,0
82283,30555,1
82283,134268,2
82283,109613,3
82283,98008,4
82283,1033217,5
82283,1508144,7
1954,18976,0
1954,20189,1
1954,4766,2
1954,20220,3
1954,10128,4
1954,7036,5
1954,824,6
13476,7517,0
13476,17052,1
13476,19536,2
13476,78729,3
13476,52601,4
13476,21163,5
13476,417,6
11194,68534,0
11194,68535,1
11194,68537,2
11194,68538,3
11194,68536,4
11194,68539,5
12634,887,0
12634,192,1
12634,33,2
12634,22121,3
12634,8261,4
12634,980,5
12634,10739,6
13505,16828,0
13505,23821,1
13505,1245,2
13505,21711,3
13505,1214309,4
13505,24200,5
13505,26457,6
14114,77801,0
14114,77802,1
14114,235028,2
14114,235030,3
14114,1216509,4
14114,22122,5
14114,235031,6
15708,28634,0
15708,78595,1
15708,14061,2
15708,24045,3
15708,78596,4
15708,5960,5
15708,43902,6
21301,9778,0
21301,5726,1
21301,230176,2
21301,11868,3
21301,31711,4
21301,8177,5
21301,15758,6
20483,37917,0
20483,41883,1
20483,67602,2
20483,3130,3
20483,8213,4
20483,3911,5
20483,6474,6
14292,6856,0
14292,1276,1
14292,55115,2
14292,11315,3
14292,17646,4
14292,6074,5
14292,25987,6
44539,27163,0
44539,138814,1
44539,20080,2
44539,19068,3
44539,77929,4
44539,5079,5
44539,23224,7
1278,10692,0
1278,10912,1
1278,16269,2
1278,10731,3
1278,16349,4
1278,16350,5
1278,1653,6
18841,65409,0
18841,88838,1
18841,88839,2
18841,1990,3
18841,88840,4
18841,88841,5
18841,88842,6
25925,94353,0
25925,94352,1
25925,107009,2
25925,5724,3
25925,551998,4
25925,74828,5
25925,21411,6
32035,13022,0
32035,20,1
32035,10427,2
32035,689,3
32035,1734,4
32035,15854,5
32035,37042,6
74395,12975,0
74395,65921,1
74395,5723,2
74395,14331,3
74395,65397,4
74395,123897,5
74395,155551,6
19361,39117,0
19361,7036,1
19361,4138,2
19361,75465,3
19361,5010,4
19361,109571,5
19361,56785,6
81824,21277,0
81824,12836,1
81824,77133,2
81824,8975,3
81824,10159,4
81824,78620,5
81824,105991,6
21968,55841,0
21968,88147,1
21968,173682,2
21968,981005,3
21968,6772,4
21968,1655536,5
21968,129933,6
29493,16897,0
29493,51962,1
29493,15152,2
29493,65398,3
29493,7622,4
29493,14254,5
29493,103982,6
29473,16897,0
29473,51962,1
29473,2067,2
29473,22384,3
29473,31366,4
29473,15531,5
29473,65398,6
29464,16897,0
29464,51962,1
29464,33162,2
29464,103903,3
29464,9309,4
29464,2067,5
29464,43976,6
37900,2165,0
37900,4520,1
37900,11701,2
37900,327,3
37900,73589,4
37900,616517,5
37900,59011,6
91390,4173,0
91390,6588,1
91390,55152,2
91390,26563,3
91390,2235229,4
91390,151819,5
91390,120833,6
33557,879,0
33557,4784,1
33557,4154,2
33557,65562,3
33557,6587,4
33557,11164,5
33557,12899,6
7008,16897,0
7008,3895,1
7008,51812,2
7008,51813,3
7008,11852,4
7008,1757,5
7008,9134,6
30566,16028,0
30566,6780,1
30566,65398,2
30566,86138,3
30566,13950,4
30566,15719,5
30566,937883,6
42466,16028,0
42466,161573,1
42466,2230,2
42466,40390,3
42466,10090,4
42466,47460,5
42466,1176365,6
76176,215130,1
76176,325,2
76176,61658,3
76176,61649,4
76176,17338,5
76176,2630744,6
76176,238825,7
18446,18892,0
18446,6856,1
18446,77133,2
18446,10430,3
18446,228,4
18446,174639,5
18446,18686,6
22004,2053,0
22004,21411,1
22004,6573,2
22004,9778,3
22004,56183,4
22004,7677,5
22004,4943,6
11023,38940,0
11023,59252,1
11023,18686,2
11023,55493,3
11023,23958,4
11023,67599,5
11023,25836,6
47802,31512,0
47802,32029,1
47802,135162,2
47802,17257,3
47802,42993,4
47802,120675,5
47802,188721,6
92298,15197,0
92298,10823,1
92298,227851,2
92298,186291,3
92298,982402,4
92298,2674711,5
92298,2674712,6
35227,8630,0
35227,1057145,1
35227,1057146,2
35227,1057147,3
35227,34757,4
35227,35504,5
35227,940168,6
29852,54123,0
29852,105049,1
29852,100552,2
29852,13949,3
29852,8516,4
29852,77114,5
29852,105050,6
23001,88953,0
23001,89672,1
23001,89673,2
23001,83452,3
23001,30018,4
23001,9072,5
23001,13966,6
51049,12836,0
51049,2453,1
51049,188368,2
51049,57448,3
51049,14702,4
51049,116579,5
51049,9259,6
11221,56819,0
11221,776,1
11221,689,2
11221,10477,3
11221,132726,5
11221,20906,6
11221,119232,7
1824,19292,0
1824,69597,1
1824,60949,2
1824,1328,3
1824,19293,4
1824,707,5
1824,59401,6
16784,193,0
16784,15757,1
16784,4726,2
16784,16307,3
16784,11870,4
16784,2223,5
16784,9626,6
44674,19068,0
44674,5079,1
44674,27163,2
44674,20080,3
44674,77929,4
44674,23224,6
44674,1004579,7
292090,39126,0
292090,143432,1
292090,94135,2
292090,62817,3
292090,2131,4
292090,44550,5
292090,1217614,6
11083,67986,0
11083,67987,1
11083,67988,2
11083,67989,3
11083,1671,4
11083,107542,5
11083,6287,6
54045,20666,0
54045,49025,1
54045,16921,2
54045,19062,3
54045,5444,4
54045,52346,5
54045,84440,6
337,5004,0
337,6547,1
337,5079,2
337,6548,3
337,6549,4
337,6550,5
337,6551,6
11951,27860,0
11951,68091,1
11951,29313,2
11951,71019,3
11951,1481,5
11951,83411,6
11951,13875,7
43376,150819,0
43376,150820,1
43376,150821,2
43376,150822,3
43376,50572,4
43376,150823,5
43376,150824,6
28963,109088,0
28963,14488,1
28963,108104,2
28963,29981,3
28963,1173025,4
28963,13341,5
28963,29580,6
2576,26142,0
2576,24820,1
2576,7632,2
2576,6679,3
2576,26147,4
2576,23708,5
2576,6930,6
22561,1372834,0
22561,1090077,1
22561,228158,2
22561,225140,3
22561,1083107,4
22561,1149293,5
22561,3333811,6
19345,26513,0
19345,9207,1
19345,17578,2
19345,2778,3
19345,51812,4
19345,12646,5
19345,20904,6
14430,7370,0
14430,7372,1
14430,70984,2
14430,1070128,3
14430,76872,4
14430,76871,5
14430,1011148,6
12775,585,0
12775,10431,1
12775,73489,2
12775,12536,3
12775,59369,4
12775,653,5
12775,591,6
9838,28906,0
9838,4430,1
9838,14503,2
9838,655,3
9838,59804,4
9838,2346959,5
9838,1688027,6
50075,109088,0
50075,34744,1
50075,141305,2
50075,8841,3
50075,29603,4
50075,29952,5
50075,1096850,6
2099,1100,0
2099,21519,1
2099,21520,2
2099,1165,3
2099,2055,4
2099,21523,5
2099,7333,6
42852,3609,0
42852,93805,1
42852,81933,2
42852,11859,3
42852,4112,4
42852,40947,5
42852,106633,6
40454,4091,0
40454,7303,1
40454,8828,2
40454,2436,3
40454,11168,4
40454,6856,5
40454,137831,6
6470,2963,0
6470,2176,1
6470,586,2
6470,51916,3
6470,3211,4
6470,21490,6
6470,63941,7
20032,239541,0
20032,171104,1
20032,3134,2
20032,77155,3
20032,239539,4
20032,239540,5
20032,1269910,6
8842,5344,0
8842,4987,1
8842,17764,2
8842,4252,3
8842,68122,4
8842,830,5
8842,11703,6
11132,49265,0
11132,28472,1
11132,21104,2
11132,17486,3
11132,116027,4
11132,10556,5
11132,19537,6
9352,41464,0
9352,54414,1
9352,49961,2
9352,57404,3
9352,980,4
9352,20584,5
9352,946090,6
615,8767,0
615,8768,1
615,8769,2
615,8770,3
615,28782,4
615,8772,5
615,44650,6
11217,56251,0
11217,35476,2
11217,2053,3
11217,52051,4
11217,20492,5
11217,1218330,6
11217,56252,8
10677,8688,0
10677,6979,1
10677,6068,2
10677,21134,3
10677,23495,4
10677,31717,5
10677,21027,6
13572,15852,0
13572,2231,1
13572,1271,2
13572,11064,3
13572,21354,4
13572,1236,5
13572,20187,6
30735,20441,0
30735,52684,1
30735,52687,2
30735,19942,3
30735,545784,4
30735,545785,5
30735,545786,6
338,3872,0
338,4792,1
338,4793,2
338,4794,3
338,4795,4
338,4796,5
338,3934,6
2023,110,0
2023,20803,1
2023,5004,2
2023,20805,3
2023,18999,4
2023,20808,5
2023,20806,6
9384,7399,0
9384,887,1
9384,19767,2
9384,4937,3
9384,9811,4
9384,3196,5
9384,23532,6
25935,6162,0
25935,5293,1
25935,2524,2
25935,1248,3
25935,16358,4
25935,82636,5
25935,18022,6
797,6657,0
797,11916,1
797,11917,2
797,6649,3
797,11918,4
42602,2201,0
42602,11916,1
42602,6657,2
42602,38127,3
42602,240400,4
42602,145693,5
42602,575499,6
60792,14729,0
60792,14262,1
60792,14974,2
60792,6352,3
60792,10606,4
60792,94889,5
60792,102267,6
70113,4110,0
70113,40529,1
70113,98516,2
70113,12249,3
70113,68133,4
70113,103672,5
70113,10072,6
47474,141,0
47474,11916,1
47474,9908,2
47474,10263,3
47474,238162,4
47474,7803,5
47474,51563,6
56188,33741,0
56188,10158,1
56188,3151,2
56188,14503,3
56188,9874,4
56188,132598,5
56188,1069932,6
29084,11546,0
29084,102864,1
29084,39874,2
29084,37183,3
29084,36214,4
29084,37462,5
29084,581205,6
1723,18861,1
1723,18860,2
1723,4776,3
1723,18859,4
1723,21153,5
1723,982077,6
1723,8633,7
25955,12149,0
25955,19216,1
25955,7684,2
25955,20100,3
25955,26660,4
25955,83149,5
25955,86356,6
41876,21605,0
41876,8742,1
41876,32059,2
41876,32058,3
41876,39710,4
41876,27166,5
41876,38171,6
62190,5563,0
62190,12519,1
62190,98234,2
62190,69399,3
62190,97545,4
62190,1246168,5
62190,109786,6
43323,3359,0
43323,99461,1
43323,130012,2
43323,12689,3
43323,11857,4
43323,47015,5
43323,53818,6
67022,6553,0
67022,10978,1
67022,27554,2
67022,660,3
67022,30720,4
67022,53585,5
67022,138333,6
24548,91724,0
24548,91725,1
24548,84164,2
24548,56124,3
24548,91726,4
24548,80502,5
24548,6681,6
31602,3084,0
31602,6352,1
31602,4135,2
31602,5249,3
31602,4301,4
31602,20604,5
31602,2433,6
57744,18706,0
57744,36059,1
57744,65471,2
57744,180925,3
57744,167811,4
57744,12483,6
57744,37422,7
37044,65,0
37044,1243178,1
37044,4089934,2
37044,4089943,3
37044,2037233,4
37044,4089948,5
37044,3306315,6
42989,12446,0
42989,30706,1
42989,40943,2
42989,71733,3
42989,117546,4
42989,70753,5
42989,94838,6
17047,51391,0
17047,18471,1
17047,35865,2
17047,71586,3
17047,65528,4
17047,43774,5
17047,10731,6
10591,46593,0
10591,25837,1
10591,18082,2
10591,59238,3
10591,17142,4
10591,1736,5
10591,19207,6
1586,85,0
1586,1241,1
1586,49,2
1586,16327,3
1586,17764,4
1586,41247,5
1586,59199,6
11169,5576,0
11169,15543,1
11169,3905,2
11169,68430,3
11169,18977,4
11169,40462,5
11169,21798,6
49689,583765,0
49689,584154,1
49689,1758775,2
49689,1073785,3
49689,5187197,4
49689,231035,5
49689,19943,6
266687,1112388,0
266687,205770,1
156,1833,0
156,1643,1
156,1834,2
156,1835,3
156,1019,4
156,1836,5
156,1837,6
2778,519,0
2778,28164,1
2778,2453,2
2778,12850,3
2778,21125,4
2778,28165,5
2778,1739514,6
10433,380,0
10433,139,1
10433,1532,2
10433,16560,3
10433,5170,4
10433,27736,5
10433,1907,6
47168,10707,0
47168,4581,1
47168,10713,2
47168,51812,3
47168,77637,4
47168,8930,5
47168,11275,6
58995,5049,0
58995,13724,1
58995,2222,2
58995,59962,3
58995,9927,4
58995,5012,5
58995,3617,6
43236,29623,0
43236,3382,1
43236,19411,3
43236,115334,4
43236,11128,5
43236,6725,6
43236,33716,7
142168,4687,0
142168,26513,1
142168,2165,2
142168,4885,3
142168,1641,4
142168,4784,5
142168,41694,6
40752,77920,0
40752,1062,1
40752,9599,2
40752,13023,3
40752,58710,4
40752,786,5
40752,1069,6
924,98,0
924,10182,1
924,4177,2
924,327,3
924,15232,4
924,50217,5
924,7431,6
38,206,0
38,204,1
38,205,2
38,103,3
38,109,4
38,207,5
38,209,6
11081,11701,0
11081,569,1
11081,2628,2
11081,4800,3
11081,15533,4
11081,10698,5
11081,7037,6
4377,1863,0
4377,36786,1
4377,36787,2
4377,36788,3
4377,22515,4
4377,7806,5
4377,36789,6
16941,72466,0
16941,17782,1
16941,9015,2
16941,2037,3
16941,31713,4
16941,1834,5
16941,73287,6
1720,18818,0
1720,18819,1
1720,18820,2
1720,18821,3
1720,18822,4
1720,3916282,5
9541,880,0
9541,57893,1
9541,882,2
9541,15903,3
9541,21593,4
9541,16866,5
9541,17401,6
5516,31,0
5516,43853,1
5516,9562,2
5516,18999,3
5516,21629,4
5516,43858,5
5516,43859,6
20304,21355,0
20304,15234,1
20304,8177,2
20304,58962,3
20304,93602,4
20304,6735,5
20304,58924,6
11024,33260,0
11024,11863,1
11024,26457,2
11024,1817,3
11024,58271,4
11024,13922,5
11024,1039,6
53734,15234,0
53734,1462,1
53734,1246,2
53734,45446,3
53734,19511,4
553,2227,0
553,6162,1
553,5049,2
553,1640,3
553,4492,4
553,1276,5
553,856,6
10544,1810,0
10544,114,1
10544,118,2
10544,3489,3
10544,33192,4
10544,17019,5
10544,62105,7
1487,2372,0
1487,11826,1
1487,17005,2
1487,5049,3
1487,17283,4
1487,4175,5
1487,66268,6
13700,46393,0
13700,5309,1
13700,7906,2
13700,884,3
13700,27237,4
13700,9777,5
13700,1811,6
11137,12041,0
11137,68307,1
11137,18025,2
11137,8436,3
11137,1292,4
11137,19958,5
11137,55378,6
11358,18918,0
11358,9656,1
11358,2203,2
11358,31029,3
11358,71128,4
11358,54495,5
11358,38571,6
13573,1896,0
13573,30614,1
13573,21594,2
13573,1979,3
13573,20089,4
13573,5313,5
13573,1812,6
19084,5726,0
19084,27011,1
19084,68609,2
19084,58197,3
19084,1219094,4
19084,21596,5
19084,82587,6
10733,6065,0
10733,879,1
10733,12261,2
10733,17178,3
10733,263,4
10733,56679,5
10733,25933,6
14442,1813,0
14442,12791,1
14442,2130,2
14442,47653,3
14442,34901,4
14442,66446,5
14442,64411,6
2122,62,0
2122,14408,1
2122,2956,2
2122,57395,3
2122,7166,4
2122,1479,5
2122,21798,6
25300,93505,0
25300,120129,1
25300,37946,2
25300,55912,3
25300,93508,4
25300,68162,5
25300,93509,6
14576,56778,0
14576,16483,1
14576,134,2
14576,5168,3
14576,9030,4
14576,29369,5
14576,11066,6
13432,229466,0
13432,229464,1
13432,543366,2
13432,1106014,3
13432,1106015,4
13432,1106016,5
13432,1106017,6
26636,95899,0
26636,95900,1
6844,10017,0
6844,14528,1
6844,10606,2
6844,13566,3
6844,41240,4
6844,48958,5
6844,39608,6
923,15069,0
923,15070,1
923,15071,2
923,15072,3
923,15073,4
923,15074,5
923,15075,6
2587,26255,0
2587,26256,1
2587,26257,2
2587,26258,3
2587,24699,4
2587,24499,5
2587,12248,6
3591,21462,0
3591,31545,1
3591,33220,2
3591,10513,3
3591,9925,4
3591,33221,5
3591,33222,6
28026,11150,0
28026,70767,1
28026,46772,2
28026,99406,3
28026,58543,4
28026,15309,5
28026,110877,6
26176,21462,0
26176,51962,1
26176,1037,2
26176,922,3
26176,8262,4
26176,52374,5
26176,94783,6
41857,854,0
41857,4299,1
41857,12950,2
41857,21462,3
41857,15668,4
41857,70990,5
41857,87473,6
78364,38085,0
78364,28412,1
78364,1811,3
78364,90180,4
78364,28246,5
78364,84848,6
78364,14109,7
10338,38761,0
10338,15197,1
10338,1292,2
10338,45982,3
10338,6599,4
10338,9908,5
10338,19162,6
33839,20125,0
33839,82170,1
33839,13577,2
33839,133730,3
33839,30512,4
33839,10611,5
33839,12969,6
133919,11916,0
133919,38127,1
133919,6657,2
133919,46867,3
133919,6662,4
133919,92052,5
133919,116509,6
95548,13565,0
95548,855,1
95548,18666,2
95548,8496,3
95548,8493,4
95548,2643,5
95548,54683,6
50549,82170,0
50549,13577,1
50549,48958,2
50549,30551,3
50549,30211,4
50549,11439,5
50549,10611,6
38978,1428,0
38978,124884,1
38978,197986,2
38978,212580,3
38978,10025,4
38978,81464,5
38978,212519,6
92331,8349,0
92331,2224,1
92331,4430,2
92331,2962,3
92331,46423,4
92331,1164,5
92331,158356,6
111883,1241,0
111883,1010,1
111883,219437,2
111883,171379,3
111883,6913,4
111883,22384,5
111883,32897,6
42245,88163,0
42245,25635,1
42245,14562,2
42245,44188,3
42245,46617,4
42245,16558,5
42245,16173,6
68347,99806,0
68347,229714,1
68347,555159,2
68347,116487,3
68347,60095,4
68347,159647,5
68347,61185,6
107285,12134,0
107285,99826,1
107285,82406,2
107285,1213802,3
107285,3104084,4
107285,2444534,6
107285,157607,7
34082,24937,0
34082,82388,1
34082,83400,2
34082,20100,3
34082,30416,4
34082,100944,5
34082,5795,6
22999,89670,0
22999,78057,1
22999,81798,2
22999,14029,3
22999,30017,4
22999,22099,5
22999,117770,6
20278,30111,0
20278,29642,1
20278,85862,2
20278,85863,3
20278,83468,4
20278,8241,5
20278,13967,6
18698,30111,0
18698,29642,1
18698,83468,2
18698,940179,3
18698,91654,4
18698,153264,5
18698,78193,6
47201,9274,0
47201,5401,1
47201,5563,2
47201,7502,3
47201,52374,4
47201,68091,5
47201,99815,6
12239,585,0
12239,5049,1
12239,8977,2
12239,2778,3
12239,14541,4
12239,41229,5
12239,47457,7
4365,13640,0
4365,37597,1
4365,35875,2
4365,37598,3
4365,37599,4
4365,164416,5
4365,8663,6
86182,9907,0
86182,9126,1
86182,30928,2
86182,13325,3
86182,24695,4
86182,7504,5
86182,74690,6
45862,18181,0
45862,25306,1
45862,60077,2
45862,85825,3
45862,177165,4
45862,149834,5
45862,94642,6
65066,80625,0
65066,40176,1
65066,3171,2
65066,15414,3
65066,161769,4
65066,1717860,5
65066,1119770,6
42228,40176,0
42228,10437,1
42228,17695,2
42228,35370,3
42228,593,4
42228,74763,5
42228,67761,6
16561,6837,0
16561,80625,1
16561,24318,2
16561,71898,3
16561,80626,4
16561,73030,5
16561,1164,6
54655,9995,0
54655,32597,1
54655,6726,2
54655,106791,3
54655,150972,4
54655,1507101,5
54655,4787,6
70779,1682146,7
70779,1694926,8
70779,2165378,9
70779,30133,10
70779,65764,11
70779,27798,12
70779,97921,13
10843,2171,0
10843,2165,1
10843,55192,2
10843,63208,3
10843,9625,4
10843,8437,5
10843,11512,6
2098,21457,0
2098,13567,1
2098,2558,2
2098,21510,3
2098,16669,4
2098,45104,5
2098,1541923,6
65332,3753,0
65332,25810,1
65332,39476,2
65332,85648,3
65332,140812,4
65332,33929,5
65332,51744,6
34303,112217,0
34303,112218,1
34303,77120,3
34303,112219,4
34303,77763,5
34303,1155271,6
34303,2263397,7
15673,54645,0
15673,3051,1
15673,12640,2
15673,57093,3
15673,12224,4
15673,34457,5
15673,95519,6
393,139,0
393,141,1
393,589,2
393,147,3
393,240171,4
393,2536,5
393,6585,6
7220,11155,0
7220,8891,1
7220,883,2
7220,6355,3
7220,15007,4
7220,11107,5
7220,20767,6
163676,2671654,0
163676,1351170,1
163676,2515437,2
163676,2515440,3
163676,2515442,4
163676,2515444,5
163676,2515447,7
237,3061,0
237,3063,1
237,3064,2
237,1246,3
237,3065,4
237,3069,5
237,3071,6
126117,2228,0
126117,1733,1
126117,11159,2
126117,56441,3
126117,9880,5
126117,16433,6
126117,57755,7
10096,9278,0
10096,103,1
10096,20750,2
10096,1333,3
10096,1907,4
10096,58741,5
10096,21532,6
9509,5292,0
9509,501,1
9509,4690,2
9509,8329,3
9509,47775,4
9509,3753,5
9509,10768,6
19016,27772,0
19016,76669,1
19016,15761,2
19016,40279,3
19016,1230,4
19016,84495,5
19016,59645,6
60645,1156250,0
60645,1156251,1
60645,1156252,2
60645,1156253,3
60645,1156254,4
60645,1156255,5
10710,7399,0
10710,70851,1
10710,3293,2
10710,4690,3
10710,56322,4
10710,76414,5
10710,57191,6
11058,17141,0
11058,11008,1
11058,380,2
11058,52414,3
11058,133252,4
11058,1228341,5
11058,40385,6
11141,517,0
11141,1231,1
11141,3968,2
11141,7489,3
11141,3713,4
11141,4496,5
11141,1129795,6
10625,49265,0
10625,53714,1
10625,51988,2
10625,22082,3
10625,71070,4
10625,32598,5
10625,76996,6
54807,18688,0
54807,151156,1
54807,17225,2
54807,65166,5
54807,5170,7
54807,1796557,8
54807,159109,9
11025,67848,0
11025,67849,1
11025,26510,2
11025,28637,3
11025,67850,4
11025,49623,5
11025,552133,6
7131,6968,0
7131,3967,1
7131,12206,2
7131,1371,3
7131,96892,4
7131,3623,5
7131,54500,6
26899,46593,0
26899,4729,1
26899,28633,2
26899,59254,3
26899,54834,4
26899,4442,5
26899,2037733,6
30125,105734,0
30125,2744,1
30125,105736,2
30125,105738,3
30125,105739,4
30125,105740,5
30125,105741,7
16428,134,0
16428,9779,1
16428,17773,2
16428,12688,3
16428,18285,4
16428,36068,5
16428,22124,6
652,287,0
652,114,1
652,8783,2
652,1248,3
652,48,4
652,2039,5
652,9824,6
8440,55101,0
8440,42125,1
8440,55102,2
8440,55103,3
8440,55029,4
8440,55104,5
8440,17289,6
883,4818,0
883,3214,1
883,13602,2
883,13603,3
883,884,4
883,13604,5
883,2887,6
38018,4885,0
38018,16790,1
38018,119384,2
38018,57738,3
38018,119385,4
38018,96629,5
38018,366120,6
34377,56557,0
34377,112253,1
34377,161908,2
34377,19183,3
34377,235937,4
34377,1366109,5
34377,2077,6
20375,148388,0
20375,148389,1
20375,143126,2
20375,148392,3
20375,89511,4
20375,148393,5
20375,124291,6
10375,16483,0
10375,6416,1
10375,17764,2
10375,10823,3
10375,6970,4
10375,2954,5
10375,24047,6
42015,8978,0
42015,8975,1
42015,28029,2
68440,3380,0
68440,2092,1
68440,30226,2
68440,11028,3
68440,83260,4
68440,17755,5
68440,118022,6
12503,1733,0
12503,193,1
12503,593,2
12503,228,3
12503,1352,4
12503,15416,5
12503,162169,6
11864,6065,0
11864,20959,1
11864,591,2
11864,70782,3
11864,84422,4
11864,69070,5
11864,35111,6
9461,19429,0
9461,11163,1
9461,82832,2
9461,65971,3
9461,161795,4
9461,131170,5
9461,115916,6
57811,87335,0
57811,142322,1
57811,90219,2
57811,115173,3
57811,260762,4
57811,225207,5
57811,10698,6
132,1428,0
132,1429,1
132,1430,2
132,1432,3
132,1431,4
132,1433,5
132,1435,6
28276,213479,0
28276,82873,1
28276,33135,2
28276,131016,3
28276,131013,4
28276,213488,5
28276,135135,6
18329,69637,0
18329,1337,1
18329,1622,2
18329,133825,3
17993,10430,0
17993,139,1
17993,2319,2
17993,1979,3
17993,72328,4
17993,20285,6
17993,94693,7
37447,229295,0
37447,1185345,1
37447,1185346,2
37447,1185354,3
37447,110589,4
37447,1185356,5
37447,1185358,6
4339,36486,0
4339,36490,2
4339,36491,3
4339,36493,4
4339,36494,5
4339,36496,6
4339,36498,7
42108,4274,0
42108,17882,1
42108,38901,2
42108,28281,3
42108,16349,4
42108,5274,5
42108,1076679,6
18513,35320,0
18513,88921,1
18513,59804,2
18513,83619,3
18513,88922,4
18513,88924,5
18513,1497269,6
26517,15057,0
26517,95603,1
26517,100507,2
26517,100508,3
26517,100509,5
26517,100510,6
26517,100511,7
28285,109410,0
28285,14831,1
28285,5248,2
28285,109411,3
28285,1823722,4
28285,30519,5
28285,12356,6
22137,56882,0
22137,935445,1
22137,209386,2
22137,64122,3
22137,47153,4
22137,40420,5
22137,137366,6
5247,6913,0
5247,19957,1
5247,42307,2
5247,16215,3
5247,6104,4
5247,9045,5
5247,3041,6
31676,2295,0
31676,4173,1
31676,13920,2
31676,32225,3
31676,6473,4
31676,13550,5
31676,52,6
49622,15735,0
49622,7036,1
49622,1146,2
49622,8949,3
49622,62384,4
49622,64712,5
49622,20173,6
238952,592634,0
238952,2738915,1
238952,2738917,2
238952,3783,3
238952,16757,4
10035,17243,0
10035,59192,1
10035,35768,2
10035,25541,3
10035,40978,4
10035,56824,5
10035,27727,6
502,4958,0
502,6837,1
502,6839,2
502,6840,3
502,6838,4
502,2651,5
502,6836,6
41965,1004600,0
41965,1004601,1
41965,21104,2
41965,9138,3
41965,29068,4
41965,125040,5
41965,2542159,6
10347,1925,0
10347,10698,1
10347,28782,2
10347,35965,3
10347,54807,4
10347,17497,5
10347,2170,6
1373,11275,0
1373,16700,1
1373,16690,2
1373,16692,3
1373,1924,4
1373,30435,5
1373,16691,6
30959,85307,0
30959,76975,1
30959,111235,2
30959,72539,3
30959,142492,4
30959,552640,5
30959,552641,6
43341,66075,0
43341,15666,1
43341,3340,2
43341,143754,3
43341,99754,4
43341,13298,5
43341,103717,6
20561,2190885,0
20561,560309,1
20561,556916,2
20561,556915,3
20561,556918,4
20561,560308,5
20561,556917,6
13055,35468,0
13055,47297,1
13055,156740,2
13055,9047,3
13055,159320,4
13055,149216,5
13055,149640,6
667,738,0
667,10068,1
667,10070,2
667,10071,3
667,10072,4
667,10073,5
667,9221,6
700,10222,0
700,10342,1
700,10508,2
700,10509,3
700,10510,4
700,782,5
700,1233481,6
21594,10606,0
21594,3090,1
21594,87685,2
21594,7685,3
21594,14576,4
21594,9110,5
21594,11496,6
26976,7056,0
26976,187565,1
26976,141955,2
26976,1062,3
26976,20300,4
26976,30082,5
26976,94137,7
36670,738,0
36670,10647,1
36670,2201,2
36670,10938,3
36670,326,4
36670,10939,5
36670,8224,6
18872,83746,0
18872,13275,1
18872,19590,2
18872,553121,3
18872,13283,4
18872,115655,5
18872,553122,6
44864,131568,0
44864,131569,1
44864,131570,2
44864,131571,3
44864,131572,4
44864,131573,5
44864,131574,6
31993,30155,0
31993,18156,1
31993,29578,2
31993,13906,3
31993,13992,4
31993,1287296,5
31993,8637,6
43818,93805,0
43818,3359,1
43818,88870,2
43818,82412,3
43818,41516,4
43818,11495,5
43818,82383,6
28290,8487,0
28290,39554,1
28290,13576,2
28290,117617,3
28290,5248,4
28290,103441,5
28290,4966,6
24650,4068,0
24650,1934,1
24650,2669,2
24650,51764,3
24650,33484,4
24650,40180,5
24650,14518,6
55086,3380,0
55086,2433,1
55086,70985,2
55086,29127,3
55086,95965,4
55086,52756,5
55086,30157,6
43525,3380,0
43525,8725,1
43525,20364,2
43525,33022,3
43525,11169,4
43525,107684,5
43525,9071,6
20640,12147,0
20640,6598,1
20640,20366,2
20640,5832,3
20640,30279,4
20640,79246,5
20640,103922,6
50363,6598,0
50363,29327,1
50363,31696,2
50363,7333,3
50363,161970,4
50363,111167,5
50363,115060,6
633,585,0
633,1924,1
633,9127,2
633,9128,3
633,9129,4
633,9130,5
633,9131,6
5511,15135,0
5511,27440,1
5511,43814,2
5511,43815,3
5511,20945,5
5511,54403,6
5511,277526,7
41003,4038,0
41003,13548,1
41003,8534,2
41003,1206,3
41003,39015,4
41003,21521,5
41003,56105,6
13936,82387,0
13936,77081,1
13936,16002,2
13936,129521,3
13936,60158,4
13936,11998,5
13936,6577,6
294,4161,1
294,4162,2
294,164660,3
294,30622,4
294,149463,5
294,1664464,6
294,29385,7
11507,62893,0
11507,29369,1
11507,2518,2
11507,39574,3
11507,19752,4
11507,11901,5
11507,104385,6
17538,4165,0
17538,6598,1
17538,2516,2
17538,12518,3
17538,53010,4
17538,68681,5
17538,19139,6
10435,3223,0
10435,400,1
10435,80365,2
10435,3141,3
10435,63,4
10435,137924,5
10435,20005,6
1162,10774,0
1162,27446,1
1162,15666,2
1162,15667,3
1162,15668,4
1162,15669,5
1162,101434,6
34328,8978,0
47108,142366,0
47108,142367,1
47108,6535,2
47108,1275751,3
47108,3364991,4
47108,19886,5
47108,1275752,6
47140,87335,0
47140,55101,1
47140,8600,2
47140,1803592,3
47140,102553,4
47140,2426989,5
47140,1032049,6
40930,51670,0
40930,389,1
40930,6474,2
40930,5503,3
40930,1041562,4
40930,6907,5
40930,62281,6
14684,18269,0
14684,1892,1
14684,5577,2
14684,36631,3
14684,65704,4
14684,6614,5
14684,880,6
58467,11149,0
58467,54789,1
58467,34543,2
58467,1234,3
58467,11826,4
58467,76314,5
58467,62010,6
10261,6913,0
10261,33181,1
10261,10080,2
10261,11478,3
10261,10555,4
10261,64457,5
10261,27422,6
163869,12799,0
163869,6681,1
163869,10080,2
163869,12900,3
163869,20752,4
163869,103898,5
163869,36055,6
13937,12074,0
13937,12139,1
13937,1159,2
13937,36926,3
13937,2518,4
13937,19453,5
13937,25306,6
25355,1338,0
25355,1653,1
25355,6019,2
25355,35965,3
25355,130890,4
25355,13609,5
25355,6546,6
29601,30111,0
29601,29642,1
29601,105505,2
29601,83396,3
29601,83253,4
29601,32430,5
29601,1221906,6
66115,33836,0
66115,169586,1
66115,62384,2
66115,14990,3
66115,122491,4
66115,3759333,5
66115,29368,6
23981,64701,1
23981,69033,2
23981,1376527,3
23981,1376528,4
26670,14837,0
26670,3895,1
26670,656,2
26670,14415,3
26670,21619,4
26670,95975,5
26670,20006,6
44047,20387,0
44047,589,1
44047,941,2
44047,21315,3
44047,73700,4
44047,42746,5
44047,56441,6
31965,1905,0
31965,51755,1
31965,1125461,2
31965,2964,3
31965,108641,4
31965,74689,5
31965,67917,6
5842,45992,0
5842,45993,1
5842,1053950,2
5842,45995,3
5842,1053951,4
5842,45994,5
5842,134553,6
19463,10921,0
19463,14868,1
19463,13991,2
19463,87697,3
19463,5832,4
19463,2929,5
19463,129549,6
24012,3149,0
24012,3359,1
24012,20399,2
24012,85935,3
24012,18762,4
24012,119342,5
24012,1208202,6
988,6352,0
988,3392,1
988,3151,2
988,14847,3
988,14848,4
988,14849,5
988,11065,6
125103,1911987,0
125103,1911988,1
125103,1911989,2
125103,1911990,3
125103,1911991,4
125103,3136,5
125103,940964,6
204,2565,0
204,2566,1
204,2567,2
204,2568,3
204,2569,4
204,2570,5
204,2573,6
9356,8891,0
9356,1796,1
9356,3019,2
9356,13550,3
9356,66160,4
9356,62,5
9356,46393,6
32430,24937,0
32430,4111,1
32430,7666,2
32430,87697,3
32430,30214,4
32430,13999,5
32430,80650,6
42231,8895,0
42231,98477,1
42231,121759,2
42231,1251744,5
42231,183877,6
42231,154583,7
42231,104944,8
16113,51576,0
16113,18391,1
16113,1936,2
16113,4361,3
16113,5694,4
16113,53647,5
16113,12950,6
33575,12147,0
33575,6598,1
33575,45232,2
33575,81183,3
33575,110940,4
33575,110941,5
33575,2608687,6
13913,10798,0
13913,10800,1
13913,10799,2
13913,30014,3
13913,136920,4
13913,10804,5
13913,229896,6
17956,4724,0
17956,20,1
17956,78729,2
17956,57829,3
17956,4430,4
17956,15253,5
17956,33689,6
18209,18266,0
18209,56819,1
18209,45453,2
18209,21462,3
18209,2262358,4
18209,1125461,5
18209,22,6
25508,103781,0
25508,51764,1
25508,48962,2
25508,30114,3
25508,93910,4
25508,1550939,5
25508,22606,6
18978,194,0
18978,13333,1
18978,22383,2
18978,15196,3
18978,30706,4
18978,69764,5
18978,1092242,6
27171,67773,0
27171,28164,1
27171,19239,2
27171,126683,3
27171,91460,4
27171,97128,5
27171,119781,6
29486,1905,0
29486,2094,1
29486,2922,2
29486,40381,3
29486,3156,4
29486,1946,5
29486,8727,6
12310,13919,0
12310,936,1
12310,28906,2
12310,6637,3
12310,6450,4
12310,113,5
12310,21462,6
42205,51576,0
42205,10427,1
42205,127601,2
42205,18643,3
42205,13578,4
42205,10345,5
42205,2771,6
27786,723,0
27786,94055,1
27786,2516,2
27786,58860,3
27786,591,4
27786,16743,5
27786,10133,6
9624,23880,0
9624,3895,1
9624,6720,2
9624,11885,3
9624,8655,4
9624,100647,5
9624,879,6
476392,1328,0
476392,4570,1
476392,58955,2
476392,3266,3
476392,18794,4
476392,19766,5
476392,1234290,6
37296,18892,0
37296,14541,1
37296,2557,2
37296,109470,3
37296,42003,4
37296,44301,5
37296,87957,6
25736,81970,0
25736,29623,1
25736,30228,2
25736,7668,3
25736,13994,4
25736,19413,5
25736,1944,6
25389,1230,0
25389,14702,1
25389,75789,2
25389,65309,3
25389,8987,4
25389,93663,5
25389,1011102,6
44807,1211862,0
44807,583346,1
44807,551618,2
44807,583254,3
44807,583255,4
5248,42279,0
5248,42276,1
5248,42280,2
5248,176,3
5248,1255671,4
5248,1735332,5
5248,39679,6
52794,34824,0
52794,34586,1
52794,37764,2
52794,239382,3
52794,544451,4
52794,24467,5
52794,1640409,6
9872,569,0
9872,741,1
9872,103829,2
9872,59942,3
9872,59941,4
9872,13314,5
9872,3039,6
19552,113388,0
19552,151165,1
19552,1275912,2
19552,1118628,3
19552,1275913,4
19552,1275914,5
19552,1275915,6
2786,3829,0
2786,18197,1
2786,12773,2
2786,22167,3
2786,23480,4
2786,32374,6
2786,23162,7
8075,39646,0
8075,24381,1
8075,16350,2
8075,25048,3
8075,24399,4
8075,18228,5
8075,128928,6
94771,3784,0
94771,5676,1
94771,27880,2
94771,37628,3
94771,64751,4
94771,38882,5
94771,5682,6
50271,31550,0
50271,11492,1
50271,8731,2
50271,2094,3
50271,2092,4
50271,2755,5
50271,89999,6
38274,68122,0
38274,46423,1
38274,9995,2
38274,404,3
38274,78805,4
38274,7430,5
38274,13920,6
26133,3151,0
26133,5587,1
26133,147977,2
26133,1910,3
26133,32479,4
26133,3911,5
26133,1397037,6
68981,6720,0
68981,1136775,1
68981,65277,2
68981,554840,3
68981,86633,4
68981,26729,5
10235,67502,0
10235,67503,1
10235,67504,2
10235,1317190,3
10235,593091,4
10235,997823,5
10235,1623850,6
11533,40241,0
11533,69763,1
11533,24819,2
11533,69764,3
11533,93163,4
11533,30705,5
11533,89065,6
2817,24816,0
2817,20851,1
2817,28281,2
2817,18177,3
2817,28279,4
2817,2192,5
2817,15200,6
1394,1090481,0
1394,38127,1
1394,9031,2
1394,150825,3
1394,150826,4
1394,20948,5
1394,44104,6
1719,18809,0
1719,18559,1
1719,18810,2
1719,3509,3
1719,18811,4
1719,18812,5
1719,18813,6
781,8796,0
781,11608,1
781,11609,2
781,1086,3
781,11610,4
781,11611,5
781,11612,6
13553,74640,1
13553,1076182,2
13553,2492107,3
13553,1076183,4
13553,1076184,5
13553,30500,6
13553,2492108,7
183252,1923,0
183252,5920,1
183252,1219165,2
183252,28871,3
183252,6074,4
183252,103872,5
183252,101799,6
3777,7450,0
3777,33761,1
3777,7453,2
3777,30469,3
3777,33763,4
3777,7454,5
3777,1008470,6
11659,34491,0
11659,44646,1
11659,44110,2
11659,70234,3
11659,35106,4
11659,54230,5
11659,129077,6
24065,69597,0
24065,6474,1
24065,1275,2
24065,6386,3
24065,29915,4
24065,11086,5
24065,3126,6
39907,228621,0
39907,228623,1
39907,228620,2
39907,126804,3
39907,106033,4
39907,149862,5
39907,228622,6
26612,10017,0
26612,3894,1
26612,936,2
26612,113,3
26612,20510,4
26612,740,5
26612,749,6
10604,5401,0
10604,27554,1
10604,18847,2
10604,45523,3
10604,65842,4
10604,65893,5
10604,65896,6
44098,6598,0
44098,82216,1
44098,10158,2
44098,22600,3
44098,13996,4
44098,19415,5
44098,94112,6
16876,59216,0
16876,11107,1
16876,80965,2
16876,80966,3
16876,69855,4
16876,33293,5
16876,33337,6
37437,1216598,0
37437,6609,1
37437,1232929,2
37437,1244470,3
37437,164962,4
37437,1195955,5
37437,1967399,6
141003,52602,0
141003,1811,1
141003,7004,2
141003,1213299,3
141003,27237,4
141003,36172,5
141003,42308,6
77780,5048,0
77780,2179,1
77780,1064,2
77780,64056,3
77780,32597,4
77780,33689,5
77780,10475,6
9545,13022,0
9545,1954,1
9545,22131,2
9545,144081,3
9545,57904,4
9545,40540,5
9545,129421,6
53117,144474,0
53117,144475,1
53117,74942,2
53117,1167148,3
53117,144478,4
53117,147314,5
53117,150332,6
41651,650,0
41651,171243,1
41651,15824,2
41651,41232,3
41651,82594,4
41651,148638,5
41651,157053,6
29270,994126,0
29270,994127,1
29270,994128,2
29270,1890594,3
29270,1890595,4
29270,1890596,5
29270,1890597,6
28030,111423,0
28030,111424,1
16514,50962,0
16514,84233,1
16514,15978,2
16514,16071,3
16514,51377,4
16514,6462,5
16514,12311,6
1926,7502,0
1926,20041,1
1926,4532,2
1926,20042,3
1926,20043,4
1926,20044,5
1926,20045,6
31112,403987,0
31112,42223,1
31112,246727,2
31112,569864,3
31112,2200427,4
31112,246727,5
31112,2200428,7
11060,1205,0
11060,1271,1
11060,12133,2
11060,18331,3
11060,109,4
11060,1272,5
11060,13021,6
17365,6449,0
17365,33644,1
17365,10775,2
17365,81734,3
17365,7668,4
17365,81735,5
17365,53285,7
11474,36409,0
11474,1736,1
11474,1737,2
11474,69564,3
11474,1058172,4
11474,77256,5
11474,1080553,6
63888,5004,0
63888,50,1
63888,2091,2
63888,25787,3
63888,11130,4
63888,9763,5
63888,35884,6
49320,11263,0
49320,85386,1
49320,141980,2
49320,122402,3
49320,72481,4
49320,79763,5
49320,2296755,6
42204,131814,0
42204,39015,1
42204,73234,2
42204,68091,3
42204,80742,4
42204,47457,5
42204,87026,6
33157,522,0
33157,290,1
33157,10018,3
33157,77165,4
33157,6836,5
33157,74689,6
33157,201637,7
24798,1230,1
24798,34535,2
24798,71561,3
24798,8978,4
24798,37598,5
24798,76145,6
24798,53763,7
277073,58112,0
277073,1224912,1
277073,5503,2
277073,1215988,3
277073,154932,4
277073,1484540,5
277073,1484541,6
4923,738,0
4923,44079,1
4923,22370,2
4923,40041,3
4923,40042,4
4923,40043,5
4923,33401,6
36741,39025,0
36741,29427,1
36741,20394,2
36741,74155,3
36741,30766,4
36741,95093,5
36741,33267,6
11656,2201,0
11656,70359,1
11656,6662,2
11656,70361,3
11656,48574,4
11656,3857,5
11656,244278,6
16284,11859,0
16284,15736,1
16284,14371,2
16284,19463,3
16284,102661,4
16284,93169,5
16284,83827,6
25009,11492,0
25009,25787,1
25009,4070,2
25009,39954,3
25009,107435,4
25009,21609,5
25009,69764,6
91226,3918315,5
91226,3918316,6
171229,3810,0
171229,31384,1
171229,17006,2
171229,953,3
171229,19820,4
171229,589004,5
40092,70668,0
40092,13579,1
40092,20366,2
40092,34277,3
40092,11495,4
40092,3367,5
40092,103672,6
10133,18325,0
10133,201700,1
10133,44208,2
10133,5937,3
10133,140,4
10133,53720,5
10133,5892,6
82838,3636,0
82838,7683,1
82838,12308,2
82838,8254,3
82838,12309,4
82838,18391,5
82838,9599,6
14589,32428,0
14589,13577,1
14589,19967,2
14589,4071,3
14589,2438,4
14589,14683,5
14589,32430,6
14594,32428,0
14594,13577,1
14594,83260,2
14594,120306,3
14594,7641,4
14594,99349,5
14594,11502,6
14590,32428,0
14590,13577,1
14590,10411,2
14590,17752,3
14590,14574,4
14590,12156,5
14590,20368,6
14588,32428,0
14588,13577,1
14588,854,2
14588,32924,3
14588,33747,4
14588,13965,5
14588,78854,6
14595,32428,0
14595,13577,1
14595,4966,2
14595,923,3
14595,52756,4
14595,86104,5
14595,13994,6
9459,86385,0
9459,1490,1
9459,47096,2
9459,89656,3
9459,96410,4
9459,47098,5
9459,57891,6
465,6293,0
465,6302,1
465,1653,2
465,6303,3
465,6304,4
465,6305,5
465,6306,6
86600,5563,0
86600,30123,1
86600,19463,2
86600,58339,3
86600,29069,4
86600,27611,5
86600,4966,6
20644,32428,0
20644,13577,1
20644,98574,2
20644,2672,3
20644,3367,4
20644,12022,5
20644,2497,6
24965,2638,0
24965,30495,1
24965,51762,2
24965,10024,3
24965,16761,4
24965,3360,5
24965,92907,6
17653,1336,0
17653,82177,1
17653,82400,2
17653,56816,3
17653,67047,4
17653,62420,5
17653,974461,6
11069,10430,0
11069,68108,2
11069,67015,3
11069,106474,4
11069,130735,5
11069,4102845,6
11069,43010,7
10829,67015,0
10829,67017,1
10829,67020,2
10829,14794,3
10829,4788,4
10829,166606,5
10829,75344,6
19425,106568,0
19425,201798,1
19425,544819,2
19425,544820,3
19425,164114,4
19425,143060,5
19425,1586628,6
108055,14286,0
108055,104728,1
108055,9067,2
108055,1022678,3
108055,30195,4
108055,80649,5
108055,99373,6
86959,137952,0
86959,29791,1
86959,1283,2
86959,34902,3
86959,61366,4
86959,3394158,5
86959,47138,6
9698,58622,0
9698,58623,1
9698,7621,2
9698,58296,3
9698,58628,4
9698,30488,5
9698,58631,6
57946,11152,0
45044,62531,0
45044,5443,1
45044,32513,2
45044,146170,3
45044,136170,4
45044,77310,5
45044,3453580,6
26860,1547,0
26860,96470,1
26860,43845,2
26860,96471,3
26860,34758,4
26860,1082382,5
26860,1047647,6
29049,10029,0
29049,102663,1
29049,102661,2
29049,100097,3
29049,102665,4
29049,24340,5
29049,1496041,6
27130,97037,0
27130,95117,1
27130,48962,2
27130,97039,3
27130,84935,4
27130,97040,5
27130,97042,6
8468,55188,0
8468,20173,1
8468,26093,2
8468,35189,3
8468,89799,4
8468,1180928,6
8468,79402,7
31952,83739,0
31952,5,1
31952,47722,2
31952,30765,3
31952,26557,4
31952,89065,5
31952,30577,6
39043,83739,0
39043,29909,1
39043,30672,2
39043,39952,3
39043,57399,4
39043,40163,5
39043,82549,6
54396,938742,0
54396,938743,1
54396,938744,2
54396,938745,3
54396,1271250,4
54396,104582,5
54396,938747,6
22682,40173,0
22682,46944,1
22682,83452,2
22682,1161040,3
22682,131566,4
22682,108172,5
22682,157204,6
11577,5563,0
11577,10823,1
11577,58423,2
11577,4069,3
11577,14001,4
11577,40433,5
11577,4765,6
42402,3636,0
42402,176873,1
42402,82863,2
42402,80620,3
42402,96448,4
42402,40185,5
42402,89589,6
21159,1905,0
21159,50781,1
21159,91815,2
21159,22479,3
21159,25816,4
21159,91816,5
21159,91817,6
40810,2537,0
40810,138418,1
40810,1168048,2
40810,138423,3
40810,127833,4
40810,1031140,5
40810,224662,6
40812,2537,0
40812,1031139,1
40812,118998,2
40812,138423,3
40812,138436,5
40812,1031141,6
40812,138425,7
336,522,0
336,5563,1
336,5567,2
336,5564,3
336,5565,4
336,5566,5
336,5568,6
11942,8255,0
11942,70984,1
11942,5255,2
11942,70985,3
11942,4122,4
11942,10823,6
11942,1013613,8
36206,1009,0
36206,20501,1
36206,16131,2
36206,115264,3
36206,30512,4
36206,1107,5
36206,115265,6
23330,4765,0
23330,7631,1
23330,14253,2
23330,2076,3
23330,8262,4
23330,8260,5
23330,1107,6
5927,13565,0
5927,40202,1
5927,46617,2
5927,8258,3
5927,10671,4
5927,109087,5
5927,51678,6
49636,584527,0
49636,139921,1
49636,65970,2
49636,937835,3
49636,1174703,4
49636,137916,5
49636,131955,6
3075,5,0
3075,30140,1
3075,12517,2
3075,29540,3
3075,11131,4
3075,30141,5
3075,30142,6
30137,1905,0
30137,48958,1
30137,4072,2
30137,94777,3
30137,95082,4
30137,3339,5
30137,29645,6
5521,43902,0
5521,26457,1
5521,10859,2
5521,6066,3
5521,15152,4
5521,43903,5
5521,5694,6
27636,39754,0
27636,113,1
27636,37745,2
27636,5969,3
27636,54941,4
27636,98509,5
27636,6784,6
222,2797,0
10686,66589,0
10686,66592,2
10686,120918,3
10686,19589,4
10686,213465,5
10686,82542,6
10686,554231,7
43096,89808,0
43096,100318,1
43096,19153,2
43096,857,3
43096,91707,4
43096,83435,5
43096,129482,6
42688,7632,0
42688,122632,1
42688,115334,2
42688,11066,3
42688,26142,4
42688,9309,5
42688,31503,6
25598,52,0
25598,110,1
25598,3124,2
25598,4687,3
25598,4960,4
25598,18365,5
25598,2778,6
25858,7453,0
25858,7450,1
25858,118176,2
25858,108025,3
25858,125723,4
25858,106161,5
25858,135146,6
14262,9292,0
14262,76496,1
14262,76495,2
14262,76494,3
14262,10373,4
14262,10371,5
14262,76498,7
38701,7502,0
38701,11998,1
38701,46617,2
38701,1748,3
38701,4966,4
38701,4139,5
38701,45476,6
33357,4960,0
33357,15397,1
33357,15753,2
33357,14814,3
33357,9872,4
33357,119485,5
33357,31989,6
21948,21416,0
21948,2176,1
21948,88093,2
21948,40185,3
21948,12850,4
21948,129219,5
21948,8962,6
30368,7450,0
30368,7453,1
30368,106159,2
30368,106160,3
30368,106161,4
30368,7456,5
30368,106164,6
1059,7450,0
1059,7454,1
1059,96552,2
1059,69335,3
1059,30907,4
1059,7453,5
1059,97204,6
12493,7450,0
12493,70131,1
12493,34374,2
12493,13251,3
12493,20830,4
12493,72539,5
12493,72540,6
42090,38127,0
42090,8742,1
42090,5313,2
42090,232497,3
42090,46864,4
13122,148638,0
13122,5616,1
13122,15855,2
13122,157904,3
13122,10182,4
13122,9996,5
13122,8854,6
55730,2882,0
55730,6474,1
55730,41249,2
55730,27545,3
55730,121757,4
55730,7576,5
55730,1756,6
26940,10798,0
26940,10800,1
26940,10799,2
26940,15978,3
26940,126834,4
26940,2497,5
26940,1040563,6
11030,12021,1
11030,28027,2
11030,67857,3
11030,58529,4
11030,69294,5
11030,70784,6
11030,28028,7
29454,11916,0
29454,38127,1
29454,48575,2
29454,6649,3
29454,231927,4
29454,73596,5
29454,66790,6
26372,11916,0
26372,2201,1
26372,145693,2
26372,6649,3
26372,70359,4
26372,70069,5
26372,116507,6
11506,8742,0
11506,6662,1
11506,69656,2
11506,69657,3
11506,11918,4
11506,280810,5
11506,550132,6
29455,8742,0
29455,6649,1
29455,6662,2
29455,2201,3
29455,3857,4
29455,569328,5
29455,127473,6
11602,7569,0
11602,6649,1
11602,2201,2
11602,69981,3
29453,2201,0
29453,8742,1
29453,6649,2
29453,550134,3
29453,6656,4
29453,6657,5
29453,246347,6
11700,6649,0
11700,25888,1
11700,70276,2
11700,7569,3
11700,70277,4
11700,1022633,5
11700,6665,6
47735,7569,0
47735,81232,1
47735,146882,2
47735,6665,3
47735,150087,4
47735,34769,5
47735,145693,6
14638,8254,0
14638,13784,1
14638,25787,2
14638,2755,3
14638,14574,4
14638,13357,5
14638,101481,6
14703,5341,0
14703,25787,1
14703,20141,2
14703,12445,3
14703,39057,4
14703,236465,5
14703,88906,6
35806,12151,0
35806,13326,1
35806,34316,2
35806,131742,3
35806,232127,4
35806,34583,5
35806,24813,6
3547,3635,0
3547,3084,1
3547,32791,2
3547,2750,3
3547,32792,4
3547,30898,5
3547,5694,6
41089,3926,0
41089,14061,1
41089,26659,2
41089,116992,3
41089,4069,4
41089,39066,5
41089,150237,6
42179,1370,0
42179,2550,1
42179,87007,2
42179,5048,3
42179,1134774,4
42179,13726,5
42179,21282,7
28415,10158,0
28415,73427,1
28415,25466,2
28415,14832,3
28415,12518,4
28415,4995,5
28415,122828,6
107499,7498,0
107499,1093257,1
107499,1093258,2
107499,143963,3
107499,4003777,5
107499,36199,6
107499,4003778,7
20481,4138,0
20481,140234,1
20481,69791,3
20481,31925,4
20481,79648,5
20481,73040,6
20481,327357,7
5481,44959,0
5481,26700,1
5481,44960,2
5481,44961,3
5481,44962,4
5485,7664,0
5485,17844,1
5485,18340,2
5485,44980,3
5485,25816,4
5485,30900,5
5485,29920,6
31581,7632,0
31581,3798,1
31581,69494,2
31581,115334,3
31581,6905,4
31581,932770,5
31581,380,6
22694,8949,0
22694,30043,1
22694,6905,2
22694,2778,3
22694,1048465,4
22694,89037,5
22694,101746,6
7090,5296,0
7090,4247,1
7090,51926,2
7090,51927,3
7090,51928,4
7090,51929,5
7090,99,6
42632,1120049,0
42632,35344,1
42632,214910,2
42632,14898,3
42632,29543,4
42632,1120051,5
42632,1120052,6
5902,21605,0
5902,3085,1
5902,3895,2
5902,738,3
5902,9126,4
5902,4135,5
5902,827,6
10775,25246,0
10775,1337,1
10775,66717,2
10775,26724,3
10775,72730,4
10775,86318,5
10775,236115,6
4552,37940,0
4552,37941,1
4552,37939,2
4552,1222431,3
4552,564846,4
4552,554560,5
4552,1162595,6
12762,12021,1
12762,68898,3
12762,139242,4
12762,167823,5
12762,1238849,6
12762,1238777,7
12762,84047,9
14510,27993,0
14510,27995,1
14510,15070,2
14510,99036,3
14510,37028,4
14510,44800,5
14510,100654,6
101363,587,0
101363,3266,1
101363,65344,2
101363,5365,3
101363,18914,4
101363,8902,5
101363,27517,6
15618,78463,0
15618,82340,1
15618,68681,2
15618,22048,3
15618,56123,4
15618,14146,5
15618,1216866,6
24341,34986,0
24341,37028,1
24341,91533,2
24341,44883,3
24341,14146,4
24341,91535,5
24341,91536,6
10690,2778,0
10690,10822,1
10690,5578,2
10690,4391,3
10690,66606,4
10690,10657,5
10690,176254,6
40028,10826,0
40028,98437,1
40028,98137,2
40028,101874,3
40028,170778,4
40028,106802,5
40028,105089,6
26326,15500,0
26326,98569,1
26326,15661,2
26326,39568,3
26326,100552,4
26326,102441,6
26326,16168,7
13282,141,0
13282,74351,1
13282,16483,2
13282,100552,3
13282,74352,4
13282,56117,5
13282,100560,6
27658,8255,0
27658,27515,1
27658,5048,2
27658,42157,3
27658,97352,4
27658,45363,5
27658,98204,6
22642,102441,0
22642,89037,1
22642,89038,2
22642,89039,3
22642,89040,4
22642,89041,5
22642,102651,7
29235,7124,0
29235,101499,1
29235,103340,2
29235,93897,3
29235,6933,4
29235,29645,5
29235,102441,6
42725,8949,0
42725,83463,1
42725,6905,2
42725,6587,3
42725,71562,4
42725,7139,5
42725,6451,6
24111,2922,0
24111,88460,1
24111,85737,2
24111,100074,3
24111,100076,4
24111,2782,5
24111,100078,6
17921,40433,0
17921,39157,1
17921,98487,2
17921,98488,3
17921,98489,4
17921,98490,5
17921,245563,6
22627,93841,0
22627,21818,1
22627,64826,2
22627,3497,3
22627,42746,4
22627,19181,5
22627,33496,6
18283,13294,0
18283,37446,1
18283,41226,2
18283,121765,3
18283,48959,4
18283,1324196,5
18283,83783,6
33731,13294,0
33731,2769,1
33731,14965,2
33731,11027,3
33731,14573,4
33731,19109,5
33731,30272,6
13823,192,0
13823,10822,1
13823,75789,2
13823,75778,3
13823,12647,4
13823,1420240,5
13823,16758,6
14108,3127,0
14108,1624702,1
14108,1663236,2
14108,1712687,3
14108,1712688,4
14108,1068412,5
14108,225931,6
4291,36073,1
4291,13255,2
4291,13257,3
4291,36074,4
4291,36075,5
4291,36076,6
4291,36077,7
20718,2140,0
20718,86034,1
20718,66913,2
20718,1666,4
20718,14886,5
20718,10727,6
20718,25934,7
113,1048070,0
113,4259,2
113,117376,3
113,4262,4
113,4261,5
113,4263,6
113,77180,7
28476,35686,0
28476,33923,1
28476,109969,2
28476,61676,3
28476,16421,4
28476,15098,5
28476,1539821,6
5916,13565,0
5916,46597,1
5916,8258,2
5916,49352,3
5916,3091,4
5916,14253,5
5916,3174,6
26234,4786,0
26234,5049,1
26234,41234,2
26234,47138,3
26234,102041,4
26234,1418541,5
26234,10029,6
12205,71641,0
12205,71644,1
12205,71642,2
12205,71643,3
12205,58449,4
12205,68706,5
12205,552518,6
27804,741,0
27804,20767,1
27804,20212,2
27804,18277,3
27804,170773,4
27804,947752,5
27804,3704694,6
46187,86151,0
46187,117153,1
46187,1118275,2
46187,47423,3
46187,368684,4
46187,937667,5
46187,935330,6
3001,1932,0
3001,11390,1
3001,3265,2
3001,10021,3
3001,29519,4
3001,30774,5
3001,4121,6
39434,18514,0
39434,3491,1
39434,27643,2
39434,27432,3
39434,4819,4
39434,1569604,5
39434,556854,6
105130,58596,0
105130,67091,1
105130,1037398,2
105130,2544,4
105130,137029,5
105130,1200412,6
105130,35648,7
166472,100238,0
166472,98970,1
166472,148836,2
166472,1110702,3
166472,262394,4
166472,130494,5
166472,1006951,6
11574,16896,0
11574,18588,1
11574,4302,2
11574,4073,3
11574,4965,4
11574,5732,5
11574,6905,6
32450,141450,0
32450,104414,1
32450,1241,2
32450,1235198,3
32450,23893,4
32450,184881,5
32450,1376900,6
62383,382,0
62383,7571,1
62383,13472,2
62383,3910,3
62383,52267,4
62383,14699,5
62383,20899,6
203,380,0
203,1037,1
203,2555,2
203,2557,4
203,2558,5
203,2561,6
203,2563,7
38749,518,0
38749,33,1
38749,15886,2
38749,368,3
38749,76995,4
38749,8186,5
38749,44792,6
29740,13352,0
29740,29315,1
29740,99349,2
29740,104800,3
29740,33004,4
29740,30005,5
29740,14969,6
10652,32597,0
10652,6106,1
10652,155921,2
10652,66101,3
10652,58819,4
10652,1896,5
10652,24047,6
34288,2449741,0
34288,2533489,1
34288,2533491,4
34288,2533492,5
34288,2533493,6
34288,2533494,7
34288,2533495,8
26268,3636,0
26268,7570,1
26268,2750,2
26268,65505,3
26268,7302,4
26268,5790,5
26268,9208,6
33632,3636,0
33632,41283,1
33632,28778,2
33632,39816,3
33632,9626,4
33632,68642,5
33632,3639,6
25853,17604,0
25853,52374,1
25853,59572,2
25853,1227523,3
25853,20303,4
25853,16434,5
25853,12539,6
68430,29369,0
68430,25129,1
68430,109,2
68430,2155,3
68430,29384,4
68430,23706,5
68430,6932,6
43001,37777,0
43001,112198,1
43001,999598,2
43001,34679,3
43001,17482,4
43001,28606,5
43001,1304793,6
42201,3085,0
42201,6352,1
42201,4765,2
42201,72056,3
42201,5605,4
42201,19728,5
42201,152943,6
316,4618,0
316,4619,1
316,4620,2
316,4621,3
316,4622,4
316,4623,5
316,4625,7
3072,5049,0
3072,27888,1
3072,8319,2
3072,2233,3
3072,12261,4
3072,30097,5
3072,30096,6
10355,80457,0
10355,64880,1
10355,28662,2
10355,20738,3
10355,552069,4
10355,17124,5
10355,4900009,6
14554,12147,0
14554,8253,1
14554,4302,2
14554,18391,3
14554,29313,4
14554,12309,5
14554,41231,6
87677,21315,0
87677,22462,1
87677,58648,2
87677,1689349,4
87677,454,5
87677,81957,6
250,3398,0
250,3397,1
250,1018,2
250,3401,3
250,1181,4
250,4460,5
250,3402,6
19086,51576,0
19086,1275,1
19086,15213,2
19086,58423,3
19086,181343,4
19086,17933,5
19086,105106,6
15392,2877,0
15392,51546,1
15392,9995,2
15392,3977,3
15392,474156,4
15392,92704,5
15392,55538,6
43267,1004,0
43267,57829,1
43267,53647,2
43267,101615,3
43267,5694,4
43267,1367324,5
43267,128597,6
41277,46275,0
41277,543513,1
41277,85163,2
41277,132821,3
41277,553894,4
41277,1032213,5
41277,109619,6
108059,57082,0
108059,51188,1
108059,13312,2
108059,15152,3
108059,2109,4
108059,35092,5
108059,62596,6
42013,88811,0
42013,65866,1
42013,47644,2
42013,29545,3
42013,72305,4
42013,1225417,5
42013,185224,6
54715,77133,0
54715,39117,1
54715,54044,2
54715,15799,3
54715,7868,4
54715,16841,5
54715,16433,6
631,9087,0
631,9088,1
631,9089,2
631,9090,3
631,9091,4
631,9092,5
631,9093,6
25504,35189,0
25504,20276,1
25504,89582,2
25504,40185,3
25504,98797,4
25504,27035,6
25504,50310,7
23855,28472,0
23855,5916,1
23855,28410,2
23855,15029,3
23855,824,4
23855,51993,5
23855,24360,6
1786,19071,0
1786,19073,2
1786,19075,4
1786,7693,5
1786,19076,6
1786,17546,7
1786,19078,8
51182,228570,0
51182,42545,1
51182,98331,3
51182,1703452,4
51182,100025,5
51182,94743,6
45042,230465,0
45042,1213758,1
45042,98365,2
45042,124204,3
45042,42545,4
45042,99606,5
210937,11805,0
210937,49425,1
210937,28933,2
210937,56895,3
210937,64715,4
210937,1214364,5
210937,157847,6
16219,6717,0
16219,521717,1
16219,9777,2
16219,1162,3
16219,6197,4
16219,15531,5
16219,20047,6
15824,4455,0
15824,115736,1
15824,47153,2
15824,4467,3
15824,1150861,4
15824,69182,5
15824,1024,6
14258,1052083,0
14258,3106723,1
14258,3106728,2
14258,139516,3
14258,10112,4
14258,1052081,6
14258,1685376,7
48385,4072,0
48385,85409,1
48385,82614,2
48385,112722,3
48385,95010,4
48385,1234564,5
48385,2784,6
27545,98162,0
27545,30687,1
27545,30163,2
27545,89037,3
27545,98163,4
27545,83994,5
27545,98164,6
22718,89162,0
22718,89163,1
22718,83811,2
22718,89165,3
22718,134635,4
22718,98164,5
22718,101232,6
39844,66288,0
39844,164962,1
39844,12716,2
39844,81060,3
39844,939916,4
39844,1200916,5
39844,1200917,6
16914,10018,0
16914,39954,1
16914,656,2
16914,30579,3
16914,67449,4
16914,83827,5
16914,136977,6
43011,41235,0
43011,99374,1
43011,67449,2
43011,128330,3
43011,5565,4
43011,22479,5
43011,57497,6
11315,68987,0
11315,68988,1
11315,63706,2
11315,58665,3
11315,137029,4
11315,1048731,5
11315,20344,6
35987,29523,0
35987,14501,1
35987,88935,2
35987,28609,3
35987,34824,4
35987,11535,5
35987,18216,6
29146,19153,0
29146,29545,1
29146,31114,2
29146,96055,3
29146,8493,4
29146,14671,5
29146,1234847,6
36751,78616,0
36751,116109,1
36751,9224,2
36751,80627,3
36751,78620,4
36751,101606,5
36751,16417,6
28758,101897,0
28758,85945,1
28758,14504,2
28758,98102,3
28758,2646,4
28758,50574,5
28758,85988,6
29592,2090,0
29592,5401,1
29592,12250,2
29592,53818,3
29592,11027,4
29592,93163,5
29592,33090,6
439,5676,0
439,5961,1
439,5682,2
439,5962,3
439,5963,4
439,5964,5
439,5965,6
823,12190,0
823,12191,1
823,12193,2
823,1251014,3
823,12195,4
823,12197,5
823,12196,6
20289,12261,0
20289,10431,1
20289,16431,2
20289,7268,3
20289,85880,4
20289,6573,5
20289,162003,6
16905,8724,0
16905,8725,1
16905,2495,2
16905,8727,3
16905,134867,4
16905,30002,5
16905,81934,6
11417,1854,0
11417,13506,1
11417,69337,2
11417,69338,3
11417,1349130,4
11417,210970,5
11417,117899,6
11548,7668,0
11548,5698,1
11548,1735,2
11548,7430,3
11548,96442,4
11548,118937,5
11548,49835,6
38291,3895,0
38291,477,1
38291,138411,2
38291,6638,3
38291,1230718,4
38291,1597372,5
38291,2279,6
41204,8237,0
41204,82387,1
41204,1159927,2
41204,13994,3
41204,30273,4
41204,20624,5
41204,5738,6
20532,24551,0
20532,122429,1
20532,34374,2
20532,122430,3
20532,134263,4
20532,123384,5
20532,1092507,6
2546,25957,0
2546,24366,1
2546,25958,2
2546,25959,3
2546,25960,4
2546,11223,5
2546,25961,6
42791,16896,0
42791,5823,1
42791,19550,2
42791,5563,3
42791,80995,4
42791,2651,5
42791,79632,6
22522,5341,0
22522,35341,1
22522,18847,2
22522,14371,3
22522,15765,4
22522,39741,5
22522,88891,6
40478,9857,0
40478,14701,1
40478,3265,2
40478,68642,3
40478,95598,4
40478,1391845,5
40478,2620723,6
5165,41779,0
5165,4961,1
5165,20882,2
5165,38243,3
5165,231979,4
5165,41781,5
5165,1184827,6
5722,45110,0
5722,45111,1
5722,45112,2
5722,45113,3
5722,45114,4
5722,1926948,5
5722,45115,6
5544,267962,0
5544,25466,1
5544,44020,2
5544,24422,4
19128,2567,0
19128,9908,1
19128,14121,2
19128,72717,3
19128,36839,4
19128,45036,5
19128,13696,6
14696,7451,0
14696,108021,1
14696,24551,2
14696,7452,3
14696,97203,4
14696,1049221,5
14696,134387,6
51515,13022,0
51515,12074,1
51515,589,2
51515,18992,3
51515,2887,4
51515,8534,5
51515,559713,6
56167,4421,0
56167,85861,1
56167,1112933,2
56167,132838,3
56167,29659,4
56167,1454254,5
56167,89064,6
4781,2565,0
4781,8742,1
4781,35341,2
4781,11550,3
4781,39436,4
4781,38894,5
4781,24402,6
32652,2495,0
32652,29315,1
32652,1128883,2
32652,3242,3
32652,74875,4
32652,13361,5
32652,14486,6
4909,9126,0
4909,30035,1
4909,9746,2
4909,39065,3
4909,39950,4
4909,39951,5
4909,4973,6
56135,10922,0
56135,20124,1
56135,2435,2
56135,10606,3
56135,20125,4
56135,70820,5
56135,83260,6
27115,2922,0
27115,83476,1
27115,22600,2
27115,97005,3
27115,97006,4
27115,14451,5
27115,20368,6
38348,15498,0
38348,17782,1
38348,70685,2
38348,1384967,3
38348,15499,4
38348,1384968,5
38348,1384969,6
35280,93051,0
35280,16014,1
35280,1013193,2
35280,1013498,3
35280,88882,4
35280,83453,5
35280,160915,6
21375,108520,0
21375,108521,1
21375,108522,2
21375,108524,4
21375,108525,5
21375,49510,6
21375,1353293,7
19185,11768,0
19185,19384,1
19185,90653,2
19185,27737,3
19185,1173006,4
19185,27736,5
19185,81460,6
73194,30155,0
73194,4958,1
73194,82412,2
73194,5461,3
73194,8516,4
73194,8518,5
73194,13965,6
28257,83476,0
28257,30000,1
28257,100243,2
28257,13963,3
28257,124855,4
28257,97980,5
28257,100244,6
20643,32428,0
20643,13577,1
20643,74875,2
20643,99749,3
20643,96257,4
20643,50836,5
20643,941239,6
22596,88953,0
22596,88954,1
22596,88958,3
22596,148378,4
22596,148423,5
22596,1172948,6
22596,148390,7
36786,13578,0
36786,10160,1
36786,3361,2
36786,44846,3
36786,3383,4
36786,1905,5
36786,84232,6
28916,14261,0
28916,12727,1
28916,12250,2
28916,3673,3
28916,123900,4
28916,104658,5
28916,87071,6
4497,37505,0
4497,9768,1
4497,14821,2
4497,16311,3
4497,16314,4
4497,37506,5
4497,37507,6
33560,1582,0
33560,110882,1
33560,110880,2
33560,110883,3
33560,110881,4
33560,33675,6
33560,110369,7
25224,2387,0
25224,52646,1
25224,18345,2
25224,11367,3
25224,13525,4
25224,42324,5
25224,17866,6
42728,70286,0
42728,41283,1
42728,189479,2
42728,9626,3
42728,16085,4
42728,8963,5
42728,57138,6
15371,109746,0
15371,82508,1
15371,109747,2
15371,1222049,3
15371,616,4
15371,613,5
15371,58158,6
11044,85,0
11044,3663,1
11044,6450,2
11044,3127,3
11044,22461,4
11044,82406,5
11044,6451,6
39983,116321,0
39983,27778,1
39983,120351,2
39983,2541,3
39983,1206374,4
39983,20327,5
39983,555285,6
31526,19549,0
31526,98045,1
31526,84230,2
31526,29259,3
31526,584798,4
31526,2438,5
31526,5832,6
31623,37446,0
31623,85437,1
31623,1793,2
31623,103366,3
31623,84233,4
31623,68133,5
31623,105018,7
27601,66634,0
27601,35579,1
27601,98228,3
27601,42545,4
27601,1929462,5
27601,98323,6
27601,97825,8
16214,16475,0
16214,83037,1
16214,35,2
16214,32791,3
16214,3142,4
16214,26715,5
16214,40185,6
5071,17497,0
5071,41190,1
5071,41192,2
5071,41193,3
5071,41194,4
5071,41195,5
5071,41196,6
41662,10409,0
41662,5606,1
41662,20604,2
41662,166790,3
41662,67761,4
41662,170074,6
41662,132371,7
95015,11499,0
95015,98571,1
95015,1276503,2
95015,1463216,3
95015,126671,4
95015,1544024,5
95015,1544025,6
33738,4347,0
33738,129520,1
33738,13294,2
33738,109614,3
33738,30211,4
33738,111464,6
33738,2501,7
17346,83047,0
17346,2048568,1
17346,1178288,2
17346,1178289,3
17346,1178290,4
17346,1178286,7
17346,1178287,8
18274,7124,0
18274,16431,1
18274,101947,2
18274,39770,3
18274,101948,4
18274,101756,5
18274,14787,6
13763,21037,0
13763,191104,1
13763,57907,2
13763,110530,3
13763,50744,4
13763,15864,5
13763,1205357,6
67217,548337,0
67217,26411,1
67217,548336,2
67217,1463981,3
67217,36336,4
67217,46251,5
67217,1414774,6
10498,2233,0
10498,5168,1
10498,20212,2
10498,15860,3
10498,10774,4
10498,46423,5
10498,2557,6
24731,12850,0
24731,40009,1
24731,8437,2
24731,12852,3
24731,532,4
24731,3982,5
24731,112558,6
11796,24421,0
11796,27391,1
11796,23735,2
11796,68722,3
11796,548699,4
11796,13692,5
11796,145129,6
31675,194,0
31675,12248,1
31675,6599,2
31675,38998,3
31675,6637,4
31675,10669,5
31675,67917,6
4507,34027,0
4507,27391,1
4507,37580,2
4507,955,3
4507,3810,4
4507,31384,5
4507,37579,6
34847,141304,1
34847,143818,2
34847,80545,3
34847,14488,4
34847,141064,5
34847,1364093,6
34847,1188030,7
32303,10671,0
32303,1936,1
32303,11163,2
32303,20928,3
32303,58495,4
32303,14505,5
32303,165055,6
4879,39753,0
4879,9909,1
4879,39757,2
4879,29655,3
4879,12727,4
4879,15387,5
4879,39754,6
24774,95504,0
24774,7452,1
24774,7450,2
24774,82873,3
24774,7453,4
24774,134307,5
24774,134312,6
41779,4090,0
41779,5676,1
41779,19889,2
41779,5698,3
41779,8534,4
41779,4726,5
41779,528,6
61048,4070,0
61048,12248,1
61048,10508,2
61048,11025,3
61048,2640,4
61048,32923,5
61048,2642,6
1994,20501,0
1994,3242,1
1994,20502,2
1994,3243,3
1994,3247,4
1994,3261,5
1994,95729,6
42814,3155,0
42814,14563,1
42814,114767,2
42814,2437,3
42814,13819,4
42814,3163,5
42814,29814,6
870,13249,0
870,13250,1
870,13251,2
870,13252,3
870,13253,4
870,13254,5
870,13255,6
96255,30155,0
96255,8726,1
96255,1003980,2
96255,12249,3
96255,1013081,4
96255,115552,5
96255,556502,6
25495,12248,0
25495,2753,1
25495,70035,2
25495,20602,3
25495,12689,5
25495,104810,6
25495,53819,7
26319,3380,0
26319,80994,1
26319,93123,2
26319,84634,3
26319,34745,4
26319,9071,5
26319,14029,6
45938,29903,0
45938,115573,1
45938,231333,2
45938,3672,3
45938,39950,4
45938,39952,5
45938,29258,6
15573,4165,0
15573,24368,1
15573,6905,2
15573,10559,3
15573,78392,4
15573,78393,5
15573,78394,6
41059,125364,0
41059,17755,1
41059,20366,2
41059,3383,3
41059,14975,4
41059,140081,5
41059,14032,6
39871,30003,0
39871,7124,1
39871,85358,2
39871,94433,3
39871,115990,4
39871,3370,5
39871,89925,6
10178,4110,0
10178,64113,1
10178,37446,2
10178,4091,3
10178,137993,4
10178,89659,5
10178,41720,6
16391,20141,0
16391,91617,1
16391,30126,2
16391,99905,3
16391,71784,4
16391,14500,5
16391,101514,6
42997,12248,0
42997,21605,1
42997,14371,2
42997,39952,3
42997,108637,4
42997,22169,5
42997,134035,7
10734,190,0
10734,2463,1
10734,66288,2
10734,14320,3
10734,10430,4
10734,15534,5
10734,11519,6
10949,29520,1
10949,12248,2
10949,67615,3
10949,93900,4
10949,81934,5
10949,14304,6
10949,81409,7
258236,70668,0
258236,44261,1
258236,1895,2
258236,10539,3
258236,3265,4
258236,3171,5
258236,6197,6
809,12073,0
809,776,1
809,6941,2
809,5823,3
809,3131,4
809,8930,5
809,4757,6
435,6065,0
435,131,1
435,4730,2
435,6066,3
435,6067,4
435,6068,5
435,6069,6
4599,11661,0
4599,38405,1
4599,3234,2
4599,17265,3
4599,35654,4
4599,17140,5
4599,15735,6
12657,55638,0
12657,74036,1
12657,5384,2
12657,19767,3
12657,73831,4
12657,1294,5
12657,20373,6
28219,16214,0
28219,52847,1
28219,54495,2
28219,15411,3
28219,53256,4
28219,15531,5
28219,58563,6
59210,77287,0
59210,8784,1
59210,386,2
59210,978,3
59210,75063,4
59210,145632,5
59210,1225205,6
13193,20089,0
13193,16855,1
13193,11510,2
13193,11663,3
13193,56757,4
13193,33656,5
13193,42993,6
24190,17882,0
24190,76904,2
24190,6018,3
24190,4813,4
24190,123989,5
24190,45152,6
24190,2417,7
673,10980,0
673,10989,1
673,10990,2
673,1923,3
673,5658,4
673,64,5
673,11207,6
16617,2208,0
16617,9012,1
16617,36424,2
16617,2224,3
16617,18920,4
16617,5365,5
16617,7498,6
246,13275,1
246,13276,2
246,13280,3
246,13277,4
246,13278,5
246,13257,6
246,13281,7
2789,12835,0
2789,9030,1
2789,1372,2
2789,28109,3
2789,10132,4
2789,3900,5
2789,65827,6
8920,1532,0
8920,33654,1
8920,33259,2
8920,537,3
8920,169349,4
8920,33501,5
8920,78303,6
9890,2227,0
9890,4756,1
9890,73931,2
9890,515,3
9890,4690,4
9890,45566,5
9890,24535,6
26886,63694,0
26886,13275,1
26886,21503,2
26886,80865,3
26886,96535,4
26886,132806,5
26886,132807,6
26254,192,0
26254,60093,1
26254,175194,2
26254,2112237,3
26254,2847681,4
26254,1228489,5
26254,2847684,6
8193,53926,0
8193,20190,1
8193,53930,2
8193,53927,3
8193,9629,4
8193,53929,5
8193,53933,6
47821,723,0
47821,11851,1
47821,83437,2
47821,85672,3
47821,33191,4
47821,10672,5
47821,229499,6
26142,227,0
26142,77133,1
26142,20,2
26142,25503,3
26142,55257,4
26142,13389,5
26142,19957,6
42122,3926,0
42122,14011,1
42122,9126,2
42122,153080,3
42122,20300,4
42122,3796,5
42122,136835,6
65137,723,0
65137,4587,1
65137,110082,2
65137,76130,3
65137,11086,4
65137,6587,5
65137,11782,6
27017,9066,0
27017,13294,1
27017,103366,2
27017,510338,3
27017,104034,4
27017,37448,5
27017,121122,6
35151,56881,0
35151,19239,1
35151,5168,2
35151,21246,3
35151,6068,4
35151,6168,5
35151,175087,6
21544,5472,0
21544,69122,1
21544,6613,2
21544,2453,3
21544,1479,4
21544,17485,5
21544,11831,6
43846,29259,0
43846,1937,1
43846,90075,2
43846,117414,3
43846,9066,4
43846,29623,5
43846,11495,6
40894,18735,0
40894,8237,1
40894,40206,2
40894,4098,3
40894,14028,4
40894,4094,5
40894,125110,6
11546,57351,0
11546,14672,1
11546,57353,2
11546,22252,3
11546,27237,4
11546,113,5
11546,2372,6
59427,16898,0
59427,77165,1
59427,82549,2
59427,229362,3
59427,215281,4
59427,229363,5
59427,113639,6
18387,83037,0
18387,45415,1
18387,2048,2
18387,38160,3
18387,41246,4
18387,13952,5
18387,61144,6
71125,9880,0
71125,326,1
71125,5048,2
71125,1811,3
71125,7344,4
71125,2390993,5
71125,2390994,6
34748,10215,0
34748,29092,1
34748,10594,2
34748,10458,3
34748,112923,4
34748,30364,5
34748,12689,6
132725,39170,0
132725,38581,1
132725,7863,2
132725,20011,3
132725,1263529,4
132725,41406,5
132725,58428,6
26331,24318,0
26331,40403,1
26331,5563,2
26331,18588,3
26331,2091,4
26331,6972,5
26331,21462,6
41774,3926,0
41774,18992,1
41774,32,2
41774,47137,3
41774,43139,4
41774,174745,5
41774,40043,6
52959,5823,0
52959,16554,1
52959,25536,2
52959,83908,3
52959,59964,4
52959,210620,5
52959,42572,6
24004,30003,0
24004,566290,1
24004,125364,2
24004,3149,3
24004,14831,4
24004,860,5
24004,111578,6
46976,18017,0
46976,22169,1
46976,137952,2
46976,71533,3
46976,90762,4
46976,1415930,5
46976,1218936,6
17481,8727,0
17481,3363,1
17481,46617,2
17481,78854,3
17481,81933,4
17481,30417,5
17481,81934,6
52560,21731,0
52560,27504,1
52560,100395,2
52560,146220,3
52560,17114,4
52560,56145,5
52560,147593,6
42658,128330,0
42658,102026,1
42658,99461,2
42658,67449,3
42658,93163,4
42658,88895,5
42658,33484,6
27118,32128,0
27118,8727,1
27118,106089,2
27118,3363,3
27118,2495,4
27118,8516,5
27118,1072780,6
18333,2201,0
18333,11916,1
18333,246347,2
18333,48571,3
18333,38127,4
18333,550134,5
18333,131579,6
42345,738,0
42345,194,1
42345,46780,2
42345,6637,3
42345,2516,4
42345,153694,5
42345,133585,6
18398,4347,0
18398,3088,1
18398,30537,2
18398,18582,3
18398,136180,4
18398,83149,5
18398,16417,6
54800,151139,0
54800,25527,1
54800,1329,2
54800,151138,3
54800,135174,4
54800,42998,5
54800,1663467,6
20849,31550,0
20849,18803,1
20849,2669,2
20849,86641,3
20849,2496,4
20849,2673,5
20849,18586,6
57544,10847,0
57544,37574,1
57544,3813,2
57544,1249368,3
57544,1230617,4
57544,1299559,5
57544,220717,6
53779,80994,0
53779,7125,1
53779,18802,2
53779,13785,3
53779,11169,4
53779,4113,5
53779,3362,6
16661,88953,0
16661,102501,1
16661,97996,2
16661,141140,3
16661,148401,4
16661,148402,5
16661,9095,6
80708,88867,0
80708,34754,1
80708,141600,2
80708,19406,3
80708,279042,4
80708,1021686,5
80708,124855,6
76516,42157,0
76516,8893,1
76516,12850,2
76516,52141,3
76516,72612,4
76516,13243,5
76516,104059,6
33441,110658,0
33441,110668,1
33441,110667,2
33441,110655,3
33441,110657,4
33441,110659,5
33441,110660,6
47819,27772,0
47819,13640,1
47819,20753,2
47819,66670,3
47819,91980,4
47819,20899,5
47819,68445,6
21793,30694,0
21793,30696,1
21793,8903,2
21793,59369,3
21793,52903,4
21793,15831,5
21793,200,6
18712,4165,0
18712,103071,1
18712,34315,2
18712,41214,3
18712,78794,4
18712,120265,5
18712,10161,6
831,12353,0
831,85740,1
831,12351,2
831,12354,3
831,12357,4
831,12355,5
831,12356,6
10484,24501,0
10484,16927,1
10484,24475,2
10484,21170,3
10484,1603298,4
10484,24464,5
10484,1676550,6
37658,13576,0
37658,8725,1
37658,118022,2
37658,34442,3
37658,22600,4
37658,4113,5
37658,39799,6
26516,3381,0
26516,12309,1
26516,4343,2
26516,81283,3
26516,14508,4
26516,26660,5
26516,14579,6
110598,10437,0
110598,8891,1
110598,164660,2
110598,152339,3
110598,1050066,4
110598,59873,5
110598,106806,6
44388,57395,0
44388,15424,1
44388,18313,2
44388,46423,3
44388,41505,4
44388,1069,5
44388,165553,6
10573,677,0
10573,4793,1
10573,65684,2
10573,17817,3
10573,1296515,4
10573,235056,5
10573,1000988,6
113290,192,0
113290,68812,1
113290,1328,2
113290,2641,3
113290,6199,4
113290,19839,5
113290,42133,6
26451,14276,0
26451,83259,1
26451,585373,2
26451,235572,3
26451,95229,4
26451,98485,5
26451,1140825,6
111605,18750,0
111605,12260,1
111605,106791,2
111605,998312,3
111605,1507101,4
111605,2038796,5
111605,170950,6
54568,8725,0
54568,95313,1
54568,93896,2
54568,9926,3
54568,101490,4
54568,34287,5
54568,150946,6
28571,8725,0
28571,12151,1
28571,12689,2
28571,2433,3
28571,88570,4
28571,20144,5
28571,14518,6
27686,82170,0
27686,13578,1
27686,152713,2
27686,41748,3
27686,83474,4
27686,20366,5
27686,14968,6
123665,6598,0
123665,19020,1
123665,74874,2
123665,30719,3
123665,45380,4
123665,80620,5
123665,30686,6
43336,8252,0
43336,41216,1
43336,14974,2
43336,13576,3
43336,12308,4
43336,7632,5
43336,111578,6
62000,20391,0
62000,2007,1
62000,30527,2
62000,11025,3
62000,37448,4
62000,20418,5
62000,81188,6
9372,57492,0
9372,57493,1
9372,57494,2
9372,57495,3
9372,57496,4
9372,57498,5
9372,57499,6
41495,82216,0
41495,29623,1
41495,30211,2
41495,18803,3
41495,22091,4
41495,126678,5
41495,29315,6
52362,2638,0
52362,97777,1
52362,13820,2
52362,39800,3
52362,2021,4
52362,11028,5
52362,64212,6
662,9960,0
662,9961,1
662,9962,2
662,1167682,5
662,1167684,8
662,589138,9
662,1167688,12
41799,127168,0
41799,4935,1
41799,1231397,2
41799,78329,3
41799,1743306,4
41799,1743308,5
41799,1743310,6
49633,33278,0
49633,142595,1
49633,98034,2
49633,24820,3
49633,1147460,4
49633,1196416,5
49633,130493,6
43805,12147,0
43805,14868,1
43805,4302,2
43805,14683,3
43805,32430,4
43805,1420060,5
43805,88672,6
16559,80620,0
16559,3361,1
16559,17752,2
16559,14730,3
16559,4353,4
16559,80621,5
16559,100074,6
44695,129482,0
44695,141397,1
44695,78690,2
44695,96308,3
44695,1507108,5
44695,160632,6
44695,29209,7
31217,70131,0
31217,85307,1
31217,213495,2
31217,213492,3
31217,68411,4
31217,76977,5
31217,82477,6
8341,54615,1
8341,48883,2
8341,54616,3
8341,54617,4
8341,54618,5
8341,53621,6
36488,30003,0
36488,14261,1
36488,11169,2
36488,78902,3
36488,2930,4
36488,1448019,5
36488,95727,6
19414,8237,0
19414,14261,1
19414,84659,2
19414,20369,3
19414,29283,4
19414,12025,5
19414,726,6
60595,88811,0
60595,87559,1
60595,231345,2
60595,231347,3
60595,231348,4
60595,231349,5
60595,231350,6
15794,5788,0
15794,13579,1
15794,8254,2
15794,78791,3
15794,78792,4
15794,78793,5
15794,78794,6
13188,20394,0
13188,90643,1
13188,596662,2
13188,47722,3
13188,101853,4
13188,39741,5
13188,96421,6
12651,8654,0
12651,7036,1
12651,15455,2
12651,61962,3
12651,1954,4
12651,1328,5
12651,18688,6
886,13565,0
886,13566,1
886,13567,2
886,9857,3
886,4514,4
886,13568,5
886,9626,6
9791,5293,0
9791,820,1
9791,11160,2
9791,534,3
9791,5950,4
9791,2295,5
9791,74036,6
27554,1158,0
27554,57921,1
27554,33059,2
27554,3174,3
27554,98203,4
27554,44552,5
27554,98204,6
26973,15110,0
26973,30613,1
26973,4038,2
26973,115187,3
26973,84878,4
26973,115188,5
26973,2958,6
38582,25464,0
38582,1101318,1
38582,142713,2
38582,30568,3
38582,18607,4
38582,551834,5
38582,1100969,6
9542,585,0
9542,2878,1
9542,12645,2
9542,35090,3
9542,116128,4
9542,44686,5
9542,29754,6
17820,82407,0
17820,25787,1
17820,39601,2
17820,3156,3
17820,148669,4
17820,118222,5
17820,22091,6
26175,82216,0
26175,3635,1
26175,3360,2
26175,3361,3
26175,66884,4
26175,33484,5
26175,10027,6
31146,1241,0
31146,6807,1
31146,2229,2
31146,20212,3
31146,27539,4
31146,6907,5
31146,40271,6
20506,18056,0
20506,126509,1
20506,13283,2
20506,142455,3
20506,72605,4
20506,68988,5
20506,551496,6
37696,1241,0
37696,13549,1
37696,54216,2
37696,53087,3
37696,94766,4
37696,26782,5
37696,90604,6
136,1511,0
136,1508,1
136,1512,2
136,1510,3
136,35849,4
136,1507,5
136,1509,6
47653,13848,0
47653,21301,1
47653,21303,2
47653,21306,3
47653,14438,4
47653,96061,5
47653,21310,7
10970,14639,0
10970,29802,1
10970,6844,2
10970,8902,3
10970,14833,4
10970,72680,5
10970,40389,6
28162,14261,0
28162,10539,1
28162,83907,2
28162,38037,3
28162,92908,4
28162,99905,5
28162,4786,6
42812,19549,0
42812,30527,1
42812,116260,2
42812,89610,3
42812,120474,4
42812,121066,5
42812,1271340,6
28159,15635,0
28159,45290,1
28159,15993,2
28159,15628,3
28159,34365,4
28159,91953,6
20676,2975,0
20676,4785,1
20676,172103,2
20676,18914,3
20676,15864,4
20676,1961663,5
20676,73338,6
3019,13576,0
3019,2433,1
3019,29599,2
3019,29600,3
3019,29601,4
3019,29602,5
3019,29603,6
29353,103616,0
29353,13954,1
29353,33747,2
29353,81168,3
29353,30214,4
29353,9072,5
29353,14968,6
17761,4165,0
17761,14965,1
17761,41245,2
17761,2493,3
17761,20418,4
17761,57329,5
17761,29520,6
20277,40393,0
20277,8231,1
20277,2436,2
20277,81735,3
20277,86369,4
20277,29579,5
20277,124823,6
10204,18897,0
10204,4581,1
10204,17522,2
10204,388,3
10204,1125,4
10204,57831,5
10204,3547,6
3515,2296,0
3515,1244,1
3515,44079,2
3515,56890,3
3515,3543,4
3515,25136,5
3515,32807,6
9472,4937,0
9472,15286,1
9472,7399,2
9472,9626,3
9472,15033,4
9472,17401,5
9472,59231,6
594,31,0
594,1922,1
594,2283,2
594,8687,3
594,8688,4
594,8689,5
594,8690,6
8981,17276,0
8981,1246,1
8981,3065,2
8981,3294,3
8981,56471,4
8981,1391414,5
8981,56473,6
12153,35690,0
12153,9562,1
12153,13936,2
12153,53256,3
12153,58953,4
12153,80760,5
12153,11512,6
1944,1229,0
1944,326,1
1944,20132,2
1944,13920,3
1944,18050,4
1944,11671,5
1944,19511,6
11036,30614,0
11036,53714,1
11036,4800,2
11036,16896,3
11036,11148,4
11036,76526,5
11036,11006,6
1997,529,0
1997,13687,1
1997,1281,2
1997,20527,3
1997,20530,4
1997,20532,5
1997,20531,6
15237,8945,0
15237,15852,1
15237,378,2
15237,2449,3
15237,78017,4
15237,78018,5
15237,78019,6
205481,47627,0
205481,3019,1
205481,18345,2
205481,79856,3
205481,30710,4
205481,11180,5
205481,25532,6
11572,17522,0
11572,2369,1
11572,25256,2
11572,112770,3
11572,1563160,4
11572,112764,5
11572,930237,6
19096,4165,0
19096,17755,1
19096,5401,2
19096,564936,3
19096,10344,4
19096,95014,5
19096,1064452,6
72096,2876,0
72096,722,1
72096,14415,2
72096,585,3
72096,3125,4
72096,65344,5
72096,159753,6
11939,10798,0
11939,10799,1
11939,10800,2
11939,10802,3
11939,41516,4
11939,10804,5
11939,2497,6
47555,4165,0
47555,8253,1
47555,96300,3
47555,3338,4
47555,66789,5
47555,84935,6
47555,89834,7
24236,6856,0
24236,4355,1
24236,23586,2
24236,2771,3
24236,8499,4
24236,15831,5
24236,1242285,6
80218,11149,0
80218,9976,1
80218,91612,2
80218,58528,3
80218,650,4
80218,10386,5
80218,41690,6
26520,2769,0
26520,73022,1
26520,827,2
26520,40403,3
26520,1221356,4
26520,1214938,5
26520,1194447,6
43897,95624,0
43897,29815,1
43897,93910,2
43897,13354,3
43897,240072,4
43897,95276,5
43897,34185,6
29456,1018,0
29456,97032,1
29456,85807,2
29456,15086,3
29456,69182,4
29456,1159906,5
29456,32728,6
21386,1169047,0
21386,1274814,1
24908,2405,0
24908,136437,1
24908,136438,2
24908,23672,3
24908,1304842,4
24908,350895,5
24908,2361176,6
9256,57012,0
9256,57013,1
9256,57014,2
9256,57015,3
9256,126936,4
9256,338484,5
9256,1003208,7
25783,110132,1
25783,115863,2
25783,1117838,3
25783,21111,4
25783,27765,5
25783,1847702,6
25783,10847,8
8991,56495,0
8991,56496,1
8991,56497,2
8991,56498,3
8991,56499,4
8991,125318,5
8991,1391281,6
23378,40389,0
23378,90039,1
23378,20747,2
23378,49835,3
23378,1232525,4
23378,90040,5
23378,1161048,6
3293,13526,0
3293,1904,1
3293,9998,2
3293,31527,3
3293,31528,4
3293,31529,5
3293,31530,6
36947,116488,0
36947,553220,2
36947,214705,3
36947,553221,4
36947,553222,5
54028,9066,0
54028,12499,1
54028,30537,2
54028,4966,3
54028,134254,4
54028,84233,5
54028,103368,6
17645,20124,0
17645,35320,1
17645,82170,2
17645,1905,3
17645,48960,4
17645,14518,5
17645,30234,6
10448,58319,0
10448,65344,1
10448,65345,2
10448,65346,3
10448,1495624,4
10448,1495626,5
10448,1495627,6
57684,30003,0
57684,14563,1
57684,19401,2
57684,102064,3
57684,3363,4
57684,40178,5
57684,7381,6
61487,95484,0
61487,1415262,1
61487,939873,2
61487,42746,3
61487,7621,4
61487,35824,5
61487,102,6
29383,124262,0
29383,53509,1
29383,228650,2
29383,994246,3
29383,124857,4
29383,1245289,5
29383,89502,6
10606,60650,0
10606,44038,1
10606,4976,2
10606,27516,3
10606,6932,4
10606,166061,5
10606,12856,6
42988,16896,0
42988,855,1
42988,57329,2
42988,14001,3
42988,2771,4
42988,170543,5
42988,41230,6
16136,4987,0
16136,54422,1
16136,79538,2
16136,79539,3
16136,1212699,4
16136,2231,5
16136,15758,6
58669,2713,0
58669,26510,1
58669,35552,2
58669,22122,3
58669,19740,4
58669,51215,5
58669,149511,6
42407,862,0
42407,30428,1
42407,12445,2
42407,3461,3
42407,8495,4
42407,12692,5
42407,14253,6
6081,12446,0
6081,14503,1
6081,40403,2
6081,5255,3
6081,1162,4
6081,11033,5
6081,2265,6
12577,10822,0
12577,57395,1
12577,27422,2
12577,782,3
12577,957076,4
12577,139419,5
12577,21292,6
36561,97032,0
36561,16927,1
36561,2040,2
36561,67988,3
36561,33190,4
36561,937646,5
36561,37168,6
13696,5788,0
13696,3155,1
13696,4110,2
13696,80994,3
13696,13555,4
13696,95296,5
13696,89990,6
44494,11550,0
44494,142909,1
44494,142910,2
44494,142911,3
44494,11601,4
44494,142912,5
44494,142913,6
15484,131110,0
15484,41284,1
15484,146707,2
15484,146709,4
15484,96165,5
15484,1095841,6
15484,157211,7
36672,36746,0
36672,13805,1
36672,697,3
36672,36712,4
36672,23282,5
36672,44304,6
36672,115884,7
2330,20666,0
2330,23943,1
2330,8293,2
2330,23983,3
2330,23944,4
2330,23984,5
2330,23985,6
2334,20666,0
2334,23943,1
2334,23984,2
2334,23944,3
2334,8293,4
2334,39126,5
2334,5441,6
64204,110589,1
64204,1129756,2
64204,1076612,3
64204,1646170,4
64204,1646171,6
64204,1327503,7
64204,1646172,8
13398,117626,0
13398,117629,1
13398,40330,2
13398,217924,3
13398,89903,4
13398,553057,5
13398,1325881,6
2912,19092,0
2912,24381,1
2912,28860,2
2912,251135,3
2912,28861,4
2912,278651,5
2912,278649,6
701,10525,1
701,10526,2
701,1670560,3
701,10528,4
701,10530,5
701,10531,6
701,143384,7
10631,67773,0
10631,10437,1
10631,21618,2
10631,66079,3
10631,20163,4
10631,37712,5
10631,18192,6
43466,85848,0
43466,7664,1
43466,97777,2
43466,30527,3
43466,29599,4
43466,82835,5
43466,11502,6
2202,7505,0
2202,8841,1
2202,14299,2
2202,22600,3
2202,3363,4
2202,2926,5
2202,3635,6
76076,5788,0
76076,79246,1
76076,14565,2
76076,30274,3
76076,85895,4
76076,4303,5
76076,98465,6
10780,18892,0
10780,6856,1
10780,52995,2
10780,15105,3
10780,381,4
10780,7505,5
10780,57422,6
3484,2922,0
3484,29259,1
3484,13354,2
3484,32137,3
3484,13577,4
3484,32138,5
3484,13343,6
19590,8237,0
19590,82387,1
19590,13994,2
19590,30273,3
19590,3162,4
19590,20624,5
19590,136894,6
23724,3635,0
23724,14729,1
23724,90516,2
23724,58414,3
23724,68642,4
23724,13785,5
23724,5254,6
26596,31550,0
26596,3088,1
26596,18737,2
26596,14847,3
26596,4303,4
26596,151470,5
26596,7502,6
44925,20810,0
44925,57449,1
44925,477,2
44925,1112917,3
44925,40646,4
44925,1112918,5
44925,212393,6
29264,37505,0
29264,139573,1
29264,39008,2
29264,175980,3
29264,176011,4
29264,105130,5
29264,975213,6
33994,6413,0
33994,27811,1
33994,89463,2
33994,2856947,3
33994,15276,4
33994,535284,5
33994,3124,6
1777,1539343,1
1777,122287,2
1777,2157380,3
1777,19011,4
1777,120576,5
1777,84384,6
1777,44127,7
11584,67773,0
11584,589,1
11584,2717,2
11584,10409,3
11584,55554,4
11584,20753,5
11584,147961,6
9901,6432,0
9901,60174,1
9901,60175,2
9901,60180,3
9901,60178,4
9901,60177,5
9901,60181,6
26811,5,0
26811,113,1
26811,83754,2
26811,1108271,3
26811,55636,4
26811,131109,5
26811,9874,6
54022,2171,0
54022,2165,1
54022,7796,2
54022,569,3
54022,2778,4
54022,1241,5
54022,4690,6
23522,42993,0
23522,189681,1
23522,122241,2
23522,130840,3
23522,189721,4
23522,188739,5
23522,3214787,6
207625,693,0
207625,6520,1
207625,11851,2
207625,6497,3
207625,76793,4
207625,159562,5
207625,85972,6
22094,4960,0
22094,5563,1
22094,15753,2
22094,8260,3
22094,65552,4
22094,29713,5
22094,14068,6
161080,92025,0
161080,93177,1
161080,30320,2
161080,1572742,3
161080,1219948,4
161080,1221971,5
161080,1681558,6
11884,16213,0
11884,40202,1
11884,1193702,2
11884,61702,3
11884,158655,4
11884,6836,5
11884,55266,6
21871,16896,0
21871,60158,1
21871,2878,2
21871,64222,3
21871,102823,4
21871,131547,5
21871,2505,6
30876,107212,0
30876,56876,1
30876,44961,2
30876,107215,3
30876,107217,4
30876,1477516,6
558,2219,0
558,205,1
558,17051,2
558,658,3
558,18998,4
558,18999,5
558,2517,6
48732,142756,0
80,569,0
80,1146,1
80,649,2
80,651,3
80,654,4
80,657,5
80,3728,6
10742,4135,0
10742,15735,1
10742,5293,2
10742,4941,3
10742,13525,4
10742,41555,5
10742,19957,6
9477,2296,0
9477,65524,1
9477,116,2
9477,1019,3
9477,33192,4
9477,12791,5
9477,5538,6
8699,23659,0
8699,18979,1
8699,22226,2
8699,4495,3
8699,28638,4
8699,20753,5
8699,51382,6
9893,57674,0
9893,21027,1
9893,43775,2
9893,53492,3
9893,60072,4
9893,60073,5
9893,21318,6
11247,5958,0
11247,62747,1
11247,38334,2
11247,59283,3
11247,9788,4
11247,68769,5
11247,7401,6
2048,2888,0
2048,21088,1
2048,18354,2
2048,2505,3
2048,21089,4
2048,10959,5
2048,8687,6
436,5887,0
436,5902,1
436,5891,2
436,2597263,3
436,5890,4
436,5893,5
436,5895,6
61391,4068,0
61391,161970,1
61391,10161,2
61391,93624,3
61391,50971,4
61391,88672,5
61391,137004,6
18643,21457,0
18643,857,1
18643,83390,2
18643,94889,3
18643,4094,4
18643,14063,5
18643,83822,6
67297,955,0
67297,37569,1
67297,145414,2
67297,962,3
67297,10847,4
67297,6536,5
67297,24900,6
31948,10017,0
31948,141,1
31948,825,2
31948,13726,3
31948,230,4
31948,780,5
31948,8656,6
43004,6598,0
43004,12689,1
43004,923,2
43004,4765,3
43004,129187,4
45793,11390,0
45793,16757,1
45793,41220,2
45793,385,3
45793,19463,4
45793,15198,5
45793,8318,6
46495,3084,0
46495,16420,1
46495,13299,2
46495,25635,3
46495,33723,4
46495,27443,5
46495,26890,6
45874,2090,0
45874,6905,1
45874,12410,2
45874,153416,3
45874,8962,4
45874,160899,5
45874,22767,6
65994,2091,0
65994,7302,1
65994,9208,2
65994,48958,3
65994,3088,4
65994,30495,5
65994,8841,6
19014,13022,0
19014,27237,1
19014,21619,2
19014,65562,3
19014,14821,4
19014,6068,5
19014,57358,6
10754,66459,0
10754,66460,1
10754,66462,2
10754,1405,3
10754,66463,4
10754,66464,5
10754,66465,6
30054,4958,0
30054,7301,1
30054,37469,2
30054,105633,3
30054,9112,4
30054,53010,5
30054,78775,6
36630,2963,0
36630,42882,1
36630,777,2
36630,532,3
36630,22137,4
36630,884,5
36630,3141,6
39770,20575,0
39770,588252,1
39770,1093326,3
39770,1344780,4
39770,1344781,5
36627,7107,0
36627,919416,1
36627,1413,2
36627,930881,3
36627,1103810,4
36627,1096974,5
36627,107893,6
11897,8857,0
11897,1933,1
11897,14701,2
11897,854,3
11897,8487,4
11897,9857,5
11897,40202,6
43443,4111,0
43443,93900,1
43443,30686,2
43443,4303,3
43443,82676,4
43443,30234,5
43443,35194,6
54300,143210,0
54300,82990,1
54300,64188,2
54300,107170,3
54300,574410,4
54300,74160,5
54300,1112923,6
58925,15135,0
58925,14812,1
58925,146195,2
58925,18228,3
58925,2168,4
58925,30720,5
58925,18340,6
2502,1892,0
2502,679,1
2502,1248,2
2502,12041,3
2502,1372,4
2502,32458,5
2502,11148,6
314,4587,0
314,4589,1
314,4430,2
314,2192,3
314,4432,4
314,24357,5
314,9289,6
18923,72466,0
18923,32,1
18923,424,2
18923,5606,3
18923,4442,4
18923,1148729,5
18923,77899,6
146373,27727,0
146373,3196,1
146373,4688,2
146373,1771,3
146373,23958,4
146373,21063,5
146373,57252,6
5228,1229,0
5228,35,1
5228,1100,2
5228,1107,3
5228,5139,4
5228,42155,5
5228,42156,6
12206,77,0
12206,71648,1
12206,37910,2
12206,12324,3
12206,13377,4
12206,28066,5
12206,26600,6
16539,46461,0
16539,41356,2
16539,934260,3
16539,45747,4
16539,224547,5
16539,27882,6
16539,1233325,7
75046,18735,0
75046,129427,1
75046,64212,2
75046,96850,3
75046,16759,4
75046,160432,5
75046,35322,6
74012,10922,0
74012,10606,1
74012,13578,2
74012,30537,3
74012,14299,4
74012,4073,5
74012,120781,6
26126,20054,0
26126,2037,1
26126,31713,2
26126,211617,3
26126,89021,4
26126,143859,5
26126,43140,6
15876,10158,0
15876,10459,1
15876,10226,2
15876,6609,3
15876,40203,4
15876,78901,5
15876,78902,6
26300,68559,0
26300,56890,1
26300,36055,2
26300,83110,3
26300,13391,4
26300,95059,5
26300,15661,7
68064,33359,0
68064,119541,1
68064,30017,2
68064,30415,3
68064,33362,4
68064,14455,5
68064,52176,6
12625,12950,0
12625,6577,1
12625,73149,2
12625,14784,3
12625,10939,4
12625,1123088,5
12625,10671,6
45520,10158,0
45520,9208,1
45520,93105,2
45520,78181,3
45520,50974,5
45520,93974,6
45520,82385,7
46767,3617,0
46767,151163,1
46767,954,2
46767,151164,3
46767,1092384,4
46767,1498621,5
46767,1498623,6
55848,223252,0
55848,223254,1
55848,223253,2
55848,223255,3
55848,223256,5
55848,62533,6
55848,2935453,7
42525,3895,0
42525,5004,1
42525,83259,2
42525,13327,3
42525,3855,4
42525,134232,5
42525,24696,6
43417,4078,0
43417,39762,1
43417,30928,2
43417,16131,3
43417,8962,4
43417,7372,5
43417,8853,6
15244,96794,1
15244,96795,2
15244,39438,3
15244,223218,5
15244,223219,6
15244,1120081,7
15244,1027435,8
62395,235260,0
62395,235261,1
62395,234647,2
62395,44256,3
62395,363242,4
62395,14822,5
62395,14821,6
42737,3084,0
42737,14528,1
42737,10558,2
42737,12726,3
42737,23664,4
42737,23694,5
42737,100019,6
47615,106184,0
47615,1615078,1
47615,45170,2
47615,1625406,3
47615,1625407,4
47615,1625408,5
47615,1625409,6
39209,738,0
39209,3783,1
39209,10018,2
39209,10020,3
39209,2567,4
39209,9907,5
39209,4963,6
20876,3895,0
20876,4513,1
20876,20899,2
20876,12967,3
20876,883,4
20876,64056,5
20876,13728,6
24559,41278,0
24559,5372,1
24559,35370,2
24559,91962,3
24559,26483,4
24559,91964,5
24559,64457,6
78208,56285,0
78208,72254,1
78208,130890,2
78208,550415,3
78208,18814,4
78208,239382,5
78208,136755,6
43786,41755,0
43786,7665,1
43786,40202,2
43786,79246,3
43786,2755,4
43786,77114,5
43786,121318,6
72613,5788,0
72613,82129,1
72613,83488,2
72613,9208,3
72613,21510,4
72613,97284,5
72613,31350,6
43787,30181,0
43787,33741,1
43787,14563,2
43787,95263,3
43787,94071,4
43787,34315,5
43787,33743,6
27437,2638,0
27437,13577,1
27437,95624,2
27437,83452,3
27437,14518,4
27437,11502,5
27437,118309,6
40374,8252,0
40374,42174,1
40374,122004,2
40374,16047,3
40374,132874,4
40374,132875,5
40374,24319,6
20316,19803,0
20316,965,1
20316,400,2
20316,3625,3
20316,87017,4
20316,96918,5
41925,4690,0
41925,4757,1
41925,20162,2
41925,15735,3
41925,1227664,4
41925,2483210,5
41925,4120675,6
259389,74615,0
259389,21353,1
259389,25868,2
259389,27493,3
259389,127171,4
259389,15899,5
259389,51547,6
22871,2638,0
22871,81970,1
22871,8729,2
22871,2673,3
22871,89524,4
22871,89525,5
22871,46099,6
37019,68122,0
37019,586,1
37019,12812,2
37019,537,3
37019,12799,4
37019,7420,5
37019,198716,6
18190,13548,0
18190,6714,1
18190,9632,2
18190,29710,3
18190,1211,4
18190,18293,5
18190,16434,6
71786,230213,0
71786,87015,1
71786,16442,2
71786,2647310,3
71786,72673,4
71786,1284938,5
71786,59092,6
42347,5292,0
42347,108463,1
42347,70633,2
42347,27422,3
42347,10173,4
42347,56552,5
42347,51799,6
39140,3460,0
39140,77133,1
39140,31140,2
39140,10360,3
39140,537,4
39140,10412,5
39140,100060,6
69903,65605,0
69903,7502,1
69903,3142,2
69903,127601,3
69903,12430,4
69903,567104,5
69903,1213153,6
219345,82769,0
219345,240789,1
219345,7796,2
219345,19578,3
219345,55907,4
219345,60203,5
219345,163869,6
41890,12646,0
41890,149551,1
41890,22082,2
41890,6864,3
41890,31362,4
41890,62595,5
41890,99930,6
27307,11085,0
27307,111902,1
27307,6684,2
27307,57453,3
27307,7867,4
27307,111702,5
27307,157602,6
36709,58319,0
36709,139119,1
36709,57298,2
36709,139076,3
36709,29459,4
36709,16921,5
36709,3036,6
32294,2638,0
32294,13577,1
32294,19550,2
32294,3364,3
32294,106105,4
32294,85901,5
32294,89101,6
41463,77158,0
41463,2638,1
41463,98574,2
41463,1009,3
41463,19784,4
41463,125847,5
41463,1081179,6
19051,137182,0
19051,137183,1
19051,137184,2
19051,39015,3
19051,17494,4
19051,97947,5
19051,1069,6
43485,2638,0
43485,65284,1
43485,93123,2
43485,143455,3
43485,20391,4
43485,860,5
43485,29743,6
51997,50962,0
51997,15978,1
51997,115364,2
51997,19967,3
51997,12310,4
51997,1107,5
51997,83149,6
43885,4068,0
43885,30210,1
43885,97037,2
43885,30527,3
43885,143398,4
43885,14975,5
43885,34320,6
62694,8725,0
62694,87390,1
62694,29655,2
62694,10607,3
62694,94202,4
62694,130420,5
62694,9865,6
43785,2896,0
43785,1009,1
43785,4165,2
43785,20365,3
43785,30212,4
43785,13789,5
43785,32218,6
53287,4517,0
53287,14830,1
53287,66079,2
53287,31714,3
53287,58770,4
53287,171335,5
53287,51664,6
29584,29092,0
29584,26467,1
29584,214811,2
29584,107028,3
29584,51580,4
29584,21354,5
29584,6720,6
32644,8891,0
32644,8892,1
32644,1466,2
32644,936,3
32644,10083,4
32644,7077,5
32644,3174,6
89482,964,0
89482,17093,1
89482,102221,2
89482,1149354,3
89482,73694,4
89482,17007,5
89482,1021934,6
1040,13784,0
1040,4959,1
1040,15135,2
1040,4962,3
1040,15136,4
1040,5567,5
1040,15140,6
42604,24318,0
42604,46597,1
42604,5250,2
42604,87039,3
42604,1452155,5
42604,81550,6
42604,1452156,7
24214,5563,0
24214,104035,1
24214,99829,2
24214,165603,3
24214,78618,4
24214,940292,5
24214,101006,6
5122,55636,0
5122,8963,1
5122,16523,2
5122,7676,3
5122,41283,4
5122,15413,5
5122,12410,6
42469,5,0
42469,1049406,1
42469,113,2
42469,115604,3
42469,153185,4
42469,199898,5
42469,29659,6
119623,16940,0
119623,27163,1
119623,15135,2
119623,20234,3
119623,24393,4
119623,37069,5
119623,1660973,6
1783,19047,0
1783,18023,1
1783,2628,2
1783,2983,3
1783,1045626,4
1783,19048,5
1783,2467,6
10910,12515,0
10910,44715,1
10910,30720,2
10910,67443,3
10910,67445,4
10910,1080220,5
10910,14304,6
17238,6197,0
17238,43476,1
17238,2192,2
17238,34596,3
17238,34043,4
17238,100438,5
17238,1082662,6
22156,20666,0
22156,5442,1
22156,34627,2
22156,16923,3
22156,1137558,4
22156,49487,5
22156,56843,6
26814,10798,0
26814,10800,1
26814,10799,2
26814,30143,3
26814,77675,4
26814,96336,5
26814,7685,6
43116,6725,0
43116,20418,1
43116,116560,2
43116,97480,3
43116,22859,4
43116,116741,5
43116,19426,6
39269,3011,0
39269,2778,1
39269,19434,2
39269,14062,3
39269,7685,4
39269,2946192,6
39269,16561,7
99859,9045,0
99859,4935,1
99859,41381,2
99859,400,3
99859,8963,4
99859,9140,5
99859,26854,6
31522,18197,0
31522,24299,1
31522,3829,2
31522,23480,3
31522,584484,4
31522,1151713,5
31522,25957,6
47796,4421,0
47796,224811,1
47796,44860,2
47796,72473,3
47796,994410,4
47796,994411,5
47796,72476,6
26893,7450,0
26893,33761,1
26893,34374,2
26893,1378968,3
26893,7454,4
26893,96552,5
26893,95579,6
69035,1533,0
69035,3896,1
69035,110,2
69035,12536,3
69035,3590503,4
69035,80281,5
69035,156755,6
73621,37366,0
73621,104921,1
73621,153609,2
73621,102930,3
73621,12659,4
73621,23915,5
73621,62590,6
22976,18906,0
22976,747,1
22976,89664,2
22976,5,3
22976,11763,4
22976,663,5
22976,84890,6
55441,82388,0
55441,40174,1
55441,3244,2
55441,222402,3
55441,222400,4
55441,149030,5
55441,30184,6
45608,29908,0
45608,8252,1
45608,15736,2
45608,20392,3
45608,1391964,4
45608,69764,5
45608,2415643,6
21619,81691,0
21619,56152,1
21619,66606,2
21619,26491,3
21619,87714,4
21619,52933,5
21619,24516,6
9680,98102,0
9680,58488,1
9680,58489,2
9680,58490,3
9680,12410,4
9680,58491,5
9680,58492,6
42801,16757,0
42801,5676,1
42801,5813,2
42801,548186,3
42801,1494799,4
42801,994417,5
42801,100929,6
12627,3784,0
12627,4885,1
12627,15200,2
12627,38877,3
12627,1159702,4
12627,550256,5
12627,1159703,6
86404,136761,0
86404,3581,1
86404,35896,2
86404,15395,3
86404,37612,4
86404,24487,5
86404,123609,6
18671,86001,0
18671,14504,1
18671,85988,2
18671,31977,3
18671,86002,4
18671,86003,5
18671,69319,6
17218,8253,0
17218,19413,1
17218,30272,2
17218,12156,3
17218,35849,4
17218,2101,5
17218,15781,6
41316,146685,0
41316,19011,1
41316,1600244,2
41316,2064051,3
41316,2523725,4
41316,1508943,5
41316,2411203,6
5179,10978,0
5179,41957,1
5179,25635,2
5179,12725,3
5179,41998,4
5179,41999,5
5179,42000,6
65156,52995,0
65156,30618,1
65156,40168,2
65156,101779,3
65156,9599,4
65156,12025,5
65156,80990,6
42593,79473,0
42593,7673,1
42593,131814,2
42593,3086,3
42593,19889,4
42593,14785,5
42593,1282688,6
76002,6837,0
76002,140883,1
76002,76979,2
76002,61150,3
76002,4975,4
76002,1612772,5
76002,1612773,6
64868,8841,0
64868,69764,1
64868,141578,2
64868,97426,3
64868,47397,4
64868,41998,5
64868,1123818,6
52741,2878,0
52741,44990,1
52741,55277,2
52741,27106,3
52741,111702,4
52741,55267,5
52741,1706740,6
15081,2463,0
15081,29703,1
15081,5829,2
15081,69764,3
15081,39028,4
15081,5830,5
15081,140416,6
21147,53261,0
21147,19737,1
21147,87156,2
21147,27726,3
21147,7333,4
21147,14261,5
21147,14069,6
64877,4302,0
64877,1935,1
64877,21818,2
64877,1915,3
64877,34314,4
64877,6856,5
64877,140830,6
147169,1222737,0
147169,12536,1
147169,28744,2
147169,3489,3
147169,1125470,4
147169,1125472,5
147169,1125473,6
16703,79245,0
16703,40202,1
16703,80726,2
16703,30510,3
16703,13359,4
16703,3140,5
16703,34209,6
20298,64212,0
20298,38231,1
20298,2094,2
20298,85895,3
20298,85896,4
20298,35849,5
20298,85897,6
19974,7124,0
19974,10921,1
19974,41516,2
19974,14564,3
19974,85358,4
19974,2926,5
19974,43821,6
22112,13784,0
22112,41240,1
22112,64212,2
22112,37448,3
22112,88315,4
22112,86184,5
22112,2101,6
4201,2222,0
4201,35319,1
4201,9871,2
4201,8725,3
4201,6972,4
4201,35320,5
4201,35321,6
39868,15661,0
39868,1107,1
39868,830,2
39868,82684,3
39868,75350,4
39868,130129,5
39868,4974,6
20408,8727,0
20408,3363,1
20408,8240,2
20408,25175,3
20408,1221258,4
20408,14509,5
20408,81941,6
13580,5341,0
13580,29545,1
13580,18216,2
13580,21520,3
13580,5254,4
13580,74689,5
13580,4973,6
18706,8727,0
18706,3363,1
18706,2495,2
18706,83479,3
18706,83478,4
18706,25175,5
18706,29600,6
34327,8727,0
34327,3363,1
34327,8241,2
34327,10924,3
34327,96064,4
34327,102888,5
34327,96249,6
43013,8252,0
43013,27932,1
43013,10021,2
43013,36837,3
43013,30934,4
43013,35670,5
43013,22633,6
38505,40883,0
38505,120571,1
38505,15533,2
38505,5676,3
38505,28787,4
38505,20795,5
38505,1958,6
41940,55188,0
41940,234,1
41940,1640749,2
41940,1089173,4
41940,20173,5
41940,1089175,6
41940,3625294,7
20417,8727,0
20417,3363,1
20417,86104,2
20417,14509,3
20417,98052,4
20417,141522,5
20417,29600,6
14652,23670,0
14652,6553,1
14652,16927,2
14652,19163,3
14652,2245,4
14652,9979,5
14652,149985,6
69526,936,0
69526,10168,1
69526,10169,2
69526,10459,3
69526,24366,4
69526,94713,5
69526,42572,6
14462,5292,0
14462,5064,1
14462,23626,2
14462,16358,3
14462,55314,4
14462,2310,5
14462,10127,6
14623,55493,0
14623,2053,1
14623,11085,2
14623,2282,3
14623,3971,4
14623,67599,5
14623,58428,6
6947,18997,0
6947,73421,1
6947,3490,2
6947,227,3
6947,10205,4
6947,2039,5
6947,1956,6
401,5367,0
401,524,1
401,65,2
401,133,3
401,5376,4
401,19497,5
401,5385,6
50247,95504,0
50247,33135,1
50247,213495,2
50247,131016,3
50247,134263,4
50247,134307,5
50247,131013,6
46326,11544,0
46326,12748,1
46326,35254,2
46326,24476,3
46326,69971,4
46326,308779,5
46326,49000,6
35780,137380,0
35780,34657,1
35780,127914,2
35780,121192,3
35780,1220964,4
35780,157719,5
35780,748,6
25361,121192,0
25361,137380,1
25361,10657,2
25361,157693,3
25361,175403,4
25361,157719,5
25361,1229301,6
45522,13784,0
45522,18766,1
45522,2314,2
45522,6905,3
45522,54123,4
45522,13949,5
45522,6914,6
23750,2040,0
23750,1926,1
23750,937,2
23750,163422,3
23750,70903,4
23750,90547,5
23750,25657,6
44289,289,0
44289,4886,1
44289,11671,2
44289,11617,3
44289,1244,4
44289,76968,5
44289,36901,6
25536,20519,0
25536,1173600,1
25536,25251,2
25536,25252,3
25536,612216,4
25536,1147123,5
25536,945583,6
38837,240566,0
38837,143978,1
38837,235713,2
38837,870112,3
38837,237794,4
38837,99282,5
38837,586221,6
1436,17120,0
1436,17121,1
1436,17122,2
1436,17124,3
1436,1339,4
1436,17125,5
1436,17127,6
17768,18861,0
17768,64929,1
17768,40178,2
17768,19610,4
17768,84334,5
17768,39741,6
17768,113700,7
27375,178617,0
27375,1972025,1
27375,1972027,3
27375,1972029,4
27375,1972030,5
27375,1972031,6
1538,500,0
1538,134,1
1538,9575,2
1538,103,3
1538,3810,5
1538,14888,6
1538,155283,7
14846,328,0
14846,18686,1
14846,8534,2
14846,17402,3
14846,86034,4
14846,537,5
14846,60633,6
2577,504,0
2577,2206,1
2577,26197,2
2577,11851,3
2577,26201,4
2577,26202,5
2577,26203,6
52936,884,0
52936,5950,1
52936,3130,2
52936,1613652,3
52936,883,4
52936,2283,5
52936,54887,6
46884,4068,0
46884,33741,1
46884,18803,2
46884,76519,3
46884,3090,4
46884,30928,5
46884,19877,6
33333,72932,0
33333,110500,1
33333,105405,2
33333,110501,3
33333,110502,4
33333,96473,5
33333,117975,6
41975,17882,0
41975,33161,1
41975,48440,2
41975,39689,3
41975,1365287,4
41975,1365288,5
41975,1365286,6
16606,139515,0
16606,80654,1
16606,80655,2
16606,10112,3
16606,80656,4
16606,80658,5
16606,80657,6
60760,24366,0
60760,16349,1
60760,28254,2
60760,36315,3
60760,70182,4
60760,34616,5
60760,1253342,6
11282,68842,0
11282,53493,1
11282,21124,2
11282,41686,3
11282,38582,4
11282,52480,5
11282,22227,6
11130,1813,0
11130,5823,1
11130,1210,2
11130,655,3
11130,33656,4
11130,62064,5
11130,68287,6
14389,7026,0
14389,502,1
14389,79692,2
14389,88360,3
14389,83772,4
14389,88361,5
14389,88362,6
395,5411,0
395,2714,1
395,946696,2
395,5412,3
395,1125,4
395,5414,5
395,2478,6
11052,67938,0
11052,67833,1
11052,2178327,2
11052,67940,3
11052,103542,4
11052,111780,5
11052,111529,6
60015,17093,0
60015,54327,1
60015,3627,2
60015,6019,3
60015,72254,4
60015,37628,5
60015,584518,6
23601,103,0
23601,4784,1
23601,23119,2
23601,3489,3
23601,122037,4
23601,122038,5
23601,116971,6
10762,13922,0
10762,26457,1
10762,51298,2
10762,824,3
10762,21132,4
10762,60373,5
10762,16475,6
11026,1640,0
11026,10695,1
11026,19655,2
11026,5473,3
11026,67854,4
11026,207186,5
11026,27957,6
18693,21457,0
18693,83463,1
18693,19138,2
18693,83465,3
18693,15992,4
18693,100976,5
18693,98617,6
45598,21457,0
45598,153510,1
45598,96339,2
45598,41251,3
45598,29719,4
45598,8516,5
45598,272850,6
8745,21457,0
8745,55890,1
8745,246,2
8745,55891,3
8745,19435,4
8745,14577,5
8745,55892,6
45335,21457,0
45335,133001,1
45335,5182,2
45335,84285,3
45335,1069225,4
45335,1069226,5
45335,1069227,6
18690,21457,0
18690,83433,1
18690,83462,2
18690,138251,3
18690,148603,4
18690,95681,5
18690,34660,6
7506,21457,0
7506,52754,1
7506,52755,2
7506,16074,3
7506,29285,4
7506,52756,5
7506,45252,6
65596,40945,0
65596,67676,1
65596,41236,2
65596,14264,3
65596,95634,4
65596,17494,5
65596,10942,6
36912,14882,0
36912,104872,1
36912,8437,2
36912,9857,3
36912,936,4
36912,30621,5
36912,1607738,6
46081,89808,0
46081,89809,1
46081,34595,2
46081,95313,3
46081,4355,4
46081,39762,5
46081,1170235,6
40087,22434,0
40087,2883,1
40087,81895,2
40087,119892,3
40087,54564,4
40087,97725,5
40087,928,6
46831,72327,0
46831,233286,1
46831,233287,2
46831,233288,3
46831,1620889,4
46831,1620890,5
46831,1620891,6
20120,51962,0
22543,3380,0
22543,9857,1
22543,4353,2
22543,45291,3
22543,13296,4
22543,14564,5
22543,47504,6
44415,146328,0
44415,146329,1
44415,146330,2
44415,146331,3
44415,146333,4
44415,146335,5
44415,146334,6
11237,21798,0
11237,20388,1
11237,12793,2
11237,61852,3
11237,342,4
11237,19860,5
11237,53918,6
8080,6383,0
8080,2282,1
8080,530,2
8080,9464,3
8080,34395,4
8080,170334,5
8080,2183961,7
14797,77301,0
14797,76931,1
14797,77303,2
14797,77304,3
14797,1129527,4
14797,1129528,5
14797,1129529,6
11632,368,0
11632,17648,1
11632,1244,2
11632,6979,3
11632,5168,4
11632,7026,5
11632,388,6
18475,61658,0
18475,51857,1
18475,15899,2
18475,2074482,3
18475,22122,4
18475,28768,5
18475,230176,6
15644,6614,0
15644,17346,1
15644,1117,2
15644,24516,3
15644,3197,4
15644,2441,5
15644,34839,6
11208,2299,0
11208,9827,1
11208,26457,2
11208,9824,3
11208,20379,4
11208,82096,5
11208,58169,6
24079,26862,0
24079,2680,1
24079,42566,2
24079,4174,3
24079,99,4
24079,4935,5
24079,4688,6
16153,9560,0
16153,90170,1
16153,10823,2
16153,1037,3
16153,6587,4
16153,41284,5
16153,35090,6
13559,15854,0
13559,5139,1
13559,1066795,2
13559,1541036,3
13559,20304,4
13559,87405,5
13559,1072165,6
42694,1037,0
42694,179215,1
42694,584567,2
42694,1183041,3
42694,1183042,4
42694,127738,5
42694,1529058,6
32298,12217,0
32298,86034,1
32298,2694,2
32298,28637,3
32298,16858,4
32298,17419,5
32298,149921,6
66566,585,0
66566,20162,1
66566,6574,2
66566,19752,3
66566,59184,4
66566,55270,5
66566,980159,6
124029,55259,0
124029,41737,1
124029,21248,2
124029,114470,3
124029,89499,4
124029,55431,5
124029,58648,6
42164,1148,0
42164,145254,1
42164,544036,2
42164,544037,3
42164,7119,4
42164,544038,5
42164,544039,6
124,1384,0
124,1385,1
124,1149,2
124,1386,3
124,1387,4
124,229004,5
124,2830,6
29979,8767,0
29979,25702,1
29979,13936,2
29979,10132,3
29979,51539,4
29979,44151,5
29979,33668,6
41762,21037,0
41762,939712,1
41762,57907,2
41762,110530,3
41762,1205356,4
41762,2874418,5
41762,1425506,6
12548,71140,0
12548,45982,1
12548,30832,2
12548,14151,3
12548,72926,4
12548,72927,5
12548,12268,6
33345,21037,0
33345,5470,1
33345,110530,2
33345,782,3
33345,1059634,4
33345,18765,5
33345,12513,6
19893,27747,0
19893,70118,1
19893,111166,2
19893,111167,3
19893,111168,4
19893,111170,6
19893,40193,7
42264,6905,0
42264,87156,1
42264,18071,3
42264,13028,4
42264,45476,5
42264,3468,6
42264,29369,7
11387,11390,0
11387,2091,1
11387,10459,2
11387,3265,3
11387,10018,4
11387,2092,5
11387,39754,6
104659,69010,0
104659,650,1
104659,47441,2
104659,56881,3
104659,3004,4
104659,14552,5
104659,132371,6
24924,98523,0
24924,92840,1
24924,98524,2
24924,97619,3
24924,61289,4
24924,18304,5
24924,27567,6
17994,21484,0
17994,72055,1
17994,82580,2
17994,42335,3
17994,109761,4
17994,98531,5
17994,163361,6
75759,37366,0
75759,246642,1
75759,83987,2
75759,15707,3
75759,106644,4
75759,2174,5
75759,30501,6
60437,6449,0
60437,3830,1
60437,8949,2
60437,10539,3
60437,105063,4
60437,41232,5
60437,193,6
49069,55266,0
49069,3913824,1
49069,555703,2
49069,97894,3
49069,14324,4
49069,39036,5
49069,2753978,6
31117,10127,0
31117,93379,1
31117,55093,2
31117,25308,3
31117,2548070,4
31117,2548069,5
31117,2548068,6
9759,326,0
9759,16828,1
9759,976,2
9759,3905,3
9759,11315,4
9759,43232,5
9759,25849,6
1577,63,0
1577,7055,1
1577,18041,2
1577,3491,3
1577,96787,4
1577,12801,5
1577,15440,6
14198,4764,0
14198,8688,1
14198,1579,2
14198,3064,3
14198,59352,4
14198,17243,5
14198,87568,6
288952,2617,0
288952,57286,1
288952,5960,2
288952,8792,3
288952,15439,4
288952,52374,5
288952,1107803,6
16232,1897,0
16232,9780,1
16232,18313,2
16232,31137,3
16232,103944,4
16232,7004,5
16232,74036,6
5137,9642,0
5137,12052,1
5137,11701,2
5137,1771,3
5137,5658,4
5137,39126,5
5137,41379,6
11823,205,0
11823,6162,1
11823,4783,2
11823,15277,3
11823,1369,4
11823,45453,5
11823,12795,6
2003,20577,0
2003,7694,1
2003,2258787,2
2003,2258788,3
2003,2258789,5
2003,2258790,6
2003,2258791,7
18804,6885,0
18804,955,1
18804,56778,2
18804,3491,3
18804,123973,4
18804,148125,5
18804,81418,6
13969,3897,0
13969,46772,1
13969,1190676,2
13969,2232,3
13969,8985,4
13969,51359,5
13969,154295,6
10145,1231,0
10145,17287,1
10145,33,2
10145,11085,3
10145,1981,4
10145,3900,5
10145,21505,6
26486,4756,0
26486,7447,1
26486,3051,2
26486,4252,3
26486,49148,4
26486,1462,5
26486,7795,6
13702,30364,0
13702,9656,1
13702,11826,2
13702,6591,3
13702,11484,4
13702,9292,5
13702,77242,6
1653,258,0
1653,18478,1
1653,18499,2
1653,6859,3
1653,105738,4
1653,1313067,5
1653,64772,6
747,11108,0
747,11109,1
747,11110,2
747,11111,3
747,7028,4
747,47730,5
747,1249,6
84214,13784,0
84214,113284,1
84214,33716,2
84214,58423,3
84214,2644,4
84214,82861,5
84214,120005,6
84655,16757,0
84655,5401,1
84655,13401,2
84655,101768,3
84655,89691,4
84655,94320,5
84655,4096,6
23627,30181,0
23627,14027,1
23627,90379,2
23627,90380,3
23627,16523,4
23627,1046806,5
23627,89672,6
26230,1158507,0
26230,98317,1
26230,1172668,2
26230,1172669,3
26230,1172670,4
26230,1172671,5
26230,1172672,6
4176,3926,0
4176,7570,1
4176,1936,2
4176,4111,3
4176,738,4
4176,7301,5
4176,19162,6
11177,38225,0
11177,16431,1
11177,7036,2
11177,59956,3
11177,15413,4
11177,4784,5
11177,21202,6
43839,10922,0
43839,94928,1
43839,18156,2
43839,109897,3
43839,9070,4
43839,32138,5
43839,108986,6
26690,3150,0
26690,4958,1
26690,12950,2
26690,50762,3
26690,80620,4
26690,8608,5
26690,9596,6
35101,827,0
35101,35341,1
35101,76546,2
35101,64932,3
35101,10133,4
35101,14830,5
35101,87520,6
10905,31,0
10905,12850,1
10905,26456,2
10905,1466,3
10905,4,4
10905,52995,5
10905,26485,6
18196,30620,0
18196,14541,1
18196,1936,2
18196,8516,3
18196,12515,4
18196,25787,5
18196,11128,6
70345,8260,0
70345,58264,1
70345,92691,2
70345,27515,3
70345,158936,4
70345,95597,5
70345,61144,6
88174,18750,0
88174,2977,1
88174,57829,2
88174,20362,3
88174,5723,4
88174,13549,5
88174,16293,6
132422,6281,0
132422,58019,1
132422,56857,2
132422,35595,3
132422,23630,4
132422,168331,5
132422,106435,6
42215,9594,0
42215,16431,1
42215,47096,2
42215,11282,3
42215,25666,4
42215,250,5
42215,10074,6
43105,83987,0
43105,30303,1
43105,4072,2
43105,14564,3
43105,82383,4
43105,101958,5
43105,95734,6
71140,19797,0
71140,61962,1
71140,8349,2
71140,11885,3
71140,157676,4
71140,560299,5
71140,168402,6
27816,99025,0
27816,37368,1
27816,99042,2
27816,99043,3
27816,99045,5
27816,99046,6
27816,99047,7
27815,99025,0
27815,37368,1
27815,99034,2
27815,99035,3
27815,16089,4
27815,99036,5
27815,99037,6
12707,194,0
12707,44079,1
12707,68301,2
12707,37995,3
12707,4966,4
12707,62036,5
12707,199813,6
43657,141770,0
43657,163422,1
43657,1243338,2
43657,1232889,3
43657,2668213,4
43657,174760,5
43657,80154,6
43117,30778,0
43117,47080,1
43117,97659,2
43117,66836,3
43117,2652,4
43117,106095,5
43117,141598,7
47446,6598,0
47446,13333,1
47446,35341,2
47446,18847,3
47446,2264,4
47446,8318,5
47446,2334179,6
54979,6836,0
54979,31887,1
54979,179477,2
54979,179489,3
54979,103565,4
54979,179522,5
42172,862,0
42172,1039,1
42172,47456,2
42172,41250,3
42172,16540,4
42172,185183,5
42172,78463,6
42600,104035,0
42600,6461,1
42600,12159,2
42600,109086,3
42600,89747,4
42600,75349,5
42600,92355,6
47825,10823,0
47825,4515,1
47825,9626,2
47825,27116,3
47825,2115,4
47825,15860,5
47825,5376,6
62697,18647,0
62697,106765,1
62697,42169,2
62697,132875,3
62697,124131,4
62697,12123,5
62697,43544,6
31655,2922,0
31655,514,1
31655,102826,2
31655,102441,3
31655,87752,4
31655,98452,5
27498,97619,0
27498,97970,1
27498,97971,2
27498,97972,3
27498,97973,4
27498,97974,5
27498,97975,6
1492,16927,0
1492,23346,1
1492,10205,2
1492,11628,3
1492,3822,4
1492,14821,5
1492,7486,6
8689,55648,0
8689,55652,1
8689,55649,2
8689,55650,3
8689,55651,4
8689,4105248,5
8689,55653,6
10555,2888,0
10555,380,1
10555,9137,2
10555,70851,3
10555,11701,4
10555,154857,5
10555,1077844,7
11128,73421,0
11128,8891,1
11128,6857,2
11128,418,3
11128,9779,4
11128,21029,5
11128,9296,6
22842,117432,0
22842,3203,1
22842,87310,2
22842,60722,3
22842,74428,4
22842,76546,5
1599,17881,0
1599,17882,1
1599,4483,2
1599,10437,3
1599,9642,4
1599,13240,5
1599,3489,6
14024,5958,0
14024,78730,1
14024,18181,2
14024,51455,3
14024,12931,4
14024,39556,5
14024,27016,6
11045,15758,0
11045,11669,1
11045,10583,2
11045,67913,3
11045,18285,4
11045,13567,5
11045,71198,6
15503,4690,0
15503,27552,1
15503,3895,2
15503,51297,3
15503,6164,4
15503,78607,5
15503,21104,6
14337,76625,1
14337,110172,3
14337,110173,4
14337,1080287,5
14337,1080288,6
14337,1080289,7
14337,1080290,8
26108,6194,0
26108,8289,1
26108,40665,2
26108,94677,3
26108,207,4
26108,21343,5
26108,19923,6
4380,1205,0
4380,16866,1
4380,4038,2
4380,2283,3
4380,4494,4
4380,20974,5
4380,21127,6
3989,34518,1
3989,34519,2
3989,2702004,3
3989,34520,4
3989,31162,5
3989,60279,6
3989,181234,7
16358,5587,0
16358,17772,1
16358,11664,2
16358,21104,3
16358,10696,4
16358,11164,5
16358,15757,6
25313,350,0
25313,5168,1
25313,2207,2
25313,22226,3
25313,17052,4
25313,171811,5
25313,1222175,6
2438,24937,0
2438,4070,1
2438,8252,2
2438,24938,3
2438,14874,4
2438,26027,5
2438,26028,6
65550,4421,0
65550,13784,1
65550,117617,2
65550,151470,3
65550,19967,4
65550,2752,5
65550,56445,6
29445,2187787,2
29445,1646,3
29445,2187789,4
29445,2187790,5
29445,4482028,7
29445,2187791,8
29445,73925,9
11121,2630,0
11121,22109,1
11121,26257,2
11121,68884,3
11121,185198,4
11121,192870,5
11121,121360,6
55457,44038,0
55457,27516,1
55457,1067,2
55457,222412,3
55457,17652,4
55457,1068,5
55457,42362,6
101887,4785,0
101887,57829,1
101887,23626,2
101887,237370,3
101887,63679,4
101887,205082,5
101887,141741,6
23739,141,0
23739,90539,1
23739,113,2
23739,7505,3
23739,3265,4
23739,52903,5
23739,90540,6
21241,141,0
21241,16555,1
21241,42176,2
21241,26283,3
21241,62036,4
21241,16173,5
21241,105066,6
3053,14016,0
3053,30119,2
3053,112454,3
3053,29490,4
3053,26557,5
3053,30120,6
3053,199072,7
28356,25638,0
28356,37884,1
28356,228490,2
28356,33709,3
28356,95092,4
28356,32129,5
28356,224010,6
12456,72362,2
12456,72363,3
12456,72365,4
12456,72366,5
12456,72367,6
12456,5274,7
12456,53425,8
55047,1224937,0
55047,1106733,1
55047,1106734,2
55047,1106736,3
55047,1106737,4
55047,1106739,5
55047,1106740,6
28153,15213,0
28153,19434,1
28153,86368,2
28153,93655,3
28153,99880,4
28153,16074,5
28153,83826,6
18499,67906,0
18499,67905,1
18499,17388,2
18499,83180,3
18499,38526,4
18499,38529,5
18499,83181,6
36616,15535,0
36616,62066,1
36616,100653,2
36616,154088,3
36616,77801,4
36616,3181031,5
36616,31004,6
13644,27106,0
13644,2977,1
13644,2155,2
13644,58019,3
13644,58478,4
13644,8263,5
13644,7570,6
41936,24366,0
41936,20851,1
41936,232720,2
41936,38499,3
41936,32043,4
41936,32949,5
41936,2197,6
13416,879,0
13416,155,1
13416,9828,2
13416,15543,3
13416,19487,4
13416,3650046,5
13416,59295,6
1435,17109,0
1435,17110,1
1435,17111,3
1435,17112,4
11099,2157,0
11099,23931,1
11099,8767,2
11099,65471,3
11099,159485,4
11099,46903,5
11099,32205,6
167177,60561,0
167177,98087,1
167177,9576,2
167177,40036,3
167177,54423,4
167177,1568932,5
167177,2535,6
12483,23495,0
12483,21711,1
12483,15234,2
12483,19153,3
12483,18070,4
12483,40009,5
12483,10767,6
184530,2049,0
184530,2283,1
184530,65002,2
184530,57136,4
184530,21124,5
184530,1424159,6
184530,5835523,7
18701,516,0
18701,16940,1
18701,6199,2
18701,21089,3
18701,5658,4
18701,26257,5
18701,63311,6
2319,12647,0
2319,17265,1
2319,23891,2
2319,55958,3
2319,23893,4
2319,11665,5
2319,44990,6
110351,100173,1
110351,1049343,2
110351,1049344,3
110351,1049345,4
110351,1049346,5
110351,1049347,6
110351,98594,7
15566,880,0
15566,4691,1
15566,18979,2
15566,11514,3
15566,62816,4
15566,17695,5
15566,41421,6
1970,11863,0
1970,20386,1
1970,20329,2
1970,552504,3
1970,15338,4
1970,20387,5
1970,20388,6
8849,9642,0
8849,3141,1
8849,4987,2
8849,13636,3
8849,56105,4
8849,29071,5
8849,23459,6
9675,13242,0
9675,19159,1
9675,12519,2
9675,25540,3
9675,57823,4
9675,14984,5
9675,1223003,6
4553,3894,0
4553,10431,1
4553,37946,2
4553,36900,3
4553,11086,4
4553,37947,5
4553,38951,6
11109,11356,0
11109,26854,1
11109,39658,2
11109,1670,3
11109,1665,4
11109,976738,5
11109,53367,6
48678,8436,0
48678,540,1
48678,27136,2
48678,58801,3
48678,110525,4
48678,56867,5
48678,2675016,6
202587,191601,0
202587,26860,1
202587,47723,2
202587,66161,3
202587,5387046,4
126148,85880,0
126148,140173,1
126148,51962,2
126148,61109,3
126148,53399,4
126148,76136,5
126148,44999,6
16131,478,0
16131,6164,1
16131,20212,2
16131,79418,3
16131,37917,4
16131,79416,5
16131,74587,6
9391,8784,0
9391,7026,1
9391,2206,2
9391,2440,3
9391,42571,4
9391,15737,5
9391,7062,6
176,2144,0
176,2130,1
176,2047,3
176,2140,4
176,2131,5
176,2139,6
176,2136,7
1677,134,0
1677,11703,1
1677,9788,2
1677,9464,3
1677,58924,4
1677,71913,5
1677,1192675,6
10740,2227,0
10740,52414,1
10740,6413,2
10740,7570,3
10740,15675,4
10740,3229,5
10740,1932929,6
9806,8977,0
9806,18686,1
9806,59361,2
9806,59360,3
9806,11662,4
9806,2231,5
9806,7430,6
19614,84932,0
19614,14386,1
19614,84933,2
19614,22026,3
19614,16450,4
19614,4720,5
19614,51861,6
12777,73421,0
12777,6194,1
12777,2228,2
12777,35862,3
12777,2629,4
12777,452,5
12777,2983,6
47959,20234,0
47959,16940,1
47959,23709,2
47959,231273,3
47959,90318,4
47959,1365727,5
47959,30351,6
5255,31,0
5255,42287,1
5255,42362,2
5255,18286,3
5255,42363,4
5255,2169,5
5255,27972,6
11184,3896,0
11184,350,1
11184,5577,2
11184,133,3
11184,16327,4
11184,12074,5
11184,13472,6
11249,1370,0
11249,7906,1
11249,1329,2
11249,54799,3
11249,35865,4
11249,143508,6
11249,1087217,7
10589,517,0
10589,3136,1
10589,57755,2
10589,1896,3
10589,2038,4
10589,31711,5
10589,62649,6
9801,9137,0
9801,5472,1
9801,3291,2
9801,6857,3
9801,388,4
9801,9138,5
9801,9144,6
866,85,0
866,204,1
866,1666,2
866,4483,3
866,1281,4
866,8329,5
866,13010,6
4251,35742,0
4251,35745,1
4251,35776,2
4251,35777,3
4251,35778,4
4251,35779,5
4251,6217,6
2059,2963,0
2059,9824,1
2059,21180,2
2059,48,3
2059,10127,4
2059,1037,5
2059,290,6
140,258,0
140,1602,1
140,1603,2
140,1604,3
140,1605,4
140,1606,5
140,1284938,6
11836,78798,0
11836,6574,1
11836,70615,2
11836,34398,3
11836,188229,4
11836,17414,5
11836,78799,6
43743,59284,0
43743,26723,1
43743,62789,2
43743,58461,3
43743,1767868,4
43743,98171,5
17818,8724,0
17818,65284,1
17818,94110,2
17818,29743,3
17818,3367,4
17818,16766,5
17818,82348,6
1966,72466,0
1966,11701,1
1966,5576,2
1966,7499,3
1966,1244,4
1966,4173,5
1966,20278,6
13673,12898,0
13673,8944,1
13673,707,2
13673,588,3
13673,138242,4
13673,17190,5
13673,11159,6
174787,77242,0
26347,55047,0
26347,73504,1
26347,95167,2
26347,19776,3
26347,32648,4
26347,95169,5
26347,95170,6
2288,9642,0
2288,524,1
2288,1204,2
2288,2296,3
2288,23608,4
2288,1220476,6
2288,1232670,7
15397,195325,0
15397,8767,1
15397,23709,2
15397,8775,3
15397,223880,4
15397,27201,5
15397,129577,6
9550,43661,0
9550,25246,1
9550,1339,2
9550,57912,3
9550,1517431,4
9550,1571927,5
9550,1620869,6
163,1461,0
163,1204,1
163,287,2
163,1892,3
163,1922,4
163,1271,5
163,1893,6
36648,10814,0
36648,10860,1
36648,10859,2
36648,10823,3
36648,10862,4
36648,7489,5
36648,10871,6
15788,3663,0
15788,78778,1
15788,78779,2
15788,78780,3
15788,78781,4
15788,78782,5
15788,78783,6
33377,1025681,0
33377,4375826,1
33377,4375827,2
33377,4375828,3
33377,545383,4
33377,4375829,5
33377,4375830,6
18973,3663,0
18973,5833,1
18973,3362,2
18973,14731,3
18973,89526,4
18973,98467,5
18973,240728,6
41253,76519,0
41253,54122,1
41253,4093,2
41253,866,3
41253,1059595,4
41253,1055417,5
41253,170348,7
15787,3663,0
15787,7333,1
15787,16759,2
15787,78772,3
15787,78773,4
15787,12299,5
15787,78774,6
35188,3663,0
35188,29315,1
35188,96161,2
35188,90520,3
35188,11027,4
35188,7210,5
35188,113951,6
35189,3663,0
35189,41755,1
35189,19786,2
35189,93696,3
35189,7210,4
35189,78772,5
35189,2200845,6
52122,3663,0
52122,83787,1
52122,21877,2
52122,27733,3
52122,3343,4
52122,10606,5
52122,7347,6
28333,3663,0
28333,129546,1
28333,1172569,2
28333,7210,3
28333,3152,4
28333,1227384,5
28333,104036,6
24062,3663,0
24062,24809,1
24062,11027,2
24062,57329,3
24062,4966,4
24062,2094,5
24062,8516,6
43670,38581,0
43670,17243,1
43670,51536,2
43670,32598,3
43670,4,4
43670,3266,5
43670,5576,6
58182,4299,0
58182,3663,1
58182,40175,2
58182,110938,3
58182,148744,4
58182,9110,5
58182,12283,6
33740,30181,0
33740,24937,1
33740,13294,2
33740,4353,3
33740,66776,4
33740,13295,5
33740,8857,6
74719,30181,0
74719,13294,1
74719,9066,2
74719,1937,3
74719,24937,4
74719,82216,5
74719,93805,6
77448,41216,0
77448,41226,1
77448,92900,2
77448,39601,3
77448,129520,4
77448,13294,5
77448,15008,6
43752,3151,0
43752,4300,1
43752,95313,2
43752,69248,3
43752,19414,4
43752,83435,5
43752,19440,6
42668,5341,0
42668,13576,1
42668,29545,2
42668,236016,3
42668,48959,4
42668,19463,5
42668,67449,6
25952,94402,0
25952,111192,1
25952,3442,2
25952,153654,3
25952,7072,4
25952,2776,5
25952,91254,6
16248,29508,0
16248,54782,1
16248,21731,2
16248,84762,3
16248,13023,4
16248,14792,5
16248,1216182,6
15613,61962,0
15613,418,1
15613,4138,2
15613,9976,4
15613,3039,5
15613,31005,6
15613,42335,7
151848,2896,0
151848,29519,1
151848,8727,2
151848,2438,3
151848,24820,4
151848,8516,5
151848,78854,6
30719,30003,0
30719,7664,1
30719,95624,2
30719,20369,3
30719,19414,4
30719,39608,5
30719,14001,6
28421,99461,0
28421,1905,1
28421,100587,2
28421,100589,3
28421,30228,4
28421,6933,5
28421,3371,6
47657,66587,0
47657,22169,1
47657,11355,2
47657,19047,3
47657,11110,4
47657,990,5
47657,1646,6
8424,19866,0
8424,8293,1
8424,55384,2
8424,550027,3
8424,55383,4
8424,49947,5
8424,946511,6
32558,39554,0
32558,7664,1
32558,97777,2
32558,8828,3
32558,30228,4
32558,14831,5
32558,3367,6
50085,39554,0
50085,10017,1
50085,9857,2
50085,19414,3
50085,8498,4
50085,2643,5
50085,153291,6
50034,4492,0
42401,30155,0
42401,39554,1
42401,7664,2
42401,95624,3
42401,93123,4
42401,17753,5
42401,12499,6
67962,3127,0
67962,529,1
67962,10131,2
67962,43853,3
67962,16861,4
67962,2138,5
67962,9257,6
30996,95236,0
30996,1197044,1
30996,98180,2
30996,1197046,4
30996,1371268,5
30996,1547062,6
30996,1547064,8
44375,6408,0
44375,81096,1
44375,15439,2
44375,105112,3
44375,55591,4
44375,230,5
44375,1108704,6
18889,556951,0
18889,556952,1
18889,556953,2
18889,3232392,3
18889,3232397,4
18889,3232419,5
18889,3232426,6
210864,27765,1
210864,125823,2
210864,1181293,3
210864,84384,4
210864,146687,5
210864,117180,6
210864,19011,7
70368,558287,0
70368,12249,1
70368,558289,2
70368,1147460,3
70368,1551623,5
70368,1551624,6
70368,1551625,7
3016,29578,0
3016,29580,1
3016,29585,2
3016,1292226,3
3016,29581,4
3016,29582,5
3016,2010,6
2972,29123,0
2972,29175,1
2972,29176,2
2972,29177,3
2972,29179,5
2972,29180,6
2972,29181,7
71065,29260,0
71065,148527,1
71065,123585,2
71065,1384807,3
71065,1384808,4
71065,1327229,5
71065,1042290,6
42510,13848,0
42510,21301,1
42510,14438,2
42510,13855,3
42510,239239,4
42510,239244,5
42510,21310,6
58129,145692,1
58129,227405,2
58129,222682,3
58129,227406,4
58129,1170438,5
58129,1170439,6
58129,675616,7
29267,3005,0
29267,49252,1
29267,29141,2
29267,225288,3
29267,225289,4
29267,28059,5
29267,2912,6
36841,116367,0
36841,148821,1
36841,170039,2
36841,1271045,5
36841,34574,6
36841,14563,7
36841,100245,8
57283,1040932,1
57283,1501721,2
57283,1086979,3
57283,89678,4
57283,2451851,5
57283,1899191,6
57283,222682,7
171432,1043380,0
171432,1795592,2
171432,14921,3
171432,1285048,4
171432,30264,5
171432,1365129,6
171432,2513303,7
18987,14481,0
18987,98031,1
18987,14485,2
18987,98032,3
18987,98033,4
18987,34047,5
18987,29580,6
41348,88953,0
41348,102501,1
41348,148398,2
41348,1472314,3
41348,98022,4
41348,29274,5
41348,148399,6
27511,14481,0
27511,88867,1
27511,98045,2
27511,1564148,3
27511,98026,4
27511,89519,5
27511,13359,6
96713,930621,0
96713,90074,1
96713,98971,2
96713,97981,3
96713,14563,4
96713,13854,5
96713,35504,6
992,14920,1
992,10530,2
992,14921,3
992,14922,4
992,1263235,5
992,1616867,6
992,120701,7
3060,98045,0
3060,29973,1
3060,29536,2
3060,29974,3
3060,29975,4
3060,29976,5
3060,29977,6
42359,88953,0
42359,102501,1
42359,115995,2
42359,148414,3
42359,148415,4
42359,148416,5
42359,1276276,6
1405,9097,0
1405,34746,1
1405,32138,2
1405,35504,3
1405,29603,4
1405,35505,5
1405,30195,6
964,14481,0
964,14485,1
964,14484,2
964,14486,3
964,9097,4
964,14488,5
964,14487,6
939,14286,0
939,14287,1
939,13342,2
939,14288,3
939,14289,4
939,14290,6
939,2596207,7
697,9605,0
697,10453,1
697,10454,2
697,10455,3
697,10456,4
697,1899299,5
697,1899300,6
104433,14515,0
104433,133099,1
104433,141305,2
104433,1110547,3
104433,13342,4
104433,97985,5
104433,13341,6
27503,14481,0
27503,14485,1
27503,31550,2
27503,97998,3
27503,97999,4
27503,98000,5
27503,4038666,6
905,13904,0
905,13905,1
905,13906,2
905,13907,3
905,13908,4
905,13909,5
905,1359939,6
31411,122974,1
31411,80545,2
31411,80546,3
31411,80547,4
31411,122978,5
31411,122979,6
31411,122981,7
28189,36209,0
28189,100029,1
28189,100030,2
28189,100031,3
28189,1556292,4
28189,1386335,6
28189,1505027,7
3061,29985,0
3061,29986,1
3061,29987,2
3061,29988,3
3061,29989,4
3061,99378,5
3061,29990,6
27517,3001,0
27517,14484,1
27517,940168,2
27517,29580,3
27517,1508,4
27517,29952,5
27517,119542,6
42538,8629,0
42538,17753,1
42538,30159,2
42538,1292226,3
42538,148865,4
42538,148866,5
42538,148867,6
25768,120811,1
25768,98034,2
25768,1444312,3
25768,589220,4
25768,120474,5
25768,1438014,6
120833,145959,0
120833,1021542,1
120833,1462296,2
120833,1562877,3
120833,32433,4
120833,105457,5
120833,142595,6
626,8993,0
626,8992,1
626,8988,3
626,8994,4
626,8995,5
626,8996,6
626,8997,7
27899,13566,0
27899,51762,1
27899,29315,2
27899,128159,3
27899,12022,4
27899,115370,5
27899,81292,6
5729,11543,0
5729,33023,1
5729,1830629,2
5729,45201,3
5729,1830630,4
5729,45204,5
5729,1713004,6
42816,29260,0
42816,55278,1
42816,14871,2
42816,1509,3
42816,32437,4
42816,233118,5
42816,1747371,6
13911,10798,0
13911,10800,1
13911,10799,2
13911,30014,3
13911,126749,4
13911,100920,5
13911,97980,6
51394,14974,0
51394,88581,1
51394,13568,2
51394,11492,3
51394,30159,4
51394,1112942,5
51394,83474,6
48365,12748,0
48365,140349,1
48365,140350,2
48365,140351,3
48365,140352,4
48365,11550,5
48365,94942,6
3574,2495,0
3574,3242,1
3574,33003,2
3574,33004,3
3574,2009,4
3574,33005,5
3574,14486,6
91,9768,0
31592,2922,0
31592,19550,1
31592,10921,2
31592,145832,3
31592,2925,4
31592,994475,5
31592,2669,6
43132,29578,0
43132,97777,1
43132,17753,2
43132,103449,3
43132,1045271,4
43132,117499,5
43132,13356,6
877,13352,0
877,13353,1
877,13354,2
877,13355,3
877,13356,4
877,3152,5
877,13357,6
875,2896,0
875,13340,1
875,13341,2
875,13342,3
875,8728,4
875,13343,5
875,13344,6
28268,213511,0
28268,142474,1
28268,145253,2
28268,1092896,3
28268,213519,4
28268,1092904,5
28268,1082746,6
779,11586,1
779,11588,2
779,11587,3
779,11585,4
779,11584,5
779,992686,6
779,2072573,7
56724,89731,0
56724,116186,1
56724,27733,2
56724,10610,3
56724,115995,4
56724,89101,5
56724,98571,6
39130,89610,0
39130,29578,1
39130,29260,2
39130,82315,3
39130,17753,4
39130,33003,5
39130,99749,6
28046,2922,0
28046,99461,1
28046,2925,2
28046,12689,3
28046,99462,4
28046,96758,5
28046,96421,6
31511,76974,0
31511,13568,1
31511,74874,2
31511,30001,3
31511,19328,4
31511,30002,5
31511,30004,6
3031,10921,0
3031,29760,1
3031,1507,2
3031,1547,3
3031,29761,4
3031,25176,5
3031,29762,6
43130,76974,0
43130,13816,1
43130,30002,2
43130,29315,3
43130,30004,4
43130,30156,5
43130,81798,6
43595,103616,0
43595,2638,1
43595,89107,2
43595,29273,3
43595,128324,4
43595,131813,5
43595,103490,6
43149,3243,0
43149,30241,1
43149,3245,2
43149,131046,3
43149,1128885,4
43149,131047,5
43149,3261,6
43148,2495,0
43148,3242,1
43148,19550,2
43148,2503,3
43148,3163,4
43148,1549,5
43148,96471,6
50073,67370,0
50073,148573,1
50073,2777,2
50073,148574,3
50073,34759,4
50073,25176,5
50073,589672,6
43904,12748,0
43904,11545,1
43904,11550,2
43904,142918,3
43904,142915,4
43904,142919,5
43904,142914,6
43693,88867,0
43693,13576,1
43693,10921,2
43693,41516,3
43693,133227,4
43693,47178,5
43693,2782,6
24106,2922,0
24106,1547,1
24106,2125,2
24106,82349,3
24106,89727,4
24106,98052,5
24106,100594,6
47921,30155,0
47921,89101,1
47921,76974,2
47921,2777,3
47921,30004,4
47921,1010217,5
47921,1011213,6
49640,4165,0
49640,149017,1
49640,88655,2
49640,88978,3
49640,89011,4
49640,89017,5
49640,88652,6
46910,30495,0
46910,2922,1
46910,35849,2
46910,3364,3
46910,2099,4
46910,100763,5
46910,8729,6
43689,112972,0
43689,98462,1
43689,2437,2
43689,13963,3
43689,30276,4
43689,32431,5
43689,1400125,6
22614,11493,0
22614,30225,1
22614,2669,2
22614,3363,3
22614,1234783,4
22614,96758,5
22614,142724,6
51949,133190,0
51949,589680,1
51949,103886,2
51949,140352,3
51949,140357,4
51949,69971,5
51949,589681,6
43889,89670,0
43889,78057,1
43889,96068,2
43889,227034,3
43889,131386,4
43889,77670,5
43889,134876,6
131894,6598,0
131894,29519,1
131894,97314,2
131894,32138,3
131894,3246,4
131894,34244,5
131894,1021686,6
43896,30495,0
43896,93897,1
43896,33004,2
43896,136151,3
43896,35849,4
43896,2929,5
43896,2099,6
28910,17753,0
28910,47678,1
28910,1547,2
28910,2495,3
28910,32138,4
28910,32433,5
28910,14968,6
17907,2922,0
17907,1547,1
17907,82488,2
17907,82489,3
17907,17756,4
17907,34280,5
17907,34244,6
27970,40180,0
27970,13342,1
27970,2924,2
27970,82488,3
27970,13343,4
27970,20369,5
27970,99326,6
52677,112754,0
52677,32006,1
52677,97251,2
52677,102848,3
52677,11537,4
52677,139769,5
52677,28609,6
14615,528,0
14615,12147,1
14615,77114,2
14615,3244,3
14615,77115,4
14615,4302,5
14615,78902,6
31773,82315,0
31773,32428,1
31773,13577,2
31773,12147,3
31773,30156,4
31773,8517,5
31773,13962,6
24807,4068,0
24807,30210,1
24807,13555,2
24807,4969,3
24807,34748,4
24807,89673,5
24807,33278,6
17030,11493,0
17030,3380,1
17030,4110,2
17030,81167,3
17030,81168,4
17030,14975,5
17030,8517,6
23389,29313,0
23389,90066,1
23389,90067,2
23389,90068,3
23389,32218,4
23389,120556,5
23389,29961,6
31548,77158,0
31548,10802,1
31548,83474,2
31548,98568,3
31548,145959,4
31548,108986,5
31548,120010,6
54569,2433,0
54569,30225,1
54569,20501,2
54569,102062,3
54569,30242,4
54569,14870,5
54569,95627,6
38721,11492,0
38721,82315,1
38721,13577,2
38721,854,3
38721,13816,4
38721,30276,5
38721,100779,6
43874,19549,0
43874,82216,1
43874,17753,2
43874,47678,3
43874,13965,4
43874,10924,5
43874,130220,6
16515,80567,0
16515,12147,1
16515,17753,2
16515,19550,3
16515,8517,4
16515,1937,5
16515,8516,6
27973,528,0
27973,20501,1
27973,4110,2
27973,106089,3
27973,14965,4
27973,30005,5
27973,13996,6
20642,32428,0
20642,13577,1
20642,123120,2
20642,97314,3
20642,13965,4
20642,30018,5
20642,34747,6
37650,2491,0
37650,13576,1
37650,83474,2
37650,30156,3
37650,2497,4
37650,118203,5
37650,118204,6
43867,29522,0
43867,3610,1
43867,51762,2
43867,13992,3
43867,2438,4
43867,14261,5
43867,2669,6
43864,6598,0
43864,30003,1
43864,14563,2
43864,98574,3
43864,17660,4
43864,1031219,5
43864,17756,6
23101,89731,0
23101,2638,1
23101,14685,2
23101,9071,3
23101,8240,4
23101,8728,5
23101,34179,6
60562,13954,0
60562,106572,1
60562,83400,2
60562,82388,3
60562,149133,4
60562,102064,5
60562,104034,6
46688,8724,0
46688,8727,1
46688,14261,2
46688,8841,3
46688,8730,4
46688,13820,5
46688,87546,6
16274,6598,0
16274,2638,1
16274,80234,2
16274,2007,3
16274,2437,4
16274,80236,5
16274,80237,6
99318,14869,0
99318,854,1
99318,12308,2
99318,11498,3
99318,32430,4
99318,83253,5
99318,14574,6
55207,88935,0
55207,117499,1
55207,106626,2
55207,153422,3
55207,29520,4
55207,108680,5
55207,131030,6
31868,11493,0
31868,4111,1
31868,88569,2
31868,935345,3
31868,30231,4
31868,14688,5
31868,930690,6
37698,5788,0
37698,2670,1
37698,4110,2
37698,14450,3
37698,90517,4
37698,74875,5
37698,82348,6
3084,30225,0
3084,3359,1
3084,14261,2
3084,30126,3
3084,8841,4
3084,30226,5
3084,30227,6
46069,134676,0
46069,134680,1
46069,134677,2
46069,1194655,3
46069,134679,4
46069,1029781,5
46069,1083307,6
43806,2669,0
43806,30234,1
43806,4970,2
43806,132494,3
43806,30279,4
43806,12156,5
43806,114097,6
55604,11492,0
55604,12147,1
55604,30155,2
55604,89088,3
55604,9067,4
55604,2495,5
55604,14001,6
26635,13566,0
26635,87685,1
26635,4110,2
26635,8841,3
26635,1208,4
26635,30005,5
26635,13977,6
43811,12147,0
43811,11169,1
43811,102064,2
43811,85358,3
43811,30234,4
43811,7666,5
43811,2494,6
17801,3380,0
17801,2435,1
17801,82382,2
17801,82383,3
17801,25173,4
17801,82384,5
17801,3678,6
26201,8724,0
26201,94850,1
26201,4113,2
26201,8841,3
26201,30126,4
26201,8729,5
26201,10924,6
29884,4068,0
29884,14974,1
29884,29661,2
29884,7666,3
29884,94110,4
29884,13359,5
29884,4120,6
45978,134369,0
45978,118984,1
45978,134370,2
45978,1395903,3
45978,1591536,4
45978,134368,5
45978,134367,6
38914,19406,0
38914,11494,1
38914,4113,2
38914,85358,3
38914,2437,4
38914,30537,5
38914,35194,6
33523,30111,0
33523,29642,1
33523,19328,2
33523,34756,3
33523,1221906,4
33523,1221905,5
33523,1578527,6
33112,95622,0
33112,10921,1
33112,7125,2
33112,30002,3
33112,103946,4
33112,102062,5
33112,13819,6
28789,13954,0
28789,101991,1
28789,100769,2
28789,101992,3
28789,101993,4
28789,10804,5
28789,101994,6
43799,30225,0
43799,19550,1
43799,16523,2
43799,8240,3
43799,106551,4
43799,11502,5
43799,2497,6
18790,4110,0
18790,13992,1
18790,4114,2
18790,2502,3
18790,82385,4
18790,1082322,5
18790,229656,6
37036,4110,0
37036,3001,1
37036,83478,2
37036,8515,3
37036,74875,4
37036,2094,5
37036,3362,6
43522,8724,0
43522,65284,1
43522,2672,2
43522,8729,3
43522,29127,4
43522,34285,5
43522,30279,6
36612,46617,0
36612,33022,1
36612,30269,2
36612,2672,3
36612,14450,4
36612,96064,5
36612,2772,6
97648,82388,0
97648,3610,1
97648,25173,2
97648,30417,3
97648,120706,4
97648,33033,5
97648,117735,6
22387,29522,0
22387,93805,1
22387,33031,2
22387,84635,3
22387,7666,4
22387,5832,5
22387,1234783,6
27655,29519,0
27655,33741,1
27655,30003,2
27655,4958,3
27655,10921,4
27655,13566,5
27655,98568,6
23051,4110,0
23051,2669,1
23051,8729,2
23051,82349,3
23051,4970,4
23051,14574,5
23051,89524,6
43306,12147,0
43306,77158,1
43306,37446,2
43306,4303,3
43306,30537,4
43306,17753,5
43306,10411,6
18727,18156,0
18727,20124,1
18727,11169,2
18727,13996,3
18727,80726,4
18727,20369,5
18727,87698,6
33049,32428,0
33049,89088,1
33049,82860,2
33049,20366,3
33049,20368,4
33049,20369,5
33049,14000,6
41355,126201,0
41355,126202,1
41355,126203,2
41355,126204,3
41355,126205,4
41355,126206,5
41355,126207,6
47352,2638,0
47352,41245,1
47352,30527,2
47352,3366,3
47352,105804,4
47352,81934,5
47352,11033,6
43518,82407,0
43518,13294,1
43518,13992,2
43518,29815,3
43518,104034,4
43518,108432,5
43518,1287819,6
41391,1017884,0
41391,142907,1
41391,142906,2
41391,1017401,3
41391,1328713,4
41391,142902,5
41391,51208,6
21622,33741,0
21622,13294,1
21622,105505,2
21622,40178,3
21622,130187,4
21622,94071,5
21622,860,6
28436,103781,0
28436,51764,1
28436,30114,2
28436,34498,3
28436,100129,4
28436,106555,5
28436,96607,6
22638,3359,0
22638,20055,1
22638,89064,2
22638,2925,3
22638,936008,4
22638,81463,5
22638,20502,6
51144,550129,0
51144,55156,2
51144,550143,3
51144,550142,4
51144,557052,5
51144,47179,6
51144,557053,7
35006,2094,0
35006,4114,1
35006,31551,2
35006,89528,3
35006,29743,4
35006,30847,5
35006,3367,6
21451,7124,0
21451,87545,1
21451,87546,2
21451,8241,3
21451,87547,4
21451,64212,5
21451,6933,6
42879,115457,0
42879,97182,1
42879,115990,2
42879,21510,3
42879,14975,4
42879,124875,5
42879,120785,6
43307,3380,0
43307,4113,1
43307,77114,2
43307,11028,3
43307,138234,4
43307,113703,5
43307,34726,6
50066,93805,0
50066,12308,1
50066,30211,2
50066,11025,3
50066,30228,4
50066,3366,5
50066,108432,6
18229,4110,0
18229,4113,1
18229,35254,2
18229,33031,3
18229,4114,4
18229,2094,5
18229,30272,6
52440,77158,0
52440,78854,1
52440,7505,2
52440,9067,3
52440,37446,4
52440,2438,5
52440,14299,6
17136,13566,0
17136,7639,1
17136,2669,2
17136,81291,3
17136,64212,4
17136,81292,5
17136,81293,6
43494,24815,0
43494,14868,1
43494,2435,2
43494,12969,3
43494,20369,4
43494,8241,5
43494,14976,6
30348,2922,0
30348,84485,1
30348,106108,2
30348,106109,3
30348,38246,4
30348,6933,5
30348,100078,6
9797,67502,0
9797,146916,1
9797,146917,2
9797,562643,3
9797,144841,4
9797,1449309,5
9797,1191123,6
45219,31551,0
45219,13785,1
45219,30686,2
45219,17755,3
45219,94929,4
45219,85736,5
45219,89928,6
18771,19406,0
18771,4165,1
18771,17752,2
18771,93910,3
18771,4303,4
18771,84233,5
18771,97145,6
30177,24815,0
30177,13568,1
30177,131618,2
30177,19411,3
30177,30537,4
30177,549612,5
30177,34210,6
41020,95732,0
41020,30952,1
41020,2094,2
41020,29743,3
41020,30686,4
41020,89813,5
41020,113704,6
16090,30510,0
16090,79245,1
16090,79246,2
16090,79247,3
16090,79248,4
16090,14978,5
16090,38232,6
44041,8725,0
44041,2007,1
44041,3383,2
44041,78852,3
44041,109772,4
44041,117772,5
44041,130098,6
25502,3380,0
25502,4112,1
25502,4113,2
25502,24826,3
25502,91254,4
25502,1466128,5
25502,136894,6
14320,11859,0
14320,2924,1
14320,1296266,2
14320,14500,3
14320,8239,4
14320,93900,5
14320,10027,6
26701,31550,0
26701,81970,1
26701,27966,2
26701,30686,3
26701,17664,4
26701,94334,5
26701,13978,6
43469,71140,0
43469,550821,1
43469,550822,2
43469,589221,3
43469,233174,4
43469,944148,5
43469,1274405,6
20246,13566,0
20246,85848,1
20246,105007,3
20246,78852,4
20246,5739,5
20246,105008,6
20246,85737,7
82101,30233,0
82101,7640,1
82101,2669,2
82101,54905,3
82101,2090,4
82101,29655,5
82101,232348,6
19169,10922,0
19169,83475,1
19169,3336,2
19169,13568,3
19169,11172,4
19169,84229,5
19169,84230,6
43461,2091,0
43461,29520,1
43461,4973,2
43461,131447,3
43461,98152,4
43461,73245,5
43461,131449,6
31980,24937,0
31980,82388,1
31980,83400,2
31980,25173,3
31980,17759,4
31980,97282,5
31980,99330,6
27448,4110,0
27448,14974,1
27448,65284,2
27448,3363,3
27448,95263,4
27448,95943,5
27448,34498,6
29244,4165,0
29244,96973,1
29244,4316,2
29244,4303,3
29244,8829,4
29244,12969,5
29244,8515,6
83838,14974,0
83838,18803,1
83838,11169,2
83838,98506,3
83838,4966,4
83838,20365,5
83838,20369,6
43452,79246,0
43452,14965,1
43452,30527,2
43452,14574,3
43452,34285,4
43452,233510,5
43452,2584731,6
29380,9066,0
29380,30181,1
29380,4353,2
29380,15008,3
29380,94112,5
29380,103705,6
29380,83442,7
37347,4165,0
37347,4958,1
37347,95624,2
37347,96973,3
37347,4303,4
37347,9087,5
37347,30495,6
3766,33741,0
3766,11027,2
3766,33742,3
3766,2097,4
3766,14364,5
3766,33743,6
3766,33745,7
946,3360,0
946,10508,1
946,14357,2
946,14358,3
946,14359,4
946,14360,5
946,14361,6
70447,1060516,0
70447,1060517,1
70447,1060518,2
70447,1060519,3
70447,1060520,4
70447,2460169,5
20482,13820,0
20482,44846,1
20482,86168,2
20482,14658,4
20482,2097,5
20482,40194,6
20482,86180,7
35032,9066,0
35032,13294,1
35032,37884,2
35032,3366,3
35032,5832,4
35032,30417,5
35032,1005050,6
44190,10023,0
44190,12497,1
44190,79247,2
44190,3338,3
44190,130420,4
44190,34279,5
44190,99754,6
41609,13294,0
41609,29623,1
41609,41216,2
41609,18803,3
41609,14730,4
41609,70985,5
41609,1905,6
33115,35321,0
33115,30289,1
33115,83452,2
33115,85485,3
33115,78901,4
33115,4969,5
33115,83990,6
20638,8487,0
20638,10606,1
20638,12149,2
20638,78304,3
20638,4304,4
20638,4073,5
20638,98465,6
29885,30181,0
29885,30003,1
29885,27966,2
29885,9071,3
29885,104411,4
29885,34584,5
29885,30417,6
25698,9066,0
25698,37446,1
25698,94110,2
25698,20369,3
25698,94112,4
25698,94113,6
25698,94114,7
45578,87685,0
45578,30289,1
45578,82170,2
45578,2090,3
45578,111578,4
45578,90517,5
45578,85485,6
4558,9741,0
4558,27440,1
4558,25156,2
4558,37989,3
4558,37990,4
4558,37452,5
4558,32090,6
43439,13991,0
43439,923,1
43439,2435,2
43439,3366,3
43439,2926,4
43439,1041179,5
43439,5832,6
61828,95624,0
61828,13820,1
61828,105795,2
61828,30273,3
61828,34234,4
61828,30216,5
61828,34084,6
25209,97182,0
25209,39601,1
25209,4343,2
25209,30686,3
25209,30211,4
25209,4966,5
25209,102372,6
15390,78191,0
15390,37991,1
15390,145449,2
15390,145450,3
15390,1605947,5
15390,1605948,6
15390,124236,7
17409,8487,0
17409,29644,1
17409,13297,2
17409,81798,3
17409,9857,4
17409,16017,5
17409,24938,6
43388,20141,0
43388,41235,1
43388,67685,2
43388,94198,3
43388,80621,4
43388,1712378,5
43388,1712379,6
800,11973,0
800,11974,1
800,11972,2
800,11975,3
800,11976,4
800,11977,5
800,11978,6
32690,7450,0
32690,86820,1
32690,131018,2
32690,106161,3
32690,97203,4
32690,7453,5
32690,33767,6
43390,9066,0
43390,13294,1
43390,115457,2
43390,120306,3
43390,13996,4
43390,40178,5
43390,14518,6
41464,4111,0
41464,40529,1
41464,126554,3
41464,5402,4
41464,126555,5
41464,126556,6
41464,126559,9
43961,854,0
43961,13296,1
43961,7683,2
43961,81180,3
43961,11033,4
43961,94164,5
43961,82835,6
43358,3359,0
43358,39554,1
43358,2433,2
43358,11998,3
43358,100919,4
43358,93624,5
43358,89834,6
24003,14974,0
24003,111578,1
24003,8253,2
24003,3149,3
24003,30686,4
24003,15953,5
24003,111579,6
28431,41235,0
28431,20141,1
28431,2091,2
28431,4343,3
28431,10159,4
28431,29259,5
28431,33484,6
43364,24551,0
43364,134399,1
43364,134263,2
43364,134402,3
43364,7450,4
43364,33731,5
43364,122430,6
30801,82388,0
30801,11165,1
30801,83395,2
30801,96243,3
30801,34497,4
30801,96302,5
30801,34748,6
3023,30111,0
3023,29642,1
3023,2922,2
3023,29643,3
3023,29644,4
3023,3364,5
3023,29645,6
43348,18735,0
43348,17752,1
43348,45291,2
43348,134862,3
43348,95082,4
43348,18391,5
43348,9112,6
43349,97207,0
43349,7451,1
43349,134020,2
43349,1173583,3
43349,1029792,4
43349,30470,5
43349,123381,6
99898,13576,0
99898,33716,1
99898,77081,2
99898,44728,3
99898,14563,4
99898,251,5
99898,16420,6
24381,12727,0
24381,10028,1
24381,14302,2
24381,90624,3
24381,3612,4
24381,10021,5
24381,107538,6
11402,20394,0
11402,80995,1
11402,47722,2
11402,5827,3
11402,106631,4
11402,39393,5
11402,42572,6
35861,97207,0
35861,34374,1
35861,122430,2
35861,97203,3
35861,132767,4
35861,34375,5
35861,134344,6
45213,11544,0
45213,36318,1
45213,996588,2
45213,132491,3
45213,36917,4
45213,25166,5
45213,37130,6
20127,85651,0
20127,4353,1
20127,3151,2
20127,124851,3
20127,3641,4
20127,87519,5
20127,105051,6
24518,40174,0
24518,91711,1
24518,13996,2
24518,4966,3
24518,132255,4
24518,18586,5
24518,31503,6
13457,20391,0
13457,18735,1
13457,74542,2
13457,11025,3
13457,4071,4
13457,16071,5
13457,96064,6
23620,968599,0
23620,2098341,1
23620,70990,2
23620,93949,3
23620,90373,4
23620,90374,5
23620,2098346,6
31372,7450,0
31372,76975,1
31372,108018,2
31372,108019,3
31372,108020,4
31372,108021,5
31372,106160,6
3111,9066,0
3111,2091,1
3111,2672,2
3111,30527,3
3111,11170,4
3111,30528,5
3111,30529,6
41503,20125,0
41503,24815,1
41503,19216,2
41503,10508,3
41503,30780,4
41503,29327,5
41503,5792,6
28696,3084,0
28696,51678,1
28696,46711,2
28696,18391,3
28696,3338,4
28696,87665,5
28696,98503,6
94123,12149,0
94123,7570,1
94123,29519,2
94123,77081,3
94123,8828,4
94123,62881,5
94123,30043,6
17640,13294,0
17640,82129,1
17640,41226,3
17640,39602,4
17640,130941,5
17640,3338,6
17640,108275,7
44026,30719,1
44026,53819,2
44026,105733,3
44026,123905,4
44026,39801,5
44026,2567,6
44026,7640,7
803,11989,0
803,11990,1
803,11991,2
803,10279,3
803,11992,4
31374,7450,0
31374,108024,1
31374,108020,2
31374,108018,3
31374,108025,4
31374,30568,5
31374,108021,6
25893,82388,0
25893,94314,1
25893,30272,2
25893,89215,3
25893,82836,4
25893,94315,5
25893,3162,6
36439,1112521,0
36439,1112522,1
36439,1112523,2
36439,1559762,3
36439,103866,4
36439,222324,5
36439,222302,6
46007,24937,0
46007,13295,1
46007,134429,2
46007,99662,3
46007,57329,4
46007,40620,5
46007,94293,6
33319,76975,0
33319,213464,1
33319,97629,2
33319,213465,3
33319,213466,4
33319,25462,5
33319,213467,6
28100,82387,0
28100,60158,1
28100,44728,2
28100,128000,3
28100,984937,4
28100,983944,5
28100,30234,6
31378,7450,0
31378,108024,1
31378,108020,2
31378,108018,3
31378,108019,4
31378,108044,5
31378,7453,6
19742,18613,0
19742,128665,1
19742,30568,2
19742,980381,3
19742,30475,4
19742,1189033,5
19742,1479153,6
44134,12248,0
44134,101963,1
44134,3679,2
44134,143823,3
44134,4450378,4
44134,47391,5
44134,4450379,6
22334,20393,0
22334,10606,1
22334,14503,2
22334,27281,3
22334,12828,4
22334,40529,5
22334,51762,6
29347,84233,0
29347,97220,1
29347,103591,2
29347,103241,3
29347,81933,4
29347,96762,5
29347,1193046,6
15697,21457,0
15697,83439,1
15697,3442,2
15697,3641,3
15697,83440,4
15697,40393,5
15697,83441,6
43234,5788,0
43234,10487,1
43234,10159,2
43234,83235,3
43234,2771,4
43234,15942,6
43234,30274,7
18776,854,0
18776,8608,1
18776,129994,2
18776,129995,3
18776,34365,5
18776,54683,6
18776,589728,7
29071,34560,0
29071,102828,1
29071,104412,2
29071,102832,3
29071,30647,4
29071,87752,5
29071,12659,6
54541,13578,0
54541,30289,1
54541,3088,2
54541,1046816,3
54541,29546,4
54541,41720,5
54541,215386,6
44559,77165,0
44559,13324,1
44559,100343,2
44559,1969,3
44559,15395,4
44559,39176,5
44559,96191,6
30637,2922,0
30637,106625,1
30637,113,2
30637,10027,3
30637,2265,4
30637,9899,5
30637,30704,6
76754,554323,0
76754,1185123,1
76754,128023,2
76754,1127189,3
76754,213469,4
76754,72395,5
76754,1185129,6
56156,12147,0
56156,30551,1
56156,113585,2
56156,3155,3
56156,8727,4
56156,8841,5
56156,30537,6
43119,4960,0
43119,98162,1
43119,105637,2
43119,102787,3
43119,103054,4
43119,50574,5
43119,87519,6
43137,11492,0
43137,8237,1
43137,70985,2
43137,97480,3
43137,2787,4
43137,75355,6
43137,29579,7
69977,3381,0
69977,7502,1
69977,94765,2
69977,40393,3
69977,8262,4
69977,2644,5
69977,178296,6
42661,2090,0
42661,3150,1
42661,7502,2
42661,7302,3
42661,12250,4
42661,40529,5
42661,30141,6
43051,522,0
43051,116739,1
43051,14732,2
43051,1936,3
43051,3160,4
43051,20100,5
43051,12504,6
43101,12267,0
43101,35255,1
43101,581224,2
43101,144990,3
43101,29683,4
43101,20852,5
43101,581225,6
58997,103071,0
58997,131281,1
58997,10928,2
58997,89526,3
58997,8516,4
58997,178442,5
58997,97145,6
34528,70131,0
34528,85307,1
34528,1132431,2
34528,228547,3
34528,555556,4
34528,33730,5
34528,99247,6
31427,89177,0
31427,131923,1
31427,28776,2
31427,213468,3
31427,213469,4
31427,213470,5
31427,1200216,6
58902,67676,0
58902,7570,1
58902,14503,2
58902,15387,3
58902,35250,4
58902,222281,5
58902,148309,6
27029,1932,0
27029,29903,1
27029,45465,2
27029,3672,3
27029,29313,4
27029,68642,5
27029,10083,6
690,10355,0
690,10356,1
690,10357,2
690,10358,3
690,10359,4
690,1711541,5
690,3539619,8
46918,1378968,0
46918,7451,1
46918,97210,2
46918,554323,3
46918,131013,4
46918,1185123,5
46918,33135,6
43111,3636,0
43111,74542,1
43111,65284,2
43111,32791,3
43111,94765,4
43111,9071,5
43111,5182,6
52745,3336,0
52745,109406,1
52745,101490,2
52745,47080,3
52745,24554,4
52745,151137,5
52745,96733,6
36872,213504,0
36872,7452,1
36872,131203,2
36872,70131,3
36872,7457,4
36872,1378968,5
36872,97203,6
43047,20141,0
43047,10158,1
43047,14501,2
43047,5826,3
43047,58414,4
43047,69248,5
43047,24808,6
72354,1208,0
72354,93805,1
72354,7668,2
72354,13296,3
72354,19784,4
72354,103721,5
72354,163280,6
31589,7450,0
31589,7452,1
31589,96552,2
31589,72540,3
31589,34374,4
31589,13251,5
31589,7453,6
52841,82388,0
52841,29623,1
52841,84659,2
52841,94550,3
52841,33644,4
52841,94294,5
52841,19967,6
18449,70035,0
18449,32791,1
18449,78792,2
18449,14001,3
18449,8260,4
18449,34279,5
18449,30500,6
50474,3381,0
50474,8742,1
50474,29519,2
50474,5248,3
50474,2092,4
50474,21876,5
50474,6251,6
79827,1748,0
79827,94777,1
79827,163387,2
79827,83826,3
79827,95082,4
79827,1647755,5
79827,113064,7
750,11127,0
750,11128,1
750,11129,2
750,11130,3
750,11131,4
750,11132,5
750,11133,6
34530,70131,0
34530,85307,1
34530,134384,2
34530,50656,3
34530,33135,4
34530,213465,5
34530,94188,6
33710,3636,0
33710,109410,1
33710,16897,2
33710,20158,3
33710,82280,4
33710,3575,5
33710,126744,6
64568,30043,0
64568,35064,1
64568,100784,2
64568,113,3
64568,93951,4
64568,153093,5
64568,140147,6
17185,4958,0
17185,10921,1
17185,18666,2
17185,12308,3
17185,4353,4
17185,20124,5
17185,72059,6
109667,245,0
109667,10558,1
109667,79247,2
109667,54682,3
109667,10224,4
109667,174657,5
109667,1167729,6
31287,102920,0
31287,10460,1
31287,102922,2
31287,99121,3
31287,1082954,4
31287,3901241,5
31287,1070234,8
14537,70131,0
14537,76977,1
14537,76976,2
14537,10071,3
14537,125721,4
14537,118993,5
14537,33730,6
16103,7640,0
16103,14011,1
16103,79356,2
16103,8224,3
16103,79357,4
16103,79358,5
16103,79359,6
13671,40202,0
13671,60158,1
13671,67393,2
13671,20603,4
13671,127641,5
13671,179384,6
13671,165758,7
11085,3084,0
11085,12726,1
11085,194,2
11085,10021,3
11085,29283,4
11085,33220,5
11085,41998,6
65048,20882,0
65048,14276,1
65048,5813,2
65048,9762,3
65048,2333546,4
65048,24698,5
65048,2333544,6
24188,12259,0
24188,1352,1
24188,70119,2
24188,32677,3
24188,128245,4
24188,128061,5
24188,49896,6
28367,14729,0
28367,6251,1
28367,29545,2
28367,37884,3
28367,22090,4
28367,29661,5
28367,7332,6
21135,15135,0
21135,41779,1
21135,9768,2
21135,131329,3
21135,91543,4
21135,2377125,5
21135,24885,6
52705,39151,0
52705,146518,1
52705,146519,2
52705,146520,3
52705,1366819,6
52705,1366820,7
52705,1366821,8
3010,30778,0
3010,6250,1
3010,7504,3
3010,30779,4
3010,30780,5
3010,30781,6
3010,30782,7
31383,1070234,1
31383,931675,2
31383,931676,3
31383,931677,4
31383,931678,5
31383,931679,6
31383,931680,8
39222,10465,0
39222,102676,1
39222,14015,2
39222,30421,3
39222,101875,4
39222,1137201,5
39222,102041,6
39495,2769,0
39495,13565,1
39495,4098,2
39495,18860,3
39495,123010,4
39495,9109,5
39495,123011,6
15263,4165,0
15263,70035,1
15263,30560,2
15263,39762,3
15263,4094,4
15263,14001,5
15263,41240,6
751,11127,0
751,11136,1
751,6599,2
751,30126,3
751,11132,4
751,47380,5
751,30187,6
42798,3636,0
42798,109410,1
42798,7684,2
42798,44714,3
42798,30272,4
42798,127643,5
42798,165467,6
4025,3636,0
4025,13566,1
4025,17844,2
4025,6930,3
4025,34595,4
4025,34596,6
4025,34597,7
61892,6352,0
61892,8229,1
61892,19153,2
61892,73022,3
61892,104810,4
61892,2771,5
61892,1242748,6
25253,15397,0
25253,24379,1
25253,39645,2
25253,24903,3
25253,37992,4
25253,37457,5
25253,26300,6
37684,16896,0
37684,2639,1
37684,8229,2
37684,36839,3
37684,50764,4
37684,136129,5
37684,6933,6
15421,5341,0
15421,11390,1
15421,11857,2
15421,37191,3
15421,4962,4
15421,14372,5
15421,101504,6
166607,8487,0
166607,5401,1
166607,5004,2
166607,24478,3
166607,4962,4
166607,68642,5
166607,83461,6
37315,4958,0
37315,19153,1
37315,4098,2
37315,80255,3
37315,10403,4
37315,33003,5
37315,87685,6
10299,3380,0
10299,8725,1
10299,7664,2
10299,11025,3
10299,30228,4
10299,24811,5
10299,13992,6
24229,18391,0
24229,4301,1
24229,62019,3
24229,4307,4
24229,14064,5
24229,18802,6
24229,101481,7
26031,20276,0
26031,15975,1
26031,30687,2
26031,19967,3
26031,12025,4
26031,89901,5
26031,239414,6
3763,33728,0
3763,33729,1
3763,33730,2
3763,33731,3
3763,33732,4
3763,1429146,5
3763,1274449,6
17696,4347,0
17696,4299,1
17696,20156,2
17696,24937,3
17696,2314,4
17696,74542,5
17696,24811,6
7348,52590,0
7348,1090742,1
7348,26847,2
7348,4402106,3
28504,4072,0
28504,78853,1
28504,91371,2
28504,15983,3
28504,101006,4
28504,5695,5
28504,98249,6
151138,4111,0
151138,5401,1
151138,35586,2
151138,4962,3
151138,23694,4
151138,5567,5
151138,20113,6
23574,4090,0
23574,3636,1
23574,10158,2
23574,4299,3
23574,13294,4
23574,7125,5
23574,61303,6
17091,81231,0
17091,81232,1
17091,55004,2
17091,66790,3
17091,81233,4
17091,70069,5
17091,81234,6
17295,140996,0
17295,39953,1
17295,557864,2
17295,1055191,3
17295,1077248,4
17295,1446515,5
17295,1439880,6
13187,34665,0
13187,124651,1
13187,148107,2
13187,124653,3
13187,148104,4
13187,124652,5
13187,124654,6
17102,113,0
17102,101478,1
17102,53815,2
17102,30704,3
17102,81246,4
17102,11131,5
17102,81247,6
23194,13784,0
23194,855,1
23194,94550,2
23194,9221,3
23194,32791,4
23194,2641,5
23194,5790,6
16850,2090,0
16850,194,1
16850,25888,2
16850,7640,3
16850,101504,4
16850,97935,5
16850,39955,6
24395,738,0
24395,19463,1
24395,2481,2
24395,87417,3
24395,15531,4
24395,3463,5
24395,47549,6
37921,4165,0
37921,2090,1
37921,1934,2
37921,30778,3
37921,33644,4
37921,30511,5
37921,107329,6
59802,1748,0
59802,178413,1
59802,153315,2
59802,166790,3
59802,229733,4
59802,229734,5
59802,2580935,6
16303,40173,0
16303,13593,1
16303,80253,2
16303,522,3
16303,13578,4
16303,69951,5
16303,5563,6
29715,10017,0
29715,194,1
29715,94550,2
29715,5563,3
29715,24808,4
29715,12776,5
29715,10254,6
36583,16757,0
36583,1933,1
36583,12726,2
36583,11859,3
36583,20510,4
36583,14011,5
36583,55037,6
60555,44728,0
60555,514,1
60555,26142,2
60555,139612,3
60555,30987,4
60555,157211,5
60555,5048,6
42731,4765,0
42731,103725,1
42731,30618,2
42731,1936,3
42731,10775,5
42731,13728,6
42731,31117,7
3482,13784,0
3482,13324,1
3482,14812,2
3482,30720,3
3482,12748,4
3482,14121,5
3482,1655,6
895,8475,0
895,13706,1
895,1190992,2
895,13707,3
895,13709,5
895,13710,6
895,86680,7
20108,18227,0
20108,143032,1
20108,143033,2
20108,17590,3
20108,143034,4
20108,545032,5
20108,1614868,6
2661,26847,0
2661,35192,1
2661,16108,2
2661,4355,3
2661,16523,4
2661,291,5
2661,6933,6
20379,16896,0
20379,2639,1
20379,2565,2
20379,7450,3
20379,70843,4
20379,41232,5
20379,33708,6
29710,10017,0
29710,3359,1
29710,20510,2
29710,12689,3
29710,40529,4
29710,40530,5
29710,39741,6
104237,1172051,0
104237,137913,1
104237,238887,2
104237,150345,3
104237,72432,4
104237,1173739,5
104237,137916,6
22293,88575,1
22293,1634509,2
22293,121161,3
22293,121162,4
22293,121163,5
22293,121164,6
22293,121165,7
789,11731,0
789,11737,1
789,11734,2
789,544211,3
789,11732,4
789,11735,5
789,11738,6
45706,133512,0
45706,13252,1
45706,133707,2
45706,21499,3
45706,86247,4
45706,1738904,5
45706,2166415,6
11047,34676,0
11047,57540,1
11047,589521,2
11047,34619,3
11047,145442,4
11047,35885,5
11047,117901,6
2097,21499,0
2097,21500,1
2097,21501,2
2097,21502,3
2097,21503,4
2097,551800,5
2097,551801,6
135,1487,0
135,1489,2
135,1490,3
135,1492,5
135,1493,6
135,1494,7
135,110589,8
33257,589842,0
33257,1168522,1
33257,1188007,2
33257,544597,3
33257,1199648,4
33257,2398625,5
33257,2398626,6
66043,20564,0
66043,8349,1
66043,2222,2
66043,2112,3
66043,15532,4
66043,64929,5
66043,7684,6
17905,228532,0
17905,82477,1
17905,82478,2
17905,82476,3
17905,82475,4
17905,82479,5
17905,133714,6
4191,14812,0
4191,11989,1
4191,24299,2
4191,17028,3
4191,24903,4
4191,2369,5
4191,18765,7
10227,67960,1
10227,18242,2
10227,39145,3
10227,1921077,4
10227,1206571,5
10227,1924061,6
10227,3133648,7
26039,18391,0
26039,4301,1
26039,4966,2
26039,26512,3
26039,13399,4
26039,15650,5
26039,17580,6
42701,8255,0
42701,34660,1
42701,26142,2
42701,514,3
42701,544142,5
42701,98633,6
42701,544143,7
42702,4765,0
42702,18364,1
42702,14562,2
42702,91196,3
42702,87473,4
42702,19217,5
42702,121144,6
26204,4347,0
26204,10190,1
26204,3090,2
26204,4800,3
26204,14063,4
26204,2096,5
26204,12445,6
5767,1932,0
5767,3926,1
5767,24483,2
5767,20113,3
5767,6103,4
5767,14061,5
5767,45453,6
42713,18365,0
42713,153112,1
42713,40618,2
42713,8493,3
42713,28933,4
42713,40191,5
42713,1230012,6
27277,4165,0
27277,2090,1
27277,39601,2
27277,15626,3
27277,4966,4
27277,3244,5
27277,14506,6
9929,34676,0
9929,57540,1
9929,60688,2
9929,33645,3
9929,54380,4
9929,68722,5
9929,589521,6
20873,86680,0
20873,86681,1
20873,86682,2
20873,115996,3
20873,1189304,4
20873,1190345,5
20873,86685,6
29778,113,0
29778,74689,1
29778,30140,2
29778,940044,3
29778,96187,4
29778,80418,5
29778,943721,6
18193,82772,0
18193,82773,1
18193,82775,2
18193,82776,3
18193,82777,4
18193,2758,5
18193,16031,6
22176,66223,0
22176,1903,1
22176,88449,2
22176,825,3
22176,88450,4
22176,13947,5
22176,88451,6
42623,12446,0
42623,2752,1
42623,71240,2
42623,14108,3
42623,9808,4
42623,14832,5
42623,137269,6
42634,1666,0
42634,862,1
42634,28906,2
42634,65505,3
42634,28778,4
42634,30559,5
42634,155545,6
118872,3461,0
118872,1934,1
118872,8349,2
118872,980052,3
118872,2523433,4
118872,2523434,5
50789,1428,0
50789,1430,1
50789,107613,2
50789,1429,3
50789,1431,4
50789,18227,5
50789,30120,6
29266,19584,0
29266,99311,2
29266,931906,3
29266,931908,4
29266,99282,5
29266,931912,6
29266,931901,7
27983,40174,0
27983,4958,1
27983,37446,2
27983,153582,3
27983,106805,4
27983,41217,5
27983,1810968,6
5638,44547,0
5638,1204882,1
5638,14542,2
5638,44550,3
5638,44551,4
5638,44552,5
5638,44549,6
36446,544744,0
36446,5476,1
36446,25789,2
36446,32314,3
36446,14148,4
36446,553513,5
36446,106684,7
14801,8544,0
14801,40168,1
14801,13950,2
14801,15992,3
14801,14065,4
14801,151846,5
14801,156586,6
49397,4078,0
49397,29426,1
49397,16318,2
49397,5814,3
49397,88687,4
49397,7682,5
49397,29431,6
42607,11390,0
42607,129515,1
42607,7640,2
42607,10173,3
42607,12522,4
42607,106612,5
42607,10507,6
40430,6178,0
40430,58339,1
40430,67917,2
40430,102859,3
40430,32131,4
40430,137382,5
40430,109200,6
38096,10767,0
38096,19576,1
38096,1230605,2
38096,52374,3
38096,1058358,4
38096,124007,5
38096,1071995,6
48831,1352,0
48831,9765,1
48831,24393,2
48831,39440,3
48831,44398,4
48831,223269,5
48831,1372857,6
24152,12446,0
24152,10594,1
24152,100781,2
24152,37442,3
24152,15387,4
24152,29539,5
24152,8930,6
1846,16896,0
1846,79924,1
1846,26512,2
1846,13299,3
1846,19434,4
1846,10775,5
1846,19435,6
21323,36938,0
21323,48467,1
21323,36351,2
21323,1196805,3
21323,1498377,4
21323,1498378,5
21323,580216,6
5928,13565,0
5928,19434,1
5928,8493,2
5928,14884,3
5928,10224,4
5928,82613,5
5928,95598,6
29748,113,0
29748,10462,1
29748,47478,2
29748,96177,3
29748,7317,4
29748,660,5
29748,749,6
105627,11732,0
105627,549111,1
105627,227399,2
105627,144318,3
105627,1136828,5
105627,1136827,6
105627,1038491,7
85255,4774,0
85255,12950,1
85255,13576,2
85255,11140,3
85255,69494,4
85255,15375,5
85255,1416289,6
26525,4971,0
26525,9805,1
26525,4776,2
26525,8499,3
26525,10409,4
26525,9807,5
26525,825,6
31672,4960,0
31672,10169,1
31672,15753,2
31672,24495,3
31672,27166,4
31672,934930,5
31672,934931,6
48408,4347,0
48408,12950,1
48408,10412,2
48408,89043,3
48408,4965,4
48408,50972,5
48408,82863,6
33205,110299,0
33205,110300,1
33205,110301,2
33205,110302,3
33205,110303,4
33205,110304,5
33205,110305,6
70327,1059870,0
70327,1059871,1
70327,1059872,2
70327,1059874,3
70327,82480,4
70327,111956,5
70327,96649,6
2860,24299,0
2860,28617,1
2860,28611,2
2860,28616,3
2860,28610,4
2860,28618,5
2860,28255,6
42589,380,0
42589,41258,1
42589,922,2
42589,1466,3
42589,117627,4
42589,26283,6
42589,1140783,7
71943,105061,0
71943,236465,1
71943,101336,2
71943,1217687,3
71943,30048,4
71943,129048,5
71943,16524,6
31304,589208,0
31304,589207,1
31304,116509,2
31304,589209,3
31304,475670,4
31304,116510,5
31304,1703260,6
64828,2222,0
64828,30123,1
64828,103940,2
64828,20157,3
64828,94402,4
64828,20959,5
64828,178128,6
38222,10400,0
38222,2565,1
38222,64930,2
38222,153719,3
38222,14063,4
38222,514,5
38222,31545,6
26606,1292,0
26606,1428,1
26606,53768,2
26606,128928,3
26606,994263,4
26606,262950,5
26606,129031,6
36404,112412,0
36404,571971,1
36404,930874,2
36404,276442,3
36404,1300322,4
36404,1103821,6
36404,107884,7
42528,555789,0
42528,25839,1
42528,133142,2
42528,1710447,3
42528,1710448,4
42528,1710450,5
42528,1710451,6
20848,1119005,0
20848,86729,1
20848,86640,2
20848,124268,3
20848,1499362,4
20848,124267,5
20848,3382954,6
2998,29896,0
2998,29897,1
2998,8496,2
2998,3173,3
2998,225930,4
2998,225931,5
2998,8229,6
31906,190,0
31906,41283,1
31906,70286,2
31906,100634,3
31906,102860,4
31906,14787,5
31906,16059,6
31767,13333,0
31767,936,1
31767,27393,2
31767,77312,3
31767,9138,4
31767,31722,5
31767,10505,6
839,12422,0
839,40186,1
839,12423,2
839,160969,3
839,12424,4
839,12430,5
839,12425,6
25109,41230,0
25109,1937,1
25109,19178,2
25109,19439,3
25109,6844,4
25109,4098,5
25109,163313,6
36194,1666,0
36194,27554,1
36194,9126,2
36194,7640,3
36194,16274,4
36194,80255,5
36194,3796,6
16328,19207,0
16328,1042204,1
16328,1215925,2
16328,4765,3
16328,55636,4
16328,8233,5
16328,152725,6
42500,13784,0
42500,8253,1
42500,5248,2
42500,3087,3
42500,41251,4
42500,12692,5
42500,12518,6
16154,79731,0
16154,79732,1
16154,937572,2
16154,79734,3
16154,79735,4
16154,79736,5
9394,15140,0
9394,18841,1
9394,132262,2
9394,227037,3
9394,32370,4
9394,57588,5
9394,12497,6
74689,980357,0
74689,980358,1
74689,1191548,2
74689,980739,3
74689,1306285,5
74689,557088,6
74689,2625763,7
36850,6837,0
36850,58251,1
36850,726,2
36850,87027,3
36850,41220,4
36850,45863,5
36850,56105,6
38646,29069,0
38646,67026,1
38646,135091,2
38646,110322,3
38646,18913,4
38646,107003,5
38646,10663,6
84285,29426,0
84285,69494,1
84285,73194,2
84285,13328,3
84285,98529,4
84285,80620,5
84285,230,6
18287,16896,0
18287,8231,1
18287,4965,2
18287,4073,3
18287,13568,4
18287,3340,5
18287,82863,6
5822,45812,0
5822,135650,1
5822,45813,2
5822,16214,3
5822,101432,4
5822,22384,5
5822,43869,6
13041,85148,1
13041,1122001,2
13041,236273,3
13041,2155147,4
13041,2155148,5
13041,1627279,6
13041,2155150,7
40732,2201,0
40732,11916,1
40732,58304,2
40732,1431728,3
40732,2109620,4
40732,3857,5
40732,81231,6
122677,102953,0
122677,83130,1
122677,1112908,2
122677,8516,3
122677,102971,4
122677,96250,5
122677,102954,6
121923,16897,0
121923,70990,1
121923,18647,2
121923,18292,3
121923,33060,4
121923,12440,5
121923,104907,6
18250,1905,0
18250,82830,1
18250,1418622,2
18250,10021,3
18250,137924,4
18250,104757,5
18250,133002,6
33020,113,0
33020,5,1
33020,50948,2
33020,58860,3
33020,95694,4
33020,97168,5
33020,10461,6
89417,160263,0
89417,41230,1
89417,99888,2
89417,586692,3
89417,922,4
89417,9594,5
89417,85838,7
12089,24501,0
12089,24379,1
12089,24421,2
12089,39646,3
12089,24477,4
12089,24540,5
12089,580227,6
41471,73428,0
41471,224662,1
41471,1088156,2
41471,142491,3
41471,138445,4
41471,213465,5
41471,123854,6
17810,73428,0
17810,142463,1
17810,230787,2
17810,119185,3
17810,82971,4
17810,1088157,5
17810,552641,6
23148,32715,0
23148,3799,1
23148,9309,2
23148,47759,3
23148,98476,4
23148,94400,5
23148,80990,6
80911,9626,0
80911,161795,1
80911,152618,2
80911,50235,3
80911,78084,4
80911,101755,5
80911,127428,6
87417,3085,0
87417,1039,1
87417,9805,2
87417,9565,3
87417,922,4
87417,27515,5
87417,20752,6
11378,69212,1
11378,69213,2
11378,69214,3
11378,992823,4
11378,1400725,5
11378,1035009,6
11378,51741,7
760,11187,0
760,11188,1
760,4121,2
760,11189,3
760,11190,4
760,116772,5
760,3513,6
27331,6837,0
27331,10671,1
27331,76979,2
27331,14782,3
27331,41251,4
27331,14064,5
27331,91254,6
1410,25202,0
1410,25203,1
1410,25204,3
1410,25205,4
1410,14692,5
1410,25207,6
1410,25206,7
38729,6598,0
38729,13324,1
38729,855,2
38729,39709,3
38729,7664,4
38729,78934,5
86889,3785,0
86889,29540,1
86889,13327,2
86889,26490,3
86889,107240,4
86889,599473,5
86889,53818,6
31943,18391,0
31943,7502,1
31943,30613,2
31943,4974,3
31943,115460,4
31943,14063,5
31943,18894,6
29142,13784,0
29142,8253,1
29142,70990,2
29142,103034,3
29142,19111,4
29142,15628,5
29142,47881,6
56764,6598,0
56764,8975,1
56764,106765,2
56764,21030,3
9474,15140,0
9474,4958,1
9474,39953,2
9474,1107,3
9474,108279,4
9474,95082,5
9474,41280,6
27084,98102,0
27084,89567,1
27084,12024,2
27084,14834,3
27084,10541,4
27084,96913,5
27084,96914,6
31596,2057257,0
31596,45480,1
31596,104321,2
31596,107074,3
31596,2224287,4
31596,2224288,5
31596,1030299,6
59189,13327,0
59189,4776,1
59189,18913,2
59189,93948,3
59189,228973,4
59189,5052,5
59189,120676,6
38714,3151,0
38714,64929,1
38714,161357,2
38714,10195,3
38714,129994,4
38714,16524,5
38714,6841,6
31587,193,0
31587,1158,1
31587,6360,2
31587,83145,3
31587,97878,4
31587,39015,5
31587,14544,6
22307,20011,0
22307,41258,1
22307,1466,2
22307,97561,3
22307,157506,4
22307,2549,5
22307,51791,6
62330,174942,0
62330,235137,1
62330,157439,2
62330,1352413,3
62330,21384,4
62330,90337,5
62330,2096436,6
28498,1905,0
28498,10168,1
28498,58339,2
28498,19463,3
28498,87513,4
28498,92908,5
28498,10018,6
21964,70673,0
21964,88104,1
21964,1180978,2
21964,121394,3
21964,1140548,4
21964,545286,5
21964,1095190,6
21035,21445,0
21035,585,1
21035,1088225,2
21035,1325262,3
21035,1325263,4
21035,9130,5
21035,1249086,6
25473,10671,0
25473,70286,1
25473,89582,2
25473,30297,3
25473,102861,4
25473,103035,5
25473,10194,6
118121,27554,0
118121,5698,1
118121,742,2
118121,92434,3
118121,186061,4
118121,1220081,5
118121,113697,6
32044,18364,0
32044,827,1
32044,86136,2
32044,30622,3
32044,101747,4
32044,22035,5
32044,30621,6
62761,42841,0
62761,18359,1
62761,167632,2
62761,235969,3
62761,1267323,4
62761,1222793,5
62761,27752,6
30702,10127,0
30702,1818,1
30702,58074,2
30702,153646,3
30702,84878,4
30702,20160,5
30702,95265,6
25627,50625,0
25627,105337,1
25627,11128,2
25627,100955,3
25627,14150,4
25627,24614,5
25627,97688,6
24402,35319,0
24402,5964,1
24402,10356,2
24402,22212,3
24402,91572,4
24402,91573,5
24402,38010,6
5558,44110,0
5558,44104,1
5558,24299,2
5558,41779,3
5558,24421,4
5558,3784,5
5558,9920,6
3043,29915,0
3043,1646,1
3043,29916,2
3043,29918,3
3043,29917,4
3043,29920,6
3043,29921,7
36665,115862,0
36665,115863,1
36665,115865,2
16246,80191,1
16246,80192,2
16246,1313336,4
16246,80195,6
16246,80196,7
16246,80197,8
16246,1056141,9
27977,54812,1
27977,32396,2
27977,1650959,3
27977,1650960,4
27977,153371,5
27977,104531,6
27977,229700,7
42448,40176,0
42448,9560,1
42448,30226,2
42448,6840,3
42448,66670,4
42448,237034,5
42448,38253,6
42449,556514,0
42449,3204409,1
42449,145819,2
42449,1247141,3
42449,120575,4
42449,21111,5
42449,27765,6
8327,55123,1
8327,55124,2
8327,55125,3
8327,55129,6
8327,55130,7
8327,55131,9
8327,55132,10
37627,1423426,0
37627,26660,1
37627,3460,3
37627,944176,4
37627,14324,5
37627,20128,6
37627,10598,7
32940,18364,0
32940,18588,1
32940,15413,2
32940,15417,3
32940,50235,4
32940,6841,5
32940,20362,6
31656,30613,0
31656,10409,1
31656,24046,2
31656,30621,3
31656,7071,4
31656,134649,5
31656,4139,6
29859,3460,0
29859,29803,1
29859,29802,2
29859,6844,3
29859,7192,4
29859,3463,5
29859,14264,6
5618,24393,0
5618,25180,1
5618,3536,2
5618,38901,3
5618,35204,4
5618,44400,5
5618,11193,6
19174,45474,0
19174,109086,1
19174,108867,2
19174,153535,3
19174,30944,4
19174,107074,5
19174,1828672,6
9385,34676,0
9385,57540,1
9385,5185,2
9385,39098,3
9385,589521,4
9385,48417,5
9385,60688,6
28209,35319,0
28209,27166,1
28209,100109,2
28209,100110,3
28209,39332,4
28209,100111,5
28209,5072146,6
1835,10158,0
1835,44079,1
1835,14502,2
1835,19335,3
1835,2516,4
1835,5048,5
1835,41224,6
70259,8893,0
70259,514,1
70259,6449,2
70259,84323,3
70259,2782,4
70259,1177722,5
70259,30050,6
10711,193,0
10711,14821,1
10711,24422,2
10711,3581,3
10711,21523,4
10711,32112,5
10711,20800,6
19740,4135,0
19740,30044,1
19740,85146,2
19740,4038,3
19740,18071,4
19740,52995,5
19740,31117,6
1829,6553,0
1829,8966,1
1829,19338,2
1829,19339,3
1829,19340,4
1829,19341,5
1829,1405662,6
43430,97367,0
43430,22590,1
43430,1190374,2
43430,240326,3
43430,86753,4
43430,543868,5
43430,107667,6
32042,193,0
32042,70241,1
32042,15693,2
32042,40168,3
32042,29369,4
32042,2651,5
32042,1166,6
9652,514,0
9652,18329,1
9652,39027,2
9652,58339,3
9652,782,4
9652,1070389,5
9652,100901,6
38099,119643,0
38099,62427,1
38099,18897,2
38099,1313794,3
38099,62410,4
38099,119605,5
38099,119645,6
47313,138418,0
47313,138419,1
47313,138420,2
47313,138446,3
47313,138428,4
47313,138434,5
47313,138442,6
5725,45183,0
5725,45163,1
5725,16119,2
5725,41699,3
5725,45165,4
5725,40430,5
5725,4593,6
3870,380,0
3870,16927,1
3870,24590,2
3870,34027,3
3870,55636,4
3870,13784,5
3870,34035,6
1660,6304,0
1660,18484,1
1660,18485,2
1660,1759734,3
1660,3620214,5
1660,104086,6
1660,1241311,7
83864,83037,0
83864,59962,1
83864,381,2
83864,37712,3
83864,30621,4
83864,9257,5
83864,1205,6
133008,86680,0
133008,109117,1
133008,115395,2
133008,931910,3
133008,13713,4
133008,99289,5
133008,1190992,6
6476,4960,0
6476,15753,1
6476,13298,2
6476,49935,3
6476,49936,4
6476,49937,5
6476,3228829,6
10640,8949,0
10640,10401,1
10640,65505,2
10640,14528,3
10640,15213,4
10640,41406,5
10640,153584,6
33324,556528,0
33324,556529,1
33324,556530,2
33324,1137025,3
33324,1137028,4
33324,1137029,5
33324,1137030,6
48205,1040465,0
48205,2310,1
48205,41684,2
48205,51398,3
48205,2311,4
48205,47253,5
48205,37065,6
46978,16927,0
46978,38341,1
46978,580705,2
46978,1030444,3
46978,23735,4
46978,26373,5
46978,131077,6
26842,5401,0
26842,18847,1
26842,16074,2
26842,40530,3
26842,1007561,4
26842,17356,5
26842,947789,6
42252,3084,0
42252,514,1
42252,1811,2
42252,99885,3
42252,8351,4
42252,5048,5
42252,16558,6
73100,143978,0
73100,237495,1
73100,240566,2
73100,99262,3
73100,626446,4
73100,86871,6
73100,271091,7
11558,3460,0
11558,20362,1
11558,9309,2
11558,2463,3
11558,13726,4
11558,10224,5
11558,4093,6
5651,44615,0
5651,44610,1
5651,44613,2
5651,33570,3
5651,44612,4
5651,44611,5
5651,44614,6
43751,133002,0
43751,31941,1
43751,103987,2
43751,133003,3
43751,234653,4
43751,228499,5
43751,97666,6
14336,121508,0
14336,137904,1
14336,71075,2
14336,45799,3
14336,1230838,4
14336,1231969,5
14336,81464,6
18775,1666,0
18775,6839,1
18775,26283,2
18775,85988,3
18775,86633,4
18775,82750,5
18775,53552,6
12535,14639,0
12535,29803,1
12535,9599,2
12535,13640,3
12535,72680,4
12535,27517,5
12535,14671,6
1421,17028,0
1421,5320,1
1421,17029,2
1421,18480,4
1421,1959,5
1421,17030,6
1421,18481,7
62847,56819,0
62847,18266,1
62847,656,2
62847,45466,3
62847,10021,4
62847,79641,5
62847,29427,6
77360,11975,0
77360,116994,1
77360,13209,2
77360,533842,3
77360,243046,4
77360,534920,5
77360,380715,6
12637,66776,0
12637,380,1
12637,4969,2
12637,73194,3
12637,5960,4
12637,2563,5
12637,102441,6
54140,21605,0
54140,2076,1
54140,9560,2
54140,13330,3
54140,11857,4
54140,20798,5
54140,36802,6
38985,6355,0
38985,32364,1
38985,9768,2
38985,20115,3
38985,33060,4
38985,3476,5
38985,30936,6
61280,10774,0
61280,4090,1
61280,4139,2
61280,79952,3
61280,182778,4
61280,10022,5
61280,1024269,6
16378,10713,0
16378,70624,1
16378,80484,2
16378,80483,3
16378,383,4
16378,1428,5
16378,10593,6
72412,16757,0
72412,2201,2
72412,12950,3
72412,14060,4
72412,2463,5
72412,52374,6
72412,52995,7
11935,827,0
11935,9274,1
11935,30585,2
11935,8975,3
11935,12951,4
11935,11066,5
11935,8963,6
13481,119655,0
13481,229303,1
13481,240151,2
13481,1114203,3
13481,240155,4
13481,548617,5
13481,240174,6
24998,938847,0
24998,938848,1
24998,938849,2
24998,938852,4
24998,938853,5
24998,938854,6
24998,938855,7
13514,83624,0
13514,548617,1
13514,140481,2
13514,118745,3
13514,119446,4
13514,109093,5
13514,1109778,6
113777,22090,0
113777,780,1
113777,160239,2
113777,83566,3
113777,18709,4
113777,5247,5
113777,34973,6
156235,8963,0
156235,13022,1
156235,30043,2
156235,93644,4
156235,18765,5
156235,1746588,6
156235,19958,7
98851,9111,0
98851,108700,1
98851,161495,2
98851,14427,3
98851,41250,4
98851,157542,5
98851,1018962,6
29107,102939,0
29107,39480,1
29107,38915,2
29107,1456929,3
29107,147037,4
29107,194840,5
29107,1456930,6
45691,66790,0
45691,70069,1
45691,11917,2
45691,5313,3
45691,3854,4
45691,131076,5
45691,40943,6
11537,18897,0
11537,68676,1
11537,68677,2
11537,26727,3
11537,117952,4
11537,118745,5
11537,83676,6
45695,146713,0
45695,14837,1
45695,400,2
45695,44846,3
45695,12021,4
45695,12259,5
45695,8828,6
42165,5219082,0
42165,5219083,1
42165,5219084,2
42165,18861,3
33701,21177,0
33701,21175,1
33701,28781,2
33701,21171,3
33701,35137,4
33701,1972,5
33701,68722,6
38438,16927,0
38438,24379,1
38438,24540,2
38438,12270,3
38438,9763,4
38438,35899,5
38438,145103,6
10654,47879,0
10654,4515,1
10654,821,2
10654,66094,3
10654,69564,4
10654,1176832,5
10654,4242556,6
25264,2565,0
25264,173841,1
25264,38504,2
25264,35135,3
25264,18566,4
25264,26371,5
25264,28225,6
19827,2314,0
19827,1903,1
19827,20163,2
19827,1217271,3
19827,162923,4
19827,22494,5
19827,39782,7
18966,3267,0
18966,83974,1
18966,24318,2
18966,19178,3
18966,83975,4
18966,83976,5
18966,21009,6
30636,20362,0
30636,18339,2
30636,27442,3
30636,56266,4
30636,15385,5
30636,1315065,6
30636,44860,7
33665,4800,0
33665,856,2
33665,13568,3
33665,11033,4
33665,79731,5
33665,42186,6
33665,111190,7
45169,3636,0
45169,12259,1
45169,14821,2
45169,6657,3
45169,1959,4
45169,41732,5
45169,132371,6
15717,78605,0
15717,78606,1
15717,78630,2
15717,78631,3
15717,78609,4
15717,78608,5
15717,78612,6
54663,16475,0
54663,20362,1
54663,11850,2
54663,1466,3
54663,36926,4
54663,6168,5
54663,5960,6
179798,83037,0
179798,17652,1
179798,40176,2
179798,81445,3
179798,1004,4
179798,1196353,5
179798,101615,6
114516,3635,0
114516,1162360,2
114516,1135638,3
114516,1116399,4
114516,120575,5
114516,1090808,6
114516,1255425,7
47542,139087,0
47542,46866,1
47542,56882,2
47542,139088,3
47542,139089,4
47542,141565,5
47542,116611,6
86295,3002,0
86295,21818,1
86295,9221,2
86295,1933,3
86295,64091,4
86295,1193195,5
86295,3644584,6
23615,26659,0
23615,10223,1
23615,1327,2
23615,39066,3
23615,71249,4
23615,1568365,5
23615,129452,6
13633,2228,0
13633,14784,1
13633,74828,2
13633,74829,3
13633,65344,4
13633,12851,5
13633,6574,6
14087,90568,0
14087,547986,1
14087,547987,2
14087,138752,3
14087,547988,4
14087,81852,5
14087,547989,6
6341,6355,0
6341,8255,1
6341,12407,2
6341,11511,3
6341,51347,4
6341,51348,5
6341,6774,6
27679,16619,0
27679,116579,1
27679,2059,2
27679,2048,3
27679,74086,4
27679,98188,5
27679,98189,6
7012,4765,0
7012,10080,1
7012,26472,2
7012,53085,3
7012,12074,4
7012,1794,5
7012,53086,6
20545,54812,0
20545,10205,1
20545,66804,2
20545,3337,3
20545,58637,4
20545,118068,5
20545,13732,6
23096,707,0
23096,35516,1
23096,56933,2
23096,123057,3
23096,15411,4
23096,16217,5
23096,53122,6
15251,776,0
15251,1090800,1
17435,36635,0
17435,146797,1
17435,7368,2
17435,28779,3
17435,146798,4
17435,1026995,5
17435,162235,6
78177,537336,0
78177,184793,1
78177,78719,2
78177,84681,3
78177,583268,4
78177,583269,5
78177,19023,7
11948,7487,0
11948,71010,1
11948,12536,4
11948,96638,5
11948,186469,6
11948,1901722,7
11948,2490072,8
15716,8945,0
15716,14730,1
15716,87026,2
15716,87027,3
15716,87028,4
15716,119867,5
15716,100812,6
32689,40266,0
32689,5082,1
32689,1383725,2
32689,23505,3
32689,1165767,4
32689,1679034,5
32689,24491,6
21356,87461,0
21356,46392,1
21356,87462,2
21356,102,3
21356,12406,4
21356,1150577,5
21356,110549,6
42115,586307,0
42115,586308,1
42115,586309,2
42115,586311,3
42115,586312,4
42115,586314,5
42115,5665090,6
232,2876,0
232,2295,1
232,2882,2
232,2778,3
232,2958,4
232,147119,5
232,2963,6
42116,122828,0
42116,213473,1
42116,1006012,2
42116,213474,3
42116,107961,4
42116,150306,5
42116,13281,6
30707,10447,0
30707,21315,1
30707,19153,2
30707,14701,3
30707,16407,4
30707,15412,5
30707,33489,6
12633,3392,0
12633,11066,1
12633,5050,2
12633,73177,3
12633,65568,4
12633,21522,5
12633,41262,6
19258,16475,0
19258,13726,1
19258,84399,2
19258,40550,3
19258,34735,4
19258,84400,5
19258,44810,6
22998,14639,0
22998,10774,1
22998,21561,2
22998,1466,3
22998,12515,4
22998,57351,5
22998,1062,6
15301,707,0
15301,13,1
15301,7077,2
15301,12074,3
15301,83810,4
15301,8183,5
15301,15414,6
29140,1924,0
29140,66188,1
29140,7572,2
29140,9130,3
29140,103021,4
29140,103022,5
29140,103023,6
28054,11890,0
28054,99485,1
28054,99486,2
28054,99487,3
28054,99488,4
28054,1237,5
28054,99490,6
11609,10722,0
11609,42196,1
11609,10713,2
11609,18266,3
11609,39741,4
11609,1039,5
11609,29803,6
9041,6553,0
9041,56783,1
9041,30720,2
9041,35902,3
9041,39061,4
9041,49756,5
9041,36210,6
31939,4757,0
31939,5472,1
31939,62106,2
31939,78525,3
31939,2130,5
31939,8227,7
31939,1265245,8
63418,27978,0
63418,53905,1
63418,237198,2
63418,545428,3
63418,1872859,4
63418,1189141,5
63418,1872860,6
42086,35341,0
42086,30613,1
42086,21818,2
42086,5274,3
42086,13312,4
42086,14101,5
42086,2886,7
48677,9976,0
48677,12850,1
48677,4776,2
48677,192204,3
48677,53010,4
48677,7520,5
48677,64351,6
30278,104795,0
30278,71249,1
30278,97889,2
30278,2451,3
30278,8979,4
30278,1738872,5
30278,105964,6
46088,3784,0
46088,134740,1
46088,11916,2
46088,5320,3
46088,7108,4
46088,7037,5
46088,7107,6
19596,15799,0
19596,12519,1
19596,101908,2
19596,4971,3
19596,662,4
19596,84890,5
19596,84891,6
19621,5049,0
19621,28641,1
19621,3129,2
19621,103670,3
19621,23,4
19621,14821,5
19621,388,6
10179,64119,0
10179,18465,1
10179,5146,2
10179,5657,3
10179,64120,4
10179,2372,5
10179,8516,6
47874,31070,0
47874,56881,1
47874,69597,2
47874,21520,3
47874,922,4
47874,4430,5
47874,19839,6
108241,1043375,0
108241,1043376,1
108241,1043377,2
108241,7708,3
108241,1043378,4
108241,1043381,6
108241,1043382,7
27102,96967,0
27102,10698,1
27102,28255,2
27102,18484,3
27102,96968,4
27102,38899,5
27102,96969,6
47359,2228,0
47359,2963,1
47359,4513,2
47359,30048,3
47359,80135,4
47359,85409,5
47359,1064,6
27414,97716,0
27414,2072,1
27414,91981,2
27414,15988,3
27414,97715,4
27414,159004,5
27414,97619,6
33138,110168,0
33138,7420,1
33138,1780067,2
33138,1780068,3
33138,1378299,4
33138,2496518,5
33138,2496520,6
25425,1341,0
25425,65975,1
25425,116351,2
25425,83679,3
25425,116353,4
25425,125288,5
25425,65976,6
8221,2744,0
8221,24924,1
8221,3256077,2
8221,35353,3
8221,54146,5
8221,54147,6
8221,3482,7
8868,34676,0
8868,589521,1
8868,24387,2
8868,36918,3
8868,57541,4
8868,48417,5
8868,544199,6
29903,52144,0
29903,24517,2
29903,127609,3
29903,112419,4
29903,105208,5
29903,140015,6
29903,2022399,7
92802,55428,0
92802,9626,1
92802,9601,2
92802,58563,3
92802,829,4
92802,1187,5
92802,1868672,6
54407,150536,0
54407,75710,1
54407,150537,2
54407,14226,3
54407,150538,4
54407,75263,5
54407,76184,6
41243,11390,0
41243,10447,1
41243,147119,2
41243,12519,3
41243,28010,4
41243,82863,5
41243,145747,6
12615,4483,0
12615,39709,1
12615,6949,2
12615,32747,3
12615,1466,4
12615,73210,5
12615,1214238,6
14029,27398,0
14029,99547,1
14029,99548,2
14029,99550,3
14029,99549,4
14029,99551,5
14029,29920,6
40929,55636,0
40929,11512,1
40929,37041,2
40929,31140,3
40929,6863,4
40929,14738,5
40929,167120,6
67342,62423,0
67342,110025,1
67342,544797,2
67342,544779,3
67342,238412,4
67342,57609,5
67342,544906,6
9056,18897,0
9056,56830,1
9056,1338,2
9056,44922,3
9056,26755,5
9056,1346975,6
9056,1277930,7
27064,95345,0
27064,79944,1
27064,1098347,2
27064,82869,3
27064,132956,4
27064,55783,5
27064,553316,6
51878,99846,0
51878,84648,1
51878,538318,2
51878,157467,3
51878,1053617,4
51878,1130642,5
51878,65198,6
62429,87489,0
62429,46866,1
62429,56882,2
62429,139088,3
62429,139089,4
62429,1640,5
62429,573566,6
10176,64091,0
10176,64092,1
10176,64093,2
10176,7249,3
10176,64095,4
10176,64094,5
9080,54812,0
9080,707,1
9080,44998,2
9080,56933,3
9080,52374,4
9080,7908,6
9080,25308,7
18502,21030,0
18502,18859,1
18502,83187,2
18502,7004,3
18502,83188,4
18502,1004,5
18502,54123,6
31600,193,0
31600,2876,1
31600,79924,2
31600,14792,3
31600,19752,4
31600,556852,5
31600,38253,6
41205,125625,0
41205,125799,1
41205,125801,2
41205,125802,3
41205,108853,4
41205,125803,5
41205,125805,6
30069,8654,0
30069,9625,1
30069,780,2
30069,14668,3
30069,15414,4
30069,140777,5
30069,27540,6
16082,79952,0
16082,66804,1
16082,15735,3
16082,41283,4
16082,6588,5
16082,5589,6
16082,79954,7
14670,77135,0
14670,33161,1
14670,244385,2
14670,3200,3
14670,145442,4
14670,40582,5
14670,36513,6
9318,34676,0
9318,589521,1
9318,57289,2
9318,24387,3
9318,18779,4
9318,48417,5
9318,24758,6
30653,2157,0
30653,6856,1
30653,14699,2
30653,11844,3
30653,15417,4
30653,60700,5
30653,588,6
26555,2157,0
26555,11390,1
26555,8872,2
26555,52813,3
26555,40092,4
26555,13313,5
26555,26510,6
47340,75752,0
47340,138576,1
47340,127137,2
47340,138577,3
47340,138578,4
47340,138579,5
47340,138580,6
10570,34871,0
10570,1854,1
10570,45758,2
10570,65004,3
10570,91352,4
10570,21450,5
10570,146766,6
42021,5402,0
42021,5676,1
42021,30832,2
42021,91971,3
42021,994193,4
42021,64524,5
42021,994194,6
65326,2165,0
65326,21315,1
65326,51544,2
65326,3009,3
65326,7071,4
65326,30622,5
65326,537,6
24657,38127,0
24657,87415,1
24657,3857,2
24657,142878,3
24657,67003,4
24657,138814,5
24657,1680267,6
53157,2176,0
53157,5050,2
53157,36173,3
53157,12483,4
53157,53376,5
53157,120311,6
53157,1232785,7
41480,1295142,1
41480,1295144,2
41480,1615404,3
41480,1295143,4
41480,16475,5
36677,12518,0
36677,9995,1
36677,12261,2
36677,526,3
36677,6474,4
36677,92279,5
36677,118463,6
11471,69636,0
11471,1619,1
11471,69637,2
11471,69638,3
11471,25249,4
11471,121394,5
11471,1357048,7
21733,18897,0
21733,62410,1
21733,62414,2
21733,87840,3
21733,87839,4
21733,57609,5
21733,239961,6
22572,44240,0
22572,45378,1
22572,100460,2
22572,98102,3
22572,19181,4
22572,100461,5
22572,100462,6
4043,34629,0
4043,2744,1
4043,3131,2
4043,34792,3
4043,3651,4
4043,34793,5
4043,34795,6
27342,16475,0
27342,19153,1
27342,47882,2
27342,12521,3
27342,6914,4
27342,27964,5
27342,3801,6
2172,1647,0
2172,22229,1
2172,22559,2
2172,22560,3
2172,22228,5
2172,110104,6
2172,105255,7
8852,9221,0
8852,27539,1
8852,11395,2
8852,47441,3
8852,11392,4
8852,158986,5
8852,184436,6
30421,69637,0
30421,68557,1
30421,134704,2
30421,56804,3
30421,83630,4
30421,1424006,5
30421,238412,8
60631,20006,0
60631,1907,1
60631,13920,2
60631,78789,3
60631,109470,4
60631,192,5
60631,54800,6
96333,1733,0
96333,8874,1
96333,140356,2
96333,6576,3
96333,65019,4
96333,42316,5
96333,3266,6
49815,3380,0
49815,8828,1
49815,1905,2
49815,87685,3
49815,4316,4
49815,160405,5
49815,2453,6
18305,69636,0
18305,69637,1
18305,26727,2
18305,1619,3
18305,1346979,4
18305,69638,5
18305,10885,6
92663,1802653,0
92663,240837,1
92663,48665,2
92663,1166328,3
92663,2273432,4
92663,4532235,5
92663,4854926,6
26369,45379,0
26369,74086,1
26369,106128,2
26369,11782,3
26369,163591,4
26369,73194,5
26369,100614,6
11513,14277,0
11513,57379,2
11513,55651,3
11513,18405,4
11513,1101327,5
11513,1101328,6
11513,1101329,7
40844,83875,3
40844,73033,4
40844,2118983,5
40844,1097545,10
40844,2736113,11
40844,27976,14
40844,2087167,15
49314,3999,0
49314,11477,1
49314,8944,2
49314,18342,3
49314,8854,4
49314,11064,5
49314,997436,6
41959,13548,0
41959,47882,1
41959,10380,2
41959,16180,3
41959,18361,4
41959,156504,5
41959,15824,6
16296,80245,0
16296,20363,1
16296,80246,2
16296,17580,3
16296,19968,4
16296,80103,5
16296,1706337,6
13192,82702,0
13192,4517,1
13192,96085,2
13192,1403020,3
13192,148638,4
13192,1403021,5
13192,4240,6
18917,83876,0
116345,2282,0
116345,4391,1
116345,15735,2
116345,743,3
116345,2980,4
116345,14948,5
116345,1508802,6
48309,110,0
48309,27008,1
48309,65019,2
48309,104907,3
48309,140250,4
48309,11891,5
48309,1043858,6
93457,193,0
93457,4138,1
93457,133853,2
93457,3130,3
93457,20495,4
93457,16558,5
93457,88031,6
41967,177950,0
41967,1394877,1
41967,1517385,2
41967,1517386,3
41967,1529596,4
41967,2575430,5
41967,2575431,6
47795,150570,0
47795,150571,1
47795,150572,2
47795,10330,3
47795,10331,4
47795,1354525,5
47795,1988547,6
4271,5442,0
4271,35907,1
4271,35908,2
4271,24814,3
4271,1141,4
4271,20853,5
4271,35909,6
41949,10767,0
41949,20277,1
41949,1924,2
41949,652,3
41949,3129,4
41949,57449,5
41949,3341544,6
16859,68470,0
16859,218144,1
16859,68472,2
16859,57736,3
16859,552598,4
16859,552599,5
16859,40453,6
38695,21175,0
38695,19161,1
38695,121012,2
38695,20853,3
38695,535168,4
38695,250178,5
38695,2094858,6
41939,76975,0
41939,150317,1
41939,70626,2
41939,94188,3
41939,55666,4
41939,554164,5
41939,228527,6
85556,1195335,0
85556,7708,1
85556,58804,2
85556,535181,3
85556,58805,4
85556,188242,5
85556,105777,6
26936,20311,0
26936,20330,1
26936,13277,3
26936,20344,4
26936,20341,5
26936,96637,6
26936,96638,7
25943,57147,0
25943,13550,1
25943,57166,2
25943,2745,3
25943,15833,4
25943,1211,5
25943,10017,6
71373,2165,0
71373,4765,1
71373,3999,2
71373,65166,3
71373,3234231,4
71373,72181,5
71373,1377306,6
9768,85,0
9768,21412,1
9768,59369,2
9768,13604,3
9768,70233,4
9768,10826,5
9768,170977,6
11909,1337,0
11909,25245,1
11909,25249,2
11909,20519,3
11909,579216,4
11909,122812,5
11909,1275567,6
60778,11085,0
60778,2178,1
60778,14698,2
60778,532,3
60778,15412,4
60778,56183,5
60778,128597,6
27274,167080,0
27274,935902,1
27274,1096093,2
27274,102931,3
27274,1039536,4
27274,1039537,5
27274,1860912,6
110838,3063,0
110838,1050725,1
110838,1185742,2
110838,24605,3
110838,1050726,4
110838,1050727,5
110838,216094,6
10485,51962,0
10485,65397,1
10485,65398,2
10485,2481,3
10485,4003,4
10485,12852,5
10485,1390332,6
9569,23880,0
9569,46948,1
9569,6573,2
9569,28416,3
9569,58039,4
9569,157436,5
9569,106730,6
22189,4135,0
22189,5313,1
22189,1903,2
22189,21708,3
22189,177765,4
22189,41737,5
22189,12831,6
71805,563838,0
71805,5168,1
71805,137748,2
71805,71186,3
71805,135121,4
71805,174723,5
71805,975489,6
7975,1653,0
7975,53487,1
7975,10734,2
7975,53488,4
7975,1231397,5
7975,1651661,6
7975,53489,7
41821,643,0
41821,146096,1
41821,146097,2
41821,552478,3
41821,552480,4
41821,3358776,5
41821,146099,6
21344,7042,0
21344,47652,1
21344,8226,2
21344,22169,3
21344,87415,4
21344,87416,5
21344,20771,6
9399,15111,0
9399,45101,1
9399,115888,2
9399,34486,3
9399,57663,4
9399,2719,5
9399,222508,6
31597,193,0
31597,10427,1
31597,65568,2
31597,1166,3
31597,22131,4
31597,588,5
31597,71763,6
30017,1118644,0
30017,143370,1
30017,143371,2
30017,1118645,3
30017,1118646,4
30017,143372,5
30017,1118648,6
11131,10713,0
11131,1923,1
11131,26071,2
11131,67026,3
11131,68288,4
11131,14466,5
11131,1083344,6
21168,110,0
21168,30083,1
21168,87207,2
21168,87208,3
21168,14595,4
21168,87209,5
21168,87210,6
59058,18023,0
59058,68283,1
59058,240450,2
59058,1449576,3
59058,29699,4
59058,240453,5
59058,3064,6
1662,2228,0
1662,228,1
1662,64,2
1662,32,3
1662,1241,4
1662,16523,5
1662,49832,6
6444,24942,0
6444,2412,1
6444,19934,2
6444,49748,3
6444,49749,4
6444,28460,5
6444,49750,6
71642,2963,0
71642,105114,1
71642,1371073,2
71642,567977,3
71642,25062,4
71642,87425,5
71642,3753,6
31923,1920,0
31923,8447,1
31923,537,2
31923,8900,3
31923,27260,4
31923,57421,5
31923,1216135,6
20562,560309,0
20562,560307,1
20562,560306,2
20562,560304,3
20562,556915,4
20562,560308,5
20562,556917,6
18311,69637,0
18311,1338,1
18311,25246,2
18311,12672,3
18311,25245,4
18311,12462,5
18311,1337,6
48448,76546,0
48448,287,1
48448,44831,2
48448,61237,3
48448,140503,4
48448,140504,5
48448,64224,6
1483,36182,0
1483,36183,1
1483,36184,2
28553,6952,0
28553,8349,1
28553,2975,2
28553,44150,3
28553,87118,4
28553,1636212,5
28553,6717,6
58648,4566,0
58648,289,1
36337,79740,0
36337,56978,1
36337,40258,2
36337,725,3
36337,33492,4
36337,3801,5
36337,44033,6
25330,18977,0
25330,58019,1
25330,10080,2
25330,4443,3
25330,465117,4
25330,15274,5
25330,29051,6
22423,380,0
22423,516,1
22423,66606,2
22423,33487,3
22423,21520,4
22423,33052,5
22423,2955,6
4539,8350,4
4539,8354,5
4539,8351,6
4539,2975,7
4539,8349,10
4539,3087,12
4539,2778,14
22828,3266,0
22828,3905,1
22828,97068,2
22828,89461,3
22828,24435,4
22828,87714,5
22828,27267,6
12776,4818,0
12776,9235,1
12776,4819,2
12776,50008,3
12776,15918,4
12776,73487,5
12776,73488,6
31696,2876,0
31696,586,1
31696,2201,2
31696,6587,3
31696,785,4
31696,79007,6
31696,26048,7
17467,130598,0
17467,124780,1
17467,994394,2
17467,554120,3
17467,81670,4
17467,68648,5
17467,1612529,6
36351,5293,0
36351,4038,1
36351,65002,2
36351,15412,3
36351,54782,4
36351,8536,5
36351,209,6
47252,2165,0
47252,7487,1
47252,109470,2
47252,6395,3
47252,7795,4
47252,22137,5
47252,19797,6
34376,56128,0
34376,31467,1
34376,101784,2
34376,55267,3
34376,52043,4
34376,159816,5
34376,550929,6
39233,3037,0
39233,18686,1
39233,1004,2
39233,1212,3
39233,4800,4
39233,29021,5
39233,54462,6
6463,518,0
6463,8487,1
6463,14698,2
6463,6721,3
6463,40393,4
6463,49832,5
6463,49833,6
14362,23880,0
14362,4520,1
14362,725,2
14362,25215,3
14362,1235945,4
14362,1237372,5
14362,11150,6
5048,11857,0
5048,40898,1
5048,21175,2
5048,38127,3
5048,40899,4
5048,22169,5
5048,26258,6
9588,15112,0
9588,1212,1
9588,4566,2
9588,3070,3
9588,58100,4
9588,45207,5
9588,56449,6
41792,1064,0
41792,35516,1
41792,8963,2
41792,29368,3
41792,1660844,4
41792,1020763,5
41792,1007976,6
25674,8891,0
25674,94074,1
25674,69122,2
25674,12518,3
25674,9625,4
25674,9306,5
25674,80292,6
21338,87400,0
21338,2714,1
21338,4520,2
21338,42967,3
21338,5176,4
21338,16662,5
21338,87401,6
123778,1006679,0
123778,1006680,1
123778,1006681,2
123778,1006240,3
123778,1933005,4
123778,1933006,5
123778,1933007,6
94666,42993,0
94666,19208,1
94666,1028998,2
94666,1075773,3
94666,123897,4
94666,2244017,5
94666,1195785,6
41804,20795,0
41804,16927,1
41804,70182,2
41804,35004,3
41804,44558,4
41804,11989,5
41804,13687,6
147164,1090481,0
147164,56890,1
147164,1341809,2
147164,1165647,3
147164,1013106,4
147164,1272387,5
147164,235065,6
23438,5503,0
23438,19153,1
23438,140777,2
23438,2695,3
23438,18293,4
23438,155080,5
23438,975134,6
97044,978103,0
97044,2048008,2
97044,2048036,3
97044,200210,4
97044,2551314,5
97044,2553209,6
97044,3169594,7
13995,76234,0
13995,780,1
13995,13726,2
13995,7333,3
13995,8699,4
13995,48810,5
13995,76235,6
11198,18897,0
11198,68557,1
11198,68558,2
11198,67222,3
11198,66055,4
11198,68559,5
11198,142644,6
41678,8768,0
41678,55507,1
41678,557862,2
41678,49679,3
41678,592779,4
41678,111911,5
41678,592228,6
186809,2694,0
186809,48012,1
186809,9045,2
186809,55792,3
186809,140356,4
186809,1217974,5
186809,6396,6
19143,4512,0
19143,20959,1
19143,17485,2
19143,69122,3
19143,5177,4
19143,57421,5
19143,6905,6
27381,57298,0
27381,2555,1
27381,65765,2
27381,9046,3
27381,57829,4
27381,1162,5
27381,21385,6
45145,287,0
45145,2229,1
45145,77589,2
45145,173251,3
45145,39516,4
45145,19489,5
45145,154695,6
11621,70046,0
11621,70047,1
11621,70048,2
11621,20334,3
11621,90133,4
11621,40451,5
11621,551769,6
47714,27392,0
47714,224206,1
47714,224207,2
47714,38872,3
47714,37923,4
47714,7545,5
47714,129649,6
19087,3198,0
19087,78740,1
19087,27773,2
19087,84066,3
19087,5025,4
19087,1180861,5
19087,2842,6
40082,3131,0
40082,23346,1
40082,14702,2
40082,40266,3
40082,1033096,4
40082,83721,5
40082,146713,6
36288,380,0
36288,4431,1
36288,19183,2
36288,7169,3
36288,5251,4
36288,3265,5
36288,73194,6
38143,643,0
38143,125572,1
38143,143028,2
38143,143029,3
38143,143030,4
38143,3819819,5
38143,3819821,6
31962,3392,0
31962,29369,1
31962,3896,2
31962,20810,3
31962,11857,4
31962,67193,5
31962,36925,6
22590,27773,0
22590,51576,1
22590,2222,2
22590,10134,3
22590,16578,4
22590,80868,5
22590,65220,6
41777,48791,1
41777,36653,2
41777,4641,3
41777,1045415,4
41777,938627,5
41777,111061,6
41777,5385866,7
48150,6012,0
48150,4885,1
48150,18177,2
48150,37763,3
48150,20081,4
48150,18814,5
48150,120571,6
41778,1057662,28
40213,1338,0
40213,56830,1
40213,56861,2
40213,1341,3
40213,239091,4
40213,65975,5
40213,65974,6
83761,930120,0
83761,677707,1
83761,930123,2
83761,1720051,3
83761,1720052,4
83761,1720053,5
83761,1720054,6
34683,18068,0
34683,112865,1
34683,67003,2
34683,67989,3
34683,112866,4
34683,112867,5
34683,3855,6
5051,15887,0
5051,5469,1
5051,694,2
5051,146758,3
5051,42570,4
5051,1225710,5
5051,102761,6
27678,16896,0
27678,378,1
27678,20899,2
27678,593,3
27678,17874,4
27678,10485,5
27678,2454,6
83599,7708,0
83599,1039094,1
83599,3030067,4
83599,1193942,5
83599,3030068,6
83599,3030069,7
83599,1517390,8
251732,34902,0
251732,18345,1
251732,11356,2
251732,378,3
251732,39188,4
251732,8226,5
251732,51969,6
17811,1336,0
17811,82177,1
17811,56816,2
17811,263591,3
17811,556698,4
17811,82401,5
17811,1173757,7
12088,38559,0
12088,2115,1
12088,51641,2
12088,5365,3
12088,27993,4
12088,104907,5
12088,27736,6
96712,136886,0
96712,1609485,2
96712,1010122,3
96712,131290,4
96712,136891,5
96712,1178714,6
96712,551669,7
48706,93396,0
48706,57286,1
48706,17495,2
48706,537,3
48706,11148,4
48706,2969,5
48706,7868,6
47105,1060288,0
47105,5314644,1
47105,1267486,2
30366,1076421,0
30366,1076422,1
30366,69552,2
30366,1076423,3
30366,1076424,4
30366,1076425,5
30366,1076426,6
19371,16620,0
19371,57116,1
19371,84613,2
19371,84598,3
19371,83976,4
19371,37029,5
19371,6168,6
41661,4756,0
41661,18750,1
41661,10478,2
41661,11870,3
41661,40275,4
41661,19974,5
41661,168377,6
35610,36067,0
35610,106728,1
35610,132351,2
35610,26283,3
35610,1350891,4
35610,64224,5
35610,148122,6
12664,17782,0
12664,74018,1
12664,17026,2
12664,63367,3
12664,74019,4
12664,2263253,5
12664,2263254,6
7500,52709,1
7500,20335,2
7500,52710,3
7500,4990,4
7500,137029,5
7500,52712,6
7500,52713,7
20339,8872,0
20339,10713,1
20339,10767,2
20339,1922,3
20339,8930,4
20339,41381,5
20339,32161,6
11143,1336,0
11143,1620,1
11143,544797,2
11143,579216,3
11143,1210414,4
11143,65975,5
11143,65974,6
5187,13021,0
5187,6473,1
5187,6681,2
5187,532,3
5187,42003,4
5187,100460,5
5187,3471397,6
32764,150573,0
32764,150574,1
32764,61471,2
32764,37069,3
32764,6264,4
32764,1327674,5
32764,67010,6
26877,67222,0
26877,20519,1
26877,109301,2
26877,1402734,3
26877,63582,4
26877,132853,5
26877,1421429,6
8983,8198,0
8983,10254,1
8983,18400,2
8983,682,3
8983,10647,4
8983,1604364,5
8983,41600,6
17796,18355,0
17796,1811,1
17796,1196130,2
17796,64999,3
17796,6384,4
17796,16619,5
17796,95024,6
63097,2876,0
63097,10399,1
63097,21629,2
63097,6720,3
63097,9257,4
63097,553773,5
63097,91387,6
17809,1336,0
17809,82396,1
17809,544797,2
17809,239961,3
17809,26756,4
17809,87733,5
17809,87948,6
271304,14226,0
271304,57829,1
271304,95266,2
271304,75893,3
271304,227099,4
271304,12210,5
271304,1322859,6
11067,6952,0
11067,13022,1
11067,21246,2
11067,352,3
11067,16433,4
11067,4987,5
11067,132729,6
10486,16927,0
10486,25541,1
10486,65400,2
10486,27964,3
10486,41505,4
10486,155080,5
10486,537,6
58416,5999,0
58416,4826,1
58416,227809,2
58416,106172,3
58416,53507,4
58416,1769238,5
58416,2522590,6
19223,16927,0
19223,15915,2
19223,39618,3
19223,103627,4
19223,1403306,5
19223,1403307,6
19223,1403309,9
54804,22159,0
54804,10731,1
54804,151142,2
54804,1014459,3
54804,223458,4
54804,109875,5
54804,29675,6
18674,1336,0
18674,54615,1
18674,65966,2
18674,52908,3
18674,1407528,4
18674,1157358,5
18674,1414027,6
57221,51539,0
57221,51036,1
57221,1235530,2
57221,54652,3
57221,103870,5
57221,85367,6
57221,1145894,7
26830,58662,0
26830,80863,1
26830,70133,3
26830,63696,4
26830,68704,5
26830,551986,6
26830,2538,7
30718,13022,0
30718,10767,1
30718,2115,2
30718,4024,3
30718,5894,4
30718,44178,5
30718,36927,6
37797,119263,0
37797,87662,1
37797,555255,2
37797,135025,3
37797,68470,4
37797,65426,5
37797,555256,6
37062,18269,0
37062,15852,1
37062,110,2
37062,20748,3
37062,11628,4
37062,6465,5
37062,1497048,6
18665,1336,0
18665,25245,1
18665,67222,2
18665,224918,3
18665,66762,4
18665,552201,5
18665,134704,6
21846,1748,0
21846,1944259,1
21846,1317624,2
21846,3442019,3
21846,120575,4
21846,93710,5
21846,2526610,7
16233,98652,0
16233,98310,1
16233,98653,2
16233,98654,3
16233,98655,4
16233,51663,5
16233,35579,6
13063,34518,1
13063,55624,2
13063,74145,5
13063,74147,7
13063,74148,8
13063,2136670,10
13063,5813826,11
63054,551653,0
63054,551654,2
63054,551655,3
63054,551656,4
63054,551657,5
63054,551658,6
16003,32684,0
16003,6287,1
16003,5998,2
16003,67987,3
16003,111363,4
16003,6002,5
16003,76317,6
8214,5999,0
8214,122402,1
8214,53507,2
8214,4828,3
8214,52355,4
8214,89503,5
8214,2459339,6
30330,8265,0
30330,43774,1
30330,8534,2
30330,12438,3
30330,42157,4
30330,12876,5
30330,14784,6
29927,110968,0
29927,89904,1
29927,140171,2
29927,110943,3
29927,111055,4
29927,96424,5
29927,122594,6
48709,40883,0
48709,70165,1
48709,5077,2
48709,15533,3
48709,360634,4
48709,274746,5
48709,34584,6
37431,934,0
37431,33488,1
37431,80754,2
37431,4250,3
37431,11024,4
37431,19146,5
37431,127224,6
2061,3398,0
2061,1019,1
2061,21192,2
2061,31960,3
2061,3411,4
2061,21193,5
2061,21194,6
148478,1559604,0
148478,148353,1
148478,1559605,2
148478,16778,3
148478,5999,4
148478,1559606,5
148478,148014,6
55902,99,0
55902,5694,1
55902,11207,2
55902,826,3
55902,7004,4
55902,20747,5
55902,18071,6
74097,167529,0
74097,535145,1
74097,535147,2
74097,190593,3
74097,167296,4
74097,138045,5
74097,4556170,7
16992,11856,0
16992,1639,1
16992,1248,2
16992,25136,3
16992,43131,4
16992,54014,5
16992,26258,6
9956,85,0
9956,3041,1
9956,1102,2
9956,3084,3
9956,8351,4
9956,15864,5
9956,7268,6
36702,9871,0
36702,2564504,2
36702,2564505,3
36702,1194172,4
36702,2564509,5
36702,1288087,6
36702,2564514,7
134458,147,0
134458,6355,1
134458,65827,2
134458,58312,3
134458,87108,4
134458,71297,5
134458,118131,6
26124,18023,0
26124,5538,1
26124,27764,2
26124,17286,3
26124,26854,4
26124,64188,5
26124,94738,7
18415,1038661,0
18415,83050,1
18415,1420962,2
18415,2838,3
18415,143310,4
18415,1989304,5
18415,5283255,6
17629,53,0
17629,5313,1
17629,2,2
17629,70466,3
17629,94128,4
17629,1079976,5
17629,1311053,6
116008,13925,0
116008,11086,1
116008,12133,2
116008,4764,3
116008,12214,4
116008,3036,5
116008,1231,6
37517,3068,0
37517,1518,1
37517,3070,2
37517,79695,3
37517,117863,4
37517,112705,5
37517,88362,6
37673,238566,0
37673,1317680,1
37673,1166428,2
37673,1039934,3
37673,213345,4
37673,1011075,5
37673,1105799,6
26103,38559,0
26103,21411,1
26103,94647,2
26103,77256,3
26103,94648,4
26103,56120,5
26103,64198,6
44641,17094,0
44641,144532,1
44641,144533,2
44641,144534,3
44641,7370,4
44641,25503,5
44641,164426,6
8765,38559,0
8765,55912,1
8765,15915,2
8765,15917,3
8765,55913,4
8765,8925,5
8765,55914,6
9845,4810,0
9845,3810,1
9845,35547,2
9845,35545,3
9845,942004,4
9845,69494,5
9845,76961,6
36221,58596,0
36221,1024393,1
36221,137029,2
36221,233523,3
36221,1200412,4
36221,1176547,5
36221,67091,6
64559,17882,0
64559,12270,1
64559,33161,2
64559,35527,3
64559,82288,4
64559,25052,5
64559,27705,6
28123,2387,0
28123,70696,1
28123,1210,2
28123,1394556,3
28123,193003,4
28123,1520490,5
28123,159382,6
35638,80891,0
35638,1886826,1
35638,1886825,3
35638,1886827,4
35638,1886828,5
35638,1886829,6
5470,38559,0
5470,25702,1
5470,24627,2
5470,10744,3
5470,43523,4
5470,43524,5
5470,43525,6
10213,27643,0
10213,2536,1
10213,59967,2
10213,64189,3
10213,42200,4
10213,18270,5
10213,11160,6
19846,1331,0
19846,37286,1
19846,92172,2
19846,80267,3
19846,75889,4
19846,29096,5
19846,1322888,6
50008,23626,0
50008,2505,1
50008,29369,2
50008,6949,3
50008,15498,4
50008,20277,5
50008,10981,6
35016,113587,0
35016,113588,1
35016,13506,2
35016,113590,3
35016,13514,4
35016,24407,5
35016,27880,6
44625,26457,0
44625,15424,1
44625,36631,2
44625,41292,3
44625,20302,4
44625,131118,5
44625,131119,6
36282,129701,0
36282,68987,1
36282,554428,2
36282,82868,3
36282,550627,4
36282,1039933,5
36282,1039932,6
14533,11701,0
14533,31167,1
14533,83051,2
14533,96043,3
14533,168320,4
14533,74763,5
14533,83721,6
9812,11155,0
9812,59449,1
9812,6383,2
9812,6474,3
9812,82406,4
9812,2169,5
9812,2683,6
41992,63768,0
41992,56392,1
41992,63763,2
41992,67988,3
41992,70069,4
41992,234268,5
41992,76609,6
88421,1038303,1
88421,1877588,2
88421,1877589,3
88421,1877590,4
88421,1877591,6
8697,18897,0
8697,55706,1
8697,55707,2
8697,55708,3
8697,89040,4
8697,2203981,5
8697,1616853,6
22140,56882,0
22140,935445,1
22140,209386,2
22140,64122,3
22140,47153,4
22140,40420,5
22140,4459,6
21039,3061,0
21039,58016,1
21039,6971,2
21039,41043,3
21039,93176,4
21039,93177,5
21039,24399,6
19850,14409,0
19850,2955,1
19850,6108,2
19850,40009,3
19850,12646,4
19850,42335,5
19850,57082,6
344,4920,0
344,1861,1
344,4922,2
344,4923,3
344,4924,4
344,4927,5
344,4925,6
14439,7090,0
14439,2130,1
14439,19492,2
14439,11885,3
14439,55270,4
14439,58924,5
14439,167676,6
41227,125828,0
41227,2757064,1
41227,2754467,2
41227,2757145,3
41227,2757196,4
13428,1810,0
13428,29092,1
13428,9827,2
13428,57795,3
13428,75738,4
13428,75929,5
13428,51671,7
67899,7447,0
67899,6861,1
67899,64856,2
67899,28412,3
67899,4511,4
67899,19265,5
67899,3694253,6
36105,81418,0
36105,54818,1
36105,48791,2
36105,1299878,3
36105,1299879,4
36105,27812,6
36105,190081,7
47186,1641,0
47186,7132,1
47186,17782,2
47186,164525,3
47186,552215,4
47186,66297,5
47186,164511,6
50173,80708,0
50173,143348,1
50173,27781,2
50173,125016,3
50173,150321,4
50173,1083306,5
50173,1594341,6
46817,235495,0
46817,1048476,1
46817,1048477,2
46817,77195,3
46817,25340,4
46817,1031993,5
46817,38529,6
45935,1337,0
45935,148351,1
45935,12672,2
45935,56816,3
45935,1174366,4
45935,12462,5
45935,226556,6
47060,65354,0
47060,71171,1
47060,150345,2
47060,150474,4
47060,3049841,5
47060,71395,6
47060,3806623,7
84002,125737,0
84002,543366,1
84002,273965,2
84002,86940,3
84002,236000,4
84002,1550055,5
84002,1736141,6
2487,25461,0
2487,25463,1
2487,25464,2
2487,25465,3
2487,1270057,4
2487,227629,5
2487,140106,6
38821,92428,0
38821,93566,1
38821,147999,2
38821,235900,3
38821,232286,4
38821,2713795,5
38821,222313,6
17985,3398,0
17985,1019,1
17985,31960,2
17985,82564,3
17985,21196,4
17985,40421,5
17985,234401,6
54860,2537,0
54860,111955,1
54860,1936347,2
54860,226747,3
54860,1098546,4
54860,125011,5
54860,83641,6
9597,16927,0
9597,19866,1
9597,37918,2
9597,18177,3
9597,27980,4
9597,20532,5
9597,41206,6
21644,1371,0
21644,13514,1
21644,592594,2
21644,4783,3
21644,937,4
21644,2506,5
21644,10823,6
45758,3198,0
45758,58955,1
45758,6844,2
45758,13923,3
45758,19137,4
45758,60259,5
45758,80626,6
49745,3196,0
49745,227,1
49745,10409,2
49745,2144,3
49745,142736,4
49745,20788,5
49745,142737,6
62825,1381434,0
62825,1381435,1
62825,1381436,2
62825,226031,3
62825,1253704,4
62825,1381438,5
62825,110760,6
18491,77927,0
18491,40325,1
18491,77931,2
18491,83768,3
18491,77934,4
18491,126484,5
18491,84508,6
175739,1364450,0
175739,1364451,1
175739,1364452,2
175739,1264371,3
175739,1016054,4
175739,1364474,5
175739,220767,6
13777,1284,0
13777,75253,1
13777,40938,2
13777,61345,3
13777,75254,4
13777,75129,5
13777,3053,6
11854,35742,0
11854,55061,1
11854,35776,2
11854,1846761,3
11854,146971,4
11854,42802,5
11854,35819,6
87489,59369,2
87489,15070,3
87489,15057,5
87489,15069,6
87489,100507,7
87489,15071,8
87489,1207068,11
33491,136761,0
33491,38341,1
33491,2405,2
33491,48577,3
33491,49025,4
33491,5082,5
33491,14246,6
12619,328,0
12619,12217,1
12619,2712,2
12619,17772,3
12619,12407,4
12619,32458,5
12619,9307,6
39927,10871,0
39927,141384,1
39927,22461,2
39927,58563,3
39927,42722,4
39927,7268,6
39927,158515,7
24272,140567,0
24272,140568,1
24272,4786,2
24272,13637,3
24272,3547,4
24272,74933,5
24272,133499,6
3716,677,0
3716,1859,1
3716,5496,2
3716,5500,3
3716,15268,4
3716,4936,7
3716,5124,8
21348,87421,0
21348,87422,1
21348,87424,2
21348,87425,3
21348,87426,4
21348,87427,5
21348,87428,6
15319,70132,0
15319,237362,1
15319,944506,2
15319,96637,3
15319,111691,4
15319,70131,5
15319,72607,6
9011,4690,0
9011,56575,1
9011,147119,2
9011,56574,3
9011,56576,4
9011,1370,5
9011,2715339,6
2332,20666,0
2332,23943,1
2332,8293,2
2332,23944,3
2332,23984,4
2332,19776,5
2332,554595,6
54003,11617,0
54003,167660,1
54003,16475,2
54003,238145,3
54003,99636,4
54003,151361,5
54003,238146,6
20882,86719,0
20882,86718,1
20882,86720,2
20882,7590,3
20882,86722,4
20882,86725,5
20882,1272372,6
10205,21625,0
10205,64161,1
10205,12207,2
10205,64162,3
10205,49360,4
10205,91400,5
10205,1277196,6
40476,20441,0
40476,95538,1
40476,1011138,2
40476,52687,3
18394,48,0
18394,8397,1
18394,83701,2
18394,207,3
18394,63073,4
18394,136038,5
18394,136039,6
31774,4430,1
31774,22767,2
31774,48587,3
31774,10777,4
31774,11159,5
31774,14409,6
31774,2628,7
35735,149932,0
35735,122388,1
35735,11263,2
35735,56274,3
35735,16778,4
35735,108853,5
35735,1364475,6
38203,53509,0
38203,124873,1
38203,124291,2
38203,124262,3
38203,52357,4
38203,143131,5
38203,2877675,7
19362,74336,0
31161,107708,0
31161,74862,1
31161,133695,2
31161,27782,3
31161,68706,4
31161,115659,5
31161,548611,6
65296,240848,0
65296,12584,1
65296,240849,2
65296,240850,3
65296,4025825,4
65296,1568340,5
65296,3939744,6
32067,9188,0
32067,4430,1
32067,59017,2
32067,6575,3
32067,61167,4
32067,65,5
32067,9175,6
32306,146980,1
32306,65125,2
32306,61981,3
32306,1590984,4
32306,554002,5
32306,92706,6
32306,174492,7
66668,14405,0
66668,15234,1
66668,84522,2
66668,78842,3
66668,19492,4
66668,4253,5
66668,10556,6
72490,18056,0
72490,234641,1
72490,137029,2
72490,1248524,3
72490,27782,4
72490,1121241,5
72490,1165594,6
10482,14469,0
10482,98464,1
10482,2440,2
10482,11110,3
10482,79885,4
10482,40950,5
10482,1925,6
107942,54470,0
107942,167120,1
107942,3237,2
107942,54888,3
107942,86919,4
107942,2974480,5
107942,171522,6
28031,13333,0
28031,1812,1
28031,14,2
28031,2838,3
28031,41293,4
28031,13242,5
28031,20,6
54491,23680,0
54491,1206,1
54491,2453,2
54491,368,3
54491,60739,4
54491,14837,5
54491,13922,6
43423,143152,0
43423,1923828,1
43423,1923820,2
43423,1923821,3
43423,1923822,5
43423,1923823,6
43423,1923824,7
12480,1973,0
12480,72428,1
12480,4390,2
12480,3711,3
13439,53023,0
13439,75170,1
13439,108246,2
13439,558162,4
844,1337,0
844,643,1
844,12671,2
844,12670,3
844,1339,4
844,12672,5
844,1622,6
29512,973,0
29512,53,1
29512,25834,2
29512,104039,3
29512,104040,4
29512,11784,5
29512,20696,6
20617,72932,1
20617,13275,2
20617,27791,4
20617,4990,5
20617,67091,6
20617,115659,7
20617,33730,8
101338,990725,0
101338,52235,1
101338,584336,2
101338,1041487,4
101338,618344,5
101338,5064968,6
101338,946795,7
23985,143280,0
23985,2280910,2
23985,2564116,3
23985,1218627,4
23985,231384,5
23985,137372,6
23985,2564118,7
2463,940339,0
2463,25246,1
2463,25248,2
2463,63582,3
2463,25251,4
2463,25249,5
2463,237119,6
16874,80950,0
16874,80951,1
16874,77496,2
16874,80952,3
16874,80953,4
16874,49360,5
16874,75659,6
274669,25246,0
274669,78875,1
274669,80374,2
274669,227804,3
274669,66717,4
274669,1247368,5
274669,1035980,6
32166,8447,0
32166,150972,1
32166,6575,2
32166,51390,3
32166,6437,4
32166,20402,5
32166,7471,6
38987,3063,0
38987,64712,1
38987,17646,2
38987,24480,3
38987,1217851,4
38987,198642,5
38987,1110882,6
9439,58285,0
9439,24977,1
9439,16441,2
9439,58286,3
9439,58287,4
9439,257448,5
9439,1878417,6
52666,146432,0
52666,82313,2
52666,146434,3
52666,146435,4
52666,142524,5
52666,1139027,6
52666,1138534,7
71138,25461,0
71138,134814,1
71138,236090,2
71138,224662,3
71138,1098546,4
71138,236092,5
71138,95579,6
39872,25461,0
39872,224662,1
39872,551651,2
39872,134815,3
39872,229408,4
39872,142408,5
39872,133603,6
53048,1064,0
53048,19839,1
53048,21104,2
53048,80868,3
53048,7868,4
53048,5950,5
53048,87769,6
20160,125628,0
20160,138742,1
20160,85386,2
20160,108471,3
20160,148038,4
20160,1207847,5
20160,92428,6
28943,3895,0
28943,2641,1
28943,47644,2
28943,1333,3
28943,53917,4
28943,68384,5
28943,12793,6
82550,544831,0
82550,151180,1
82550,21576,2
82550,223478,3
82550,239369,4
82550,1317964,5
82550,3850370,6
11599,71057,0
11599,944143,1
11599,1029288,3
11599,71059,4
33253,110389,0
33253,1098344,1
33253,1336314,2
33253,1098343,3
33253,110390,4
33253,20528,5
33253,3649107,6
11075,4994,0
11075,57455,1
11075,2541,2
11075,68111,3
11075,63706,4
11075,1171071,5
11075,72606,6
33355,1271,0
33355,6859,1
33355,94759,2
33355,19839,3
33355,17764,4
33355,21708,5
33355,6862,6
49671,4757,0
49671,5203538,1
49671,5203541,2
49671,5203549,4
49671,5203550,5
49671,5203551,6
49671,5203553,7
15917,35742,0
15917,87773,1
15917,76232,2
15917,86014,3
15917,43414,4
15917,86018,5
15917,128727,6
10706,14707,0
10706,66252,1
10706,66253,2
10706,32363,3
10706,41218,4
10706,4253,5
10706,1219597,6
36246,58596,0
36246,127892,1
36246,1009983,2
36246,66153,3
36246,74862,4
36246,137029,5
36246,228075,6
17208,81449,0
17208,81448,1
17208,81447,2
17208,81454,3
17208,81450,4
17208,81452,5
17208,81453,6
26245,25848,0
26245,21817,1
26245,30440,2
26245,27811,3
26245,47096,4
26245,73422,5
26245,55507,6
467,2155,0
467,6365,1
467,116,2
467,6366,3
467,6368,4
467,27764,5
467,127527,6
73952,8329,0
73952,6164,1
73952,47368,2
73952,51805,3
73952,132659,4
73952,1439938,5
73952,2085801,6
19738,124476,0
19738,1684,1
19738,550565,2
19738,77931,3
19738,124478,4
19738,84508,5
19738,1686,6
16435,13548,0
16435,6684,1
16435,1532,2
16435,4766,3
16435,52119,4
16435,60722,5
16435,17039,6
26014,6952,0
26014,52929,1
26014,9205,2
26014,16165,3
26014,2165,4
26014,18706,5
26014,1371970,6
45418,25246,0
45418,86318,1
45418,224060,2
45418,123648,3
45418,63582,4
45418,108831,5
45418,224061,6
11366,69287,0
11366,69288,1
11366,58664,2
11366,69289,3
11366,46623,4
11366,137029,5
11366,137028,6
89823,1148,0
89823,591271,1
89823,1703732,2
89823,2182706,3
89823,1074009,4
89823,2380413,5
89823,1279860,6
10751,3398,0
10751,1018,1
10751,3401,2
10751,3399,3
10751,57013,4
10751,1562,5
10751,40420,6
38294,1041489,0
38294,1041490,1
38294,1041491,2
38294,91280,3
38294,1212181,4
38294,5474,5
38294,1250601,6
18836,32290,0
18836,10431,1
18836,71871,2
18836,923,3
18836,13657,4
18836,62288,5
18836,9976,6
10757,35780,0
10757,35742,1
10757,78749,2
10757,55061,3
10757,35743,4
10757,37233,5
10757,35776,6
55256,1120419,0
55256,1120421,1
55256,1120418,2
55256,125627,3
55256,1553472,4
55256,1120423,5
55256,1288392,6
23160,1087,0
23160,17546,1
23160,3734,2
23160,89812,3
23160,85640,4
23160,402999,5
23160,591875,6
2899,28781,0
2899,16927,1
2899,2408,2
2899,24903,3
2899,4275,4
2899,47337,5
2899,41035,6
44756,1229455,0
44756,164040,1
44756,1229456,2
44756,2241150,3
44756,1229457,4
44756,1229458,5
44756,1212947,6
18088,82636,0
18088,19775,1
18088,11110,2
18088,7059,3
18088,91494,4
18088,57574,5
18088,7055,6
31010,22290,0
31010,5587,1
31010,14409,2
31010,10127,3
31010,55636,4
31010,32203,5
31010,41381,6
20536,12834,0
20536,11155,1
20536,1904,2
20536,15416,3
20536,14888,4
20536,4445,5
20536,532890,6
3577,1086,0
3577,33040,1
3577,8197,2
3577,5644,3
3577,33041,4
3577,33042,5
3577,5496,6
27259,97430,0
27259,24239,1
27259,97431,2
27259,526,3
27259,97432,4
27259,13362,5
27259,76943,6
19448,19152,0
19448,19453,1
19448,6574,2
19448,884,3
19448,4654,4
19448,20387,5
19448,8949,6
14923,212,0
14923,59410,1
14923,172605,2
14923,80770,3
14923,1386337,4
14923,1386338,5
14923,1386339,6
2440,25001,0
2440,25002,1
2440,20738,2
2440,25003,3
2440,25004,4
2440,25006,5
2440,25005,6
10836,67050,0
10836,9768,1
10836,67051,2
10836,67052,3
10836,58287,4
10836,67053,5
10836,116068,6
10955,6949,0
10955,15336,1
10955,5538,2
10955,17286,3
10955,6405,4
10955,67747,5
10955,169,6
37998,119313,0
37998,58665,1
37998,2542,2
37998,128479,3
37998,551987,4
37998,551661,5
37998,68704,6
10978,57012,0
10978,57013,1
10978,67737,2
10978,67738,3
10978,220327,4
10978,109281,5
10978,928023,6
81540,3063,0
81540,4654,1
81540,58528,2
81540,8963,3
81540,1218124,4
81540,3846924,5
81540,1052923,6
40096,8600,0
40096,87341,1
40096,123757,2
40096,123758,3
40096,102551,4
40096,90219,5
40096,123759,6
11847,18897,0
11847,26724,1
11847,70706,2
11847,1136775,3
11847,1427112,4
11847,66122,5
11847,998015,6
52999,6012,0
52999,19888,1
52999,33161,2
52999,7693,3
52999,19117,4
52999,3426389,5
52999,584328,6
41714,1733,0
41714,3129,1
41714,39126,2
41714,7242,3
41714,118742,4
41714,1469627,5
41714,2411078,6
11056,10690,0
11056,5313,1
11056,20508,2
11056,3753,3
11056,1602,4
11056,123212,5
11056,1418163,6
27967,65756,0
27967,21522,1
27967,586,2
27967,4250,3
27967,15655,4
27967,2987918,5
27967,78604,6
919,16145,0
919,16146,1
919,16147,2
919,16148,3
919,16149,4
919,16150,5
919,16151,6
55852,3304251,0
55852,3304252,1
55852,3304253,2
55852,3304254,3
55852,3304256,4
55852,3304257,5
55852,3304258,6
211,10236,0
211,10237,1
211,6085,2
211,10238,3
211,10239,4
211,10240,5
211,10241,6
10046,1925,0
10046,3196,1
10046,7242,2
10046,7502,3
10046,938,4
10046,5312,5
10046,147,6
6382,8783,0
6382,49360,1
6382,49362,2
6382,1232846,3
6382,77496,4
6382,1230836,5
6382,3070,6
36243,58442,0
36243,554315,1
36243,9723,2
36243,73139,3
36243,646797,4
36243,87644,5
36243,1106204,6
45538,1979,0
22242,29092,0
22242,3051,1
22242,1230,2
22242,4783,3
22242,65731,4
22242,60004,5
22242,59122,6
16077,79187,0
16077,20176,1
16077,73836,3
16077,20981,4
16077,79189,5
16077,51329,6
11553,21911,0
11553,1174366,1
11553,69827,2
11553,69830,3
11553,69829,4
11553,69828,5
11553,2348864,6
29832,13101,0
29832,59841,1
29832,56322,2
29832,185773,3
29832,177475,4
29832,212,5
29832,28637,6
10726,18973,0
10726,5938,1
10726,1748,2
10726,43426,3
10726,51936,4
10726,5941,5
10726,20196,6
57100,56861,0
57100,126735,1
57100,52,2
57100,1133858,3
57100,65354,4
57100,1623,5
57100,138588,6
44793,58012,0
44793,90676,1
44793,123926,2
44793,1294216,3
44793,1035532,4
44793,234030,5
44793,1300745,6
35110,113737,0
35110,20526,1
35110,26756,2
35110,67715,3
35110,94027,4
35110,113738,5
35110,113739,6
9298,6730,0
9298,5658,1
9298,4391,2
9298,80419,3
9298,7060,4
9298,559814,5
9298,25702,6
13899,68988,0
13899,68987,1
13899,554017,2
13899,20372,3
13899,35642,4
13899,229408,5
13899,1019010,6
437,5937,0
437,5938,1
437,5939,2
437,5940,3
437,5941,4
437,5942,5
437,5943,6
38901,31711,0
38901,2841,1
38901,1811,2
38901,6905,3
38901,58739,4
38901,10386,5
38901,16851,6
37712,83746,0
37712,1191874,1
37712,25652,2
37712,118408,3
37712,68973,4
37712,43663,5
37712,79944,6
14809,57599,0
14809,52933,1
14809,228953,2
14809,228954,3
14809,26998,4
14809,38560,5
14809,21290,6
27324,27788,0
27324,124129,1
27324,9190,2
27324,132945,3
27324,132063,4
27324,27791,5
27324,79006,6
33625,24965,0
33625,5168,1
33625,3129,2
33625,11618,3
33625,62074,4
33625,19265,5
33625,61607,6
35583,76546,0
35583,231272,1
35583,111195,2
35583,231273,3
35583,47933,4
35583,19875,5
35583,185735,6
35848,1207145,0
35848,1729258,1
35848,1056166,2
35848,82360,3
35848,1078344,4
35848,1594134,5
4592,12041,0
4592,4941,1
4592,4090,2
4592,21027,3
4592,31715,4
4592,38331,5
4592,1811,6
9025,40525,0
9025,56698,1
9025,56699,2
9025,56700,3
9025,56701,4
9025,40526,5
9025,56702,6
2111,71057,0
2111,109809,1
2111,20654,2
2111,71052,3
2111,552475,4
2111,27997,5
2111,1299457,6
14752,52763,0
14752,35747,1
14752,87328,2
14752,35745,3
14752,78920,4
14752,78921,5
14752,78924,6
11178,63436,0
11178,63442,1
11178,125427,2
11178,553705,3
11178,68464,4
11178,68465,5
11178,553701,6
10943,6886,0
10943,65524,1
10943,8435,2
10943,17258,3
10943,23076,4
10943,57461,5
10943,1452761,6
125842,1771,0
125842,13550,1
125842,10866,2
125842,6906,3
125842,130719,4
125842,23882,5
125842,9880,6
100973,18068,0
100973,1199127,1
100973,141617,2
100973,67989,3
100973,56397,4
100973,33190,5
100973,46866,6
23305,76793,0
23305,141755,1
23305,1140067,2
23305,1140071,4
23305,1140074,5
23305,1140075,6
23305,987703,7
21707,69289,0
21707,87783,1
21707,87784,2
21707,115904,3
21707,87786,4
21707,2275983,5
21707,1244801,6
10981,5892,0
10981,5894,1
10981,13950,2
10981,8791,3
10981,65704,4
10981,2037796,5
10981,1238390,6
10918,4154,0
10918,658,1
10918,4690,2
10918,3489,3
10918,47643,4
10918,134890,5
10918,134891,6
30839,80108,0
30839,117974,1
30839,68704,2
30839,107106,3
30839,107107,4
30839,107105,5
30839,87085,6
4612,38559,0
4612,38560,1
4612,38561,2
4612,2372,3
4612,38562,4
4612,38563,5
4612,38564,6
36222,68988,0
36222,68987,1
36222,1039925,2
36222,1039926,3
36222,225436,4
36222,78429,5
36222,109298,6
13984,147967,0
13984,164866,1
13984,148434,2
13984,1384202,3
13984,1384203,4
13984,1384204,5
13984,1384205,6
16184,79944,0
16184,79945,1
16184,27791,2
16184,66153,3
16184,79946,4
16184,10071,5
16184,68704,6
53244,57298,0
53244,136170,1
53244,7706,2
53244,943199,3
53244,946714,5
53244,1712980,6
53244,1484302,7
14868,77714,0
14868,9827,1
14868,8436,2
14868,12211,3
14868,75174,4
14868,77721,5
14868,37290,6
36353,305156,0
36353,54884,1
36353,44366,2
36353,21944,3
36353,67737,4
36353,1758325,5
36353,1057876,6
11427,6719,0
11427,69399,1
11427,7401,2
11427,69398,3
11427,59861,4
11427,42715,5
11427,175678,6
18072,27125,0
18072,3544,1
18072,116,2
18072,82661,3
18072,1371,4
18072,58776,5
18072,3554,6
4689,20738,0
4689,25004,1
4689,21688,2
4689,39256,3
4689,39257,4
4689,39258,5
4689,64454,6
16209,80050,0
16209,80051,1
16209,80052,2
16209,80053,3
16209,80054,5
16209,80055,6
16209,80056,7
45379,1337,0
45379,12671,1
45379,1622,2
45379,77304,3
45379,87942,4
45379,998494,5
45379,12462,6
8441,55824,0
8441,55825,1
8441,55826,2
8441,55827,3
8441,55830,4
8441,55828,5
8441,55009,6
12720,4994,0
12720,68973,1
12720,2544,2
12720,1750339,3
12720,73676,4
12720,2038952,5
12720,227086,6
21041,92403,0
21041,85386,1
21041,32357,2
21041,48968,3
21041,5024,4
21041,92422,5
21041,90604,6
5552,44078,0
5552,3491,1
5552,44079,2
5552,77906,3
5552,9005,4
5552,44080,5
5552,12983,6
8325,64,0
8325,3967,1
8325,4687,2
8325,10297,3
8325,22970,4
8325,19753,5
8325,104059,6
10077,12833,0
10077,2462,1
10077,2282,2
10077,29616,3
10077,62932,4
10077,35013,5
10077,17199,6
31076,4529,0
31076,238422,1
31076,238424,2
31076,20327,3
31076,1131873,4
31076,559960,5
31076,1131874,6
28730,2232,0
28730,1283,1
28730,26852,2
28730,3127,3
28730,20277,4
28730,14888,5
28730,4776,6
40432,1085422,0
40432,1271628,1
40432,6523,2
40432,1042791,3
40432,962762,4
26955,85008,0
26955,83122,1
26955,96659,2
26955,42799,4
26955,1903879,5
26955,96660,6
26955,2240042,7
23986,1033252,2
23986,2429762,3
23986,1056117,4
23986,2429763,5
23986,1386735,7
23986,2564313,8
23986,1919912,9
4326,675,0
4326,35447,1
4326,5844,2
4326,6090,3
4326,36406,4
4326,36407,5
4326,36408,6
16132,79445,0
16132,79446,1
16132,45749,2
16132,5511,3
16132,79447,4
16132,11952,5
16132,79448,6
36730,10978,0
36730,66786,1
36730,2955,2
36730,11953,3
36730,3753,4
36730,9191,5
36730,7707,6
55496,125584,0
55496,108471,1
55496,210515,2
55496,148019,3
55496,236960,4
55496,93566,5
55496,79757,6
20164,11263,0
20164,89507,1
20164,124286,2
20164,82857,3
20164,116157,4
20164,148349,5
20164,125625,6
38970,121732,0
38970,56654,1
38970,28782,2
38970,87010,3
38970,121733,4
38970,80503,5
38970,120157,6
32526,31711,0
32526,72095,1
32526,6861,2
32526,52647,3
32526,74608,5
32526,166518,6
32526,28869,7
15271,55467,0
15271,1246,1
15271,17477,2
15271,3968,3
15271,5530,4
15271,20049,5
15271,8893,6
45572,232017,0
45572,118718,1
45572,563747,2
45572,57210,3
45572,552571,4
45572,1138822,5
45572,139493,7
22076,13548,0
22076,112341,1
22076,28743,2
22076,112342,3
22076,21474,4
22076,35545,5
22076,55931,6
16973,6365,0
16973,41555,1
16973,1646,2
16973,9626,3
16973,12055,4
16973,15376,5
16973,81106,6
55931,6384,0
55931,530,1
55931,56347,2
55931,21063,3
55931,89251,4
55931,31531,5
55931,24362,6
12703,22461,0
12703,2838,1
12703,73952,2
12703,73953,3
12703,73954,4
12703,73955,5
12703,5458791,6
46814,367681,0
46814,6657,1
46814,109895,2
46814,135120,3
46814,92407,4
46814,55002,5
46814,592048,6
9282,38581,0
9282,11107,1
9282,9048,2
9282,3492,3
9282,52647,4
9282,10767,5
9282,33532,6
5844,45993,0
5844,121786,1
5844,9190,2
5844,9193,3
5844,82541,4
5844,45992,5
5844,2541,6
61485,233202,0
61485,233203,1
61485,233205,2
61485,233206,3
61485,1172611,4
25334,93563,0
25334,33679,1
25334,25074,2
25334,18792,3
25334,1784372,4
25334,1784373,5
25334,81571,6
12540,72723,0
12540,62065,1
12540,25711,2
12540,58953,3
12540,65769,4
12540,154342,5
12540,1118081,6
60672,1003,0
60672,5442,1
60672,35081,2
60672,113,3
60672,35084,4
60672,35082,5
60672,16873,6
24241,3131,0
24241,7498,1
24241,1903,2
24241,388,3
24241,3068,4
24241,21731,5
24241,3497,6
11556,8688,0
11556,69863,1
11556,69864,2
11556,115051,3
11556,69865,4
11556,69866,5
11556,268,6
49007,448,0
49007,21657,1
49007,5657,2
49007,27125,3
49007,452,4
49007,1518,5
49007,2207,6
11197,61283,0
11197,11050,1
11197,63764,2
11197,68566,3
11197,68567,4
11197,93138,5
11197,22331,6
27079,11486,0
27079,96900,1
27079,8699,2
27079,96901,3
27079,97188,4
27079,4100751,5
27079,148635,6
3177,96473,0
3177,2763872,1
3177,31078,2
3177,1078665,3
3177,1019016,5
3177,31079,6
3177,68987,7
11774,70456,0
11774,19977,1
11774,146449,2
11774,146450,3
11774,206,4
11774,5064,5
11774,9642,6
10855,21045,0
10855,115896,1
10855,64436,2
10855,115897,3
10855,67256,4
10855,130562,5
10855,1624,6
16765,5048,1
16765,2228,2
16765,33684,3
16765,1707435,4
16765,1707436,5
16765,2887,8
16765,2094830,9
4972,1018,0
4972,1019,1
4972,3402,2
4972,15086,3
4972,40298,4
4972,6120,5
4972,15085,6
54764,108476,0
54764,212815,1
54764,88848,2
54764,1381434,3
54764,226031,4
54764,1253704,5
54764,148014,6
20162,148333,0
20162,125585,1
20162,82857,2
20162,148334,3
20162,148335,4
20162,148336,5
20162,143125,6
2841,2405,0
2841,16790,1
2841,2413,2
2841,17901,3
2841,18177,4
2841,13689,5
2841,8293,6
11606,13275,0
11606,1284856,1
11606,69990,2
11606,27782,3
11606,68987,4
11606,115659,6
11606,58616,7
189332,1037,0
189332,9825,1
189332,87015,2
189332,27460,3
189332,1041673,4
189332,1809288,5
189332,55571,6
363,5118,0
363,5117,1
363,5120,2
363,5121,3
363,5498,4
363,5496,5
363,5122,6
12140,40451,0
12140,20664,1
12140,34923,2
12140,12199,3
12140,83933,4
12140,84505,5
12140,219659,6
4254,35742,0
4254,35745,1
4254,35747,2
4254,35743,3
4254,35749,4
4254,35750,5
4254,35758,7
15370,118651,0
15370,96569,1
15370,31079,2
15370,20335,3
15370,556787,4
15370,74377,5
15370,27780,6
16635,2231,0
16635,1137,1
16635,2039,2
16635,37093,3
16635,2620,4
16635,590269,5
16635,82190,6
23520,10814,0
23520,14344,1
23520,53516,2
23520,939,3
23520,68535,4
23520,96699,5
23520,122198,6
1418,16974,0
1418,16867,1
1418,958,2
1418,962,3
1418,16975,4
1418,16976,5
1418,16977,6
15990,4323463,0
15990,4323466,1
15990,4323468,2
15990,4323470,3
11492,71050,0
11492,71051,1
11492,71052,2
11492,71053,3
11492,1191759,4
11492,1175976,5
11492,554939,6
12496,9195,0
12496,72494,1
12496,72495,2
12496,120918,3
12496,136191,4
12496,137029,5
12496,554233,6
17457,20372,0
17457,64434,1
17457,64433,2
17457,21909,3
17457,18897,4
17457,57831,5
17457,78429,6
22618,32891,1
22618,543715,2
22618,946666,3
22618,950499,4
22618,1294170,5
22618,1294171,6
22618,1294172,7
29987,18340,0
29987,5412,1
29987,89389,2
29987,105685,3
29987,90317,4
29987,1453984,5
29987,129621,6
10361,64914,0
10361,61134,1
10361,27136,2
10361,33337,3
10361,64915,4
10361,32205,5
10361,1703032,6
41070,67988,0
41070,7742,1
41070,126936,2
41070,126938,3
41070,111538,4
41070,107648,5
41070,1154162,6
14527,10859,0
14527,34915,1
14527,76973,2
14527,20277,3
14527,2456,4
14527,1219161,5
14527,1238390,6
32276,3905,0
32276,71766,2
32276,57138,3
32276,8963,4
32276,9560,6
32276,82775,8
32276,3037,9
100594,232287,0
100594,148017,1
100594,103866,2
100594,52355,3
100594,125628,4
100594,53509,5
100594,122388,6
14455,76931,0
14455,58662,1
14455,13280,2
14455,66152,3
14455,27778,4
14455,76932,5
14455,76933,6
24092,132153,0
24092,131191,1
24092,1132019,2
24092,4316180,3
24092,4316181,4
24092,4316182,5
24092,2685706,7
20357,5472,0
20357,8211,1
20357,2038,2
20357,16702,3
20357,85970,4
20357,26258,5
20357,28158,6
21200,19161,0
21200,28255,1
21200,19062,2
21200,70182,3
21200,5079,4
21200,53203,5
21200,28681,6
40876,21657,0
40876,67704,1
40876,52481,2
40876,1303358,3
40876,1303359,4
40876,957087,5
40876,1303360,6
95536,213290,0
95536,1544346,1
95536,6949,2
95536,50,3
95536,34027,4
95536,18847,5
95536,234486,6
11838,67318,0
11838,1241458,1
11838,115659,2
11838,70671,3
11838,13256,4
11838,2499264,5
11838,552501,6
670,64880,0
670,10112,1
670,1299317,2
670,77182,3
670,77180,4
670,77188,5
670,554330,6
25500,28463,0
25500,10500,1
25500,128638,2
25500,1206418,3
25500,2893785,5
25500,3873167,6
25500,3873168,7
85873,932681,0
85873,932682,1
85873,932683,2
85873,932684,3
85873,582716,4
85873,3459303,5
85873,97603,6
12583,27136,0
12583,64914,1
12583,60722,2
12583,62911,3
12583,67704,4
12583,43933,5
12583,32205,6
21513,106590,0
21513,106591,1
21513,134184,2
21513,1399600,3
21513,43662,4
21513,31080,5
21513,4990,6
14190,2149326,0
14190,1935267,1
14190,55002,2
14190,2149327,3
14190,2149328,4
14190,552330,5
14190,1409500,6
49681,131867,0
49681,584336,1
49681,74911,2
49681,934904,3
49681,1084739,4
49681,1528399,5
49681,1528400,6
9694,58593,0
9694,58596,1
9694,58601,2
9694,58607,3
9694,1117062,4
9694,1117063,5
9694,1117066,6
12802,20279,0
12802,30435,1
12802,43135,2
12802,90545,3
12802,113980,4
12802,18993,5
12802,58435,6
22537,68472,0
22537,112205,1
22537,121711,2
22537,220710,3
22537,934840,4
22537,55662,5
22537,142704,6
9667,3490,0
9667,116,1
9667,10823,2
9667,10431,3
9667,6473,4
9667,51214,5
9667,8784,6
13373,46300,0
13373,82380,1
13373,34715,2
13373,22811,3
13373,6970,4
13373,91494,5
13373,2629,6
37209,6588,0
37209,56867,1
37209,2319,2
37209,4569,3
37209,75812,4
37209,145601,5
37209,117051,6
10304,83983,0
10304,25849,1
10304,106752,2
10304,101396,3
10304,21523,4
10304,64806,5
10304,56447,6
40823,55009,0
40823,278354,1
40823,135746,2
40823,87336,3
40823,1601348,4
40823,932961,5
40823,4320748,6
9666,58441,0
9666,300793,1
9666,58444,2
9666,1655581,3
9666,58442,4
9666,2660463,6
9666,135206,7
13371,1711,0
13371,52889,1
13371,1365437,2
13371,34546,3
13371,11111,4
13371,1836,5
13371,1218865,6
11049,67923,0
11049,2649452,3
11049,1282160,4
9316,57207,0
9316,57208,1
9316,57272,2
9316,57273,3
9316,149862,4
9316,1052080,5
9316,1003459,6
11647,78869,0
11647,20372,1
11647,63584,2
11647,26724,3
11647,12672,4
11647,66717,5
11647,96862,6
1913,3810,0
1913,19907,1
1913,2759,2
1913,19908,3
1913,19909,4
1913,33409,5
1913,16870,6
45693,70696,0
45693,18352,1
45693,65475,2
45693,28004,3
45693,58058,4
45693,59240,5
45693,172995,6
2539,19292,0
2539,4939,1
2539,3627,2
2539,9599,3
2539,25907,4
2539,25908,5
2539,25909,6
15177,73637,0
15177,76547,1
15177,77976,2
15177,77977,3
15177,77890,4
15177,77978,5
15177,77979,6
14770,76134,0
14770,76136,1
14770,76137,2
14770,76135,3
14770,86395,5
14770,975165,6
14770,1786140,7
5528,21171,0
5528,7693,1
5528,22306,2
5528,43998,3
5528,28793,4
5528,43996,5
5528,43997,6
10105,63492,0
10105,63493,1
10105,63494,2
10105,426,3
10105,1225911,4
10105,63499,6
10105,63500,7
1114,15466,0
1114,15467,1
1114,15468,2
1114,15469,3
1114,15470,4
1114,15471,5
1114,15472,6
179,2227,0
179,2228,1
179,2229,2
179,2244,3
179,2245,4
179,2246,5
179,2247,6
83,644,0
83,646,1
83,1187,2
83,1420204,3
83,590483,4
83,4507947,5
12653,6104,0
12653,73269,1
12653,36900,2
12653,73270,3
12653,21431,4
12653,16949,5
12653,2234852,6
32233,25246,0
32233,20652,1
32233,72732,2
32233,138494,3
32233,224034,4
32233,1172955,5
32233,1164448,6
55177,16756,0
55177,6677,1
55177,1219536,2
55177,557840,3
55177,63563,4
55177,58511,5
55177,5481,6
14310,1337,0
14310,25246,1
14310,66761,2
14310,1340,3
14310,66717,4
14310,26724,5
14310,72730,6
24860,82420,0
24860,92710,1
24860,13514,2
24860,92711,3
24860,44366,4
24860,553335,5
24860,220295,6
26766,96174,0
26766,1392123,1
26766,3725622,2
24747,8767,0
24747,4174,1
24747,18325,2
24747,56890,3
24747,18992,4
24747,29934,5
24747,35517,6
4836,8784,0
4836,23459,1
4836,2524,2
4836,17782,3
4836,2247,4
4836,39658,5
4836,26258,6
18711,49,0
18711,2155,1
18711,15412,2
18711,2955,3
18711,157072,4
18711,3037,5
18711,15860,6
11190,68515,0
11190,68517,1
11190,68518,2
11190,68516,3
11190,936820,4
11190,936821,5
11190,558290,6
37918,3071025,0
11866,6065,0
11866,8169,1
11866,1771,2
11866,502,3
11866,2220,4
11866,86462,5
11866,16429,6
12281,28042,0
12281,41464,1
12281,4940,2
12281,15760,3
12281,23891,4
12281,58899,5
12281,150109,6
10320,3489,0
10320,1284159,1
10320,26292,2
10320,20,3
10320,21163,4
10320,5606,5
10320,57136,6
16427,120874,0
16427,120875,1
16427,1910,2
16427,180126,3
16427,1310813,4
16427,139591,5
16427,1102,6
30973,290,0
30973,31166,1
30973,107398,2
30973,10210,3
30973,107399,4
30973,99183,5
30973,107400,6
12086,71206,0
12086,71207,1
12086,71208,2
12086,71209,3
12086,17094,4
12086,1040061,5
12086,941639,6
11420,69355,0
11420,69356,1
11420,69357,2
11420,116488,4
11420,1403153,5
11420,1403157,6
11420,1403159,7
57337,225954,0
57337,225956,1
57337,225957,2
57337,225958,3
81792,83527,0
81792,58604,1
81792,67091,2
81792,97362,3
81792,1075850,4
81792,1075851,5
81792,934113,6
3396,31655,0
3396,31656,1
3396,31657,3
3396,31658,4
3396,31659,5
3396,31656,6
3396,31660,7
1404,16900,0
1404,16901,1
1404,16902,2
1404,16903,3
1404,16904,4
1404,16905,5
1404,16906,6
62276,228847,0
62276,236369,1
62276,59899,2
62276,302065,3
62276,371255,4
62276,147270,5
62276,237437,6
464,6283,0
464,6285,1
464,6286,2
464,6287,3
464,6288,4
464,6289,5
464,6290,6
40974,77301,0
40974,77304,1
40974,125092,2
40974,125093,3
40974,1340241,5
40974,2223603,6
40974,3177159,7
20912,53650,0
20912,11703,1
20912,6913,2
20912,28782,3
20912,4774,4
20912,15531,5
20912,2408,6
5889,46363,0
5889,132061,1
5889,104523,2
5889,107107,3
5889,46365,4
5889,1190946,5
5889,1095916,6
1126,15576,0
1126,15577,1
1126,502,2
1126,15578,3
1126,15579,4
1126,15580,5
1126,33311,6
11658,16962,0
11658,70336,1
11658,70337,2
11658,70338,3
11658,1432841,4
11658,2222969,5
11658,1254059,6
20544,4566,0
20544,4239,1
20544,26467,2
20544,17773,3
20544,28044,4
20544,17764,5
20544,31140,6
11401,57637,0
11401,69230,1
11401,69231,2
11401,69233,3
11401,69234,4
11401,69236,5
11401,69232,6
19423,62522,0
19423,43277,1
19423,81097,2
19423,26723,3
19423,84666,4
19423,29879,5
19423,18260,6
31781,134,0
31781,16217,1
31781,59295,2
31781,54498,3
31781,166442,4
31781,3504696,5
31781,166477,6
9483,36928,0
9483,15381,1
9483,19231,2
9483,57656,3
9483,57657,4
9483,27500,5
9483,225965,6
1392,1373446,1
1392,1373447,2
1392,1373448,3
1392,1373449,4
1843,1747162,0
1843,1759241,1
1843,1759246,2
1843,1759247,3
1843,1759249,4
1843,1759254,5
1843,1759255,6
33102,32029,0
33102,110082,1
33102,189880,2
33102,57387,3
33102,188739,4
33102,58528,5
33102,189883,6
291,4322,0
291,4323,1
291,4324,2
291,4325,3
291,4326,4
291,4327,5
291,4328,6
88138,935884,0
88138,941147,2
28105,113373,0
28105,1193664,1
28105,1193666,3
28105,1193667,4
28105,1329525,5
51363,9206,0
51363,143017,1
51363,109786,3
51363,80757,4
51363,3237,5
51363,951049,6
51363,26456,7
16843,201862,0
16843,79343,1
16843,172780,2
16843,94479,4
16843,1218648,5
16843,77039,6
16843,168475,7
4896,5854,0
4896,35448,1
4896,39862,2
4896,39863,3
4896,39864,4
4896,1565510,5
4896,32448,6
8357,19797,0
8357,55422,1
8357,55425,2
8357,55426,3
8357,27860,4
8357,92119,5
8357,23899,6
3509,6384,0
3509,3223,1
3509,57755,2
3509,1920,3
3509,51792,4
3509,32238,5
3509,1235693,6
11662,70209,0
11662,27788,1
11662,70132,2
11662,70210,3
11662,58449,4
11662,70211,5
11662,121786,6
10103,63436,0
10103,63438,1
10103,63446,2
10103,138531,3
10103,127566,4
10103,63441,5
10103,63444,6
33150,1892,0
33150,110170,1
33150,116488,3
33150,112580,4
33150,1236933,5
33150,195851,6
13372,73641,0
13372,19011,1
13372,15903,2
13372,117180,3
13372,33162,4
13372,279287,5
13372,65348,6
21754,1230035,0
21754,1230047,1
21754,1145892,2
21754,21399,3
21754,1094574,4
21754,4382087,5
21754,1230037,6
23319,16377,0
23319,103436,1
23319,103437,2
23319,15903,3
23319,7169,4
23319,26715,5
23319,161927,6
41171,4038,0
41171,8167,1
41171,955,2
41171,1903,3
41171,55174,4
41171,94136,5
41171,10582,6
23592,3905,0
23592,1844,1
23592,1894,2
23592,3491,3
23592,34485,4
23592,3982,5
23592,8191,6
47614,1032535,0
47614,1032537,1
47614,1032538,2
47614,1032539,3
47614,1032540,4
47614,1032541,5
47614,1032542,6
986,14819,1
986,11857,2
986,14812,3
986,11127,4
986,14813,5
986,14814,6
986,14815,7
70,190,0
70,448,1
70,192,2
70,449,3
70,450,4
70,451,5
70,31713,6
31713,8233,0
31713,3340,1
31713,99752,2
31713,99348,3
31713,39802,4
31713,46612,5
31713,81973,6
32041,13565,0
32041,89809,1
32041,50571,2
32041,14785,3
32041,5563,4
32041,50762,5
32041,117477,6
55309,3129,0
55309,80365,1
55309,211121,2
55309,13694,3
55309,78803,5
55309,84824,6
55309,1054639,7
38724,4347,0
38724,4299,1
38724,4090,2
38724,16759,3
38724,11128,4
38724,18582,5
38724,76980,6
12487,68988,0
12487,72451,1
12487,72452,2
12487,72453,3
12487,72454,4
12487,72455,5
12487,63706,6
56616,71171,0
56616,71395,1
56616,1291248,2
56616,150345,3
56616,1172051,4
56616,71172,5
56616,65354,6
205,1896,0
205,2598,1
205,1733,2
205,2607,3
205,2602,4
205,2603,5
205,2606,6
150523,33655,0
150523,1465305,1
150523,1172964,2
150523,1939090,3
150523,35529,4
150523,2413463,5
150523,586260,6
46761,278504,0
46761,25116,1
46761,260836,3
46761,49859,4
46761,238398,5
46761,579252,6
46761,260837,7
43872,237562,0
43872,854,1
43872,95314,2
43872,13963,3
43872,30275,5
43872,89673,6
43872,34348,7
5183,10978,0
5183,8224,1
5183,20959,2
5183,41957,3
5183,8434,4
5183,41958,5
5183,231170,6
28055,44728,0
28055,69935,1
28055,99503,2
28055,99505,3
28055,99443,4
28055,99507,5
28055,51741,6
12597,4138,0
12597,32897,1
12597,1736,2
12597,1188584,3
12597,83585,4
12597,73040,5
12597,50402,6
118,85,0
118,1281,1
118,1282,2
118,1283,3
118,1284,4
118,1294,5
118,1292,6
113213,4785,0
113213,8256,1
113213,18331,2
113213,18082,3
113213,6774,4
113213,55755,5
113213,8335,6
1280,16283,0
1280,16284,1
1280,16285,2
1280,945428,3
1280,16286,4
1280,3817861,5
1280,1353790,6
88288,7124,0
88288,19216,1
88288,111578,2
88288,39816,3
88288,2097,4
88288,14518,5
88288,2640,6
421,1532,0
421,887,1
421,112,2
421,5657,3
421,5293,4
421,4785,5
421,5658,6
2567,6193,0
2567,112,1
2567,3967,2
2567,4764,3
2567,7447,4
2567,21278,5
2567,65,6
9833,17276,0
9833,4730,1
9833,17178,2
9833,8436,3
9833,6613,4
9833,8785,5
9833,4001,6
6478,1979,0
6478,7517,1
6478,1230,2
6478,382,3
6478,4154,4
6478,21245,5
6478,1910,6
9692,4724,0
9692,58563,1
9692,26467,2
9692,230176,3
9692,4589,4
9692,58565,5
9692,335,6
1901,6065,0
1901,17052,1
1901,1245,2
1901,19838,3
1901,19839,4
1901,9048,5
1901,4492,6
693,7399,0
693,380,1
693,4483,2
693,10400,3
693,10401,4
693,10399,5
693,887,6
842,2228,0
842,1896,1
842,12536,2
842,34,3
842,7486,4
842,3489,5
842,12538,6
9953,8891,0
9953,1245,1
9953,16856,2
9953,13549,3
9953,60874,4
9953,60875,5
9953,59671,6
11162,1158,0
11162,16940,1
11162,12763,2
11162,21044,3
11162,20803,4
11162,7058,5
11162,23458,6
54291,71171,0
54291,150345,1
54291,103648,2
54291,71395,3
54291,71172,5
54291,65354,6
54291,1037393,7
57564,71171,0
57564,71172,1
57564,65352,2
57564,1556171,3
57564,150345,4
57564,103648,5
15401,10921,0
15401,1009,1
15401,78194,2
15401,5832,3
15401,8516,4
15401,29273,5
15401,4119,6
14604,30111,0
14604,29642,1
14604,67685,2
14604,218442,3
14604,39801,4
14604,30133,5
14604,3140,6
26275,13253,0
26275,131190,1
26275,70211,2
26275,1039343,3
26275,91870,4
26275,96563,5
26275,131191,6
15045,77330,0
15045,31031,1
15045,37046,2
15045,77799,3
15045,31135,4
15045,15564,5
15045,77801,6
42420,66166,0
42420,128110,1
42420,128111,2
42420,17839,3
42420,128112,4
42420,85819,5
42420,128113,6
1853,19510,0
1853,19511,1
1853,501,2
1853,19512,3
1853,19513,4
1853,19514,5
1853,19515,6
11804,2232,0
11804,54634,1
11804,13549,2
11804,3547,3
11804,42710,4
11804,83023,5
11804,65202,6
19803,36811,0
19803,41901,1
19803,11023,2
19803,1216163,3
19803,19923,4
19803,155777,5
19803,11159,6
11354,11148,0
11354,1269,1
11354,21711,2
11354,41292,3
11354,3128,4
11354,38940,5
11354,24173,6
41613,4451,0
41613,105248,1
41613,59011,2
41613,171732,3
41613,84063,4
41613,1011985,5
41613,154917,6
61049,10017,0
61049,3785,1
61049,4069,2
61049,32791,3
61049,154433,4
61049,86356,5
61049,94315,6
41384,1442,0
41384,111978,1
41384,126294,2
41384,126295,3
41384,126296,4
41384,126297,5
41384,1450,6
14677,2090,0
14677,5401,1
14677,12313,2
14677,19109,3
14677,14529,4
14677,54451,5
14677,168082,6
61988,7331,0
61988,10017,1
61988,135066,2
61988,16412,3
61988,120307,4
61988,13298,5
61988,29645,6
46021,42627,0
46021,5470,1
46021,11278,2
46021,36666,3
46021,5309,4
46021,12248,5
46021,53515,6
40881,1004,0
40881,40403,1
40881,16921,2
40881,7632,3
40881,62014,4
40881,26042,5
40881,2969,6
147747,13333,0
147747,65,1
147747,5309,2
147747,14344,3
147747,41043,4
147747,10652,5
147747,207,6
47876,6837,0
47876,5823,1
47876,3150,2
47876,64930,3
47876,30123,4
47876,6197,5
47876,12521,6
43150,95624,0
43150,14563,1
43150,30527,2
43150,143685,3
43150,74876,4
43150,102064,5
43150,3246,6
66600,21278,0
66600,3895,1
66600,1160,2
66600,382,3
66600,172695,4
66600,8828,5
66600,3712,6
64334,17882,0
64334,16923,1
64334,82317,2
64334,144780,3
64334,55805,4
64334,230401,5
64334,1730010,6
75976,577437,0
75976,577438,1
75976,577439,2
75976,577440,3
75976,577441,4
75976,577442,5
75976,15860,6
43442,77158,0
43442,5730,1
43442,29661,2
43442,33031,3
43442,99461,4
43442,101879,5
43442,83452,6
25033,92996,0
25033,29420,1
25033,93062,2
25033,93063,3
25033,101920,4
25033,58579,5
25033,1266950,6
21259,13724,0
21259,21416,1
21259,186759,2
21259,112693,3
21259,526,4
21259,158399,5
21259,31114,6
33766,4784,0
33766,4515,1
33766,5960,2
33766,76136,3
33766,4000,4
33766,167090,5
33766,1353568,6
220690,2877,0
220690,12074,1
220690,1216137,2
220690,61144,3
220690,10558,4
220690,19453,5
220690,2977,6
22301,88581,0
22301,87480,1
22301,82315,2
22301,88582,3
22301,2931,4
22301,88583,5
22301,88584,6
21030,2222,0
21030,821,1
21030,41249,2
21030,777,3
21030,87007,4
21030,54044,5
21030,30621,6
79008,73931,0
79008,3002,1
79008,9626,2
79008,4965,3
79008,3014,4
79008,91254,5
79008,40186,6
120328,12074,0
120328,8437,1
120328,1811,2
120328,14888,3
120328,27539,4
120328,22053,5
120328,156414,6
95466,920,0
95466,60650,1
95466,41687,2
95466,110525,3
95466,32798,4
95466,2051,5
95466,15661,6
26426,27563,0
26426,1271,1
26426,38560,2
26426,3087,3
26426,1979,4
26426,102209,5
26426,1607,6
18627,18612,0
18627,83361,1
18627,30469,2
18627,30568,3
18627,18613,4
18627,17540,5
18627,129509,6
39472,514,0
39472,6913,1
39472,5048,2
39472,821,3
39472,21731,4
39472,3712,5
39472,156774,6
34326,119243,0
34326,228560,1
34326,99247,2
34326,997708,3
34326,82963,4
34326,1458017,5
34326,34376,6
10630,44332,0
10630,43196,1
10630,66090,2
10630,23668,3
10630,23721,4
10630,50792,5
10630,36746,6
18927,11155,0
18927,974,1
18927,2482,2
18927,13549,3
18927,942749,4
18927,16758,5
18927,1150519,6
42257,76019,0
42257,10556,1
42257,160610,3
42257,45863,4
42257,1242804,5
42257,178536,6
42257,1248134,7
59143,2314,0
59143,13726,2
59143,1331876,3
59143,246939,4
59143,21282,5
59143,139611,6
59143,14108,7
74122,3360,0
74122,46617,1
74122,8254,2
74122,22600,3
74122,103069,4
74122,8515,5
74122,87665,6
58097,227395,0
58097,25256,1
58097,17006,2
58097,132446,3
58097,6536,5
58097,145414,6
58097,3811,7
25350,10205,0
25350,46593,1
25350,8447,2
25350,1812,3
25350,65561,4
25350,77013,5
25350,4442,6
16442,4068,0
16442,4302,1
16442,30269,2
16442,30272,3
16442,2496,4
16442,78791,5
16442,4303,6
7229,16927,0
7229,1003,1
7229,35896,2
7229,18177,3
7229,53202,4
7229,10839,5
7229,28787,6
12576,478,0
12576,65733,1
12576,6366,3
12576,1145869,4
12576,1669,5
12576,44639,6
12576,7058,7
42223,12266,0
42223,134641,1
42223,35214,2
42223,929339,3
42223,1120553,5
42223,929338,6
42223,27698,7
20719,2830,0
20719,210719,1
20719,235493,2
20719,1537012,3
20719,591297,4
20719,2088358,5
20719,66464,6
16220,33482,0
16220,109010,1
16220,2557,2
16220,2555,3
16220,2,4
16220,1502965,5
16220,100151,6
23832,12259,0
23832,70119,1
23832,2568,2
23832,14276,3
23832,98790,4
23832,5685,5
23832,32377,6
54794,3968,0
54794,13633,1
54794,1779389,2
54794,2518178,3
54794,20070,4
54794,9139,5
54794,2983,6
33475,30111,0
33475,29642,1
33475,19402,2
33475,85940,3
33475,34437,4
33475,41750,5
33475,34285,6
33472,30111,0
33472,29642,1
33472,39552,2
33472,94217,3
33472,78773,4
33472,16759,5
33472,4094,6
33477,30111,0
33477,29642,1
33477,2922,2
33477,96065,3
33477,54940,4
33477,94991,5
33477,8240,6
10609,118,0
10609,6885,1
10609,12074,2
10609,6199,3
10609,11275,4
10609,2283,5
10609,1639,6
2091,879,0
2091,4687,1
2091,6068,2
2091,21416,3
2091,16460,4
2091,1472,5
2091,19453,6
11633,68918,0
11633,20313,1
11633,70098,2
11633,70099,3
11633,114739,4
11633,84508,5
11633,1680,6
35031,24684,0
35031,24385,1
35031,5964,2
35031,27980,3
35031,32514,4
35031,28247,5
35031,40976,6
12127,70066,0
12127,70068,1
12127,70067,2
12127,75597,3
12127,226206,4
12127,1027813,5
12127,46570,6
11626,70066,0
11626,70067,1
11626,70068,2
11626,70069,3
11626,573570,4
11626,71356,5
11626,50089,6
36430,13548,0
36430,21474,1
36430,18181,2
36430,77331,3
36430,62715,4
36430,16559,5
36430,81074,6
9947,9278,0
9947,5725,1
9947,10884,2
9947,11398,3
9947,28641,4
9947,21430,5
9947,60715,6
6439,51391,0
6439,17265,1
6439,21089,2
6439,16855,3
6439,61980,4
6439,588,5
6439,19767,6
7214,2231,0
7214,10689,1
7214,52037,2
7214,53184,3
7214,74307,4
7214,93602,5
7214,38673,6
43504,10606,0
43504,3383,1
43504,95271,2
43504,144549,3
43504,95021,4
43504,216636,5
43504,104996,6
24749,16327,0
24749,32225,1
24749,11389,2
24749,14792,3
24749,11064,4
24749,1072,5
24749,2047,6
17657,18735,0
17657,7502,1
17657,2463,2
17657,4774,3
17657,57138,4
17657,119485,6
17657,59641,7
32546,17094,0
32546,19820,1
32546,109359,2
32546,109360,3
32546,109361,4
32546,1059972,5
32546,122702,6
42390,12147,0
42390,1937,1
42390,40180,2
42390,95771,3
42390,14874,4
42390,85490,5
42390,97007,6
26488,1610,0
26488,958,1
26488,37580,2
26488,43321,3
26488,1019,4
26488,96428,5
26488,24987,6
61477,73774,0
61477,643,1
61477,56861,2
61477,1427725,3
27429,98476,0
27429,98477,1
27429,98420,2
27429,31533,3
27429,98478,4
27429,5685,5
27429,98479,6
19610,10400,0
19610,10823,1
19610,2048,2
19610,84915,3
19610,84916,4
19610,84917,5
19610,84918,6
27549,35350,0
27549,56152,1
27549,31364,2
27549,61153,3
27549,1217749,4
27549,13392,5
27549,80579,6
43892,19328,0
43892,14563,1
43892,8535,2
43892,125841,3
43892,34347,4
43892,29315,5
43892,74875,6
8422,15135,0
8422,27442,1
8422,6014,2
8422,54905,3
8422,22475,4
8422,6783,5
8422,4959,6
989,14869,0
989,854,1
989,14868,2
989,9067,3
989,2493,4
989,14870,5
989,14871,6
43779,2638,0
43779,30003,1
43779,37884,2
43779,2755,3
43779,29137,4
43779,95727,5
43779,4077,6
49696,240088,1
49696,240089,2
49696,1186716,3
49696,555991,4
49696,239023,6
49696,1913479,9
49696,1077904,11
34778,19328,0
34778,84485,1
34778,89673,2
34778,112992,3
34778,21510,4
34778,34419,5
34778,13966,6
25970,13576,0
25970,79245,1
25970,94433,2
25970,30124,3
25970,30228,4
25970,83237,5
25970,33007,6
100894,5788,0
100894,104728,1
100894,67370,2
100894,100243,3
100894,78829,4
100894,30005,5
100894,149017,6
44463,14974,0
44463,2125,1
44463,3246,2
44463,2018,3
44463,99350,4
44463,30017,5
44463,9095,6
39504,557135,0
39504,557136,1
39504,557137,2
39504,557138,3
39504,227885,4
39504,1200630,5
39504,1200631,6
14883,4512,0
14883,52853,1
14883,5916,2
14883,21353,3
14883,77461,4
14883,65561,5
14883,941,6
11423,20738,0
11423,69378,1
11423,69379,2
11423,1080904,3
11423,116180,4
11423,1299348,5
11423,1136064,6
10694,6952,0
10694,56128,1
10694,9290,2
10694,27448,3
10694,6719,4
10694,2130,5
10694,1237,6
16410,10921,0
16410,11859,1
16410,8238,2
16410,985061,3
16410,55643,4
16410,85935,5
16410,37875,6
342,5201,0
342,5202,1
342,5203,2
342,5204,3
342,5205,4
342,5206,5
342,5207,6
613,2310,0
613,5644,1
613,680,2
613,8796,3
613,8797,4
613,1086,5
613,7803,6
273,3872,0
273,1961458,1
273,3874,2
273,2343,3
273,3875,4
273,3876,5
273,3877,6
8978,569,0
8978,2975,1
8978,5168,2
8978,49,3
8978,70767,4
8978,5723,5
8978,6197,6
11637,9778,0
11637,9781,1
11637,64064,2
11637,64066,3
11637,12217,4
11637,22132,5
11637,67913,6
12142,2224,0
12142,1234,1
12142,10822,2
12142,60649,3
12142,67978,4
12142,84876,5
12142,87147,6
11096,380,0
11096,501,1
11096,10696,2
11096,1951,3
11096,27563,4
11096,19152,5
11096,6832,6
22559,93215,0
22559,93216,1
22559,1312400,3
22559,3087584,4
22559,3087585,5
22559,3087586,6
22559,3087587,7
8968,47368,0
8968,25933,1
8968,20584,2
8968,20815,3
8968,56436,4
8968,132670,5
8968,2606322,6
6961,23959,0
6961,20212,1
6961,9273,2
6961,1709,3
6961,17693,4
6961,53013,5
6961,16480,6
31165,5530,0
31165,6979,1
31165,55364,2
31165,4307434,3
31165,18345,4
31165,17026,5
31165,107728,6
2517,25648,0
2517,25649,1
2517,25650,2
2517,25651,3
2517,25652,4
2517,25653,5
2517,33517,6
11413,2876,0
11413,18324,1
11413,18979,2
11413,69303,3
11413,66565,4
11413,74487,5
11413,6916,6
24962,19728,0
24962,11866,1
24962,27106,2
24962,92901,3
24962,92906,4
24962,92903,5
24962,92904,6
17978,15152,0
17978,13724,1
17978,19215,2
17978,86370,3
17978,34754,4
17978,5255,5
17978,156603,6
42729,12642,0
42729,38358,1
42729,69555,2
42729,14371,3
42729,40942,4
42729,2265,5
42729,6637,6
22383,13784,0
22383,18391,1
22383,8253,2
22383,4963,3
22383,3785,4
22383,4959,5
22383,1208,6
43801,11169,0
43801,30210,1
43801,7125,2
43801,22600,3
43801,20369,4
43801,94110,5
43801,21510,6
41851,151431,0
41851,106322,1
41851,196179,2
41851,239072,3
41851,1196493,4
41851,2524966,5
41851,138259,6
661,3734,0
661,9927,1
661,9928,2
661,9929,3
661,9930,4
661,9931,5
661,3757,6
10310,20017,0
10310,3734,1
10310,26330,2
10310,10627,3
10310,49414,4
10310,2729,5
36851,4068,0
36851,7124,1
36851,40202,2
36851,41755,3
36851,30124,4
36851,30686,5
36851,2755,6
147882,35320,0
147882,70035,1
147882,3366,2
147882,134794,3
147882,6836,4
147882,35322,5
147882,89928,6
27007,9188,1
27007,4886,2
27007,28410,3
27007,4885,4
27007,7132,5
27007,54790,6
27007,54789,7
29259,24495,0
29259,103397,1
29259,25333,2
29259,103398,3
29259,46936,4
29259,103399,5
29259,103400,6
55624,1414419,0
55624,1101302,1
55624,1463996,2
55624,1463997,3
55624,1464000,4
55624,1463999,5
55624,1463981,6
2436,18702,0
2436,24965,1
2436,418,2
2436,24966,3
2436,16578,4
2436,24967,5
2436,97752,6
20196,4003,0
20196,184498,1
20196,22554,2
20196,936613,3
20196,936612,4
20196,1622839,5
20196,109945,6
61144,6450,0
61144,656,1
61144,15152,2
61144,18017,3
61144,7906,4
61144,8395,5
61144,104895,6
6317,1874,0
6317,22686,1
6317,4537,2
6317,49045,3
6317,5757,4
6317,17373,5
6317,17405,6
68822,12266,0
68822,15137,1
68822,20113,2
68822,11221,3
68822,582139,4
68822,1180843,5
68822,2711910,6
27430,11544,0
27430,37111,1
27430,15397,2
27430,24684,3
27430,586742,4
27430,572296,5
27430,14812,6
43141,113284,0
43141,7301,1
43141,4090,2
43141,127641,3
43141,40173,4
43141,1282698,5
43141,35849,6
135473,13333,0
135473,30613,1
135473,83839,2
135473,522,3
135473,6168,4
135473,164396,5
135473,3204,6
41968,517,0
41968,88811,1
41968,11852,2
41968,133136,3
41968,40159,4
41968,102375,5
41968,186047,6
34090,28892,0
34090,259755,1
34090,1027821,2
34090,44711,3
34090,1949938,4
34090,2903371,5
34561,1339,0
34561,20654,1
34561,112563,2
34561,74195,3
34561,109432,4
34561,112564,5
34561,548485,6
45174,22223,0
45174,31713,1
45174,5471,2
45174,25933,3
45174,6692,4
45174,21356,5
45174,60205,6
16638,10017,0
16638,16757,1
16638,3268,2
16638,9763,3
16638,69555,4
16638,24819,5
16638,80620,6
118075,4654,0
118075,880,1
118075,21412,2
118075,3293,3
118075,20362,4
118075,16850,5
118075,5677,6
42011,70627,0
42011,70626,1
42011,551776,2
42011,549815,3
42011,552542,4
42011,554603,5
42011,554604,6
7454,973,0
7454,17290,1
7454,8399,2
7454,10701,3
7454,35863,4
7454,77682,5
7454,1665,6
70498,738,0
70498,109410,1
70498,3830,2
70498,10559,3
70498,19426,4
70498,54123,5
70498,20128,6
63617,14027,0
63617,7124,1
63617,4165,2
63617,2669,3
63617,40202,4
63617,102064,5
63617,30124,6
23132,16962,0
23132,74195,1
23132,1349558,2
23132,96632,3
23132,86329,4
23132,1246931,5
23132,138544,6
68348,2409195,0
68348,2310,1
68348,14812,2
68348,170903,3
37198,8253,0
37198,10160,1
37198,18805,2
37198,113654,3
37198,40180,4
37198,93799,5
37198,31260,6
4935,533325,0
4935,12670,1
4935,20338,2
4935,19592,3
4935,225730,4
4935,40449,5
4935,40450,6
8953,1251403,0
8953,1244369,1
8953,70122,2
8953,43662,3
8953,115303,4
8953,70121,5
8953,70120,6
10951,21911,0
10951,18897,1
10951,67889,2
10951,1337,3
10951,64496,4
10951,134686,5
10951,118352,6
42845,82400,0
42845,131732,1
42845,1336684,2
42845,551869,3
42845,119875,4
42845,1173203,5
42845,1346469,6
193704,1174054,1
193704,1174055,2
193704,1174056,3
193704,1174057,4
193704,1174058,5
193704,1174059,6
41569,37042,0
41569,1402372,1
41569,1197568,2
41569,68532,3
41569,1197945,4
41569,1197947,6
41569,2037143,7
8488,2888,0
8488,8170,1
8488,32895,2
8488,38425,3
8488,55256,4
8488,55257,5
8488,55258,6
13682,12077,0
13682,5247,1
13682,60739,2
13682,90453,3
13682,77482,4
13682,19540,5
13682,77484,6
12228,2778,0
12228,71766,1
12228,6449,2
12228,13716,3
12228,143280,4
12228,31309,7
12228,1034253,8
32588,33153,0
32588,3266,1
32588,10427,2
32588,4940,3
32588,1273202,4
32588,5362318,5
32588,137424,6
57825,87773,0
57825,26291,1
57825,5471,2
57825,19154,3
57825,30430,4
57825,19131,5
57825,6217,7
561,6384,0
561,3293,1
561,10959,2
561,938,3
561,10960,4
561,3201,5
561,10961,6
10214,6213,0
10214,10697,1
10214,54826,2
10214,53493,3
10214,3214,4
10214,131667,5
10214,78567,6
17880,8447,0
17880,1285,1
17880,18249,2
17880,2639,3
17880,66070,4
17880,84481,5
17880,18050,6
8340,54608,0
8340,54609,1
8340,54610,2
8340,54611,3
8340,54612,4
8340,54613,5
6414,49608,0
6414,49609,1
6414,49610,2
6414,49611,3
6414,49612,4
6414,3593274,5
6414,49613,6
27202,64998,0
27202,39173,1
27202,300990,2
27202,6952,3
27202,4937,4
27202,29783,5
27202,10987,6
1942,7504,0
1942,3359,1
1942,245,2
1942,20127,3
1942,8227,4
1942,20128,5
1942,10027,6
61574,15048,0
61574,59962,1
61574,12514,2
61574,158944,3
61574,2161592,4
61574,1941880,5
61574,2161594,6
21433,26472,0
21433,9995,1
21433,56881,2
21433,6677,3
21433,92280,4
21433,6714,5
21433,5151,6
52778,650,0
52778,21177,1
52778,67567,2
52778,1172789,3
52778,96993,4
52778,1214720,5
52778,1334035,6
19119,12149,0
19119,93900,1
19119,20124,2
19119,14306,3
19119,938282,4
19119,14503,5
19119,10609,6
18279,82857,0
18279,108476,1
18279,147733,2
18279,108471,3
18279,148038,4
18279,108474,5
18279,124873,6
10636,3840,0
10636,17067,1
10636,42404,2
10636,66220,3
10636,1082,4
10636,34383,5
10636,588317,6
123452,4113,0
123452,20366,1
123452,55278,2
123452,14870,3
123452,20368,4
123452,19021,5
123452,82382,6
3040,23440,0
3040,23442,1
3040,23443,2
3040,23441,3
3040,23444,4
3040,29832,5
3040,29843,6
18538,258,0
18538,27461,1
18538,19655,2
18538,2524,3
18538,23458,4
18538,1070481,5
18538,1070539,6
41475,2784583,1
41475,2784586,2
41475,2784587,3
41475,2784589,4
41475,2784590,5
41475,2784591,6
41475,2784592,7
44875,13568,0
44875,14685,1
44875,33229,2
44875,9071,3
44875,88462,4
44875,12025,5
44875,33278,6
43128,89670,0
43128,78057,1
43128,34757,2
43128,99467,3
43128,108627,4
43128,34574,5
43128,1186116,6
42641,4068,0
42641,2896,1
42641,14563,2
42641,1973717,3
42641,1050223,4
42641,102327,5
42641,115770,6
39179,1846574,0
39179,19011,1
39179,115863,2
39179,1846579,4
39179,1846580,5
39179,240633,6
39179,2567274,7
13498,2176,0
13498,5726,1
13498,37936,2
13498,21124,3
13498,18315,4
13498,20491,5
13498,17442,6
29993,89088,0
29993,30290,1
29993,3361,2
29993,14730,3
29993,51310,4
29993,100788,5
29993,117414,6
9470,57607,0
9470,119426,1
9470,57609,2
9470,545277,3
9470,83491,4
9470,83635,5
9470,1173223,6
36867,13275,0
36867,550605,1
36867,13281,2
36867,4990,3
36867,132777,4
36867,58665,5
36867,1131966,6
30698,10127,0
30698,9560,1
30698,8447,2
30698,11486,3
30698,52776,4
30698,81014,5
30698,1864378,6
12721,73659,0
12721,15111,1
12721,73660,2
12721,73661,3
12721,73662,4
12721,73664,5
12721,2325821,6
27042,97001,4
27042,97002,5
27042,97003,6
27042,97004,7
37232,239169,0
37232,239170,1
37232,2583840,2
37232,2583837,3
37232,239173,4
37232,2583838,5
37232,239171,6
19765,72865,0
19765,42077,1
19765,1385340,2
19765,124141,3
19765,135680,4
19765,138833,5
19765,96381,6
37527,16476,0
37527,26469,1
37527,44301,2
37527,80292,3
37527,154629,4
37527,1272,5
37527,17225,6
43492,3380,0
43492,3363,1
43492,82835,2
43492,81188,3
43492,68642,4
43492,22603,5
43492,3246554,6
29578,1903,0
29578,13333,1
29578,3087,2
29578,51812,3
29578,3359,4
29578,6748,5
29578,46780,6
2926,13919,0
2926,936,1
2926,28906,2
2926,6637,3
2926,6450,4
2926,21462,5
2926,113,6
54302,56890,0
54302,27554,1
54302,83259,2
54302,936,3
54302,22169,4
54302,14324,5
54302,67567,6
4710,1653,0
4710,24801,1
4710,35000,2
4710,39067,3
4710,39068,4
4710,1170554,5
4710,69656,6
26243,94928,0
26243,13578,1
26243,30289,2
26243,30527,3
26243,7641,4
26243,3244,5
26243,8516,6
10568,65851,0
10568,12689,1
10568,2438,2
10568,39800,3
10568,95027,4
10568,108093,5
10568,78744,6
52943,231170,0
52943,115482,1
52943,102093,2
52943,100913,3
52943,1169765,4
52943,237481,5
52943,1732631,6
25103,13578,0
25103,86001,1
25103,93163,2
25103,39952,3
25103,39000,4
25103,83827,5
25103,93164,6
5204,42067,0
5204,42069,1
5204,42068,2
5204,42070,3
5204,42071,4
5204,42075,5
5204,42074,6
89065,213371,0
89065,1077587,1
89065,1077588,2
89065,1077589,3
89065,1261850,4
89065,1418887,5
4974,5077,0
4974,40305,1
4974,9765,2
4974,2369,3
4974,19888,4
4974,20672,5
4974,381663,6
30331,11149,0
30331,51214,1
30331,11671,2
30331,11617,3
30331,19958,4
30331,11157,5
30331,22082,6
258,1653,0
258,3507,1
258,3509,2
258,3510,3
258,3572,4
258,3574,6
258,3575,7
8016,53627,0
8016,53628,1
8016,53629,2
8016,52109,3
8016,53630,4
8016,1878020,5
8016,36825,6
37601,99573,0
37601,118119,1
37601,100718,2
37601,99558,3
37601,118120,4
37601,103751,5
37601,100845,6
4235,11544,0
4235,15135,1
4235,15397,2
4235,35586,3
4235,31989,4
4235,39238,5
4235,35590,6
31532,112972,0
31532,98462,1
31532,2436,2
31532,90380,3
31532,13577,4
31532,2438,5
31532,83237,6
34614,112713,0
34614,112714,1
34614,112715,2
34614,112716,3
51177,55174,0
51177,38405,1
51177,20189,2
51177,1328,3
51177,45588,4
51177,27446,5
51177,78018,6
16186,55314,0
16186,2202,1
16186,80602,2
16186,50266,3
16186,1470068,4
16186,39464,5
16186,18249,6
10012,6886,0
10012,11866,1
10012,44735,2
10012,20750,3
10012,55093,4
10012,16501,5
10012,43443,6
65967,35118,0
65967,61151,1
65967,235666,2
65967,544387,3
65967,231153,4
65967,47836,5
65967,544386,6
281189,1552578,1
281189,2734259,2
281189,2667335,3
281189,1936243,4
281189,4184601,6
281189,79907,7
281189,5140381,8
10022,12835,0
10022,16858,1
10022,62054,2
10022,29221,3
10022,41883,4
10022,148615,5
10022,72997,6
4551,8891,0
4551,139,1
4551,4937,2
4551,5726,3
4551,18918,4
4551,37934,5
4551,37935,6
30856,107142,0
30856,107143,1
30856,107144,2
30856,107145,3
30856,107146,4
26,164,0
26,165,1
26,166,2
26,167,3
26,168,4
26,169,5
26,170,6
2026,62,0
2026,11107,1
2026,17243,2
2026,6860,3
2026,20847,4
2026,17347,5
2026,7166,6
9928,3061,0
9928,4587,1
9928,17141,2
9928,14639,3
9928,83349,4
9928,29220,5
9928,2157,6
29735,6837,0
29735,6905,1
29735,20959,2
29735,14736,3
29735,2516,4
29735,3014,5
29735,104791,6
76264,2047,0
76264,56890,1
76264,1981,2
76264,16758,3
76264,57096,4
76264,10649,5
76264,1071690,6
15771,193,0
15771,1161,1
15771,27753,2
15771,11903,3
15771,2975,4
15771,15417,5
15771,37422,6
76804,43843,0
76804,97981,1
76804,148876,2
76804,13359,3
76804,141070,4
76804,998697,5
76804,14486,6
43912,6952,0
43912,135172,1
43912,135173,2
43912,135174,3
43912,135175,4
43912,135176,5
43912,37422,6
82432,19275,0
82432,54789,1
82432,35980,2
82432,34844,3
82432,24967,4
82432,51670,6
82432,3094,7
3115,18615,0
3115,30564,1
3115,30568,2
3115,30470,3
3115,30565,4
3115,30474,5
3115,30567,6
6593,50653,0
6593,50654,1
6593,50655,2
6593,40452,3
6593,5094370,4
6593,50656,5
6593,50658,6
116698,6905,0
116698,825,1
116698,10158,2
116698,8349,3
116698,7004,4
116698,85940,5
116698,44909,6
63115,4726,0
63115,181898,1
63115,1974903,2
63115,83771,3
63115,7249,4
63115,197740,5
63115,5852431,6
76403,18702,0
76403,920,1
76403,173194,2
76403,578771,3
76403,44054,4
76403,182297,5
76403,65720,6
87169,51792,0
87169,1328,1
87169,17402,2
87169,26467,3
87169,6474,4
87169,22131,5
87169,9137,6
34093,2192,0
34093,1137,1
34093,234757,2
34093,1352,3
34093,1972,4
34093,274577,5
34093,40304,6
38148,80625,0
38148,29021,2
38148,21399,3
38148,2505,4
38148,35370,5
38148,116772,6
38148,160319,7
77041,146050,0
77041,2764747,1
77041,186526,2
77041,23931,3
77041,3218,4
77041,82281,5
77041,2737758,6
167087,16442,0
167087,36632,1
167087,1036581,2
167087,961,3
167087,102221,4
34196,112107,0
34196,52583,1
34196,112108,2
34196,112109,3
34196,112110,4
34196,112112,5
34196,112111,6
54380,65571,0
54380,2319,1
54380,22462,2
54380,9005,3
54380,1602,4
54380,150499,5
54380,150500,6
15443,71281,0
15443,52889,1
15443,2505,2
15443,40943,3
15443,65535,4
15443,4937,5
15443,11356,6
36815,10017,0
36815,35321,1
36815,45467,2
36815,19463,3
36815,89125,4
36815,9920,5
36815,22312,6
111017,7504,0
111017,50570,1
111017,7331,2
111017,13992,3
111017,22091,4
111017,9921,5
111017,31896,6
37598,45415,0
37598,13022,1
37598,9596,2
37598,24046,3
37598,50235,4
37598,27811,5
37598,6197,6
40957,8237,0
40957,3151,1
40957,20602,2
40957,44998,3
40957,1648887,4
40957,866,5
40957,106609,6
33539,19610,0
33539,26664,1
33539,156853,2
33539,193978,3
33539,555638,4
33539,32798,5
33539,86006,6
41749,40206,0
41749,7302,1
41749,35031,2
41749,7505,3
41749,66071,4
41749,3037,5
41749,2771,6
88930,4299,0
88930,4090,1
88930,19153,2
88930,2436,3
88930,129550,4
88930,726,5
88930,83807,6
31835,29578,0
31835,2491,1
31835,30156,2
31835,30157,3
31835,47178,4
31835,29579,5
31835,104805,6
60966,7302,0
60966,3151,1
60966,109614,2
60966,40620,4
60966,19877,5
60966,30528,6
60966,91654,7
85926,2090,0
85926,5729,1
85926,74542,2
85926,20602,3
85926,6837,4
85926,95314,5
85926,1214655,6
1918,19942,0
1918,19943,1
1918,19944,2
1918,19945,3
1918,19946,4
1918,1245995,5
20511,5723,0
20511,7370,1
20511,101,2
20511,658,3
20511,72128,4
20511,1623452,6
133382,3978,0
133382,34111,1
133382,4239,2
133382,37158,3
133382,20959,4
133382,60560,5
133382,18288,6
22377,4165,0
22377,51377,1
22377,94550,2
22377,45232,3
22377,54565,4
22377,3244,5
22377,87067,6
1093,14812,0
1093,15395,1
1093,12274,2
1093,15396,3
1093,15400,4
1093,15399,5
1093,2583466,6
45212,14027,0
45212,16523,1
45212,80620,2
45212,13906,3
45212,3362,4
45212,3367,5
45212,116660,6
12622,73138,1
12622,20341,2
12622,73139,3
12622,85939,4
12622,555191,5
12622,46582,6
12622,13281,7
25283,74699,0
25283,93485,1
25283,79171,2
25283,79172,3
25283,79168,4
25283,114142,5
25283,73087,6
18047,3085,0
18047,3799,1
18047,5251,2
18047,10939,3
18047,83433,4
18047,1232,5
18047,101948,6
15018,77707,0
15018,77708,1
15018,133717,2
15018,133716,3
15018,24369,4
15018,1065641,5
15018,133718,6
438,5918,0
438,5922,1
438,5919,2
438,5921,3
438,5926,4
438,5924,5
438,5923,6
57953,1188009,0
57953,3262272,1
64022,124265,0
64022,936888,1
64022,936889,2
64022,143131,3
64022,220767,4
64022,936891,6
64022,88036,7
42222,6352,0
42222,13333,1
42222,4765,2
42222,12150,3
42222,11066,4
42222,8492,5
42222,5064,6
11297,25004,0
11297,229752,1
11297,1891352,2
11297,68904,3
11297,1238855,4
11297,64454,5
11297,2471960,6
11196,4467,0
11196,41903,1
11196,12795,2
11196,15086,3
11196,1017,4
11196,4458,5
11196,112317,6
33431,226825,0
33431,4990,2
33431,548611,3
33431,308445,4
33431,144933,5
33431,67091,6
33431,239513,7
18770,37446,0
18770,12499,1
18770,12147,2
18770,1029118,3
18770,96850,4
18770,1029119,5
18770,85042,6
37988,93566,0
37988,138742,1
37988,52355,3
37988,148012,4
37988,148013,5
37988,92428,6
37988,148014,7
40916,1937,0
40916,9066,1
40916,9114,2
40916,129554,3
40916,129549,4
40916,41216,5
40916,47503,6
42837,37675,0
42837,222228,1
42837,4344,2
42837,78,3
42837,5038,4
42837,9898,5
42837,222836,6
1589,17782,0
1589,1369,1
1589,63311,2
1589,18015,3
1589,17780,4
1589,17778,5
1589,17779,6
13374,49961,0
13374,3234,1
13374,27561,2
13374,1045630,3
13374,17265,4
13374,2109,5
13374,107040,6
9688,5294,0
9688,23659,1
9688,9012,2
9688,8329,3
9688,2956,4
9688,2838,5
9688,12900,6
228890,52481,0
228890,1217640,1
228890,159804,2
228890,1263885,3
228890,102457,4
228890,53065,5
228890,4503135,6
10040,18277,0
10040,9788,1
10040,12798,2
10040,8874,3
10040,1748,4
10040,26716,5
10040,5727,6
11638,1897,0
11638,18976,1
11638,8691,2
11638,44185,3
11638,70775,4
11638,70776,5
11638,22126,6
540,22121,0
540,22123,1
540,22122,2
540,6278,3
540,22124,4
540,22128,5
540,22125,6
77120,1211812,0
77120,2762767,1
77120,23881,2
77120,2762768,3
77120,2762769,4
77120,2762770,5
77120,2762771,6
48463,140529,2
48463,140534,7
48463,24715,8
48463,140537,12
48463,4785,13
48463,1064,14
48463,10743,15
45218,88895,0
45218,56875,1
45218,22603,2
45218,132508,3
45218,132510,4
45218,132511,5
45218,1660736,6
44540,5168,0
44540,12656,1
44540,90423,2
44540,80018,3
44540,7431,4
44540,60966,5
44540,60971,6
21666,1205,0
21666,28950,1
21666,13333,2
21666,21416,3
21666,99815,4
21666,47417,5
21666,82495,6
23916,16483,0
23916,1063571,1
23916,23346,2
23916,1735,3
23916,10427,4
23916,27116,5
23916,33016,6
52277,110899,0
52277,145712,1
52277,1086,2
52277,52913,3
52277,79819,4
52277,1181017,5
52277,1183135,6
32208,59136,0
32208,109003,1
32208,19803,2
32208,536259,3
32208,1009414,4
32208,17094,5
32208,71406,6
44634,55314,0
44634,18284,1
44634,88161,2
44634,66101,3
44634,58924,4
44634,154217,5
44634,62093,6
84298,29522,0
84298,47439,1
84298,14519,2
84298,887630,3
84298,593759,4
84298,145838,5
84298,100346,6
76499,2433,0
76499,13566,1
76499,20501,2
76499,4302,3
76499,107684,4
76499,41755,5
76499,13557,6
43865,14974,0
43865,29815,1
43865,19327,2
43865,7642,3
43865,8729,4
43865,13996,5
43865,115769,6
48598,313606,0
48598,47025,1
48598,40526,2
48598,28433,3
48598,44393,4
48598,85797,5
48598,1071146,6
72847,80994,0
72847,2007,1
72847,31551,2
72847,860,3
72847,14452,4
72847,30847,5
72847,14508,6
93313,30211,0
93313,20501,1
93313,116640,2
93313,4302,3
93313,14357,4
93313,14686,5
93313,1031219,6
32078,12149,0
32078,111578,1
32078,5730,2
32078,3785,3
32078,18861,4
32078,40234,5
32078,85989,6
26038,854,0
26038,3090,1
26038,5248,2
26038,83475,3
26038,85987,4
26038,85487,5
26038,126909,6
45694,36925,0
45694,68120,1
45694,133492,2
45694,133493,3
45694,50088,4
45694,133495,5
45694,5685,6
43029,85651,0
43029,4299,1
43029,8632,2
43029,30278,3
43029,28933,4
43029,87687,5
43029,217394,6
42622,30181,0
42622,129515,1
42622,93804,2
42622,87461,3
42622,4966,4
42622,1180085,5
42622,19739,6
27495,44728,0
27495,16059,1
27495,214068,2
27495,56138,3
27495,78393,4
27495,1238902,5
27495,1436327,6
19884,70131,0
19884,33764,1
19884,85307,2
19884,85308,3
19884,7450,4
19884,87544,5
19884,33730,6
47007,974739,0
47007,1603,1
47007,954,2
47007,1044027,3
47007,944671,4
47007,1186604,5
47007,1729517,6
37748,7352,0
37748,35353,1
37748,2744,2
37748,34629,3
37748,2999087,4
37748,269695,5
37748,988410,6
52302,30469,0
52302,30564,1
52302,18607,2
52302,18613,3
52302,33763,4
52302,17540,5
52302,1185636,6
39327,13548,0
39327,25503,1
39327,588,2
39327,1466,3
39327,6748,4
39327,20767,5
39327,2969,6
86458,10057,0
86458,935751,1
86458,6386,2
86458,106245,3
86458,1946279,4
86458,38159,5
86458,37207,6
22434,87295,0
22434,5503,1
22434,16407,2
22434,12516,3
22434,11902,4
22434,62042,5
22434,11855,6
12778,521,0
12778,2090,1
12778,18331,2
12778,46423,3
12778,14104,4
12778,42157,5
12778,57167,6
42106,133182,0
42106,103670,1
42106,84959,2
42106,71524,3
42106,931318,4
42106,931319,5
42106,582007,6
16198,120801,0
16198,120802,1
16198,120803,2
16198,120804,3
16198,81242,4
16198,120805,6
16198,134384,7
158,1844,0
158,1852,1
158,1853,2
158,677,3
158,1854,4
158,1855,5
158,1856,6
1772,147119,0
1772,15183,1
1772,3977,2
1772,18342,4
1772,13936,5
1772,9364,6
1772,9780,7
5996,4110,0
5996,45232,1
5996,14501,2
5996,7639,3
5996,8727,4
5996,2642,5
5996,47079,6
53939,67916,0
53939,12726,1
53939,923,2
53939,13325,3
53939,97571,4
53939,101720,5
53939,11133,6
19665,707,0
19665,11829,1
19665,237,2
19665,44208,3
19665,17645,4
19665,44235,5
19665,55616,6
36006,10921,0
36006,88870,1
36006,2436,2
36006,34746,3
36006,14685,4
36006,1507,5
36006,2503,6
73604,380,0
73604,26283,1
73604,15415,2
73604,922,3
73604,80135,4
73604,165381,5
73604,1069524,7
16301,80487,0
16301,22465,1
16301,80490,2
16301,80491,3
16301,80492,4
16301,80493,5
16301,22026,6
47002,143803,0
47002,80754,1
47002,239610,2
47002,941037,3
47002,67091,5
47002,144238,6
47002,235145,7
14573,10112,0
14573,77055,1
14573,77056,2
14573,77057,3
14573,77059,5
14573,77060,6
14573,77061,7
18774,194,0
18774,82495,1
18774,39065,2
18774,73245,3
18774,13329,4
18774,101722,5
18774,1163139,6
44154,130394,0
44154,1172051,1
44154,137913,2
44154,238888,3
44154,695,4
44154,1173739,5
44154,150345,6
28448,228,0
28448,15416,1
28448,9807,2
28448,87957,3
28448,58623,4
28448,3982,5
28448,4942,6
38155,62410,0
38155,62414,1
38155,82401,2
38155,56830,3
38155,544779,4
38155,555631,5
38155,83624,7
34282,36819,0
34282,9874,1
34282,27554,2
34282,16275,3
34282,102661,4
34282,2114922,5
34282,153181,6
27030,29519,0
27030,236016,1
27030,36209,3
27030,40897,4
27030,46935,5
27030,550796,6
27030,1301197,7
120129,90263,0
120129,954,1
120129,3136,2
120129,104980,3
120129,975214,4
120129,1603,5
120129,112213,6
22595,88953,0
22595,88959,1
22595,148424,2
22595,88960,3
22595,1556710,4
22595,115995,5
22595,34098,6
19545,2787,0
19545,18615,1
19545,1059889,2
19545,30564,3
19545,30470,4
19545,30469,5
19545,17540,6
21131,118,0
21131,1080379,1
21131,77562,2
21131,218254,3
47237,20212,0
47237,17346,1
47237,9206,2
47237,1733,3
47237,18288,4
47237,1146,5
47237,4654,6
17592,2592197,0
17113,11856,0
17113,38670,1
17113,2229,2
17113,153516,3
17113,17142,4
17113,11662,5
17113,20089,6
187,62,0
187,56731,1
187,2296,2
187,2295,3
187,585,4
187,1121,5
187,6279,6
14177,15758,0
14177,5588,1
14177,4724,2
14177,938,3
14177,1981,4
14177,1533,5
14177,8211,6
11399,69221,0
11399,28281,1
11399,28279,2
11399,20772,3
11399,69222,4
11399,69223,5
11399,146212,6
23638,90424,0
23638,90427,1
23638,16896,2
23638,90428,3
23638,90429,4
23638,13565,5
23638,81393,6
7364,10297,0
7364,955,1
7364,18324,2
7364,1120,3
7364,2192,4
7364,3905,5
7364,11678,6
11431,69597,0
11431,11669,1
11431,74151,2
11431,1240,3
11431,69423,4
11431,42199,5
11431,3126,6
52796,57829,0
52796,11022,1
52796,4451,2
52796,19,3
52796,11705,4
52796,2839,5
52796,17402,6
45824,21027,0
45824,133957,1
45824,108211,2
45824,2222,3
45824,2713,4
45824,60252,5
45824,1328,6
27271,2048,0
27271,5050,1
27271,5950,2
27271,60291,3
27271,1213951,4
27271,16216,5
27271,30621,6
51945,20851,0
51945,2412,1
51945,2405,2
51945,24816,3
51945,24807,4
51945,72327,5
51945,24832,6
51104,12150,0
51104,6930,1
51104,83454,2
51104,32791,3
51104,2770,4
51104,29327,5
51104,93125,6
16551,16483,0
16551,67274,1
16551,5605,2
16551,5372,3
16551,29712,4
16551,80598,5
16551,80599,6
26332,9287,0
26332,35090,1
26332,95133,2
26332,3339,3
26332,19968,4
26332,14312,5
26332,1859521,6
24964,982,0
24964,192272,1
24964,1098080,2
24964,2589981,3
24964,1161972,4
42229,16757,0
42229,5676,1
42229,17580,2
42229,548631,3
42229,548632,4
42229,581716,5
42229,581717,6
45220,10921,0
45220,70035,1
45220,3361,2
45220,37884,3
45220,51764,4
45220,2929,5
45220,105007,6
52663,20738,0
52663,105429,1
52663,87783,2
52663,112785,3
52663,88298,4
52663,80459,5
52663,138531,6
49565,24366,0
2029,20850,0
2029,20851,1
2029,18177,2
2029,20852,3
2029,9893,4
2029,16922,5
2029,20853,6
44181,76621,0
44181,26999,1
44181,9565,2
44181,56105,3
44181,145554,4
44181,66877,5
44181,228871,6
24619,5576,0
24619,9206,1
24619,9880,2
24619,20189,3
24619,6575,4
24619,31005,5
24619,4808,6
70926,862,0
70926,15196,1
70926,29273,2
70926,7678,3
70926,59369,4
70926,124617,5
70926,29545,6
37214,37446,0
37214,117069,1
37214,90628,2
37214,117070,3
37214,1263406,4
37214,982310,5
37214,1263407,6
26774,67917,0
26774,96177,1
26774,96187,2
26774,96188,3
26774,96192,4
26774,96189,5
26774,72707,6
31944,71010,0
31944,11084,1
31944,66288,2
31944,118478,3
31944,159816,4
31944,2207,5
31944,169073,6
85673,2575,0
85673,16936,1
85673,105077,2
85673,105081,3
85673,1264666,4
85673,1144746,5
85673,985447,6
62637,555300,0
62637,555301,1
62637,235650,2
62637,555302,3
62637,555303,4
62637,555304,5
62637,555305,6
94794,31431,1
94794,3063,2
94794,134440,3
50435,38160,0
50435,931613,1
50435,1973,2
50435,14318,3
50435,36925,4
50435,584485,5
50435,24883,6
42617,3084,0
42617,582973,1
42617,27442,2
42617,98782,3
42617,582974,4
42617,83147,5
42617,260527,6
13524,4958,0
13524,8606,1
13524,8253,2
13524,13578,3
13524,10169,4
13524,19401,5
13524,45369,6
31219,57795,0
31219,107785,1
31219,107786,2
31219,107787,3
31219,107788,4
31219,39516,5
31219,107789,6
19971,1038,0
19971,8349,1
19971,65284,2
19971,125650,4
19971,436781,5
19971,1491523,6
19971,566363,7
47406,23367,0
47406,44860,1
47406,42851,2
47406,583351,3
47406,101593,4
47406,95225,5
47406,937654,6
49225,2091,0
49225,15735,1
49225,14016,2
49225,1157328,3
49225,196288,4
49225,87516,5
49225,70755,6
42691,44860,0
42691,12520,1
42691,15385,2
42691,78539,3
42691,130723,4
42691,101201,5
42691,995361,6
9674,58674,0
9674,58675,1
9674,27788,2
9674,58676,3
9674,137517,4
9674,146652,5
9674,105404,6
3875,935,0
3875,4455,1
3875,1018,2
3875,19354,3
3875,34864,4
3875,34865,5
3875,3882,6
24182,269705,0
24182,287863,1
24182,120636,2
24182,119996,3
24182,134539,4
24182,136777,5
24182,227934,6
38770,13325,0
38770,35321,1
38770,6599,2
38770,29520,3
38770,20399,4
38770,66884,5
38770,90644,6
74948,2201,0
74948,24590,1
74948,17577,2
74948,33863,3
74948,1044225,4
74948,931423,5
74948,2269657,6
14689,5823,0
14689,2201,1
14689,194,2
14689,193,3
14689,26512,4
14689,146951,5
14689,49882,6
69321,18735,0
69321,4301,1
69321,10169,2
69321,42162,3
69321,7505,4
69321,4966,5
69321,1751,6
31321,1186617,0
31321,231248,1
31321,47836,2
31321,113758,3
31321,96381,4
31321,1186618,5
31321,25706,6
26638,41779,0
26638,194,1
26638,95902,2
26638,225925,3
26638,225926,4
26638,225927,5
26638,225929,6
37512,21997,0
37512,20017,1
37512,36841,2
37512,32422,3
37512,45195,4
37512,233534,5
37512,10620,6
9653,47313,0
9653,28075,1
9653,1396151,2
9653,11635,3
9653,28072,4
9653,1554119,5
9653,58342,6
42637,13904,0
42637,131434,1
42637,131435,2
42637,78,3
42637,131436,4
42637,131437,5
42637,51279,6
19673,66469,0
19673,1148,1
19673,87233,2
19673,87234,3
19673,87235,4
19673,55972,5
19673,1139621,6
14842,147,0
14842,17402,1
14842,12889,2
14842,77350,3
14842,52366,4
14842,77351,5
14842,16214,6
27883,7520,1
27883,6836,2
27883,7505,3
27883,78849,4
27883,6933,5
27883,14364,6
27883,29645,7
41115,125493,0
41115,125494,1
41115,56247,2
41115,125496,3
41115,24590,4
41115,6405,5
41115,125498,6
32085,1905,0
43824,10538,0
43824,82216,1
43824,83260,2
43824,83477,3
43824,14873,4
43824,2438,5
43824,87826,6
41954,226359,0
41954,1906927,2
41954,1906926,3
41954,1249611,5
41954,109353,7
41954,1797034,8
41954,931782,10
54156,150029,0
54156,4885,1
54156,5274,2
54156,583985,3
54156,1654797,4
54156,1175248,5
54156,40305,6
39225,8237,0
39225,32791,1
39225,35232,2
39225,10767,3
39225,15903,4
39225,8495,5
39225,200507,6
30204,8237,0
30204,16896,1
30204,40175,2
30204,7684,3
30204,8632,4
30204,27726,5
30204,11168,6
40633,8237,0
40633,5788,1
40633,44728,2
40633,46711,3
40633,19414,4
40633,69026,5
40633,14976,6
4595,1656,1
4595,24684,2
4595,38372,3
4595,38373,4
4595,38375,5
4595,38376,6
4595,3430769,7
26182,10798,0
26182,10799,1
26182,10800,2
26182,94803,3
26182,19967,4
26182,10804,5
26182,34748,6
42260,2726,0
42260,45195,1
42260,20017,2
42260,6251,3
42260,2729,4
42260,3757,5
42260,21997,6
31442,13709,0
31442,119567,1
31442,90360,2
31442,119568,3
31442,1190992,4
31442,119569,5
31442,2291670,6
775,11645,1
775,1271225,2
775,28964,3
775,11644,4
775,28963,5
775,11647,6
775,28965,7
36971,116586,0
36971,116587,1
36971,116588,2
36971,131867,3
36971,3344691,6
36971,564311,7
36971,3344692,8
50183,143360,0
50183,147268,1
50183,1491785,2
50183,147270,3
50183,1092914,4
50183,8475,5
50183,86836,6
7342,32799,0
7342,1276,1
7342,34248,2
7342,52507,3
7342,28660,4
7342,52508,5
7342,52509,6
45267,46116,0
45267,5961,1
45267,6250,2
45267,16757,3
45267,132815,4
45267,94418,5
45267,21708,6
9636,11477,0
9636,5293,1
9636,17647,2
9636,9029,3
9636,6416,4
9636,33676,5
9636,76001,6
36984,19154,0
36984,13241,1
36984,59671,2
36984,10670,3
36984,71128,6
36984,162811,7
36984,2115,8
48580,2406,0
48580,40883,1
48580,81821,2
48580,14606,3
48580,1352,4
48580,229136,5
48580,32948,6
36843,47699,0
36843,388,1
36843,9191,2
36843,42641,3
36843,34902,4
36843,11207,5
36843,189921,6
18871,19406,0
18871,83743,1
18871,30952,2
18871,18646,3
18871,8632,4
18871,14359,5
18871,14976,6
69069,125533,0
69069,555671,1
69069,34657,2
69069,12536,3
69069,1355196,4
69069,53548,5
69069,212562,6
45713,133602,0
45713,76976,1
45713,133603,2
45713,133604,3
45713,96552,4
45713,123854,5
45713,133605,6
104193,224662,0
104193,552315,1
104193,2458485,2
104193,2458486,3
104193,1016195,4
104193,4280198,5
64167,2040,0
64167,83553,1
64167,14011,2
64167,20300,3
64167,63911,4
64167,22169,5
64167,20128,6
124083,1200637,0
124083,1200638,1
124083,571479,2
124083,1200639,3
124083,1200640,4
124083,1200641,5
68528,13283,0
68528,27788,1
68528,223017,2
68528,227627,3
68528,77860,4
68528,79945,5
68528,126509,6
185987,58676,0
185987,63707,1
185987,91288,2
185987,548024,3
185987,142454,4
185987,86858,5
185987,134289,6
40177,96413,0
40177,77906,1
40177,35911,2
40177,25180,3
40177,82793,4
40177,34627,5
40177,24895,6
39851,1338,0
39851,1733,1
39851,4813,2
39851,77191,3
39851,20173,4
39851,143169,5
39851,199820,6
45161,111931,0
45161,1318741,1
45161,44176,2
45161,1573014,3
45161,62245,4
45161,175766,5
45161,5277955,6
84084,40529,0
84084,30226,1
84084,3383,2
84084,67761,3
84084,99461,4
84084,11169,5
84084,1905,6
84087,93805,0
84087,12308,1
84087,2494,2
84087,1215925,3
84087,117414,4
84087,17756,5
84087,20126,6
7453,7060,0
7453,4239,1
7453,11664,2
7453,6807,3
7453,4566,4
7453,10731,5
7453,2440,6
6183,1844,0
6183,22687,1
6183,36836,2
6183,8802,3
6183,32254,4
6183,4927,5
6183,7153,6
8220,37549,0
8220,37518,1
8220,19812,2
8220,54135,3
8220,25257,4
8220,954,5
8220,54136,6
35170,18897,0
35170,57723,1
35170,1620814,2
35170,4766973,3
35170,1579910,4
35170,150345,5
35170,1134506,6
20187,190,0
20187,12950,1
20187,6780,2
20187,111989,3
20187,20861,4
20187,16524,5
20187,38624,6
38151,11492,0
38151,16757,1
38151,52256,3
38151,12003,4
38151,119795,5
38151,12004,6
38151,117010,7
20628,16896,0
20628,20959,1
20628,40168,2
20628,86367,3
20628,68812,4
20628,86368,5
20628,5732,6
43003,143081,1
43003,143085,2
43003,14729,4
43003,2171877,5
43003,2171879,6
43003,11033,7
43003,2171880,8
16250,25541,0
16250,56265,1
16250,20815,2
16250,21246,3
16250,9207,4
16250,80209,5
16250,565445,6
10065,10859,0
10065,27755,1
10065,10135,2
10065,6860,3
10065,56734,4
10065,50347,5
10065,4492,6
30863,3918924,0
30863,3918925,1
30863,3918926,2
30863,3918928,4
30863,1194965,5
30863,1188781,6
30863,4702781,9
49920,51733,0
49920,61084,1
49920,294586,2
49920,54883,3
49920,1650613,4
49920,65421,5
49920,2443089,6
31065,15112,0
31065,1736,1
31065,19207,2
31065,29512,3
31065,7255,4
31065,29082,5
31065,29094,6
37992,72059,0
37992,78052,1
37992,83253,2
37992,119300,3
37992,18646,4
37992,34184,5
37992,3339,6
32850,18803,0
32850,8253,1
32850,7302,2
32850,13992,3
32850,85042,4
32850,85988,5
32850,11172,6
68883,44917,0
68883,69637,1
68883,148886,2
68883,69638,3
68883,227780,4
68883,554183,5
68883,4027448,6
43379,592525,0
43379,592526,1
43379,4962,2
43379,233185,3
43379,937248,4
43379,19586,5
43379,136436,6
9393,38773,0
9393,684,1
9393,6086,2
9393,36876,3
9393,5646,4
9393,45953,5
9393,21744,6
16972,3460,0
16972,3,1
16972,33060,2
16972,107068,3
16972,1069,4
16972,23705,5
16972,162923,6
21325,149404,0
21325,149405,1
21325,74861,2
21325,149406,3
21325,9195,4
21325,1086329,5
21325,52716,6
13409,92940,0
13409,60545,1
13409,93008,2
13409,92944,3
13409,1468398,4
13409,41901,5
13409,90449,6
14287,1211812,0
14287,1185449,1
14287,2353549,2
14287,69127,3
14287,2121989,4
14287,1223655,5
14287,4928506,6
24363,21028,0
24363,4939,1
24363,12640,2
24363,2157,3
24363,4237,4
24363,8924,5
24363,1533813,6
13073,6913,0
13073,117379,1
13073,176695,2
13073,15416,3
13073,80543,4
13073,10431,5
13073,124723,6
35384,19974,0
35384,34485,1
35384,137167,2
35384,156413,3
35384,987813,4
35384,3416106,5
35384,987949,6
113178,51657,0
113178,65020,1
113178,51659,2
113178,11782,3
113178,152963,4
8976,18976,0
8976,2956,1
8976,17696,2
8976,53493,3
8976,17303,4
8976,343,5
8976,56457,6
27360,18471,0
27360,12217,1
27360,98087,2
27360,42297,3
27360,49002,4
27360,1212946,5
27360,181020,6
29078,17276,0
29078,8210,1
29078,10961,2
29078,36055,3
29078,54649,4
29078,52477,5
29078,105762,6
38717,8767,0
38717,33196,1
38717,1980,2
38717,6905,3
38717,15900,4
38717,15011,5
38717,87107,6
13020,9979,0
13020,4700995,1
13020,939012,2
13020,74266,3
13020,939013,4
13020,937897,5
13020,939014,6
11679,9778,0
11679,2231,1
11679,5293,2
11679,100,3
11679,21368,4
11679,336,5
11679,53347,6
25007,21042,0
25007,60545,1
25007,1343793,2
25007,93014,3
25007,80591,4
25007,5349523,5
25007,55638,6
1495,114,0
1495,10912,1
1495,16940,2
1495,11207,3
1495,70577,4
1495,3896,5
1495,2039,6
10066,25837,0
10066,62747,1
10066,12792,2
10066,38406,3
10066,49623,4
10066,52037,5
10066,17866,6
1640,1896,0
1640,18277,1
1640,18269,2
1640,2876,3
1640,18285,4
1640,454,5
1640,18288,6
67445,519,0
67445,129332,1
67445,1817,2
67445,21197,3
67445,8265,4
67445,20,5
67445,118590,6
11171,24045,0
11171,55493,1
11171,49961,2
11171,169000,3
11171,25884,4
11171,1951,5
11171,98533,6
14750,70569,0
14750,55266,1
14750,11164,2
14750,117148,3
14750,144304,4
14750,9995,5
14750,65552,6
43260,3381,0
43260,7502,1
43260,522,2
43260,91640,3
43260,76979,4
43260,100919,5
43260,30297,6
11799,3783,0
11799,14812,1
11799,11535,2
11799,39008,3
11799,22890,4
11799,222249,5
11799,3267,6
53116,25256,0
53116,3810,1
53116,24975,2
53116,37580,3
53116,16972,4
53116,589004,5
53116,560275,6
83995,4786,0
83995,99374,1
83995,25536,2
83995,9874,3
83995,105823,4
83995,10462,5
83995,69764,6
42626,13333,0
42626,69555,1
42626,1292,2
42626,4765,3
42626,1065695,4
42626,1678342,5
42626,159816,6
43881,11492,0
43881,98462,1
43881,12147,2
43881,93910,3
43881,13965,4
43881,100306,5
43881,149133,6
46594,1156066,0
46594,592961,1
46594,1117973,3
46594,1540519,4
46594,592960,5
46594,1540514,6
46594,1461065,7
43344,99171,0
43344,175479,1
43344,175481,2
43344,175484,3
43344,30306,4
43344,175536,5
43344,31889,6
26614,12748,0
26614,95769,1
26614,1658,2
26614,592726,3
26614,1543148,4
26614,140351,5
26614,1543149,6
133750,18847,0
133750,1095865,1
133750,2369,2
133750,1315109,3
133750,86489,4
133750,7368,5
133750,76871,6
16902,3380,0
16902,8724,1
16902,8725,2
16902,8841,3
16902,8729,4
16902,1905,5
16902,81934,6
41131,12151,0
41131,125552,1
41131,74874,2
41131,7683,3
41131,125554,4
41131,170537,5
41131,125556,6
31414,224341,1
31414,49673,2
31414,224346,3
31414,224342,4
31414,89812,5
31414,402999,6
31414,224344,7
40730,17753,0
40730,99461,1
40730,17755,2
40730,13963,3
40730,199468,4
40730,32430,5
40730,7666,6
15318,132120,0
15318,132119,1
15318,13275,2
15318,132121,3
15318,19592,4
15318,33134,5
15318,131190,6
13384,1357431,0
13384,1017230,1
13384,585516,2
13384,14957,3
13384,14468,4
13384,1017231,5
13384,219652,6
48993,1937,0
48993,9067,1
48993,82860,2
48993,1215925,3
48993,20366,4
48993,14518,5
48993,37446,6
9463,57733,0
9463,57734,1
9463,57735,2
9463,617,3
9463,122653,4
9463,114733,5
9463,555170,6
13163,3035,0
13163,20751,1
13163,10859,2
13163,77896,3
13163,24967,4
13163,4602,5
13163,49425,6
26810,6549,0
26810,124976,1
26810,124977,2
26810,124978,3
26810,5318,4
26810,124982,5
26810,124983,6
20625,10798,0
20625,10800,1
20625,10799,2
20625,30014,3
20625,144061,4
20625,144062,5
20625,34818,6
1566,32063,0
1566,36027,1
1566,36028,2
1566,36029,3
1566,36026,4
1566,36025,5
1566,36030,6
21997,3136,0
21997,587,1
21997,6859,2
21997,76961,3
21997,149936,4
21997,74940,5
21997,47775,6
30624,46617,0
30624,35320,1
30624,10607,2
30624,12149,3
30624,8520,4
30624,82837,5
30624,8839,6
44658,5676,0
44658,25282,1
44658,12520,2
44658,6588,3
44658,236836,4
44658,262929,5
44658,1119000,6
27233,97341,0
27233,74862,1
27233,97342,2
27233,97343,3
27233,97345,4
27233,13257,5
27233,4994,6
41386,76347,0
41386,76351,1
41386,76356,2
41386,76353,3
41386,176023,4
41386,1218062,6
41386,1094519,7
24078,15851,0
24078,92999,1
24078,11148,2
24078,16431,3
24078,18999,4
24078,85954,5
24078,3498363,6
43271,101,0
43271,16867,1
43271,19820,2
43271,87245,3
43271,28514,4
43271,143172,5
43271,143173,6
26541,1244,0
26541,13363,1
26541,1341417,2
26541,1270962,3
26541,1065019,4
26541,1270963,5
26541,1270964,6
63066,131867,0
63066,236435,1
63066,236436,2
63066,1867437,3
63066,994544,4
63066,1867438,5
63066,1867439,6
37720,2750,0
37720,1026384,1
37720,857,2
37720,1026980,3
37720,11841,4
37720,1355015,5
37720,15788,6
18050,8487,0
18050,3383,1
18050,1905,2
18050,101704,3
18050,7505,4
18050,22600,5
18050,99461,6
155325,1211521,0
155325,1616632,1
155325,1138528,2
155325,1347476,3
155325,1616634,4
155325,1616635,5
155325,930907,6
31819,13848,0
31819,21301,1
31819,21303,2
31819,14438,3
31819,21306,4
31819,148054,5
31819,147991,7
14672,75186,0
14672,23,1
14672,75403,2
14672,1273775,3
14672,75956,4
14672,77138,5
14672,77139,6
11628,17525,0
11628,677,1
11628,70082,2
11628,70083,3
11628,20729,4
11628,1075570,5
11628,1133520,6
10913,478,0
10913,8984,1
10913,11665,2
10913,67453,3
10913,55272,4
10913,26999,5
10913,17486,6
11605,862,0
11605,2090,1
11605,69810,2
11605,13340,3
11605,3366,4
11605,2435,5
11605,40162,6
16976,81108,0
16976,72932,1
16976,110267,2
16976,110268,3
16976,52809,4
16976,58611,5
16976,555018,6
38643,120971,0
38643,2011,1
38643,2771,2
38643,32290,3
38643,1421260,4
38643,56442,5
38643,5403,6
10027,1336,0
10027,192,1
10027,382,2
10027,62105,3
10027,9831,4
10027,8032,5
10027,39660,6
43429,17094,0
43429,36632,1
43429,34629,2
43429,953,3
43429,589413,4
43429,7352,5
43429,1074747,6
19413,37583,0
19413,581710,1
19413,255903,2
19413,581711,3
19413,581712,4
19413,581713,5
19413,581714,6
11139,68311,0
11139,68312,1
11139,7003,2
11139,11216,3
11139,68313,4
11139,68314,5
11139,132823,7
10837,21874,0
10837,162323,1
10837,6035,2
10837,20163,3
10837,1062,4
10837,15098,5
10837,88450,6
32610,1937,0
32610,9066,1
32610,83474,2
32610,30002,3
32610,550537,4
32610,9072,5
32610,980296,6
1279,16262,0
1279,16263,1
1279,16264,2
1279,240082,3
1279,16265,4
1279,16266,5
1279,16267,6
1895,17244,0
1895,3061,1
1895,524,2
1895,27762,3
1895,2231,4
1895,33181,5
1895,7908,6
9981,23659,0
9981,3087,1
9981,61399,2
9981,61114,3
9981,1475,4
9981,61400,5
9981,27972,6
4379,16866,0
4379,6352,1
4379,15424,2
4379,27102,3
4379,36801,4
4379,34844,5
4379,24291,6
31200,4483,0
31200,13333,1
31200,10669,2
31200,67835,3
31200,1225710,4
31200,9142,5
31200,192870,6
37215,13576,0
37215,117073,1
37215,117074,2
37215,96250,3
37215,133227,4
37215,98574,5
37215,108986,6
56946,666111,0
56946,1142379,1
56946,35116,2
56946,1687344,3
56946,1687345,4
56946,1687346,5
56946,1644235,6
11019,5658,0
11019,86543,1
11019,517,2
11019,36029,3
11019,20030,4
11019,2897488,5
28423,95314,0
28423,29578,1
28423,102687,2
28423,2436,3
28423,29661,4
28423,32437,5
28423,34234,6
14694,12834,0
14694,82820,1
14694,2505,2
14694,23504,3
14694,9629,4
14694,43426,5
14694,52514,6
20271,5676,0
20271,83461,1
20271,34027,2
20271,14151,3
20271,85861,4
20271,1052769,5
20271,70174,6
29872,30181,0
29872,30003,1
29872,1208,2
29872,96271,3
29872,2672,4
29872,30237,5
29872,13966,6
85014,83679,0
85014,65976,1
85014,65975,2
85014,1088190,3
85014,612216,4
85014,1109260,5
85014,147971,7
34856,21908,0
34856,134184,1
34856,113309,2
34856,18702,3
34856,35549,4
34856,113311,5
34856,87733,6
27,176,0
27,177,1
27,1759241,2
27,1759261,3
27,1357012,4
27,1161961,5
27,1476120,6
16373,7124,0
16373,14683,1
16373,80469,2
16373,8841,3
16373,6933,4
16373,80467,5
16373,74622,6
25649,64453,0
25649,141873,1
25649,141857,3
25649,547972,4
25649,547973,5
25649,4263,6
25649,1239247,7
19398,84638,0
19398,144199,1
19398,87345,2
19398,1830870,3
19398,87346,4
19398,1060228,5
19398,1323697,6
100605,19020,0
100605,11502,1
100605,13578,2
100605,14664,3
100605,9087,4
100605,95014,6
100605,2254812,7
43506,82216,0
43506,103366,1
43506,3383,2
43506,19411,3
43506,105505,4
43506,12499,5
43506,91711,6
953,7399,0
953,2632,1
953,14409,2
953,9575,3
953,6730,4
953,5726,5
953,28637,6
16605,37260,0
16605,65731,1
16605,75710,2
16605,91399,3
16605,37290,4
16605,79126,5
16605,1236200,6
42268,28164,0
42268,11850,1
42268,2091,2
42268,12726,3
42268,11857,4
42268,133247,5
42268,386,6
13064,105158,0
13064,13922,1
13064,95939,2
13064,227199,3
13064,3202,4
13064,75325,5
13064,70851,6
14358,2709276,0
14358,2709277,1
14358,2709278,2
14358,2709280,3
14358,2709281,4
14358,1168776,6
14358,2709284,7
26825,6352,2
26825,8349,3
26825,31711,4
26825,3392,5
26825,3636,6
26825,1204,7
26825,2778,8
12700,1640,0
12700,32458,1
12700,27637,2
12700,73963,3
12700,53916,4
12700,67147,5
12700,207186,6
9291,19292,0
9291,2632,1
9291,2505,2
9291,16475,3
9291,69128,4
9291,53256,5
9291,886,6
19316,6720,0
19316,55253,1
19316,84462,2
19316,2396243,3
19316,2396244,4
19316,5377,5
19316,2873971,6
34309,35689,0
34309,10127,1
34309,50877,2
34309,7004,3
34309,21315,4
34309,73022,5
34309,68672,6
921,934,0
921,9137,1
921,13242,2
921,14886,3
921,14887,4
921,14888,5
921,5922,6
9779,20354,0
9779,59174,1
9779,59175,2
9779,6279,3
9779,11367,4
9779,18331,5
9779,10768,6
9787,19197,0
9787,46593,1
9787,28412,2
9787,15338,3
9787,17413,4
9787,59251,5
9787,59252,6
16932,6012,0
16932,81821,1
16932,73828,2
16932,19936,3
16932,24895,4
16932,583412,5
16932,51106,6
23825,90587,0
23825,90589,1
23825,90590,2
23825,90592,3
23825,90595,6
787,287,0
787,11701,1
787,4937,2
787,11702,3
787,11703,4
787,65827,5
787,11704,7
14199,84214,0
14199,84517,1
14199,4741,2
14199,15234,3
14199,38025,4
14199,84518,5
14199,62168,6
10226,17522,0
10226,64210,1
10226,5444,2
10226,1022032,3
10226,81134,4
10226,1355124,5
10226,589745,7
21295,5726,0
21295,51944,1
21295,17773,2
21295,35705,3
21295,7036,4
21295,5723,5
21295,1982,6
20651,35747,0
20651,35068,1
20651,85881,2
20651,128709,3
20651,85892,4
20651,85669,5
20651,629478,6
56321,11989,0
56321,1614845,1
56321,9930,2
56321,1001944,3
56321,53905,4
56321,81968,5
56321,559003,6
9528,5309,0
9528,10978,1
9528,3872,2
9528,12517,3
9528,11317,4
9528,6199,5
9528,2076,6
12109,71281,0
12109,71282,1
12109,30433,2
12109,71283,3
12109,1497784,4
12109,1216471,5
12109,62972,6
13935,12260,0
13935,6212,1
13935,11805,2
13935,52476,3
13935,54455,4
13935,5346,5
13935,21127,6
20941,145059,0
20941,145061,1
20941,10839,2
20941,72128,3
20941,1660431,4
20941,104982,5
20941,1603,6
18289,82865,0
18289,58676,1
18289,82866,2
18289,82867,3
18289,82868,4
18289,50655,5
18289,82869,6
43471,77158,0
43471,35321,1
43471,30289,2
43471,5248,3
43471,25173,4
43471,121318,5
43471,25175,6
3011,3151,0
3011,6250,1
3011,29717,2
3011,29718,3
3011,29719,4
3011,170543,5
3011,164785,6
13589,1926,0
11620,82216,0
11620,20141,1
11620,29655,2
11620,14501,3
11620,101497,4
11620,10027,5
11620,135066,6
43354,12248,0
43354,41240,1
43354,12725,2
43354,115062,3
43354,47395,4
43354,115059,5
43354,29505,7
272,3894,0
272,3895,1
272,3896,2
272,3897,3
272,64,4
272,2037,5
272,207,6
5845,45999,0
5845,4989,1
5845,46001,2
5845,45992,3
5845,45993,4
15767,93888,0
15767,93889,1
15767,82042,2
15767,93891,3
15767,2542,4
15767,65198,5
15767,30564,6
44524,19117,0
44524,8789,1
44524,18814,2
44524,50,3
44524,130890,4
44524,1745985,5
44524,23388,6
15648,5958,0
15648,58691,1
15648,38026,2
15648,87192,3
15648,78431,4
15648,52938,5
15648,86905,6
9709,37983,0
9709,5081,1
9709,14887,2
9709,58693,3
9709,2054229,4
9709,40670,5
9709,1417812,6
29080,515,0
29080,9281,1
29080,10866,2
29080,17772,3
29080,56045,4
29080,67206,5
29080,539,6
10274,2224,0
10274,11826,1
10274,1162,2
10274,10132,3
10274,52929,4
10274,11512,5
10274,17770,6
45881,5168,0
45881,1164,1
45881,8534,2
45881,380,3
45881,1037,4
45881,98357,5
45881,41886,6
25248,108534,0
25248,55152,1
25248,106712,2
25248,13950,3
25248,36810,4
25248,132712,5
25248,20196,6
11451,49265,0
11451,2232,1
11451,2876,2
11451,33654,3
11451,15033,4
11451,57854,5
11451,22125,6
25312,11148,0
25312,10917,1
25312,4783,2
25312,1834,3
25312,23587,4
25312,93839,5
25312,480,6
11683,1284159,0
11683,5723,1
11683,2778,2
11683,18514,3
11683,19976,4
11683,61660,5
11683,99181,6
9722,2227,0
9722,23659,1
9722,4090,2
9722,3895,3
9722,17881,4
9722,52775,5
9722,26716,6
2287,23591,0
2287,23592,1
2287,23593,2
2287,23596,3
2287,23597,4
2287,23598,5
2287,23599,6
18497,17497,0
18497,77498,1
18497,83177,2
18497,83178,3
18497,83179,4
18497,1319202,5
43888,2433,0
43888,95117,1
43888,99461,2
43888,9071,3
43888,131234,4
43888,3363,5
43888,8240,6
2994,29426,0
2994,29395,1
2994,3784,2
2994,9920,3
2994,32677,4
2994,1336159,5
2994,38597,6
76094,4091,0
76094,528,1
76094,4958,2
76094,77176,3
76094,3363,4
76094,17755,5
76094,88672,6
1382,16861,1
1382,53887,2
1382,53888,3
1382,53889,4
1382,15376,5
1382,53890,6
1382,53891,7
9534,27460,0
9534,57860,1
9534,57861,2
9534,15601,3
9534,43321,4
9534,19024,5
9534,102223,6
