movie_id,keyword_id
862,10084
862,6054
862,10364
862,931
862,3289
862,6733
862,8102
862,9823
862,11477
862,9713
862,10159
862,15214
862,33553
862,158141
862,165503
862,170722
862,180523
862,187065
862,242792
862,265589
862,338822
8844,7035
8844,10090
8844,10941
8844,10787
8844,158086
8844,221178
8844,246466
8844,325856
15602,1495
15602,9663
15602,10938
15602,12392
15602,13027
15602,14836
15602,157187
15602,179431
15602,294543
31357,818
31357,14768
31357,15160
31357,251667
31357,257890
31357,266753
31357,325762
31357,325781
31357,325784
31357,338528
31357,338543
11862,5600
11862,1009
11862,970
11862,1599
11862,3725
11862,2246
11862,4995
11862,9663
11862,9714
11862,12670
11862,18011
11862,33358
11862,170521
11862,289211
949,642
949,3713
949,1523
949,703
949,10051
949,9727
949,9812
949,9826
949,10085
949,10726
949,12670
949,15076
949,15363
949,18023
949,33424
949,156121
949,159434
949,167104
949,192261
949,207268
949,214983
949,325766
949,325772
949,325774
949,325778
11860,2072
11860,380
11860,90
11860,4375
11860,5732
11860,5683
11860,9398
11860,9639
11860,10791
11860,33626
11860,164664
11860,165282
11860,169057
11860,179367
11860,199764
11860,211614
11860,220314
11860,237462
11860,240303
11860,243959
11860,305033
11860,324429
45325,818
45325,787
45325,3230
45325,197850
45325,359888
9091,1653
9091,1562
9091,6483
9091,13015
9091,193533
9091,193594
9091,266169
710,2812
710,701
710,769
710,3272
710,1308
710,3268
710,3278
710,3376
710,3531
710,3560
710,3561
710,3562
710,3563
710,193008
9087,1605
9087,840
9087,833
9087,14514
9087,33476
9087,211505
9087,219605
9087,324429
12110,3133
12110,8201
12110,11931
12110,261274
21032,1994
21032,2551
21032,6513
21032,3289
21032,6411
21032,9880
21032,15162
21032,15169
21032,158175
21032,158370
21032,190098
21032,208152
21032,271856
10858,840
10858,521
10858,6086
10858,2946
10858,1228
10858,4240
10858,5565
10858,6165
10858,9376
10858,208992
10858,325763
10858,325796
10858,325797
10858,325799
10858,325804
10858,325806
10858,325819
1408,3799
1408,1454
1408,911
1408,2041
1408,1969
1408,5470
1408,11088
1408,9725
1408,10085
1408,12988
1408,156525
1408,157186
1408,175428
1408,185200
1408,207941
524,726
524,585
524,818
524,383
524,700
524,395
524,1228
524,1812
524,1667
524,5332
524,2150
524,2635
524,6038
524,7336
524,6974
524,10594
524,9826
524,10291
524,10391
524,11211
524,14570
524,18034
524,187023
524,208289
524,311315
524,332598
524,334553
4584,7879
4584,212
4584,548
4584,818
4584,4129
4584,11109
4584,964
4584,2755
4584,4472
4584,10911
4584,15060
4584,156507
4584,156512
4584,159871
4584,165100
4584,165388
4584,192311
4584,207928
4584,217957
4584,227556
4584,238085
4584,243090
4584,244113
4584,274542
4584,285894
4584,307851
4584,307852
4584,307853
5,612
5,613
5,616
5,622
5,2700
5,922
5,9706
5,12670
5,160488
5,171366
5,187056
9273,1930
9273,409
9273,1551
9273,2526
9273,5155
9273,6241
9273,9253
9273,18165
9273,208152
11517,242
11517,380
11517,1552
11517,155735
11517,156120
8012,818
8012,416
8012,395
8012,3149
8012,10594
8012,9826
8012,9935
8012,11578
8012,10391
8012,12094
8012,11061
8012,12396
8012,14964
8012,33879
8012,159608
1710,796
1710,2800
1710,4668
1710,5430
1710,11268
1710,10714
1710,13001
9691,10084
9691,591
9691,2708
9691,977
9691,974
9691,1666
9691,2350
9691,3045
9691,3979
9691,9823
9691,10950
9691,11148
9691,12355
9691,18021
9691,18107
9691,33456
9691,167861
12665,18068
12665,18320
12665,41355
12665,163531
12665,163533
12665,163540
12665,163543
12665,163545
12665,163553
12665,163558
12665,181037
451,922
451,3737
451,30
451,549
451,725
451,3927
451,585
451,6059
451,567
451,699
451,886
451,888
451,7464
451,12670
451,14570
451,15237
451,311315
451,323809
451,325854
16420,931
16420,10181
16420,9713
16420,271033
16420,332062
9263,1228
9263,5248
9263,10683
9263,170521
9263,170533
9263,170539
9263,187056
17015,818
17015,33384
17015,33386
17015,33388
902,10084
902,6054
902,2041
902,1566
902,402
902,4565
902,4484
902,4995
902,10028
902,157955
902,170865
902,204846
37557,2682
37557,5964
37557,10683
37557,11869
37557,15011
37557,18026
37557,41383
37557,41601
37557,173297
37557,214548
37557,222063
37557,257259
9909,6270
9909,387
9909,897
9909,3436
9909,6610
9909,10508
9909,14641
9909,155582
9909,170378
63,1865
63,276
63,222
63,278
63,3800
63,2504
63,1353
63,6255
63,2884
63,2340
63,2885
63,4565
63,1667
63,2043
63,4458
63,4379
63,3546
63,4280
63,4232
63,6162
63,5984
63,4924
63,7325
63,8054
63,11494
63,9856
63,9714
63,10323
63,9890
63,11857
63,12026
63,14673
63,14675
63,14779
63,15106
63,15149
63,17995
63,18029
63,33981
63,156196
63,157171
63,158025
63,158172
63,158254
63,159287
63,160059
63,161868
63,162801
63,188957
63,197582
63,199322
63,210608
63,225219
63,229034
63,236189
63,238332
63,251667
63,256328
63,276775
63,281585
63,309974
63,314730
63,315053
63,321464
63,325787
63,325839
63,355849
9598,4932
9598,3020
9598,4931
9598,905
9598,977
9598,1339
9598,11115
9598,5608
9598,8082
9598,11477
9598,15101
9598,15162
9598,18013
9598,18165
9598,154846
9598,158019
9598,189609
9598,206052
9598,207317
47018,392
47018,437
47018,8997
47018,13065
47018,155870
687,378
687,2122
687,6145
687,570
687,3927
687,6059
687,3012
687,6148
687,745
687,2060
687,2726
687,3441
687,3446
687,2796
687,2300
687,2885
687,1952
687,2501
687,3440
687,3437
687,3442
687,3447
687,3448
687,13001
687,200918
687,261264
687,315323
687,323809
687,324886
687,325780
687,325825
33689,10132
33689,13014
33689,204353
33689,239145
9603,1525
9603,6270
9603,818
9603,6664
9603,7208
9603,10683
9603,10132
9603,11933
9603,13027
9603,18005
9603,34130
9603,187056
9603,233617
9603,248025
9603,258533
9603,323909
34615,818
34615,3644
34615,4106
34615,10093
34615,207883
34615,241927
31174,392
31174,1930
31174,9826
31174,13084
11443,2956
11443,726
11443,447
11443,1543
11443,11436
11443,11254
11443,10051
11443,10594
11443,18231
11443,159643
11443,159660
11443,161307
11443,180507
11443,208992
35196,931
35196,6148
35196,2098
35196,1279
35196,10329
35196,44448
35196,44449
35196,207941
35196,220649
9312,2041
9312,779
9312,1299
9312,83
9312,2343
9312,3289
9312,10292
9312,9649
9312,9820
9312,10278
9312,10821
9312,12380
9312,17977
9312,41645
9312,162846
9312,188955
9312,192913
9312,219404
9312,251513
9312,263377
9312,269233
577,596
577,818
577,1442
577,1523
577,6018
577,11800
577,208477
577,225012
11861,1459
11861,1334
11861,2587
11861,6038
11861,5773
11861,5999
11861,9470
11861,9673
11861,33694
11861,34094
11861,164039
11861,187056
807,3927
807,6149
807,1470
807,4426
807,476
807,6259
807,703
807,5340
807,4142
807,9826
807,10714
807,11001
807,10950
807,13092
807,185459
807,200234
807,201028
807,207268
807,232469
807,251667
807,314730
807,321464
807,323809
807,325775
807,325797
807,347934
10530,7376
10530,1463
10530,6513
10530,3289
10530,4090
10530,3691
10530,4344
10530,4542
10530,10322
10530,12337
10530,160977
10530,165086
10530,165576
10530,185343
10530,207941
10530,208426
10530,234183
8391,1992
8391,158718
8391,187056
8391,264386
629,242
629,642
629,5493
629,10051
629,9856
629,11734
629,12570
629,12670
629,14604
629,15009
629,18023
629,158022
629,184312
629,207268
629,263443
629,325843
629,327412
117164,779
117164,720
117164,3088
117164,11522
117164,12391
117164,15090
117164,18432
117164,155546
117164,168359
117164,180996
117164,190007
117164,218121
117164,234978
117164,267608
117164,326087
117164,326088
117164,326090
117164,326091
11448,549
11448,2393
11448,4130
11448,5885
11448,6230
11448,8018
11448,33625
11448,208349
26441,6075
26441,13042
26441,187056
97406,380
97406,567
97406,2671
97406,2350
97406,2679
97406,10229
97406,14964
97406,33534
97406,241738
124057,1938
124057,10982
124057,177128
9089,2200
9089,2672
9089,4543
9089,7629
9089,155294
9089,187056
9089,207317
11010,2041
11010,5420
11010,3344
11010,4461
11010,5933
11010,4648
11010,9673
11010,12987
11359,818
11359,1990
11359,6300
11359,15101
11359,18249
11359,33465
11359,187065
11359,197927
17182,570
17182,1419
17182,2801
17182,184352
17182,204959
2054,6270
2054,1157
2054,1233
2054,2176
2054,1310
2054,1635
2054,1896
2054,8009
2054,41355
2054,41525
2054,158558
2054,161266
2054,187328
2054,188953
2054,207937
2054,208992
2054,210608
2054,240119
2054,346378
10607,898
10607,398
10607,248
10607,3149
10607,4438
10607,9755
10607,11514
10607,10700
10607,10726
10607,12425
10607,225012
19760,2041
19760,1680
19760,915
19760,5918
19760,9799
19760,5713
19760,9727
19760,12545
19760,14789
19760,41393
19760,156031
19760,161994
19760,167868
19760,189358
19760,210608
19760,254391
19760,272551
19760,293572
9536,6305
9536,4166
9536,4459
9536,255612
11525,6104
11525,2157
11525,4563
11525,1576
11525,9725
11525,9748
11525,12190
11525,14760
11525,15256
11525,18420
11525,156866
11525,176217
11525,251513
4482,2918
4482,4580
4482,128
4482,2335
4482,3190
4482,155870
4482,187056
10634,2231
10634,897
10634,970
10634,4562
10634,3230
10634,5768
10634,8631
10634,11488
10634,10624
10634,10776
10634,12670
10634,14964
755,246
755,797
755,798
755,380
755,3133
755,2492
755,3649
755,4063
755,6593
755,10093
755,15363
755,18072
755,18233
755,41380
755,163795
755,188711
755,211429
755,227811
755,228753
755,230905
755,240165
755,286665
755,319397
11859,2157
11859,818
11859,416
11859,258
11859,3713
11859,4426
11859,1930
11859,1562
11859,6259
11859,470
11859,703
11859,772
11859,1812
11859,3278
11859,4735
11859,4530
11859,5430
11859,9844
11859,9714
11859,10718
11859,10562
11859,10410
11859,10950
11859,12371
11859,13125
11859,14967
11859,15167
11859,15321
11859,18320
11859,33456
11859,156650
11859,156816
11859,176802
11859,181145
11859,188294
28387,6054
28387,3616
28387,3230
28387,8039
28387,34053
28387,171206
48750,90
48750,745
48750,2792
48750,10909
20927,2778
20927,10235
36929,10624
9102,312
9102,10158
9102,15354
9102,340171
27526,697
27526,6440
27526,9748
27526,10614
9623,3012
9623,1417
9623,1936
9623,5153
9623,11038
9623,33519
9623,161216
9623,214780
9623,254459
46785,1357
46785,10594
46785,33648
46785,40846
400,6054
400,801
400,2708
400,970
400,3149
400,6259
400,1422
400,1587
400,2340
400,1909
400,1977
400,2022
400,10738
400,9748
400,9826
400,10391
400,33625
400,34094
880,240
880,791
880,236
880,6145
880,570
880,460
880,970
880,697
880,1842
880,490
880,4129
880,6089
880,4402
880,5331
880,1956
880,6009
880,2383
880,3154
880,3371
880,9457
880,10180
880,11925
880,13160
880,187056
146599,6984
146599,10235
146599,11004
188588,4326
188588,4333
188588,6521
188588,10965
188588,184233
188588,198147
188588,205734
188588,214822
188588,224875
188588,226023
188588,230202
188588,240485
188588,253997
188588,257714
8447,4034
8447,332
8447,7579
8447,8250
8447,14760
8447,33841
8447,156866
8447,182662
8447,230960
8447,232938
8447,350360
10534,2082
10534,3180
10534,2913
10534,10683
10534,10349
10534,18068
10534,46962
10534,167836
10534,167837
10534,167861
10534,167863
10534,167868
10534,168683
10534,208992
10534,346769
17414,5306
17414,5572
17414,10624
17414,14762
17414,33479
17414,158039
17414,159469
17414,167925
17414,192096
17414,240119
17414,243959
17414,264326
13997,156024
13997,169078
13997,169079
13997,169085
13997,169086
13997,187056
2086,441
2086,6078
2086,12670
9095,1299
9095,964
9095,10124
9095,156033
9095,191009
9095,207928
12158,3133
12158,41523
12158,323976
12158,338528
12158,338549
9283,6054
9283,1415
9283,1700
9283,10683
9283,155808
9283,155939
9208,8122
9208,720
9208,1353
9208,1261
9208,1666
9208,1825
9208,3203
9208,5572
9208,9052
9208,10085
9208,12371
9208,13008
9208,14601
9208,15263
9208,18034
9208,162365
9208,201864
9208,208547
9208,209476
9208,214472
9208,215861
9208,219404
9208,219869
9208,325766
9208,325773
9208,325774
9208,325839
40154,640
40154,4333
40154,12999
40154,164246
40154,185011
40154,207317
40154,258533
40154,285695
406,796
406,898
406,90
406,1952
406,1974
406,2394
406,3230
406,5397
406,12425
406,12999
406,15158
406,160910
406,161722
406,173577
406,186355
406,197702
406,202371
406,233950
406,248022
406,319922
406,337489
406,347587
45549,378
45549,2964
45549,392
45549,1541
45549,2016
45549,6490
45549,9823
45549,10594
45549,10261
45549,15009
45549,164361
63076,2398
63076,9672
63076,12396
63076,13059
63076,189409
11062,2231
11062,242
11062,417
11062,4654
11062,6149
11062,1568
11062,2946
11062,1601
11062,1919
11062,5340
11062,10391
11062,168676
11062,175208
11062,181659
11062,184956
11062,249157
11062,254615
11062,287101
11062,292178
11062,333297
11062,348718
13685,642
13685,380
13685,1437
13685,2669
13685,2568
13685,10051
13685,10323
13685,13097
13685,14604
13685,15274
13685,187710
13685,187717
13685,268132
13685,303310
13685,309974
2045,1523
2045,2619
2045,2350
2045,6780
2045,9826
2045,11727
2045,162139
2045,208397
2045,222018
2045,222476
2045,249845
2045,292162
2045,313478
9614,6075
9614,697
9614,2702
9614,6128
9614,14514
9614,163223
9614,178378
9614,182625
9614,215292
9614,224818
9614,230566
9614,240411
9614,267659
9614,304663
9614,313632
9614,318250
9614,319761
9614,325832
9614,328580
9614,335806
9614,347500
9614,349246
688,596
688,7879
688,1157
688,818
688,2038
688,6059
688,5809
688,1003
688,699
688,6025
688,4402
688,2784
688,2029
688,3450
688,3451
688,3452
688,324429
11907,530
11907,3392
11907,9457
11907,13072
11907,187056
11907,196682
11907,258533
10874,2041
10874,4418
10874,6300
10874,6956
10874,11691
10874,12988
10874,179431
10874,251337
10874,288816
96357,156121
197,392
197,388
197,697
197,6987
197,9672
197,161257
197,273967
103,2231
103,422
103,242
103,444
103,445
103,1523
103,1749
103,1228
103,1667
103,5446
103,6112
103,6083
103,7368
103,7151
103,9622
103,7002
103,18075
103,33424
103,33625
103,161728
103,164186
103,167104
103,168346
103,197056
103,207268
103,225582
103,239797
103,252192
103,261264
103,266753
103,270831
103,293649
103,325766
103,325773
103,325780
33542,242
33542,779
33542,1545
33542,1384
33542,2987
33542,4640
33542,9748
33542,7002
33542,10291
33542,10726
33542,11860
33542,13027
33542,33556
33542,156196
33542,161307
33542,179431
33542,208156
33542,219404
43566,2619
43566,12279
43566,189402
43566,205732
71754,818
71754,6015
71754,5829
71754,40897
71754,164742
71754,188645
71754,207883
71754,240204
43612,12392
43612,15016
43612,177035
43612,187056
51352,1755
51352,2450
51352,4399
51352,4020
51352,4434
51352,10360
51352,11728
51352,15199
16934,212
16934,351
16934,5921
16934,9672
16934,9826
16934,11857
16934,10714
16934,15106
16934,234682
10324,1253
10324,9457
10324,9673
10324,12392
10324,158967
78406,380
78406,7375
78406,10909
78406,155881
78406,208563
55731,5657
55731,1668
55731,10508
55731,175976
32119,516
32119,6783
32119,1228
32119,9672
32119,6178
32119,172391
32119,264551
32119,292593
32119,314730
32119,340472
11066,2336
11066,3836
11066,6779
11066,8642
11066,9094
11066,337167
11066,338528
11104,3391
11104,6149
11104,1595
11104,5490
11104,6618
11104,9840
11104,12354
11104,185265
11104,185266
11104,229524
11104,267876
11104,320420
11104,324429
11104,325832
2074,5498
2074,6230
2074,6231
27793,334
27793,2343
27793,9663
27793,12554
27793,15101
27793,170362
44284,187056
110972,3658
110972,9840
110972,12670
110972,157303
110972,182414
32622,187056
73067,9856
73067,13028
73067,14985
73067,208501
11863,596
11863,550
11863,582
11863,738
11863,1936
11863,1664
11863,5340
11863,3182
11863,9826
11863,10714
11863,13059
11863,207767
55475,242
55475,1625
55475,190019
9101,1860
9101,339
9101,4410
9101,9789
9101,10871
9101,12011
9101,12612
9101,160881
9101,193933
9101,227612
9101,246510
9101,286227
9101,307319
9101,307320
9101,307321
9101,307322
123360,5565
5757,11800
5757,10180
5757,11524
5757,163053
5757,258533
39428,818
39428,531
39428,10229
39428,178870
39428,207883
39428,207981
9302,3658
9302,416
9302,2803
9302,12193
9302,209792
9302,292593
9302,309974
9302,325761
9302,325762
9302,325765
9302,325830
9302,325853
9302,325856
11000,1862
11000,1196
11000,1013
11000,824
11000,2334
11000,2944
11000,6083
11000,10181
11000,9714
11000,11937
11000,12090
11000,41515
11000,158718
11000,246533
11000,254361
11000,306246
11000,306248
249882,1262
249882,2618
249882,10164
249882,173644
249882,178611
16388,9673
16388,12392
16388,188993
16388,208725
16388,281237
9737,416
9737,1666
9737,3230
9737,4009
9737,6593
9737,9844
9737,3688
9737,11730
9737,11734
9737,12371
9737,14967
9737,18026
9737,161982
9737,164246
9737,166856
9737,167114
9737,167316
9737,168679
9737,178849
9737,219404
9737,222863
9737,240379
9737,278876
9737,325775
30765,478
30765,8531
30765,8723
30765,18165
10474,242
10474,6075
10474,2671
10474,6782
10474,6496
10474,9713
10474,14641
10474,14964
10474,208992
10474,212563
10474,258533
10474,296608
22279,818
22279,392
22279,6344
22279,206032
22279,207883
30157,325776
568,10084
568,1196
568,4776
568,305
568,1432
568,2345
568,9672
568,9609
568,10349
568,9882
568,10617
568,14601
568,14626
568,193479
568,226233
568,226235
568,226236
11780,388
11780,2803
11780,5565
11780,160279
11780,208070
11780,220446
11780,234722
11780,303310
11780,325824
34996,242
34996,3133
34996,490
34996,6782
414,483
414,9715
414,3289
414,3259
414,9717
414,9104
414,10486
414,10525
414,11268
414,15009
414,33518
414,33626
414,33637
414,33981
414,34156
414,157166
414,157583
414,170383
414,170652
414,269233
649,596
649,549
649,931
649,1566
649,1157
649,851
649,848
649,2039
649,1411
649,2316
649,3260
649,186107
1873,5499
1873,5855
1873,13005
5894,919
5894,1901
5894,3170
5894,6357
1775,833
1775,169086
1775,222998
1775,276081
20649,11505
20649,13008
20649,14964
20649,18026
20649,41523
20649,161722
20649,237764
10329,818
10329,1384
10329,690
10329,2521
10329,3379
10329,10148
10329,10349
10329,179300
10329,237523
8963,1860
8963,339
8963,2534
8963,4123
8963,3312
8963,4933
8963,4410
8963,13015
8963,162365
8963,198423
8963,217133
8963,221092
8963,226740
8963,226741
8963,226742
8963,227612
8963,301096
8963,314730
8963,325785
26564,1353
26564,582
26564,2699
26564,2679
26564,5801
26564,5565
26564,12192
26564,13151
26564,14893
26564,155762
26564,192051
26564,262325
8068,75
8068,797
8068,534
8068,502
8068,2708
8068,953
8068,139
8068,3458
8068,9748
8068,10044
8068,10950
8068,14575
8068,14601
8068,14707
8068,18026
8068,41372
8068,154889
8068,155851
8512,818
8512,1543
8512,5823
8512,9826
8512,12670
8512,15208
8512,155790
8512,156091
8512,157210
8512,202371
8512,207268
8512,207883
8512,239797
8512,316241
1572,242
1572,444
1572,1321
1572,720
1572,642
1572,6149
1572,258
1572,483
1572,703
1572,1812
1572,9663
1572,9856
1572,9748
1572,10950
1572,14601
1572,156022
1572,158022
1572,166519
1572,177309
1572,188329
1572,189920
1572,192707
1572,205710
1572,219404
1572,220572
1572,226838
1572,307495
13552,6054
13552,387
13552,642
13552,2652
13552,1541
13552,1664
13552,3405
13552,9701
13552,4470
13552,9887
13552,11581
13552,13017
13552,15291
13552,155262
13552,155419
13552,155870
13552,180340
13552,200234
13552,202371
13552,239108
13552,321464
13552,325778
6520,3966
6520,10085
6520,10466
6520,10982
6520,14720
6520,177128
6520,177129
6520,184663
9073,4676
9073,2526
9073,155529
10428,242
10428,6104
10428,2157
10428,2812
10428,4563
10428,9864
10428,11615
10428,12190
10428,12361
10428,41249
10428,160840
10428,259376
10428,325809
10428,325830
10428,325831
17447,242
17447,740
17447,2698
17447,10181
17447,9766
17447,10093
17447,10855
17447,168346
17447,210608
17447,245045
17447,254375
17447,258533
9886,4563
9886,4565
9886,6135
9886,6566
9886,8662
9886,10919
9886,12190
9886,15256
9886,156866
9482,417
9482,934
9482,4565
9482,9715
9482,4458
9482,3289
9482,11038
9482,9717
9482,12190
9482,15090
9482,15095
9482,15108
9482,18712
9482,160159
9482,163081
9482,180172
9482,182703
9482,182706
9482,182711
9482,203493
9482,214715
9482,219404
9482,269233
9482,325844
19326,6593
19326,8881
19326,10639
19326,10640
9344,1525
9344,2201
9344,242
9344,726
9344,10683
9344,9766
9344,14857
9344,155419
9344,171341
9344,197314
9344,233318
9344,239797
9344,247968
9344,281237
9344,310003
9344,315053
9344,325798
9071,9732
9071,163699
9071,210608
9071,238618
9071,346087
8973,6152
8973,3419
8973,6506
8973,156174
8973,173162
8973,177912
8973,351855
15730,258533
15730,264386
47608,6270
47608,1252
47608,2803
47608,3616
47608,4232
47608,7312
47608,10049
47608,11857
47608,18425
47608,41329
47608,156316
47608,187056
47608,188237
47608,200918
47608,201456
47608,202371
47608,209792
47608,212737
47608,309974
47608,325761
47608,325762
47608,325763
47608,325764
47608,325765
47608,325813
47608,325835
2293,4325
2293,8631
2293,41175
2293,157690
2293,162296
2293,171329
2293,171343
2293,171346
2293,179430
9070,155030
9070,173577
9070,203224
9070,309974
9070,325765
9070,325766
9070,325809
68274,4129
68274,5248
68274,10181
68274,9872
68274,9928
68274,175421
48787,6149
48787,3713
48787,3880
48787,9826
48787,10392
48787,197452
34574,242
34574,3133
1642,387
1642,782
1642,534
1642,4286
1642,2812
1642,2726
1642,2547
1642,3271
1642,6876
1642,10562
1642,10410
1642,12361
1642,18046
1642,156872
1642,167104
1642,196056
1642,196705
1642,202296
1642,218122
1642,224393
1642,234660
1642,244840
1642,255610
1642,258935
1642,339350
1642,339351
1642,339356
1642,339408
11472,1009
11472,970
11472,3725
11472,6038
11472,168386
36196,242
36196,295
36196,2334
36196,3221
36196,11678
36196,186117
36196,187056
36196,207447
36196,215481
36196,259376
36196,281237
36196,286407
36196,319397
36196,325809
36196,325824
11980,290
11980,3648
58372,2754
58372,4325
58372,11322
58372,207317
32646,6305
32646,6898
32646,852
32646,1501
32646,3451
32646,1279
32646,10532
32646,11322
32646,12097
32646,14673
32646,15106
32646,40895
32646,166947
32646,189449
32646,202579
32646,208289
32646,231287
32646,235410
32646,235411
32646,291068
10533,818
10533,1680
10533,3725
10533,2871
10533,10223
10533,15060
10533,34094
10533,207941
56088,242921
56088,282633
56088,283297
56088,301039
10802,246
10802,1663
10802,4378
10802,2874
10802,2803
10802,3182
10802,7017
10802,3688
10802,9823
10802,14570
10802,244530
10802,246220
10802,266753
10802,293649
10802,311315
10802,314019
10802,315323
10802,316241
10802,324886
10802,325761
10802,325780
10802,325834
10802,325835
10149,919
10149,1621
10149,3170
10149,8736
10149,13028
18402,2673
18402,9672
18402,18035
18402,235152
9348,6017
9348,1475
9348,2340
9348,1718
9348,4375
9348,6245
9348,9951
9348,9016
9348,11181
9348,10562
9348,11190
9348,12670
9348,13031
9348,14760
9348,41404
9348,163481
9348,163561
9348,212760
9348,235513
9348,325765
139408,1946
139408,11004
139408,10590
281,613
281,2964
281,445
281,549
281,796
281,1566
281,570
281,6149
281,4563
281,2340
281,1595
281,3088
281,4562
281,4565
281,4566
281,8440
281,9826
281,12190
281,12670
281,15009
281,155790
281,162845
281,178657
281,187056
5967,3296
5967,3344
5967,4299
5967,4344
5967,9457
5967,41277
5967,208611
5967,208992
5967,211659
5967,291823
5967,325804
47939,1480
47939,3264
47939,13017
47939,15162
47939,187056
36834,90
36834,1310
36834,5933
36834,5565
36834,10181
36834,158718
36834,187056
36834,207928
36834,258533
9090,242
9090,108
9090,1013
9090,824
9090,7312
9090,9935
9090,171636
9090,187056
9090,256330
9090,325765
9090,325784
9090,325856
3512,2314
3512,3366
3512,3376
3512,11219
3512,13008
3512,13015
3512,218122
3512,219404
3512,269233
52856,187056
77350,15479
9560,3725
9560,1956
9560,5334
9560,9673
9560,9714
9560,190061
9560,191795
9560,229895
9560,325761
9560,325762
9560,325772
9560,325781
9560,325814
9804,544
9804,311
9804,331
9804,270
9804,1852
9804,4418
9804,12988
9804,166964
9804,175994
9804,186713
9804,204402
9804,214386
9804,215299
9804,217083
9804,227147
9804,232580
9804,233300
9804,300722
9804,344499
9804,351133
31611,4565
31611,11504
31611,200918
31611,245157
31611,269808
31611,325771
65796,2490
65796,1632
65796,5565
65796,8099
65796,180234
65796,190970
26258,1964
26258,10325
26258,5739
26258,169995
50797,1157
50797,10786
19155,212
19155,345
19155,1262
19155,1946
19155,4747
19155,6805
19155,182045
19155,206119
19155,361670
76,814
76,815
76,816
76,1201
76,18267
76,165402
76,259376
76,325783
11017,5683
11017,10873
11017,187056
11017,187282
37141,567
37141,1523
37141,2604
37141,159947
9382,6054
9382,10685
9382,740
9382,1013
9382,1849
9382,1253
9382,1926
9382,5248
9382,7312
9382,9713
9382,11925
9382,230574
9382,233361
9382,264386
9382,267488
6715,740
6715,787
6715,1360
6715,3230
6715,9766
6715,169725
18256,516
18256,1299
18256,3358
18256,3098
18256,11534
18256,10911
18256,13063
18256,14895
18256,34079
18256,155817
18256,164092
18256,178649
18256,208018
18256,213833
18256,253411
18256,285961
18256,287274
22625,3616
22625,3691
22625,4690
22625,160246
22625,208611
2292,1361
2292,3640
2292,586
2292,3090
2292,3230
2292,7151
2292,12999
2292,34053
2292,179430
2292,197702
2292,210605
2292,312038
2292,325857
1909,5906
1909,9673
1909,11857
1909,14781
1909,15106
1909,180077
8984,818
8984,2350
8984,6021
8984,6282
8984,10850
8984,34038
8984,207767
8984,237481
61813,10629
61813,14742
4954,1196
4954,521
4954,416
4954,2006
4954,4613
4954,4811
4954,11207
4954,10614
4954,10184
4954,10287
4954,41409
4954,156208
4954,159743
4954,169271
4954,170212
4954,186281
4954,191047
4954,241869
4954,252204
4954,275061
4954,275130
4954,286507
4954,303917
4954,305466
4954,315792
4954,315793
4954,315794
4954,315795
62488,10051
62488,160945
10531,2587
10531,10181
10531,6460
10531,9137
10531,9748
10531,13005
10531,13006
10531,33740
11929,894
11929,516
11929,2041
11929,818
11929,703
11929,2619
11929,2299
11929,4232
11929,10041
11929,7335
11929,7464
11929,9826
11929,9927
11929,11925
11929,12193
11929,13097
11929,18047
11929,161545
11929,162810
11929,200918
11929,207819
11929,212643
11929,212644
11929,212646
11929,325766
11929,325775
8467,1420
8467,5303
8467,2669
8467,6241
8467,11333
8467,7312
8467,8126
8467,9864
8467,15009
8467,15214
8467,18326
8467,159574
8467,160962
8467,167584
8467,167591
8467,167598
8467,167608
8467,167617
8467,167619
8467,215404
10451,5600
10451,1918
10451,2875
10451,4995
10451,9322
10451,10508
10451,10637
10451,12428
10451,13043
10451,18035
10451,18293
10451,33476
10451,188610
10451,240303
10451,241738
10451,279490
10451,280940
10451,296852
20156,1664
20156,4378
20156,2334
20156,2589
20156,2754
20156,3688
20156,156455
20156,314019
20156,316421
18395,2041
18395,818
18395,6212
18395,738
18395,9840
18395,9673
18395,11869
18395,155271
18395,158713
18395,273392
522,30
522,444
522,663
522,571
522,640
522,886
522,1803
522,2792
522,2794
522,6562
522,10338
522,12670
522,12999
522,14632
522,162687
522,173594
522,180193
522,208611
397,6054
397,822
397,548
397,90
397,6212
397,930
397,4544
397,2599
397,5334
397,5011
397,2687
397,14602
397,250135
10525,90
10525,6711
10525,5720
10525,6496
10525,13072
10525,171826
10525,177216
10525,179430
27985,3593
27985,158416
27985,208152
15789,970
15789,2032
15789,6513
15789,4344
15789,7312
15789,6562
15789,10683
15789,157303
15789,188717
15789,240119
21183,818
21183,970
21183,5484
21183,9856
21183,11478
21183,13063
21183,15162
21183,208152
10954,2199
10954,380
10954,4001
10954,5565
10954,6384
10954,164920
47867,727
47867,4931
47867,206052
47867,325824
43475,2673
43475,4044
43475,10121
43475,11628
43475,10982
43475,11700
43475,15162
43475,18001
43475,164246
43475,197644
43475,217042
43475,220263
43475,263164
43475,269769
43475,281358
14275,520
14275,6075
14275,2398
14275,2394
14275,3616
14275,6496
14275,8635
14275,33905
14275,33910
1024,456
1024,1523
1024,2132
1024,4642
1024,9672
1024,9673
1024,9713
1024,9826
1024,14534
1024,208611
1024,324429
1024,325854
17207,1441
17207,5570
17207,193594
17207,204204
17207,207317
13701,1233
13701,1643
13701,3344
13701,5565
13701,164181
13701,164186
13701,164193
13701,164199
13701,223778
13701,227302
13701,268830
13701,270404
13701,340972
13701,355077
14819,5767
14819,6259
14819,2064
14819,9974
14819,162257
14819,172426
14819,217637
14819,233061
32631,779
32631,782
32631,1462
32631,1430
32631,9990
32631,2908
32631,5572
32631,10278
32631,13116
32631,18522
32631,175245
32631,269233
11777,1334
11777,2303
11777,3296
11777,4803
11777,155585
11777,248025
11777,273865
628,90
628,818
628,582
628,3133
628,4197
628,2411
628,3136
628,3134
628,3143
628,9668
628,15032
628,160279
628,188959
628,207928
628,232469
628,269365
87729,1704
87729,254
87729,90
87729,2020
87729,5565
87729,5870
87729,8570
87729,160279
18713,242
18713,3149
18713,175514
6280,1009
6280,6007
6280,3725
6280,1279
6280,14760
6280,163070
6280,200234
6280,221297
6280,228611
6280,228637
6280,228638
6280,325776
9061,1196
9061,1415
9061,570
9061,818
9061,1992
9061,6139
9061,2463
9061,9748
9061,10714
37108,4379
37108,3521
37108,3966
37108,10982
37108,161257
37108,252571
6071,378
6071,242
6071,4654
6071,3149
6071,6259
6071,2340
6071,4009
6071,9714
6071,9748
6071,9826
6071,10291
6071,40956
6071,156208
6071,160488
6071,163589
6071,207268
11,11195
11,4270
11,11196
11,803
11,4271
11,6212
11,6089
11,526
11,11107
11,9882
11,13194
11,18034
11,33637
11,158455
11,161176
11,177912
11,178712
11,325811
11,325812
9587,894
9587,970
9587,65
9587,3725
9587,5923
9587,33513
9587,174566
9587,174570
9587,174584
9587,187056
9587,207317
9587,207928
9587,272698
9587,336680
19101,818
19101,970
19101,6271
19101,964
19101,3551
19101,5248
19101,10873
19101,12663
19101,13014
19101,14514
19101,14636
19101,41172
19101,155402
19101,155619
19101,156597
19101,165583
19101,186797
49980,9673
49980,18035
49980,170154
17961,596
17961,931
17961,2340
17961,11323
17961,12565
17961,248288
18183,931
18183,380
18183,818
18183,1918
18183,6038
18183,2940
18183,3200
18183,13027
18183,14768
18183,156597
18183,242454
18183,285853
4476,380
4476,447
4476,818
4476,2504
4476,5973
4476,680
4476,1797
4476,2752
4476,2803
4476,10322
4476,10614
4476,10188
4476,11157
4476,13072
4476,165583
4476,210184
4476,236170
4476,237057
4476,240119
4476,243959
4476,262121
4476,281658
4476,325835
4476,331415
11008,1543
11008,2112
11008,11138
11008,4409
11008,5947
11008,6417
11008,9052
11008,162257
47504,8045
47504,5301
47504,10041
32325,10211
32325,10726
32325,12670
32325,12987
32325,33426
32325,41334
32325,164253
32325,180085
32325,187056
32325,206318
32325,230668
32325,262332
43742,2799
43742,158558
43742,189008
43742,207819
43742,208280
28313,2488
28313,516
28313,456
28313,1009
28313,818
28313,3012
28313,641
28313,2438
28313,919
28313,1803
28313,2393
28313,1751
28313,5153
28313,2434
28313,4056
28313,6230
28313,7856
28313,7638
28313,10131
28313,34094
11318,1157
11318,5565
11318,9672
11318,10181
11318,6079
11318,41329
11318,159315
11318,160279
11318,186686
11318,191600
11318,208570
11318,220649
11318,260426
3036,1706
3036,9714
3036,15032
3036,162810
3036,200918
3036,212737
3036,249629
3036,251667
3036,292593
3036,325773
3036,325780
3036,325786
3036,325853
24070,65
24070,640
24070,9253
24070,9714
24070,171770
24070,172789
24070,187056
24070,192598
24070,207317
8986,549
8986,2005
8986,4750
8986,6593
8986,6664
8986,166462
8986,240119
10510,1605
10510,65
10510,2081
10510,1991
10510,2618
10510,4896
10510,9714
10510,207317
17402,209792
17402,292593
17402,309426
17402,319319
17402,325762
17402,325765
17402,325814
17402,325840
38722,2356
38722,6038
38722,10235
38722,12670
38722,18035
38722,208397
8438,378
8438,1563
8438,2501
8438,3859
8438,10909
8438,33519
8438,207240
8438,207883
8438,211082
8438,215596
8438,223044
11593,1415
11593,2294
11593,4948
11593,40865
1945,1889
1945,697
1945,1608
1945,1646
1945,2171
1945,5650
1945,5774
1945,5922
1945,11268
1945,18035
39310,898
39310,586
39310,6149
39310,14707
39310,156316
39310,208384
56428,236
56428,1706
56428,818
56428,703
56428,3298
56428,14760
56428,14964
56428,15127
63105,679
63105,4458
63105,9663
63105,12190
241,5600
241,736
241,625
241,1583
241,1584
241,1740
241,2754
241,9701
241,8201
241,206545
241,207691
241,251667
241,289985
241,294933
241,320537
241,325763
241,325766
9058,663
9058,815
9058,110
9058,1332
9058,131
527,30
527,236
527,570
527,2660
527,331
527,100
527,3739
527,567
527,941
527,6267
527,697
527,2300
527,1551
527,2394
527,2320
527,2658
527,2659
527,2663
527,2667
527,10508
527,10766
527,9986
527,11925
527,15158
527,15237
527,33841
527,156052
527,219865
6950,3664
6950,6092
6950,1402
6950,1261
6950,15149
6950,17995
6950,158025
101,922
101,242
101,2356
101,782
101,796
101,417
101,1470
101,2708
101,697
101,4613
101,9748
101,9826
101,9957
101,10226
101,10703
101,206671
101,207268
101,233083
101,316832
63020,1900
63020,187056
63020,207901
63020,208396
2307,931
2307,10791
2307,15233
2307,15235
680,2231
680,8627
680,9730
680,11436
680,12670
680,14604
680,157171
680,171366
680,207268
680,309974
41478,4243
25296,779
25296,1463
25296,1788
25296,11051
25296,11595
25296,11860
25296,40865
25296,164224
25296,165576
25296,198147
25296,226776
25296,262142
40156,516
40156,739
40156,6150
40156,718
40156,2292
40156,2698
40156,3691
40156,7412
40156,10093
40156,11001
40156,11011
40156,14765
40156,33841
40156,157008
40156,158431
40156,161207
40156,166477
40156,172391
40156,179567
40156,187056
40156,190076
40156,198423
40156,207691
40156,234116
40156,253509
40156,258533
40156,265777
40156,275157
40156,315279
40156,345400
40156,347092
11450,5340
11450,2887
11450,2954
11450,4325
11450,6987
11450,7271
11450,9672
11450,6784
11450,9031
11450,3977
11450,10909
11450,208611
11450,288302
11450,325773
11450,325775
11450,325790
11450,325819
30304,1668
30304,2692
30304,10428
30304,13014
30304,14669
30304,187056
10452,90
10452,818
10452,3686
10452,9920
10452,10410
10452,191599
10452,208244
10452,220890
10452,244367
10452,258300
12106,75
12106,9748
12106,9930
12106,10950
12106,325775
12106,325842
161495,3739
161495,1158
161495,1421
161495,1253
161495,4459
161495,13014
161495,156866
161495,190012
3586,922
3586,90
3586,2863
3586,2619
3586,6805
3586,6878
3586,6879
3586,12193
3586,15479
3586,167198
3586,173242
110,1326
110,934
110,1533
110,4918
110,5259
110,5260
110,4193
110,15162
110,18420
110,157984
110,167982
110,245727
110,248512
110,275133
110,325806
108,254
108,90
108,1233
108,4424
108,5257
108,697
108,309029
108,317819
109,254
109,928
109,2039
109,4480
109,3739
109,9673
109,21747
109,272553
109,317819
109,318182
92769,2726
92769,3301
92769,10714
92769,208728
28033,10041
28033,225655
22586,7376
22586,4152
22586,6513
22586,4344
22586,9799
22586,10407
14334,658
14334,2041
14334,3754
14334,3371
14334,10235
14334,10430
14334,14985
14334,47020
14334,158063
14334,162798
14334,167625
14334,174617
14334,179578
14334,180781
14334,186830
14334,201713
14334,203879
14334,232483
14334,233636
14334,251305
14334,252105
14334,258197
14334,284176
14334,287539
14334,287591
14334,301976
14334,310902
2636,818
2636,1653
2636,5572
2636,9748
2636,10291
2636,33556
2636,159358
2636,207268
2636,219404
2164,1160
2164,3822
2164,1949
2164,3801
2164,8862
2164,9882
2164,11402
2164,11606
2164,41414
2164,159138
2164,160381
2164,161176
2164,163331
2164,163338
2164,163347
11395,520
11395,65
11395,1441
11395,5011
11395,1991
11395,5570
11395,164246
11395,178364
11395,207317
11395,240119
11395,260365
278,378
278,6054
278,796
278,417
278,818
278,6089
278,3929
278,2885
278,4779
278,11436
278,8622
278,9777
278,12662
278,165583
278,180172
278,207883
278,236369
278,325807
9905,1448
9905,388
9905,1253
9905,2635
9905,10123
9905,3130
9905,10594
9905,155704
9905,166623
9905,207268
9905,210162
9905,256330
9905,266753
9905,309974
9905,316832
9905,319397
9905,322752
9905,325763
9905,325803
9905,325857
9905,336810
87078,1453
87078,10085
87078,12999
87078,15016
87078,156097
87078,177035
12527,701
12527,1228
12527,2679
12527,3230
12527,11479
12527,10180
12527,158718
12527,168186
12527,173644
12527,258533
20306,3658
20306,1930
20306,2887
20306,10123
20306,8201
20306,10886
20306,9748
20306,12396
20306,12670
20306,33740
20306,169311
20306,212404
20306,254568
20306,266245
20306,274087
36614,5656
36614,5657
36614,10181
36614,11687
36614,158718
36614,240119
36614,258533
31439,516
31439,478
31439,395
31439,5305
31439,4004
31439,4355
31439,177329
31439,207883
31439,208611
31439,208992
9067,4565
9067,2535
9067,5484
9067,9717
9067,18034
9067,187056
9067,256328
9059,549
9059,2849
9059,4238
9059,9717
9059,9649
9059,15001
9059,175360
193,803
193,1612
193,3822
193,1472
193,697
193,34079
193,161176
193,162410
193,162415
193,162429
193,204390
193,227068
193,230656
193,237591
193,252634
193,278566
193,286390
25066,378
25066,516
25066,796
25066,529
25066,2394
25066,6154
25066,3136
25066,9706
25066,9707
25066,9826
25066,10700
25066,11719
25066,14999
25066,160321
25066,160322
25066,165636
25066,240764
25066,245799
12122,3725
12122,5331
12122,4862
12122,9951
12122,9535
12122,161891
11381,7312
11381,15214
36141,4898
36141,10051
36141,18083
36141,207268
95963,2956
95963,10787
1587,791
1587,380
1587,818
1587,4129
1587,2029
1587,10041
1587,9974
1587,14768
1587,168867
1587,207051
9271,803
9271,310
9271,4286
9271,282
9271,4563
9271,2651
9271,3249
9271,8440
9271,9819
9271,10714
9271,12190
9271,12670
9271,177258
9271,269233
2064,520
2064,732
2064,380
2064,2038
2064,5301
2064,1552
2064,9799
2064,5989
2064,9673
2064,11612
2064,207317
19855,422
19855,6733
19855,208349
60855,5600
60855,2356
60855,970
60855,1463
60855,10194
60855,13043
60855,18035
60855,33928
60855,164224
60855,187056
236,5600
236,30
236,6054
236,1566
236,2038
236,1412
236,1571
236,2064
236,2065
236,2069
236,2070
236,3925
236,2386
48287,9713
48287,11663
48287,13088
48287,156801
48287,187056
48287,208721
3049,416
3049,630
3049,703
3049,2526
3049,6241
3049,6732
3049,9253
3049,18165
3049,155790
3049,208152
2759,5657
2759,4580
2759,1013
2759,824
2759,2803
2759,4344
2759,34115
2759,158718
2759,193459
2759,193760
2759,202371
2759,208327
2759,257962
2759,258533
2759,259376
2759,290527
2759,309974
2759,324713
2759,325761
2759,325762
2759,325765
2759,325769
2759,325770
2759,325775
2759,325781
2759,325791
2759,325856
12635,953
12635,4750
12635,164682
12635,164698
12635,164700
12635,164713
12635,164715
12635,164716
10497,5809
10497,2587
10497,1664
10497,2799
10497,2564
10497,4115
10497,5859
10497,6373
10497,178649
11382,242
11382,1808
11382,2276
11382,6220
11382,10818
11382,10965
11382,156028
11382,164246
11382,207876
11382,254769
9331,1589
9331,591
9331,720
9331,441
9331,840
9331,818
9331,502
9331,5265
9331,6078
9331,2149
9331,3070
9331,3547
9331,7336
9331,5867
9331,9663
9331,9596
9331,10185
9331,10175
9331,10950
9331,14601
9331,155723
9331,156805
9331,185994
9331,209817
9331,226620
9331,286006
9331,295635
9331,326871
9331,326874
9331,330724
10731,236
10731,380
10731,5301
10731,3149
10731,5340
10731,4009
10731,4508
10731,7255
10731,10909
10731,251667
10731,254459
10731,321464
10731,325761
10731,325769
10731,325848
10731,325853
10464,5600
10464,6054
10464,697
10464,10392
10464,17997
10464,160910
10464,187056
10464,325765
34152,1228
34152,3017
34152,10041
34152,10508
34152,10616
34152,11093
34152,41523
34152,165402
34152,193430
34152,325810
9495,779
9495,9715
9495,6152
9495,3335
9495,4639
9495,9717
9495,9748
9495,11363
9495,7002
9495,10044
9495,12415
9495,13125
9495,18021
9495,33505
9495,33556
9495,202371
9495,207268
9495,232469
9495,251513
9495,266013
9495,269233
9495,315058
9495,325778
9495,325851
9495,325854
29973,6075
29973,1480
29973,2495
29973,5565
29973,6165
29973,159201
29973,168322
29973,249977
888,6054
888,4812
888,931
888,554
888,2393
888,2374
888,2783
888,4428
888,10244
888,12392
888,12616
888,159955
13,613
13,2957
13,422
13,791
13,6054
13,840
13,521
13,447
13,828
13,818
13,458
13,641
13,970
13,895
13,1228
13,1803
13,1646
13,2075
13,4243
13,5709
13,10235
13,14569
13,14768
13,162365
13,164246
13,181557
13,208992
13,231401
13,240237
13,260872
13,311315
13,329716
712,6054
712,1459
712,2038
712,392
712,1334
712,3739
712,213
712,699
712,1873
712,6038
712,3568
712,3577
712,3581
712,3582
712,3583
712,3584
712,5347
712,10050
712,10048
712,13027
712,14886
712,155939
712,196499
712,196682
712,237989
16295,3060
16295,3616
16295,12425
16295,171662
16295,171665
16295,171667
16295,171670
16295,171676
16295,264386
48992,2124
48992,9673
48992,9890
48992,14604
48992,187056
10879,918
10879,9799
10879,5440
10879,9823
10879,12193
10879,33556
10879,165301
10879,202401
10660,242
10660,828
10660,3012
10660,5332
10660,10738
10660,9672
10660,8015
10660,10232
10660,157384
10660,173103
10660,186827
10660,208262
10660,208263
10660,309005
10660,309006
10660,324429
10660,325784
10714,4809
10714,5650
10714,10787
10714,10468
10714,13072
41647,2652
41647,2903
41647,2936
8587,2123
8587,697
8587,409
8587,2043
8587,6513
8587,2887
8587,3289
8587,11436
8587,4344
8587,6464
8587,10683
8587,9826
8587,9900
8587,11326
8587,13084
8587,14767
8587,18035
8587,18136
8587,18153
8587,18330
8587,244492
8587,281585
8587,325784
8587,325842
1689,4476
1689,4558
1689,5484
1689,5722
1689,5723
1689,10419
11596,657
11596,1566
11596,3030
11596,4426
11596,1930
11596,6259
11596,886
11596,6152
11596,3521
11596,4142
11596,6732
11596,2494
11596,6562
11596,9820
11596,9826
11596,10232
11596,11612
11596,12339
11596,12396
11596,47020
11596,160612
11596,161184
11596,170383
11596,175629
11596,179878
11596,190157
11596,225012
11596,239797
11596,256183
11596,321464
11596,325772
854,851
854,974
854,9715
854,2422
854,4375
854,3289
854,9887
854,9717
854,9253
854,9903
854,15162
854,33556
854,156257
854,163074
854,179101
854,251513
9359,3799
9359,1582
9359,383
9359,787
9359,10322
9359,1897
9359,10453
9359,11073
9359,10562
9359,18083
9359,223769
9359,236140
9359,266416
9359,269769
9359,298374
23333,242
23333,947
23333,567
23333,5565
23333,9840
23333,9856
23333,13028
23333,207876
36593,6149
36593,1568
36593,9755
36593,11316
36593,9253
36593,11931
36593,12670
36593,13015
36593,208208
36593,269233
36593,269769
36593,320420
12280,242
12280,918
12280,3664
12280,3836
12280,9826
12280,156080
12280,157380
12280,223587
2788,1873
2788,1253
2788,2200
2788,2566
2788,5865
2788,198673
10427,422
10427,798
10427,1016
10427,2708
10427,1419
10427,1420
10427,1227
10427,2669
10427,10594
10427,9826
10427,10856
10427,15009
10427,156052
10427,163853
10427,176253
10427,199073
10427,207268
11011,10910
11011,12547
11011,18035
11011,333375
49803,456
49803,586
49803,818
49803,4424
49803,6038
49803,10170
49803,208316
8987,1157
8987,2660
8987,5809
8987,1680
8987,680
8987,1261
8987,2587
8987,1621
8987,2301
8987,5144
8987,10041
8987,7188
8987,8158
8987,10051
8987,10508
8987,14620
8987,14724
8987,15009
8987,15162
8987,15263
8987,171459
8987,175428
8987,177438
8987,181135
8987,187314
8987,188953
8987,202401
8987,222268
8987,222342
8987,234963
8987,240119
8987,240237
8987,241987
8987,286864
8987,288394
8987,293351
8987,318866
8987,318867
8987,318868
1637,1470
1637,2532
1637,8010
1637,12670
1637,33594
1637,157251
1637,167377
1637,173316
1637,177489
1637,182216
1637,187270
1637,202371
1637,208319
1637,216966
1637,275777
1637,314730
1637,321464
1637,325778
1637,325811
1637,330094
1637,349791
1637,349792
1637,349793
15128,6078
15128,9673
15128,208323
8831,779
8831,4379
8831,9717
8831,175629
8831,207876
8831,207928
8831,210608
8831,252104
8831,273293
8831,284330
8831,285398
8831,342549
36955,1196
36955,2284
36955,1419
36955,1930
36955,470
36955,3546
36955,4289
36955,13015
36955,161520
36955,167444
36955,167466
36955,167467
36955,206958
36955,217421
36955,256330
36955,314730
10449,1605
10449,1157
10449,18035
10449,33457
10449,40952
10449,209792
10449,240422
10449,316832
10449,325761
10449,325762
10449,325769
10449,325832
10449,325853
10395,596
10395,4197
10395,2499
10395,7946
10395,12564
10395,156799
10395,188994
12160,75
12160,798
12160,395
12160,1559
12160,1859
12160,4391
12160,6165
12160,5074
12160,9550
12160,195218
12160,207928
12160,219366
40480,591
40480,934
40480,1936
52038,6054
52038,4729
52038,14985
52038,41406
52038,258533
29444,818
29444,10685
29444,6007
29444,697
29444,1930
29444,1562
29444,3725
29444,11799
29444,6562
29444,10349
29444,10809
29444,11612
29444,15069
29444,15249
29444,156064
26352,2151
26352,1812
26352,14964
26352,155790
26352,222423
39953,9706
39953,10180
39953,158718
39953,190200
39953,210608
39953,258533
315,999
315,1930
315,1663
315,627
315,1664
22067,10235
22067,13073
22067,14534
22067,208282
22067,232076
22067,239797
22067,251667
22067,261264
22067,293649
22067,324429
22067,325766
22067,325780
22067,325790
22067,325818
22067,325819
22067,325820
22067,325824
18242,10121
11667,779
11667,1562
11667,5362
11667,407
11667,7188
11667,10076
11667,15053
11667,41645
11667,325845
32502,2708
32502,2820
32502,5828
32502,9866
32502,9826
28732,9864
28732,15363
75555,2863
75555,6152
75555,11034
75555,208293
42981,2679
42981,2131
42981,5565
42981,222228
278939,642
278939,974
278939,3300
278939,10594
278939,168350
291731,4129
291731,1523
291731,15249
291731,155532
203119,8201
2654,1415
2654,6255
2654,2340
2654,10738
2654,6018
2654,10941
2654,10818
2654,14765
2654,33505
2654,41380
2654,41393
2654,155435
2654,166701
2654,188994
2654,235266
2654,287274
2654,325782
18069,1019
18069,155291
18069,190078
19092,6075
46094,6075
9409,3149
9409,4171
9409,8015
9409,41158
9409,155446
11853,6946
11853,9748
11853,34009
11853,155573
11853,168405
11853,168418
11853,168422
16771,3588
16771,514
16771,107
16771,156063
16771,164829
16771,208289
46924,3836
46924,161257
11041,5521
11041,10590
11041,12547
11041,14559
11041,163047
11041,187056
11041,269769
11041,298618
306,10084
306,1568
306,703
306,5340
306,4230
306,10950
306,11719
306,12371
306,12670
306,14967
306,15124
306,18021
306,41249
306,155582
306,156768
306,158340
306,163047
306,167316
306,170192
306,180996
14522,2673
14522,2755
14522,187056
26203,15127
26203,164092
26203,305673
178,6029
178,6104
178,1680
178,2407
178,3537
178,5879
178,9856
178,9748
178,13015
178,13027
178,14601
178,33406
178,155530
178,157198
178,157251
178,159743
178,179966
178,206544
178,219404
178,222423
178,226463
19819,6075
19819,6496
57834,1157
57834,2075
57834,3312
57834,4709
57834,4409
57834,4593
57834,9838
57834,10061
57834,41329
57834,208611
57834,226391
57834,227476
57834,331167
57834,336556
4722,1448
4722,10685
4722,4409
4722,9951
4722,9714
4722,13065
4722,14909
4722,15250
4722,161290
4722,161891
4722,191331
4722,200054
4722,218105
18215,1566
18215,1930
18215,1523
18215,10048
18215,13005
18215,13063
18215,159278
18215,187056
18215,206219
1607,700
1607,395
1607,3739
1607,924
1607,970
1607,3149
1607,1797
1607,5343
1607,5606
1607,5609
1607,5611
1607,5612
1607,10391
1607,12392
1607,15155
1607,160488
1607,160910
1607,161307
1607,170652
1607,208992
1607,217989
117553,387
117553,966
117553,331
117553,2398
117553,10738
117553,2135
117553,5609
117553,8098
117553,10683
117553,10776
117553,10333
117553,12396
117553,13088
117553,162262
117553,208611
6075,242
6075,818
6075,3149
6075,1663
6075,3398
6075,1228
6075,2124
6075,2150
6075,2334
6075,6840
6075,9673
6075,10909
6075,14964
6075,155490
6075,207268
11310,1321
11310,1421
11310,1197
11310,6956
11310,7508
11310,155291
11310,167863
11310,288816
9350,3800
9350,1262
9350,2805
9350,4245
9350,4702
9350,8624
9350,10051
9350,10594
9350,10794
9350,159212
9612,1603
9612,4862
9612,6968
9612,164246
9612,315609
2124,387
2124,2726
2124,1308
2124,2340
2124,1664
2124,2655
2124,9872
2124,11036
2124,15106
2124,18118
2124,41329
2124,155812
2124,178649
2124,309974
26261,155446
26261,177637
26261,177648
26261,177652
26261,177656
26261,177658
26261,193171
19176,242
19176,1019
19176,9503
19176,161317
19176,167541
19176,180257
19176,335566
19176,335567
49299,9732
49299,14964
49299,15160
49299,33490
49299,158951
49299,235736
49299,338607
49299,339099
11566,732
11566,840
11566,833
11566,4073
11566,11200
11566,13067
11566,41249
11566,160364
11566,161891
11566,209327
11566,260428
11566,261315
9571,6270
9571,1228
9571,1556
9571,10683
9571,10776
9571,13088
9571,15060
9571,288816
9571,296608
9571,319319
9571,325784
9739,2964
9739,779
9739,720
9739,6149
9739,6259
9739,853
9739,4565
9739,2598
9739,2421
9739,3385
9739,3469
9739,5572
9739,9777
9739,3977
9739,10085
9739,10950
9739,12190
9739,14601
9739,14967
9739,33808
9739,162801
9739,178712
9739,179428
9739,226776
9739,226777
9739,256328
24257,5349
24257,159290
34444,108
34444,33602
34444,158718
34444,163726
26141,11931
26141,155790
10997,478
10997,3679
10997,640
10997,4004
10997,7439
10997,12392
10997,33683
10997,158718
10997,221307
10997,222233
10997,230999
10443,9872
10443,10617
10443,33720
10443,159315
10443,249530
20239,898
20239,4048
20239,11800
20239,11931
16297,960
16297,9798
16297,41267
16297,171162
16297,207844
18551,1415
18551,395
18551,1556
18551,2299
18551,2781
18551,9840
18551,9826
18551,11728
18551,14903
18551,15295
18551,148540
18551,159607
18551,173719
18551,187786
18551,197573
18551,220003
18551,222287
18551,305033
18551,325430
25440,160790
25440,207876
25440,208634
9024,612
9024,1808
9024,9758
9024,9433
9024,11869
37233,1936
37233,2587
37233,1812
37233,8758
37233,3702
37233,10391
37233,10909
37233,34079
37233,162813
37233,201456
37233,208043
37233,214652
37233,254459
37233,302593
37233,316832
1634,4676
1634,2438
1634,6089
1634,1751
1634,2526
1634,12392
1634,155529
1634,155582
1634,179430
13815,2231
13815,242
13815,316
13815,542
13815,697
13815,1601
13815,2149
13815,2394
13815,2235
13815,5707
13815,6691
13815,9748
13815,10176
13815,10404
13815,14964
13815,15155
13815,34079
13815,41523
13815,239274
13815,253411
13815,307889
13815,319922
13815,342829
5503,520
5503,10685
5503,3713
5503,3440
5503,3262
5503,3437
5503,11207
5503,9856
5503,9714
5503,10085
5503,10718
5503,10562
5503,10410
5503,11734
5503,13005
5503,14903
5503,18118
5503,173976
5503,180172
5503,200234
5503,219404
5503,226499
5503,249136
5503,314730
5503,325803
35588,4616
35588,10322
35588,6165
35588,15126
35588,156234
35588,194581
35588,260872
2087,2708
2087,2095
2087,10718
2087,159588
2087,159595
2087,159600
2087,159601
2087,159602
2087,219404
2087,226499
41579,1936
41579,3202
41579,10051
41579,240119
41579,338628
41579,342295
18620,9833
18620,10180
18620,158718
18620,187056
41006,2702
4916,281849
4916,281850
2019,779
2019,797
2019,6259
2019,2411
2019,3070
2019,5572
2019,10594
2019,10291
2019,13017
2019,13116
2019,15137
2019,18522
2019,41599
2019,192913
2019,207678
2019,219404
2019,226499
31642,2957
31642,2956
31642,1327
31642,4119
31642,5565
31642,9672
31642,10131
31642,11925
31642,14641
31642,15162
31642,208176
31642,292930
9255,10084
9255,1400
9255,5362
9255,4289
9255,9755
9255,15087
9255,240583
26271,5595
26271,12392
10612,1209
10612,2504
10612,5331
10612,210184
10612,214527
2259,4932
2259,1291
2259,3009
2259,11627
2259,6285
2259,6451
2259,11925
2259,155881
2259,170620
2259,208720
2259,324198
11934,613
11934,242
11934,736
11934,236
11934,4812
11934,417
11934,1568
11934,1436
11934,5306
11934,5340
11934,6133
11934,10594
11934,155457
11934,203525
11934,203528
11934,208611
11934,220219
106143,970
106143,208186
12475,6054
12475,4595
12475,2470
12475,156052
9386,782
9386,591
9386,840
9386,833
9386,3088
9386,10333
9386,15134
9386,41249
9386,197582
9386,202371
9386,208633
9386,314730
9386,321464
9386,325766
9386,325777
7984,378
7984,11196
7984,818
7984,970
7984,6150
7984,1228
7984,5565
7984,7005
7984,11038
7984,9727
7984,13006
7984,13015
7984,14552
7984,14985
7984,33519
7984,156219
7984,157198
7984,179569
7984,193264
7984,226774
7984,235908
7984,240119
7984,243713
7984,273371
7984,292178
7984,299594
7984,307897
7984,319264
7984,325806
7984,328410
7984,329316
7984,343636
7984,343637
15765,1228
15765,2803
15765,4746
15765,5565
15765,5718
15765,6562
15765,10229
15765,10232
15765,11925
15765,15208
15765,155794
15765,156306
15765,200234
15765,200918
15765,202371
15765,208992
15765,212643
15765,236650
15765,266753
15765,269808
15765,281585
15765,309974
15765,325761
15765,325762
15765,325766
15765,325780
15765,325792
15765,325794
15765,325824
6,2231
6,520
6,10685
6,162914
6,209476
329,911
329,2041
329,1764
329,1765
329,1767
329,1718
329,1720
329,1719
329,12616
329,155582
329,158340
10909,736
10909,387
10909,900
10909,1003
10909,1420
10909,1930
10909,6259
10909,917
10909,2669
10909,3306
10909,7312
10909,9826
10909,10714
10909,41329
10909,156121
10909,163726
10909,277050
10909,280688
507,6054
507,549
507,642
507,726
507,90
507,1416
507,740
507,1930
507,1562
507,974
507,2671
507,2375
507,1759
507,1953
507,2492
507,9826
507,14964
507,15363
507,33625
507,160488
34024,612
34024,5571
34024,7453
34024,14641
34024,159845
34024,170869
34024,171026
34024,171028
34024,171036
34024,171039
34024,171040
34024,171043
34024,171051
34024,171052
34024,171054
34024,196549
29918,15162
29918,158416
29918,178869
9593,1701
9593,2343
9593,3289
9593,10656
9593,9732
9593,11687
9593,11931
9593,15252
9593,15284
9593,48711
9593,160612
9593,161849
9593,161868
9593,219404
9593,269233
42580,242
42580,1785
42580,33935
42580,155621
42580,162936
42580,190186
42580,207317
22317,952
22317,184671
1413,478
1413,164920
1413,208992
12121,6270
12121,2142
12121,1874
12121,159141
2246,2587
2246,4617
2246,6431
2246,168386
10502,6054
10502,6271
10502,3301
10502,3868
10502,10508
10502,9673
10502,207819
10502,208992
10440,5340
10440,10123
10440,10226
10440,168346
9516,2231
9516,542
9516,3149
9516,2394
9516,6147
9516,12670
9516,200234
9516,200918
9516,202371
9516,202760
9516,232076
9516,266753
9516,325766
9516,325767
9516,325780
9516,325817
9516,325829
9516,325830
2320,10084
2320,3800
2320,4210
2320,258
2320,1336
2320,1562
2320,4245
2320,4460
2320,5422
2320,9758
2320,9856
2320,10349
2320,10185
2320,10617
2320,10950
2320,13015
2320,14601
2320,18420
2320,161998
2320,185266
2320,185692
2320,188955
2320,220935
5879,233
5879,445
5879,931
5879,4342
5879,1411
5879,1796
5879,4115
5879,4481
5879,9672
5879,6373
5879,11869
5879,13059
5879,197505
5879,214548
5879,244904
5879,267122
5879,296479
5879,320654
5879,328992
83718,248
83718,4433
83718,11677
83718,208467
11971,1605
11971,3927
11971,1338
11971,2404
11971,4320
11971,3289
11971,10181
11971,13027
11971,34038
11971,256330
11971,299608
11971,325761
11971,325762
11971,325773
2625,894
2625,2726
2625,161698
2625,166927
2625,207592
2625,220448
31911,6054
31911,1992
31911,11510
31911,174916
31911,208125
788,2546
788,970
788,582
788,2438
788,640
788,2341
788,1946
788,3864
788,4056
788,161944
788,192185
788,208368
21450,212
21450,570
21450,1541
21450,4426
21450,5857
21450,4280
21450,7368
21450,11534
21450,9957
21450,10616
21450,13017
21450,14624
21450,17937
21450,33740
21450,156104
21450,164186
21450,165288
21450,178649
21450,181324
21450,208548
21450,247548
21450,324886
11231,6270
11231,779
11231,6075
11231,1529
11231,1412
11231,3436
11231,9748
11231,11870
11231,12670
11231,160243
11231,281445
11231,309974
11231,323809
11231,325844
41588,1873
41588,10123
41588,8201
41588,9887
41588,208283
10447,378
10447,2964
10447,2041
10447,797
10447,1563
10447,818
10447,10685
10447,3713
10447,6259
10447,4565
10447,9774
10447,10349
10447,10787
10447,162380
31586,970
31586,5561
31586,11336
31586,9935
31586,15101
9300,212
9300,818
9300,7153
9300,11687
9300,11402
9300,187056
9300,199812
9300,212915
9300,214410
9559,1562
9559,1556
9559,9777
9559,7118
9559,170865
9559,170881
9559,177609
9559,208992
9800,276
9800,6148
9800,1417
9800,740
9800,904
9800,1013
9800,7335
9800,9104
9800,9766
9800,10909
9800,41589
9800,158718
9800,186782
9800,200918
9800,207968
9800,208289
9800,211659
9800,214780
9800,251667
9800,254167
9800,258533
9800,266753
9800,293649
9800,314730
9800,315053
9800,325766
9800,325781
9800,325784
9800,325806
9800,325824
713,596
713,7879
713,966
713,931
713,128
713,1533
713,1463
713,738
713,2692
713,1942
713,2320
713,2658
713,2659
713,3591
713,3593
713,10392
713,14743
713,159868
713,187056
713,188953
713,207592
713,207928
713,230999
713,240315
713,292593
713,311315
713,321464
8291,697
8291,1647
8291,7312
8291,12670
8291,15208
8291,159103
8291,209792
8291,225219
8291,269808
8291,281585
8291,325761
8291,325808
8291,338528
8291,338543
18133,6075
18133,579
25557,9678
25557,1415
25557,818
25557,10685
25557,2029
25557,11107
25557,9951
25557,9882
25557,160515
22588,1224
22588,2135
22588,13028
22588,14530
10872,642
10872,6149
10872,970
10872,1437
10872,65
10872,1562
10872,5362
10872,1936
10872,1441
10872,1991
10872,2374
10872,2797
10872,10123
10872,10041
10872,6981
10872,9727
10872,10958
10872,12997
10872,33457
10872,207317
10872,215334
1245,918
1245,212
1245,2652
1245,392
1245,1307
1245,1655
1245,1797
1245,14905
1245,17997
1245,33360
1245,171826
1245,208611
1245,214548
11858,422
11858,1004
11858,5920
11858,13065
11858,156052
11858,187056
11858,193547
7007,736
7007,417
7007,818
7007,6149
7007,703
7007,2564
7007,1946
7007,4530
7007,9665
7007,9826
7007,18100
7007,167618
7007,189402
7007,226616
7007,238032
7007,254921
7007,306984
10467,933
10467,271
10467,3179
10467,6165
10467,8890
10467,14791
10467,324713
5550,6149
5550,679
5550,4565
5550,9663
5550,12190
5550,33699
8005,616
8005,2005
8005,2471
8005,4147
8005,5774
8005,6128
8005,9755
8005,9727
8005,11687
8005,9920
8005,11931
8005,11715
8005,12380
8005,13084
2088,5906
2088,4668
2088,6220
2088,9016
2088,10978
2088,12366
2088,12367
2088,179577
2088,267608
2088,292178
2088,324599
10412,2356
10412,379
10412,2652
10412,836
10412,6259
10412,6218
10412,207915
10412,258533
47889,1196
47889,155419
47889,158054
47889,226518
47889,326553
14534,240
14534,6075
14534,579
14534,5565
14534,10235
14534,160190
56583,242
56583,222
56583,1003
56583,6025
56583,2981
41878,158718
41878,168812
41878,258533
41878,349176
424,1382
424,1701
424,2652
424,1631
424,1799
424,1739
424,1956
424,2394
424,2433
424,2446
424,3599
424,2450
424,5565
424,9672
424,2456
424,12995
424,12999
424,13008
424,21747
424,156075
424,234812
424,325799
424,343969
35233,6075
35233,1480
35233,1484
35233,170652
35233,191043
14291,242
14291,316
14291,2348
14291,5561
14291,4926
14291,12969
14291,182210
14291,275348
14291,279106
103413,236
103413,2438
103413,6783
103413,5331
103413,13014
103413,173066
103413,194430
103413,209051
11236,818
11236,964
11236,2105
11236,6464
11236,9180
11236,12663
11236,13014
11236,187056
11236,193263
11236,210200
11592,6148
11592,2539
11592,2672
11592,10123
11592,3451
11592,8201
11592,4556
11592,6170
11592,6440
11592,7717
11592,10532
11592,9826
11592,10714
11592,33724
11592,164657
11592,168196
11592,207299
11592,240236
8850,242
8850,1815
8850,9715
8850,2336
8850,3363
8850,9717
8850,155494
8850,189115
8850,190034
8850,207268
10445,4327
10445,392
10445,5301
10445,186
10445,2132
10445,1338
10445,6038
10445,10181
10445,8095
10445,10818
10445,13028
10445,13072
10445,208611
10445,281386
695,236
695,720
695,1332
695,697
695,1495
695,3017
695,3131
695,3457
695,3521
695,12670
695,164162
695,171366
12519,2587
12519,1499
12519,5918
12519,3182
12519,6023
12519,155870
12519,161216
12519,214548
23210,242
23210,3202
23210,14893
23210,155795
23210,325773
23210,325806
858,736
858,6054
858,725
858,3800
858,2038
858,6059
858,970
858,697
858,65
858,1224
858,3740
858,1441
858,2350
858,2672
858,2687
858,2135
858,4305
858,4306
858,9673
858,160404
858,187056
867,242
867,6293
867,818
867,6259
867,1664
867,5824
867,3979
867,11494
867,9826
867,10333
867,10878
867,10226
867,11200
867,11318
867,11322
867,15128
867,178649
867,182422
867,184312
867,190370
867,207767
867,228853
867,244631
867,254565
78,803
78,391
78,801
78,310
78,6017
78,818
78,4565
78,9685
78,10718
78,12190
78,12670
78,33457
78,156189
78,163227
78,178657
78,202647
78,207268
78,215131
78,233512
78,257783
78,357496
13203,4932
13203,4543
13203,3616
13203,9468
13203,171508
13203,171521
10442,388
10442,4452
10442,5923
10442,9826
10442,157758
11074,1422
11074,5446
11074,10714
11074,180668
11074,193594
9607,380
9607,83
9607,1878
9607,9920
9607,12616
9607,41645
9607,179430
9607,187056
9607,194215
17585,295702
9057,4679
9057,2336
9057,3278
9057,8350
9057,242951
10635,128
10635,1253
10635,3183
10635,3230
10635,10623
10635,9986
10635,155870
10635,187368
10635,187370
10635,187376
10635,187387
10635,187401
10635,187416
10635,189464
10635,221023
10635,225685
10635,258533
10635,267340
9479,4062
9479,657
9479,2343
9479,65
9479,1991
9479,3335
9479,3289
9479,4344
9479,5570
9479,12200
9479,12198
9479,9720
9479,10121
9479,162846
9479,186466
9479,207317
10057,90
10057,818
10057,14577
10057,196513
10057,207941
10057,336396
10057,336397
10057,336398
10057,336399
10057,336400
11969,6145
11969,1582
11969,1859
11969,4948
11969,6165
11969,5074
11969,9550
11969,155841
11969,159845
11969,163674
11969,195218
11969,207928
11969,219366
41590,10291
41590,166462
41590,254459
319,612
319,970
319,886
319,703
319,1666
319,1667
319,2150
319,8440
319,9673
319,9826
319,10562
319,10391
319,12352
319,12670
319,14964
319,18021
319,33625
319,155539
319,163656
319,183133
319,207268
319,292593
319,294933
319,314730
319,321464
319,325784
319,325810
26408,6085
26408,6078
26408,15134
26408,187056
26408,190756
26408,200276
15139,2217
15139,11321
15139,18185
15139,209220
161158,1326
161158,158718
161158,159601
161158,168812
161158,258533
218473,187056
85247,2708
85247,179430
85247,207268
85247,208376
11446,380
11446,586
11446,970
11446,2422
11446,2544
11446,10123
11446,6733
11446,10683
11446,9789
11446,12663
11446,14632
11446,170389
11446,190116
51980,7025
51980,223199
51980,325804
24405,378
24405,3588
24405,828
24405,10685
24405,1721
24405,772
24405,2407
24405,3347
24405,11428
24405,7312
24405,10594
24405,11454
24405,18128
24405,156731
24405,162365
24405,163072
24405,208251
11655,4978
11655,2907
11655,3338
11655,5728
11655,4995
11655,2456
11655,185420
11800,242
11800,10818
11800,245045
11800,258533
8223,236
8223,1459
8223,744
8223,3739
8223,1003
8223,170125
8223,204039
14587,5248
14587,178650
14587,187056
14587,207579
14587,210590
14587,266601
31504,6075
31504,1480
41653,516
41653,818
41653,970
41653,625
41653,6069
41653,1773
41653,3603
41653,4313
41653,10683
41653,9888
41653,10144
41653,11935
41653,157912
41653,157955
41653,159959
41653,174254
41653,214548
23637,187056
17600,596
17600,33841
17600,158591
17600,180523
17600,214954
17600,350502
10897,6054
10897,4358
10897,155939
10897,187056
349394,10683
21352,158063
68806,10391
68806,282787
37345,7376
32562,6007
32562,12396
32562,158718
47507,3725
47507,155870
25403,588
25403,4610
25403,9706
25403,10163
25403,14735
25403,155480
25403,156630
25403,160612
25403,165402
25403,185018
25403,210052
25403,210608
25403,212755
25403,221021
25403,230967
25403,233488
124304,1415
124304,604
124304,4129
124304,10596
124304,187056
9066,1545
9066,6095
9066,187056
771,1437
771,65
771,1526
771,6511
771,10235
771,9253
771,9736
771,14903
771,162936
771,163841
771,169826
771,169829
771,169850
771,202371
771,205276
771,207317
771,230570
771,239584
771,241860
771,344458
251,663
251,417
251,815
251,6155
251,881
251,975
251,1553
251,6154
251,4116
251,9673
251,9826
251,34079
251,162846
251,196017
251,210530
251,346897
812,7376
812,2343
812,4809
812,6513
812,3289
812,3478
812,4892
812,4895
812,4896
812,4344
812,9673
812,15149
812,164246
812,173259
812,179430
812,190536
812,191012
812,234183
812,239734
812,269233
812,325856
280,312
280,679
280,1366
280,4565
280,11426
280,4458
280,3289
280,4379
280,11857
280,14857
280,14946
280,33556
280,156316
280,160131
280,160381
280,162532
280,175468
280,175472
280,202371
280,219404
280,239797
280,269233
280,322255
280,323809
280,325785
280,325786
280,325812
581,6054
581,1860
581,548
581,818
581,6059
581,1994
581,1463
581,2796
581,6089
581,1806
581,2568
581,2911
581,2912
581,10322
581,7658
581,8099
581,6335
581,10794
581,190039
581,207928
581,208780
581,211482
581,211659
581,230457
581,293649
581,311315
581,321464
581,325842
80350,591
80350,1453
80350,3391
268,851
268,848
268,852
268,853
268,9715
268,3289
268,9717
268,7002
268,11578
268,10291
268,15009
268,33637
268,41410
268,193551
268,266753
268,269233
274,818
274,1930
274,6259
274,1812
274,2878
274,9826
274,10714
274,12565
274,14707
274,14895
274,15106
274,156176
274,160977
274,207268
274,243026
274,247372
274,312365
274,314730
274,321464
274,328708
408,616
408,3737
408,7376
408,1412
408,604
408,351
408,1647
408,2011
408,2013
408,6513
408,3289
408,4781
408,33673
408,166625
408,169343
408,179411
408,239200
408,269233
408,292588
408,324713
408,325775
408,325851
10020,7376
10020,254
10020,3071
10020,3098
10020,3289
10020,3259
10020,4232
10020,4344
10020,4924
10020,161271
10020,179411
10020,226028
10020,240422
10020,240461
10020,245415
10020,316832
10020,324429
10020,325804
10020,325807
10020,325824
10020,325849
10895,10084
10895,658
10895,516
10895,818
10895,2343
10895,4676
10895,131
10895,4144
10895,2251
10895,2710
10895,2527
10895,6513
10895,3289
10895,3473
10895,4896
10895,6300
10895,5560
10895,33674
10895,170731
10895,187065
10895,205685
10895,237118
10895,244984
10895,296741
10895,311143
114,549
114,999
114,592
114,996
114,1022
114,1023
114,9799
114,12670
114,33626
114,160404
114,163047
114,166233
114,171068
114,180787
114,188659
114,203857
114,208850
114,208998
114,238334
114,254167
114,271159
114,279433
114,299842
114,323091
114,324429
114,325782
114,336436
41043,90
41043,977
41043,2176
41043,10508
576,240
576,6054
576,801
576,642
576,1556
576,2940
576,9812
576,10726
576,10950
576,13065
576,163671
576,189262
576,354545
576,361896
59146,3582
59146,13159
59146,171817
59146,208544
124472,1003
124472,6025
124472,3017
124472,4045
124472,156137
124472,173989
124472,187056
124472,189920
124472,190675
124472,197702
124472,253351
124472,255151
124472,257291
124472,264453
124472,312502
7300,14768
7300,18008
7300,33479
7300,155294
7300,178364
7300,212795
10824,2411
10824,9663
10824,9856
10824,9826
10824,9955
10824,10541
10824,10714
10824,12339
10824,14692
10824,15127
10824,156075
10824,161707
10824,161712
10824,245264
261246,212
261246,11011
261246,13005
261246,181532
261246,205850
275,1361
275,6059
275,6149
275,1332
275,1336
275,1442
275,1930
275,1360
275,10123
275,9409
275,10594
275,9826
275,15090
275,15151
275,33598
275,162810
275,190532
275,207268
275,239797
275,252768
25059,208152
11827,391
11827,444
11827,5540
11827,9717
11827,11494
11827,11237
11827,161919
8766,310
8766,6154
8766,5721
8766,8377
8766,15001
8766,17996
8766,161208
8766,209027
23570,10325
47333,818
47333,6894
47333,182376
47333,207928
54850,726
54850,548
54850,10614
54850,187056
51242,2356
51242,2346
51242,1223
51242,157192
51242,160910
51242,214887
10112,90
10112,1571
10112,1307
10112,6513
10112,3289
10112,4906
10112,10911
10112,15284
10112,156143
10112,210184
10112,237008
10112,271856
10112,307183
4307,514
4307,744
4307,970
4307,1252
4307,155251
4307,172972
46029,1308
46029,437
46029,5916
46029,6167
46029,10453
46029,15478
46029,163758
46029,172418
46029,217083
46029,226825
46029,241738
46029,242035
46029,283953
32308,6075
32308,1480
32308,15149
32308,157972
32308,158024
32308,298618
88893,1262
88893,4560
88893,8624
52873,9824
52873,10937
52873,207317
44281,5952
44281,11336
44281,230876
28121,931
28121,2334
28121,9748
28121,13043
28121,15208
28121,160246
28121,218037
28121,227166
28121,266753
28121,295332
28121,313436
28121,324429
28121,325800
28121,342927
12520,6078
12520,10123
12520,4411
12520,437
12520,8201
12520,3603
12520,6563
12520,7856
12520,9826
12520,10093
12520,12997
12520,14831
12520,34079
12520,156042
12520,187056
12520,208517
12520,208518
12520,325769
12520,349776
12520,357414
1592,520
1592,2122
1592,516
1592,417
1592,818
1592,3012
1592,6148
1592,6259
1592,2637
1592,2887
1592,5593
1592,10909
1592,11523
1592,12570
1592,15106
1592,41329
1592,173971
1592,207240
1592,207628
1592,214780
1592,222517
1592,254459
1592,314730
1592,325823
166901,158718
166901,258533
36447,4932
36447,4129
36447,10508
36447,14534
36447,15319
19042,290
19042,582
19042,3289
19042,4116
19042,9663
19042,15162
19042,269233
19042,296741
19042,309656
38884,2346
38884,514
38884,1577
38884,2020
38884,1755
38884,5509
38884,5879
38884,5882
38884,10085
38884,11935
47449,1947
47449,6103
47449,33451
47449,187551
36259,679
36259,703
36259,10125
36259,8015
36259,12616
36259,161982
41852,3344
41852,5521
41852,17985
41852,168471
41852,200690
40926,818
40926,4426
40926,10714
40926,158718
40926,258533
9099,6212
9099,395
9099,11138
9099,4595
9099,9748
9099,159627
9099,211614
9099,335179
9099,335180
2021,5600
2021,894
2021,212
2021,1009
2021,2341
61752,10226
61752,155761
61752,183133
61752,190178
61752,269808
10988,1157
10988,2320
10988,4516
10988,11071
10988,10410
10988,11869
10988,34094
10988,178654
10988,185413
10988,212643
10988,231535
10988,231641
10988,235596
10988,248759
11479,90
11479,970
11479,5968
11479,10787
11479,18101
11479,155816
339428,596
339428,3183
339428,2426
12652,965
12652,4193
10684,2952
10684,1543
10684,6078
10684,6049
10684,3203
10684,11107
10684,11110
10684,11117
10684,4595
10684,11124
10684,10141
10684,158778
10684,162365
10684,173458
954,2546
954,10364
954,212
954,591
954,6104
954,90
954,1568
954,5265
954,3269
954,2001
954,470
954,1308
954,2112
954,4123
954,3268
954,3864
954,3530
954,4289
954,4683
954,9679
954,12347
954,13015
954,33705
954,174915
954,217415
954,269769
954,361789
68445,167043
18989,2580
18989,9824
18989,175421
18989,208555
18989,208556
10801,5809
10801,2587
10801,4481
10801,15160
10801,172471
54285,10226
54285,18293
54285,208678
8840,1400
8840,2343
8840,4152
8840,4978
8840,3071
8840,4798
8840,5457
8840,9725
8840,9748
8840,10466
8840,10982
8840,12554
8840,14643
8840,161257
8840,173905
8840,211614
8840,234213
8840,235499
8840,252344
8840,269233
8840,307254
8840,307255
124625,810
124625,1739
124625,2450
124625,10939
124625,207883
11107,242
11107,2072
11107,6075
11107,1482
11107,6496
11107,169055
16417,9253
16417,18118
16417,157187
16417,163223
16417,163758
16417,165583
16417,167541
16417,257872
16417,287523
10363,544
10363,4812
10363,851
10363,818
10363,6149
10363,383
10363,3180
10363,33626
10363,155845
10363,209096
161070,1209
161070,11004
161070,157799
10539,242
10539,818
10539,332
10539,392
10539,2343
10539,697
10539,2105
10539,3289
10539,4344
10539,9887
10539,6894
10539,11477
10539,10121
10539,15101
10539,167888
10539,168346
10539,189008
10539,209220
10543,6259
10543,5905
10543,11254
10543,10809
10543,12565
10543,14903
10543,156761
10543,262826
18414,14760
18414,14964
18414,208561
47502,9856
47502,11322
47502,14558
47502,154855
11902,1956
11902,2251
11902,2602
11902,174375
11902,195337
11902,236316
27098,6270
27098,931
27098,1956
27098,7476
27098,7464
27098,10337
27098,10508
27098,157799
27098,171341
27098,193547
27098,207883
25087,779
25087,6075
25087,5572
25087,9917
25087,12379
25087,12380
25087,14961
25087,17977
25087,219404
5801,642
5801,5252
5801,2467
5801,2232
5801,2385
5801,10508
5801,10093
5801,10319
5801,12999
5801,13028
5801,18044
5801,156052
5801,209673
5801,209792
5801,325761
5801,325762
5801,325782
896,3737
896,978
896,2692
896,12999
896,33485
896,155251
3065,6026
3065,8201
3065,11931
3065,14544
3065,14760
3065,195114
3065,265010
3065,269769
3065,281237
3065,281358
2300,6075
2300,6513
2300,3289
2300,6496
2300,9253
2300,9951
2300,13005
2300,15284
2300,176746
2300,177216
2300,177227
2300,177232
2300,209220
2300,338226
8069,290
8069,9835
8069,10158
8069,11239
8069,14660
8069,191144
8069,229786
8069,234895
8069,273439
8069,288198
288173,570
288173,11734
288173,179571
288173,187056
221917,818
221917,5331
221917,11004
221917,14985
221917,33699
221917,194000
221917,240119
8072,6025
8072,4565
8072,3222
8072,9887
8072,9807
8072,155517
8072,155790
8072,155845
8072,199320
8072,210512
8072,210591
8072,290902
8072,345640
8072,350338
35797,596
35797,818
35797,9826
35797,11869
35797,12425
35797,155845
35797,157210
35797,170418
35797,176127
35797,180199
35797,180340
35797,187196
35797,187200
35797,191045
35797,206226
35797,234980
35797,238795
35797,308657
35797,319397
35797,319922
35797,336557
35797,337525
35797,344486
35797,349129
35797,358064
83857,6293
33245,740
33245,6564
33245,9766
33245,34079
33245,158718
33245,211553
33245,262235
27281,10084
27281,2956
27281,2857
27281,6078
27281,5331
27281,9672
27281,206207
105045,6078
105045,7059
105045,187056
40001,10325
40001,5629
40001,180828
29621,803
29621,1280
29621,5331
20762,3070
20762,10726
20762,251961
37144,1468
37144,5340
37144,9826
37144,10714
37144,11734
37144,160342
37144,161982
48260,9833
48260,264386
12656,417
12656,380
12656,6149
12656,6593
12656,9673
12656,9826
12656,13027
38867,1326
38867,931
38867,90
38867,1956
38867,13028
38867,13065
38867,34094
25969,987
25969,4539
25969,10623
25969,156866
25969,170418
25969,170431
25969,170434
44103,5565
44103,7025
753,596
753,549
753,567
753,5809
753,9673
753,15160
43634,1453
43634,6271
43634,9856
43634,187056
9103,242
9103,2041
9103,779
9103,486
9103,397
9103,3434
9103,8406
9103,10514
9103,10515
9103,15060
9103,17977
9103,219404
9103,325851
29649,6075
29649,6496
29649,8635
10990,549
10990,6149
10990,5340
10990,5422
10990,6562
10990,9826
10990,12670
10990,208611
8866,1003
8866,2735
8866,4513
8866,14818
8866,15166
8866,171567
8866,184659
8866,259426
8866,295902
8866,303229
12233,242
12233,818
12233,1307
12233,6513
12233,3289
12233,4344
12233,6879
12233,15162
12233,156143
12233,156149
12233,158222
12233,211158
12233,217020
23449,6075
23449,1930
23449,1680
23449,1857
23449,6496
36355,1196
36355,630
36355,3546
36355,13088
90148,7606
90148,11289
90148,13006
90148,187056
922,3737
922,798
922,801
922,1419
922,1551
922,2013
922,3246
922,9454
922,9826
922,12999
922,207928
922,222114
922,231680
11876,1605
11876,818
11876,924
11876,1649
11876,2673
11876,4849
11876,7728
11876,207928
52633,6270
52633,1228
52633,2987
52633,2804
52633,10726
52633,11034
52633,13059
52633,14857
52633,14964
52633,41644
52633,167159
62364,249749
62364,258533
11687,964
11687,4379
11687,5347
11687,41406
11687,177998
9304,2281
9304,402
9304,11628
9304,33496
503475,9706
503475,10121
503475,190200
503475,230385
123067,187056
9100,616
9100,1525
9100,2343
9100,1252
9100,4252
9100,5147
9100,5248
9100,33505
9100,156174
9100,167560
9100,170356
9100,191655
9100,208787
9100,237016
20759,6075
20759,2792
20759,14570
20759,155840
20759,193208
20759,199717
20759,209476
46063,378
46063,331
46063,703
46063,9826
46063,11004
46063,10909
46063,34079
46063,162461
32513,818
32513,13014
32513,244113
32513,305164
40651,964
40651,9887
40651,190116
40651,198914
40651,269838
40651,322075
36915,818
36915,567
36915,718
36915,703
36915,6093
36915,3134
36915,6593
36915,9748
36915,9826
36915,14964
40507,3149
40507,7002
40507,10601
40507,10950
40507,11034
40507,166492
40507,181858
40507,188955
9802,1543
9802,582
9802,1812
9802,3070
9802,3293
9802,3859
9802,9777
9802,10950
9802,11219
9802,13015
9802,14618
9802,14750
9802,15248
9802,18233
9802,158139
9802,158780
9802,162365
9802,192600
9802,195355
9802,220935
9802,225906
9802,232488
9802,268125
9802,272551
9802,296037
9802,325764
25697,3683
25697,183896
25697,212059
25697,252067
21588,6255
21588,10327
21588,11187
21588,12377
21588,162810
21588,207769
21588,325810
21588,325839
664,1157
664,3693
664,2213
664,2214
664,5096
664,2493
664,3337
664,3338
664,12336
664,3875
664,9276
664,15160
664,189411
664,197337
664,283467
664,320203
664,327615
11867,801
11867,393
11867,4565
11867,9717
11867,9974
11867,11034
11867,175518
11867,175522
11867,175529
11867,175533
11867,257783
11867,295389
11867,320420
9323,803
9323,312
9323,310
9323,2812
9323,679
9323,4565
9323,8499
9323,10718
9323,11322
9323,12190
9323,13141
9323,161919
9323,178657
9323,210024
10280,818
10280,10541
10280,156092
10280,199524
10535,1815
10535,11931
10535,15267
10535,325767
10535,325802
10535,325803
10535,325819
532,378
532,3020
532,1436
532,1797
532,6139
532,2526
532,3289
532,9887
532,9840
532,11477
532,10121
532,15124
532,15162
532,18165
532,158692
532,182287
532,197065
532,230385
532,263548
532,286644
26744,242
26744,3149
26744,9807
26744,10909
26744,157138
26744,243959
16299,11208
16299,179430
10547,2212
10547,5769
10547,9951
10547,9739
10547,10222
10547,10410
10547,14760
10547,14909
10547,14967
10547,18034
10547,41338
10547,162357
10547,162459
10547,162461
10547,162464
10547,162466
10547,162467
10547,171770
10547,226240
10547,226241
10547,273439
245268,5657
245268,5300
935,840
935,1402
935,2106
935,2531
935,10123
935,3312
935,8201
935,12999
935,33424
935,160370
935,160377
935,160381
935,160387
935,165431
935,194825
935,214655
935,225012
935,259376
935,309974
935,315053
935,320420
935,325773
935,325815
935,325846
935,360808
55613,3307
41007,818
41007,131
41007,214548
35645,6054
35645,1321
35645,1964
35645,10809
35645,240315
110465,818
110465,470
110465,4107
110465,5642
110465,13014
110465,14636
110465,187504
110465,191574
110465,193430
110465,207928
110465,235774
110465,261423
255546,14709
255546,187056
85778,14893
85778,187056
11101,1442
11101,1956
11101,4264
11101,156650
11101,190351
11101,191004
11101,193933
11101,289735
9826,1321
9826,3149
9826,1308
9826,3284
9826,4933
9826,9717
9826,8643
9826,3625
9826,10787
9826,164246
9826,203423
9826,212009
9879,1691
9879,6149
9879,1936
9879,4378
9879,8201
9879,3688
9879,11038
9879,18035
9879,33483
9879,155477
9879,156024
9879,181655
9879,240315
9879,277050
9879,314019
63564,818
63564,1228
63564,4729
63564,242689
22621,931
22621,828
22621,3015
22621,3182
22621,4735
22621,4951
22621,9835
22621,9974
7095,6017
7095,965
7095,5133
26890,242
26890,9672
26890,33643
26890,187056
26890,208992
46732,818
46732,531
46732,697
46732,2005
46732,10683
46732,10048
46732,13014
46732,191009
46732,191480
46732,207883
46732,207910
46732,214548
46732,241738
46732,258408
46732,258650
46732,267113
46732,296858
46732,296859
124633,449
124633,1900
124633,2355
124633,7492
202425,2521
196940,409
77771,3799
77771,1625
77771,6544
77771,7312
77771,14735
77771,15216
77771,15225
77771,220809
77771,226646
77771,258533
77771,260856
181083,409
181083,7323
181083,165804
181083,252051
41225,6092
41225,1523
41225,9706
41225,18396
41225,33457
41225,33513
41225,41011
41225,161891
41225,162262
41225,250593
41225,305704
87190,393
87190,10683
87190,160201
87190,236073
627,2231
627,6054
627,212
627,818
627,388
627,2671
627,1803
627,2095
627,2375
627,2334
627,2694
627,10123
627,3130
627,3131
627,3298
627,9887
627,10261
627,10649
627,11733
627,14964
627,41172
627,155936
627,156117
627,190823
627,206829
32872,970
32872,825
32872,5609
32872,6782
32872,9825
32872,9957
32872,10226
32872,12392
32872,13028
32872,13043
32872,14602
32872,160246
602,1612
602,797
602,4097
602,1627
602,1825
602,4278
602,9951
602,9738
602,9739
602,13031
602,14643
602,14909
602,176217
602,177163
602,186497
602,202371
602,269233
602,311315
602,314730
602,325772
602,325773
602,325781
602,325785
14553,596
14553,2389
14553,6054
14553,131
14553,493
14553,2679
14553,2913
14553,9840
14553,10683
14553,11334
14553,13088
14553,15055
14553,157303
14553,161192
14553,162804
14553,173245
14553,207776
14553,240303
14553,241739
14553,251619
14553,287439
9566,6075
9566,157701
9566,157904
9566,178364
9566,178368
9566,178369
9566,178370
9566,178378
9566,178379
9566,200918
9566,314730
9566,321464
9566,325766
9566,325771
10545,1691
10545,90
10545,818
10545,934
10545,1938
10545,1523
10545,2422
10545,2544
10545,2638
10545,6513
10545,3289
10545,4344
10545,5090
10545,9995
10545,11001
10545,13014
10545,158787
10545,160213
10545,160274
10545,163138
10545,177894
10545,213097
9894,378
9894,549
9894,1005
9894,1523
9894,10123
9894,161257
9894,208575
9894,211775
9894,225012
9894,325778
9894,325815
9894,325846
11543,6075
11543,6593
11543,167550
11543,167554
11543,167555
11543,167556
11543,167560
11543,167564
11543,167574
11543,167575
11543,167576
11543,167580
11543,167581
11543,236294
9268,236
9268,797
9268,502
9268,2708
9268,1562
9268,2052
9268,2547
9268,3581
9268,4009
9268,6163
9268,10202
9268,9758
9268,11207
9268,10085
9268,10410
9268,12371
9268,13008
9268,14601
9268,15246
9268,156334
9268,176802
9268,191600
9268,202371
9268,228607
9268,228610
9268,311315
9268,325818
52059,166673
52059,218124
52059,250076
9327,2064
9327,4539
9327,8039
9327,9848
9327,156033
9327,179431
9327,207896
9327,210608
9327,320420
123763,5933
123763,172028
123763,187056
183955,6739
183955,158718
183955,181641
183955,231839
183955,258533
183955,264803
44495,1228
44495,1817
44495,1886
44495,11516
44495,158718
44495,199882
44495,258533
78285,10453
78285,159601
11228,242
11228,444
11228,4776
11228,1701
11228,720
11228,586
11228,1749
11228,1261
11228,5369
11228,10349
11228,10617
11228,14601
11228,14755
11228,15162
11228,18029
11228,33556
11228,173272
11228,189102
11228,207528
11228,219404
10779,5600
10779,1415
10779,456
10779,798
10779,934
10779,3739
10779,4129
10779,1812
10779,2301
10779,6152
10779,3350
10779,6154
10779,3202
10779,4553
10779,4663
10779,9826
10779,11454
10779,10714
10779,11187
10779,12193
10779,13005
10779,13063
10779,14780
10779,33476
10779,156661
10779,157701
10779,158086
10779,162846
10779,166512
10779,173224
10779,187288
10779,230191
10779,259376
26748,798
26748,1556
26748,6625
26748,168713
26748,193282
38223,470
38223,2341
38223,5585
38223,158071
38223,187056
9294,879
9294,6257
9294,6564
9294,5086
9294,13005
9294,163543
9294,212737
9294,325775
49963,187056
11363,444
11363,380
11363,2038
11363,1595
11363,3582
11363,5628
11363,13027
1645,1589
1645,570
1645,6148
1645,1417
1645,529
1645,787
1645,3446
1645,1936
1645,2013
1645,11038
1645,9826
1645,10909
1645,11523
1645,12365
1645,12425
1645,33519
1645,41385
1645,159103
1645,204173
1645,214780
1645,222517
1645,254459
1645,254834
1645,256664
1645,281585
1645,315360
1645,325818
1645,336994
31546,642
31546,1419
31546,1797
31546,10738
31546,9748
31546,10085
31546,10294
31546,11724
31546,14782
31546,14852
31546,15009
31546,46959
31546,156507
31546,164046
31546,185420
31546,226768
36344,3203
36344,6678
36344,8723
36344,9880
36344,12617
36344,158639
18550,2157
18550,4654
18550,2708
18550,10717
18550,10718
18550,10391
18550,11148
18550,208592
18550,230701
11511,242
11511,4896
11511,190536
172198,187056
109478,186117
109478,197811
12606,1668
12606,13027
12606,14724
12606,18035
12606,187056
35206,818
35206,3379
35206,5968
35206,211362
35206,240303
35206,255220
525936,3030
525936,3182
525936,160840
151489,5933
4837,5490
4837,155262
4837,164698
4837,279730
4837,284235
4837,305499
12632,1563
12632,2279
12632,4441
9098,6149
9098,1253
9098,3296
9098,4569
9098,9713
9098,155446
9098,162842
9098,221412
9098,245045
9098,258533
18975,970
18975,131
18975,9673
18975,10873
18975,216919
11962,1439
11962,4344
11962,6623
11962,7325
11962,6432
11962,9498
11962,325765
2925,818
2925,9748
2925,15160
2925,18060
2925,190722
28628,108
28628,10180
28628,14748
28628,169590
28628,171636
28628,173510
28628,173662
28628,208992
28628,258533
28628,313433
3595,1336
3595,697
3595,1562
3595,1584
3595,1812
3595,4725
3595,11734
3595,13015
3595,33626
3595,170865
3595,209140
9308,6270
9308,11931
9308,10873
9308,12670
9308,154842
9308,346378
9308,349088
92381,966
92381,5605
92381,9974
92381,13088
18555,378
18555,6270
18555,6054
18555,331
18555,818
18555,1721
18555,1562
18555,2539
18555,10508
18555,10809
18555,14964
18555,187056
12123,520
12123,1812
12123,2528
12123,3288
12123,6107
12123,10562
12123,10410
12123,179430
12123,200918
12123,208156
12123,242164
12123,325761
12123,325765
12123,325769
12123,325775
10830,818
10830,970
10830,2467
10830,5561
10830,5707
10830,5086
10830,10873
10830,41355
10830,177762
10830,246466
3573,212
3573,818
3573,392
3573,4834
3573,8250
3573,12392
3573,14712
3573,187360
3573,207928
3573,220314
3573,248025
3573,342327
10546,779
10546,331
10546,697
10546,9715
10546,6152
10546,4639
10546,9717
10546,9663
10546,9748
10546,7002
10546,10044
10546,12415
10546,12965
10546,13125
10546,33505
10546,33556
10546,207268
10546,232469
10546,251513
10546,266013
10546,269233
18862,9866
18862,15160
31417,1706
31417,3262
31417,9807
31417,12999
31417,13094
31417,14760
31417,33498
31417,54610
31417,54611
9431,3133
9431,1411
9431,9717
9431,11168
9431,188914
9431,220389
48144,478
46986,268132
144982,3458
144982,159607
47907,378
47907,1415
47907,14765
47907,253695
10061,378
10061,779
10061,797
10061,840
10061,1543
10061,4565
10061,2095
10061,4458
10061,3521
10061,5034
10061,9663
10061,12670
10061,208156
10061,217083
36266,4119
36266,3797
36266,11547
36266,12987
36266,14964
36266,15011
36266,33612
36266,173251
36266,187416
36266,215203
36266,226577
36266,258533
36266,300685
549,242
549,6054
549,1605
549,960
549,726
549,2818
549,1803
549,2635
549,2679
549,2815
549,2816
549,2819
549,5565
549,8406
549,14964
549,33648
549,156306
549,196135
549,208289
549,303954
10478,128
10478,6075
10478,2702
10478,4516
10478,7439
10478,7322
10478,9823
10478,11268
10478,178378
10478,235196
10478,293751
10478,302670
10478,303292
10478,304947
10478,309176
10478,328579
10478,328580
10478,333495
66634,5657
66634,1416
66634,157906
116690,10235
116690,231044
116690,231045
213917,187056
238,818
238,697
238,699
238,131
238,3149
238,1715
238,4677
238,1295
238,10291
238,10391
238,11001
238,10909
238,15095
238,33421
238,155538
238,156043
238,163656
238,165725
238,180173
238,181858
238,207883
238,208611
238,257630
238,325842
484245,225410
159,566
159,1326
159,6054
159,828
159,108
159,823
159,824
159,825
159,827
159,158718
11134,779
11134,478
11134,6149
11134,3434
11134,9777
11134,6847
11134,12354
11134,18432
11134,156117
11134,206188
11134,227432
88224,1566
88224,642
88224,6149
88224,1930
88224,708
88224,3725
88224,5923
88224,14964
88224,187056
132641,818
132641,4183
132641,6038
132641,156455
42758,2073
42758,10726
9303,1326
9303,975
9303,1878
9303,9730
9303,10051
9303,9833
9303,10391
9303,14720
9303,156121
9303,207268
9303,264386
9303,286925
9303,314730
9303,319591
9303,325811
23945,642
23945,195212
37820,5657
37820,828
37820,1946
37820,8011
37820,9941
37820,34079
37820,193765
22479,1416
22479,1930
22479,6083
22479,11016
22479,15134
22479,214548
9054,658
9054,1422
9054,1495
9054,186447
11985,931
11985,128
11985,4951
11985,5768
11985,7439
11985,10180
10232,6389
59569,378
59569,10714
59569,155393
38955,779
110513,236
110513,9856
110513,18005
11015,520
11015,1299
11015,818
11015,2598
11015,5968
11015,7694
11015,9649
11015,10877
11015,13031
11015,161276
11015,181246
9306,2041
9306,1299
9306,1706
9306,6017
9306,818
9306,2766
9306,9410
9306,9714
9306,9743
9306,15365
9306,156630
9306,163561
9306,170310
9306,181905
9306,185628
9306,228978
9306,234268
12559,441
12559,840
12559,833
12559,396
12559,248
12559,3088
58770,2583
58770,2187
58770,14755
58770,169725
124851,242
124851,10594
124851,12544
124851,14964
3587,2343
3587,291
3587,6894
3587,7942
10723,6054
10723,6149
10723,1568
10723,8015
10723,14677
10723,14964
10723,18026
101230,155761
101230,256466
10987,10685
10987,6259
10987,1583
10987,3335
10987,5034
10987,6406
10987,9663
10987,9826
10987,10714
10987,12339
10987,13005
10987,13140
10987,34079
10987,156075
10987,156851
10987,217324
10987,232795
10987,323756
44705,128
44705,5090
44705,9673
44705,18118
44705,250611
20318,2652
20318,74
20318,1956
43596,2471
43596,12965
43596,13065
43596,18267
26933,128
26933,2065
26933,10683
26933,10180
26933,11524
26933,34265
26933,158718
26933,163037
26933,192394
26933,208992
26933,213473
26933,258533
27854,514
27854,393
27854,1755
27854,5509
27854,214548
981,736
981,276
981,2660
981,1003
981,917
981,8181
981,9929
981,11461
981,12193
981,12999
981,18053
981,155457
981,156037
981,163758
981,165282
981,165547
981,208368
981,208720
981,232712
981,237463
981,237464
981,256330
981,257342
981,324123
981,324429
872,3177
872,4344
872,9104
872,9732
872,12396
872,156028
872,161046
872,164090
872,164623
872,164628
872,164636
872,164641
872,188647
872,199662
872,207317
872,207876
872,225012
872,227561
872,259376
872,288816
872,324429
872,325813
872,325832
872,325840
2769,613
2769,90
2769,4344
2769,437
2769,5488
2769,12990
13320,1691
13320,90
13320,1003
13320,6258
13320,4344
13320,6553
13320,5756
13320,6805
13320,155851
13320,164889
13320,167198
13320,176876
13320,228964
13320,275133
13320,316240
164,242
164,2038
164,978
164,977
164,6197
164,3170
164,11678
164,13028
164,33626
164,156237
164,157286
164,157799
164,241404
164,295332
164,295959
164,303437
164,324429
164,325765
426,4812
426,2038
426,1335
426,582
426,1252
426,1523
426,1338
426,703
426,2599
426,2567
426,2598
426,5918
426,4617
426,9807
426,12393
426,12565
426,34268
426,207268
426,214746
426,361521
426,361716
567,428
567,1533
567,1003
567,2619
567,2564
567,5490
567,10332
567,10226
567,12570
567,15208
567,160967
567,178649
567,180340
567,222665
567,236909
567,239376
567,243509
567,259124
567,259125
567,323914
567,352727
3078,918
3078,416
3078,6038
3078,12193
3078,12999
3078,155457
3078,156037
3078,156764
3078,156866
3078,160362
3078,163726
3078,167043
3078,190190
3078,208156
3078,209606
3078,256087
3078,288816
3078,319397
3078,324429
13528,770
13528,2887
13528,8250
13528,9332
13528,9826
13528,12565
13528,15274
13528,174548
13528,191476
13528,212643
13528,214651
13528,225135
13528,231535
13528,236377
13528,267689
13528,311710
13528,330548
28288,246
28288,212
28288,1491
28288,2334
28288,10325
28288,4344
28288,6894
28288,11343
28288,12541
28288,12990
28288,15160
28288,165643
213,242
213,441
213,4654
213,5265
213,470
213,2106
213,10325
213,9758
213,9840
213,10718
213,10562
213,15086
213,15124
213,15291
213,163049
213,167043
213,180172
213,256087
213,295538
213,300485
213,309974
213,322942
213,323921
213,323922
213,323923
213,361716
284,613
284,242
284,725
284,1443
284,1442
284,965
284,1252
284,1438
284,1439
284,1440
284,1487
284,9799
284,12999
284,14720
284,34094
284,179173
284,207317
284,286239
239,520
239,1196
239,108
239,4048
239,3581
239,3864
239,9758
239,10391
239,12090
239,12999
239,13008
239,15214
239,155457
239,160395
239,160396
239,160397
239,160404
239,160406
239,170827
239,217140
239,320205
239,325784
4808,591
4808,90
4808,5265
4808,965
4808,697
4808,4129
4808,470
4808,2297
4808,4698
4808,9728
4808,12570
4808,13008
4808,14554
4808,155457
4808,159333
4808,160175
4808,163138
4808,197822
289,417
289,2652
289,10685
289,128
289,836
289,470
289,1627
289,1623
289,1624
289,1626
289,1628
289,1956
289,1629
289,9807
289,12999
289,273967
963,818
963,582
963,697
963,703
963,9807
963,9826
963,11151
963,12570
963,12999
963,155790
963,155843
963,185525
11113,4375
11113,4344
11113,4485
11113,10786
11113,11707
11113,11411
11113,14514
11113,18015
11113,155697
11113,165278
11113,165282
11113,165288
11113,165290
11113,165299
11113,165301
11113,166233
11113,362499
6620,2072
6620,380
6620,5165
6620,9639
6620,9673
6620,10791
6620,33626
6620,165282
6620,168346
6620,179367
6620,199764
804,1691
804,588
804,6025
804,1422
804,1308
804,2051
804,4123
804,3691
804,4674
804,4263
804,12999
804,324429
26531,964
26531,6783
26531,208349
26531,211295
909,65
909,4344
909,5923
909,10235
909,155428
909,165503
909,165508
909,165518
909,167951
909,207317
909,225827
909,236170
909,272698
909,325782
630,616
630,704
630,1566
630,818
630,1308
630,2043
630,2213
630,2214
630,3151
630,3289
630,4344
630,7658
630,11409
630,13001
630,15149
630,166726
630,170362
630,177912
630,206008
630,207317
630,238526
630,246466
630,249813
630,259376
630,325761
630,325762
630,325778
630,325782
630,325784
630,325786
630,325813
630,325832
630,325842
770,393
770,818
770,5809
770,697
770,4129
770,2076
770,2831
770,3136
770,4020
770,9840
770,158480
770,160955
770,163079
770,179585
770,210008
770,226288
770,248869
770,273293
770,273294
770,309427
770,325842
770,354429
770,354430
31044,242
31044,7464
31044,160424
31044,208586
31044,208611
599,613
599,931
599,1565
599,888
599,1307
599,6262
599,2992
599,9807
599,12396
599,12670
599,12999
599,41410
599,155507
599,157774
599,188647
599,230556
599,237152
599,241404
599,246610
599,324886
15,3587
15,1196
15,3660
15,918
15,2110
15,736
15,3661
15,3515
15,2355
15,3837
15,10594
15,12999
15,171826
15,191072
15,208349
15,276605
15,328926
62,312
62,305
62,306
62,310
62,818
62,1576
62,3222
62,3801
62,4040
62,12185
62,14626
62,34152
62,155689
62,156039
62,161176
62,252104
62,298590
62,316832
62,325807
62,361867
62,362499
121357,5774
121357,12999
705,10965
705,12396
705,12999
705,14534
705,15320
705,156028
705,156866
705,190481
705,237460
705,239106
705,315362
22490,1326
22490,242
22490,970
22490,1197
22490,5876
22490,5248
22490,10181
22490,9749
22490,12999
22490,14558
22490,15160
22490,18453
22490,157286
22490,160845
22490,167198
22490,209064
22490,240315
223,818
223,965
223,1523
223,660
223,3582
223,8079
223,9673
223,9807
223,11004
223,12999
223,14769
223,17997
223,33505
223,34079
223,155881
223,188990
223,211197
223,281649
223,282667
25670,4529
25670,441
25670,3713
25670,970
25670,4066
25670,10410
25670,12193
25670,12999
25670,14541
25670,15381
25670,170585
25670,176016
303,5600
303,1459
303,2652
303,1568
303,5265
303,1815
303,699
303,351
303,470
303,1812
303,1627
303,1809
303,1811
303,1816
303,9807
303,12999
303,33626
303,155718
303,197822
303,217282
4174,1453
4174,2842
4174,12999
4174,15106
4174,160840
4174,289305
4174,361521
8356,613
8356,5918
8356,2334
8356,10229
8356,11095
381,612
381,931
381,885
381,6149
381,996
381,965
381,977
381,6099
381,769
381,2407
381,2404
381,2406
381,1861
381,2405
381,2408
381,2335
381,6946
381,9813
381,10562
381,156082
381,188344
381,323921
381,361716
20758,6038
20758,6167
29376,242
29376,4344
29376,33681
29376,33934
29376,156028
29376,156905
29376,187256
29376,233607
1859,2110
1859,90
1859,592
1859,418
1859,6099
1859,8201
1859,5154
18299,612
18299,90
18299,818
18299,9799
18299,9639
18299,9673
18299,155790
18299,255404
17281,90
17281,818
17281,6099
17281,4178
17281,4344
17281,5165
17281,10181
17281,10683
17281,9639
17281,9673
17281,10937
17281,14514
17281,14798
17281,164663
17281,171850
17281,189477
64382,10325
64382,157258
64382,160962
64382,188991
64382,191790
10907,1938
10907,1522
10907,4147
10907,4393
10907,3024
10907,11525
10907,9725
10907,10587
10907,12995
10907,18118
10907,157186
10907,161257
10907,185343
10907,207374
10907,219404
10907,220707
10907,266013
10907,325782
10907,325811
32093,2546
32093,387
32093,9725
32093,157186
32093,207928
32093,230653
32093,232481
1939,931
1939,1523
1939,5920
1939,1366
1939,703
1939,5340
1939,10325
1939,9840
1939,9807
1939,9826
1939,12570
1939,12999
1939,14780
1939,34038
1939,41388
1939,158927
1939,187212
1939,197582
1939,207046
1939,207431
1939,207883
1939,228501
1939,288394
22292,658
22292,4129
22292,3303
22292,11826
22292,15162
22292,39737
22292,162846
22292,170173
22292,187224
22292,190742
22292,191482
22292,226974
22292,236170
3598,3800
3598,818
3598,486
3598,4558
3598,10349
3598,12617
3598,194281
3080,246
3080,1691
3080,212
3080,110
3080,10325
3080,4344
3080,4345
3080,6415
3080,10181
3080,7024
3080,12990
3080,12999
3080,15479
3080,33493
3080,41613
3080,165643
198,1326
198,212
198,3800
198,2652
198,128
198,5265
198,2435
198,2444
198,2436
198,4679
198,11109
198,1956
198,10123
198,12999
198,241930
198,258533
198,285695
13562,725
13562,1307
13562,8783
13562,12999
13562,155457
13562,156037
13562,156766
13562,165282
13562,166139
13562,171493
13562,181532
13562,190182
13562,219872
13562,301050
1712,612
1712,5175
1712,931
1712,934
1712,3739
1712,1556
1712,1811
1712,2752
1712,2944
1712,1946
1712,4411
1712,5626
1712,5701
1712,5728
1712,5729
1712,5731
1712,5732
1712,5733
1712,5734
1712,5735
1712,33688
1712,361850
220,30
220,387
220,380
220,818
220,531
220,1421
220,526
220,3534
220,7375
220,9673
220,10594
220,12653
220,185361
220,185526
220,189599
220,210184
220,219781
220,250941
220,317561
220,351197
3529,1157
3529,6149
3529,703
3529,11869
3529,12997
3529,12999
3529,13027
3529,15162
3529,15167
3529,155457
3529,155790
3529,156091
3529,156764
3529,158225
3529,173685
3529,197362
3529,207317
3085,378
3085,736
3085,236
3085,917
3085,10181
3085,11411
3085,10718
3085,12999
3085,155457
3085,156024
3085,156080
3085,159531
3085,165547
3085,180093
3085,181659
3085,184534
3085,184541
3085,209563
3085,236252
3085,237418
3085,237425
3085,324123
3085,325764
2897,622
2897,1582
2897,734
2897,818
2897,2857
2897,5973
2897,385
2897,703
2897,770
2897,3497
2897,11411
2897,10028
2897,13008
2897,33493
2897,168277
2897,189092
2897,191101
2897,207928
2897,238200
1585,1415
1585,290
1585,1252
1585,65
1585,974
1585,4232
1585,5571
1585,5683
1585,12999
1585,15274
1585,155733
1585,156578
1585,156597
1585,171826
1585,175629
1585,184559
1585,196664
1585,207317
1585,281585
1585,325804
1585,325824
1585,325849
1585,344457
3083,5744
3083,521
3083,1399
3083,2944
3083,4674
3083,6083
3083,9031
3083,9862
3083,11663
3083,11937
3083,12999
3083,14588
3083,181659
3083,195541
3083,206515
3083,207999
3083,239276
3083,239277
3083,239279
3083,239280
3083,239281
3083,281585
900,378
900,1651
900,2598
900,2172
900,2803
900,4477
900,4478
900,4479
900,12090
900,12999
900,15106
900,155457
900,288816
900,325773
900,325782
43795,5600
43795,532
43795,2587
43795,3725
43795,2676
43795,5097
43795,6118
43795,11093
43795,156825
43795,169866
43795,180831
43795,185927
43795,188028
85638,3065
85638,6159
85638,10886
85638,9673
85638,14768
85638,154802
85638,170418
85638,172504
85638,188016
85638,190761
85638,193924
85638,208364
85638,236677
85638,237473
50001,246
50001,818
50001,4333
50001,6593
50001,9826
50001,12570
50001,14829
50001,15167
50001,18147
50001,157144
50001,160845
50001,163070
50001,164623
50001,169590
50001,191205
50001,207046
50001,208254
50001,230875
50001,233445
50001,280840
50001,285695
50001,296560
50001,314019
43905,1009
43905,828
43905,1824
43905,4127
43905,10048
43905,10911
43905,13005
43905,14796
43905,156764
43905,159845
43905,187677
43905,209090
43905,211082
43905,218125
43905,225686
43905,237446
43905,238052
43905,238053
43905,238054
43905,238055
43905,239101
43905,324658
43905,339743
22688,934
22688,290
22688,3149
22688,6154
22688,9673
22688,14999
23114,818
23114,392
23114,1158
23114,7950
23114,10388
23114,41523
23114,161506
23114,186894
23114,194231
23114,194260
23114,207928
23114,208570
23114,316971
26378,6149
26378,6075
26378,703
26378,1859
26378,2792
26378,2752
26378,12193
26378,14845
26378,209476
40206,417
40206,10685
40206,1919
40206,13147
40206,13148
22356,699
22356,10950
22356,188901
22356,188922
22356,188924
22356,188925
22356,188933
22356,188934
22356,188938
22356,188944
22356,188947
22356,196947
22356,238424
260,212
260,818
260,388
260,769
260,770
260,4289
260,9807
260,9826
260,10718
260,10562
260,10410
260,12999
260,17982
260,33462
260,187308
260,212059
260,218567
260,222720
260,239841
260,239891
260,239892
260,239894
260,320831
43488,131
43488,1956
43488,185454
22613,798
22613,9550
22613,12999
22613,158718
22613,258533
10331,380
10331,904
10331,697
10331,1419
10331,1420
10331,1227
10331,2602
10331,3335
10331,6095
10331,7246
10331,12377
10331,12999
10331,18029
10331,155561
10331,161196
10331,208156
10331,225012
10331,251667
10331,325817
10331,325818
10331,325819
10331,325825
488,2504
488,6150
488,409
488,440
488,1422
488,1261
488,3929
488,1627
488,2509
488,2510
488,2511
488,3711
488,2514
488,2516
488,2517
488,2518
488,2520
488,2521
488,5756
22733,966
22733,1157
22733,131
22733,2398
22733,2251
22733,10123
22733,8201
22733,9468
22733,9727
22733,9807
22733,12999
22733,163221
22733,191026
22733,193154
22733,206718
22733,206838
22733,236406
22733,244648
22733,283467
22733,294008
22733,333316
261,3737
261,894
261,30
261,236
261,931
261,1157
261,531
261,787
261,3136
261,4677
261,10181
261,10911
261,11157
261,12653
261,33424
261,33457
261,34059
261,155294
261,200918
261,226774
261,245264
261,251667
261,252875
261,256610
261,297300
261,309603
261,325774
261,325789
57575,90
57575,9673
57575,13028
32574,159201
32574,160025
32574,160035
32574,160037
32574,325807
22657,931
22657,818
22657,9714
22657,9727
22657,10718
22657,156123
22657,170444
22657,187203
76464,4344
76464,171346
22649,818
22649,10685
22649,428
22649,2504
22649,131
22649,3725
22649,3452
22649,10093
22649,11612
22649,12392
22649,156764
22649,158547
22649,185037
22649,190012
22649,233360
176841,703
176841,156105
39448,779
39448,12354
39448,247799
39940,1415
39940,2406
39940,10181
39940,7658
39940,13017
39940,15057
39940,18732
39940,180787
39940,221023
39940,240315
39940,241738
39940,254097
172868,258533
85328,4552
85328,9673
85328,15111
11076,10084
11076,5600
11076,1329
11076,1436
11076,697
11076,10614
11076,10168
11076,15169
11076,15171
11076,15172
11076,15173
11076,15174
63945,894
63945,246
63945,516
63945,910
63945,2299
63945,2675
63945,2800
63945,6038
63945,3582
63945,5707
63945,10085
63945,11612
63945,13005
63945,13027
63945,33841
63945,40952
63945,169276
63945,208781
63945,222797
63945,226457
63945,226458
58985,10229
58985,33475
58985,187056
890,3737
890,236
890,1605
890,725
890,931
890,380
890,1842
890,3725
890,5331
890,6257
890,2802
890,4570
890,1201
890,4572
890,4573
890,11004
890,10794
890,14527
890,14765
890,160175
890,161207
10861,3737
10861,8045
10861,2281
10861,7375
10861,325811
1770,393
1770,1721
1770,2946
1770,3538
1770,5565
1770,14985
1770,154787
1770,207876
1770,246738
1770,273371
1770,299594
1770,340549
44465,6038
44465,4902
44465,9826
44465,34143
44465,156104
44465,187056
2033,2038
2033,1815
2033,1508
2033,1956
2033,2411
2033,4593
2033,13027
2033,159845
18203,2356
18203,586
18203,1416
18203,1946
18203,10637
18203,10729
18203,14836
18203,34068
18203,208611
18203,272849
9333,947
9333,1556
9333,2987
9333,9193
9333,10562
9333,10391
9333,188296
47260,5562
47260,13017
47260,178977
47260,188840
47260,207268
47260,207765
47260,331167
9400,641
9400,2492
9400,4813
9400,10051
9400,12670
9400,15208
9400,200918
9400,211659
9400,239797
9400,266753
9400,314730
9400,315323
9400,316832
9400,325774
9400,325801
9400,325824
9400,325841
9400,325847
9401,782
9401,931
9401,2708
9401,1419
9401,1562
9401,703
9401,2150
9401,9826
9401,11454
9401,11258
9401,12670
9401,14601
9401,41379
12241,416
12241,1490
12241,7397
12241,9826
12241,11181
12241,10714
12241,18098
12241,179430
25739,90
25739,1228
25739,11454
25739,33672
25739,207194
25739,249535
25739,282428
25739,317819
25739,322268
11306,242
11306,3262
11306,10326
11306,11612
11306,13005
11306,158025
11306,177127
11306,207390
11306,208788
9625,779
9625,797
9625,1721
9625,5340
9625,4289
9625,6162
9625,8015
9625,9826
9625,10714
9625,14676
9625,167316
9625,180668
9625,219404
9625,325842
10680,6278
10680,6075
10680,3616
10680,6483
10680,18068
6346,529
6346,3440
6346,222517
35115,156017
14821,391
14821,720
14821,5034
14821,9844
14821,5086
14821,15101
14821,197582
14821,236343
14821,325813
14136,830
14136,6075
14136,582
14136,1252
14136,12393
14136,14725
14136,15037
14136,156809
14136,156866
14136,163129
14136,166701
14136,171068
14136,179110
14136,228750
14136,286354
10869,2918
10869,582
10869,6490
10869,9663
10869,161662
22660,1556
22660,2752
22660,15162
22660,15225
22660,158416
22660,158615
22660,207928
22660,208152
19186,5767
19186,9758
19186,15016
19186,168211
31102,1415
31102,818
31102,9713
31102,13014
31102,156799
31102,208185
31102,234125
31102,236170
31102,253768
6878,6054
6878,818
6878,977
6878,9714
6878,15162
6878,189092
6878,208152
15944,2343
15944,12999
15944,15162
15944,41538
15944,211173
18444,2041
18444,818
18444,2580
18444,2005
18444,4418
18444,7639
18444,12988
18444,15148
18444,207928
18444,209317
20723,977
20723,1930
20723,1562
20723,1969
20723,5923
20723,10532
20723,15363
20723,158389
20723,158390
173,3799
173,269
173,339
173,270
173,2768
173,2769
173,2770
173,2772
173,385
173,3193
173,10503
173,10028
173,14785
173,155334
173,191409
173,202371
173,219972
173,311315
173,325775
173,325787
864,240
864,6075
864,1442
864,2070
864,3266
864,1482
864,3777
864,4307
864,4310
864,220798
864,220840
864,234528
864,281585
864,320420
864,325811
24795,290
24795,1480
24795,9714
11224,7376
11224,818
11224,697
11224,2161
11224,2283
11224,2710
11224,6513
11224,3071
11224,3289
11224,4344
11224,5152
11224,9673
11224,13014
11224,18035
11224,166726
11224,173003
11224,196691
11224,208705
11224,272784
81310,263548
81310,311143
15947,534
15947,1339
15947,3478
15947,8995
15947,9935
15947,9977
15947,10212
15947,11203
15947,18266
15947,158402
15947,209220
15947,256736
15947,264118
15947,360973
9078,616
9078,818
9078,2343
9078,4375
9078,6513
9078,3289
9078,10466
9078,10982
9078,41538
9078,166726
9078,177128
9078,177912
9078,244144
9078,324713
29682,1447
29682,11175
29682,11321
29682,15101
29682,209220
29682,234125
29682,236170
8367,392
8367,2868
8367,4615
8367,4393
8367,11525
8367,9727
8367,10587
8367,18101
8367,155046
8367,220707
8367,303295
8367,303296
8367,303297
433,3515
433,212
433,380
433,818
433,970
433,2343
433,2341
433,4344
433,18035
433,41277
433,165468
433,175910
433,206834
433,209220
433,210184
433,211559
433,214831
433,240422
433,259333
433,261205
433,270064
433,283250
433,288816
433,303310
433,312820
433,325045
433,325762
433,325775
433,325782
433,325832
433,325840
433,325853
433,325856
433,363093
11360,456
11360,1566
11360,3030
11360,3032
11360,291
11360,6513
11360,3199
11360,4075
11360,4344
11360,4639
11360,5608
11360,9207
11360,33429
11360,155325
11360,318533
11114,4932
11114,6054
11114,10685
11114,8729
11114,9927
11114,9977
11114,12554
11114,156866
11114,193521
11114,209220
11114,236170
12335,616
12335,334
12335,2652
12335,1956
12335,10466
12335,209220
12335,241982
12335,269312
12092,1566
12092,2860
12092,2011
12092,3289
12092,15284
12092,159312
12092,166726
12092,191102
12092,246466
12092,286957
12092,322942
10948,6054
10948,818
10948,2527
10948,10683
10948,15162
10948,18165
10948,33688
10948,167982
10948,208152
11229,378
11229,387
11229,549
11229,739
11229,703
11229,708
11229,5034
11229,4174
11229,6669
11229,10041
11229,9826
11229,10714
11229,10809
11229,11546
11229,14857
11229,14964
11229,157716
11229,174258
11229,179411
11229,206184
11229,212737
11229,279433
11229,292049
11229,321464
11229,325763
11229,325854
15121,836
15121,4344
15121,1201
15121,9672
15121,6383
15121,10181
15121,160175
15121,165468
15121,165470
15121,165472
15121,165492
15121,165493
15121,165495
15121,189422
15121,214548
15121,232892
15121,325782
15121,325784
15121,325832
15121,344907
15121,345689
15121,351089
15121,359894
562,1157
562,818
562,1470
562,1812
562,1441
562,1953
562,10051
562,9826
562,10950
562,12670
562,13015
562,13116
562,14601
562,15090
562,159710
562,162914
562,167377
562,202371
562,207317
562,208289
562,219404
562,260283
562,292185
562,305084
562,311998
562,314517
562,321464
562,325785
562,325791
562,325810
10163,1566
10163,4563
10163,1576
10163,2552
10163,2887
10163,4003
10163,11372
10163,9748
10163,12190
10163,14760
10163,15256
10163,18420
10163,156866
10163,160097
10163,176217
10163,251513
48862,582
48862,6878
48862,7638
48862,9736
48862,14632
48862,14633
117036,4563
117036,1576
117036,14964
117036,187056
117036,272068
47199,791
47199,258
47199,4183
47199,2102
47199,174539
47199,174543
47199,174548
47199,174552
11159,212
11159,970
11159,2393
11159,1952
11159,9824
11159,209792
11159,254167
9591,3490
9591,904
9591,5716
9591,5718
9591,10686
9591,208992
9591,262913
30500,966
30500,9872
41843,1326
41843,254
41843,90
41843,128
41843,3725
41843,1956
41843,437
41843,9672
41843,9094
41843,11869
41843,14669
41843,14893
41843,155794
41843,196135
41843,208710
41843,211823
41843,256231
41843,283226
41843,308878
41843,328926
41843,333676
55058,700
55058,1946
55058,9673
10938,1862
10938,212
10938,738
10938,10181
10938,10180
10938,13088
10938,14768
10938,18425
10938,156777
10938,158718
10938,161046
10938,163037
10938,165100
10938,187056
10938,258533
10938,296608
10938,324429
10938,344229
10938,357311
10938,357312
11412,779
11412,1453
11412,441
11412,2660
11412,10685
11412,3713
11412,1562
11412,470
11412,2547
11412,10123
11412,10508
11412,9767
11412,10950
11412,11322
11412,12371
11412,13015
11412,14768
11412,41336
11412,41414
11412,166625
11412,176802
11412,196078
11412,207317
11412,212801
11412,219404
11412,222802
11412,228081
11412,235245
11412,311315
11412,319922
11412,325778
10586,212
10586,818
10586,414
10586,409
10586,2043
10586,5160
10586,3450
10586,4100
10586,9672
10586,158215
10586,158217
10586,158219
10586,202371
10586,241580
10586,275787
10586,305021
10586,325778
42314,10583
27845,567
27845,7464
27845,15111
27845,157481
27845,165913
27845,177317
27845,192530
23223,642
23223,974
23223,2492
23223,9672
23223,8015
23223,9673
23223,9826
23223,15090
49471,521
49471,992
49471,165461
49471,258917
38153,833
25147,818
25147,8250
25147,10508
25147,187325
25147,207928
25147,215203
25147,228753
9716,596
9716,1326
9716,242
9716,1459
9716,1605
9716,642
9716,4320
9716,5159
9716,1946
9716,11436
9716,10325
9716,4344
9716,4412
9716,10041
9716,10235
9716,4992
9716,11510
9716,15160
9716,207317
43777,782
43777,701
43777,2020
43777,9856
43777,14964
43777,15271
43777,34079
43777,168186
454,236
454,2987
454,3691
454,10181
454,9826
454,163656
454,165086
454,165214
454,188237
454,188404
454,230556
454,250809
454,309974
454,315323
454,325796
454,325803
454,325819
454,325828
454,325854
454,332062
10218,10668
10218,12396
10218,33719
10218,33876
10218,33879
10218,33887
10218,183133
819,516
819,739
819,3012
819,6148
819,1522
819,625
819,1499
819,2400
819,14857
819,208349
38191,1930
38191,9524
38191,18305
56830,11722
56830,12670
56830,13059
56830,158438
56830,158718
56830,160500
56830,177927
56830,207317
56830,216966
56830,231839
56830,258533
27256,663
27256,6149
27256,4120
27256,9856
27256,9807
27256,9826
31530,918
31530,246
31530,4118
31530,4344
31530,3692
31530,12990
31530,12999
31530,168346
66473,246
66473,212
66473,2692
66473,4344
66473,10106
66473,11677
66473,12990
66473,12999
66473,14514
66473,155697
28120,6092
28120,9807
28120,10144
28120,13065
1834,703
1834,1808
1834,9016
1834,11528
1834,9807
1834,12670
1834,34145
1834,155790
1834,213815
1834,222476
1834,230960
1834,234849
26282,10325
26282,9807
26282,173297
26282,185077
26282,186715
26282,223184
37218,1329
37218,334
37218,1956
37218,3779
37218,4613
37218,213913
252,730
252,1382
252,818
252,715
252,985
252,987
252,1158
252,986
252,2803
252,4344
252,9457
252,10508
252,15101
252,202873
252,207317
252,226028
252,245358
252,259376
252,276775
252,282127
252,309974
252,324713
252,325835
252,325836
252,325845
16372,818
16372,392
16372,6152
16372,3358
16372,10224
16372,9712
16372,12999
16372,156580
16372,165468
11561,2964
11561,6086
11561,2020
11561,4565
11561,8201
11561,6318
11561,14544
11561,189433
11561,200802
11561,236316
11302,2020
11302,2339
11302,3090
11302,178862
11302,236316
623,1326
623,642
623,1332
623,1786
623,10051
623,10909
623,18107
623,33519
623,34061
623,156456
623,159793
623,159802
623,159803
623,159806
623,159809
623,159812
623,159815
623,159817
623,159818
623,160362
623,166466
623,205598
583,1405
583,835
583,3570
583,3571
583,3574
583,4109
583,8201
583,9755
583,11001
583,18126
583,236316
583,240237
583,320420
583,322219
12614,90
12614,2311
12614,9714
12614,172789
12614,197005
12614,214548
21711,387
21711,6078
21711,18075
21711,171095
21711,181656
11575,242
11575,90
11575,830
11575,1436
11575,9253
11575,11411
11575,10028
11575,40869
11575,196401
11575,205850
11575,211712
11575,213306
475,798
475,828
475,502
475,947
475,1375
475,1556
475,2492
475,2493
475,2496
475,5900
475,5901
475,6328
475,10051
475,10718
475,10562
475,15363
475,158741
475,177695
475,190629
475,191845
475,193309
475,217432
475,236706
475,239841
475,319397
475,320537
475,325832
475,325854
11331,658
11331,2763
11331,701
11331,2422
11331,5420
521,596
521,212
521,931
521,1936
521,703
521,2848
521,6038
521,3344
521,9673
521,9826
521,14604
521,162271
521,208508
521,229959
521,235907
521,361850
21202,2199
88,612
88,5600
88,246
88,7879
88,642
88,380
88,5767
88,1342
88,1343
88,1346
88,10683
88,10791
88,10809
88,13005
88,14514
88,33694
88,41260
88,200129
88,226861
88,259376
88,324429
88,325773
500,10685
500,6099
500,6259
500,2052
500,4075
500,10051
500,9727
500,10085
500,11071
500,10391
500,10726
500,157171
500,157892
500,159413
500,171826
500,177438
500,188665
500,268132
792,3737
792,2957
792,720
792,502
792,1327
792,5331
792,1960
792,2321
792,11106
792,10787
792,12365
792,13065
792,14643
792,14690
792,14783
792,15240
792,18543
792,158480
792,163968
792,163984
792,165402
792,165431
792,180204
792,198590
792,216986
792,220446
792,227807
792,234492
792,234939
792,240379
792,249589
792,266753
792,314730
792,315053
792,321464
792,325791
792,341637
8491,966
8491,5306
8491,5812
8491,3045
8491,6095
8491,189421
8491,256330
8491,320420
8491,325777
402,3737
402,387
402,931
402,459
402,6149
402,582
402,4426
402,6259
402,703
402,1664
402,3183
402,2619
402,4320
402,4378
402,6562
402,9016
402,9740
402,160153
402,207268
402,207767
402,237460
402,250164
402,273123
402,323449
10537,578
10537,3800
10537,458
10537,4523
10537,496
10537,5498
10537,3298
10537,3593
10537,4436
10537,4572
10537,5565
10537,7464
10537,10229
10537,14964
11386,2038
11386,571
11386,1562
11386,7005
11386,10791
11386,13065
11386,14552
11386,165259
11386,173531
11386,266753
11386,290527
11386,315053
11386,324395
11386,325799
11386,325801
11386,325824
11386,325840
11386,325853
9504,2918
9504,642
9504,271
9504,1438
9504,1998
9504,10181
9504,10085
9504,10332
9504,11836
9504,41523
9504,160528
9504,179423
9504,179867
9504,194228
9504,202371
9504,207268
9504,230747
9504,232076
9504,236546
9504,261264
9504,307930
9504,322254
15764,242
15764,1631
15764,1739
15764,1956
15764,13028
15764,21747
15764,207883
601,455
601,1826
601,1604
601,3243
601,1432
601,1007
601,697
601,1603
601,3246
601,3197
601,3335
601,5958
601,4527
601,9951
601,9457
601,14768
601,160515
601,170718
601,325824
25842,818
25842,1443
25842,65
25842,11436
25842,9736
25842,10164
25842,12999
25842,13153
25842,15169
25842,33648
25842,33969
25842,162846
25842,193048
25842,207317
25842,238091
25842,238424
25842,239285
25842,239286
25842,344457
2119,6075
2119,6315
2119,6316
2119,9844
2119,9823
2119,9748
2119,10039
2119,14725
2119,161630
2119,167986
2119,191138
2119,225795
2119,242128
744,3737
744,7879
744,725
744,3800
744,697
744,2796
744,6062
744,2533
744,3203
744,3777
744,3994
744,4410
744,13001
744,207414
744,239275
744,281585
744,325761
744,325778
744,325781
744,325785
744,325813
744,325835
744,346769
136311,10332
136311,18034
221,30
221,1001
221,542
221,6059
221,830
221,970
221,1002
221,526
221,10683
221,156866
221,191349
221,253388
221,296608
221,326218
221,361850
702,1565
702,570
702,380
702,531
702,2102
702,2320
702,2411
702,10235
702,12999
702,157131
702,160945
702,241738
25750,798
25750,3875
25750,9663
25750,12339
25750,18072
25750,41002
17642,4478
17642,18330
17642,221355
9305,332
9305,6016
9305,2398
9305,3126
9305,4166
9305,18330
9305,187056
9305,221355
9305,269412
9305,282080
9305,285070
9305,287067
9305,316372
9305,317819
9305,361535
37616,642
37616,10041
37616,159660
11112,3658
11112,4373
11112,4411
11112,5636
11112,5628
11112,4970
11112,9104
11112,18118
11112,174523
11112,235671
21612,242
21612,4112
21612,3739
21612,1419
21612,3303
21612,3458
21612,5571
21612,6346
21612,9856
21612,9748
21612,9826
21612,10391
21612,13092
21612,18396
21612,41410
21612,214548
141210,163053
36998,4573
116844,242
116844,1803
116844,6782
116844,7464
116844,33457
116844,33476
116844,40879
116844,168346
116844,183738
116844,185969
116844,211044
116844,214514
116844,302152
1630,445
1630,460
1630,3012
1630,740
1630,1664
1630,2426
1630,2829
1630,2930
1630,5651
1630,33626
1630,158558
1630,176511
1630,221957
1630,230090
1630,280999
1630,287033
1630,322790
26626,2964
26626,6149
26626,567
26626,4552
26626,3687
26626,10508
26626,9713
26626,40879
26626,156768
124837,15134
11816,5600
11816,1889
11816,970
11816,5153
11816,10181
11816,10235
11816,33694
11816,41393
11816,155294
11816,238752
11816,325840
11843,642
11843,1384
11843,2408
11843,5439
10379,7942
10379,319319
10379,320420
2756,658
2756,3243
2756,339
2756,270
2756,2772
2756,3269
2756,6255
2756,3312
2756,4410
2756,4862
2756,9738
2756,4949
2756,10503
2756,14785
2756,155334
2756,161293
2756,162351
2756,177406
2756,185477
2756,233020
790,658
790,1415
790,3799
790,1321
790,966
790,530
790,1938
790,2398
790,1829
790,3002
790,3341
790,4079
790,14765
790,314730
1103,242
1103,444
1103,779
1103,542
1103,840
1103,1543
1103,1930
1103,1562
1103,2019
1103,3149
1103,4565
1103,2095
1103,4458
1103,5970
1103,3289
1103,5034
1103,11107
1103,4668
1103,12190
1103,33556
1103,217083
11298,596
11298,818
11298,1370
11298,2908
11298,9720
11298,9826
11298,10714
11298,3623
11298,12564
11298,15106
11298,33688
11298,155818
4480,254
4480,818
4480,1649
4480,5332
4480,4933
4480,7199
4480,10226
4480,268016
4481,254
4481,818
4481,697
4481,1649
4481,7199
4481,9663
4481,9748
49688,9672
10765,6092
10765,2660
10765,90
10765,6223
10765,2386
10765,4375
10765,3777
10765,4613
10765,11024
10765,11322
10765,33652
10765,191731
10765,196009
10765,207999
10765,223918
10765,234820
10765,307321
10765,319397
10765,320420
762,113
762,1400
762,392
762,345
762,11327
762,770
762,5160
762,3966
762,3968
762,3969
762,8201
762,9755
762,11687
762,10466
762,10982
762,177129
762,209792
762,235499
762,236316
762,256330
762,259376
762,320420
762,325765
762,325832
762,329894
44497,3664
44497,2699
44497,5159
44497,12396
44497,13059
44497,18321
44497,155477
44497,158713
44497,215492
44497,238355
44497,245445
44497,258533
278621,15136
278621,158718
278621,187056
278621,188737
278621,210026
99479,2339
99479,5565
99479,190969
55049,9730
55049,12545
79306,3522
79306,9935
79306,159558
356054,1803
356054,10123
356054,41329
10548,409
10548,2792
10548,4252
10548,5378
10548,8909
10548,9815
10548,155393
10548,155395
10548,159290
10548,196017
10548,199717
10548,209476
10548,210008
10548,218183
10548,231182
10548,234765
10548,245031
10548,254106
10548,255401
10548,257456
10548,260386
10548,278327
10548,304615
10548,304973
10548,308144
10548,321123
10548,336883
531,642
531,1436
531,1384
531,2526
531,3028
531,3029
531,3289
531,9887
531,11477
531,10085
531,10121
531,15009
531,15162
531,159413
531,197065
531,230385
531,263548
4483,1157
4483,548
4483,3012
4483,2335
4483,9672
4483,6165
4483,11004
4483,194430
4483,204204
4483,208244
18919,2343
18919,490
18919,6300
18919,9887
18919,9377
18919,10121
18919,11691
18919,14999
18919,18129
18919,33401
18919,156174
18919,185343
18919,209220
18919,263164
18919,296728
18919,308918
31556,6149
31556,1734
31556,9807
31556,10958
31556,12670
31556,161982
31556,167377
31556,169331
31556,227825
31556,268067
26167,378
26167,3149
26167,7169
26167,7067
26167,9748
26167,9807
26167,191047
26167,207746
26167,270737
26167,300796
26174,1568
26174,9807
26174,10890
572997,187056
61461,6139
218713,1307
218713,12545
218713,18115
218713,33626
218713,160364
218713,188715
218713,191104
218713,200695
218713,221660
218713,237011
218713,259376
218713,282133
127973,156764
127973,163072
127973,188717
659,1525
659,596
659,2087
659,236
659,818
659,2652
659,604
659,3409
659,291
659,1813
659,74
659,2587
659,3725
659,1956
659,2783
659,10123
659,3407
659,3568
659,3410
659,3902
659,4446
659,10683
659,156195
659,193008
659,199423
659,207876
659,207883
659,209966
659,214548
659,306053
659,324284
30892,222
30892,1025
30892,2884
30892,6262
30892,10123
30892,1610
30892,8201
30892,10181
30892,156479
8074,2957
8074,549
8074,2439
8074,3451
8074,13059
8074,170487
8074,180751
8074,180756
124676,187056
38554,3202
38554,3344
38554,9649
38554,10594
49763,818
49763,485
49763,12564
49763,15162
49763,223059
49763,228001
41326,4112
41326,2029
41326,33585
41326,159783
41326,164400
41326,187056
10608,1399
10608,6085
10608,904
10608,6382
10608,11800
10608,11482
10608,18075
10608,33534
10608,160517
10608,162339
10608,169086
10608,180724
10608,191600
11216,970
11216,629
11216,886
11216,5091
11216,10683
11216,9856
11216,156597
11216,164246
11216,173719
11216,179428
11216,246529
11216,274951
11216,325784
11216,325786
7452,4426
7452,738
7452,1501
7452,1918
7452,1946
7452,9730
7452,8201
7452,9887
7452,9740
7452,9826
7452,14707
7452,15216
7452,170418
7452,197940
7452,212643
7452,217930
7452,248288
7452,278235
7452,312898
892,1353
892,1252
892,4565
892,4458
892,10123
892,3199
892,4452
892,4457
892,4459
892,4460
892,14895
1600,2176
1600,2446
1600,2553
1600,2690
1600,3864
1600,6300
1600,21747
1600,33552
1600,161891
1600,172442
1600,197005
1600,212914
1600,229292
1600,234074
26561,818
26561,65
26561,131
26561,5248
26561,6876
26561,177973
26561,207876
26561,279550
975,6092
975,254
975,818
975,1402
975,74
975,2504
975,1627
975,7956
975,6987
975,9031
975,12999
975,13065
975,165431
975,210184
975,273967
975,288302
18129,818
18129,3202
18129,10453
18129,12670
18129,155544
18129,159607
18129,203139
18129,207268
54405,2334
54405,6344
54405,10229
54405,14985
150823,1415
150823,549
150823,10950
409,1160
409,7879
409,1453
409,3800
409,487
409,1284
409,2051
409,2052
409,1959
409,1956
409,1961
409,1963
409,1964
409,1965
409,1967
409,1968
409,1969
409,1971
409,1972
409,2050
409,18034
38251,2041
38251,6092
38251,1956
38251,174363
38251,299431
10161,2425
10161,5933
10161,5565
10161,9672
10161,7600
10161,9856
10161,10818
10161,11935
10161,158558
10161,180175
1412,459
1412,738
1412,3201
1412,2874
1412,3134
1412,4115
1412,4434
1412,14720
1412,177185
1412,178649
1412,210748
41768,2564
41768,3134
41768,207819
10409,1691
10409,1157
10409,733
10409,970
10409,4375
10409,10104
10409,4087
10409,4344
10409,10181
10409,9104
10409,9856
10409,10106
10409,13072
10409,40897
10409,169071
10409,207008
10409,221692
10409,242850
14285,2122
14285,1556
14285,5340
14285,5720
14285,11038
14285,9826
14285,15090
14285,188775
2469,378
2469,278
2469,744
2469,1930
2469,1591
2469,2727
2469,41410
2469,190007
10174,1691
10174,6029
10174,3490
10174,1664
10174,4344
10174,34264
10174,208781
10174,227302
31225,242
31225,108
31225,740
31225,1013
31225,824
31225,10180
31225,34115
31225,155418
31225,155419
31225,158718
31225,171636
31225,187056
31225,189920
31225,195624
31225,208289
31225,234106
31225,243956
510,791
510,6054
510,818
510,428
510,2574
510,4924
510,1897
510,11612
510,14784
510,166726
510,190939
510,208788
510,325830
510,325854
11455,4523
11455,2149
11455,919
11455,1941
11455,2235
11455,7508
11455,10776
11455,14964
11455,15214
11455,163726
1891,11196
1891,803
1891,1612
1891,1423
1891,526
1891,2902
1891,3373
1891,3388
1891,4551
1891,161176
1891,164246
1891,244265
1891,325811
2493,1566
2493,818
2493,2398
2493,5970
2493,2618
2493,9725
2493,9748
2493,12391
2493,12988
2493,13027
2493,157186
2493,160350
2493,160362
2493,160364
2493,161678
2493,169878
2493,186189
2493,191027
2493,245358
2493,269635
2493,329731
85,1160
85,1454
85,1456
85,11105
85,83
85,485
85,486
85,487
85,488
85,2656
85,1294
85,2650
85,2853
85,2854
85,2856
85,2652
85,9032
85,483
85,6956
85,41586
85,175428
85,184134
85,205333
85,214548
85,311315
85,325811
85,362762
68,1566
68,6086
68,211
68,318
68,1025
68,1576
68,4565
68,1438
68,10123
68,8201
68,9887
68,10028
68,13015
68,33702
68,170715
68,171729
68,199524
68,207317
68,276775
68,309974
68,315323
68,325763
68,325776
68,355849
679,803
679,1826
679,1603
679,2345
679,3801
679,3591
679,4090
679,3385
679,3387
679,3388
679,3389
679,9951
679,9882
679,11322
679,13031
679,17937
679,160137
679,202371
679,301079
679,315053
679,320420
679,322255
679,325772
679,325785
679,325806
679,325812
429,1321
429,6092
429,801
429,2708
429,972
429,2095
429,11426
429,2125
429,9503
429,10176
429,10950
429,156212
429,166512
429,179585
429,186831
429,239797
429,263029
429,314730
429,319922
429,333099
429,343041
13446,2231
13446,212
13446,5215
13446,548
13446,567
13446,3762
13446,1439
13446,1822
13446,10123
13446,6464
13446,11333
13446,8224
13446,10594
13446,11004
13446,11826
13446,12987
13446,14766
13446,14829
13446,14964
13446,15214
13446,15237
13446,154846
13446,155479
13446,167541
13446,198673
13446,208992
13446,258533
389,2122
389,2142
389,3012
389,934
389,1417
389,6139
389,3581
389,4728
389,5144
389,10181
389,11038
389,9826
389,11141
389,11523
389,12999
389,33519
389,200918
389,214780
947,487
947,2504
947,1975
947,2673
947,3575
947,4100
947,4107
947,4535
947,4717
947,9672
947,12995
947,15140
947,18034
947,173259
947,210434
947,214410
947,293649
947,362499
185,212
185,642
185,542
185,1025
185,818
185,1541
185,970
185,3679
185,738
185,2438
185,6259
185,4565
185,10123
185,8201
185,9849
185,14857
185,14903
185,189409
185,190531
185,192260
185,212737
185,226738
185,238189
185,261264
185,266753
185,315053
185,316832
185,321464
185,325773
185,325834
185,357496
595,6145
595,570
595,380
595,818
595,3012
595,6148
595,1533
595,1412
595,769
595,1679
595,2075
595,1952
595,6094
595,2005
595,3009
595,3010
595,3011
595,11038
595,12425
595,12999
595,163119
595,208349
595,214548
595,214780
595,232076
595,246466
595,311315
595,325786
595,325806
28,1008
28,2957
28,736
28,10364
28,2956
28,2959
28,591
28,2960
28,6092
28,726
28,818
28,3269
28,6255
28,9887
28,10148
28,10403
28,10787
28,11323
28,14707
28,158244
28,162365
28,162810
28,165431
28,309974
28,325775
28,325785
28,325801
335,1415
335,697
335,2089
335,10955
335,156212
335,180257
335,187312
335,188924
335,196584
335,207110
335,235181
335,247133
335,258409
335,275787
335,362404
1892,1612
1892,380
1892,526
1892,2280
1892,2902
1892,5144
1892,5774
1892,18034
1892,161176
1892,164246
1892,322255
1892,325765
1892,325811
144,220
144,1566
144,295
144,291
144,290
144,292
144,4978
144,5446
144,4232
144,12999
144,206626
144,210434
144,211431
144,311315
144,325763
1092,4694
1092,2449
1092,1227
1092,5340
1092,3055
1092,3533
1092,4100
1092,1201
1092,9665
1092,9807
1092,12999
1092,14967
1092,18267
1092,41412
1092,156091
1092,160224
1092,165142
1092,210162
1092,241805
1092,241806
1092,325839
769,378
769,1196
769,242
769,818
769,3149
769,1583
769,2149
769,1228
769,1857
769,10292
769,5565
769,9672
769,9826
769,10291
769,10391
769,41523
769,214983
769,214985
348,803
348,1612
348,1826
348,6016
348,4565
348,1825
348,1828
348,1829
348,3801
348,7956
348,9951
348,9882
348,11322
348,157634
348,161176
348,204390
766,616
766,4062
766,1400
766,1545
766,530
766,3098
766,4379
766,3970
766,4067
766,4060
766,4065
766,4066
766,10327
766,10466
766,12377
766,12394
766,41406
766,157466
766,161891
766,164218
766,199524
766,215160
766,256330
766,259376
766,287274
766,319397
766,320420
766,325795
766,325807
175,3737
175,6054
175,236
175,269
175,6075
175,970
175,270
175,131
175,271
175,560
175,629
175,630
175,631
11645,441
11645,4152
11645,1419
11645,5332
11645,3098
11645,5515
11645,9748
11645,11323
11645,12995
11645,18100
11645,156479
11645,162715
11645,186753
11645,192772
11645,196349
11645,198754
11645,204055
11645,211659
11645,215015
11645,311315
11645,325854
10835,1741
10835,6149
10835,2708
10835,12354
10835,208156
10835,311315
539,612
539,1443
539,703
539,1879
539,1859
539,2669
539,3335
539,8627
539,9181
539,9719
539,10594
539,9826
539,11677
539,10714
539,12339
539,12565
539,12999
539,13092
539,13112
539,14604
539,14646
539,14831
539,41329
539,155790
539,156091
539,156761
539,176182
539,178649
539,180340
539,190205
539,208251
539,217140
539,222314
539,227947
539,233450
539,236119
539,240237
539,240242
539,314152
539,323924
539,323925
539,323926
539,323927
539,347137
525,378
525,520
525,246
525,6029
525,727
525,2652
525,1416
525,745
525,6031
525,2636
525,6490
525,7312
525,14765
525,15214
525,15232
525,283297
525,325773
525,325775
525,325810
525,325844
240,613
240,242
240,818
240,700
240,701
240,131
240,3149
240,6049
240,1936
240,1715
240,2944
240,9748
240,9826
240,10085
240,10291
240,11259
240,10391
240,10909
240,14632
240,155538
240,156024
240,162810
240,208611
240,252123
240,312898
600,10084
600,1589
600,2957
600,236
600,2956
600,720
600,6092
600,549
600,818
600,2903
600,5299
600,917
600,2999
600,11106
600,4747
600,10075
600,10787
600,11400
600,12425
600,14900
600,14955
600,15240
600,18543
600,46962
600,158780
600,161840
600,162365
600,165431
600,226426
600,227845
600,253373
600,266753
600,273967
600,315053
600,316832
600,325773
600,325796
600,325819
600,325847
530,305
530,1436
530,2534
530,2526
530,2836
530,6876
530,6394
530,7422
530,11477
530,10121
530,14544
530,15162
530,195732
530,197065
530,230385
530,263548
10705,254
10705,4152
10705,4326
10705,9672
10705,10181
10705,8701
10705,9725
10705,9812
10705,10141
10705,15126
10705,18543
10705,161257
10705,186686
10705,192772
10705,192913
10705,213097
279,2199
279,1233
279,4048
279,5809
279,131
279,2276
279,2280
279,1201
279,10181
279,7881
279,9649
279,9826
279,18267
279,155624
279,160279
279,225219
279,228041
279,259376
279,324886
279,325854
3109,548
3109,1721
3109,5301
3109,4129
3109,2792
3109,4552
3109,9673
3109,11004
3109,11826
3109,13008
3109,14985
3109,164246
3109,165388
3109,239302
3109,257242
3109,325765
311,242
311,802
311,725
311,570
311,314
311,739
311,542
311,417
311,818
311,947
311,3149
311,625
311,975
311,1632
311,6220
311,9826
311,10937
311,11211
311,13006
311,158967
311,160246
311,164246
311,202371
311,207876
311,208992
311,214548
1578,1196
1578,242
1578,931
1578,396
1578,6075
1578,5301
1578,2340
1578,2320
1578,2792
1578,5565
1578,5572
1578,5573
1578,11925
1578,12999
1578,155464
1578,161307
1578,209476
1578,261264
1578,323809
1578,325773
1578,325823
1578,325835
1578,325854
703,242
703,6075
703,1488
703,2398
703,3489
703,2150
703,2835
703,3485
703,9799
703,9673
703,10229
703,11687
703,325857
9549,818
9549,1432
9549,6078
9549,2106
9549,1947
9549,3203
9549,3366
9549,3801
9549,8044
9549,6165
9549,14626
9549,156836
9549,190444
9549,207883
9549,208611
9549,208992
9549,221295
9549,229169
9549,343820
1398,818
1398,5369
1398,4896
1398,6844
1398,9951
1398,10128
1398,13028
1398,13065
1398,181324
1398,199047
1398,311138
387,818
387,339
387,5299
387,1913
387,1915
387,1956
387,4263
387,12993
387,15111
387,41599
387,155499
387,180178
387,195862
387,226475
387,230436
387,348114
387,348145
9277,622
9277,520
9277,1522
9277,643
9277,3202
9277,6220
9277,10051
9277,9728
9277,167411
9277,167424
9277,167428
9277,167431
9277,214548
9277,256330
9277,266753
343,3737
343,894
343,236
343,314
343,965
343,1421
343,1252
343,2643
343,1227
343,1904
343,1790
343,1792
343,2692
343,10683
343,10329
343,157799
343,241293
343,282667
37291,10123
37291,9799
37291,9398
37291,171729
37291,173490
37291,249832
490,616
490,3737
490,1318
490,316
490,548
490,1501
490,2868
490,2679
490,2869
490,2871
490,2829
490,1715
490,2875
490,5144
490,11187
490,12999
490,15001
490,18071
490,41406
490,177146
490,178611
490,179870
490,182210
490,208313
490,209837
490,213227
490,235487
490,237612
490,262074
490,313413
490,314626
490,318717
490,361486
11235,1415
11235,5175
11235,388
11235,1842
11235,5331
11235,6382
11235,9609
11235,10590
11235,15199
11235,33626
11235,155207
11235,187224
11235,226626
218,312
218,310
218,83
218,1280
218,679
218,1373
218,1366
218,526
218,4565
218,3289
218,4379
218,12670
218,33556
218,162484
218,175468
218,178657
218,208757
218,219404
218,253388
218,269233
218,321464
218,357496
763,1326
763,351
763,2658
763,2803
763,10122
763,12377
763,12415
763,15149
763,18087
763,253396
763,357193
9665,12425
9665,14643
9665,160201
9665,166464
9665,179585
9665,207928
9665,230457
9665,251436
9665,287033
18971,10181
18971,10855
18971,181324
18971,185011
18971,290159
18971,337694
18971,357701
696,596
696,2087
696,242
696,818
696,9672
696,9673
696,11869
696,12999
696,13028
696,14534
696,15160
696,33722
696,168346
696,193682
379,542
379,417
379,947
379,1419
379,5305
379,3149
379,1797
379,1857
379,8442
379,10085
379,10291
379,10950
379,188991
379,200918
379,202371
379,207268
379,207876
379,270813
379,312898
379,325770
379,325805
207,30
207,6054
207,490
207,496
207,2132
207,1992
207,9672
207,10683
207,10508
207,15165
207,41393
207,156799
207,170378
207,185158
207,208611
207,211659
207,259376
207,296608
207,316832
207,325854
37247,128
37247,3182
37247,3616
37247,7476
37247,9840
37247,10683
37247,12670
37247,13027
37247,157799
37247,171206
37247,171219
37247,323989
37247,325773
37247,325778
37247,325791
37247,325829
1480,612
1480,3149
1480,1411
1480,2286
1480,5340
1480,2676
1480,5616
1480,7336
1480,9807
1480,12999
9322,4654
9322,110
9322,1366
9322,1308
9322,5422
9322,9840
9322,9679
9322,12366
9322,12367
9322,41336
826,233
826,818
826,836
826,1261
826,1956
826,1968
826,3434
826,3450
826,5499
826,9525
826,246195
826,311315
422,3737
422,596
422,894
422,30
422,6059
422,776
422,1252
422,2534
422,495
422,886
422,1501
422,2467
422,2055
422,2056
422,12999
422,34094
422,161288
422,165402
422,210434
422,239797
422,288816
422,325763
422,325778
422,325786
829,3737
829,658
829,2337
829,570
829,2281
829,1261
829,1788
829,3820
829,9016
829,10410
829,12570
829,12670
829,155790
829,207268
828,1612
828,3243
828,6057
828,8506
828,9738
828,11479
828,10891
828,12999
828,162365
828,199065
828,202647
828,231277
3090,1321
3090,534
3090,818
3090,5332
3090,4542
3090,8577
3090,9713
3090,10594
3090,14638
3090,33344
3090,162726
3090,207876
9964,2658
9964,10292
9964,4295
9964,12394
9964,157748
9964,157764
3063,1704
3063,407
3063,4129
3063,470
3063,4063
3063,4344
3063,11372
3063,11333
3063,9253
3063,12999
3063,156764
3063,162752
3063,191027
3063,220648
3063,309974
3063,319397
13667,1339
13667,5801
13667,7074
13667,11258
13667,155722
13667,159558
13667,179430
13667,179431
13667,248915
13667,320420
13667,325761
13667,325814
694,612
694,613
694,516
694,818
694,1533
694,1475
694,6262
694,3335
694,3373
694,1981
694,3556
694,9887
694,5914
694,7464
694,10170
694,9815
694,10241
694,9957
694,10629
694,11925
694,12191
694,12565
694,13028
694,15016
694,18129
694,33457
694,156783
694,157512
694,158261
694,163558
694,164494
694,176227
694,185135
694,190107
694,192865
694,193479
694,196986
694,199079
694,207973
694,208759
694,217420
694,240237
694,251513
694,252123
694,256183
694,256908
694,259982
694,278689
694,295907
694,305648
694,306351
694,308818
694,318862
694,321873
235,6054
235,818
235,2517
235,6733
235,7312
235,1897
235,10683
235,169875
235,169878
235,169885
235,169886
235,171387
235,171826
235,208349
235,208611
235,216919
235,255356
235,305164
235,325814
832,220
832,74
832,6259
832,1752
832,1468
832,5340
832,10291
832,10714
832,12999
832,15009
832,156764
832,176182
832,179874
832,244516
832,323114
765,7946
765,11335
765,12394
765,13153
765,13209
765,18451
765,157458
765,157459
765,157465
765,157466
765,157468
765,157470
765,164218
765,259376
765,287274
765,319397
765,320420
765,325811
5925,378
5925,5136
5925,11105
5925,1563
5925,818
5925,2652
5925,10685
5925,895
5925,6089
5925,4276
5925,1223
5925,1879
5925,4565
5925,1480
5925,1956
5925,1968
5925,2147
5925,5034
5925,11246
5925,9672
5925,9774
5925,9777
5925,10614
5925,11267
5925,14735
5925,160175
5925,191031
5925,207883
5925,229917
5925,253373
11778,2957
11778,422
11778,1415
11778,236
11778,2956
11778,447
11778,10685
11778,904
11778,4119
11778,9713
11778,10580
11778,13027
11778,33772
11778,164852
11778,165431
11778,188944
11778,188991
11778,228755
11778,239343
11778,251639
11778,267139
11778,296780
4485,90
4485,2281
4485,1552
4485,2992
4485,4461
4485,9008
4485,10229
4485,11734
4485,159944
4485,164920
4485,193316
137,563
137,901
137,902
137,903
137,904
137,905
137,1442
137,1521
137,65
137,10854
137,156597
137,181324
137,220046
137,285214
137,325761
137,325762
33,549
33,798
33,6145
33,802
33,1016
33,7658
33,9748
33,157512
33,159434
33,160410
33,207928
33,209631
33,231624
33,271712
33,356488
982,2106
982,3264
982,4500
982,10410
982,10736
982,12400
982,12999
982,15134
982,165047
982,208385
982,241648
982,260672
8428,11196
8428,6270
8428,236
8428,1701
8428,1002
8428,4630
8428,6089
8428,1859
8428,2135
8428,6158
8428,8030
8428,12974
8428,12988
8428,159947
8428,186117
212,351
212,1227
212,6255
212,2602
212,6038
212,3335
212,9826
212,10714
212,13028
212,13092
212,156273
105,391
105,4776
105,389
105,830
105,952
105,953
105,1436
105,1743
105,3338
105,4379
105,6733
105,10125
105,9673
105,11860
105,13015
105,18425
105,40850
105,186189
105,206720
105,206736
105,208611
105,294348
105,325761
105,325765
105,325840
1633,818
1633,531
1633,2075
1633,6388
1633,14766
1633,18379
1633,155208
1633,156928
1633,264386
11202,1402
11202,11139
11202,5300
11202,1956
11202,4299
11202,11110
11202,11117
11202,5565
11202,6165
11202,9156
11202,40850
11202,210434
11202,311315
11202,325785
11202,362806
1554,378
1554,549
1554,10685
1554,1721
1554,1667
1554,2411
1554,3134
1554,9777
1554,9750
1554,12999
1554,15234
1554,186117
1554,226285
149,6092
149,542
149,83
149,464
149,1706
149,1402
149,467
149,1815
149,1485
149,1353
149,2766
149,4565
149,12190
149,13141
149,14736
149,161919
149,164218
149,210024
149,212737
149,257783
149,325811
149,325856
8009,242
8009,779
8009,1400
8009,4978
8009,388
8009,1938
8009,9725
8009,14946
8009,177895
8009,192913
8009,234213
8009,251513
8009,269233
8009,305168
8009,314730
8009,321464
8009,325762
8009,325785
8009,325791
8009,325806
8009,325811
8009,325824
903,378
903,3737
903,1196
903,818
903,10685
903,697
903,526
903,2539
903,2883
903,11246
903,34079
903,214597
11673,1605
11673,90
11673,5330
11673,3452
11673,5933
11673,5560
11673,4952
11673,10181
11673,10048
11673,200116
11673,207941
3034,1299
3034,1706
3034,3487
3034,3098
3034,3582
3034,9755
3034,10125
3034,10124
3034,11931
3034,12416
3034,12999
3034,14760
3034,233588
3034,258464
3034,325844
339,1787
339,242
339,444
339,1761
339,90
339,588
339,1786
339,467
339,1749
339,1772
339,1499
339,1757
339,1759
339,1760
339,1785
339,7312
339,11933
339,12670
339,156934
339,163080
339,171054
10404,271
10404,6038
10404,4516
10404,6751
10404,8754
10404,10329
10404,34038
10404,158455
10404,207876
914,1453
914,2652
914,928
914,2903
914,2504
914,407
914,2444
914,1755
914,1956
914,3061
914,3068
914,8201
914,6001
914,12999
914,158192
914,165431
914,191027
756,5783
756,6513
756,3289
756,3537
756,4344
756,155325
756,177912
756,209220
756,325765
756,325832
288,1415
288,75
288,797
288,5572
288,11207
288,10950
288,11011
288,12999
288,14643
288,15108
288,18522
288,166552
288,174244
288,241602
910,818
910,395
910,351
910,1936
910,703
910,1803
910,5923
910,9807
910,9826
910,11168
910,12570
910,12670
910,155790
910,155851
910,156091
910,175514
910,237462
2640,6270
2640,6054
2640,704
2640,236
2640,2913
2640,10123
2640,10624
2640,11870
2640,34079
2640,41203
2640,190830
16633,3363
16633,4379
16633,9673
16633,10965
16633,13094
16633,34265
16633,210184
16633,228296
665,5744
665,539
665,818
665,1405
665,6078
665,186
665,2433
665,2315
665,3035
665,2618
665,3575
665,3071
665,3339
665,3341
665,11436
665,10062
665,5049
665,9673
665,9713
665,9714
665,9748
665,11704
665,11001
665,12995
665,15060
665,34137
665,154820
665,158449
665,168022
665,182677
665,191440
665,192491
665,209157
665,215659
665,222185
665,230097
665,239413
665,276929
665,278354
665,325775
11031,2570
11031,4044
11031,9755
11031,11800
11031,18001
11031,163053
11031,179430
11031,179431
11031,232186
11031,236650
11031,240462
11031,288345
11031,296093
11031,322268
11031,325765
11031,325782
11314,2763
11314,1576
11314,2163
11314,11479
11314,11004
11314,14662
11314,18330
11314,33577
11314,178027
11314,197052
11314,201769
11314,215299
11314,221355
11314,239821
11314,255438
11314,262228
11314,269412
11314,272851
11314,275268
11314,281237
11314,285070
11314,286434
11314,324739
11314,333257
15143,6270
15143,1594
15143,10624
15143,11870
15143,12392
15143,33910
15143,156294
15143,156928
15143,207970
15143,211996
15143,220487
15143,225686
15143,296608
15143,299208
15143,349984
15143,352754
89,83
89,2652
89,113
89,110
89,2847
89,2901
89,74
89,483
89,3156
89,3520
89,11117
89,5737
89,11489
89,12391
89,15272
89,33479
89,41585
89,41586
89,156386
89,161257
89,169990
89,191004
89,195295
89,208760
89,209305
89,214548
89,222832
89,240119
89,241930
89,272219
89,279911
89,303295
89,303310
10322,840
10322,521
10322,818
10322,1284
10322,1646
10322,2496
10322,4003
10322,212737
783,789
783,4112
783,6157
783,6089
783,4097
783,3398
783,1775
783,1956
783,2883
783,4090
783,4089
783,4096
783,4100
783,4101
783,4102
783,4104
783,4106
783,4107
783,4108
783,4109
783,5565
783,6987
783,9672
783,9031
783,288302
10644,1326
10644,828
10644,818
10644,460
10644,1003
10644,1797
10644,4320
10644,2111
10644,3055
10644,3262
10644,3530
10644,6281
10644,10759
10644,173644
10644,208992
11257,818
11257,392
11257,1488
11257,5091
11257,6581
11257,5832
11257,8032
11257,13078
11257,192391
11257,234626
11257,236170
14370,6257
14370,3290
14370,3366
14370,33353
14370,41609
14370,155722
14370,156813
14370,187056
12104,2570
12104,292
12104,2340
12104,4372
12104,11323
12104,155710
12104,161919
625,736
625,2956
625,2960
625,393
625,818
625,1003
625,1583
625,1228
625,2227
625,4123
625,3068
625,3104
625,3105
625,3106
625,3558
625,9672
625,14707
625,14900
625,173644
625,312898
8816,240
8816,818
8816,1192
8816,6464
8816,9957
8816,11004
8816,15162
8816,34115
8816,156928
8816,208611
8816,209476
830,3243
830,11107
830,9882
830,10158
830,14544
830,15246
830,211197
830,227719
830,237593
830,239323
830,239324
830,239336
830,239341
830,239342
830,239343
2323,4932
2323,802
2323,818
2323,6075
2323,1480
2323,2029
2323,2618
2323,7312
2323,10818
2323,13005
2323,158086
2323,158679
2323,162846
2323,163976
2323,227655
2323,227656
2323,272987
983,736
983,1321
983,1454
983,642
983,1332
983,2505
983,3202
983,4100
983,4107
983,9713
983,13065
983,13084
983,14643
983,41394
983,156866
983,207928
983,235774
642,1560
642,3228
642,3230
642,10562
642,10950
642,15214
642,44413
642,130989
642,156120
642,160799
642,220650
642,222934
642,325784
642,325811
655,4580
655,802
655,380
655,1556
655,3276
655,11436
655,10392
655,12670
655,15291
655,18034
655,18035
655,160798
655,168713
655,209966
655,284115
10341,7312
10341,167043
639,242
639,6054
639,1157
639,3201
639,1946
639,3200
639,10738
639,160404
168450,10131
168450,158718
168450,258533
30180,2671
30180,2350
30180,5696
30180,11700
30180,18002
30180,156555
30180,192515
30180,210608
30180,236650
30180,240154
30180,295486
30180,335369
30180,335370
31388,1453
31388,1991
31388,33626
31388,207317
41801,934
41801,6399
41801,5923
41801,5779
41801,15320
41801,33841
41801,41380
41801,156651
41801,156770
41801,156771
41801,156772
41801,156773
41801,187056
96288,187056
96288,264386
61536,190427
18762,1691
18762,5349
18762,6075
18762,8079
8077,378
8077,803
8077,1612
8077,4565
8077,2883
8077,3801
8077,3388
8077,11436
8077,4083
8077,9663
8077,9951
8077,9882
8077,13031
8077,13194
8077,158895
8077,160879
8077,163045
8077,178652
8077,189414
8077,193149
8077,232076
8077,309974
814,3737
814,212
814,1567
814,428
814,697
814,2172
814,4375
814,2803
814,4550
814,4553
814,7033
814,9180
814,11004
814,12564
814,13031
814,17982
814,155479
814,160840
814,162810
814,200918
814,201715
814,202371
814,244530
814,259376
814,264910
814,282861
814,293649
814,309974
814,315323
814,320420
814,325761
814,325762
814,325763
814,325764
814,325776
814,325791
814,325817
814,325825
41671,9663
41671,162846
27214,3358
52263,3358
52263,156174
52263,161750
52263,162846
33519,1003
33519,1366
33519,3684
33519,156075
16235,516
16235,380
16235,2299
16235,2626
16235,3350
16235,9712
16235,6095
16235,10041
16235,9675
16235,14765
16235,15001
16235,33841
16235,156075
16235,161261
11449,3335
11449,3358
11449,9712
11449,9398
11449,9853
11449,33467
11449,159940
11449,164218
11449,173099
11449,173103
11449,208152
11449,230191
11449,239680
11449,325766
11449,325818
11449,325825
41848,236
41848,3358
41848,9663
41848,11183
41848,14792
25944,2389
25944,570
25944,3133
25944,131
25944,1909
25944,9755
25944,33841
25944,155493
24913,2041
24913,9826
24913,11870
24913,12339
24913,154681
24913,206850
24913,221023
49126,3737
49126,818
49126,3030
49126,3363
49126,5484
49126,156104
49126,164881
49126,194998
49126,208156
49126,232076
49126,239797
49126,251667
49126,307713
49126,311315
49126,325786
32076,242
32076,4720
32076,1419
32076,3392
32076,3875
32076,6158
32076,11333
32076,34079
32076,156593
32076,162745
32076,166583
32076,167890
32076,235696
32076,236298
32076,242440
32076,265038
32076,287101
32076,319592
571,2589
571,3556
571,5500
571,11183
571,10430
571,14660
571,156037
571,156866
571,168115
571,170378
571,172210
571,172218
571,172225
571,172228
571,320420
571,325818
8851,1415
8851,1299
8851,3335
8851,9732
8851,10154
8851,10221
8851,41642
8851,156091
8851,164246
8851,167149
8851,172136
8851,180179
8851,188178
8851,221696
8851,234727
8851,234730
8851,234731
8851,234732
8851,234733
8851,259376
8851,276605
8851,323910
37843,966
37843,1299
37843,5789
37843,11931
32146,2501
32146,11268
32146,13063
30346,1936
30346,3130
30346,9826
30346,12999
30346,40244
30346,41207
30346,156544
30346,157890
30346,158025
30346,187675
30346,218105
30346,239416
30346,239419
30346,239420
30346,263525
30346,272772
6114,596
6114,212
6114,272
6114,3133
6114,4197
6114,1890
6114,2158
6114,9714
6114,155301
6114,156112
6114,160292
6114,169620
6114,207928
6114,213097
229,4271
229,1299
229,952
229,1227
229,5314
229,3335
229,10125
229,12999
229,235810
229,258464
229,304301
229,346621
13549,516
13549,1157
13549,818
13549,2872
13549,1227
13549,1909
13549,9712
13549,10241
13549,14714
13549,15346
13549,155733
13549,160059
9529,818
9529,5340
9529,9955
9529,10616
9529,13160
9529,156075
9529,161707
9529,161712
9529,161722
9529,161728
9529,232469
9529,324429
1598,378
1598,1415
1598,516
1598,570
1598,1922
1598,11333
1598,9714
1598,9748
1598,10333
1598,10909
1598,12565
1598,13073
1598,15161
1598,41381
1598,155790
1598,159803
1598,337539
1598,342915
11349,1415
11349,6259
11349,351
11349,1591
11349,1422
11349,9807
11349,10909
11349,159803
11349,165271
11349,202371
11349,321464
11349,337539
11349,342915
7340,6270
7340,516
7340,818
7340,1533
7340,1227
7340,1674
7340,3036
7340,5086
7340,10508
7340,9748
7340,10048
7340,10266
7340,11001
7340,10809
7340,10873
7340,14624
7340,14837
7340,33740
7340,41380
7340,164346
7340,170356
7340,173971
7340,201864
7340,222314
7340,226602
7340,239680
7340,240315
7340,256183
7340,295738
7340,314730
7340,325825
6217,977
6217,1366
6217,1664
6217,4375
6217,9714
6217,10563
6217,10968
6217,15365
6217,33841
6217,157890
6217,160131
6217,179416
6217,190370
6217,241980
6217,274115
6217,278130
377,1566
377,3030
377,6259
377,2116
377,1468
377,6152
377,2494
377,9826
377,12339
377,18029
377,33457
377,157418
377,163841
377,170383
377,171814
377,190157
377,198483
377,200234
377,205276
377,208156
377,210162
377,232076
377,251667
377,256183
377,314730
377,325818
377,342626
377,351332
653,1430
653,272
653,74
653,697
653,3133
653,1370
653,1909
653,6152
653,3098
653,4078
653,12999
653,154802
653,156818
653,157185
653,158142
653,158729
653,164218
653,165114
653,165369
653,171251
653,179860
653,179867
653,179870
653,179874
653,179875
653,179878
653,179882
653,189359
653,244516
653,261274
28198,110
28198,394
28198,3133
28198,3473
794,1704
794,530
794,345
794,6025
794,2341
794,11627
794,4083
794,4084
794,4087
794,10138
794,8685
794,11181
794,10093
794,10410
794,11001
794,13001
794,14999
794,18161
794,41586
794,325775
794,343960
31640,642
31640,416
31640,1384
31640,1721
31640,1419
31640,10051
31640,9673
31640,9826
31640,14604
31640,207268
8744,380
8744,6149
8744,1419
8744,1562
8744,4063
25189,1992
25189,13027
25189,187056
25189,208709
145,240
145,3737
145,549
145,856
145,970
145,6150
145,388
145,3679
145,941
145,6157
145,946
145,1002
145,1228
145,6217
145,9649
145,10093
145,14765
145,155870
145,158558
145,176253
145,181011
145,234722
2212,549
2212,996
2212,5919
2212,1406
2212,5340
2212,10326
2212,9714
2212,10714
2212,12392
2212,14964
2212,33861
199,1612
199,3822
199,1436
199,1472
199,836
199,522
199,671
199,679
199,680
199,1522
199,1523
199,4379
199,4583
199,49960
199,161176
199,211248
199,252634
199,257081
199,281585
7863,5657
7863,3344
7863,5561
7863,5565
7863,3810
7863,14743
7863,33484
7863,191815
7863,207592
7863,208611
7863,208992
7863,319782
12498,5521
12498,170630
12498,170633
12498,170646
12498,170648
12498,170652
12498,194413
9279,1157
9279,65
9279,1360
9279,1441
9279,1991
9279,6490
9279,6300
9279,179430
9279,207317
9279,240119
9279,288816
9279,320420
17204,6145
17204,1468
17204,5521
17204,188775
17204,308664
17204,332771
21539,290
21539,2409
21539,5708
21539,172504
21539,179567
21539,187056
21539,207317
85589,818
12709,6148
12709,3303
12709,437
12709,5870
12709,12965
12709,15199
12709,33790
12709,41276
12709,160279
12709,188953
12709,208570
20539,616
20539,1700
20539,10181
20539,10138
20539,10541
20539,33795
20539,207941
20539,220165
20539,325799
11674,212
11674,5154
11674,7024
11674,8841
11674,14814
11674,15101
11674,15162
11674,158369
11674,166726
11674,208152
11674,245230
11674,259376
199512,9748
64900,1157
64900,90
64900,824
64900,640
64900,1803
64900,1900
64900,2568
64900,9672
64900,10714
64900,14676
64900,187056
64900,243959
64900,258533
1573,720
1573,822
1573,818
1573,502
1573,8015
1573,9663
1573,10794
1573,10950
1573,13015
1573,14601
1573,14765
1573,15248
1573,157384
1573,158770
1573,160977
1573,161520
1573,207317
1573,207771
1573,219404
1573,249530
1573,260365
1573,316832
1573,320740
1573,335503
1573,335504
1573,344457
152,1612
152,312
152,310
152,1430
152,3822
152,582
152,1472
152,161176
152,190722
152,252634
152,288816
152,303942
152,315310
152,319319
152,325853
174,1612
174,4812
174,455
174,3012
174,3822
174,1472
174,665
174,750
174,559
174,4732
174,10410
174,14548
174,161176
174,171493
174,215299
174,252634
172,1612
172,1430
172,3822
172,1472
172,697
172,665
172,1562
172,5362
172,6231
172,11606
172,12388
172,18071
172,159028
172,161176
172,177398
172,235710
172,252634
172,267333
154,1612
154,314
154,6017
154,1423
154,1430
154,3822
154,747
154,1599
154,1613
154,1615
154,1617
154,1618
154,5218
154,1472
154,9748
154,33424
154,41177
154,161176
154,162810
154,171493
154,173971
154,193897
154,200918
154,202371
154,232076
154,252634
154,316241
154,325766
154,325771
154,325772
154,325791
154,325797
154,325799
157,1612
157,6054
157,3822
157,747
157,1472
157,2803
157,2968
157,6506
157,14756
157,161176
157,162810
157,197194
157,240119
157,250604
157,252634
157,319319
157,325769
157,325776
157,325786
157,325796
157,325799
157,325819
168,1612
168,83
168,3822
168,582
168,1472
168,4676
168,5359
168,665
168,4379
168,15066
168,161176
168,164246
168,187318
168,212737
168,221092
168,252634
168,259376
168,277113
168,280828
168,281585
168,288816
168,291153
168,303942
168,319319
168,325762
168,325765
168,325769
168,325770
168,325781
168,325786
168,325812
168,325813
168,325830
168,325853
364,848
364,417
364,3762
364,853
364,9715
364,3298
364,3289
364,5570
364,9717
364,9748
364,7002
364,15002
364,33637
364,163074
364,173861
364,173866
364,173867
364,207317
364,269233
11967,798
11967,801
11967,417
11967,1559
11967,2095
11967,2752
11967,9672
11967,9503
11967,10226
11967,155291
11967,202371
11967,239924
11967,273294
11967,309974
11967,319319
11967,320420
11967,324713
11967,325761
11967,325762
11967,325791
11967,325845
11967,325854
11967,325856
9086,378
9086,549
9086,798
9086,801
9086,534
9086,10685
9086,2095
9086,1666
9086,10322
9086,9663
9086,9503
9086,155291
9086,208156
9086,239924
9086,273294
9086,325761
9086,325772
9086,325809
9086,325810
621,5657
621,6270
621,391
621,387
621,931
621,542
621,2920
621,10104
621,3473
621,4344
621,10181
621,9823
621,11710
621,18005
621,18298
621,18453
621,34130
621,41203
621,165132
621,165137
621,165139
621,165143
621,165147
621,165148
621,165301
621,170434
621,180085
621,187901
621,200129
621,208611
621,239531
621,266725
621,294095
621,307888
621,307889
621,307890
621,307891
9037,4344
9037,8290
9037,14735
9037,187056
10173,3392
10173,8015
10173,9826
10173,18035
10173,200918
10173,202371
10173,249136
10173,261264
10173,325763
10173,325767
10173,325783
10173,325836
10173,325854
10173,325856
55687,4458
55687,188957
8845,779
8845,2770
8845,3070
8845,3312
8845,4410
8845,7188
8845,13015
8845,18522
8845,160860
8845,219404
8845,269233
46681,3193
46681,11034
46681,13098
46681,162756
578,3737
578,966
578,818
578,2069
578,2580
578,1495
578,1913
578,2988
578,2993
578,2996
578,5160
578,9398
578,10852
578,13031
578,13078
578,15097
578,15098
578,156175
578,158108
578,158259
578,159743
578,163300
578,174617
578,223059
578,284923
578,314730
578,325811
578,325840
579,3737
579,10084
579,2041
579,4210
579,1919
579,2988
579,2993
579,5156
579,3735
579,5160
579,3180
579,9663
579,10503
579,13031
579,15097
579,15098
579,155529
579,158297
579,158345
579,204009
17692,1196
17692,269
17692,630
17692,9663
17692,10503
17692,13031
17692,15058
17692,15097
17692,15098
17692,158108
17692,158252
17692,158340
17692,158345
17692,158350
17692,158353
17692,210597
17795,840
17795,833
17795,3635
17795,169028
75,840
75,833
75,839
75,83
75,843
75,464
75,1280
75,1704
75,1705
75,3243
75,10123
75,9755
75,9717
75,9951
75,13031
75,14909
75,252634
13891,934
13891,1803
13891,193013
13891,208591
9390,3658
9390,6075
9390,1485
9390,579
9390,14768
9390,210434
378,1009
378,642
378,1545
378,3725
378,1859
378,8201
378,10235
378,309974
378,325765
378,325835
10896,6054
10896,271
10896,6062
10896,2672
10896,9823
10896,11454
10896,13063
10896,194228
10896,208992
10896,268283
2322,2157
2322,2303
2322,4967
2322,209673
2322,267876
2322,325853
41240,187056
26949,2504
26949,155509
9819,1196
9819,380
9819,10181
9819,5923
9819,8097
9819,9824
9819,10163
9819,185263
9819,206915
49799,970
49799,6782
49799,18035
31908,782
31908,4129
31908,4098
31908,7856
31908,11038
31908,12425
31908,15108
31908,207915
31908,208647
46027,2231
46027,417
46027,6149
46027,11734
46027,33518
46027,156022
46027,236611
3179,612
3179,2700
3179,521
3179,585
3179,1812
3179,1670
3179,1556
3179,7312
3179,11316
3179,9964
3179,11483
3179,14570
3179,161919
3179,176502
3179,238706
3179,269769
1802,4034
1802,254
1802,2073
1802,2755
1802,4029
1802,5248
1802,5808
1802,3804
1802,5916
1802,13097
1802,18035
4232,6270
4232,1415
4232,483
4232,627
4232,3335
4232,10275
4232,10714
4232,10873
4232,12339
4232,12570
4232,15208
4232,17987
4232,157344
4232,157380
4232,157384
4232,160612
4232,162810
4232,177695
4232,182794
4232,200234
4232,206298
4232,251667
4232,296608
4232,325815
4232,325817
4232,325839
9361,818
9361,128
9361,10322
9361,9748
9361,10131
9361,15060
9361,15126
9361,33638
9361,158217
9361,160279
9361,192913
9361,208123
2928,290
2928,6140
2928,7312
2928,12193
2928,15162
2928,187056
30285,818
30285,1158
30285,1556
30285,6564
30285,10235
30285,9663
30285,34079
10549,456
10549,509
10549,697
10549,3071
10549,10181
10549,41410
10549,202371
10549,239797
10549,325766
58102,4112
58102,14985
58102,166625
58102,212738
18451,10508
18451,13028
18451,281659
27265,5914
27265,10818
27265,11157
27265,155251
27265,175357
27265,180413
27265,184430
27265,207693
27265,208476
27265,227982
27265,235886
27265,240237
27265,240482
27265,243959
27265,287378
49935,2565
8818,549
8818,3739
8818,2398
8818,2900
8818,6083
8818,4344
8818,10181
8818,8570
8818,10596
8818,34079
8818,165707
8818,165716
8818,165718
8818,165725
8818,207883
8818,208611
8818,343099
36758,6054
36758,818
36758,6258
36758,2887
36758,1295
36758,10594
36758,14638
36758,14893
36758,34143
36758,187056
36758,207928
36040,5657
36040,236
36040,380
36040,818
36040,414
36040,2406
36040,3593
36040,4717
36040,10148
36040,10683
36040,9856
36040,10349
36040,10809
36040,34079
36040,157906
36040,161281
36040,188154
36040,193459
9415,840
9415,521
9415,417
9415,833
9415,6078
9415,703
9415,9665
9415,11925
9415,18420
9415,41249
9415,161982
9415,180172
9415,197871
9415,208633
55146,8015
303693,1563
303693,4106
303693,162388
303693,207901
12145,5332
12145,2172
12145,10123
12145,3983
12145,12094
12145,18165
12145,181033
42424,5359
42424,630
42424,15162
34314,3800
34314,2080
34314,10950
34314,198541
34314,207317
34314,208637
2892,1009
2892,222
2892,2726
2892,40952
2892,168386
9404,5657
9404,779
9404,720
9404,4289
9404,12371
9404,219404
9404,256946
9622,233
9622,3075
9622,5347
9622,4539
9622,10508
9622,13072
9622,163047
9622,190116
9622,288816
8860,1589
8860,6149
8860,582
8860,5362
8860,7188
8860,8119
8860,9748
8860,12371
8860,33556
8860,156158
8860,156236
8860,159710
8860,200808
197537,818
66597,9673
66597,9824
66597,10937
66597,161213
66597,161307
66597,207883
66597,207964
14832,1525
14832,966
14832,380
14832,818
14832,999
14832,2913
14832,10683
14832,10877
14832,33841
14832,210547
14832,236343
9619,10084
9619,1415
9619,720
9619,2859
9619,1919
9619,2227
9619,5096
9619,2669
9619,3347
9619,4663
9619,6281
9619,7051
9619,10617
9619,3623
9619,14601
9619,14760
9619,158272
9619,163398
9619,164658
9619,188351
9619,189411
9619,208580
9619,211215
9619,215861
9619,220844
40506,8201
40506,252201
40506,263398
40506,281237
31000,2134
31000,10978
4104,380
4104,1646
4104,6996
4104,10483
26306,6075
26306,2070
26306,1897
26306,204967
14908,911
14908,4410
14908,6417
14908,13015
784,6054
784,6029
784,10685
784,3739
784,970
784,4048
784,1907
784,2300
784,2020
784,1773
784,2568
784,3536
784,3457
784,3530
784,4051
784,4052
784,4053
784,2452
784,10508
784,12392
784,33479
784,161944
784,170652
784,171054
784,173644
784,208147
784,208349
12489,10685
12489,6149
12489,740
12489,1803
12489,2619
12489,164605
168283,2652
168283,1956
168283,185454
168283,248915
16448,5900
16448,11800
16448,10260
16448,11524
16448,14529
16448,157409
16448,160510
16448,160515
16448,160518
16448,160528
16448,160529
55936,1563
55936,1562
55936,1262
55936,8780
55936,11709
55936,156866
55936,209126
17894,970
17894,1463
17894,407
17894,3023
17894,2470
17894,7606
17894,11322
17894,12541
17894,208664
17949,2041
17949,376
17949,11454
17949,41334
1968,828
1968,1463
1968,3725
1968,9799
66,5600
66,570
66,441
66,840
66,521
66,6086
66,417
66,833
66,6078
66,2013
66,3581
66,18083
66,41249
66,208633
66,240303
66,335395
20735,977
20735,1735
20735,9714
20735,208152
11419,395
11419,4630
11419,6433
11419,14570
11419,33694
25796,4317
25796,3582
25796,13027
25796,159947
638,378
638,445
638,931
638,1566
638,851
638,3030
638,6149
638,2039
638,3149
638,6255
638,2340
638,2885
638,1664
638,3303
638,2320
638,2359
638,2669
638,4375
638,2501
638,3017
638,3306
638,3296
638,3298
638,3301
638,3394
638,9887
638,9844
638,9826
638,12670
638,161891
638,177185
638,284115
638,325763
25624,1415
25624,798
25624,6984
25624,9672
25624,10209
25624,12425
25624,14546
25624,15060
25624,15126
25624,156158
25624,207876
25624,267422
9366,1196
9366,242
9366,1568
9366,3149
9366,1228
9366,9672
9366,11578
9366,10391
9366,11719
9366,14856
9366,18420
9366,166531
9366,177554
9366,177555
9366,252472
9366,272551
21915,6054
21915,248
21915,738
21915,3230
21915,4513
21915,5248
21915,9799
21915,11724
21915,12392
21915,160528
21915,163178
21915,167541
21915,219984
90928,898
50091,9706
50091,10180
50091,158718
50091,190200
50091,210608
50091,258533
18420,10685
18420,5301
18420,6593
18420,10051
18420,9748
18420,9826
18420,12670
18420,18115
18420,155331
18420,193227
18420,207268
19952,3398
19952,10562
19952,13027
19952,187056
19952,199080
9446,242
9446,4954
28005,496
28005,1664
28005,3182
28005,14636
28005,187056
28005,213079
9403,6935
9403,1412
9403,738
9403,1664
9403,2135
9403,9672
9403,6683
9403,185018
9403,187056
9403,328926
27322,1594
27322,324429
10003,220
10003,212
10003,5138
10003,818
10003,5265
10003,6078
10003,470
10003,6168
10003,9727
10003,14760
10003,186450
10003,186946
10003,219404
9311,818
9311,792
9311,3355
9311,4803
9311,8721
9311,10410
9311,10794
9311,161982
9311,191820
9311,316832
11844,4580
11844,3230
11844,4729
11844,6618
11844,13042
11844,156052
884,3737
884,596
884,1157
884,818
884,459
884,4424
884,4426
884,738
884,1523
884,2699
884,1664
884,1926
884,2843
884,2820
884,3260
884,3595
884,6158
884,11612
884,13063
884,15198
884,273507
884,324429
884,325938
49806,596
49806,242
49806,10041
49806,7312
49806,10235
49806,15219
49806,162914
49806,177972
49806,177973
49806,188991
49806,239239
49806,241738
49806,281237
49806,337525
1624,387
1624,1022
1624,6256
1624,4427
1624,9468
1624,10909
1624,33519
1624,161823
1624,163758
1624,187084
1624,203322
1624,230479
1624,240119
1624,300847
1624,329520
1624,333142
1624,352743
1624,352744
16052,1556
16052,5565
16052,164460
16052,164468
16052,164476
16052,227302
16052,329622
16052,331144
16052,340972
16052,345513
4477,242
4477,782
4477,2142
4477,797
4477,3713
4477,6078
4477,7005
4477,9748
4477,13015
4477,14552
4477,15249
24662,1691
24662,3289
24662,4344
24662,11477
24662,12396
24662,12990
24662,155621
24662,177201
24662,208586
24662,212760
24662,214548
24662,232804
24662,239386
24662,310034
18423,1437
18423,1946
18423,12670
18423,33626
18423,33720
18423,155247
18423,155248
76996,1740
76996,8039
76996,14766
76996,187056
76996,212673
6499,387
6499,2398
6499,3347
6499,3650
6499,9663
6499,10864
6499,11272
6499,155030
6499,156159
6499,185200
6499,208327
6499,319319
6499,325761
6499,325853
50512,596
50512,818
50512,3563
50512,186004
50512,207928
9405,1589
9405,779
9405,1568
9405,470
9405,1223
9405,4289
9405,6163
9405,9748
9405,13015
9405,219404
9405,309974
12723,1605
12723,380
12723,10061
12723,11935
12723,165147
9360,2763
9360,1585
9360,1297
9360,886
9360,1963
9360,5968
9360,10787
9360,13031
9360,33688
9360,158233
9360,158241
9360,158244
9360,202371
9360,217120
9360,223059
9360,314730
9360,317578
9360,317579
9360,317580
9434,933
9434,2708
9434,2726
9434,1224
9434,6259
9434,9824
9434,15137
9434,161213
9434,176797
9434,206041
9434,206594
9434,208009
9434,231750
118991,1936
21626,5919
21626,187056
21626,212737
21626,324429
13982,534
13982,6876
13982,9826
13982,33709
93946,187056
93946,229663
93946,258533
77223,378
77223,2041
77223,4224
77223,1956
77223,1968
77223,7348
77223,9525
77223,207883
31465,922
31465,7629
31465,14903
31465,159607
31465,167043
31465,171937
31465,180996
31465,186894
31465,227510
31465,254408
12793,242
12793,9833
12793,10180
12793,12392
12793,158718
12793,187056
12793,199656
105763,2020
105763,18293
105763,187056
105763,209125
105763,209126
9611,6270
9611,987
9611,919
9611,6038
9611,3687
9611,7289
9611,10266
9611,12392
9611,15214
9611,15479
9611,33457
9611,156809
9611,158558
9611,161213
9611,164246
9611,171556
9611,184426
9611,254167
9611,259376
9611,281585
9611,288816
9611,303310
9611,320420
9611,324713
9611,325765
9611,325782
9611,325784
9611,325811
9611,325832
9611,325840
9611,325845
9611,325856
47694,2682
47694,1936
47694,1632
47694,207876
10357,2859
10357,1552
10357,3347
10357,7051
10357,9786
10357,10617
10357,12670
10357,189411
10357,272692
10357,309974
10357,325763
10357,325773
10357,325775
10357,325791
10357,325805
10357,325856
9977,5657
9977,2020
9977,1925
9977,1988
9977,6539
9977,13006
816,1568
816,2534
816,470
816,2655
816,4289
816,9755
816,14570
816,15267
816,155762
816,179431
816,325781
816,325815
816,341280
2163,387
2163,3713
2163,1336
2163,1930
2163,974
2163,2340
2163,1508
2163,3306
2163,3875
2163,10738
2163,6876
2163,9758
2163,7312
2163,2441
2163,9826
2163,9743
2163,10250
2163,11259
2163,15381
2163,18034
2163,155497
2163,172382
2163,235261
124680,972
124680,2659
124680,10131
124680,219865
16399,242
16399,18171
16399,212676
16399,293651
124843,2087
124843,516
124843,708
124843,1608
124843,3291
124843,9844
124843,5923
124843,13017
124843,14669
124843,187056
124843,191110
124843,192241
124843,236343
124843,241738
31017,378
31017,642
31017,1562
31017,1508
31017,12425
31017,14805
31017,14964
31017,15009
31017,15291
24645,376
24645,8232
49478,579
49478,2035
49478,163607
49478,208662
12499,6054
12499,7028
12499,4954
12499,10049
12499,11733
12499,11093
18,242
18,391
18,444
18,1160
18,4776
18,83
18,679
18,4565
18,2095
18,3622
18,3801
18,4238
18,6163
18,4862
18,10150
18,10093
18,10950
18,11148
18,11290
18,12190
18,41586
18,161176
18,162365
18,164920
18,214715
18,229863
18,234630
18,248516
18,252937
18,269233
18,298517
18,320420
18,325765
18,325778
68545,191127
1811,236
1811,570
1811,738
1811,1664
1811,3183
1811,9887
1811,9951
1811,10683
1811,12553
1811,12670
1811,14964
1811,156777
1811,158718
1811,181324
1811,258533
1811,281237
1811,289844
109614,10241
109614,15188
109614,15274
109614,208634
109614,208635
109614,236454
24183,970
24183,4690
24183,12423
24183,14586
24183,156316
24183,229590
53023,1326
53023,548
53023,34094
53023,187056
53023,325780
64802,740
64802,10181
64802,9766
64802,12660
64802,40865
64802,158718
64802,258533
11239,40897
11239,155790
11239,207008
11239,207697
11239,217879
11239,281585
11239,292593
11239,315402
11239,323554
11239,325769
50850,291
50850,10787
50850,10468
50850,15149
50850,187056
15321,252472
15321,281994
2058,242
2058,931
2058,9673
2058,9748
2058,10222
2058,14602
9450,5215
9450,2065
9450,1673
9450,6383
9450,9180
330,911
330,2041
330,1766
330,1718
330,1720
330,1719
330,1768
330,9663
330,12616
330,13031
330,14760
330,155582
330,158340
330,196564
330,223059
330,240303
330,309974
330,314730
330,325783
330,325811
38523,6271
38523,9928
38523,208349
16375,441
16375,33780
16375,158120
33660,10084
33660,15162
33660,158416
33660,194088
33660,208152
45671,534
45671,11326
45671,187056
17770,10909
15170,690
15170,2172
15170,10483
15170,156037
15170,157972
15170,187056
1701,1568
1701,502
1701,1543
1701,6259
1701,3930
1701,1666
1701,1965
1701,4245
1701,9774
1701,11207
1701,10714
1701,10950
1701,14707
1701,15234
1701,33482
1701,156389
1701,156805
1701,171783
1701,192696
1701,211512
1701,219404
1701,234860
1701,243769
1701,275061
1701,309004
1701,363600
201445,9833
201445,15136
201445,158718
201445,187056
201445,250606
26422,596
26422,12369
26422,217970
26422,239797
26422,258533
26422,321464
124642,187056
1639,6104
1639,1384
1639,1422
1639,2799
1639,10617
1639,11095
1639,191808
1639,193607
1639,228194
1639,271944
1639,280566
1639,301438
1639,325853
106129,33424
106129,187056
106129,197582
106129,225012
106129,309974
106129,320420
106129,325815
107743,9713
107743,14602
107743,187056
415,851
415,848
415,853
415,9715
415,2219
415,9717
415,10452
415,10486
415,33637
415,163074
415,269233
415,279414
65889,6564
65889,10235
65889,10483
11103,1453
11103,1422
11103,2676
11103,6876
11103,9714
11103,162271
11970,4402
11970,2033
11970,6513
11970,3289
11970,4344
11970,6993
11970,8985
11970,10683
11970,162861
11970,179430
11970,180912
11970,187301
11970,220229
11970,259376
11970,325824
34941,236
34941,1252
34941,207883
407992,2383
407992,10163
407992,187056
8874,520
8874,7879
8874,1605
8874,2038
8874,11327
8874,3910
8874,5756
8874,13027
8874,239145
8874,244910
17991,9663
17991,12190
17991,15219
11956,90
11956,977
266,931
266,818
266,885
266,128
266,131
266,886
266,883
266,888
266,9844
266,15160
754,378
754,1865
754,1563
754,258
754,1568
754,6259
754,1812
754,1666
754,3868
754,9777
754,9856
754,9748
754,10614
754,10291
754,10950
754,12391
754,12670
754,13005
754,18027
754,18118
754,155244
754,157959
754,170212
754,188134
754,194942
754,197582
754,208708
754,209784
754,210434
754,243959
754,266543
754,272551
754,292593
754,314730
754,325772
754,325811
754,325847
37567,496
37567,4522
37567,11290
37567,34094
43771,10947
43771,160963
43771,238096
249358,6149
249358,3581
249358,12193
249358,177927
607,242
607,3242
607,1826
607,3243
607,1568
607,1308
607,9715
607,2428
607,2173
607,2547
607,4751
607,3240
607,9717
607,9951
607,167316
607,174915
18080,11095
18080,33476
18080,187056
38225,1994
38225,5301
38225,1890
38225,3184
38225,1981
38225,3593
38225,5565
38225,18165
38225,182662
38225,208992
17834,2343
17834,4896
17834,208705
686,818
686,1432
686,1603
686,1508
686,2846
686,3416
686,3417
686,3419
686,10706
686,11001
686,14760
686,15246
686,159961
686,160330
686,160515
686,162356
686,162357
686,226028
686,226240
686,325791
65046,187056
4421,2952
4421,720
4421,539
4421,5272
4421,4410
4421,4411
4421,6610
4421,10850
4421,11718
4421,11219
4421,161247
4421,162365
4421,171051
4421,171095
4421,185454
4421,196009
4421,225707
4421,225710
4421,241991
4421,264792
4421,266314
4421,305093
4421,306782
4421,306783
4421,306784
4421,306785
4421,306881
9387,818
9387,1394
9387,1721
9387,2343
9387,1522
9387,2035
9387,4798
9387,4252
9387,4267
9387,4428
9387,9727
9387,14665
9387,177912
9387,192913
9387,215975
9387,219404
9387,234213
9387,241580
9387,269233
9387,276775
9387,291153
9387,325761
10603,582
10603,409
10603,690
10603,2398
10603,2043
10603,5650
10603,7347
10603,11687
10603,10787
10603,13072
10603,167625
10603,188294
10603,286227
10603,307887
2142,242
2142,417
2142,586
2142,6149
2142,772
2142,1812
2142,3450
2142,9844
2142,9826
2142,11363
2142,10291
2142,10978
2142,11719
2142,11730
2142,11734
2142,13063
2142,156022
2142,161306
2142,194998
2142,207268
38904,187056
38904,278566
38904,323116
9407,2122
9407,478
9407,4480
9407,9826
9407,15108
9407,254459
4824,797
4824,2708
4824,6078
4824,8045
4824,2106
4824,1812
4824,6719
4824,9748
4824,13015
4824,14552
4824,249749
9444,3030
9444,3289
9444,3462
9444,4344
9444,10821
9444,158620
9444,158627
9444,207876
9444,269233
9444,325765
9414,212
9414,720
9414,380
9414,818
9414,10685
9414,258
9414,2943
9414,3562
9414,10325
9414,14548
9414,33705
9414,34061
9414,44494
9414,155457
9414,181087
9414,191600
9414,193272
9414,197884
9414,205710
9414,217133
9414,230588
9414,298532
9414,298577
9414,328592
9414,338619
9414,346559
9414,355083
9414,356935
8078,803
8078,6212
8078,4565
8078,3070
8078,9663
8078,9951
8078,10085
8078,11628
8078,13031
8078,14760
8078,18082
8078,158256
8078,158993
8078,163270
8078,163561
8078,197239
8078,226178
8078,226179
8078,232076
8078,325766
29938,1612
29938,1852
29938,6876
29938,5774
29938,4862
29938,3623
11831,1860
11831,701
11831,3441
11831,2831
11831,6165
11831,155756
11831,163120
2895,931
2895,732
2895,1224
2895,3446
2895,186
2895,1556
2895,3065
2895,3033
2895,3134
2895,18072
39177,570
39177,437
39177,187056
39177,190370
39177,235592
19601,2652
19601,3207
19601,10181
19601,258533
124606,10726
124606,33928
124606,172732
124606,177927
42832,6483
22797,6054
22797,236
22797,818
22797,4931
22797,6271
22797,290
22797,2467
22797,10123
22797,4924
22797,7464
22797,9826
2639,242
2639,6255
2639,5914
2639,10818
9574,1334
9574,1436
9574,3092
9574,8044
9574,10125
9574,9714
9574,13027
9574,215141
9574,305427
10371,242
10371,1332
10371,904
10371,5401
10371,6592
10371,7140
10371,8447
489,1680
489,6009
489,6257
489,3230
489,9856
489,11268
489,10756
489,13043
489,33519
489,155939
489,209206
489,210434
489,212059
489,228041
489,230113
489,287814
489,296918
489,319397
489,345081
489,345082
489,345083
9714,1442
9714,1437
9714,3930
9714,6566
9714,10235
9714,9663
9714,9253
9714,7136
9714,9736
9714,14903
9714,162936
9714,169826
9714,169850
9714,224333
9714,230570
9714,239584
531591,9826
531591,222517
8197,824
8197,3392
8197,2803
8197,163070
8197,200234
8197,235152
8197,258533
8197,303310
8197,314730
8197,315310
8197,316832
8197,324429
8197,325762
8197,325765
8197,325781
8197,325786
6283,730
6283,1382
6283,380
6283,1442
6283,697
6283,2096
6283,1918
6283,2161
6283,1946
6283,6095
6283,11060
6283,9253
6283,10911
6283,14601
6283,18293
6283,158120
6283,173272
6283,198318
6283,204052
6283,228285
6283,243134
6283,243136
279698,158718
279698,258533
49728,187056
4233,2546
4233,3616
4233,8039
4233,9663
4233,10089
4233,10714
4233,12339
4233,13160
4233,160612
4233,220455
4233,325770
191874,11728
191874,155331
191874,155435
191874,208508
10217,1415
10217,1329
10217,818
10217,3032
10217,5331
10217,5859
10217,9672
10217,10614
10217,10909
10217,13063
10217,166287
10217,215522
438108,4379
438108,9951
438108,12616
438108,41415
597,3799
597,815
597,4210
597,2580
597,1913
597,2227
597,2984
597,4388
597,3691
597,4953
597,9672
597,7579
597,9840
597,9673
597,10614
597,10703
597,12995
597,14514
597,14720
597,34079
597,159289
597,163000
597,165086
597,180100
597,182625
597,186956
597,189411
597,210184
714,3587
714,3588
714,212
714,478
714,392
714,2534
714,470
714,3272
714,2051
714,2954
714,3531
714,14735
714,41249
714,164713
52537,258533
12799,1862
12799,704
12799,4023
12799,10766
12799,14632
9922,6092
9922,818
9922,2284
9922,2095
9922,6144
9922,3993
9922,10689
9922,13017
9922,14946
9922,14955
9922,175629
9922,189433
9922,194418
9922,217083
9922,237565
9922,257783
547,242
547,128
547,1534
547,970
547,5809
547,2284
547,680
547,2246
547,2673
547,2749
547,2751
547,2752
547,2753
547,2754
547,2755
547,6711
547,9935
547,18165
547,18330
25994,1442
25994,388
25994,10181
25994,170268
25994,187224
25994,240315
184,822
184,818
184,6149
184,2001
184,2080
184,10051
184,10594
184,12670
184,14964
184,156121
184,185266
184,207268
9746,478
9746,188
9746,1529
9746,1262
9746,4558
9746,4561
9746,5722
9438,2251
9438,4794
9438,10244
9438,33626
9438,157904
9438,167889
115,422
115,418
115,420
115,1337
115,1541
115,1786
115,1930
115,5498
115,10776
115,12670
115,33626
115,155291
115,160846
115,163045
115,167556
115,198673
115,200646
115,207268
115,219881
115,329894
26941,894
26941,6719
26941,155870
26941,215257
27103,1862
27103,108
27103,1690
27103,10235
27103,10683
27103,12090
27103,34214
27103,158718
27103,290527
9410,2679
9410,2803
9410,2936
9410,281585
9410,311315
9410,324429
9410,325806
9410,325824
32302,779
32302,1701
32302,380
32302,1562
32302,9823
32302,18035
32302,187710
32302,193544
32302,193545
32302,193549
32302,193551
32302,193552
32302,206691
32302,206692
32302,206694
216794,11578
216794,10391
216794,41523
88863,1384
88863,9826
88863,10085
88863,168663
41417,378
41417,657
41417,9777
41417,15009
41417,191404
41417,192094
12538,1741
12538,187056
586,2952
586,591
586,570
586,840
586,521
586,6086
586,1543
586,6085
586,2946
586,2419
586,6078
586,886
586,2941
586,2943
586,2944
586,2953
586,2954
586,10410
586,13065
586,34094
2666,966
2666,1706
2666,2340
2666,4565
2666,2116
2666,2887
2666,10125
2666,10718
2666,10714
2666,10937
2666,12190
2666,12965
2666,33465
2666,161982
2666,163252
2666,175629
2666,178657
2666,187008
2666,187046
2666,202647
2666,207268
2666,207898
2666,214730
2666,222802
2666,224389
2666,232469
2666,232580
2666,238790
2666,239390
2666,239797
2666,257258
2666,276384
2666,287274
2666,287448
2666,287875
2666,299769
2666,314730
2666,334115
2666,355984
2666,360774
46338,1326
46338,3182
46338,33557
54007,9715
54007,5404
54007,208870
11258,1415
11258,798
11258,2217
11258,2227
11258,4898
11258,8207
11258,9727
11258,10594
11258,12371
11258,14765
11258,41180
11258,160488
11258,173272
9490,2231
9490,919
9490,1253
9490,3230
9490,8631
9490,11488
9490,9890
9490,10776
9490,14964
9490,54169
9490,187056
9490,245597
9411,6149
9411,290
9411,6259
9411,483
9411,703
9411,6152
9411,3036
9411,9826
9411,10541
9411,10714
9411,11001
9411,13129
9411,14676
9411,14999
9411,18035
9411,156075
9411,207268
9411,325825
9411,351855
25719,212
25719,3713
25719,2334
25719,4373
25719,9468
25719,7919
25719,9673
25719,9727
25719,10594
25719,10329
25719,11677
25719,11454
25719,12094
25719,11612
25719,13027
25719,15232
25719,159608
25719,193305
9033,290
9033,345
9033,4715
9033,8264
9033,11612
9033,12131
11220,782
11220,2708
11220,395
11220,3170
11220,3307
11220,4552
11220,9673
11220,12354
11220,13017
11220,14677
11220,15127
11220,33451
11220,34262
11220,177317
11220,197582
11220,209673
11220,267876
11220,324429
11220,356488
21253,441
21253,1704
21253,6089
21253,18263
21253,156887
21253,348357
6116,6007
6116,3490
6116,554
6116,637
6116,992
6116,1740
6116,2803
6116,3307
6116,8201
6116,6562
6116,10232
6116,179431
6116,204277
6116,259376
6116,325761
6116,325765
6116,325782
6116,325835
9457,1299
9457,3347
9457,4953
9457,13031
9457,33696
9457,159413
9457,161171
9457,166450
9457,196917
39424,7397
39424,10855
39424,184230
39424,213833
39424,237071
39424,243186
44361,548
44361,970
44361,18256
44361,155882
44361,240237
11702,2231
11702,1589
11702,779
11702,478
11702,6149
11702,2708
11702,3739
11702,1376
11702,1788
11702,8997
11702,9748
11702,10291
11702,10718
11702,10562
11702,12670
11702,13116
11702,15211
11702,18026
11702,18107
11702,159932
11702,169590
11702,177964
11702,219404
11702,235220
2923,212
2923,642
2923,848
2923,818
2923,5823
2923,10508
2923,9727
2923,9826
12238,736
12238,3800
12238,822
12238,3133
12238,10327
12238,12193
12238,14676
12238,189421
12238,223587
11568,378
11568,520
11568,6783
11568,2636
11568,6231
11568,15214
11568,325782
41577,209476
66894,416
66894,2776
66894,7312
66894,178650
66894,187056
66894,189920
11003,1459
11003,2038
11003,1334
11003,3582
11003,3583
11003,13072
10153,1826
10153,818
10153,270
10153,1603
10153,2340
10153,4379
10153,3562
10153,9951
10153,11268
10153,162350
10153,162351
10153,237591
30949,818
30949,1930
30949,3170
30949,9016
30949,11454
30949,13028
30949,157210
30949,162275
30949,162706
30949,163098
30949,187270
30949,188287
30949,207268
30949,214650
30949,226594
30949,328918
30949,340285
2898,242
2898,6054
2898,828
2898,641
2898,1946
2898,3568
2898,5904
2898,7312
2898,7856
2898,10226
2898,10818
2898,11036
2898,14768
2898,14903
2898,15162
2898,155251
2898,155795
2898,159317
2898,159318
2898,167982
2898,196705
2898,211823
2898,238424
2898,240237
2898,254114
2898,259285
2898,284274
2898,297289
2898,309075
2898,337198
9558,242
9558,3149
9558,3398
9558,3929
9558,2150
9558,9826
9558,11719
9558,18026
9558,177588
9558,177589
9558,311315
320011,187056
26269,8440
26269,18115
11808,520
11808,591
11808,10685
11808,3713
11808,5265
11808,6139
11808,3543
11808,4551
11808,11207
11808,10718
11808,10410
11808,33705
11808,169271
11808,175419
11808,189381
11808,212757
11808,219404
11808,226499
11808,235908
11808,245835
11808,249530
11808,250367
11808,309004
11808,315029
6970,5657
6970,10453
6970,34061
47452,1523
47452,9398
47452,9673
47452,13028
47452,34262
47452,159278
47452,258533
18205,596
18205,549
18205,1566
18205,534
18205,818
18205,738
18205,1667
18205,41515
18205,180523
36943,5349
36943,1524
36943,1671
36943,1669
36943,9935
21736,8624
21736,159212
21736,160177
21736,192779
17941,4932
17941,2673
17941,6201
17941,6846
17941,157722
10668,1336
10668,1930
10668,1562
10668,2217
10668,5923
10668,10085
10668,11578
10668,11612
10668,12545
10668,14852
10668,15127
10668,33457
10668,155939
10668,160488
9313,2546
9313,254
9313,1400
9313,1797
9313,3998
9313,7972
9313,9725
9313,9714
9313,9920
9313,11004
9313,10410
9313,14577
9313,15016
9313,15060
9313,157186
9313,168297
9313,191599
9313,191718
9313,207941
9313,250053
42807,642
42807,818
42807,3149
42807,2492
42807,9672
42807,7176
42807,9727
42807,177695
42807,243959
42807,281844
617,544
617,1196
617,570
617,739
617,3012
617,1936
617,1664
617,3180
617,3182
617,3186
617,3188
617,2920
617,3190
617,10410
617,179431
617,207767
617,221188
617,244984
36568,3664
36568,3478
36568,9727
36568,267848
37272,128
37272,6496
37272,7658
37272,33479
5910,658
5910,455
5910,966
5910,395
5910,1794
5910,6203
9440,840
9440,833
9440,2946
9440,6018
9440,3692
9440,34094
9440,165047
53092,6149
53092,1983
53092,10217
53092,33630
53092,159546
32911,185413
124821,6271
124821,3451
124821,10508
124821,34262
124821,41393
124821,209223
32456,9673
32456,9748
32456,11953
32456,155216
93350,1415
93350,828
93350,33386
32144,4637
32144,5097
32144,10093
32144,17986
32144,187056
17127,4513
17127,9673
17127,13072
17127,258533
40688,1524
40688,1016
40688,6310
40688,15016
40688,15263
40688,189153
40688,221022
40688,242642
19848,7089
19848,6593
19848,3688
19848,14768
19848,18142
1774,378
1774,822
1774,2398
1774,4108
1774,2494
30265,12354
2157,2964
2157,4379
2157,14544
2157,15246
2157,209280
2157,298603
70581,1930
70581,1562
70581,974
70581,9673
70581,10562
70581,13006
70581,14735
70581,41019
8838,782
8838,4654
8838,697
8838,1812
8838,1646
8838,3432
8838,3635
8838,10656
8838,10410
8838,181318
29193,2246
29193,3338
29193,5923
29193,159627
29193,188950
29193,207268
29193,258017
795,236
795,1604
795,314
795,6155
795,290
795,6150
795,4116
795,9714
795,12670
795,212760
16980,894
16980,242
16980,931
16980,733
16980,738
16980,2334
16980,5340
16980,6782
16980,9468
16980,9673
16980,9713
16980,14604
16980,14964
16980,34079
16980,155490
16980,164246
16980,249749
27472,6054
27472,6038
27472,7312
27472,9663
27472,178923
47881,162333
47881,179882
47881,189099
9469,378
9469,970
9469,3446
9469,1849
9469,3398
9469,2538
9469,2803
9469,3616
9469,6496
9469,200918
9469,303942
9469,311315
9469,325761
9469,325762
9469,325814
9469,325853
9469,338537
12488,5600
12488,10909
12488,235152
12488,254459
81367,208874
267,596
267,704
267,549
267,739
267,726
267,459
267,744
267,856
267,992
267,3725
267,2883
267,207767
267,232208
16148,1936
16148,703
16148,12570
21252,212
21252,2671
21252,2320
21252,6782
21252,10041
21252,7464
21252,11925
21252,11935
21252,14964
21252,41329
73135,2041
73135,966
73135,888
9449,604
9449,6215
9449,10909
9449,15101
9449,33873
9449,161868
9449,179867
6264,7376
6264,1938
6264,3071
6264,3966
6264,5895
6264,9717
6264,10466
6264,10982
6264,13084
6264,177128
90414,2389
90414,157303
90414,187056
90414,258384
188870,258533
15513,1459
15513,128
15513,2687
15513,6038
15513,3582
15513,9856
15513,12392
15513,171817
15513,171826
15513,196712
31220,818
31220,641
31220,1992
31220,1963
31220,7540
31220,3616
31220,10235
31220,10983
31220,10787
31220,15149
31220,156181
31220,163088
31220,172715
31220,173117
31220,193173
31220,208365
31220,216936
13907,12990
13907,178423
13907,178424
13907,178425
29825,1003
29825,8201
29825,10410
29825,14818
29825,15479
29825,40950
29825,160190
29825,168346
29825,180340
10622,2231
10622,736
10622,779
30020,236
30020,314
30020,789
30020,814
30020,1541
30020,2392
30020,5986
30020,14586
30020,161043
30020,170468
30020,180307
30020,215015
30020,219923
30020,233130
30020,245910
30020,250379
30020,272061
30020,281623
30020,308750
30020,322911
30020,328715
17139,3683
34582,1552
34582,1803
34582,2095
34582,10123
34582,3864
34582,4461
34582,9849
34582,10261
34582,156391
34582,188991
34582,208646
34582,241015
10216,6898
10216,521
10216,1475
10216,3725
10216,1718
10216,4375
10216,3070
10216,9410
10216,10562
10216,11628
10216,10714
10216,11265
10216,12670
10216,13031
10216,14626
10216,17987
10216,163045
10216,188957
10216,232090
10216,235513
10216,325766
9771,3658
9771,6075
9771,1480
9771,1482
9771,3605
9771,4613
24560,5332
24560,7597
24560,8739
24560,10594
24560,10530
24560,176516
76330,1416
76330,1808
76330,2560
76330,3282
76330,9935
76330,187056
9448,10123
9448,5413
9448,34053
9448,161992
9448,161994
9448,161998
9448,161999
38618,409
38618,7347
18316,586
18316,1812
18316,9730
18316,7980
18316,9276
18316,10663
18316,10950
18316,14541
18316,14601
18316,14735
18316,155497
18316,156121
18316,180249
18316,188175
18316,217887
18316,219404
18316,238706
78373,1415
78373,1556
77514,549
77514,2708
77514,163751
4415,1563
4415,90
4415,818
4415,769
4415,1936
4415,4319
4415,6170
4415,207928
4415,229949
39467,1566
39467,309974
39467,325835
55561,271
55561,1438
55561,5248
55561,170715
55561,187056
55561,209327
8656,840
8656,1432
8656,5096
8656,4040
8656,4803
8656,6941
8656,10222
8656,14626
8656,168669
8656,181012
8656,187056
8656,189411
209345,818
58680,4513
58680,9673
58680,168346
58680,187056
35161,236
35161,1329
35161,5829
35161,10041
35161,155808
35161,156455
35161,158718
35161,258533
35796,1326
35796,6054
35796,2026
35796,3301
35796,4126
35796,10329
35796,12987
35796,156042
35796,156597
35796,178649
35796,186782
18937,818
18937,1938
18937,3289
18937,3966
18937,4344
18937,10982
18937,12554
18937,177129
929,242
929,1815
929,2534
929,2051
929,3725
929,2535
929,3735
929,11100
929,4593
929,4595
929,4527
929,13031
929,161791
929,162365
929,223059
929,257384
929,325800
9452,898
9452,521
9452,6085
9452,6078
9452,3045
9452,41156
9452,169086
9452,171095
9452,250916
1878,736
1878,585
1878,818
1878,1228
1878,2340
1878,2150
1878,10123
1878,5498
1878,3298
1878,3864
1878,9887
1878,7312
1878,10909
1878,11546
1878,14570
1878,14964
1878,15214
1878,18034
1878,167799
1878,167818
1878,167833
1878,262664
1878,309974
1878,326197
9844,3737
9844,3134
9844,6669
9844,10508
9844,10809
9844,34079
9844,158718
9844,258533
14342,1721
14342,3930
14342,10322
14342,9253
14342,10131
14342,10468
14342,173486
14342,220448
14342,221615
9715,6270
9715,3739
9715,2300
9715,1556
9715,2285
9715,2982
9715,6203
9715,11297
9715,15162
9715,41171
9715,155808
26610,703
26610,5340
26610,3002
26610,3298
26610,4142
26610,9665
26610,11004
26610,10950
26610,34079
26610,188944
26610,191820
26610,207268
26610,243370
26610,243371
26610,244917
26610,265161
26610,267608
40961,2833
40961,3125
40961,10292
40961,10323
40961,11268
40961,10714
40961,11612
40961,15127
40961,158203
40961,190007
1965,931
1965,1157
1965,1936
1965,2013
1965,2679
1965,34094
1965,211823
1965,269530
1965,336750
312,3737
312,5600
312,220
312,6029
312,1412
312,697
312,1635
312,1638
312,1639
312,1640
312,3768
312,1642
312,1643
312,10791
312,18035
312,158558
312,187056
312,188953
312,208349
6068,242
6068,2041
6068,6167
6068,9743
6068,11860
6068,155746
6068,157524
6068,164698
6068,165301
6068,166129
6068,166450
6068,167836
6068,195467
6068,207078
6068,234113
6068,249530
6068,282986
6068,285485
6068,307670
6068,308205
6068,309004
6068,310391
6068,320734
6068,323744
6068,329673
6068,329674
15037,6270
15037,802
15037,567
15037,1013
15037,3741
15037,579
15037,2920
15037,5801
15037,3616
15037,3452
15037,4044
15037,2135
15037,3687
15037,10683
15037,9713
15037,10275
15037,11710
15037,13043
15037,14602
15037,18001
15037,33922
15037,34262
15037,167982
15037,171556
15037,187056
15037,197083
15037,197088
50043,90
50043,818
50043,5742
50043,4178
50043,9673
50043,9748
50043,188016
50043,192391
50043,207928
37636,3658
37636,242
37636,1003
37636,6025
37636,2671
37636,2804
37636,6782
37636,4620
37636,9673
37636,9833
37636,14964
37636,158718
37636,174420
37636,187056
37636,264386
17044,4932
17044,818
17044,1956
17044,168316
17044,207883
17044,213099
17044,225010
17044,226974
60951,1160
60951,4478
60951,4381
60951,187056
21334,380
21334,6069
21334,161837
21334,251667
21334,314730
21334,325820
32284,246
32284,931
32284,1566
32284,6149
32284,4142
32284,9673
32284,9713
32284,14766
37410,5179
37410,586
37410,567
37410,6078
37410,10594
37410,9826
37410,10232
37410,14964
47481,254
47481,10809
47481,33896
53765,931
53765,7101
10674,7376
10674,5600
10674,478
10674,2156
10674,3289
10674,4344
10674,4411
10674,4613
10674,5719
10674,11322
10674,12554
10674,14988
10674,33482
10674,41011
10674,157904
10674,163403
10674,174523
10674,179411
10674,229607
10674,234662
10674,240303
10674,247799
10674,252577
10674,325781
10674,325832
136134,736
136134,9826
136134,14985
136134,41022
846,720
846,1826
846,6086
846,258
846,2766
846,1603
846,1523
846,1812
846,2908
846,3271
846,3288
846,4249
846,9738
846,10410
846,242930
12655,1562
12655,3149
12655,3398
12655,4729
12655,160488
3050,818
3050,4809
3050,582
3050,2735
3050,15149
3050,15162
3050,167625
3050,187056
3050,240119
3050,240303
1389,3303
1389,9777
1389,10051
1389,11207
1389,11459
1389,159747
1389,303822
11020,5657
11020,818
11020,6783
11020,7665
11020,9672
11020,10683
11020,9054
11020,155800
11020,160404
11020,197582
11020,236170
11020,281776
20862,2347
20862,3230
20862,10322
20862,7312
20862,13014
20862,155805
20862,156866
9464,378
9464,395
9464,420
9464,1442
9464,1930
9464,4345
9464,3688
9464,14558
9464,40865
9464,156121
9464,164186
9464,174916
9464,197702
9464,241778
9464,255316
95,5600
95,4776
95,1826
95,305
95,521
95,83
95,843
95,90
95,1423
95,1430
95,1432
95,697
95,5096
95,3366
95,10150
95,9882
95,10617
95,13027
95,14626
95,179431
95,189411
95,193552
95,206692
95,211487
944,797
944,6149
944,9663
944,9917
944,12670
944,15235
944,167316
944,167377
944,178539
944,188944
944,219404
944,283874
35680,90
35680,13014
35680,15101
35680,18015
35680,187056
35680,279542
11551,3599
11551,6476
11551,7136
11551,13065
11551,156337
11551,180691
11551,187065
473,242
473,2157
473,2854
473,6255
473,2340
473,6009
473,2303
473,6262
473,2358
473,2359
473,2362
473,2390
473,6257
473,9887
473,7368
473,6566
473,12999
473,187198
473,189886
473,230113
473,239245
473,241580
473,252400
473,259982
473,308818
473,309974
473,320003
102304,586
102304,14964
102304,187056
544,3262
544,9799
544,6844
544,11223
544,15027
544,155457
544,158502
544,158505
544,194413
10513,387
10513,2080
10513,3393
10513,3002
10513,6506
10513,9951
10513,12377
10513,14909
10513,158729
10513,158741
10513,162512
10513,210486
10513,223550
28966,6054
28966,90
28966,128
28966,2504
28966,10141
28966,10237
28966,10399
28966,12999
28966,33638
28966,154802
28966,185454
28966,210184
28966,234078
65203,242
65203,246
65203,128
65203,837
65203,4344
65203,4345
65203,10229
65203,12990
65203,12999
65203,14557
65203,156028
65203,156764
65203,157768
65203,160845
65203,164282
65203,164623
65203,190849
65203,207242
65203,207751
65203,210281
65203,215678
65203,233445
65203,241738
65203,285894
65203,314019
143,6054
143,6092
143,818
143,74
143,260
143,2504
143,11139
143,1627
143,10075
143,10141
143,11872
143,12999
143,13065
143,18543
143,33638
143,34079
143,156764
143,165431
143,177094
143,188725
143,227807
143,235080
143,341637
42861,918
42861,75
42861,957
42861,2493
42861,3371
42861,9454
42861,12999
42861,156080
42861,156764
42861,160336
42861,176253
42861,193605
42861,199943
42861,201386
42861,229254
42861,232648
42861,274297
42861,287033
42861,305021
33680,612
33680,1317
33680,1437
33680,8627
33680,10181
33680,2456
33680,9552
33680,9661
33680,9826
33680,10703
33680,12999
33680,33674
33680,156236
33680,156764
33680,169057
33680,170418
33680,172327
33680,177995
33680,191786
33680,201490
33680,238090
33680,238091
56164,212
56164,2504
56164,12999
56164,156764
56164,207527
56164,236170
56164,237462
12311,3799
12311,1860
12311,2041
12311,1422
12311,3180
12311,9672
12311,6611
12311,160279
12311,168297
12311,170314
12311,181240
12311,191585
12311,275064
43277,5565
43277,9672
43277,33879
43277,156028
43277,188715
43277,207928
43277,285398
43277,328926
43277,342200
43278,5565
43278,3692
43278,6165
43278,12999
43278,13028
43278,188775
43278,193275
43278,207897
43278,207928
34106,2089
34106,2693
34106,6095
34106,5728
34106,10181
34106,9673
34106,9713
34106,10483
34106,11677
34106,11678
34106,12999
34106,182625
34106,191786
34106,193549
34106,324713
43266,1209
43266,818
43266,10235
43266,11004
43266,12999
43266,18453
43266,156018
43266,164742
43266,167215
43266,170223
43266,208115
43266,281659
27367,818
27367,392
27367,1562
27367,1956
27367,1968
27367,3203
27367,3259
27367,12999
27367,33701
27367,33702
27367,168316
27367,197413
17661,242
17661,2318
17661,3230
17661,4344
17661,10093
17661,12999
17661,172391
28580,818
28580,567
28580,5301
28580,2340
28580,3458
28580,6782
28580,7464
28580,9856
28580,9807
28580,11258
28580,12999
28580,13028
28580,33457
28580,156318
28580,171567
28580,193305
28580,215015
28580,220488
28580,230479
28580,239226
887,447
887,1543
887,2425
887,2367
887,12999
887,324429
887,359542
887,362063
33667,242
33667,818
33667,4620
33667,10144
33667,12999
33667,13028
33667,13065
33667,33476
33667,162701
33667,209003
33667,240119
23383,2123
23383,10181
23383,170771
25430,918
25430,5744
25430,818
25430,531
25430,6078
25430,6083
25430,6974
25430,12193
25430,12999
25430,14548
25430,156024
25430,179017
27191,291
27191,3199
27191,41585
27191,180181
11426,966
11426,818
11426,1668
11426,1956
11426,2539
11426,3365
11426,4409
11426,12999
11426,33702
11426,34094
11426,158372
11426,191110
11426,207883
11426,209476
11426,244030
654,417
654,586
654,9826
654,10391
654,12999
654,15137
654,47079
654,69467
654,156151
654,191308
15919,700
15919,1338
15919,6038
15919,4452
15919,10508
15919,9673
15919,12544
15919,13043
15919,14646
15919,186403
15919,197823
15919,210019
1725,242
1725,2356
1725,797
1725,542
1725,100
1725,699
1725,3306
1725,3691
1725,4344
1725,10181
1725,9823
1725,9932
1725,10131
1725,10703
1725,18087
1725,33699
1725,159278
1725,160367
1725,165100
1725,165212
1725,165214
1725,250809
1725,270064
1725,324429
1725,325854
1725,362499
1725,363093
5769,548
5769,818
5769,5626
5769,9725
5769,11687
5769,18015
5769,41005
5769,160279
5769,222842
5769,233588
5769,357771
5769,357772
874,2122
874,392
874,717
874,1829
874,4351
874,4353
874,10181
874,7537
874,190285
874,220649
10633,1415
10633,531
10633,2993
10633,8627
10633,6984
10633,7856
10633,9727
10633,9826
10633,10766
10633,12425
10633,12570
10633,12987
10633,14783
10633,15321
10633,41385
10633,157912
10633,171416
10633,180665
10633,185435
10633,207915
10633,212725
10633,215046
10633,296858
10633,297300
10633,297301
10633,297302
10633,297303
10633,297307
17917,212
17917,818
17917,3430
17917,6783
17917,4344
17917,10181
17917,8250
17917,13014
17917,15162
17917,207928
3116,242
3116,6054
3116,549
3116,570
3116,818
3116,1879
3116,1556
3116,2348
3116,2981
3116,9627
3116,10180
3116,11722
3116,11860
3116,12365
3116,33424
3116,158718
3116,167863
3116,184167
3116,208992
3116,251667
3116,266753
3116,293649
1051,2231
1051,242
1051,796
1051,3391
1051,4654
1051,3149
1051,2671
1051,916
1051,2340
1051,1759
1051,2013
1051,2235
1051,4655
1051,155446
1051,237369
1051,337355
1051,353465
1366,240
1366,276
1366,396
1366,2038
1366,700
1366,6075
1366,1721
1366,4097
1366,2416
1366,2792
1366,4613
1366,4663
1366,5378
1366,6067
1366,4902
1366,209476
1366,309974
1366,325806
1366,325824
1366,325856
12102,1157
12102,6038
12102,4056
12102,15160
12102,18035
12102,33494
12102,162219
12102,168346
12102,178364
12102,216734
12102,311315
12102,311680
12102,325786
16619,520
16619,894
16619,447
16619,818
16619,1252
16619,6071
16619,10041
16619,9872
16619,9928
16619,15106
16619,33720
16619,172291
16619,245064
16619,248519
16619,325824
16619,325849
16619,325854
16619,338823
9443,240
9443,6075
9443,388
9443,440
9443,2070
9443,835
9443,1627
9443,1919
9443,1924
9443,3044
9443,3734
9443,9672
9443,206206
9443,208820
9443,281176
9443,311315
9443,325781
9443,325795
9443,325842
11050,596
11050,818
11050,970
11050,697
11050,9609
11050,10163
11050,14626
11050,14768
11050,183896
11050,240315
11050,264965
11050,311315
11050,357928
11050,357971
606,4932
606,1326
606,409
606,3136
606,3513
606,4232
606,5944
606,6180
606,9840
606,9895
606,14641
606,163095
606,180256
606,183570
606,192772
606,210184
606,224121
606,231686
606,297585
606,299555
606,308386
606,324429
606,329774
746,236
746,1706
746,478
746,1533
746,188
746,1412
746,1327
746,1252
746,1601
746,2020
746,1803
746,1632
746,2692
746,1956
746,2280
746,6285
746,3995
746,3996
746,3999
746,5565
746,9672
746,6683
746,10508
746,33683
746,162752
746,163048
746,173644
746,207876
746,207883
746,208611
746,210184
746,214548
746,248509
380,791
380,30
380,697
380,1873
380,1646
380,1874
380,1906
380,11428
380,7312
380,7996
380,8057
380,9935
380,14570
380,15106
380,162735
380,170179
380,179431
380,181318
380,190906
380,254167
380,263386
380,319319
380,325835
403,30
403,2072
403,1463
403,2796
403,4129
403,1228
403,2076
403,3558
403,4098
403,6984
403,10181
403,13063
403,167982
403,172971
403,186797
403,207883
403,208611
403,208992
403,241293
403,241927
11485,378
11485,3430
11485,4671
11485,4367
11485,13027
466,242
466,549
466,977
466,1523
466,2380
466,703
466,2375
466,1667
466,10410
466,11268
466,12570
466,156091
13820,6149
13820,592
13820,10123
13820,4470
13820,8201
13820,9887
13820,9951
13820,9741
13820,3681
13820,9738
13820,10410
13820,10907
13820,12670
13820,14760
13820,160327
13820,164861
13820,183573
13820,208289
13820,303822
13820,331608
15389,242
15389,213
15389,490
15389,168346
15389,191790
15389,195265
15389,206298
13597,10084
13597,4776
13597,2158
13597,3098
13597,4344
13597,6300
13597,2604
13597,9887
13597,4725
13597,10683
13597,9825
13597,10809
13597,11691
13597,170362
13597,170865
13597,189094
13597,266562
13597,272909
13597,286709
13597,296728
13597,309974
13597,317389
13597,325776
13597,325821
2108,6270
2108,10683
2108,10049
2108,15299
2108,163242
2108,168567
2108,208289
2108,296608
2108,325857
10014,6270
10014,657
10014,1566
10014,3030
10014,4426
10014,6259
10014,4375
10014,6152
10014,2913
10014,3358
10014,9712
10014,9663
10014,10170
10014,10985
10014,12339
10014,158713
10014,166287
10014,170383
10014,179878
10014,225840
10014,256183
10014,300377
10014,351332
10072,1566
10072,3030
10072,4426
10072,6259
10072,2655
10072,6152
10072,3363
10072,2494
10072,9663
10072,9826
10072,12339
10072,18029
10072,33457
10072,41329
10072,160840
10072,161207
10072,170383
10072,179878
10072,190007
10072,190157
10072,203360
10072,256183
10072,305675
10131,6270
10131,779
10131,1566
10131,3030
10131,4426
10131,6259
10131,6152
10131,10738
10131,6506
10131,2494
10131,9663
10131,9826
10131,12339
10131,33457
10131,170383
10131,190157
10131,256183
10160,1566
10160,1009
10160,1299
10160,3030
10160,745
10160,4426
10160,6259
10160,2884
10160,3725
10160,6152
10160,6506
10160,2494
10160,9663
10160,9826
10160,10629
10160,12339
10160,13006
10160,17985
10160,170383
10160,190157
10160,207884
10160,220348
10160,256183
11284,1453
11284,1566
11284,3030
11284,4426
11284,6259
11284,6152
11284,2494
11284,9663
11284,9820
11284,9826
11284,11469
11284,11268
11284,10937
11284,12339
11284,15127
11284,170383
11284,179431
11284,187056
11284,190157
11284,224625
11284,256183
11284,351332
4488,1889
4488,586
4488,793
4488,5767
4488,4426
4488,3289
4488,9720
4488,9748
4488,9826
4488,10333
4488,10714
4488,3623
4488,11663
4488,12339
4488,13088
4488,14676
4488,157701
4488,208611
4488,296608
4488,314730
4488,325766
4488,342626
9725,586
9725,5767
9725,6259
9725,9663
9725,9720
9725,10660
9725,9748
9725,10714
9725,12339
9725,13088
9725,14546
9725,14676
9725,157213
9725,296608
9728,1889
9728,5767
9728,4426
9728,6259
9728,9663
9728,9720
9728,9826
9728,10089
9728,10714
9728,12339
9728,13088
9728,14676
9728,157812
9728,163651
9728,256183
9728,298080
9728,301202
9730,1889
9730,586
9730,4426
9730,6259
9730,10326
9730,6506
9730,9663
9730,9720
9730,10089
9730,10714
9730,12339
9730,14676
9730,163726
9730,256183
9730,309974
9730,325765
9730,325821
9731,2546
9731,586
9731,4426
9731,6259
9731,2800
9731,9663
9731,9720
9731,10089
9731,10714
9731,11612
9731,12339
9731,12570
9731,14676
9731,256183
10225,2546
10225,586
10225,952
10225,4426
10225,6259
10225,1227
10225,9663
10225,9720
10225,10089
10225,10714
10225,12339
10225,14676
10225,225012
10225,256183
10225,270346
10225,309974
10281,2546
10281,1889
10281,586
10281,4426
10281,6259
10281,5086
10281,9663
10281,9720
10281,10089
10281,10714
10281,12339
10281,14676
10281,15106
10281,34136
10281,256183
10281,309974
10281,325790
10283,2546
10283,6270
10283,242
10283,586
10283,4426
10283,6259
10283,1422
10283,6304
10283,8764
10283,9663
10283,9720
10283,10089
10283,10714
10283,12339
10283,14676
10283,225012
10283,256183
10283,325796
948,2546
948,6149
948,3335
948,2604
948,10776
948,10333
948,10714
948,14805
948,17987
948,18035
948,156075
948,157701
948,207159
11281,2546
11281,798
11281,3335
11281,9663
11281,10714
11281,11612
11281,17987
11281,323756
10676,2546
10676,1382
10676,1004
10676,1420
10676,627
10676,1805
10676,3335
10676,6158
10676,11612
10676,13005
10676,34079
10676,159433
10676,207031
10676,309974
10676,323756
10676,325844
11357,798
11357,1546
11357,1435
11357,627
11357,3335
11357,3874
11357,4728
11357,9663
11357,9826
11357,10714
11357,13140
11357,14755
11357,156075
11357,177695
11357,207159
11357,207399
11357,234906
11357,323756
11361,798
11361,3875
11361,9663
11361,10059
11361,12339
11361,15106
11361,15127
11361,156075
11361,156143
11361,156392
11361,156525
11361,162538
11361,164218
11361,323756
36599,6270
36599,246
36599,1691
36599,1468
36599,9748
36599,9826
36599,10266
36599,10714
36599,12339
36599,14888
36599,15127
36599,155490
36599,157758
36599,176182
36599,180665
39929,1326
39929,6270
39929,1227
39929,2626
39929,9712
39929,9748
39929,9826
39929,11510
39929,10081
39929,10266
39929,12339
39929,18005
39929,33637
39929,162846
39929,165154
39929,166229
39929,206850
41828,6270
41828,10266
41828,12377
41828,206850
41828,208580
41769,745
41769,345
41769,9826
41769,10093
41769,12339
41769,172454
10585,520
10585,1421
10585,1419
10585,3392
10585,6844
10585,9707
10585,9826
10585,10603
10585,10714
10585,12339
10585,14601
10585,14768
10585,15127
10585,33630
10585,156075
10585,180691
10585,187065
10585,240764
10585,251513
10585,273821
10585,283807
11186,1382
11186,3392
11186,2468
11186,6151
11186,9707
11186,9826
11186,10603
11186,10714
11186,12339
11186,17981
11186,17984
11186,33630
11186,155643
11186,156075
11186,158394
11186,180691
11186,187065
11186,188170
11186,240764
11186,249816
11186,251513
11186,325825
11187,3392
11187,2999
11187,9707
11187,10603
11187,10714
11187,12339
11187,171781
11187,180691
11187,187065
11187,206231
11187,240764
11187,251513
11187,325825
609,3737
609,970
609,2723
609,3350
609,3335
609,3093
609,3358
609,11627
609,10235
609,10532
609,162810
609,196964
609,199524
609,230191
609,251667
609,311315
609,325775
609,325817
609,325818
609,325839
11133,1299
11133,3350
11133,3335
11133,10327
11133,6625
11133,9663
11133,9820
11133,11326
11133,33637
11133,225795
11133,256183
10306,520
10306,3684
10306,3350
10306,3335
10306,9663
10306,14999
10306,15001
10306,33637
9552,521
9552,3684
9552,2626
9552,3649
9552,11627
9552,9712
9552,5569
9552,10138
9552,10093
9552,10112
9552,15001
9552,18402
9552,157008
9552,157701
9552,161261
9552,179564
9552,179567
9552,198435
9552,239680
9552,256183
9552,293649
9552,295902
9552,311315
9552,314730
9552,316832
9552,325773
9552,325778
9552,325825
9552,344686
9552,361867
11586,1228
11586,3684
11586,2626
11586,9712
11586,3363
11586,5810
11586,9663
11586,4793
11586,10093
11586,14999
11586,157008
11586,161261
11586,179566
11586,233647
11586,256183
11586,259376
11586,309974
11586,325773
11587,2122
11587,3684
11587,2619
11587,5340
11587,2626
11587,3440
11587,3335
11587,9712
11587,10323
11587,10093
11587,14676
11587,156091
11587,157008
11587,161261
11587,162810
11587,256183
11587,256330
11587,324713
941,797
941,6149
941,1824
941,9917
941,12670
941,15167
941,162380
941,167316
941,167377
941,167541
941,178539
941,180668
941,207317
941,208397
941,219404
941,283874
941,284946
941,315053
942,797
942,6149
942,697
942,9663
942,9917
942,10726
942,12670
942,15167
942,167316
942,167328
942,167377
942,178539
942,219404
942,283874
943,797
943,6149
943,9663
943,9917
943,12670
943,155716
943,167316
943,167377
943,178539
943,179430
943,219404
943,283874
943,284946
927,1415
927,1299
927,65
927,2081
927,2551
927,2526
927,2182
927,2725
927,5151
927,5152
927,5154
927,10005
927,6126
927,10006
927,6300
927,11691
927,12394
927,207317
927,208152
927,256183
927,309974
927,320420
927,324713
927,325807
927,325832
927,346621
928,3737
928,242
928,1299
928,2766
928,6247
928,1418
928,1852
928,2526
928,5156
928,5157
928,1946
928,10005
928,4713
928,11691
928,13001
928,13031
928,208152
928,287429
9340,3882
9340,11088
9340,1897
9340,12371
9340,160246
9340,163841
9340,169936
9340,169950
9340,169951
9340,169953
9340,171556
9340,185200
9340,194943
9342,387
9342,1701
9342,2284
9342,470
9342,9715
9342,9725
9342,9748
9342,7002
9342,157186
9342,219404
9342,232481
9342,266013
38509,246
38509,931
38509,90
38509,13027
38509,160213
60033,736
60033,549
60033,3182
60033,3202
60033,11454
60033,15050
60033,34145
60033,155301
60033,191309
60033,199645
60033,207268
60033,208370
60033,208611
60033,213286
60033,215577
60033,219781
60033,222932
60033,238339
60033,240485
60033,258593
60033,267438
60033,287206
60033,319919
60033,321721
60033,343478
60033,343572
60033,350360
60033,351114
60033,354470
60033,362211
12101,818
12101,2340
12101,4565
12101,2212
12101,5769
12101,5113
12101,10489
12101,14895
12101,14900
12101,161982
12101,191626
12101,206230
12101,211553
12101,233145
12101,238812
12101,245737
12101,298356
12101,305248
12101,324739
12101,342549
19,2964
19,1761
19,4034
19,312
19,1001
19,5966
19,818
19,1436
19,4565
19,6662
19,10125
19,11222
19,10028
19,11187
19,12999
19,14544
19,14796
19,154802
19,164246
19,179874
19,185459
19,201028
19,215678
19,232988
19,234109
19,234110
19,239175
19,244516
19,255786
19,266753
19,311315
19,314730
165,391
165,390
165,830
165,952
165,953
165,1436
165,4379
165,10738
165,9844
165,9663
165,12026
165,18171
165,164246
165,189102
165,196664
165,226370
165,257783
165,259376
165,325809
165,325812
165,325840
196,387
196,1582
196,999
196,1436
196,2284
196,957
196,1544
196,4379
196,10322
196,10125
196,9663
196,9503
196,10950
196,12371
196,13008
196,155573
196,156234
196,164246
196,208611
196,226370
196,259376
196,314730
196,325809
196,325812
196,325840
551,613
551,658
551,3799
551,549
551,1157
551,314
551,380
551,818
551,6150
551,270
551,1228
551,1669
551,2580
551,5096
551,2799
551,2845
551,4953
551,9935
551,10617
551,155530
551,181012
551,189411
551,311315
16084,15101
16084,33721
16084,158345
16084,229871
16084,236564
16084,320420
16084,324713
17984,391
17984,1436
17984,1992
17984,6496
17984,12999
17984,208321
17984,215141
17984,305427
22328,11931
32611,65
32611,4344
32611,10181
32611,155467
32611,170711
32611,197927
32611,238565
3170,697
3170,6513
3170,5774
3170,10683
3170,12392
3170,181140
3170,191404
3170,212285
3170,314594
346,779
346,233
346,1462
346,1938
346,4402
346,5331
346,4631
346,5329
346,5330
346,11426
346,3691
346,12999
346,14643
346,33344
346,33558
346,154846
346,186753
346,208244
346,210754
346,229151
346,233409
346,254655
346,290395
346,312122
346,312285
346,312898
346,342828
859,4812
859,725
859,90
859,818
859,1332
859,2045
859,738
859,3925
859,6049
859,4320
859,2336
859,2687
859,3182
859,3452
859,4315
859,11254
859,11411
859,34221
859,160279
859,175245
859,191718
859,245796
841,616
841,11195
841,4270
841,11196
841,2964
841,1826
841,6092
841,1299
841,818
841,530
841,1815
841,2766
841,1475
841,2052
841,4565
841,2280
841,3074
841,3801
841,3386
841,6074
841,4235
841,4238
841,4743
841,4278
841,9552
841,10028
841,11933
841,13129
841,14601
841,14946
841,14964
841,18034
841,33841
841,158144
841,161176
841,162484
841,194063
841,197602
841,230479
841,314730
841,325811
11051,186
11051,2052
11051,3035
11051,3571
11051,4115
11051,4690
11051,9921
11051,10706
11051,41511
11051,162706
11051,162708
11051,230097
11051,324332
11051,348960
242,5600
242,242
242,720
242,441
242,700
242,131
242,3149
242,186
242,716
242,717
242,718
242,1715
242,9748
242,10291
242,10391
242,10909
242,157008
242,325800
1411,6150
1411,3684
1411,1664
1411,2426
1411,3036
1411,6548
1411,10062
1411,10150
1411,12332
1411,12654
1411,18070
1411,281237
1411,282071
9769,931
9769,818
9769,6149
9769,1523
9769,1992
9769,1936
9769,3182
9769,7312
9769,10508
9769,9673
9769,9826
9769,14669
9769,14794
9769,33513
9769,40895
9769,160089
9769,178649
9769,201490
9769,208445
9769,229706
9424,9678
9424,6270
9424,236
9424,2041
9424,3030
9424,6149
9424,3713
9424,6255
9424,6318
9424,10508
9424,9826
9424,12400
9424,14837
9424,207069
9424,311315
9424,325763
9424,325787
9835,10685
9835,131
9835,629
9835,3149
9835,4461
9835,8201
9835,9755
9835,10391
9835,192519
857,3737
857,1430
857,3930
857,1956
857,4263
857,4299
857,4302
857,4303
857,4304
857,11107
857,7956
857,4595
857,9672
857,9156
857,162365
857,191004
857,202396
857,207883
857,283202
857,331415
857,332773
857,343122
17539,886
17539,3183
17539,9986
17539,12396
17539,158718
17539,232260
17539,254375
17539,258533
44322,1886
44322,10180
44322,11734
44322,33683
44322,156866
44322,158718
44322,289844
22777,1992
22777,1339
22777,10124
22777,197362
22777,216866
20173,7271
20173,157972
20173,195279
20173,214499
10957,616
10957,818
10957,4931
10957,2343
10957,1938
10957,2710
10957,3289
10957,12554
10957,214510
10957,223373
10957,227331
10957,242689
9570,1826
9570,1373
9570,3801
9570,4078
9570,4380
9570,12377
9570,14544
9570,209280
16249,616
16249,395
16249,5621
16249,2096
16249,8338
16249,12988
16249,41393
16249,162846
16249,187224
16249,249261
13962,975
13962,8627
13962,156294
13962,156925
13962,191434
13962,226549
13962,256069
13962,293898
13962,325769
13962,341877
14612,1307
14612,1610
14612,10453
14612,13014
14612,41185
14612,208278
19378,977
19378,5086
19378,9951
19378,9738
19378,215424
65157,409
65157,5678
65157,8723
65157,9895
29228,6104
29228,3616
29228,6784
29228,9713
29228,18035
29228,18171
29228,207844
29228,221045
19379,10364
19379,9715
11164,6075
11164,271
11164,5440
11164,6483
11164,254877
18887,1415
18887,9193
18887,10310
18887,10241
18887,14985
18887,165518
18887,207696
18887,233001
18887,244145
18887,291888
18887,299594
18887,320420
18887,324713
18887,343771
24736,409
24736,10683
24736,10349
24736,9826
24736,14601
24736,18425
24736,155296
24736,155297
24736,157303
24736,195348
24736,206207
24736,230101
24736,265426
24736,266927
24736,282600
24736,292757
24736,330384
10122,1196
10122,455
10122,310
10122,3243
10122,1432
10122,1007
10122,1603
10122,4379
10122,9951
10122,15162
10122,208152
10122,231277
10122,314216
24816,246
24816,380
24816,2343
9994,212
9994,703
9994,2011
9994,2161
9994,3289
9994,8250
9994,14639
9994,155325
9994,207928
9994,324713
12129,534
12129,3713
12129,9663
12129,12427
12129,155790
12129,179294
12129,247672
12129,256736
14140,90
14140,830
14140,660
14140,3296
14140,9663
14140,159747
14140,179213
10439,616
10439,2389
10439,380
10439,2343
10439,3335
10439,10327
10439,6506
10439,14752
10439,33795
10439,180193
10439,180194
10439,188748
10439,244663
10439,244896
10439,336530
11158,1436
11158,1412
11158,3256
11158,18035
9354,1436
9354,970
9354,3126
9354,6380
9354,7035
9354,10226
9354,163933
9354,316086
34774,818
34774,385
34774,2580
34774,3347
34774,12988
34774,18266
34774,181230
34774,191724
34774,240485
37969,977
37969,10468
37969,15162
37969,208152
9631,520
9631,417
9631,6149
9631,1562
9631,6139
9631,6125
9631,7188
9631,9826
9631,10410
9631,14677
9631,33556
9631,34136
9631,209140
9631,293649
9631,315053
9631,325773
9631,325785
9820,387
9820,5767
9820,1608
9820,9714
9820,10132
9820,18187
9820,155049
9820,157286
9820,168211
9820,177035
9820,179383
9820,184439
9820,187056
9820,208556
9820,211473
9820,234256
9820,240303
9820,240315
9820,241738
9820,256244
9820,258986
9820,282667
9820,318607
9820,321873
9820,325782
9820,352771
9820,352772
14013,6075
14013,1485
14013,3338
14013,6732
14013,9713
14013,10594
14013,12094
14013,179430
14013,200739
14013,213118
14013,324713
36606,886
36606,5956
36606,8181
36606,11830
36606,12093
36606,12396
36606,13028
36606,14599
36606,33490
36606,33879
36606,50244
36606,156507
36606,162262
36606,166300
36606,166310
36606,166313
36606,166323
36606,184793
36606,187056
96196,388
96196,11254
96196,15055
96196,187056
96196,209003
98505,2548
98505,3363
98505,178210
98505,215579
1779,592
1779,14737
1779,156052
1779,156338
10849,242
10849,5571
10849,13072
10849,162262
678,1415
678,1420
678,1660
678,3149
678,703
678,1635
678,11435
678,9758
678,9016
678,9104
678,9807
678,12999
678,33456
678,177362
678,180172
907,5600
907,818
907,128
907,428
907,2504
907,1252
907,697
907,3691
907,4500
907,158620
907,210184
907,311315
907,325789
907,325835
907,361867
5961,3737
5961,516
5961,380
5961,3739
5961,697
5961,1192
5961,2637
5961,4333
5961,5561
5961,10041
5961,162846
5961,185011
5961,205850
5961,207317
5961,236170
5961,285398
5961,324198
47908,10685
47908,992
47908,1556
47908,10181
47908,9609
47908,10937
47908,163484
47908,207883
47908,220195
47908,241293
42121,727
42121,953
42121,1556
42121,7464
42121,10182
2887,740
2887,9766
2887,13005
2887,17995
2887,158718
2887,188957
11974,3700
11974,6259
11974,2340
11974,10123
11974,6876
11974,10532
11974,10226
11974,10714
11974,12339
11974,12394
11974,13112
11974,15346
11974,18058
11974,18127
11974,157758
11974,160840
11974,176182
11974,180523
11974,183953
11974,193227
11974,309974
11974,325765
20348,3800
20348,2407
20348,11695
20348,10287
20348,33979
20348,161188
20348,167043
20348,167863
20348,168700
20348,168701
26648,612
26648,5136
26648,1631
26648,1664
26648,6373
26648,9856
26648,18267
26648,33720
26648,187056
26648,187236
26648,194921
26648,207515
26648,208611
26648,221749
26648,252067
11911,3658
11911,2652
11911,5810
11911,15001
793,2231
793,1415
793,459
793,703
793,2334
793,4075
793,9887
793,9332
793,9826
793,14964
793,33699
793,178649
793,207268
793,207767
793,325790
35144,2448
35144,5571
35144,18087
35144,163726
35144,198914
9325,818
9325,2398
9325,2526
9325,6513
9325,3289
9325,4344
9325,5650
9325,10683
9325,11477
9325,10787
9325,13014
9325,14636
9325,230873
43037,246845
10340,2038
10340,1440
10340,1808
10340,6513
10340,3289
10340,5091
10340,15284
10340,178898
10340,208152
10144,616
10144,7376
10144,658
10144,5600
10144,4152
10144,2407
10144,6513
10144,5938
10144,3071
10144,3289
10144,4344
10144,10683
10144,9970
10144,11860
10144,12541
10144,33479
10144,166726
10144,179411
10144,188993
10144,190406
10144,234662
10144,238247
10144,240303
10144,240422
10144,269233
10144,325856
10414,6075
10414,6483
10414,191222
10414,252768
10414,254877
10437,2964
10437,212
10437,818
10437,65
10437,11436
10437,4344
10437,6300
10437,6162
10437,11691
10437,160269
10437,162846
10437,186933
10437,207317
10437,207928
10437,252596
10437,260365
10437,299268
10437,344457
15300,242
15300,4344
15300,9672
15300,10809
15300,18068
15300,174240
15300,174244
15300,174245
15300,174252
15300,174254
15300,174258
15300,186718
15300,205850
15300,207591
15300,207928
15300,208417
15300,269838
15300,285398
12230,212
12230,6513
12230,3289
12230,8841
12230,15162
12230,158369
12230,166726
12230,178898
12230,208152
12230,271856
13380,970
13380,65
13380,207317
10693,212
10693,380
10693,334
10693,1412
10693,2343
10693,3185
10693,1507
10693,3930
10693,2710
10693,6513
10693,5938
10693,3289
10693,3650
10693,4344
10693,4418
10693,12988
10693,47972
11335,1009
11335,2771
11335,1936
11335,4344
11335,9717
11335,9368
11335,10244
11335,33637
11335,41599
11335,155586
11335,187224
11335,223172
11135,5657
11135,1384
11135,1930
11135,2161
11135,3184
11135,3289
11135,4725
11135,5350
11135,9663
11135,8723
11135,9109
11135,5739
11135,193760
11135,296741
11319,10084
11319,1930
11319,2161
11319,6513
11319,3289
11319,11107
11319,4725
11319,5344
11319,10591
11319,14617
11319,155325
11319,158027
11319,166726
11319,282600
13155,7376
13155,4144
13155,5157
13155,9663
13155,12198
13155,11409
13155,11857
13155,202958
13155,246466
13155,249379
10249,2652
10249,9715
10249,11116
10249,9717
10249,10400
10249,12670
10249,18712
10249,175091
10249,175103
10249,175107
10249,214548
10249,253388
15943,10909
15943,15162
15943,33518
10882,616
10882,7376
10882,2343
10882,4152
10882,3205
10882,2116
10882,2710
10882,6513
10882,3071
10882,3098
10882,3289
10882,5091
10882,10466
10882,12554
10882,34137
10882,166726
10882,179411
10882,325784
10882,330100
10882,361687
24808,616
24808,1566
24808,818
24808,2857
24808,952
24808,291
24808,1468
24808,2158
24808,3986
24808,3199
24808,4252
24808,3473
24808,11181
24808,14527
24808,14792
24808,33505
24808,163075
24808,178883
24808,230951
19762,391
19762,1436
19762,579
19762,9663
19762,12999
19762,215141
19762,232101
19762,269398
19762,305427
13850,2527
13850,2831
13850,3206
13850,3136
13850,2495
13850,6984
13850,6534
13850,15199
13850,170633
13850,209220
13850,226288
13850,234125
13850,245799
2619,242
2619,1338
2619,5938
2619,155450
2619,239330
2619,325853
65158,4543
65158,10322
65158,207941
53565,4344
53565,11073
53565,12999
53565,155325
53565,263548
53565,338226
53565,338559
27332,818
27332,2493
27332,10683
27332,200552
27332,296608
97,2157
97,282
97,4563
97,4565
97,2423
97,3222
97,3469
97,8469
97,3972
97,15256
97,41645
97,224174
97,234894
97,325762
97,327520
10419,236
10419,1956
10419,10144
10419,174594
10419,174599
10419,241982
11675,387
11675,6271
11675,5301
11675,2547
11675,3335
11675,4009
11675,6464
11675,6275
11675,5923
11675,9663
11675,11696
11675,10714
11675,12339
11675,12974
11675,34079
11675,156075
11675,323756
2107,2221
2107,3337
2107,6340
2107,12670
2107,12965
2107,156052
6471,160736
6471,160738
6471,160741
6471,160742
6471,160743
9442,2123
9442,5609
9442,9755
9442,9016
9442,12670
9442,12999
9442,155790
9442,171818
9442,185525
9442,207883
9442,221078
9442,221647
9442,227561
9442,238575
9442,264333
9442,290279
9442,320896
9442,332052
11591,3455
11591,4491
11591,13027
11591,188083
13697,596
13697,6054
13697,3929
13697,3521
13697,5522
13697,5638
13697,12670
13697,15119
13697,15120
19158,9927
19158,156866
19158,158120
19158,162536
19158,189359
19158,191433
227,542
227,818
227,6272
227,10683
227,10726
227,14857
227,200552
227,246466
227,296608
87,1454
87,4062
87,1935
87,2857
87,2860
87,483
87,3185
87,3450
87,6956
87,13006
87,14636
87,15149
87,41586
87,167106
87,170881
87,174465
87,174468
87,174480
87,175428
87,184134
87,214548
87,325812
123,10364
123,603
123,604
123,11173
123,170362
123,177912
123,189092
123,189093
123,209374
123,211227
123,297442
9314,818
9314,4565
9314,1755
9314,2137
9314,5879
9314,12400
9314,162331
9314,178712
9314,210512
9314,236189
9314,325774
9314,344150
9314,350338
11336,798
11336,732
11336,818
11336,2858
11336,9856
11336,10170
11336,10629
11336,13005
11336,13063
11336,14676
11336,14742
11336,15002
11336,33505
11336,41410
11336,281659
11336,314730
11336,325854
9980,312
9980,1420
9980,2781
9980,4063
9980,4376
9980,4803
9980,5046
9980,9276
9980,10547
9980,159600
9980,169658
9980,209387
9980,227040
9980,349297
10657,1415
10657,798
10657,818
10657,4424
10657,1942
10657,2887
10657,4914
10657,9864
10657,14999
10657,33513
10657,156174
10489,818
10489,5160
10489,3300
10489,9862
10489,13092
10489,15162
10489,158303
10489,158307
10489,158317
10489,194711
10489,199236
10489,208152
10489,223059
10489,249713
10489,314730
10489,325765
10823,1415
10823,2858
10823,7063
10823,10864
10823,11083
10823,11266
10823,18072
10823,156866
10823,162766
10823,190624
10823,209568
10823,272987
11497,2411
11497,3289
11497,4116
11497,12663
11497,15162
11497,18165
11497,33671
11497,34004
11497,208152
11497,269233
11497,355145
2907,246
2907,2643
2907,352
2907,5330
2907,4553
2907,6464
2907,10483
2907,12545
2907,166631
2907,207697
2907,210458
2907,214418
2907,251667
2907,318607
9454,516
9454,254
9454,394
9454,3205
9454,2692
9454,2967
9454,3071
9454,4833
9454,10201
9454,9920
9454,173003
9454,179411
9454,186847
9454,196691
9454,206713
9454,208244
9454,233134
9454,236376
9454,240303
9454,281505
9454,286957
9454,323091
8688,441
8688,585
8688,395
8688,2339
8688,6610
8688,10530
8688,159937
8688,172382
8688,180668
8688,181549
8688,209799
8688,267608
8688,308144
8688,308147
8688,325761
8688,325762
8688,325763
8688,325765
8688,325803
118452,9789
118452,209005
16155,642
16155,3149
16155,10291
16155,159339
16155,209053
48894,1529
48894,1531
48894,4558
48894,5864
48894,208975
48894,218890
23954,586
23954,585
23954,3149
23954,2150
23954,8642
23954,9826
23954,11578
23954,10530
23954,14669
23954,14852
23954,14964
23954,225503
12761,697
12761,6038
12761,14743
12761,41402
12761,208556
12761,240315
12761,269808
12761,292593
12761,311315
12761,321464
12761,323809
396,596
396,1992
396,2587
396,5333
396,4553
396,10181
396,8039
396,10061
396,15237
396,41393
396,159601
396,162914
396,180097
396,206782
396,212059
396,214652
396,215450
396,219365
396,226006
396,227391
396,231686
396,238116
396,274337
396,288697
396,329940
396,336556
396,336803
396,336804
14367,2604
14367,11511
14367,161267
14367,162914
14367,169498
14367,170189
14367,170192
14367,170195
14367,170209
14367,170212
14367,170217
14367,179101
14367,179430
11814,520
11814,5801
11814,6951
11814,9717
11814,160131
11814,256330
11814,259376
11814,288816
11814,309974
11814,320420
11814,324713
11814,325844
16081,392
16081,3478
16081,4344
16081,4459
16081,8250
16081,15101
16081,156507
16081,158063
16081,167625
16081,194258
16081,207372
16081,207928
16081,289590
16081,341036
18331,1992
18331,6013
18331,5801
18331,9181
18331,10508
18331,9673
18331,14752
18331,156033
18331,159868
18331,161156
18331,176095
18331,191441
18331,334608
15171,6054
15171,4344
15171,11477
15171,169909
15171,206052
15171,320477
11837,818
11837,10292
11837,11060
11837,11477
11837,10430
11837,15101
11837,15199
11837,158324
11837,158328
11837,161919
11837,189092
11837,227686
11837,285693
11837,333935
11704,4129
11704,2161
11704,3289
11704,4639
11704,40895
11704,269233
11639,4776
11639,10364
11639,2434
11639,3098
11639,3289
11639,5457
11639,11691
11639,13031
11639,170362
11639,188847
11639,269233
11639,296728
4978,242
4978,977
4978,1900
4978,2161
4978,2355
4978,3289
4978,3560
4978,7328
4978,7329
4978,269233
10380,798
10380,957
10380,2161
10380,3289
10380,9663
10380,18034
10380,18035
10380,269524
11976,616
11976,7376
11976,1299
11976,2343
11976,1442
11976,1938
11976,6154
11976,2035
11976,9840
11976,10794
11976,10821
11976,12965
11976,14999
11976,15001
11976,156075
11976,157186
11976,163227
11976,164246
11976,192913
11976,325814
15144,6270
15144,1421
15144,5801
15144,11428
15144,9986
15144,10791
15144,160140
15144,161998
15144,177804
15144,208470
15144,246862
15144,259376
15144,269719
15144,276775
15144,288816
15144,315414
15144,317608
15144,324713
15144,325147
15144,325783
11522,6270
11522,931
11522,6733
11522,10216
11522,9986
11522,41203
11522,157303
11522,177040
11522,178444
11522,180787
11522,190116
11522,207763
11522,208289
11522,220314
11522,246862
11522,297793
11522,307766
11522,325147
11557,6054
11557,171612
11557,171626
13853,5160
13853,4428
13853,10148
13853,10468
13853,10506
13853,159955
13853,191348
13853,192918
11415,2957
11415,422
11415,3358
11415,10818
11415,18127
11415,155251
11415,163933
11415,183896
11415,184430
11415,189931
11415,206792
11415,208368
11415,213295
11415,220492
11415,234868
11415,245103
11415,257081
11415,293750
11415,307609
37530,6095
37530,4379
37530,4428
37530,10864
37530,12377
37530,155291
37530,188990
37530,193151
37530,212009
8393,3800
8393,409
8393,10148
8393,8028
8393,9649
8393,18034
8393,33892
8393,155296
8393,155297
8393,155300
8393,281237
11937,3800
11937,2163
11937,3622
11937,3513
11937,10148
11937,9253
11937,10941
11937,14760
11937,155296
11937,155297
11937,155300
21661,6075
21661,579
21661,9663
21661,15162
21661,158386
21661,158416
9320,779
9320,212
9320,797
9320,2708
9320,402
9320,470
9320,9715
9320,3289
9320,4289
9320,10125
9320,3823
9320,9725
9320,10491
9320,13015
9320,14760
9320,161891
9320,176217
9320,219370
9320,269233
9320,269769
33644,3266
33644,5248
33644,6876
33644,11322
33644,14768
33644,157799
33644,254260
33644,325781
33644,325782
33644,338528
33644,339632
14662,1228
14662,10041
14662,10683
14662,10809
14662,163047
14662,165402
14662,187056
14662,208974
14662,208975
115872,4388
39930,9826
39930,10714
39930,282828
10692,520
10692,549
10692,570
10692,6259
10692,625
10692,5565
10692,9672
10692,5923
10692,9826
10692,10714
10692,14903
10692,17987
10692,33841
805,242
805,1157
805,818
805,3099
805,10410
805,11044
805,18127
805,156174
805,158988
805,161261
805,161270
805,161534
805,162806
805,163055
805,163957
805,168346
805,172382
805,183133
805,183896
805,190073
805,201456
805,238192
805,267689
805,286239
805,311444
805,325825
805,339151
805,339153
805,339154
34584,818
34584,1994
34584,2343
34584,3205
34584,2673
34584,2035
34584,3650
34584,11477
34584,10624
34584,10873
34584,13031
34584,155410
34584,155851
34584,170362
34584,189099
34584,190083
34584,207372
34584,234125
34584,240119
34584,246466
34584,269711
34636,9663
34636,12554
34636,15101
34636,155410
34636,170362
34636,189099
34636,199814
34636,214746
2182,2766
2182,2879
2182,4344
2182,9755
2182,6388
2182,10125
2182,6401
2182,11931
2182,11034
28070,387
28070,376
28070,966
28070,10726
28070,191045
28070,208289
28070,230431
28070,285961
28070,304411
77469,2496
77469,3230
77469,11531
77469,34094
77469,156455
77469,158718
77469,258533
10278,2122
10278,6054
10278,6847
10278,10776
10278,160246
36647,779
36647,1701
36647,3133
36647,9715
36647,6152
36647,9717
36647,9823
36647,9259
36647,9725
36647,9748
36647,10044
36647,13116
36647,14731
36647,14760
36647,33637
36647,40884
36647,175036
36647,187710
36647,202703
36647,206695
36647,232469
36647,269233
17915,1691
17915,6075
17915,10104
17915,4344
17915,9767
17915,10106
17915,187056
17915,281659
17915,324429
17915,325762
17915,325807
17915,325809
17915,325812
14557,236
14557,3616
14557,10123
14557,11870
14557,14964
14557,171400
14557,171401
14557,171411
14557,171416
9417,2122
9417,769
9417,4721
9417,5034
9417,8608
9417,11931
41469,2269
41469,1680
41469,9799
41469,13043
19381,165402
19381,187056
34637,2658
34637,4379
34637,179870
34637,188959
34637,189102
34637,235489
34637,237612
34637,264809
4011,4062
4011,6155
4011,5941
4011,6152
4011,6022
4011,3335
4011,3358
4011,3065
4011,9712
4011,3891
4011,9887
4011,7925
4011,10809
4011,33505
4011,34079
4011,41410
4011,160153
4011,162846
4011,244478
4011,256330
4011,325804
4011,351332
161795,9673
161795,14638
161795,47024
161795,156104
161795,196433
1580,490
1580,4814
1580,6399
1580,5579
1580,10181
1580,9826
1580,191260
1580,215450
1580,321464
1580,325958
1580,326218
5854,663
5854,1930
5854,703
5854,5332
5854,5340
5854,4373
5854,3864
5854,9826
5854,161506
5854,180824
5854,196917
573,212
573,570
573,6149
573,5490
573,9276
573,9826
573,10714
573,47024
573,155816
573,165546
573,239328
573,239329
573,239330
2370,242
2370,1157
2370,90
2370,818
2370,792
2370,2106
2370,7937
2370,181558
2370,193272
2370,208992
2370,230458
2370,256148
5780,2106
5780,156026
506,549
506,570
506,276
506,739
506,447
506,3713
506,2039
506,1443
506,2284
506,1252
506,930
506,1936
506,643
506,2699
506,2251
506,2316
506,2547
506,2548
506,2672
506,2673
506,2675
506,2676
506,2749
506,2799
506,2800
506,2801
506,2843
506,13001
506,339523
22527,242
22527,642
22527,818
22527,4048
22527,769
22527,6139
22527,12999
22527,156938
574,212
574,441
574,5265
574,470
574,770
574,992
574,2340
574,1629
574,9714
574,10410
574,12570
574,14618
574,14638
574,41282
574,41721
574,165064
574,191600
574,236911
574,361716
11219,1415
11219,818
11219,5918
11219,4553
11219,10877
11219,12570
11219,13072
11219,13092
11219,33688
11219,156799
11219,178883
11219,207046
11219,213175
11219,234325
11219,361716
30159,6149
30159,718
30159,1936
30159,2619
30159,3356
30159,9856
30159,9807
30159,9826
30159,10241
30159,10093
30159,10909
30159,12999
30159,14765
30159,17997
30159,18396
30159,33608
30159,148540
30159,161982
30159,185528
30159,207240
30159,226409
30159,235910
30159,238046
30159,238048
845,1326
845,2041
845,818
845,584
845,6259
845,1523
845,703
845,3301
845,4934
845,4230
845,8562
845,9807
845,10333
845,12999
845,13008
845,14829
845,33456
845,155582
845,167020
845,177973
845,199939
845,208764
845,221193
845,225221
845,227825
845,234216
845,238821
845,256087
845,297197
1978,212
1978,818
1978,4320
1978,12999
1978,13097
1978,33630
1978,34094
1978,160364
1978,188582
1978,193537
1978,207898
1978,209240
1978,228296
3682,242
3682,128
3682,1228
3682,1812
3682,2334
3682,3458
3682,6562
3682,10228
3682,10594
3682,10579
3682,14964
3682,155490
3682,156277
3682,156801
3682,177362
3682,286407
51942,2587
51942,6152
51942,4317
51942,11117
51942,4344
51942,33637
51942,156578
51942,161919
51942,162365
51942,281237
51942,309974
46702,4344
46702,164275
46702,164282
46702,164290
46702,164294
46702,164296
46702,164306
54795,392
54795,5933
54795,12987
54795,13028
847,10364
847,1701
847,1009
847,1299
847,2343
847,530
847,769
847,2052
847,2011
847,5160
847,3098
847,3873
847,4252
847,234213
117,520
117,947
117,3149
117,3605
117,14899
117,168590
117,177354
117,177359
117,177362
117,177364
117,214548
14577,549
14577,5305
14577,2981
14577,9748
14577,11335
14577,11733
14577,15151
14577,155503
14577,156034
14577,163474
14577,185221
37498,779
37498,797
37498,4654
37498,4530
37498,5572
37498,13015
37498,33556
37498,167316
37498,171703
37498,181385
37498,219404
37498,325815
38621,392
38621,155881
38621,165468
38621,207928
59138,18395
59138,187056
28047,395
28047,5305
4175,5657
4175,2356
4175,4034
4175,2038
4175,697
4175,3310
4175,7028
4175,7464
4175,207928
31667,9016
31667,9807
31667,10909
31667,12999
13321,658
13321,736
13321,339
13321,1422
13321,1956
13321,12999
13321,163000
13321,188766
21734,1415
21734,387
21734,295
21734,4129
21734,974
21734,703
21734,2285
21734,3451
21734,9807
21734,11792
21734,9826
21734,10718
21734,10809
21734,12999
21734,13112
21734,15167
21734,18419
21734,33364
21734,34221
21734,157504
21734,160790
21734,162936
21734,165288
21734,165508
21734,165913
21734,204025
21734,207431
21734,232743
21734,274394
21734,330548
31997,769
31997,12999
31997,159716
31997,180826
24197,444
24197,6149
24197,919
24197,1438
24197,2217
24197,2518
24197,2913
24197,5165
24197,10794
24197,10909
24197,12999
24197,155457
24197,324123
11462,351
11462,2587
11462,2285
11462,5340
11462,2676
11462,6038
11462,5091
11462,10594
11462,13112
11462,18040
11462,249136
11462,292163
11462,330548
31995,658
31995,818
31995,6212
31995,4654
31995,1930
31995,2580
31995,5332
31995,8079
31995,12999
31995,155697
31995,173224
31995,207928
31995,222842
31995,233409
31995,236546
31995,236553
940,5265
940,4289
940,4527
940,4526
940,7255
940,10410
940,12999
940,13008
940,14618
940,154786
940,156091
940,236458
940,325778
2762,548
2762,818
2762,1655
2762,12335
2762,5732
2762,9141
2762,9826
2762,12999
2762,33623
2762,214548
2762,224411
2762,226499
2762,240303
2762,243713
2762,259075
2762,259076
2762,271331
12684,212
12684,1157
12684,818
12684,258
12684,12999
12684,15246
12684,161520
12684,240485
2761,612
2761,2504
2761,470
2761,1223
2761,12999
8208,6029
8208,1930
8208,9826
8208,10950
8208,12999
8208,15009
8208,33514
8208,33780
8208,156835
8208,162328
8208,174244
8208,179577
8208,236595
8208,236911
8208,239769
8208,239773
8208,285582
8208,361521
52907,4344
52907,12999
15007,12999
15007,163228
15007,207681
15007,236523
15007,236524
36049,10911
36049,12999
52748,181112
52748,193282
52748,217316
52748,220195
52748,307904
52748,324254
52748,362202
75793,4345
75793,12999
75793,157768
75793,165214
75793,184816
75793,191839
75793,194610
75793,271336
75793,271337
75793,271339
75793,271340
47695,12999
31930,1453
31930,818
31930,12999
31930,161982
31930,207240
20213,7879
20213,1009
20213,128
20213,4183
20213,6038
20213,5420
20213,3582
20213,9758
20213,10048
20213,10909
20213,12392
20213,154802
20213,189931
20213,191485
20213,198423
20213,209979
20213,216734
20213,236465
20213,236488
20213,237185
543,212
543,1936
543,770
543,10181
543,12999
543,164698
36054,5756
36054,5625
36054,10660
36054,12203
36054,33626
36054,41185
36054,154802
36054,240303
36054,326622
36054,362647
35832,1459
35832,11327
35832,4951
35832,14769
35832,17997
35832,33476
35832,154802
35832,174960
35832,209404
35832,237186
52782,6271
52782,6415
52782,154802
52782,181203
52782,186714
52782,189438
52782,209222
52782,236483
52782,236484
52782,236485
36055,2374
36055,10181
36055,9813
36055,12999
36055,154802
36056,128
36056,2792
36056,7439
36056,154802
36056,166802
36056,209476
36056,249834
36056,269120
36056,308144
2760,212
2760,4007
2760,6431
2760,6623
2760,10714
2760,154802
2760,167198
2760,170587
2760,173242
64398,12999
64398,154802
10220,242
10220,6054
10220,585
10220,383
10220,395
10220,550
10220,8045
10220,5305
10220,6433
10220,7496
10220,10530
10220,33861
10220,166631
10220,167970
10220,207268
431,10685
431,2847
431,483
431,1646
431,6009
431,2147
431,2158
431,2846
431,2800
431,4506
431,10292
431,11060
431,9826
431,18129
431,50009
431,191494
431,194341
431,202958
431,209086
31641,791
31641,6054
31641,2669
31641,3875
31641,5923
31641,5739
31641,191043
69848,6092
69848,10141
69848,215184
22796,818
22796,14765
22796,166287
22796,183886
22796,194982
22796,209941
22256,6075
22256,2070
37550,6092
37550,1721
37550,1631
37550,1956
37550,4648
37550,11122
37550,5923
37550,9727
37550,9812
37550,187056
37550,207883
37916,278
37916,155746
37916,161166
37916,163096
37916,187056
37916,187236
37916,217104
21873,612
21873,520
21873,6270
21873,3088
21873,10624
21873,14735
21873,296608
21500,7476
21500,207844
84116,1415
84116,910
84116,970
84116,10683
84116,9748
84116,9825
12626,736
12626,521
12626,128
12626,1022
12626,917
12626,10582
12626,175357
12626,206075
37818,187056
3525,242
3525,2660
3525,128
3525,1443
3525,2386
3525,2383
3525,2751
3525,12094
3525,11322
3525,184406
3525,190035
3525,191731
3525,207999
3525,223184
2321,700
2321,1812
2321,9799
2321,11578
2321,179430
2321,208476
2028,6270
2028,2350
2028,11710
2028,10791
2028,18425
2028,155646
2028,165301
2028,166262
2028,246862
16384,387
16384,3149
16384,1812
16384,4009
91217,894
91217,4129
91217,2672
91217,10235
91217,9714
91217,14768
10699,1284
10699,4056
10699,4367
10699,12193
10699,155816
10699,158438
11597,380
11597,282
11597,697
11597,6464
11597,6476
11597,7136
11597,10911
11597,14643
11597,207317
11597,288883
47947,9755
47947,11931
47947,155457
47947,161823
47947,170827
47947,208788
48311,4565
44772,1003
44772,6025
44772,10229
14347,1326
14347,1809
14347,3182
14347,14669
14347,14714
14347,162804
14347,170827
14347,171341
41090,642
41090,6149
41090,3713
41090,1419
41090,974
41090,1812
41090,10594
41090,9826
41090,15234
41090,154846
41090,201156
18282,179430
18282,202399
18282,209164
18282,213450
18282,223212
18169,613
18169,520
18169,5625
18169,17926
11082,2858
11082,530
11082,186
11082,2795
11082,12332
11082,161207
11082,161280
11082,221385
5971,378
5971,1563
5971,6149
5971,345
5971,6156
5971,10181
5971,7118
5971,9714
5971,11001
5971,15234
5971,15381
5971,18118
5971,41592
5971,157008
5971,159422
5971,222745
11933,1415
11933,798
11933,824
11933,1873
11933,5628
11933,10910
11933,13092
11933,17363
11933,156091
11933,163129
11933,210614
11933,249157
11933,309270
20096,242
20096,4452
20096,9673
20096,162271
20096,170620
30815,586
30815,9826
30815,18087
30815,155794
30815,166582
30815,171826
30815,228558
30815,235596
30815,237180
881,240
881,3737
881,236
881,3588
881,6145
881,3012
881,2619
881,4404
881,4405
881,4406
881,4407
881,4408
881,4409
881,4410
881,4411
881,10181
881,9856
881,163189
881,227642
881,227890
881,254459
4478,596
4478,2038
4478,395
4478,6433
4478,14570
4478,33626
4478,234317
22318,596
22318,6149
22318,567
22318,2671
22318,13028
22318,14964
22318,200784
53113,10041
53113,10163
53113,163599
2109,779
2109,1812
2109,11448
2109,5964
2109,8015
2109,12670
2109,14988
2109,167316
2109,167350
2109,167352
2109,167362
2109,170865
2109,179431
2109,219404
2109,320420
2109,325765
122289,5600
122289,2884
122289,5905
122289,10614
122289,10483
122289,11296
122289,199551
24746,578
24746,11491
24746,14570
24746,18034
24746,18098
24746,208349
72987,90
72987,818
72987,1228
72987,10235
72987,10683
72987,10818
72987,41393
72987,166579
72987,208992
72987,209051
8195,254
8195,90
8195,2001
8195,3070
8195,4702
8195,10051
8195,10950
8195,13068
8195,14552
8195,14766
8195,157238
8195,159669
8195,159685
8195,312898
9877,3616
9877,9826
9877,9955
9877,12339
9877,15127
9877,34079
9877,197582
9877,314730
9877,316832
26618,1415
26618,798
26618,931
26618,828
26618,4129
26618,680
26618,1812
26618,5340
26618,10123
26618,10738
26618,9826
26618,10714
26618,18034
11855,2861
11855,1003
11855,6025
11855,2672
11855,2819
11855,5490
11855,4569
11855,5916
11855,14893
11855,15478
24016,596
24016,409
24016,7041
24016,34094
14785,1008
14785,1228
14785,5565
14785,12987
14785,33344
14785,189399
14785,194451
14785,208992
14794,11196
14794,392
14794,2020
14794,3551
14794,4107
14794,8201
14794,11514
14794,15158
14794,163656
14794,165092
14794,171676
14794,179359
14794,193717
14794,195241
14794,220770
14794,258880
14794,275737
14794,318187
3486,677
3486,1384
3486,2111
3486,242714
11071,6092
11071,1299
11071,1815
11071,2766
11071,1618
11071,1812
11071,1508
11071,11100
11071,3126
11071,4632
11071,7035
11071,12999
11071,18034
11071,156851
11071,174324
11071,187261
11071,214613
11071,214997
11071,223059
11071,227825
11071,239356
11071,262778
11071,262779
11071,262781
11071,262782
11071,262783
11071,270311
11071,270312
11071,270314
11071,270315
1091,1612
1091,720
1091,1826
1091,818
1091,1533
1091,2766
1091,2340
1091,2968
1091,3373
1091,4713
1091,4862
1091,9951
1091,9714
1091,10349
1091,13031
1091,14605
1091,14728
1091,14729
1091,15250
1091,50009
1091,155821
1091,183787
1091,201456
1091,220392
1091,238467
1091,254703
1091,270023
1091,283085
1091,286954
1091,287274
1091,315053
1091,325839
1091,343963
1091,346621
10403,818
10403,1849
10403,886
10403,1936
10403,888
10403,12396
10403,170646
10403,222269
10403,246610
10403,254568
11337,886
11337,8608
11337,33490
11337,312677
162,240
162,1415
162,6059
162,1436
162,928
162,1533
162,1435
162,1437
162,699
162,3205
162,1647
162,1715
162,3098
162,6511
162,9856
162,10703
162,10794
162,33505
162,171826
162,186466
162,207317
162,209027
162,227902
162,231192
162,244886
162,249629
162,258464
162,272246
162,325854
162,351332
25723,9673
25723,11497
73351,2831
73351,6984
73351,14906
73351,160977
73351,187056
8916,7376
8916,3640
8916,2346
8916,1701
8916,1402
8916,3126
8916,3289
8916,4967
8916,9713
8916,13065
8916,161248
8916,200234
8916,325776
28134,3622
28134,4326
28134,4953
9429,1759
9429,2334
9429,2779
9429,6664
9429,10254
12159,439
12159,6155
12159,5918
12159,6154
12159,4116
12159,210530
12159,311315
12159,325830
43106,388
43106,12999
30197,2652
30197,1332
30197,10123
30197,4344
30197,8201
30197,11454
30197,10963
30197,10965
30197,155798
30197,156028
30197,207697
30197,241930
10156,488
10156,1405
10156,344
10156,4319
10156,4344
10156,4428
10156,8201
10156,9706
10156,10506
10156,159955
10156,160279
10156,177050
10156,187305
10156,196092
10156,196307
10156,213097
10156,215590
10156,225012
10377,378
10377,1415
10377,3012
10377,6148
10377,531
10377,2075
10377,3301
10377,4438
10377,10909
10377,11860
10377,33454
10377,33519
10377,155873
10377,160497
10377,160931
10377,164246
10377,194998
10377,207431
10377,207863
10377,214780
10377,220815
10377,230556
10377,295959
10377,296858
10377,303310
10377,309426
10377,309974
10377,320420
10377,325765
10377,325782
10377,325832
3121,727
3121,8201
3121,6579
3121,164478
3121,164734
3121,171366
3121,187306
3121,208915
3121,214724
4975,1605
4975,697
4975,6022
4975,2936
4975,437
4975,5565
4975,158718
4975,258533
4975,259285
37532,285017
9713,1361
9713,7271
9713,8616
9713,10582
9713,11001
9713,220815
9713,309974
9713,325762
9713,325769
9713,325781
9713,325809
9713,325813
9713,325814
134368,796
134368,11730
134368,15271
134368,33421
134368,167915
85837,6149
85837,2708
85837,9856
85837,10594
85837,9826
85837,10601
85837,13059
1039,4932
1039,570
1039,1842
1039,4402
1039,5331
1039,2801
1039,2850
1039,2690
1039,2802
1039,3009
1039,3188
1039,1201
1039,158455
9821,818
9821,3230
9821,2494
9821,10683
9821,158558
9821,167982
9821,170783
9821,170786
9821,170801
9821,178895
9821,240422
9821,246466
9821,325762
4437,306
4437,3222
4437,3801
4437,4040
4437,4078
4437,9663
4437,9882
4437,14626
4437,155689
4437,161176
4437,244256
4437,325812
1890,1635
1890,1643
1890,5756
1890,3770
1890,10508
1890,41355
1890,187056
1890,188953
1890,193547
1890,210767
1890,311045
1890,321269
1955,2804
1955,5565
1955,9672
1955,11612
1955,12999
1955,158023
1955,163075
1955,170383
1955,173861
1955,203624
1955,207673
1955,207928
1955,208666
39437,818
39437,697
39437,2803
39437,2831
39437,3350
39437,2494
39437,8057
39437,162846
39437,200918
39437,202371
39437,207928
39437,209792
39437,240315
39437,245799
39437,281659
39437,309974
39437,325761
39437,325762
39437,325775
39437,325776
39437,325787
39437,325791
39437,325801
39437,325824
39437,325825
39437,325854
11932,3392
11932,4944
11932,9707
11932,10603
11932,10714
11932,12339
11932,180691
11932,187065
11932,202371
11932,240764
11932,251513
6435,616
6435,2343
6435,10224
6435,12335
6435,3371
6435,5147
6435,5923
6435,9673
6435,10216
6435,10541
6435,190821
6435,325762
10683,2337
10683,894
10683,236
10683,7879
10683,570
10683,4112
10683,380
10683,586
10683,2726
10683,1808
10683,10123
10683,8201
10683,6281
10683,6844
10683,5923
10683,10532
10683,10850
10683,9957
10683,11869
10683,14534
10683,14576
10683,15025
10683,18013
10683,34094
10683,155294
10683,156455
10683,199524
10683,200234
10683,207299
10683,210434
10683,240119
10683,281588
10683,300184
10683,320420
9445,6270
9445,818
9445,1308
9445,156316
9445,191726
9445,208289
9445,222049
9445,252067
9445,258533
2657,380
2657,4565
2657,10738
2657,8201
2657,5737
2657,10683
2657,12425
2657,12999
2657,14558
2657,18298
2657,33451
2657,156597
2657,175629
2657,181235
2657,208611
2657,233932
9425,1612
9425,1826
9425,797
9425,1543
9425,1721
9425,4565
9425,3801
9425,10158
9425,10141
9425,11606
9425,13065
9425,14946
9425,162365
9425,162484
9425,163561
9425,219404
9425,252634
9425,252937
32326,10423
32326,12999
637,3737
637,817
637,2038
637,2652
637,1430
637,697
637,131
637,483
637,1583
637,1631
637,1755
637,1739
637,1956
637,2428
637,2433
637,3206
637,3197
637,3061
637,10123
637,3196
637,3207
637,9799
637,259094
637,273967
637,279911
637,325824
8675,779
8675,445
8675,1721
8675,9715
8675,2727
8675,9755
8675,13027
8675,33490
8675,156166
8675,164218
8675,187056
8675,188947
8675,194943
8675,281237
20701,616
20701,1299
20701,1786
20701,2904
20701,10123
20701,9706
20701,7074
20701,11181
20701,11408
20701,12666
20701,155488
20701,166862
20701,250593
9945,818
9945,3133
9945,1508
9945,9259
9945,9748
9945,10093
9945,14765
9945,41380
9945,41511
9945,161935
9945,224795
73,378
73,376
73,570
73,379
73,380
73,11105
73,2652
73,5301
73,1755
73,10614
73,9890
73,10873
73,12670
73,18035
73,160910
73,165583
73,191726
73,312898
73,323114
73,325842
18603,271
18603,1556
18603,11836
18603,155395
18603,158606
46889,1326
46889,697
46889,4076
46889,11322
46889,14534
46889,15160
46889,158967
46889,168346
46889,171028
46889,234719
12888,3149
12888,10291
3033,3737
3033,886
3033,5565
3033,10180
3033,10818
3033,33490
3033,33608
3033,166323
3033,208611
3033,235736
3033,258464
3033,258533
9882,242
9882,789
9882,4654
9882,1812
9882,187
9882,4632
9882,7336
9882,13015
9882,209817
10663,6075
10663,3101
10663,3134
10663,171556
10663,171559
10663,171563
10663,171567
10663,223108
10663,231401
4518,2011
4518,4235
4518,10202
4518,7153
4518,7537
4518,6165
4518,18396
4518,41022
4518,191599
4518,208244
4518,220649
1808,1025
1808,496
1808,2398
1808,3183
1808,33973
1808,158718
1808,174262
1808,174280
1808,174281
1808,174283
1808,174286
1808,198299
1808,207928
1808,208289
1808,258533
3600,2041
3600,271
3600,5420
3600,3345
3600,3616
3600,2135
3600,4728
3600,6876
3600,9748
3600,9826
3600,10776
3600,10793
3600,12339
3600,14527
3600,14692
3600,15127
3600,325844
17037,65
17037,1991
17037,15246
17037,162219
17037,164698
17037,171439
17037,187056
17037,188717
17037,207317
17037,240119
297,314
297,978
297,699
297,2407
297,3684
297,10181
297,10855
297,10791
297,11187
297,13005
297,33626
297,208313
297,209837
297,222047
297,324429
297,325769
297,325786
5332,380
5332,2398
5332,2689
5332,10181
5332,5923
5332,9914
5332,11004
5332,14735
5332,14985
5332,172391
5332,191480
5332,214548
5332,251613
5332,280940
5332,287539
5332,336184
5332,336185
21589,1329
21589,818
21589,2334
21589,4470
21589,11800
21589,160223
21589,160517
21589,173919
21589,174283
21589,193012
21589,236316
21589,252881
8336,848
8336,5970
8336,9826
8336,13005
8336,157813
8336,217324
8336,219900
11893,5034
11893,4619
11893,5643
11893,9777
11893,9880
11893,13008
11893,155372
123056,1197
123056,4593
123056,10683
123056,14570
123056,18034
123056,208611
123056,229663
12223,803
12223,1415
12223,818
12223,2383
12223,3451
12223,6981
12223,14544
12223,14632
12223,208156
12223,232076
12223,234119
12223,325774
12223,325789
12223,325791
12223,325792
12223,325794
12223,325817
12223,325818
12223,325834
32081,380
32081,818
32081,11578
32081,190283
14924,1228
14924,1803
14924,4470
14924,9672
14924,9860
14924,14522
14924,173919
14924,192596
14924,204236
14924,217468
14924,221547
14924,229609
14924,241804
10002,2072
10002,212
10002,549
10002,1591
10002,160488
10002,207268
19426,588
19426,895
19426,6095
19426,12987
19426,13059
19426,34264
19426,34265
19426,34268
19426,34269
19426,41557
19426,156040
19426,163865
19426,181958
19426,207697
12560,6054
12560,236
12560,802
12560,3739
12560,4432
12560,5155
12560,5609
12560,5992
12560,3748
12560,9824
12560,10776
12560,155939
12560,157187
12560,188293
12560,220669
12560,329749
12560,345077
9798,521
9798,2980
9798,3376
9798,3635
9798,9826
9798,10878
9798,10562
9798,10391
9798,14783
9798,18420
9798,154904
9798,178649
9798,181620
9798,181655
9798,219833
9798,220355
9798,244840
9798,247680
9798,305459
9798,314349
9798,325766
9798,325774
9798,332169
9798,348123
9798,351130
9798,351131
14444,1009
14444,380
14444,1526
14444,3725
14444,179430
14444,269769
9487,1721
9487,291
9487,1442
9487,8790
9487,3126
9487,3289
9487,3338
9487,4295
9487,11477
9487,11539
9487,10637
9487,179431
9487,204846
9487,208736
9487,239392
9487,239797
9487,245065
9487,329696
9487,361535
9487,361536
9466,6562
9466,8527
9466,12193
9466,155816
666,1809
666,3344
666,3593
666,10508
666,13014
666,18044
666,33457
666,158639
666,158642
666,158651
666,163117
666,163599
666,167043
666,168350
666,196581
666,211733
666,216079
666,222511
666,233606
666,260005
666,334474
2042,570
2042,393
2042,3070
2042,9285
2042,11872
10162,4214
10162,5331
10162,3864
10162,4258
10162,8739
10162,14985
10162,292577
309,5600
309,894
309,1326
309,516
309,236
309,970
309,1421
309,1655
309,1608
309,2754
309,12425
309,18187
309,41596
309,156181
309,157215
309,188991
309,191260
309,200918
309,208349
309,264551
309,311315
309,315002
309,321464
309,323809
692,2231
692,4580
692,931
692,900
692,2671
692,1740
692,2874
692,2843
692,3443
692,3444
692,3445
692,11192
692,13129
692,159818
692,163726
692,171636
692,180579
692,271311
24018,108
24018,640
24018,2800
24018,9887
24018,11034
24018,158692
24018,158718
24018,208611
24018,239393
24018,258533
1678,3799
1678,2041
1678,233
1678,1815
1678,2580
1678,11100
1678,3275
1678,12369
1678,12616
1678,12999
1678,158126
1678,161791
1678,180498
1678,223059
1678,257384
1678,317204
39256,233
39256,720
39256,1299
39256,339
39256,11100
39256,13008
39256,14760
39256,159099
39256,161184
39256,161791
39256,210614
39256,257384
39256,317204
1680,2041
1680,233
1680,720
1680,2771
1680,1852
1680,11100
1680,5704
1680,9663
1680,10787
1680,12369
1680,12616
1680,159099
1680,161791
1680,196425
1680,201956
1680,204975
1680,257384
1680,275682
1680,293178
1680,317204
244,242
244,3799
244,911
244,2041
244,6059
244,776
244,886
244,5571
244,12616
244,12999
244,156764
244,188280
244,188294
244,189008
244,196425
244,223059
244,234196
244,293178
10730,1551
10730,3891
10730,9714
10730,158252
10730,161306
10730,168346
10730,196425
10730,219392
10730,293178
31947,3725
31947,9663
31947,156456
31947,158252
31947,162365
31947,183785
31947,185221
31947,196260
31947,196425
31947,212430
31947,232514
31947,293178
8130,1453
8130,5444
8130,187056
11532,970
11532,5968
11532,9672
11532,10787
11532,18266
11532,156948
11532,170865
11532,180549
11532,180550
11532,215162
9749,736
9749,1809
9749,4617
9749,11719
9749,11734
9749,18118
9749,159422
9749,164877
9749,172463
9749,172466
9749,172471
9749,216966
9749,243903
9749,320420
14628,736
14628,3136
14628,3134
14628,9663
14628,11860
14628,12670
14628,207431
14628,220389
14628,235565
14628,320420
9626,1299
9626,1400
9626,9990
9626,2011
9626,6556
9626,9717
9626,192913
9626,211227
9626,234213
13698,730
13698,1382
13698,2346
13698,233
13698,904
13698,1463
13698,6134
13698,12094
13698,156052
13698,181579
13698,211277
10466,2570
10466,4630
10466,3198
10466,6095
10466,155724
10466,155733
10466,309974
10466,320420
10466,325763
10466,325765
10466,325806
707,212
707,720
707,657
707,726
707,254
707,90
707,392
707,582
707,643
707,1308
707,2736
707,3289
707,3521
707,3518
707,3519
707,3520
707,3522
707,3523
707,3524
707,3525
707,3528
707,10794
707,12393
707,13015
707,156095
707,159558
707,164889
707,192094
11954,1826
11954,3243
11954,3133
11954,4803
11954,9951
11954,155585
9336,1482
9336,2999
9336,4358
9336,40957
10157,5265
10157,772
10157,5340
10157,2993
10157,4668
10157,7477
10157,40957
10157,208260
12118,5744
12118,271
12118,9663
12118,40957
10587,772
10587,2993
10587,4668
10587,7477
10587,6648
11825,772
11825,5340
11825,4668
11825,7477
11825,208335
11895,271
11895,3149
11895,1919
11895,5340
11895,5440
11895,10726
11895,156236
9447,4932
9447,4931
9447,4630
9447,2206
9447,8082
9447,11477
9447,11478
9447,15162
9447,157972
9447,206052
12257,1326
12257,828
12257,3739
12257,4129
12257,3725
12257,3015
12257,6746
12257,10041
12257,7151
12257,11869
12257,18011
37536,3741
10029,612
10029,549
10029,6259
10029,2150
10029,4553
10029,8070
10029,9713
10029,9826
10029,10776
10029,13027
10029,14570
10029,34079
10029,207819
27104,1862
27104,128
27104,4652
27104,5733
27104,14720
27104,158718
27104,258533
11252,2669
11252,8627
11252,9826
11252,160059
11252,176182
8545,5600
8545,456
8545,5215
8545,970
8545,2276
8545,5905
8545,9180
8545,10229
8545,9957
8545,13001
8545,156151
8545,158086
8545,158471
10223,6054
10223,380
10223,3800
10223,818
10223,1322
10223,1360
10223,5332
10223,10794
10223,10856
10223,15090
10223,33672
10223,207268
10223,275048
9745,697
9745,65
9745,1441
9745,6203
9745,10115
9745,196450
9745,207317
200,1612
200,3822
200,1472
200,399
200,3469
200,5726
200,9951
200,161176
200,162388
200,162392
200,162399
200,204390
200,241954
200,244653
200,252634
9837,1160
9837,488
9837,4152
9837,1949
9837,2226
9837,3036
9837,4344
9837,6088
9837,157894
9837,186939
9837,187056
9837,194195
9837,283297
9837,311315
9837,325775
9837,325824
9837,325842
9837,343520
11545,3568
11545,3551
11545,4326
11545,4333
11545,6521
11545,10683
11545,162936
11545,239797
11545,296608
11545,325784
1934,212
1934,4326
1934,7153
1934,10965
1934,12090
1934,190532
1934,191701
1934,208244
1934,208586
1934,246971
1934,324429
110643,6223
110643,5399
110643,11001
110643,14632
110643,14765
110643,217325
110643,258533
110643,315279
11881,242
11881,6148
11881,934
11881,970
11881,65
11881,2081
11881,1991
11881,4543
11881,11268
11881,10909
11881,12663
11881,12999
11881,14768
11881,33518
11881,161198
11881,189966
11881,201069
11881,207317
11881,221883
11881,228753
11881,240315
11881,275041
11881,297266
11881,341652
11881,363020
13764,65
13764,207317
13764,344457
24951,4932
24951,1415
24951,65
24951,2735
24951,1991
24951,3875
24951,10385
24951,33476
24951,33479
24951,197880
24951,207317
24951,245553
24951,307146
24951,307148
24951,307149
8879,75
8879,797
8879,1936
8879,1502
8879,1960
8879,3591
8879,6816
8879,9714
8879,15127
8879,15254
8879,18072
8879,156035
8879,170587
8879,189392
1369,2957
1369,422
1369,2956
1369,720
1369,6086
1369,1563
1369,3713
1369,1375
1369,2019
1369,6025
1369,4276
1369,1968
1369,2434
1369,2517
1369,4595
1369,5774
1369,9663
1369,9748
1369,13006
1369,13065
1369,14601
1369,18101
1369,18508
1369,33705
1369,166454
1369,175522
1369,197602
1368,378
1368,1008
1368,3737
1368,2957
1368,422
1368,1701
1368,2956
1368,796
1368,798
1368,10685
1368,6149
1368,1419
1368,1375
1368,769
1368,2095
1368,2535
1368,2801
1368,6112
1368,3246
1368,5034
1368,4668
1368,5144
1368,5386
1368,5387
1368,9720
1368,11004
1368,10833
1368,15218
1370,1375
1370,271
1370,4276
1370,2434
1370,2111
1370,3055
1370,3434
1370,3538
1370,3541
1370,4269
1370,5389
1370,193897
10303,544
10303,1160
10303,1454
10303,539
10303,1930
10303,407
10303,409
10303,483
10303,2082
10303,3998
10303,6956
10303,9663
10303,8616
10303,15381
10303,18034
10303,33456
10303,155251
10303,175428
10303,184134
10303,190150
10303,325811
9326,3800
9326,6212
9326,3713
9326,1930
9326,3185
9326,2095
9326,6956
9326,11088
9326,10085
9326,10776
9326,10787
9326,10818
9326,18026
9326,18266
9326,33456
9326,41586
9326,155251
9326,155331
9326,165301
9326,184134
9326,190150
9326,285275
9326,306754
9326,322942
9326,324429
9326,325811
10328,1196
10328,8181
10328,9951
10328,155633
10328,158350
10328,163481
10328,163484
10328,163512
10328,163513
10328,163514
10328,163515
10328,163516
10328,172971
10328,207106
10328,207107
10328,208737
10328,288816
10328,324713
10328,325765
10328,325781
10328,325782
10328,325807
10328,325810
11285,1571
11285,3725
11285,14729
11285,18011
11285,160945
11285,160946
11285,161534
11285,162532
11285,163481
11285,163484
11285,163491
11285,163497
11285,325762
11285,325781
11285,325809
1367,1701
1367,1157
1367,732
1367,396
1367,2038
1367,1567
1367,6075
1367,2416
1367,2792
1367,4613
1367,5378
1367,6067
1367,11612
1367,209476
1367,325782
1367,325842
1371,3737
1371,396
1371,6075
1371,1482
1371,2792
1371,4610
1371,6066
1371,4613
1371,5378
1371,5379
1371,6067
1371,5394
1371,9748
1371,10329
1371,10232
1371,200234
1371,209476
1371,288816
1371,325761
1371,325842
1374,3737
1374,6054
1374,396
1374,6075
1374,697
1374,2106
1374,2111
1374,2792
1374,3278
1374,4613
1374,6067
1374,5144
1374,3861
1374,9748
1374,174638
1374,207317
1374,209476
1374,325842
1375,3658
1375,6054
1375,276
1375,396
1375,843
1375,6075
1375,2062
1375,970
1375,6049
1375,1482
1375,2298
1375,2792
1375,4613
1375,5397
1375,5378
1375,5379
1375,5398
1375,5399
1375,5400
1375,5401
1375,5402
1375,170652
1375,209476
1375,325842
15196,1936
15196,1307
15196,10090
15196,12545
15196,12570
15196,13097
15196,155733
15196,163651
15196,164246
15196,171964
15196,207046
15196,222806
15196,259015
15196,295106
15196,319397
15196,344283
11904,2921
11904,212
11904,3684
11904,9826
11904,179430
11904,273879
15596,3616
15596,18015
15596,171427
15596,171431
15596,171439
15596,171442
15596,187282
15596,240119
13818,1326
13818,736
13818,1157
13818,14641
13818,165402
29968,970
29968,15160
44326,2539
44326,9748
44326,10735
44326,13006
44326,170468
44326,184352
44326,187236
44326,228402
1885,6270
1885,6054
1885,779
1885,1721
1885,5918
1885,3436
1885,6733
1885,9362
1885,10624
1885,11870
1885,12670
1885,14731
1885,14768
1885,15246
1885,33738
1885,33910
1885,156159
1885,156162
1885,159306
1885,161643
1885,165137
1885,165402
1885,171493
1885,180825
1885,188237
1885,212737
1885,269719
1885,355408
8856,240
8856,779
8856,233
8856,6075
8856,10201
8856,8676
8856,9663
8856,9932
8856,9748
8856,11870
8856,18447
8856,155023
8856,171493
8856,188849
8856,210434
8856,224414
8856,225219
8856,236859
8856,237498
8856,299707
8856,302558
8856,319319
10495,779
10495,1543
10495,3436
10495,5440
10495,6733
10495,9663
10495,10624
10495,18425
10495,156159
10495,156162
10495,164246
10495,171493
10495,190830
10495,212737
10495,281585
10495,282537
10495,302556
10495,325824
10495,325840
5825,990
5825,65
5825,5306
5825,4083
5825,5570
5825,6876
5825,9848
5825,10226
5825,10673
5825,18020
5825,201171
5825,207317
5825,228415
5825,228416
5825,324429
5825,325762
5825,344457
9489,817
9489,4480
9489,1596
9489,9799
9489,13072
9489,168346
9489,179823
9489,182195
9489,187056
9489,207317
9489,232738
9489,283172
9489,324122
16885,642
16885,3149
16885,9672
16885,14552
16885,14985
16885,162917
76857,2564
76857,8044
76857,9713
76857,14673
76857,41589
76857,209063
76857,256122
8741,818
8741,11139
8741,1956
8741,3994
8741,4278
8741,11106
8741,4405
8741,4595
8741,7156
8741,9897
8741,9525
8741,10176
8741,10787
8741,11400
8741,11823
8741,13065
8741,14643
8741,14955
8741,159103
8741,160325
8741,161246
8741,163070
8741,165431
8741,169123
8741,170007
8741,199524
8741,207883
8741,208251
8741,208327
8741,212737
8741,232587
8741,235080
8741,237583
8741,281585
8741,281659
8741,292593
8741,293649
8741,325821
8741,325842
8741,341637
9276,2231
9276,6270
9276,1013
9276,2340
9276,9951
9276,10508
9276,14909
9276,14964
9276,15250
9276,15266
9276,157634
9276,158126
9276,171461
9276,191331
9276,220392
9276,242619
9276,283085
9276,296608
9822,3737
9822,690
9822,7404
9822,8723
9822,9714
9822,190026
9822,196425
9822,293178
39314,409
39314,690
39314,11431
39314,4049
39314,12999
39314,14759
39314,158040
39314,158041
39314,196425
39314,293178
10312,818
10312,428
10312,1228
10312,9672
10312,10323
10312,11612
10312,13005
10312,161043
10312,187677
10312,207999
10312,208788
10312,208992
10312,328926
9441,242
9441,6805
9441,15160
9441,15161
9441,15163
9441,15164
9441,15165
9441,15166
9422,6145
9422,5212
9422,3836
9422,8097
9422,10909
9422,49960
9422,222517
125582,4932
125582,787
125582,187056
24525,10181
24525,12396
10368,612
10368,1704
10368,697
10368,131
10368,4129
10368,1956
10368,5248
10368,8077
10368,8032
10368,156063
10368,207883
10368,214548
11365,378
11365,1862
11365,212
11365,4183
11365,5565
11365,8250
11365,10180
11365,10818
11365,10965
11365,14985
11365,158718
11365,166113
11365,192772
11365,207928
11365,236170
11365,258533
11365,305021
11365,316971
11365,328926
11365,340972
140897,291
140897,1224
140897,1556
140897,6593
140897,10714
31662,1415
31662,818
31662,1442
31662,2299
31662,3335
31662,6018
31662,6663
31662,7464
31662,10794
31662,11925
31662,300847
31662,324650
36136,642
36136,9826
36136,14964
36136,164296
1363,3365
1363,155291
1363,158606
1363,158607
1363,158615
46992,3658
46992,212
46992,6029
46992,380
46992,4048
46992,3536
46992,3457
46992,11157
46992,164532
46992,209077
46992,209223
46992,241738
825,612
825,596
825,740
825,1334
825,12670
825,14534
825,18035
22913,396
22913,6075
22913,9713
22913,10766
22913,10587
22913,209476
15556,12660
15556,209022
28902,1566
28902,818
28902,1252
28902,1930
28902,9826
28902,10714
14709,1415
14709,6075
14709,579
14709,1556
14709,2920
14709,8635
14709,191222
9423,1806
9423,2213
9423,4862
9423,156075
9423,156938
9423,188957
9423,323910
9423,340171
14443,6054
14443,3700
14443,1299
14443,4344
10658,9715
10658,9717
10658,175629
6917,3754
6917,4484
6917,2604
6917,10121
6917,15001
6917,18027
6917,156169
6917,156170
6917,156171
6917,156172
6917,156173
6917,156174
6917,156175
6917,156176
6917,156177
6917,156178
6917,206850
40729,6270
40729,1299
40729,970
40729,4720
40729,4129
40729,1946
40729,9663
40729,10776
40729,15001
40729,156174
40729,206850
40729,234113
40729,256183
40729,296532
40729,296608
24086,1646
24086,8044
24086,234305
24086,240958
11815,1706
11815,3822
11815,1436
11815,2766
11815,9410
11815,6719
11815,14760
11815,17997
11815,169909
11815,171826
11815,181304
11815,188769
11815,223059
11815,256658
11815,265172
11815,270327
11815,323684
9426,1299
9426,1706
9426,2766
9426,4227
9426,1852
9426,4375
9426,3335
9426,9714
9426,13031
9426,14760
9426,34136
9426,157661
9426,157701
9426,177281
9426,181304
9426,199524
9426,223059
9426,236999
9426,238332
9426,256658
9426,270327
9426,283085
9426,325775
9426,325785
9426,325818
9426,325825
10344,1299
10344,1706
10344,2766
10344,4375
10344,10292
10344,9663
10344,2456
10344,181304
10344,223059
15698,520
15698,1196
15698,444
15698,822
15698,1568
15698,3713
15698,1442
15698,3546
15698,6876
15698,8015
15698,11199
15698,10950
15698,14964
15698,57990
15698,167316
15698,188112
15698,213876
15698,217421
2620,417
2620,8440
2620,155790
2620,191199
30497,4580
30497,1420
30497,625
30497,1556
30497,11545
30497,11546
30497,11547
30497,12394
30497,14895
30497,18035
30497,33874
30497,41207
30497,199524
30497,200918
30497,278235
30497,325743
30497,325785
30497,326381
30497,342626
16337,422
16337,1224
16337,1873
16337,1556
16337,10123
16337,10292
16337,9663
16337,9748
16337,9826
16337,11181
16337,12339
16337,12394
16337,13063
16337,234025
16337,237176
16337,259376
16337,278235
16337,299732
16337,301312
25018,9663
25018,11545
25018,34079
16780,4426
16780,1556
16780,11545
16780,11546
16780,12090
16780,12394
16780,13006
16780,14895
16780,17973
16780,194884
12151,4480
12151,1336
12151,1930
12151,1808
12151,10123
12151,216966
25438,578
25438,2570
25438,3335
25438,5540
33278,516
33278,310
33278,818
33278,6506
33278,9748
33278,14544
33278,14811
33278,33457
33278,174244
33278,221226
33278,233133
33278,340171
274253,3134
274253,12425
274253,155180
274253,170335
274253,207928
192,818
192,295
192,186
192,344
192,345
192,351
192,352
192,11001
192,18129
192,34143
192,41406
192,161167
192,161257
192,161258
192,187316
192,195889
192,207046
192,207769
192,229826
192,237612
192,254676
192,263664
192,267526
192,362003
10945,591
10945,6104
10945,3278
10945,6376
10945,14617
10945,33705
10945,187056
10013,4379
10013,161213
10013,324429
10013,325824
9671,612
9671,242
9671,736
9671,549
9671,1463
9671,1552
9671,3185
9671,5159
9671,3593
9671,4728
9671,5641
9671,8723
9671,11860
9671,175428
9671,193760
9671,208662
9671,309974
9671,325815
9396,5657
9396,242
9396,3185
9396,4728
9396,175428
9396,179430
9396,208662
11038,378
11038,156120
11038,156121
12278,6278
12278,1308
12278,2463
12278,3616
12278,12670
11873,6075
11873,1356
11873,2348
11873,2276
11873,281585
11873,309426
18588,1326
18588,818
18588,1936
18588,2727
18588,9826
18588,12670
18588,207268
10015,1543
10015,1627
10015,2999
10015,3994
10015,11399
10015,15240
10015,18543
10015,162365
10015,185454
12715,1321
12715,1454
12715,779
12715,1530
12715,352
12715,3392
12715,4391
12715,6956
12715,10864
12715,10787
12715,13065
12715,15111
12715,15222
12715,18118
12715,18142
12715,156322
12715,156393
12715,167541
12715,175428
12715,188933
12715,208173
12715,209118
8388,1701
8388,534
8388,5331
8388,5616
8388,10705
8388,11931
8388,166527
8388,181028
45712,10562
45712,170089
45712,207746
45712,325784
45712,325807
6187,254
6187,2065
6187,3183
6187,2336
6187,3182
6187,3190
6187,7625
6187,187056
6187,258533
8129,6075
8129,3739
8129,892
8129,5621
8129,11061
8129,13042
1618,554
1618,1421
1618,1228
1618,992
1618,1674
1618,2635
1618,4610
1618,4313
1618,6128
1618,9823
1618,11800
1618,9824
1618,10232
1618,14964
1618,18001
1618,34004
1618,34079
1618,175357
1618,179751
1618,210608
1618,326020
10722,2389
10722,376
10722,744
10722,530
10722,903
10722,10123
10722,4252
10722,9887
10722,5540
10722,6410
10722,8685
10722,9826
10722,11019
10722,12332
10722,14999
10722,41380
10722,172391
10722,207317
10722,312898
10314,6270
10314,2679
10314,5801
10314,6733
10314,10049
10314,10275
10314,11411
10314,11870
10314,10583
10314,14602
10314,14809
10314,33910
10314,155939
10314,165100
10314,166229
10314,166233
10314,166250
10314,171556
10314,255219
10314,317608
10314,322903
10314,323091
10314,325147
125548,10582
125548,15274
125548,187056
11167,212
11167,5251
11167,6025
11167,1523
11167,5707
11167,10714
11167,11318
11167,12390
11167,33490
11167,33625
11167,156391
11167,167104
11167,178649
11167,187299
11167,208370
11167,213833
11167,232090
11167,233450
11167,244775
11167,266503
11167,273121
11167,319638
11167,346510
11167,351071
170187,1552
170187,180340
170187,183185
170187,187056
170187,281057
2112,612
2112,242
2112,549
2112,642
2112,818
2112,2671
2112,2095
2112,5332
2112,10594
2112,9748
2112,10291
2112,14964
2112,15009
2112,18522
2112,33456
2112,207268
2112,267608
2112,329148
16172,2081
16172,1946
16172,9673
16172,9970
16172,18293
16172,209102
111794,5565
111794,3979
111794,11800
9524,220
9524,2652
9524,4344
9524,5565
9524,10144
20595,1563
20595,1956
20595,33564
20595,33573
20595,33574
20595,33575
20595,33576
16306,818
16306,4565
16306,3801
16306,4862
16306,10158
16306,161919
16306,207569
16306,259073
11622,1533
11622,1815
11622,2321
11622,4917
11622,288816
11622,302772
11622,325762
11622,325765
11622,325814
10207,544
10207,1596
10207,3180
10207,3452
10207,5344
10207,155450
10207,229796
9849,9951
9849,10539
9849,11860
82865,187056
18892,6270
18892,931
18892,3030
18892,718
18892,10123
18892,4044
18892,3734
18892,5248
18892,9748
18892,10266
18892,10877
18892,13043
18892,15479
18892,18001
18892,34130
18892,162875
18892,170418
18892,171556
18892,196645
18892,197092
18892,197094
18892,221204
13466,1415
13466,818
13466,970
13466,3376
13466,5565
13466,6394
13466,8232
13466,8902
13466,10508
13466,167215
13466,208611
13466,209072
13466,233604
1542,3640
1542,828
1542,1226
1542,5812
1542,8201
1542,5720
1542,10532
1542,14522
1542,14671
1542,33471
1542,163072
1542,167499
1542,167506
1542,172415
1542,179431
1542,232700
1542,361521
43978,2438
43978,33673
43978,164092
43978,170361
43978,187056
15256,613
15256,14534
15256,168346
15256,187056
8224,242
8224,445
8224,1353
8224,697
8224,366
8224,1523
8224,5340
8224,2727
8224,3880
8224,6373
8224,6443
8224,11168
8224,12670
8224,155418
8224,156091
8224,158713
8224,254053
18417,1646
12479,1447
12479,1157
12479,818
12479,3836
12479,10729
12479,10818
12479,34094
15209,1523
15209,4516
15209,10048
15209,10226
15209,9986
15209,11001
15209,13088
15209,157303
15209,222174
26425,242
26425,90
26425,717
26425,1918
26425,5490
26425,5948
26425,10883
26425,48711
1847,1326
1847,236
1847,417
1847,6149
1847,977
1847,703
1847,5332
1847,3045
1847,4504
1847,4668
1847,5616
1847,7464
1847,9826
1847,12099
1847,12570
1847,12670
1847,15271
1847,164162
1847,185525
1847,207268
1847,207691
1847,233361
42113,159551
8913,818
8913,3739
8913,970
8913,1909
8913,2551
8913,3335
8913,3289
8913,6350
8913,6506
8913,9720
8913,9872
8913,12377
8913,18127
8913,157488
8913,157490
8913,157492
8913,157495
8913,157496
8913,162846
8913,171247
8913,173099
8913,187056
8913,197582
8913,208152
8913,211659
8913,251667
8913,256183
8913,325825
8913,325839
10906,240
10906,818
10906,970
10906,2735
10906,3289
10906,6506
10906,6669
10906,9720
10906,12377
10906,15162
10906,157488
10906,187056
25748,9712
25748,9663
25748,10093
25748,41002
25748,190061
25749,520
25749,6158
25749,5086
25749,9663
25749,10093
25749,11001
25749,33637
25749,41002
25749,178148
25749,190624
25749,231173
8769,8982
8769,11477
8769,18021
8769,163474
8769,169654
8769,205276
8769,209387
8769,259376
8769,263959
8769,325801
8769,325823
14742,242
14742,1667
14742,10326
14742,13059
15856,4062
15856,1811
15856,3170
15856,3358
15856,12660
15856,12999
15856,18315
15856,183750
15856,191434
15856,286008
10671,3800
10671,822
10671,818
10671,4210
10671,258
10671,3622
10671,3373
10671,4547
10671,9758
10671,156783
10671,189411
10671,190763
10671,200201
27932,720
27932,1157
27932,3800
27932,843
27932,822
27932,818
27932,953
27932,2080
27932,3203
27932,7464
27932,9663
27932,10168
27932,10807
27932,10809
27932,10810
27932,10811
27932,10812
27932,12670
27932,189411
7227,10084
7227,3800
7227,2080
7227,5918
7227,3203
7227,4245
7227,4410
7227,7890
7227,9663
7227,10184
7227,10617
7227,14785
7227,14789
7227,33626
7227,160062
7227,166531
7227,172594
7227,189411
7227,226153
10670,258
10670,1936
10670,1812
10670,5340
10670,5439
10670,10617
10670,13015
10670,155582
10670,156768
10670,160977
10670,167342
10670,202188
5919,10084
5919,720
5919,657
5919,582
5919,1418
5919,2736
5919,10349
5919,10617
5919,14601
5919,15249
5919,18029
5919,188960
5919,189411
5919,192094
5919,234619
5919,253686
33518,414
33518,2766
33518,3508
33518,3184
33518,9794
33518,13031
33518,13090
33518,14760
33518,41412
33518,41413
33518,41414
33518,41415
33518,164218
33518,208152
33518,223059
40160,242
40160,254
40160,1432
40160,5404
40160,10617
40160,12354
40160,14796
40160,15053
40160,161306
40160,162327
40160,173272
40160,181012
40160,189411
40160,267007
2362,2964
2362,803
2362,312
2362,1582
2362,2103
2362,6876
2362,10349
2362,10009
2362,158340
10803,818
10803,10685
10803,3822
10803,1373
10803,4565
10803,4458
10803,3469
10803,4585
10803,11239
10803,10718
10803,14544
10803,157263
10803,178712
10803,208085
871,1826
871,910
871,311
871,818
871,690
871,4565
871,2552
871,2831
871,4379
871,3801
871,11239
871,12332
871,14626
871,14759
871,207569
871,325774
871,325780
871,325792
871,325824
871,325834
871,343770
871,356489
1685,4565
1685,1852
1685,11239
1685,14626
1685,14759
1685,157963
1705,4565
1705,4458
1705,14759
1688,6092
1688,291
1688,4565
1688,2551
1688,5726
1688,14759
1687,1612
1687,4565
1687,2821
1687,4379
1687,6083
1687,9663
1687,4392
1687,157972
1687,157974
1687,158018
166680,10084
166680,1546
166680,1442
166680,2079
166680,3476
166680,9993
166680,10794
166680,18029
166680,40870
166680,157168
166680,159558
166680,162327
166680,162328
166680,189411
166680,195732
166680,207771
11123,657
11123,1545
11123,1418
11123,2301
11123,5096
11123,3521
11123,3528
11123,4530
11123,5387
11123,10656
11123,11711
11123,10617
11123,12670
11123,14601
11123,14735
11123,14796
11123,33457
11123,33699
11123,40869
11123,189411
11123,202188
11123,276354
29723,4210
29723,2534
29723,2080
29723,3203
29723,3497
29723,6163
29723,11488
29723,9878
29723,10812
29723,11930
29723,15246
29723,158675
29723,165914
29723,166531
29723,172594
29723,188953
29723,189411
29723,204938
29723,226157
29723,243854
31638,1321
31638,818
31638,955
31638,270
31638,1228
31638,1669
31638,5096
31638,11107
31638,4953
31638,9663
31638,10617
31638,155530
31638,181012
31638,189411
9535,242
9535,6220
9535,13027
9535,15106
9455,242
9455,314
9455,6149
9455,1788
9455,2987
9455,41383
796,622
796,2389
796,726
796,380
796,818
796,459
796,213
796,2045
796,625
796,1664
796,6139
796,2150
796,2887
796,3182
796,3452
796,3551
796,6782
796,9673
796,33841
796,157154
100,502
100,4523
100,567
100,1366
100,4262
100,7149
100,9897
100,9227
100,11488
100,10776
100,15394
100,15395
100,15396
100,18047
100,167542
100,207592
100,227944
100,227945
77936,254
77936,1523
77936,9673
77936,11722
77936,11933
77936,14534
77936,168812
77936,258533
84586,1326
84586,6054
84586,9627
84586,9748
84586,9766
84586,12670
84586,14639
84586,155939
84586,158718
84586,170827
84586,258533
30943,1930
30943,9824
7341,6270
7341,236
7341,657
7341,2884
7341,5086
7341,8181
7341,9663
7341,10508
7341,9826
7341,10266
7341,161320
7341,187056
10350,1721
10350,3203
10350,9882
10350,41645
10350,161176
10350,209073
11772,236
11772,1706
11772,818
11772,567
11772,6255
11772,3358
11772,10941
11772,12999
11772,13014
11772,15274
11772,17363
11772,33637
11772,161276
11772,325777
9540,910
9540,818
9540,428
9540,4426
9540,1523
9540,4227
9540,6373
9540,7375
9540,9826
9540,13059
9540,14964
9540,15016
9540,33809
9540,34094
9540,40244
9540,170521
9540,178649
9540,204353
9540,283085
9540,324429
31503,12377
31503,166511
31503,166512
31503,166513
11773,236
11773,818
11773,392
11773,970
11773,3725
11773,5331
11773,2086
11773,4637
11773,9844
11773,11265
11773,12999
11773,14601
11773,162365
11773,177201
11773,211744
30202,12999
30202,177201
22345,1009
22345,6257
22345,155644
22345,234456
53685,3230
53685,8631
53685,157187
53685,171183
53685,210608
53685,215193
53685,220628
1567,5600
1567,236
1567,3640
1567,1541
1567,1419
1567,627
1567,6711
1567,4452
1567,9748
1567,11547
1567,11935
1567,34142
1567,185880
1567,189933
1567,191045
1567,196188
1567,198673
1567,224663
1567,227240
1567,236472
1567,252134
1567,263591
1567,269530
1567,305034
1567,311525
1567,320650
1567,323107
1641,3800
1641,843
1641,9457
1641,9935
1641,13027
1641,14527
1641,34094
1641,187056
47288,3691
47288,4344
47288,10181
47288,13084
47288,154842
47288,165100
47288,209076
10212,387
10212,6092
10212,3713
10212,4268
10212,1442
10212,1792
10212,1964
10212,10123
10212,10292
10212,8752
10212,9454
10212,10349
10212,9826
10212,10794
10212,11663
10212,13065
10212,14895
10212,41410
10212,156104
10212,180480
10212,187056
10212,193167
10212,236140
10212,238134
10212,238135
10212,278235
10212,282150
10354,736
10354,2122
10354,2501
10354,3440
10354,3734
10354,40956
11526,378
11526,6029
11526,10685
11526,4344
11526,7067
11526,187056
8583,110
8583,344
8583,3258
8583,4178
8583,208244
123728,1755
123728,1956
123728,3307
123728,41329
123728,41410
123728,191726
123728,208914
123728,241930
123728,259094
123728,282633
123728,293336
16520,1530
16520,4129
16520,2569
16520,3344
16520,3432
16520,3998
16520,4344
16520,6751
16520,5722
16520,10181
16520,12541
16520,14768
16520,15016
16520,18015
16520,33414
16520,154841
16520,154842
16520,165364
16520,165369
16520,165372
16520,165381
16520,165388
16520,165397
16520,209076
16520,281585
16520,294348
16520,311315
16520,325761
16520,325762
16520,325774
16520,325782
16520,325788
16520,325824
16520,362298
16508,1691
16508,6054
16508,6305
16508,917
16508,6513
16508,5779
11374,7271
11374,3972
16379,1568
16379,2149
16379,11199
125123,9180
125123,9673
125123,9713
28029,1525
28029,596
28029,1326
28029,6447
28029,7422
28029,47023
28029,208992
28029,213450
603,312
603,779
603,780
603,1566
603,310
603,83
603,2157
603,1430
603,4563
603,1721
603,530
603,6256
603,490
603,4565
603,3074
603,3972
603,12190
603,186789
603,194063
603,212737
603,219404
603,221385
603,333813
603,357496
4951,6270
4951,9758
4951,10181
4951,10683
4951,11870
4951,53994
4951,160404
4951,165214
4951,165301
4951,179431
4951,188237
4951,218182
65749,733
65749,2683
65749,4344
65749,9673
8970,242
8970,2587
8970,3489
8970,9714
8970,159700
8970,209222
8970,310828
9840,6054
9840,732
9840,815
9840,5248
9840,177146
9840,215195
9840,228012
9840,237281
9840,257890
186705,187056
30950,212
30950,9468
30950,174491
30950,195988
70687,2964
70687,3183
70687,4379
70687,187056
11660,212
11660,642
11660,6844
11660,9727
11660,10333
11660,12999
11660,178649
11660,180413
11660,201125
11660,207268
11660,209792
11660,249204
11660,262522
9430,2231
9430,1941
9430,2334
9430,3221
9430,10683
9430,10776
9430,11733
9430,12670
9430,14570
9430,14964
9430,155939
9430,158718
9430,168811
9430,168812
9430,168867
9430,171366
9430,180635
9430,182266
9430,195648
9430,207317
9430,258533
9430,260365
11355,520
11355,6270
11355,918
11355,736
11355,2847
11355,1568
11355,5801
11355,5091
11355,9799
11355,9673
11355,9864
11355,10266
11355,12193
11355,33740
11355,176016
18764,10325
18764,14731
18764,14743
18764,15016
18764,191028
9465,1415
9465,236
9465,787
9465,2619
9465,6521
27455,11316
27455,11485
1414,2201
1414,236
1414,380
1414,2038
1414,1412
1414,699
1414,3203
1414,5475
1414,10901
1414,10855
1414,10794
1414,14534
1414,14728
1414,15160
1414,18035
1414,156597
1414,171486
49981,1326
49981,782
49981,549
49981,417
49981,703
49981,4373
49981,6083
49981,9840
49981,10229
49981,9826
49981,10085
49981,190370
49981,207268
6522,787
6522,7856
6522,10696
6522,15009
6522,15208
6522,195166
6522,202760
6522,214548
6522,251667
6522,325780
6522,325818
6522,325823
10209,458
10209,1463
10209,1975
10209,4320
10209,1629
10209,5923
25512,740
25512,164698
25512,313483
143299,1930
143299,208797
1902,1565
1902,2038
1902,128
1902,744
1902,2336
1902,3636
1902,5884
1902,9844
1902,9094
1902,12392
1902,13063
1902,15106
1902,156851
1902,157676
1902,170383
6396,3230
6396,4470
6396,11687
6396,10250
6396,10807
6396,11612
39964,1946
39964,10226
39964,15162
39964,189093
12596,822
12596,271
12596,4545
12596,5440
12596,9398
12596,158770
12596,229529
9451,1326
9451,6270
9451,931
9451,6078
9451,2598
9451,2669
9451,10123
9451,2016
9451,3734
9451,3687
9451,8201
9451,6324
9451,3692
9451,9932
9451,10508
9451,12095
9451,9986
9451,11011
9451,14782
9451,15134
9451,178452
9451,191008
1946,2157
1946,282
1946,4563
1946,3490
1946,3088
1946,4565
1946,5380
1946,244256
42230,690
42230,2804
42230,10506
42230,12354
42230,196425
42230,209893
42230,230848
42230,242244
42230,293178
139445,6078
139445,1228
139445,3356
139445,18011
139445,247484
139445,292986
74140,187056
1844,613
1844,212
1844,1448
1844,1568
1844,1437
1844,1418
1844,1936
1844,10051
1844,9727
1844,14669
1844,14789
1844,15009
1844,156031
1844,159468
1844,168346
1844,227432
6552,155619
6552,178253
6552,178256
6552,178259
6552,178261
6552,178265
6552,178269
6552,178271
24584,1862
24584,6270
24584,10181
24584,10683
24584,14905
24584,18425
24584,158718
24584,258533
213985,6089
213985,2301
213985,6593
213985,10594
213985,10629
213985,18035
213985,220315
25471,478
25471,9758
25471,217807
25471,229409
4154,5600
4154,2956
4154,549
4154,496
4154,3341
4154,4485
4154,209205
28519,212
28519,3012
28519,10181
28519,10909
28519,15108
28519,207984
28519,210184
3309,5600
3309,1326
3309,1157
3309,1946
3309,3577
3309,4021
3309,6044
3309,7208
3309,9807
3309,9826
3309,12999
3309,34145
3309,160159
3309,163758
3309,171826
3309,173297
3309,181109
3309,188843
3309,206310
3309,240315
18462,387
18462,4458
18462,4803
18462,10125
18462,10150
18462,12377
18462,177303
28941,3290
28941,6490
28941,8506
28941,14544
28941,15354
28941,155939
28941,157690
28941,186523
28941,190149
28941,226887
28941,340171
18252,3296
18252,4379
18252,4377
18252,12616
18252,33910
18252,162300
18252,165301
18252,205399
18252,231277
18252,234644
18252,255219
8592,779
8592,417
8592,1721
8592,3149
8592,853
8592,5340
8592,3289
8592,9717
8592,10291
8592,13116
8592,15009
8592,15167
8592,18522
8592,33556
8592,33699
8592,219404
8592,269233
564,1160
564,487
564,295
564,352
564,1499
564,1949
564,1965
564,2642
564,2904
564,2905
564,2906
564,2908
564,6956
564,9714
564,41586
564,156081
564,157458
564,157894
564,165301
564,207876
564,222993
564,259376
564,269233
564,314730
564,319397
564,325811
564,325812
564,362634
13852,240
13852,5657
13852,822
13852,3012
13852,6148
13852,3371
13852,18111
13852,178107
140519,41406
140519,187056
25232,5905
25232,1245
25232,14985
33194,570
33194,187056
33194,258936
10210,4320
10210,2710
10210,6044
10210,157904
10210,209192
53862,6270
53862,10266
17962,3800
17962,1158
17962,3124
17962,4116
17962,10938
17962,9995
17962,10809
17962,10937
17962,177185
17962,188290
17962,188291
17962,188293
17962,325769
9460,779
9460,797
9460,817
9460,295
9460,6149
9460,9715
9460,5964
9460,5572
9460,6220
9460,7002
9460,163074
9460,203423
9460,266013
9460,325837
4927,6270
4927,4569
4927,2494
4927,10683
4927,10180
4927,13088
4927,18425
4927,155582
4927,156930
4927,158718
4927,163037
4927,165100
4927,185018
4927,208289
4927,239239
4927,258533
4927,266303
4927,325824
122190,15061
1893,4270
1893,1399
1893,2063
1893,530
1893,2011
1893,4488
1893,6128
1893,161176
1893,259376
1893,325842
31342,817
31342,3452
31342,12541
31342,206716
44297,1233
44297,9673
44297,9890
44297,14743
95627,166631
8785,514
8785,8093
15849,2389
15849,1160
15849,9032
15849,2598
15849,2904
15849,3335
15849,4067
15849,5484
15849,7172
15849,6506
15849,10777
15849,10414
15849,10821
15849,12999
15849,13069
15849,41586
15849,156764
15849,178271
15849,207662
15849,224329
15849,234747
15849,234753
15849,238511
15849,325765
18990,7376
18990,2904
18990,4551
18990,9714
18990,9826
18990,10541
18990,155208
18990,156081
18990,157894
18990,179568
18990,184134
18990,234743
18990,235156
29242,1299
29242,2904
29242,3134
29242,4551
29242,9663
29242,9856
29242,9826
29242,12999
29242,14829
29242,155180
29242,234740
29242,234752
29242,234753
29243,1415
29243,1160
29243,2904
29243,4551
29243,9663
29243,9748
29243,12999
29243,15167
29243,156243
29243,207844
29243,234740
29243,234744
29243,234752
29243,234753
29243,234755
29243,234756
31498,1160
31498,1299
31498,2904
31498,7172
31498,9663
31498,9826
31498,10541
31498,12999
31498,41586
31498,156243
31498,195396
31498,234740
31498,234743
31498,234744
31498,234747
31498,234748
31498,234749
29239,7376
29239,1160
29239,1299
29239,1700
29239,2904
29239,9663
29239,9748
29239,9826
29239,156243
15660,516
15660,2393
15660,5565
15660,9740
15660,10909
15660,12396
15660,12545
15660,15061
15660,168196
15660,181109
15660,185927
15660,240315
15660,262826
15660,300433
1924,4270
1924,736
1924,83
1924,1308
1924,853
1924,9715
1924,3312
1924,9717
1924,14756
1924,15009
1924,15246
1924,33637
1924,34154
1924,156230
1924,158940
1924,179102
1924,179430
1924,193544
1924,211712
1924,255834
8536,242
8536,83
8536,334
8536,2858
8536,9715
8536,11254
8536,9717
8536,9663
8536,8653
8536,9673
8536,12612
8536,15009
8536,18118
8536,33637
8536,33974
8536,157384
8536,163074
8536,164889
8536,175644
8536,175656
8536,179102
8536,179431
8536,343275
8536,343276
8536,343277
9531,83
9531,9715
9531,3222
9531,3394
9531,3861
9531,9717
9531,9663
9531,12361
9531,33637
9531,174916
9531,179102
11411,83
11411,9715
11411,1262
11411,3312
11411,11428
11411,4595
11411,9663
11411,9181
11411,10124
11411,33637
11411,34125
11411,156080
11411,160381
11411,163396
11411,163398
11411,163403
11411,179102
138,1299
138,818
138,272
138,3133
138,3986
138,3335
138,3098
138,5155
138,10327
138,6932
138,10181
138,10482
138,12999
138,15208
138,156764
138,158142
138,193227
138,261274
30793,3133
30793,10125
30793,9663
30793,11155
30793,9826
30793,10124
30793,10770
30793,12564
30793,12999
30793,156835
30793,157943
3103,394
3103,3133
3103,4375
3103,10125
3103,9663
3103,7118
3103,11155
3103,9748
3103,12564
3103,12999
3103,157943
3103,189445
3103,210614
3103,258464
3103,261274
3035,657
3035,1299
3035,1706
3035,818
3035,3335
3035,10122
3035,10124
3035,10770
3035,12999
3035,156764
3035,157741
3035,160274
3035,171247
3035,209118
3035,210714
3035,218105
3035,238534
3035,258464
3035,346621
3077,3098
3077,9663
3077,9552
3077,9826
3077,12999
3077,14676
3077,18057
3077,174539
3077,175709
3077,193282
3077,238534
3077,239081
3077,240119
3077,243509
3077,258464
3074,9663
3074,12999
3074,203836
3074,210614
3074,227499
3074,235357
3074,237771
3074,238534
3074,258464
3076,1299
3076,394
3076,1227
3076,4550
3076,9663
3076,9862
3076,11155
3076,10124
3076,12564
3076,12999
3076,162715
3076,171247
3076,228001
3076,258464
3079,1706
3079,10326
3079,6317
3079,10125
3079,9714
3079,9748
3079,9826
3079,11181
3079,10122
3079,11581
3079,13031
3079,15032
3079,166862
3079,171826
3079,174413
3079,203836
3079,258464
3079,273293
32023,798
32023,1299
32023,970
32023,3133
32023,1227
32023,3392
32023,1909
32023,4375
32023,2968
32023,4551
32023,9826
32023,12999
32023,41380
32023,156174
32023,157185
13666,1209
13666,663
13666,394
13666,1994
13666,1366
13666,4375
13666,11855
13666,4550
13666,4257
13666,11060
13666,11851
13666,11155
13666,11853
13666,9767
13666,12564
13666,12999
13666,162714
13666,228001
13666,236836
13666,236837
13666,325791
29794,1299
29794,818
29794,1994
29794,272
29794,9663
29794,12564
9077,1415
9077,1299
9077,1706
9077,11100
9077,3888
9077,8379
9077,10124
9077,12999
9077,14760
9077,18034
9077,156525
9077,162335
9077,172658
9077,177275
9077,188688
9077,223059
9077,234761
9077,262778
9077,270317
9077,270318
9077,270319
9077,270320
9077,270321
9077,270322
9077,270323
9077,270324
9077,270325
9077,270327
9077,270328
9077,270329
36685,566
36685,578
36685,108
36685,1521
36685,272
36685,640
36685,2426
36685,3335
36685,3182
36685,3098
36685,5906
36685,4344
36685,10181
36685,12090
36685,155710
36685,157096
36685,164218
36685,281237
36685,324263
36685,356925
43391,3243
43391,5265
43391,470
43391,2106
43391,4289
43391,9738
43391,9880
30168,886
30168,2398
30168,11034
30168,33490
30168,210614
30168,333233
30168,346087
10785,3243
10785,818
10785,3203
10785,4713
10785,6417
10785,8721
10785,10349
10785,12999
10785,14909
10785,34154
10785,50009
10785,320130
19483,1612
19483,1415
19483,1859
19483,4862
19483,10221
19483,10222
19483,12999
19483,154842
19483,160274
19483,160879
19483,160910
19483,169977
19483,185440
19483,210235
19483,215861
19483,240621
19483,270332
19483,270333
19483,270334
19483,270335
19483,289308
8974,1280
8974,818
8974,4565
8974,2802
8974,5397
8974,6968
8974,9741
8974,10539
8974,11001
8974,12670
8974,14909
8974,191519
8974,200095
8974,259981
8974,262771
8974,262774
8974,262775
8974,262776
8974,262777
29959,1299
29959,339
29959,582
29959,1618
29959,4410
29959,7994
29959,10121
29959,14760
29959,185218
29959,201956
29959,223059
29959,239750
29959,239751
11549,1415
11549,818
11549,9951
11549,12999
11549,13005
11549,14781
11549,14909
11549,15106
11549,15250
11549,160274
11549,161891
11549,190621
11549,191331
11549,200054
11549,201456
11549,202760
11549,215861
11549,240429
11549,314730
11549,320130
11549,362297
18158,521
18158,3243
18158,4595
18158,10121
18158,14909
18158,191519
18158,206959
18158,210486
18158,229169
18158,236321
18158,238057
18158,239335
18158,239336
18158,239337
18158,239338
18158,239339
27625,9678
27625,1299
27625,5155
27625,9951
27625,13031
27625,14760
27625,162636
41516,333
41516,2858
41516,4720
41516,1963
41516,3521
41516,7330
41516,11005
41516,13031
41516,41586
41516,163531
41516,195394
41516,225468
17918,4551
17918,5451
17918,9717
37305,818
37305,3264
37305,9672
37305,12993
37305,12999
37305,156863
37305,208611
18784,339
18784,1956
18784,9525
18784,12999
18784,161246
18784,195862
509,1605
509,212
509,817
509,1253
509,2562
509,2560
509,4434
509,9799
509,5732
509,10232
509,13072
509,155939
509,157380
509,160404
509,162262
509,180787
509,184793
509,191260
509,196958
509,220314
509,238006
509,274951
509,284274
509,295959
509,305033
509,313508
509,318336
509,331552
509,337333
1090,310
1090,818
1090,4286
1090,4563
1090,4565
1090,2423
1090,9887
1090,3972
1090,9714
1090,12670
1090,33465
1090,175629
1090,181324
1090,205852
1090,207268
1090,210608
1090,214548
24858,6564
24858,12423
24858,13028
24858,212737
24858,325786
15059,157171
15059,197240
15059,208611
55912,1595
55912,9673
55912,9713
55912,40850
55912,187056
12117,378
12117,3664
12117,690
12117,6245
12117,9826
12117,10392
12117,10787
12117,11268
12117,161276
12117,191047
12117,251691
12117,251692
12117,251693
11779,701
11779,168186
41730,657
41730,6898
41730,258
41730,1653
41730,1812
41730,14913
41730,157775
41730,185227
41730,192705
41730,192706
41730,192707
41730,192708
84198,187056
100568,3230
100568,9844
100568,7464
100568,10683
100568,11827
100568,14837
100568,158718
100568,177695
100568,226774
100568,249204
100568,258533
100568,274025
13533,1566
13533,4432
13533,161176
817,803
817,911
817,591
817,1826
817,797
817,305
817,840
817,83
817,1280
817,339
817,1432
817,1568
817,402
817,470
817,1926
817,4379
817,4522
817,9755
817,179430
817,179431
817,325844
265966,7851
14283,4721
14283,2096
37135,1009
37135,409
37135,690
37135,2393
37135,6513
37135,3289
37135,5650
37135,7347
37135,9109
37135,11477
37135,10787
37135,11663
37135,13014
2275,570
2275,447
2275,818
2275,6078
2275,1849
2275,2993
2275,2495
2275,9665
2275,9826
2275,10085
2275,12365
2275,14780
2275,156512
2275,156883
2275,158713
2275,158787
2275,159952
2275,161251
2275,161982
2275,177185
2275,191110
2275,232828
2275,240303
2275,252190
2275,254921
2275,304017
2275,319638
2275,324075
2275,324077
2275,324078
2275,324079
2275,324080
2275,336899
24137,1936
24137,10181
24137,6127
24137,33847
24137,234999
24137,258791
10376,3799
10376,270
10376,4344
10376,4953
10376,5561
10376,14743
10376,41005
104,4776
104,220
104,10855
104,325811
15800,1740
15800,9818
15800,161176
15800,208663
15800,220266
9032,1338
9032,5569
9032,9797
9032,9798
9032,11475
9032,11336
9032,158189
9032,161298
9032,161868
9032,161944
9032,161958
13821,5656
13821,5657
13821,1563
13821,5301
13821,6259
13821,8622
9421,7851
9421,5090
9421,322268
55955,789
55955,9673
55955,11290
55955,266601
67067,2964
67067,4458
6488,1415
6488,3986
6488,5160
6488,9744
6488,13031
6488,158120
6488,158124
6488,158126
6488,158129
6488,217961
6488,221272
6488,223059
6488,232791
9473,6154
9473,4344
9473,9887
9473,6778
9473,11317
9473,8102
9473,8778
9473,10138
9473,15001
9473,158718
9473,161919
9473,179430
9473,269769
9473,323690
9473,327378
8487,1436
8487,9714
8487,10028
8487,155291
8487,160364
8487,163671
8487,163674
8487,171636
8487,176217
8487,188294
8487,190434
8487,219404
8487,222863
8487,273294
10279,1448
10279,700
10279,1228
10279,2340
10279,3010
10279,4470
10279,10714
10279,13088
10279,157912
10279,161307
10279,193844
10279,232076
125263,726
125263,1546
125263,9104
125263,227945
2767,378
2767,2490
2767,960
2767,90
2767,1552
2767,2407
2767,2679
2767,3450
2767,5386
2767,5771
2767,5836
2767,8127
2767,9840
2767,10794
2767,305033
2767,325782
2105,6139
2105,3687
2105,11254
2105,10683
2105,33910
2105,44447
2105,155722
2105,156777
2105,160140
2105,170827
2105,178649
2105,208445
2105,215404
2105,226226
2105,296608
1073,6092
1073,521
1073,258
1073,4183
1073,6078
1073,1992
1073,1812
1073,2340
1073,3616
1073,3301
1073,9826
1073,10226
1073,10410
1073,13015
1073,33705
1073,159419
1073,200883
1073,207268
1073,232675
10239,6054
10239,548
10239,4129
10239,2335
10239,5444
10239,6563
10239,7755
10239,11833
10208,9951
10208,11691
10208,251337
10208,303628
2667,616
2667,3754
2667,1890
2667,1969
2667,6152
2667,3593
2667,5774
2667,5729
2667,9853
2667,9713
2667,10349
2667,9955
2667,13073
2667,40931
2667,156075
2667,163053
2667,177185
2667,201456
2667,202760
2667,223620
2667,323809
2667,325763
2667,326598
2667,358013
48958,1436
48958,155881
345,242
345,549
345,818
345,459
345,2858
345,1441
345,1664
345,1817
345,2404
345,6038
345,2908
345,6158
345,10776
345,10410
345,10907
345,12545
345,13005
345,14794
345,14964
345,18118
345,33625
345,41404
345,41609
345,159937
345,178649
345,217104
345,217311
345,236520
345,258384
345,270331
345,271159
345,293649
345,315053
345,324429
345,325773
345,325778
345,329894
9825,798
9825,1889
9825,269
9825,3185
9825,5160
9825,4204
9825,4477
9825,9927
9825,11181
9825,11581
9825,13031
9825,14760
9825,158169
9825,158172
9825,158175
9825,158176
9825,158182
9825,162533
9825,188054
9825,195325
9825,223059
16158,387
16158,3230
16158,5609
16158,9856
16158,13027
16158,171817
16158,208289
16158,244479
16158,256015
16158,315310
16158,324429
16158,325761
16158,325814
16158,325832
16158,325840
16158,325845
133575,128
133575,740
133575,3725
133575,2348
133575,3183
133575,2727
133575,11722
133575,155761
133575,155870
133575,158718
133575,258533
620,242
620,6832
620,295
620,6152
620,11627
620,3090
620,3092
620,11096
620,5801
620,11100
620,10224
620,9410
620,9712
620,2035
620,12416
620,15043
620,33556
620,33637
620,33809
620,34136
620,161306
620,162846
620,164246
620,179431
620,225012
620,288025
620,319397
620,325765
620,325807
620,360808
2978,613
2978,242
2978,5918
2978,6152
2978,3093
2978,11627
2978,3092
2978,2035
2978,5484
2978,3977
2978,9964
2978,14768
2978,15043
2978,33386
2978,33519
2978,33556
2978,155851
2978,162632
2978,162846
2978,164246
2978,172320
2978,172327
2978,172339
2978,288025
2978,309974
2978,325765
10490,900
10490,970
10490,1419
10490,1360
10490,2784
10490,10123
10490,5496
10490,4345
10490,8201
10490,7293
10490,7717
10490,11800
10490,9826
10490,10225
10490,10960
10490,15235
10490,155624
10490,156322
10490,163699
10490,167309
10490,172383
10490,209701
11618,818
11618,5918
11618,2754
11618,3358
11618,10224
11618,3098
11618,4142
11618,4479
11618,5374
11618,33587
11618,154901
11618,155811
11618,156075
11618,167104
11618,169816
11618,172801
11618,172808
11618,172812
11618,172815
11618,172816
11618,172822
11618,314730
332,6149
332,703
332,9715
332,1683
332,5801
332,3289
332,9253
332,10244
332,14760
332,163074
332,281358
1812,1862
1812,242
1812,824
1812,1663
1812,1253
1812,2864
1812,6593
1812,13028
1812,158718
1812,165241
1812,168346
1812,258533
1812,265777
8914,2988
8914,13031
8914,14760
8914,15097
8914,158108
8914,163561
8914,223059
8914,238332
8914,248630
8914,321464
8914,325791
9824,420
9824,1562
9824,9715
9824,3465
9824,4613
9824,4924
9824,9717
9824,8642
9824,6100
9824,11931
9824,41376
9824,155490
9824,157677
9824,160130
9824,163074
9824,189115
9824,200646
9824,211712
9824,269233
4806,1415
4806,3713
4806,2796
4806,2679
4806,3455
4806,12193
4806,13027
4806,14534
4806,18093
4806,155457
4806,165601
4806,227902
4806,244479
4806,324429
33430,192153
247,1589
247,596
247,642
247,1157
247,417
247,5809
247,3149
247,1591
247,643
247,1587
247,10051
247,9016
247,9807
247,10856
247,12999
10056,242
10056,7439
10056,9807
10056,160488
967,1394
967,1405
967,1527
967,2831
967,3074
967,5049
967,12995
967,13006
967,14704
967,14906
967,187340
967,222185
802,612
802,894
802,2087
802,1415
802,7879
802,818
802,459
802,5767
802,1599
802,697
802,3746
802,4129
802,1486
802,1664
802,2086
802,2669
802,2913
802,3182
802,4125
802,4126
802,4127
802,3691
802,4130
802,14669
802,229706
3175,818
3175,395
3175,1806
3175,5330
3175,3998
3175,4100
3175,4649
3175,10329
3175,11061
3175,12965
3175,14985
3175,157788
3175,160279
3175,166531
3175,168418
3175,177997
3175,177998
3175,177999
3175,266753
147,90
147,4779
147,10683
147,12999
147,154881
147,165402
147,170268
147,170279
147,170286
147,170293
1628,596
1628,6054
1628,549
1628,931
1628,90
1628,818
1628,128
1628,4048
1628,6038
1628,9673
1628,155870
1628,177044
1628,210184
21185,9677
21185,9815
21185,10600
11120,439
11120,818
11120,6987
11120,6502
11120,6088
11120,9031
11120,7105
11120,18330
11120,192519
10136,188
10136,4720
10136,2438
10136,345
10136,2095
10136,2795
10136,4391
10136,4558
10136,11544
10136,15001
10136,156075
10136,156091
10136,177895
10136,217083
10136,241580
10136,344499
32060,5571
32060,10181
32060,10683
32060,11687
32060,41523
32060,165402
32060,191440
32060,214548
48686,3088
48259,380
48259,787
48259,10181
48259,5923
48259,10041
48259,9824
873,378
873,570
873,380
873,1416
873,531
873,409
873,2386
873,2393
873,2299
873,2320
873,3017
873,3344
873,33424
873,33841
873,200918
873,202371
873,232076
873,239797
873,251667
873,266753
873,319319
873,325766
873,325774
873,325780
873,325781
873,325789
873,325791
873,325823
873,325839
48660,1299
48660,1706
48660,6017
48660,1852
48660,10292
48660,10124
48660,13031
48660,14760
48660,157213
48660,239390
26789,2411
26789,3134
26789,9748
26789,9826
26789,7002
26789,207268
3934,3305
3934,2348
3934,3183
3934,3190
3934,33625
3934,258533
3934,358050
108312,520
108312,2072
108312,818
108312,2340
108312,41385
108312,207883
108312,221204
198469,2199
11416,10364
11416,836
11416,186
11416,10062
11416,5739
11416,10787
11416,10596
11416,12337
11416,18266
11416,160279
11416,179430
11416,189995
11416,215162
11416,219896
11416,265315
11416,269717
11416,319239
10776,3487
10776,5340
10776,2642
10776,2778
10776,2879
10776,5801
10776,3302
10776,3704
10776,3836
10776,4344
10776,10181
10776,6946
10776,8183
10776,10318
10776,9714
10776,9986
10776,11321
10776,11691
10776,13031
10776,14735
10776,14773
10776,33780
10776,34079
10776,41267
10776,155806
10776,157096
10776,165314
10776,165317
10776,165319
10776,165334
10776,210234
10776,324263
24452,2779
24452,2879
24452,10123
24452,3302
24452,8183
24452,12999
24452,155806
24452,157444
24452,188952
24452,210234
24452,309974
24452,325832
9710,1321
9710,1454
9710,380
9710,409
9710,483
9710,6956
9710,9663
9710,8577
9710,14906
9710,41586
9710,156091
9710,184134
9710,191439
31924,2583
31924,6350
31924,8440
31924,10877
31924,15237
31924,162275
31924,190940
30890,966
30890,1956
30890,4344
30890,5609
30890,10683
30890,9273
30890,11935
30890,158071
30890,207883
30890,217880
30890,362193
24081,2496
24081,10909
24081,155873
24081,207240
24081,207900
24081,212059
24081,214780
24081,239954
24081,239955
24081,248835
24081,300847
24081,318919
24081,318920
20242,591
20242,1508
20242,3278
20242,155750
39074,2672
39074,18147
39074,34094
39074,161982
39074,167925
39074,190076
39074,207268
39074,238361
66194,616
66194,1299
66194,3205
66194,1227
66194,2604
66194,9706
66194,11579
66194,12564
2115,578
2115,380
2115,970
2115,2357
2115,4344
2115,10163
2115,11933
23599,258
23599,1975
23599,13015
3526,2660
3526,769
3526,6255
3526,886
3526,2383
3526,5565
3526,9672
3526,7717
3526,10323
3526,11322
3526,12396
3526,12662
3526,160269
3526,160497
3526,171989
3526,179510
3526,189400
3526,208359
3526,228692
3526,240315
41166,10181
41166,9904
41166,191127
41166,207883
41166,208611
16406,840
16406,521
16406,833
16406,1228
16406,9376
16406,156072
16406,164000
16406,259376
10386,6054
10386,1415
10386,818
10386,1430
10386,2106
10386,3289
10386,9951
10386,10221
10386,10891
10386,178883
10386,205726
10386,208611
10386,240237
10386,325775
10386,325810
10386,325824
745,3737
745,516
745,276
745,1335
745,6155
745,5809
745,697
745,2246
745,2800
745,11627
745,9457
745,12565
745,13001
745,14768
745,15165
745,162846
745,208349
745,210530
745,251667
745,256908
745,311315
745,325769
745,329866
913,703
913,2598
913,3882
913,10051
913,9714
913,12547
913,14789
913,15076
913,155435
913,159520
913,159521
913,159529
913,159534
913,177066
913,234506
913,250043
913,260042
913,269635
913,330737
913,344687
913,344689
913,344690
912,4812
912,4480
912,930
912,3925
912,3607
912,4617
912,10051
912,14604
912,33626
912,159531
12229,1009
12229,818
12229,334
12229,388
12229,1941
12229,2334
12229,3090
12229,5498
12229,9701
12229,9649
12229,13042
12229,14964
12229,34094
12229,156866
12229,171366
12229,192345
12229,208580
67323,11315
67323,40865
67323,158718
67323,240119
67323,242689
91076,10965
91076,156273
89861,131
89861,8250
89861,14712
19457,417
19457,1552
19457,12347
19457,15009
19457,41523
19457,156121
11353,886
11353,6562
11353,10232
11353,12396
11353,12670
11353,33490
11353,320420
11353,325765
17707,378
17707,3434
17707,6876
17707,14964
17707,163119
17707,287249
9781,970
9781,1228
9781,5091
9781,14964
9781,18021
102489,90
102489,167193
102489,181313
18212,1862
18212,1329
18212,571
18212,1664
18212,9833
18212,33998
18212,158718
18212,160223
18212,187056
13817,3183
13817,9941
13817,14964
13817,158718
13817,187056
13817,258533
126996,187056
38715,177998
38715,313357
48781,6149
48781,6103
48781,9673
48781,167313
48781,207767
12185,1326
12185,6075
12185,6155
12185,579
12185,10181
12185,9714
12185,12670
12185,168930
12185,220529
12185,222551
29056,2343
29056,3098
29056,5147
29056,9755
29056,10821
29056,12965
29056,41011
29056,159871
29056,166484
29056,177912
29056,236458
26857,596
26857,1635
26857,5498
26857,4715
26857,10337
26857,12999
26857,13031
26857,162716
26857,239390
26857,242831
26857,248288
26857,256821
26857,259982
26857,274951
26857,282452
26857,286008
26857,297121
26857,297122
26857,297123
28501,514
28501,344
28501,6255
28501,6152
28501,3098
28501,7172
28501,9856
28501,15032
28501,33468
28501,41410
28501,191103
28501,215590
28501,235349
28501,235350
28501,237612
29030,818
29030,977
29030,155488
29030,156081
25319,2858
25319,5331
25319,3071
25319,3098
25319,3099
25319,9748
25319,9826
25319,10045
25319,14546
25319,41406
25319,160350
25319,161257
25319,161270
25319,188959
25319,190396
29074,977
29074,3986
29074,5484
29074,5640
29074,7172
29074,6563
29074,9706
29074,9826
29074,12377
29074,13092
29074,34094
29074,40879
29074,156040
29074,156081
24103,1299
24103,952
24103,1721
24103,2343
24103,824
24103,2466
24103,3098
24103,2135
24103,8201
24103,10594
24103,9826
24103,9991
24103,10414
24103,10920
24103,12564
24103,13092
24103,13112
24103,18171
24103,41395
24103,155881
24103,167476
24103,169606
24103,171636
24103,210458
24103,236458
24103,237978
10552,596
10552,1299
10552,977
10552,919
10552,2250
10552,9706
10552,10530
10552,11173
10552,208152
9267,1936
9267,6241
9267,11931
9267,12197
9267,156019
9267,156203
9267,161818
9267,161822
9267,161823
9267,161824
9267,161837
9267,161840
9267,236316
10766,520
10766,530
10766,1308
10766,4084
10766,9663
10766,8685
10766,156174
10766,166484
10766,171781
10768,520
10768,212
10768,1704
10768,4084
10768,8685
10768,15001
10768,154856
813,520
813,447
813,3800
813,843
813,745
813,953
813,567
813,2080
813,1749
813,1757
813,4544
813,3203
813,1279
813,4545
813,4547
813,2007
813,4548
813,9755
813,11931
813,10960
813,12670
813,15237
813,179430
813,189411
813,230453
813,236316
2665,1826
2665,305
2665,3801
2665,2439
2665,9663
2665,11931
2665,157251
2665,179430
2665,236316
9406,90
9406,8271
9406,12564
9406,13001
9406,178895
9406,202798
9406,211659
9406,322255
9406,325801
9406,325803
9406,325843
9406,325845
9406,325847
11418,212
11418,4630
11418,4325
11418,6876
11418,9935
11418,14724
11418,164889
11418,166113
11418,166129
11418,187056
11418,225012
11418,309974
11153,65
11153,6876
11153,5493
11153,7312
11153,10673
11153,14724
11153,33694
11153,155582
11153,158340
11153,179431
11153,287249
14170,1415
14170,818
14170,9253
14170,9821
14170,156799
2280,1480
2280,10683
2280,12392
2280,14522
2280,33721
2280,156597
2280,161307
2280,170710
2280,170711
2280,170715
2280,170718
2280,170722
2280,170726
2280,170728
2280,170729
2280,170731
2280,170737
2280,187056
2280,238565
2280,255338
11077,1336
11077,1930
11077,6783
11077,2468
11077,10123
11077,3650
11077,4725
11077,7208
11077,9253
11077,9061
11077,10714
11077,10835
11077,169850
11077,180523
11077,208349
11077,210608
28597,10123
28597,7208
28597,9253
28597,10835
28597,163699
28597,169850
28597,180523
28597,208349
28597,210608
39780,5656
39780,5657
39780,818
39780,395
39780,3065
39780,8095
39780,11411
39780,10911
39780,41185
39780,187056
39780,188478
39780,207928
39780,220315
39780,240172
10396,2231
10396,5167
10396,7439
10396,8015
10396,10291
10396,12392
10396,12670
10396,18026
10396,187224
10396,295959
10396,301432
9944,934
9944,1992
9944,3045
9944,8681
9944,254459
9944,311315
9944,314730
850,65
850,5609
850,11336
850,10794
850,160528
850,163714
850,170496
850,170499
850,207317
850,207883
850,327617
850,334740
850,344457
10154,242
10154,1459
10154,1812
10154,6220
10154,10391
10342,445
10342,6278
10342,970
10342,6069
10342,3501
10342,3687
10342,4666
10342,2866
10342,7972
10342,11870
10342,14708
10342,33610
10342,156777
10342,157583
10342,166262
10342,166267
10342,166268
10342,166280
10342,166287
10366,4286
10366,3222
10366,40850
10366,41414
9349,2956
9349,4188
9349,3820
9349,12193
9349,13065
15122,9817
15122,14791
15122,171757
15122,171758
15122,249749
10494,3658
10494,818
10494,2340
10494,6844
10494,6562
10494,10229
10494,10232
10494,11322
10494,12565
10494,41329
10494,41410
10494,156761
10494,161919
10494,202519
10494,208915
10494,210024
10494,266244
10494,272553
10494,288394
10494,308818
10494,314730
10494,315058
10494,325763
10494,325773
10494,325776
126152,12396
22314,6149
22314,1568
22314,9672
51679,5565
51679,13028
51679,258533
51679,259285
35813,1735
35813,5155
35813,12999
35813,14676
35813,15346
35813,161698
35813,190621
35813,193728
11037,10084
11037,6086
11037,3800
11037,1402
11037,970
11037,407
11037,2534
11037,2106
11037,1627
11037,3203
11037,3366
11037,10786
11037,10237
11037,13129
11037,18034
11037,33643
11037,158269
11037,158778
11037,162365
11037,212912
11037,249902
11955,536
11955,3800
11955,1815
11955,2106
11955,3203
11955,3366
11955,3779
11955,10786
11955,10237
11955,14601
11955,162365
11955,233360
2038,3737
2038,3800
2038,351
2038,1803
2038,3203
2038,3366
2038,10786
2038,10237
2038,14601
2038,158778
2038,162365
28737,1865
28737,1968
28737,3366
28737,4613
28737,10786
28737,10237
28737,10410
28737,13015
28737,162365
28737,180447
28737,212912
11963,591
11963,1438
11963,10410
11963,181230
11963,207317
11963,209817
11963,325818
53761,1307
53761,11085
53761,13097
53761,186919
53761,272204
9096,3664
9096,3126
9096,1279
9096,6135
9096,5968
9096,10163
9096,10787
9096,13005
9096,13072
9096,158025
9096,165301
9096,180443
9096,180550
9096,356629
91893,582
91893,470
91893,2908
91893,4190
91893,11088
91893,10864
91893,10600
91893,208278
91893,229796
113273,187056
103793,187056
1911,616
1911,10364
1911,818
1911,4152
1911,1975
1911,5331
1911,1964
1911,2673
1911,6094
1911,5475
1911,5895
1911,5894
1911,9758
1911,9725
1911,12995
1911,14665
1911,14946
1911,15001
1911,18543
1911,156234
1911,161257
1911,177895
1911,179101
1911,192913
1911,197582
1911,234213
1911,235499
2900,10364
2900,1157
2900,1432
2900,3725
2900,3801
2900,9951
2900,9882
2900,14626
17709,2398
17709,11687
17709,10244
17709,190760
17709,286227
37718,888
37718,9304
47144,992
47144,165364
104896,818
104896,1385
104896,7722
104896,15162
104896,158416
104896,207928
104896,208152
30964,11168
30964,155790
52366,1956
52366,5565
52366,9904
52366,207883
52366,221285
52366,246136
6373,212
14578,236
14578,6149
14578,738
14578,3616
14578,5713
14578,8039
14578,9856
14578,9673
14578,9748
14578,9864
14578,14964
14578,33740
14578,207819
40694,1862
40694,1532
40694,187056
4338,428
4338,9727
49184,393
49184,1228
49184,10683
49184,18068
49184,160329
49184,215493
49184,236275
49184,242689
10307,6150
10307,716
10307,2618
10307,6159
10307,8778
11601,1523
11601,1227
11601,2340
11601,2968
11601,3358
11601,3363
11601,6100
11601,9681
11601,9826
11601,10941
11601,14742
11601,162846
11601,180523
11601,184987
11601,227655
1075,380
1075,394
1075,970
1075,1158
1075,2449
1075,2203
1075,6156
1075,2069
1075,4671
1075,7386
1075,10508
1075,11061
1075,12392
1075,236316
1075,257755
1075,326606
1075,336966
1075,357780
47951,1721
47951,4931
47951,977
47951,2479
47951,3875
47951,7486
47951,10349
47951,15162
47951,208152
43832,3800
43832,3203
43832,6313
43832,18266
43832,33386
43832,156221
43832,191724
43832,269179
47697,1157
47697,4399
47697,10181
47697,9673
47697,9826
47697,10188
47697,10703
47697,169967
47697,171670
47697,178977
47697,204703
47697,215255
47697,332062
49792,6054
49792,258533
26522,1956
26522,3134
26522,11110
26522,10181
26522,7856
26522,9856
26522,9748
26522,10075
26522,34136
26522,173971
26522,207883
26522,227890
26522,323809
26522,325792
23761,641
23761,2292
23761,2293
23761,4636
23761,9786
23761,11157
23761,33605
23761,157008
23761,164218
23761,172618
23761,175413
23761,199524
23761,233450
23761,234025
23761,234116
23761,237857
23761,275384
23761,295061
23761,302099
23761,305666
23761,305726
23761,323449
23761,359231
24097,2884
24097,4924
24097,10482
24097,14781
24097,189921
42114,1299
42114,282
42114,6152
42114,5160
42114,9706
42114,9276
42114,9955
42114,10093
42114,10714
42114,14760
42114,14805
42114,15001
42114,222354
28295,818
28295,11798
28295,9826
28295,10226
28295,12339
28295,175514
28295,261759
28295,325665
12105,339
12105,3307
12105,4344
12105,6344
12105,9528
12105,33388
12105,33673
12105,180472
12105,181235
12105,254900
12105,256330
12105,259376
12105,309974
12105,320420
12105,325781
12105,325813
12105,325840
14,2918
14,596
14,1862
14,2201
14,2389
14,1332
14,970
14,965
14,1599
14,2920
14,10123
14,3259
14,8201
14,10041
14,10532
14,10683
14,9835
14,10061
14,10776
14,9957
14,14720
14,33611
14,34094
14,177259
14,178649
14,179173
14,180523
14,212737
14,229238
14,239239
14,244543
14,258533
14,295182
14,296608
14,311971
24128,6029
24128,18001
24128,156205
24128,156486
24128,189443
24128,192973
24128,325813
11001,642
11001,1384
11001,4668
11001,7477
11001,9727
11001,15090
11001,15321
10390,818
10390,6075
10390,3754
10390,1480
10390,4613
10390,14768
10390,155888
10390,159201
10390,178368
10390,185332
10390,185952
10390,197102
10390,243521
10390,260639
9453,588
9453,1405
9453,6165
9453,5049
9453,10235
9453,33841
9453,41410
9453,181659
9453,187305
9453,190370
9453,191970
9453,222185
9453,227758
9453,232938
9453,240620
9453,256490
9453,271487
9453,282903
9453,302130
9453,350360
9453,352054
704,704
704,1025
704,1463
704,1740
704,2562
704,4344
704,11800
704,9817
704,10232
704,11148
704,12999
704,14669
704,41133
704,155762
704,163865
704,164218
704,164224
704,164225
35122,3190
142132,4048
142132,12670
142132,187056
24153,578
24153,635
24153,5565
24153,5626
24153,5608
24153,10229
24153,12617
24153,156306
24153,156783
24153,208611
11797,3133
11797,4553
11797,9259
11797,155733
11797,164698
11797,240237
17887,242
17887,10181
17887,9673
17887,10909
17887,11937
17887,156578
17887,190073
17887,190283
10669,570
10669,818
10669,1261
10669,1790
10669,1942
10669,2820
10669,3593
10669,2495
10669,4707
10669,8158
10669,14559
10669,241987
10669,315583
11527,616
11527,596
11527,113
11527,128
11527,392
11527,2343
11527,530
11527,3002
11527,2035
11527,3098
11527,10629
11527,10466
11527,10982
11527,12380
11527,12965
11527,14643
11527,169613
11527,177128
11527,177912
11527,184663
11527,234213
42848,1416
42848,3018
42848,34094
40867,1382
40867,4112
40867,818
40867,2029
40867,4344
40867,10181
40867,156054
40867,174813
1049,1157
1049,3012
1049,1543
1049,529
1049,531
1049,1842
1049,1571
1049,4402
1049,2619
1049,2125
1049,2320
1049,3437
1049,5888
1049,6984
1049,9672
1049,11200
1049,13068
1049,33407
1049,187321
1049,212820
1049,226288
28032,616
28032,254
28032,4129
28032,2383
28032,2710
28032,6513
28032,4344
28032,14617
28032,159075
28032,172242
28032,177820
28032,179411
28032,192391
28032,195911
28032,204242
28032,210274
28032,267848
28032,323705
28032,323706
11326,596
11326,516
11326,1228
11326,1441
11326,1635
11326,1956
11326,4344
11326,8201
11326,5570
11326,10201
11326,10392
11326,10694
11326,155482
11326,155710
11326,158987
11326,159028
11326,161647
11326,164092
11326,170710
11326,172738
11326,172740
11326,172742
11326,177201
11326,194063
11326,199783
11326,207883
11326,208611
11326,208992
11326,213224
11326,214548
11326,229663
11326,248210
11326,259982
11326,264551
11326,281237
11326,302211
28377,3358
28377,3616
28377,8303
28377,10714
28377,12339
28377,162846
28377,171260
28377,188552
28377,188561
28377,192170
28377,207844
10975,1321
10975,2652
10975,3593
10975,4232
10975,6956
10975,18034
10974,1938
10974,409
10974,2096
10398,544
10398,3012
10398,2082
10398,2411
10398,2996
10398,4481
10398,5424
10398,8440
10398,8622
10398,12662
10398,33519
10398,155750
10398,156121
10398,179578
10398,180172
10398,190161
10398,193460
10398,197088
10398,200830
10398,206947
10398,207431
10398,207445
10398,207999
10398,224625
10398,236810
10398,237425
10398,252204
10398,295959
10398,305135
10398,305136
10398,309059
10398,336830
2290,818
2290,2444
2290,2436
2290,835
2290,3929
2290,1799
2290,1739
2290,1956
2290,2315
2290,2135
2290,13129
2290,15272
2290,179521
2290,189422
2290,193696
2290,215015
2290,226415
2290,251822
2290,261284
2290,270615
2290,282638
2290,336782
2290,340230
2290,341705
2290,343969
62994,14602
62994,14720
62994,15106
62994,15162
62994,169993
62994,196003
60994,1003
60994,10041
60994,14669
60994,164754
60994,171493
60994,181109
60994,187056
16112,3700
16112,4344
16112,6300
16112,11691
16112,209703
16112,273817
16112,288332
16112,303628
14429,6270
14429,10266
14429,163933
15198,6075
15198,6483
15198,9880
15198,161643
15198,162904
15198,169977
15198,178977
15198,207937
15198,226774
15198,239302
15198,325761
15198,325762
15198,325765
6415,10084
6415,1321
6415,2952
6415,3570
6415,5939
6415,11088
6415,8651
6415,10131
6415,13065
6415,33564
6415,159859
6415,168818
6415,168835
6415,168839
6415,256330
6415,259376
6415,320420
6415,325765
6415,325769
6415,325775
6415,325791
6415,325840
24066,1415
24066,1556
24066,3202
24066,4373
24066,5496
24066,10325
24066,7118
24066,9727
24066,11524
24066,11860
24066,155751
24066,169977
24066,184426
24066,194022
24066,249749
24066,258533
21430,2964
21430,6257
21430,12190
21430,156866
21430,162706
21430,188950
10381,642
10381,8250
10381,9727
10381,9748
10381,11514
10381,15060
10381,160279
26338,910
26338,2039
26338,4426
26338,3725
26338,11510
26338,164698
26338,187056
26338,197758
26338,207807
26338,208781
26338,213286
26338,226325
26338,232091
60285,10786
60285,15225
60285,163188
60285,179585
60285,186391
5622,3799
5622,2799
5622,3735
10349,242
10349,798
10349,818
10349,879
10349,1936
10349,3125
10349,8802
10349,9181
10349,9826
10349,9927
10349,10818
10349,12449
10349,18035
10349,33637
10349,166512
10349,183515
42518,7376
42518,818
42518,3071
42518,4344
42518,9932
42518,9725
42518,159075
42518,189099
42518,197349
42518,210230
42518,244886
42518,294252
29787,1706
29787,818
29787,5859
29787,9748
29787,14837
29787,15149
29787,162735
29787,209152
29787,211000
29787,238332
9638,3739
9638,1909
9638,12434
9638,156075
9638,156185
9638,157481
9638,162332
9638,162333
9638,162334
9638,223375
10576,6259
10576,6255
10576,2669
10576,9663
10576,9748
10576,9826
10576,41329
10576,180172
10576,180340
10576,240237
10576,325761
12662,894
12662,549
12662,222
12662,745
12662,6259
12662,10292
12662,9663
12662,9826
12662,12090
12662,12339
12662,13092
12662,41329
61369,549
61369,6898
61369,440
61369,2217
61369,4875
61369,9714
61369,11823
61369,18070
61369,156043
61369,156764
61369,156866
61369,158780
61369,161167
61369,168857
61369,170310
61369,176776
61369,180233
61369,187261
61369,188618
61369,233544
61369,234192
61369,235496
61369,239677
61369,319391
61369,339134
11712,233
11712,1462
11712,417
11712,1530
11712,6211
11712,12999
11712,186753
11712,190446
11712,198754
11712,312229
12618,1326
12618,6083
12618,12617
12618,34079
12618,175421
12618,188127
12618,208397
226,1415
226,570
226,1284
226,9672
226,9840
226,9673
226,9713
226,9826
226,18047
226,160335
226,187056
226,191008
226,194530
226,205733
226,208799
226,210039
226,210608
226,315263
288772,187056
55107,818
69851,1326
69851,514
69851,818
69851,4412
69851,161043
69851,220195
69851,220196
10388,378
10388,5600
10388,3398
10388,5340
10388,4702
10388,4746
10388,6203
10388,9748
10388,41158
10388,156121
10388,157892
10388,166571
10388,195648
10388,200574
10388,207268
10388,208992
17198,7879
17198,10333
44857,1646
9346,520
9346,6270
9346,1411
9346,10683
9346,13059
9346,259376
861,848
861,839
861,818
861,560
861,836
861,1475
861,769
861,4565
861,9990
861,1852
861,3249
861,3801
861,3388
861,3469
861,3864
861,4289
861,9685
861,12190
861,14946
861,187008
861,187019
861,187046
861,219404
861,238719
861,298933
861,339104
14412,378
14412,1326
14412,1196
14412,919
14412,9016
14412,9826
14412,155448
14412,207268
14412,207767
14412,221227
9377,520
9377,6270
9377,4097
9377,10683
9377,9728
9377,11687
9377,11870
9377,18020
9377,169498
9377,170268
9377,179430
9377,179431
9377,185311
9377,197702
9377,208289
9377,276775
9377,296608
9377,325840
9377,325849
11541,393
11541,604
11541,6025
11541,917
11541,4123
11541,7348
11541,13072
11541,156645
11541,208188
11541,208992
11541,226610
2457,4661
2457,5879
2457,6932
2457,9673
2457,9727
2457,9826
2457,10897
2457,12999
2457,14783
2457,160488
11901,75
11901,797
11901,9503
11901,163674
11901,246238
11901,283874
11901,343884
4929,378
4929,2122
4929,934
4929,4129
4929,769
4929,1502
4929,2493
4929,9656
4929,33407
4929,155859
4929,157136
4929,169962
4929,271331
4929,290707
85325,1415
85325,2135
85325,6977
85325,155497
85325,155498
85325,191008
85325,221361
11230,779
11230,780
11230,1482
11230,1796
11230,6464
11230,9992
11230,33401
11230,190992
11230,304040
11230,309974
11230,325765
8416,90
8416,2708
8416,131
8416,1755
8416,5707
8416,8077
8416,14548
8416,173645
8416,231020
11054,258
11054,2672
11054,4098
11054,9799
11054,6984
11054,6713
11054,10131
11054,12096
11054,12425
11054,15299
11054,162753
11054,163129
11054,165567
11054,165576
11054,165583
11054,171636
11054,173242
11054,188086
11054,208728
11054,208992
11054,232488
11054,236336
851,1326
851,455
851,1157
851,2398
851,6038
851,3451
851,4263
851,12999
851,13005
851,14720
851,156924
851,171826
851,179367
851,188720
851,189931
851,192394
851,215015
851,239081
24453,818
24453,486
24453,6223
24453,3431
24453,9714
24453,10419
24453,11007
24453,34061
24453,41592
24453,156037
24453,182649
24453,195265
24453,207876
24453,215195
24453,220025
24453,224312
24453,241873
24453,348057
24453,352435
18254,1157
18254,2504
18254,5299
18254,5565
18254,9672
18254,14522
18254,15061
18254,158620
18254,173643
18254,190283
18254,192417
18254,207876
18254,210184
18254,211362
18254,225037
18254,233973
18254,247508
18254,256640
56235,2957
56235,2956
56235,1968
56235,10168
56235,10772
56235,187056
20123,394
20123,11627
20123,5086
20123,236316
20123,269808
16642,520
16642,4932
16642,1157
16642,128
16642,1556
16642,6038
16642,4511
16642,9673
16642,12987
16642,14514
16642,154846
16642,178977
16642,190061
16642,267876
16642,325763
2593,90
2593,4232
2593,7464
2593,9957
2593,11716
2593,230023
42020,1691
42020,9075
42020,9673
42020,249692
3086,5600
3086,3799
3086,1585
3086,395
3086,1757
3086,4373
3086,9799
3086,9758
3086,10453
3086,10594
3086,9748
3086,10329
3086,12096
3086,12999
3086,15396
3086,155457
3086,157286
16305,960
16305,886
16305,3864
16305,10325
16305,5571
16305,9890
16305,10717
16305,11469
16305,12999
16305,15291
16305,155457
16305,155809
16305,167043
16305,186189
16305,203826
16305,235736
16305,256087
32255,1196
32255,822
32255,6038
32255,9673
32255,10594
32255,13008
32255,15160
32255,155457
32255,221044
32255,324123
48797,6255
48797,4924
48797,5086
48797,10323
48797,12565
48797,159313
19997,1326
19997,1157
19997,389
19997,2676
19997,2801
19997,6298
19997,10326
19997,6662
19997,8653
19997,5739
19997,9807
19997,9826
19997,10424
19997,13073
19997,15290
19997,167942
19997,175316
19997,193924
19997,230960
3767,931
3767,585
3767,2060
3767,2334
3767,2900
3767,4988
3767,6949
3767,9807
3767,10596
3767,34094
17352,1956
17352,3136
17352,4344
17352,4410
17352,10181
17352,10131
17352,11612
17352,11823
17352,15249
17352,41600
17352,157524
17352,163178
17352,165064
17352,165073
17352,165076
17352,165086
535,246
535,1691
535,6735
2731,2956
2731,393
2731,2038
2731,970
2731,1628
2731,2393
2731,2692
2731,3136
2731,4115
2731,4119
2731,6610
2731,7983
2731,34094
2731,167234
2731,184233
2731,187196
2731,187505
2731,207883
2731,208611
2731,214548
2731,228163
2731,240342
2731,252314
2731,253099
2731,278247
2731,282074
2731,286985
2731,297585
2731,316311
2731,319676
2731,320277
2731,320537
2731,329390
2731,329412
1654,10364
1654,818
1654,2652
1654,3269
1654,1956
1654,3098
1654,4709
1654,4613
1654,4595
1654,5572
1654,10950
1654,12993
1654,13065
1654,14601
1654,15248
1654,158778
1654,161249
1654,361867
31043,1488
31043,5340
31043,8338
31043,9826
31043,12670
31043,14964
31043,207268
14831,3307
14831,4344
14831,6158
14831,8201
14831,10125
658,3800
658,818
658,392
658,3272
658,2702
658,3271
658,3275
658,3286
658,3287
658,3288
658,3290
658,3291
658,3293
658,14555
658,156095
658,179431
658,314730
658,325811
657,782
657,212
657,441
657,818
657,110
657,392
657,394
657,3269
657,470
657,3272
657,3271
657,3289
657,3278
657,3279
657,3281
657,3282
657,3284
657,179431
657,324713
657,325811
646,911
646,212
646,1826
646,1317
646,441
646,585
646,818
646,392
646,3269
646,470
646,3272
646,3266
646,2051
646,3268
646,3270
646,3271
646,3275
646,3289
646,4289
646,18268
646,167861
646,319397
646,325811
5689,566
5689,2580
5689,4232
5689,4663
5689,9743
5689,10792
5689,11823
5689,155746
5689,157524
5689,179578
5689,281659
5689,315323
5689,319319
391,75
391,818
391,6062
391,5332
391,2987
391,9714
391,9826
391,10176
391,156212
391,238066
391,293751
391,319922
391,342829
391,362404
8052,549
8052,585
8052,1332
8052,395
8052,5305
8052,1936
8052,3230
8052,7188
8052,14570
772,242
772,1437
772,65
772,10235
772,9663
772,9253
772,9736
772,14903
772,18035
772,162936
772,169826
772,169850
772,200234
772,202371
772,207317
772,230570
772,239584
772,323809
65448,378
65448,209476
65448,240240
65448,258533
31650,242
31650,703
31650,6038
31650,9826
31650,156037
73575,10084
73575,4932
73575,1930
73575,13014
73575,154802
73575,211636
73575,230570
73575,231144
73575,246184
302579,10322
302579,12425
302579,18035
302579,187056
550,851
550,3927
550,818
550,1541
550,1721
550,825
550,4565
550,4142
550,9181
550,11687
550,156761
550,179173
550,212803
550,260426
97537,4434
97537,156160
97537,157096
97537,158718
97537,186379
97537,208611
97537,236521
12220,1157
12220,2038
12220,5767
12220,2726
12220,3371
12220,5625
12220,163221
12220,171848
12220,215334
1610,212
1610,6075
1610,5625
1610,6921
1610,10508
1610,13042
1610,13043
53151,516
53151,1228
53151,1517
53151,2299
53151,10738
53151,7464
53151,10683
53151,10594
53151,9888
53151,11061
53151,14604
53151,165402
53151,193522
53151,222049
53151,235554
53151,242689
42881,222
42881,2299
42881,10041
42881,14809
42881,17986
42881,34136
42881,41329
42881,157168
42881,240485
42881,251667
42881,261264
42881,282261
42881,315002
42881,325801
42881,325853
29064,10870
29064,3036
29064,10867
29064,339537
404,380
404,787
404,2024
404,2026
404,2029
404,5565
404,9672
404,7312
404,10235
404,18035
404,189092
404,218099
404,243959
404,255668
404,321617
42196,952
42196,718
42196,1468
42196,9826
42196,68838
42196,157701
42196,177201
42196,266753
42196,272794
42196,315053
42196,325817
42196,325839
36819,1454
36819,604
36819,4931
36819,2343
36819,1969
36819,4388
36819,4379
36819,4147
36819,11117
36819,8201
36819,4381
36819,4392
36819,10166
36819,11728
36819,10028
36819,156191
36819,157955
36819,162861
36819,189099
36819,189111
36819,241980
42726,254
42726,6271
42726,4129
42726,9840
42726,9856
42726,9673
42726,13072
42726,14725
42726,33476
42726,177973
42726,179213
42726,208992
42726,311525
9343,5967
9343,3136
9343,3734
9343,5968
9343,11073
9343,18266
9343,156034
9343,158244
9343,207928
9343,208067
9343,208576
9343,217120
9343,224337
9343,233153
9343,239845
9343,250380
9343,280884
9343,320090
16858,886
16858,837
16858,4345
16858,9732
16858,15160
16858,156028
16858,156507
16858,157959
16858,165399
16858,165402
16858,165407
16858,165419
16858,165420
16858,165423
16858,222047
42006,818
42006,11004
42006,195900
42006,207883
42006,248509
42006,268120
11562,596
11562,242
11562,782
11562,1992
11562,2102
11562,9826
11562,11869
11562,13005
11562,166571
11562,174109
10496,2766
10496,1556
10496,5155
10496,5387
10496,10563
10496,176256
10496,176262
10496,176266
10496,241309
10496,251926
10496,287153
16162,5625
16162,10818
16162,18093
16162,155939
16162,179431
16162,225984
16162,246126
16162,258384
16162,273060
16162,275599
16162,295959
16162,318249
16162,324429
16162,325781
16162,325835
8649,3737
8649,242
8649,732
8649,818
8649,1546
8649,1803
8649,1759
8649,3298
8649,6795
8649,7464
8649,7312
8649,10508
8649,11612
8649,14964
8649,33625
8649,206662
10563,1691
10563,4480
10563,5265
10563,2301
10563,2679
10563,2683
10563,6281
10563,9758
10563,14720
10563,188843
10563,249749
14484,570
14484,567
14484,3221
14484,199274
214735,128
94857,5571
15247,392
15247,5265
15247,470
15247,2106
15247,15267
15247,155762
15247,156598
29251,9571
29251,14735
5548,1706
5548,679
5548,853
5548,4565
5548,10891
5548,11738
5548,12190
5548,18021
5548,163081
5548,163082
5548,187293
5548,188970
5549,6149
5549,679
5549,9663
5549,12190
5549,14544
5549,14964
5549,15090
856,725
856,818
856,769
856,886
856,6139
856,2619
856,6513
856,3289
856,4280
856,4232
856,12570
856,12670
856,155790
856,162262
856,181140
856,207268
856,207883
856,209220
856,261264
856,325782
856,329894
38772,387
38772,5303
38772,1197
38772,3725
38772,5876
38772,4325
38772,6593
38772,7312
38772,3688
38772,13027
38772,14570
38772,15160
38772,33519
38772,41351
699,658
699,782
699,212
699,6212
699,339
699,1568
699,392
699,3269
699,2070
699,3272
699,2149
699,1262
699,3278
699,3343
699,3476
699,3478
699,3481
699,10671
699,14735
699,41592
699,156095
699,159558
699,276605
709,1196
709,417
709,3800
709,2019
709,2149
709,1308
709,3435
709,3543
709,3545
709,3546
709,3547
709,156095
709,306278
253,242
253,212
253,798
253,851
253,818
253,3391
253,258
253,392
253,3269
253,470
253,1422
253,3272
253,2591
253,3266
253,2149
253,3392
253,3393
253,2671
253,1308
253,3185
253,168192
253,179430
13511,1299
13511,14985
660,658
660,1196
660,90
660,470
660,2533
660,3345
660,3179
660,3271
660,3312
660,3343
660,4289
660,10503
660,14618
660,15097
660,155334
660,156095
660,210233
46798,242
46798,2356
46798,1900
46798,9706
11377,2574
11377,9714
11377,179430
11377,309974
26149,4721
26149,2176
26149,5565
26149,9672
26149,8608
26149,154842
26149,189920
492,616
492,566
492,30
492,7879
492,108
492,1284
492,2117
492,2547
492,2551
492,2552
492,2553
492,2585
492,2586
492,2589
492,200234
108346,14794
108346,160780
98480,242
98480,918
98480,12999
98480,155457
128,6054
128,2763
128,1994
128,1721
128,5276
128,5277
128,3341
128,5650
128,11181
128,11004
128,12995
128,13153
128,15001
128,18330
128,156388
128,161919
128,180549
128,210024
128,243267
128,293198
128,322942
46286,331
46286,13027
46286,162724
8672,1291
8672,233083
8672,235736
8672,269678
8672,345473
8672,345868
8056,2652
8056,1631
8056,1739
8056,5331
8056,2428
8056,2315
8056,3023
8056,5090
8056,13008
8056,200234
8056,254167
2020,582
2020,1338
2020,9714
2020,10911
2020,13027
9481,242
9481,444
9481,818
9481,6259
9481,1749
9481,4479
9481,6281
9481,10714
9481,10818
9481,11727
9481,155716
9481,156022
9481,180668
9481,184343
9481,186416
9481,233431
9481,245209
9481,254921
9481,269268
9481,273950
9481,311998
9481,325763
9481,325766
9481,325788
9481,325821
9481,326297
9481,335049
9481,343543
9481,343544
9008,918
9008,3664
9008,6078
9008,470
9008,917
9008,4434
9008,6357
9008,8231
9008,11208
9008,12193
9008,209799
9008,219681
9008,222517
9008,254459
9008,292593
9008,314730
9008,363621
9008,363622
14242,240
14242,1523
14242,2024
14242,4552
14242,3734
16129,1329
16129,6104
16129,380
16129,970
16129,4630
16129,4227
16129,10123
16129,8201
16129,10150
16129,9945
16129,12332
16129,34161
16129,157799
16129,207317
16129,325853
11489,900
11489,1495
11489,1952
11489,1690
11489,12987
11489,15215
11489,15354
11489,33457
11489,156052
11489,185974
11489,190823
11489,211657
11489,215481
11489,229165
11489,240315
11489,257681
28145,246
28145,818
28145,10104
28145,5532
28145,7248
28145,18011
28145,155395
28145,156766
28145,163223
28145,200658
28145,206696
28145,209342
28145,211553
28145,216966
28145,224391
28145,227620
28145,230747
28145,248985
28145,251613
28145,252830
28145,287101
28145,319101
28145,319922
28145,338382
28145,339356
51371,1890
51371,2792
51371,10325
51371,154802
51371,159422
51371,166802
51371,209476
51371,234963
51371,245031
18111,1706
18111,10123
18111,5155
18111,10125
18111,9663
18111,9866
18111,10121
18111,10122
18111,10124
18111,13005
18111,13092
18111,15167
31361,992
31361,7312
31361,11332
31361,10508
31361,10873
11223,1680
11223,2449
11223,178895
11223,232076
11223,287884
11223,314730
11223,325776
16281,1299
16281,3335
16281,10292
16281,5404
16281,7172
16281,7325
16281,9717
16281,9706
16281,11321
16281,12377
16281,157351
16281,250593
16281,319397
16288,1889
16288,818
16288,10292
16288,6440
16288,9706
16288,9748
16288,9826
16288,10154
16288,11546
16288,12377
16288,250593
16288,259376
16288,320420
16288,325761
16288,325818
1694,1706
1694,6255
1694,2635
1694,4553
1694,10125
1694,11181
1694,10122
1694,10124
1694,11581
1694,11612
1694,12377
1694,18085
1694,34079
1694,155488
1694,156866
1694,157490
1694,157572
1694,174413
1694,187675
1694,187677
1694,287274
1694,325765
476,726
476,825
476,1228
476,1803
476,2375
476,1896
476,2653
476,2655
476,4232
476,12422
476,241860
476,270236
476,325824
476,325854
37094,703
37094,2732
37094,3015
37094,4948
37094,3612
37094,10726
37094,12670
37094,15160
37094,18047
37094,33424
37094,157701
37094,159930
37094,159931
37094,161728
37094,194287
37094,199524
37094,202371
37094,212737
37094,220815
37094,227588
37094,314730
37094,315053
37094,321464
37094,325766
37094,325815
13555,2546
13555,3473
13555,12339
13555,171376
13555,189921
13555,234583
961,3242
961,6092
961,1402
961,531
961,470
961,2687
961,3450
961,5721
961,10563
961,12999
961,13008
961,154802
961,158778
961,179585
73969,154802
73969,200662
24831,1357
24831,1706
24831,5767
24831,1261
24831,5160
24831,4595
24831,12193
24831,158045
24831,158291
24831,158292
24831,209662
64963,4129
64963,11734
85160,791
85160,9826
85160,11547
85160,12339
85160,17987
85160,192170
25560,10181
25560,11707
25560,208244
25560,240303
25560,241738
25560,282130
21610,6149
21610,1568
21610,3713
21610,1543
21610,9826
21610,10714
21610,13015
21610,207268
11878,233
11878,1462
11878,1400
11878,395
11878,1938
11878,3088
11878,12999
11878,14955
11878,18035
11878,34038
11878,155198
11878,186753
11878,188944
11878,190446
11878,198754
11878,207928
11878,232700
11878,238066
11878,254500
11878,291153
11878,293751
11878,342829
11510,578
11510,2626
11510,8001
11510,11931
11510,14999
11234,818
11234,4565
11234,4458
11234,10833
11234,14674
11234,169570
11234,188959
11234,188973
11234,234268
11234,303929
957,4270
957,803
957,1826
957,1280
957,1530
957,1400
957,2902
957,3801
957,4040
957,8201
957,4578
957,4579
957,4583
957,4585
957,4587
957,9755
957,11931
11886,1701
11886,6145
11886,2527
11886,6513
11886,3289
11886,4147
11886,5774
11886,11493
11886,11525
11886,9503
11886,10508
11886,9727
11886,10468
11886,259376
11886,324429
11886,324713
37853,3588
37853,1956
37853,9525
62204,657
62204,818
62204,2078
62204,4428
62204,10468
62204,10506
62204,158012
62204,158017
62204,159955
62204,191348
62204,232116
62204,319464
11040,818
11040,1721
11040,957
11040,3591
11040,10322
11040,13014
11040,183978
11040,207928
21849,5521
21849,10232
21849,12999
21849,181085
1621,613
1621,549
1621,276
1621,1307
1621,1441
1621,5626
1621,5628
1621,5642
1621,11411
1621,10631
1621,11860
1621,33626
1621,160478
1621,160483
1621,160488
1621,160497
1621,182625
1621,207317
1621,211295
1621,252123
1621,256330
1621,260365
1621,276775
1621,309974
1621,311315
1621,320420
1621,325765
1621,325800
1621,325812
14035,5767
14035,161132
14035,161133
14035,161135
14035,161136
14035,161137
14035,161143
14035,161145
14035,161147
40771,5767
40771,9663
40771,9951
40772,2389
40772,5767
40772,7344
40772,11254
40772,9663
40772,162846
40773,6075
40773,1890
40773,9663
11498,1453
11498,663
11498,3030
11498,582
11498,3363
11498,3874
11498,4663
11498,9840
11498,11168
11498,12565
11498,40952
11498,163129
11498,192471
11498,264333
11790,613
11790,392
11790,9824
11790,9713
11790,210026
11790,245045
11790,258533
29371,1862
29371,1421
29371,1420
29371,9799
29371,9833
29371,10131
29371,10809
29371,14514
29371,18425
29371,155939
29371,157303
29371,158718
29371,166148
29371,187056
29371,216558
29371,264386
276635,612
276635,828
276635,1960
276635,187224
47941,612
47941,782
47941,604
47941,1956
47941,12670
47941,33490
47941,160063
47941,188727
47941,214548
47941,229440
47941,248327
21349,1566
21349,163047
21349,240315
1832,290
1832,2024
1832,10123
1832,8201
1832,4636
1832,11001
1832,14765
1832,179430
1832,179431
10047,570
10047,254
10047,6078
10047,5919
10047,4063
10047,5565
10047,8701
10047,8698
10047,9786
10047,156525
10047,187316
10047,190855
10047,193801
10047,213097
10047,252783
10047,252785
10047,252786
10047,252787
10047,338914
10228,402
10228,3289
10228,9748
10228,11628
10228,41645
10228,162749
10228,165752
10228,169816
10228,191881
10228,198929
10228,210024
10228,222288
10228,244157
10228,322942
47692,14676
47692,210590
18561,242
18561,2122
18561,416
18561,1336
18561,1930
18561,1227
18561,7172
18561,10669
18561,14604
18561,15321
18561,157707
18561,236458
18561,241014
144953,12396
37426,291
37426,690
37426,2564
37426,10125
37426,10770
37426,196785
37426,240369
51787,212
51787,2504
51787,4289
51787,3637
51787,18117
51787,205971
51787,217282
51787,309391
51787,333546
11663,4729
11663,14985
11663,254106
11663,311916
11663,324349
11663,324350
13485,613
13485,246
13485,65
13485,837
13485,4344
13485,6981
13485,12990
13485,157337
13485,165643
13485,184816
13485,188708
13485,207317
13485,237498
13485,258426
9289,11139
9289,836
9289,5300
9289,1956
9289,4299
9289,9672
9289,9156
9289,12995
9289,12999
9289,13065
9289,311315
9289,325785
9264,236
9264,570
9264,2887
9264,5905
9264,4687
9264,9740
9264,10809
9264,14669
9264,15158
9264,159278
9264,187056
9264,207767
9264,229706
9264,238025
18222,2887
18222,9663
18222,9840
18222,18035
18222,190370
11165,233
11165,1668
11165,1956
11165,3365
11165,4410
11165,9525
11165,13065
11165,170007
11165,188727
11165,207883
11165,325830
4203,1326
4203,6054
4203,822
4203,744
4203,1252
4203,3725
4203,5248
4203,9253
4203,11322
4203,13015
4203,14534
4203,15274
4203,155816
4203,159315
4203,188342
4203,230479
4203,281237
4203,286239
4203,295902
4203,303983
24226,732
24226,6148
24226,1680
24226,2803
24226,11436
24226,10909
24226,33457
24226,33519
24226,155873
24226,170710
24226,214780
24226,245296
88875,186849
11379,2250
11379,2276
11379,6257
11379,3192
11379,4379
11379,3386
11379,14909
11379,288816
11379,324713
11379,325800
29154,6009
29154,2470
29154,9672
29154,10508
29154,7617
29154,41525
29154,164253
2039,2199
2039,1459
2039,1157
2039,700
2039,629
2039,4129
2039,6156
2039,4550
2039,5756
2039,5893
2039,7397
2039,6167
2039,10235
2039,14836
2039,15162
2039,34130
2039,41523
2039,155882
2039,163111
2039,189966
2039,196904
2039,207863
2039,211778
2039,223232
2039,238091
2039,238456
2039,242947
2039,278504
2039,283006
2039,283057
2039,286925
2039,320420
2039,324429
2039,325835
77915,7946
77915,9673
77915,10873
77915,209090
77915,209091
11943,818
11943,697
11943,2805
11943,10349
11943,10794
11943,3623
11943,207928
11943,208692
11943,275983
11943,286086
11481,212
11481,222
11481,447
11481,3298
11481,6432
11481,9957
11481,12999
11481,160059
2690,549
2690,90
2690,2038
2690,6149
2690,1667
2690,4750
20565,15061
20565,154866
27141,6270
27141,2315
27141,2672
27141,10683
27141,10144
27141,10131
27141,12425
27141,14793
27141,165402
27141,191440
27141,208611
10399,818
10399,1610
10399,187056
90762,4458
2668,1415
2668,10028
2668,15167
2668,40865
2668,156167
2668,178883
2668,207928
2668,208024
36643,10364
36643,10590
36643,14555
36643,41185
36643,41188
36643,156095
99,726
99,107
99,108
99,741
99,744
99,571
99,1421
99,3019
99,9713
99,158718
99,293016
159569,159948
159569,194292
77010,3133
77010,852
77010,3098
77010,157351
25898,65
25898,3205
25898,4344
25898,10181
25898,10059
25898,188072
25898,204242
25898,274333
25898,283251
9647,65
9647,7271
9647,162846
9647,179431
9647,186933
9647,207317
9647,344457
11787,3179
11787,10181
11787,7942
11787,11857
11787,12999
11787,15090
11787,15199
11787,41329
11787,155457
11787,169276
11787,240485
5156,588
5156,924
5156,3679
5156,3197
5156,11112
5156,5374
5156,9727
5156,12999
5156,33612
5156,33613
5156,156052
5156,158651
5156,208408
5156,252193
24276,2052
24276,9672
24276,8232
24276,10176
24276,12425
24276,18072
24276,33456
24276,156210
24276,164400
24276,164742
24276,190638
24276,207876
24276,208115
24276,214744
24276,222478
24276,235150
24276,250227
24276,280888
24276,287750
24276,292654
24276,318989
24276,319922
24276,333759
11953,233
11953,1462
11953,6092
11953,2280
11953,4267
11953,14643
11953,160364
11953,161891
11953,186753
11953,190446
11953,194424
11953,197283
11953,198754
11953,208244
44662,233
44662,1462
44662,9748
44662,18100
44662,186753
44662,192772
44662,247632
29005,818
29005,1411
29005,10794
29005,155841
29005,156018
29005,164724
29005,185361
29005,217875
29005,236170
26371,1862
26371,7879
26371,818
26371,392
26371,1013
26371,3691
26371,10683
26371,11524
26371,158718
26371,178329
26371,236170
26371,238832
26371,258533
26371,281176
26371,281237
596,4932
596,387
596,818
596,592
596,1591
596,2493
596,5571
596,7312
596,9890
52470,1307
52470,155457
20334,1361
20334,7879
20334,725
20334,810
20334,1596
20334,5756
20334,7868
20334,9673
20334,12999
20334,14522
20334,172841
20334,177972
20334,186941
20334,189966
20334,207317
20334,324122
11393,417
11393,6075
11393,1480
11393,2013
11393,2276
11393,11436
11393,5561
11393,9016
11393,68838
11393,303565
31121,928
31121,2946
31121,12670
31121,163047
31121,170827
31121,208992
31121,325782
293,736
293,30
293,380
293,395
293,947
293,680
293,1495
293,1497
293,1499
293,165402
10998,242
10998,459
10998,5809
10998,1523
10998,2587
10998,4481
10998,2864
10998,6844
10998,10333
10998,10909
10998,18051
10998,34094
10998,159278
10998,189145
10998,219833
10998,239376
10998,305942
10998,305943
10998,305944
12235,6148
12235,2852
12235,3701
12235,9740
12235,10909
12235,33519
12235,34145
12235,41185
12235,161814
12235,207268
12235,338527
36094,4129
36094,2470
36094,7397
36094,9673
36094,18015
9013,7340
9013,7312
9013,15214
9013,168333
9013,168338
9013,168342
9013,168346
9013,168347
9013,168350
9013,168359
11005,732
11005,1706
11005,818
11005,3929
11005,2618
11005,9672
11005,11612
11005,40895
11005,187056
11005,191311
11005,208788
59820,242
59820,1956
59820,3691
59820,9673
59820,10188
59820,207883
2924,520
2924,10084
2924,657
2924,417
2924,380
2924,6259
2924,1438
2924,5340
2924,3883
2924,11363
2924,10715
2924,14601
2924,157892
2924,159319
2924,192094
2924,211659
2924,314730
177,960
177,6059
177,113
177,1335
177,697
177,2045
177,3600
177,3741
177,1660
177,1873
177,3446
177,3754
177,2796
177,3305
177,41329
177,284115
38557,1261
42087,4932
42087,2029
42087,2213
42087,154846
42087,169950
13681,4932
13681,1543
13681,529
13681,697
13681,1930
13681,4129
13681,1556
13681,2213
13681,5571
13681,6984
13681,12425
13681,12660
13681,214548
13681,229402
34760,236
34760,970
34760,1944
34760,3558
34760,4232
34760,10181
34760,187298
34760,240315
9946,613
9946,242
9946,3030
9946,6150
9946,186
9946,1499
9946,3036
9946,5545
9946,8440
9946,8778
9946,8685
9946,8686
9946,10093
9946,11612
9946,14601
9946,14765
9946,14999
9946,156593
9946,162810
9946,193897
9946,197056
9946,199978
9946,201456
9946,212737
9946,256183
9946,261264
9946,269233
9946,284330
9946,309974
9946,325812
9946,325819
863,6054
863,3800
863,2598
863,3246
863,3394
863,3289
863,4294
863,4295
863,9663
863,15214
863,18031
863,162726
863,175343
863,179431
863,187065
863,209386
863,209387
863,325784
31582,824
31582,2683
31582,11315
31582,8440
31582,9957
31582,157769
31582,267979
31582,267981
125520,3182
22267,393
22267,9713
22267,14745
22267,14748
22267,179585
55123,1768
55123,14768
55123,240315
5486,236
5486,2771
5486,6259
5486,1583
5486,2564
5486,10292
5486,9826
5486,10714
5486,12339
5486,13078
5486,14805
5486,157758
5486,162810
5486,189921
5486,233450
5486,262826
10411,4480
10411,5332
10411,13072
10411,159937
10411,320386
41462,534
41462,9807
41462,11546
41462,187056
1718,1721
1718,2831
1718,3419
1718,10085
1718,10176
1718,159952
1718,207401
1718,209070
1718,237964
1718,251639
1718,275787
1718,282114
15506,1525
15506,248
15506,4729
15506,12392
15506,187056
20024,1326
20024,212
20024,931
20024,258
20024,1523
20024,1956
20024,9840
20024,14765
20024,206081
20024,207883
78256,1326
78256,212
78256,818
78256,1956
78256,6001
78256,165086
78256,206081
78256,230960
13787,5657
13787,596
13787,931
13787,5159
13787,6158
13787,7856
13787,8616
13787,11001
13787,12400
13787,14636
13787,187056
13787,225944
54933,793
54933,325435
54933,354499
9684,242
9684,1416
9684,953
9684,1759
9684,1906
9684,3017
9684,156322
9684,356489
9684,356490
9586,736
9586,3836
9586,4663
9586,4671
9586,5628
9586,11514
9586,194261
9586,307805
41638,242
41638,158718
41638,258533
70801,6271
70801,13014
70801,154802
777,1563
777,254
777,548
777,10685
777,74
777,2504
777,1968
777,3156
777,11663
777,155697
777,157632
777,163853
777,169271
777,188512
777,200529
777,220650
777,231729
21887,6270
21887,387
21887,818
21887,4409
21887,6496
21887,10235
21887,11399
21887,162365
21887,208992
21887,240119
5652,4463
5652,162262
19664,658
19664,502
19664,1956
19664,9672
19664,14643
19664,160855
19664,207883
19664,208878
32331,6054
32331,236
32331,9673
76083,10084
76083,1454
76083,7347
76083,10787
76083,179991
32628,3339
32628,4428
32628,5049
32628,9706
32628,154802
32669,12670
32669,155790
32669,207268
18161,6029
31681,233
31681,1956
31681,3203
31681,3366
31681,6610
31681,9525
31681,10792
31681,11823
31681,12617
31681,14638
31681,170009
31681,234492
33666,387
33666,4129
33666,470
33666,192840
32274,242
32274,9704
32274,214548
10402,1357
10402,2269
10402,3248
10402,6095
10402,3473
10402,6876
10402,6739
10402,11722
10402,13059
10402,33625
10402,156731
10402,276775
10402,288816
10402,325782
497,791
497,2122
497,818
497,531
497,6259
497,2501
497,2881
497,6152
497,5571
497,9774
497,9890
497,11263
497,11523
497,13006
497,156597
497,167696
497,214548
497,239910
497,325786
497,325790
1715,818
1715,6783
1715,3725
1715,1803
1715,3170
1715,11330
1715,9927
1715,13014
1715,33841
1715,41352
1715,163853
1715,163859
1715,163860
1715,163864
1715,163870
1715,207883
1715,208591
1715,274767
42739,6625
42739,33841
42739,234680
26162,2800
26162,156764
25188,1415
25188,1605
25188,818
25188,1556
25188,3687
25188,11710
25188,11711
25188,11713
25188,164460
25188,208611
25188,210434
15515,2041
15515,2343
15515,4892
15515,7038
15515,10107
15515,10121
15515,12554
15515,161893
15515,162512
15515,190536
15515,197065
15515,236322
15515,239733
15515,239734
15515,239735
15515,239738
15515,239742
15515,252696
75888,736
75888,233
1439,5600
1439,2122
1439,393
1439,970
1439,2052
1439,3434
1439,3998
1439,5499
1439,9672
1439,10508
1439,9920
1439,14643
1439,197602
1439,207928
1439,209076
1439,252596
2277,803
2277,818
2277,6089
2277,3249
2277,9685
2277,14544
2277,156866
2277,189092
2277,236590
2277,243676
2277,243802
2277,270088
10137,380
10137,818
10137,977
10137,3149
10137,6783
10137,2393
10137,2161
10137,7714
10137,161306
10137,209220
10137,267848
10137,275266
10137,286980
10137,322155
10137,325814
10387,782
10387,478
10387,4152
10387,4691
10387,6088
10387,8754
10387,223738
10387,253607
49948,2343
49948,5783
49948,3537
49948,4344
49948,209220
49948,236458
49948,333308
49948,358882
334,3737
334,5600
334,455
334,802
334,6059
334,3817
334,1412
334,970
334,1252
334,697
334,5561
334,163976
334,166947
334,171366
334,278301
334,325777
30237,697
30237,3563
30237,10048
30237,10703
30237,14534
30237,187056
30237,207928
50116,155544
46435,212
46435,549
46435,4344
46435,5565
46435,11333
46435,33719
46435,40838
46435,40984
46435,159868
46435,207928
94260,15136
22213,378
22213,1701
22213,10685
22213,1568
47070,1291
47070,6799
47070,9717
47070,12193
36492,1326
36492,242
36492,1664
36492,10683
36492,9713
36492,34094
36492,156930
36492,162804
36492,221023
36492,225685
36492,331236
624,704
624,526
624,2149
624,1411
624,1803
624,1632
624,1679
624,3306
624,5498
624,10776
624,167043
26578,534
26578,818
26578,5265
26578,470
26578,2106
26578,3278
26578,5565
26578,9672
26578,10202
26578,160246
26578,222720
26578,295538
26578,316362
415072,178867
415072,232793
43103,1415
43103,5215
43103,818
43103,1936
43103,3725
43103,6093
43103,11254
43103,9180
43103,33720
43103,183126
43103,188991
43103,193716
43194,658
43194,2041
43194,1701
43194,2036
43194,18101
43194,33637
43194,161893
43194,162861
43194,181240
43194,188280
43194,192913
43194,199814
43194,236598
9563,6075
9563,579
9563,5621
9563,1482
9563,4613
9563,155802
1850,837
1850,3485
1850,5565
1850,206441
1850,227476
1850,276162
1850,301556
1850,345513
926,1612
926,3822
926,2902
926,4379
926,9755
926,11931
926,191500
926,208663
926,256330
926,257714
926,259376
926,277478
926,290950
926,303625
926,314730
926,320420
926,325782
926,325812
1213,242
1213,6054
1213,3799
1213,1605
1213,725
1213,931
1213,851
1213,848
1213,818
1213,110
1213,4214
1213,131
1213,1849
1213,1308
1213,1913
1213,2547
1213,3246
1213,3864
1213,4951
1213,3843
1213,4952
1213,10329
1213,10180
1213,155624
1213,200234
1213,204204
1213,239797
1213,258533
1213,321464
1213,325801
1213,325818
10471,378
10471,10685
10471,1522
10471,2987
10471,7858
10471,9777
10471,10624
10471,9748
10471,12670
10471,33426
10471,164253
10471,206318
10400,378
10400,586
10400,1228
10400,2792
10400,2803
10400,4232
10400,5402
10400,5565
10400,14641
10400,193897
10400,200918
10400,202371
10400,208992
10400,209476
10400,222517
10400,254459
10400,309974
10400,325761
10400,325762
10400,325791
10400,325792
10400,325814
10400,325847
10400,325854
10400,325856
10397,1625
10397,1857
10397,1899
10397,1952
10397,2217
10397,4337
10397,7464
10397,12987
10397,14641
10397,14985
10397,41523
10397,161545
10397,170309
10397,208725
10397,214548
10397,229684
10397,234193
10397,251478
10397,299594
10397,305408
10397,319391
20761,6075
20761,209476
12524,588
12524,697
12524,1522
12524,4933
12524,7156
12524,5049
12524,9748
12524,187056
12524,249629
12524,332062
28216,378
28216,376
28216,2450
28216,2451
28216,2125
28216,2439
28216,13129
28216,33407
28216,41596
28216,41597
28216,259137
36773,6150
36773,3684
36773,2618
36773,10093
36773,11001
36773,157008
36773,187056
36773,305028
30814,5306
30814,9826
30814,10163
30814,10950
30814,11869
30814,187056
10219,736
10219,4183
10219,5420
10219,6324
10219,11038
10219,181089
10219,208611
3558,818
3558,10685
3558,1252
3558,1284
3558,6255
3558,5248
3558,9672
3558,6846
3558,10323
3558,11857
3558,11322
3558,14641
3558,15106
3558,41329
3558,156851
3558,197056
3558,208788
3558,208992
3558,269808
3558,325786
3558,325820
17908,787
17908,15162
17908,208152
10384,2964
10384,1472
10384,5100
10384,222423
125317,187056
125317,258533
48233,14641
48233,241684
48233,328926
48233,331858
581335,34214
10236,818
10236,6078
10236,4232
10236,7059
10236,194595
10236,207883
10236,208611
10236,324429
632,316
632,10685
632,470
632,5369
632,3704
632,10181
632,12999
632,159457
632,207317
632,219855
632,267139
11851,3012
11851,582
11851,271
11851,5340
11851,5440
11851,5947
11851,6417
5924,378
5924,10685
5924,9777
5924,10787
5924,11267
5924,14641
5924,156630
5924,158527
5924,181962
5924,186718
5924,187196
5924,193275
5924,195897
5924,204725
5924,214548
33734,582
33734,2334
33734,10229
33734,173297
14886,521
14886,818
14886,4410
14886,7312
14886,9927
14886,15234
14886,15278
14886,41599
14886,188735
14886,193269
14886,222863
14886,305466
26617,4048
26617,10738
26617,7312
26617,11546
26617,13017
26617,14514
26617,164724
26617,193507
26617,196599
11900,3927
11900,5290
11900,5726
11900,4914
11900,10508
11900,14796
11900,188725
11900,205685
10493,5657
10493,1335
10493,1813
10493,697
10493,2580
10493,2082
10493,9844
10493,14903
10493,159803
10493,171842
10493,255450
10493,300722
10493,338149
10493,342916
10493,342917
10493,342930
16241,818
16241,2652
16241,7904
16241,10249
16241,156149
16241,161255
16241,161256
16241,215131
16241,249462
27632,616
27632,3133
27632,10560
27632,12999
27632,15032
27632,204352
22160,10685
22160,2887
22160,11436
22160,9826
22160,10085
22160,10410
22160,10476
22160,33456
22160,283057
4460,409
4460,2695
4460,2520
4460,3513
4460,7191
4460,9886
9644,6149
9644,2150
9644,11931
9644,12670
43455,394
43455,9826
43455,231151
13342,6270
13342,6054
13342,578
13342,818
13342,6490
13342,11254
13342,10683
13342,10508
13342,9783
13342,11485
13342,10776
13342,11870
13342,54169
13342,155247
13342,155722
13342,187056
13342,296608
35119,5657
35119,3030
35119,3012
35119,1890
35119,6139
35119,2333
35119,4725
35119,9672
35119,11038
35119,9872
35119,9890
35119,11338
35119,33519
35119,194461
35119,207476
35119,214780
35119,288621
21256,2375
14919,1308
14919,9715
14919,6513
14919,9717
14919,10291
14919,10244
14919,33556
14919,33637
14919,161919
14919,163074
14919,207268
14919,247245
14919,266013
14919,269233
14919,329136
14040,6075
14040,3797
14040,180491
14040,186360
75641,2652
75641,10685
75641,1739
75641,1956
75641,2433
75641,11095
75641,190881
75641,206923
75641,214548
17343,3133
17343,1664
17343,3182
17343,3302
17343,10053
17343,190370
17343,264386
22692,1157
22692,828
22692,886
22692,837
22692,7464
22692,12396
22692,33457
22692,157774
22692,162262
47620,378
47620,739
47620,738
47620,496
47620,10886
47620,9673
47620,9826
47620,10303
47620,14673
47620,14760
47620,158718
47620,208289
47620,262235
47620,351981
2990,1332
2990,582
2990,6259
2990,1816
2990,2013
2990,3202
2990,6198
2990,6623
2990,10226
2990,155724
2990,202371
2990,266753
2990,316241
2990,325766
2990,325780
2990,325818
38775,663
38775,2771
38775,5938
38775,4076
38775,3473
38775,4367
38775,41599
38775,173431
10831,596
10831,6023
10831,9002
10831,9003
10831,207941
21193,2199
21193,4344
33078,2172
33078,13005
33078,34079
16672,818
16672,332
16672,5789
16672,11130
16672,10489
16672,12565
16672,12999
16672,15365
16672,17973
16672,18029
16672,156091
16672,159595
16672,178080
16672,192119
16672,196584
16672,209998
16672,211636
16672,214613
16672,222268
16672,225471
16672,270615
16672,292558
16672,308818
16672,313483
16672,329352
10472,242
10472,1605
10472,725
10472,2038
10472,3616
10472,5756
10472,9840
10472,3805
10472,9673
10472,11687
10472,13072
10472,34004
10472,157303
10472,219737
10472,258384
10472,283057
10472,311934
123277,2636
79474,10254
53714,548
53714,10181
53714,155251
53714,156688
53714,157799
53714,163957
53714,167095
53714,197871
53714,231596
53714,235596
53714,244118
53714,248359
53714,312885
53714,325845
53714,336935
21489,236
21489,782
21489,818
21489,2652
21489,5265
21489,1327
21489,1583
21489,1631
21489,1799
21489,5340
21489,9748
21489,13129
21489,208540
51392,154802
32600,1507
32600,1825
32600,3582
32600,3667
32600,10911
32600,14765
32600,33626
32600,154802
32600,162327
32600,184816
110479,4344
299121,4344
299121,13008
299121,179418
299121,227561
13005,922
13005,2946
13005,917
13005,2340
13005,1731
13005,5565
13005,6165
13005,11494
13005,10909
13005,12670
13005,13028
13005,33519
13005,34030
13005,167799
13005,208992
13005,211482
13005,220529
18681,9767
18681,10714
18681,41249
18681,164092
75531,1646
20468,928
20468,197361
14521,6075
14521,345
14521,1477
14521,198507
14521,224312
10406,6270
10406,10266
10406,11860
10406,12670
10406,159955
10406,162341
10406,192918
14741,4118
14741,4326
14741,11736
14741,14768
14741,162936
14741,168346
14741,183133
32015,11196
32015,6149
32015,701
32015,2903
32015,6057
32015,4402
32015,9887
32015,7937
32015,10329
32015,12999
32015,13160
1883,378
1883,242
1883,796
1883,966
1883,441
1883,789
1883,6149
1883,529
1883,2885
1883,2392
1883,2881
1883,3036
1883,4098
1883,187
1883,5565
1883,5835
1883,5860
1883,5863
1883,5864
1883,5865
1883,6165
1883,14641
1883,251436
2005,6029
2005,745
2005,2409
2005,4009
2005,5708
2005,10229
2005,9826
2005,10810
2005,11860
2005,15155
2005,34124
2005,41592
2005,157008
2005,166462
6279,745
6279,2470
6279,6383
6279,9663
6279,10810
6279,12990
6279,34124
6279,34125
6279,41592
6279,157722
6279,163242
6279,191451
6279,206837
6279,228598
11087,3927
11087,697
11087,2341
11087,2535
11087,2783
11087,3256
11087,5885
11087,4914
11087,168386
11087,208349
11087,314730
11087,325818
7305,11116
7305,9672
7305,7912
7305,10349
7305,9743
7305,12617
7305,155372
7305,189411
7305,191724
7305,198433
7305,278235
7305,311315
7305,315323
7305,319783
7305,325769
7305,342447
24735,6148
24735,745
24735,3356
24735,3363
24735,6719
24735,10181
24735,11038
24735,12099
24735,15106
24735,34124
24735,165470
24735,165492
24735,199978
24735,239819
24735,239820
9475,422
9475,242
9475,1741
9475,6278
9475,6271
9475,2683
9475,4543
9475,5641
9475,6018
9475,10786
9475,9864
9475,12660
9475,14708
9475,41393
9475,158194
9475,185158
9475,185994
9475,207556
9475,311548
9475,322635
8872,4516
8872,5540
8872,9755
8872,10229
8872,11687
8872,10582
8872,15214
8872,179430
8872,179431
8872,187056
8872,295106
8872,295959
8872,324713
8873,6029
8873,578
8873,1566
8873,2038
8873,3741
8873,5091
8873,15214
8873,179431
11287,6075
11287,1480
11287,1956
11287,159201
11287,163097
11287,168316
11287,187056
11287,207883
9869,782
9869,521
9869,818
9869,6259
9869,1522
9869,2051
9869,7005
9869,9748
9869,13015
9869,14552
9869,14985
9869,33848
9869,155723
9869,185994
9869,191600
9869,209817
9869,230918
9869,295635
9869,326871
619,380
619,3088
619,1596
619,2992
619,6844
619,10229
619,12670
619,325761
9374,931
9374,4978
9374,3258
9374,9823
9374,14752
9374,15111
9374,283085
11259,397
11259,2123
11259,1411
11259,2619
11259,2355
11259,2493
11259,5091
11259,4663
11259,193605
11259,206160
11259,222406
11259,239553
11259,301982
11259,321464
11259,323141
11259,325810
8293,212
8293,380
8293,548
8293,818
8293,2386
8293,5923
8293,14514
8293,205850
8293,234626
8293,236170
8293,237462
8293,241738
11068,725
11068,2038
11068,460
11068,1332
11068,1253
11068,1594
11068,1595
11068,2350
11068,4513
11068,5696
11068,164246
11068,288816
11068,325784
1923,6270
1923,1415
1923,848
1923,739
1923,703
1923,1812
1923,1803
1923,1817
1923,5340
1923,6152
1923,3307
1923,9675
1923,9826
1923,11004
1923,10714
1923,13059
1923,14707
1923,14964
1923,33841
1923,164218
1923,164724
1923,192241
1923,202371
1923,210608
1923,234763
1923,238137
1923,239797
1923,241827
1923,272551
1923,295809
1923,312898
1923,323809
10158,6054
10158,6075
10158,3189
10158,3230
10158,6984
10158,6496
10158,8743
10158,8744
10158,12670
10158,15214
10158,160488
10158,201388
10158,207988
10158,225012
10206,6270
10206,3133
10206,2920
10206,13043
10206,15479
10206,167982
10206,177303
10206,179431
10206,187056
10206,197110
11782,374
11782,5439
11782,6163
11782,12354
11782,14964
11782,208156
11782,325810
11782,346769
10086,886
10086,10123
10086,11800
10086,14707
10086,163053
10086,173259
10086,323114
9367,10325
9367,5616
9367,14575
9367,154889
9876,6149
9876,1375
9876,12371
9876,12670
9876,15009
9876,167316
9876,210608
9876,275100
10326,3800
10326,1706
10326,2880
10326,3366
10326,3385
10326,193149
10326,302574
16562,6075
16562,2070
16562,9799
16562,9993
16562,10671
9609,4932
9609,2346
9609,1566
9609,2755
9609,3009
9609,5571
9609,4966
12143,2231
12143,242
12143,570
12143,417
12143,6149
12143,745
12143,5305
12143,1849
12143,2671
12143,703
12143,1480
12143,1803
12143,3571
12143,10809
12143,11734
12143,15111
12143,33451
12143,161207
12143,188865
12143,215659
12143,238160
4234,2546
4234,1533
4234,886
4234,8440
4234,9663
4234,10714
4234,12193
4234,12339
4234,12396
4234,160612
4234,191527
4234,225012
4234,317334
9605,6844
9605,8506
9605,8841
9605,9866
9605,9833
9605,13094
9605,33979
9605,41329
9605,155955
9605,156153
9605,165749
9605,176638
9605,232076
8374,8045
8374,1680
8374,703
8374,1857
8374,11005
8374,10950
8374,15321
8374,159633
8374,166462
8374,179431
8374,193551
8374,200918
8374,239797
8374,243959
8374,273124
8374,320420
29076,10175
29076,15274
80471,11722
49477,571
49477,582
49477,158718
49477,187056
28156,1009
28156,2438
28156,11532
28156,33841
113096,187056
106837,34115
106837,158718
24349,9957
24349,12670
24349,15334
27841,242
27841,697
27841,1660
27841,10181
27841,15106
27841,41329
27841,159313
27841,177066
27841,273879
1907,911
1907,966
1907,818
1907,458
1907,1969
1907,2412
1907,6262
1907,2988
1907,3434
1907,5891
1907,5890
1907,10776
1907,15097
1907,34094
1907,236369
15489,6270
15489,8102
15489,9823
15489,9864
15489,10791
15489,12011
15489,40865
15489,168669
15489,170703
15489,200201
15489,233617
15489,263994
15655,4809
15655,6513
36210,6069
36210,5331
36210,1919
36210,1262
36210,6044
36210,10508
36210,10594
36210,10637
36210,186210
279444,236
279444,6095
279444,9826
279444,187056
22342,9807
22342,11734
22342,15167
22342,33456
22342,162612
22342,162714
22342,166856
22342,191205
22342,193309
22342,312467
96484,187056
30062,10250
30062,157701
30062,189921
62463,2293
62463,10093
62463,11935
62463,18396
62463,156052
62463,208548
25934,212
25934,2470
25934,4801
25934,10508
25934,10791
25934,10873
25934,41355
25934,41525
25934,169423
25934,196664
25934,204970
25934,208978
25934,210540
25934,232358
25934,234733
101383,4410
101383,14728
101383,157158
101383,204185
14181,6118
14181,9398
14181,10631
14181,193889
14181,209792
14181,226257
14181,325761
14181,325807
10385,380
10385,9672
10385,11612
10385,12670
10385,15162
10385,34265
10385,175357
10385,187056
10385,192394
10385,207763
10385,231653
10385,235134
10385,240303
10385,241738
10385,248870
10385,274507
10385,280940
10385,328073
10385,328074
10385,328075
10385,328076
10385,328077
10385,328079
10385,328081
2787,3762
2787,4565
2787,4803
2787,4862
2787,10349
2787,13031
2787,14773
2787,14774
2787,237591
2787,321464
2069,520
2069,3149
2069,6719
2069,10391
2069,33780
2069,160488
61416,392
61416,972
61416,7973
79515,726
79515,582
79515,2300
79515,5424
79515,11722
79515,15278
79515,156196
79515,164698
79515,164877
79515,169152
79515,176104
79515,210608
79515,233475
79515,269677
14839,730
14839,642
14839,1936
14839,15111
14839,15137
14839,18021
14839,174099
14839,187786
14839,211277
14839,216620
42186,11034
28978,291
28978,4127
28978,5386
28978,10048
28978,12999
28978,154802
28978,167925
901,1741
901,2480
901,1604
901,2038
901,1252
901,2779
901,4485
901,5386
901,9673
901,12999
901,33626
901,154802
901,176745
901,209476
901,304995
901,325784
25010,15138
25010,41523
25010,155841
25010,163963
25010,167510
25010,184760
25010,208992
25010,259376
36208,642
36208,6149
36208,4048
36208,5386
36208,9727
36208,12990
36208,12999
36208,15162
36208,15210
36208,18326
36208,154802
36208,156052
36208,186403
36208,263548
10098,290
10098,1252
10098,5572
10098,9253
10098,12999
10098,14514
10098,41005
10098,154802
10098,160840
10098,165402
10098,169498
10098,185201
10098,209090
10098,223172
10098,236677
18264,374
18264,4616
18264,6625
18264,9897
18264,10660
18264,12371
18264,156866
18264,158615
18264,175005
18264,192945
18264,237230
18264,239924
18264,259381
18264,292561
18264,298374
18264,327966
291861,970
291861,154796
43368,3352
43368,156228
127602,1338
127602,4344
127602,10963
2155,378
2155,1415
2155,642
2155,585
2155,9990
2155,2887
2155,5629
2155,34094
2155,178649
2155,207317
2155,314730
11004,596
11004,1326
11004,642
11004,818
11004,6149
11004,904
11004,1442
11004,1599
11004,1992
11004,3616
11004,9468
11004,10683
11004,10776
11004,10794
11004,13028
11004,13160
11004,14964
11004,15162
11004,168812
11004,171636
11004,193594
11004,258533
11004,297390
25212,10738
25212,234124
36048,6038
36048,5903
139,791
139,549
139,570
139,793
139,548
139,509
139,3739
139,792
139,213
139,550
139,554
139,6271
139,17997
139,158558
139,315002
47816,6075
20682,1454
20682,703
20682,9840
20682,9673
20682,10294
20682,14604
20682,189368
20682,199221
25166,5340
25166,3301
25166,9714
25166,9826
25166,34079
25166,207819
25166,208344
25166,259376
1831,970
1831,4056
1831,5568
1831,5828
1831,9457
1831,12392
1831,12670
1831,33479
1831,212873
10416,6935
10416,4862
10416,9951
10416,168550
10416,237186
10416,267160
14271,6075
14271,5970
4816,898
4816,586
4816,2708
4816,3045
4816,9748
4816,10391
4816,14798
4816,156151
4816,156152
4816,156153
4816,156154
4816,156155
4816,156157
4816,156158
4816,158471
4816,177317
4816,177964
4816,230525
4816,256015
19958,128
19958,11004
19958,10791
19958,157303
19958,165114
19958,208992
19958,227533
28569,2884
28569,3691
28569,7658
28569,10048
28569,18732
28569,187243
28569,207876
2193,18015
2193,157799
64871,1994
54575,212
54575,931
54575,9833
54575,33630
54575,158718
54575,187547
54575,262698
54575,264386
54575,280688
11016,612
11016,1196
11016,1543
11016,3149
11016,4129
11016,2215
11016,3546
11016,6634
11016,9807
11016,33457
11016,33740
11016,34079
11016,68642
11016,173297
11016,194943
11016,207746
11016,236960
11016,314730
11016,321464
23020,1936
23020,17972
54195,836
54195,4565
54195,1956
54195,9905
54195,155554
54195,175107
54195,186760
54195,211362
54195,320874
139058,15086
20423,1432
20423,4040
20423,7422
20423,14626
20423,34046
20423,191132
20423,226233
20423,226235
20423,239339
20423,245705
10839,6062
10839,1956
10839,4933
10839,4302
10839,7156
10839,9683
10839,11400
10839,210434
10839,325806
36489,1706
36489,6149
36489,2771
36489,4551
36489,10125
36489,11289
36489,14527
36489,15346
36489,156835
36489,214731
24481,521
24481,1705
24481,5728
24481,10181
24481,169086
11296,2957
11296,2574
61651,7118
28172,42923
28172,163714
28172,189921
57855,6054
57855,3593
57855,6535
57855,11338
57855,10468
57855,164724
57855,192767
28180,10292
28180,9826
14280,1994
14280,2398
14280,3355
14280,3360
14280,3593
14280,6511
14280,8721
14280,9880
14280,10794
14280,14641
14280,158370
14280,161294
14280,207883
14280,232116
14280,233679
14280,236526
72086,378
72086,2884
72086,3478
72086,9777
72086,9748
72086,9826
72086,10794
72086,41329
72086,154846
72086,295061
72086,295062
149687,188647
29478,2968
29478,3451
29478,6984
29478,10181
29478,12425
29478,33556
29478,41385
29478,162701
29478,180523
29478,186782
29478,200918
29478,239797
29478,266753
29478,311315
29478,325789
29478,325800
29478,325808
29478,325823
28177,14559
28177,14805
2067,1612
2067,839
2067,2803
2067,3801
2067,9951
2067,9882
2067,14626
2067,157444
2067,160515
2067,191586
2067,202371
2067,212737
2067,239187
2067,279987
2067,281585
2067,309974
2067,325761
2067,325762
2067,325765
2067,325769
2067,325807
2067,325813
2067,329574
622,612
622,242
622,236
622,295
622,324
622,1523
622,2335
622,5340
622,3095
622,3097
622,3098
622,3099
622,4295
622,10139
622,14999
622,15001
622,33626
622,155851
622,156174
622,162810
622,180091
622,190396
622,221385
622,291633
622,322255
622,325777
622,325821
622,325839
622,351855
110666,14893
12186,6155
12186,1501
12186,3246
12186,4116
12186,8201
12186,5484
12186,13063
12186,33519
12186,186507
12186,191814
20283,1447
20283,6075
20283,3797
20283,10683
20283,11935
20283,18068
20283,160420
20283,180124
20283,180491
20283,186360
5693,6270
5693,1447
5693,6075
5693,970
5693,5153
5693,6496
5693,8338
5693,8635
5693,207700
5693,208611
5693,213225
5693,222721
5693,240817
5693,251669
5693,302193
287,931
287,128
287,6075
287,1485
287,965
287,493
287,1480
287,1482
287,1484
287,1486
287,1686
287,156100
968,242
968,822
968,6149
968,1562
968,974
968,1812
968,10051
968,15363
968,41523
968,182541
968,182546
968,182550
968,192973
968,215257
968,239275
968,325833
838,455
838,387
838,578
838,642
838,3800
838,830
838,699
838,1224
838,3740
838,2135
838,2016
838,10683
838,165402
838,208349
838,208992
838,362404
16958,818
16958,10051
16958,9807
16958,10562
16958,12999
3114,5301
3114,10322
3114,6464
3114,7856
3114,10360
3114,12425
3114,14546
3114,18034
3114,156234
3114,172504
3114,179419
3114,185441
3114,235261
3114,361716
31938,131
31938,15248
31938,193534
12501,128
12501,970
12501,2752
12501,9812
12501,15225
12501,155291
12501,156195
12501,168418
12501,187259
12501,188294
12501,189215
12501,192945
12501,206844
12501,208009
12501,228157
12501,229224
12501,229238
12501,235644
12501,236205
12501,240303
12501,248334
12501,250686
12501,281658
12501,323141
22650,585
22650,10051
22650,9727
22650,10856
31618,529
31618,4129
31618,1812
31618,9826
31618,12425
31618,13015
31618,154846
31618,158279
31618,184659
31618,207915
42232,5565
42232,5571
42232,6382
42232,14641
42232,155809
42232,164391
42232,164400
42232,164401
42232,214548
15873,1956
15873,3450
15873,13065
15873,14601
15873,210434
15873,311315
15873,325785
26928,3202
26928,7658
26928,18072
26928,208412
26928,273293
68427,2041
68427,570
68427,2795
68427,2831
68427,187056
68427,240240
68427,291674
25392,1612
25392,305
25392,818
25392,2106
25392,6513
25392,3801
25392,7422
25392,9882
25392,14760
25392,34046
25392,162630
22178,441
22178,2652
22178,1562
22178,836
22178,1956
22178,3262
22178,3539
22178,3530
22178,15272
22178,33456
22178,189422
22178,322300
22178,322301
48213,818
48213,1956
48213,4446
48213,171803
48213,175107
48213,191726
48213,279911
35412,5657
35412,818
35412,677
35412,339
35412,582
35412,4565
35412,4458
35412,3275
35412,10150
35412,9941
35412,10247
35412,12999
35412,200557
43463,3607
43463,9807
43463,11034
59939,4048
59939,187056
159727,409
159727,4344
159727,5055
159727,10229
159727,160279
159727,163120
159727,207928
159727,227982
159727,285398
244151,708
244151,4344
244151,12425
244151,156294
244151,178909
244151,223788
244151,285961
244151,325595
8333,242
8333,1336
8333,1930
8333,1562
8333,5362
8333,1228
8333,1919
8333,4245
8333,7188
8333,9714
8333,13008
8333,15090
8333,155735
19259,2487
19259,591
19259,395
19259,2106
19259,1293
19259,5331
19259,3434
19259,3450
19259,7208
19259,3977
19259,9268
19259,10329
19259,10910
19259,11061
19259,12400
19259,173644
820,2957
820,591
820,441
820,840
820,6086
820,6078
820,1013
820,1556
820,2411
820,5340
820,4170
820,6165
820,8570
820,10410
820,33518
820,34079
820,170548
820,173971
820,190434
820,190531
820,192279
820,200234
820,208992
820,211659
820,214780
820,249136
820,254459
820,258137
820,260872
820,325763
820,325766
820,325791
11718,5090
11718,4908
11718,10941
11718,18118
11718,155790
8989,1866
8989,6746
8989,4459
8989,2597
8989,9721
8989,9902
8989,11220
8989,18035
8989,33694
8989,170014
8989,210214
32031,222529
58048,478
58048,2682
58048,34061
26827,242
26827,769
26827,10909
26827,155457
26827,192767
26827,288816
11157,2751
11157,4481
11157,9748
11157,10818
11157,13028
11157,15160
11157,155251
11157,155294
11157,187056
918,1605
918,387
918,380
918,934
918,4480
918,996
918,554
918,1873
918,1338
918,4513
918,10909
918,33457
918,160497
61178,1556
61178,9826
61178,10562
61178,325773
11176,2479
11176,4344
11176,6300
11176,7312
11176,10232
11176,11691
11176,12396
11176,162262
11176,179430
11176,251337
11176,290395
11176,303628
11176,325849
14900,212
14900,1025
14900,392
14900,11691
14900,12193
14900,159413
14900,210376
14900,251337
11899,3658
11899,242
11899,4931
11899,4344
11899,6300
11899,11691
11899,13027
11899,156028
11899,165241
11899,168346
11899,190849
11899,209703
11899,251337
11899,288332
11899,303628
36536,4932
36536,6054
36536,3800
36536,822
36536,828
36536,334
36536,6149
36536,1420
36536,2438
36536,2849
36536,708
36536,2393
36536,2479
36536,1946
36536,3151
36536,3289
36536,3344
36536,10738
36536,3473
36536,11112
36536,4702
36536,6298
36536,6234
36536,7312
36536,10235
36536,8181
36536,9276
36536,4392
36536,9736
36536,11691
36536,12392
36536,12544
36536,12663
36536,12990
36536,15090
36536,15275
36536,33467
36536,155497
36536,157384
36536,158162
36536,188953
36536,191509
36536,193521
36536,196581
36536,208349
36536,209703
36536,269769
18890,242
18890,3289
18890,10506
18890,10789
18890,12616
19736,409
19736,1765
19736,4477
19736,10787
19736,11220
19736,12616
123047,236
123047,817
123047,6362
123047,6431
123047,7312
123047,7513
123047,10818
123047,18419
123047,154896
123047,163933
123047,190144
123047,258022
123047,264910
24575,4388
16535,4388
16535,12999
10971,3799
10971,1913
10971,2984
10971,4388
10971,9672
10971,10349
10971,10617
10971,12999
10971,210184
23928,14643
23928,33384
23928,182677
462,5565
462,9672
462,14768
462,163212
462,196407
462,222517
462,241614
9532,822
9532,4379
9532,4133
9532,10170
9532,10812
9532,12617
9532,13092
9532,34079
9532,162810
9532,199686
9532,232076
9532,240606
9532,256183
9532,325783
9532,348122
2383,1329
2383,818
2383,2805
2383,3593
2383,6533
2383,6534
2383,6535
2383,6536
2383,6202
2383,13088
2383,15162
2383,217056
25503,918
25503,1415
25503,1420
25503,9807
25503,10260
25503,191522
53879,5299
53879,4129
53879,4355
53879,9840
53879,10194
53879,12354
53879,12425
53879,13005
53879,14720
53879,34061
53879,165576
53879,192312
53879,208611
53879,210958
53879,219833
53879,259126
53879,287906
53879,309679
53879,357567
53879,357568
53879,357569
1396,1566
1396,1935
1396,496
1396,1956
1396,3170
1396,4511
1396,5509
1396,5609
1396,5774
1396,6564
1396,9856
1396,9661
1396,15216
1396,40895
1396,157955
1396,160224
1396,160840
1396,163895
1396,164246
1396,169866
1396,171438
1396,173643
1396,192772
1396,197170
1396,207883
1396,208992
1396,211384
1396,211659
1396,213040
1396,214548
1396,225219
1396,227302
1396,232997
1396,233974
1396,247508
1396,248870
1396,262500
1396,281300
1396,285398
1396,293336
1396,313359
1396,318602
1396,321059
1396,328271
1396,330755
1396,340972
1396,341001
1396,345636
11570,3242
11570,1400
11570,2020
11570,4556
11570,12988
11570,14760
11570,156024
11570,157186
11570,160279
11570,165369
11570,167861
11570,182677
11570,185200
11570,186718
11570,223373
1541,642
1541,828
1541,531
1541,2801
1541,3306
1541,3451
1541,5248
1541,5521
1541,5522
1541,7312
1541,9727
1541,10850
1541,9826
1541,10085
1541,10562
1541,11546
1541,15214
1541,18034
1541,18087
1541,155573
1541,165038
1541,167043
1541,168713
1541,190327
1541,215061
1541,217310
1541,235153
1541,240484
1541,254795
1541,296912
1541,347822
1541,351331
150043,158718
150043,258533
17443,10909
17443,33519
17443,34094
17443,214780
17443,254459
17443,324886
8469,3616
8469,157632
8469,160450
8469,171400
8469,191063
8469,208983
8469,208992
8469,209506
8469,236316
27995,11687
27995,41523
27995,155870
27995,281585
36739,2076
36739,4344
925,242
925,796
925,898
925,700
925,1463
925,4630
925,3772
925,3261
925,3910
925,4305
925,4470
925,4733
925,4668
925,4735
925,9673
925,10594
925,12425
925,41523
925,163070
925,200918
925,221227
925,241927
925,325795
41823,4232
41823,325761
1713,242
1713,2301
1713,3691
1713,10131
1713,160910
1713,164333
1713,325819
26170,242
26170,10685
26170,11860
26170,162632
26170,178539
26170,195295
26170,209225
26170,305466
26170,308137
30547,6075
30547,395
30547,2792
30547,9714
30547,33457
30547,33479
30547,40898
30547,161545
30547,193460
30547,209476
30547,240119
30547,275759
30547,351197
54825,2172
54825,4434
54825,11477
54825,10121
54825,18165
54825,197065
54825,263548
54825,320780
13939,242
13939,444
13939,6149
13939,1721
13939,3149
13939,2095
13939,2301
13939,9748
13939,7002
13939,11612
13939,13116
13939,18522
13939,184352
13939,219404
13939,266013
14373,570
14373,6149
14373,3149
14373,2149
14373,703
14373,2095
14373,9663
14373,9748
14373,7002
14373,11612
14373,12670
14373,13116
14373,18420
14373,18522
14373,184352
14373,266013
24873,6149
24873,3149
24873,2732
24873,2095
24873,4470
24873,9748
24873,7002
24873,11612
24873,13116
24873,18522
24873,193551
24873,219404
24873,266013
26263,6149
26263,3149
26263,2095
26263,9748
26263,7002
26263,11612
26263,13116
26263,18522
26263,219404
26263,266013
34746,242
34746,6149
34746,3149
34746,2095
34746,7024
34746,9748
34746,9826
34746,7002
34746,11612
34746,13116
34746,14818
34746,18522
34746,167198
34746,178364
34746,219404
34746,226001
34746,266013
996,4617
996,9016
996,9807
996,9826
996,11152
996,12999
996,159531
996,163603
996,178993
996,208508
996,237459
9079,1605
9079,314
9079,428
9079,2470
9079,9840
9079,10329
9079,10163
9079,13072
9079,33626
1496,897
1496,4562
1496,4009
1496,11734
1498,242
1498,779
1498,390
1498,5301
1498,9715
1498,1852
1498,6513
1498,3330
1498,6362
1498,9717
1498,10278
1498,41412
1498,266013
1498,269710
1498,325765
1497,242
1497,779
1497,1721
1497,853
1497,9715
1497,1852
1497,6513
1497,6362
1497,9717
1497,10278
1497,12193
1497,33556
1497,269710
1499,779
1499,233
1499,3822
1499,9715
1499,6513
1499,4379
1499,9717
1499,10278
1499,198754
1499,266013
1499,269710
1880,1008
1880,2964
1880,1721
1880,1981
1880,4278
1880,7059
1880,14955
1880,171676
1880,193008
1880,251620
33762,1803
33762,7984
33762,10726
33762,156117
33762,232707
103960,163080
11690,779
11690,6075
11690,5565
11690,5572
11690,9362
11690,9917
11690,12354
11690,12380
11690,17977
11690,182127
11690,210909
11690,215453
11690,219404
11690,290395
11690,325765
11690,325772
11690,325783
11690,325809
11690,325840
29143,1003
29143,6805
35292,3485
35292,207579
36652,1157
36652,478
36652,818
36652,10181
36652,10235
36652,210184
36652,227969
36652,255834
36652,303437
801,3737
801,2957
801,578
801,2956
801,2959
801,6145
801,1653
801,1327
801,1224
801,3740
801,2045
801,1491
801,3366
801,2135
801,4119
801,4125
801,208992
801,325765
801,357464
801,357465
104301,818
104301,4056
104301,18053
104301,173245
104301,190115
104301,207592
11520,4543
11520,4193
11520,157187
11520,172971
11520,179430
11520,179431
11520,180523
11520,188608
11520,207317
1879,1459
1879,582
1879,6876
1879,6072
1879,10131
1879,12997
1879,13005
1879,15478
1879,33476
1879,165872
1879,188994
1879,326365
1879,357414
1879,357416
2085,779
2085,898
2085,6219
2085,14988
13539,6270
13539,830
13539,10738
13539,3551
13539,10683
13539,10163
13539,11935
13539,18425
13539,234219
13539,296146
17078,439
17078,5986
17078,164092
17078,240119
37722,242
37722,818
37722,6078
37722,1228
37722,6083
37722,6460
37722,10093
37722,15134
37722,34079
37722,181655
37722,208289
75892,596
75892,734
75892,514
75892,818
33516,2132
33516,1632
33516,14964
33516,223106
33516,258533
99008,3358
99008,14559
9960,818
9960,1468
9960,10349
9960,18068
9960,155746
9960,170309
9960,170310
9960,170314
9960,170322
9960,170330
9960,170333
9960,170335
9960,170336
9960,170337
9960,170339
9960,230570
9960,305164
3082,1382
3082,1546
3082,3338
3082,4280
3082,5386
3082,5571
3082,7025
3082,9253
3082,5046
3082,9890
3082,11612
3082,12999
3082,33618
3082,33619
3082,154802
3082,156052
3082,162466
3082,165458
3082,171989
3082,173644
3082,216620
3082,237390
3082,241860
3082,294521
3082,325120
3082,354871
3082,356249
3082,361522
3082,361523
52961,663
52961,1157
52961,1421
52961,2301
52961,4995
52961,8613
52961,10093
12187,4480
12187,6155
12187,582
12187,6152
12187,11436
12187,7942
12187,14915
12187,162846
12187,184559
12187,206709
12187,208611
12187,210608
24748,818
24748,1019
24748,1556
24748,2752
24748,7464
24748,15158
24748,17997
24748,168713
24748,221829
990,242
990,236
990,818
990,6075
990,395
990,567
990,554
990,1356
990,2348
990,10594
990,12999
990,18249
990,40879
990,244984
1908,6083
1908,9672
1908,11038
1908,10508
1908,10909
1908,33519
1908,34152
1908,171497
1908,196497
1908,207968
1908,214780
9764,4271
9764,6054
9764,4809
9764,1969
9764,5930
9764,6536
9764,4759
9764,11709
9764,18330
9764,174638
9764,210184
840,1016
840,1447
840,3243
840,1603
840,1523
840,2227
840,2583
840,3268
840,4862
840,9951
840,9738
840,10629
840,12553
840,156091
840,160515
840,160754
840,161293
840,162459
840,177178
840,178895
840,187710
840,194998
840,206711
840,211560
840,223550
840,229652
840,232076
840,237124
840,240005
840,240422
840,250802
840,251829
840,287612
840,288156
840,290950
840,317024
840,324713
840,325761
840,325775
840,329286
39890,616
39890,2871
39890,3099
39890,10864
39890,40931
39890,325828
42237,1992
42237,164754
42237,208992
42237,239175
26689,10714
25673,818
25673,699
25673,3734
25673,11038
25673,12999
25673,15319
25673,41185
25673,164658
25673,164663
25673,173490
25673,190076
25673,191298
25673,227556
25673,233517
25673,239343
2291,422
2291,242
2291,447
2291,1706
2291,3030
2291,1552
2291,1228
2291,2340
2291,3298
2291,7336
2291,9872
2291,10937
2291,14750
2291,15001
2291,173066
2291,173077
2291,173083
2291,219900
13531,3490
13531,14669
13531,155419
13531,169151
13531,169152
13531,169160
13531,169161
13531,169171
13531,281237
13531,297793
13531,305161
16620,578
16620,5565
16620,34079
16620,164245
16620,164246
16620,164253
16620,164263
16620,208611
16620,324429
526,305
526,1400
526,2640
526,345
526,2637
526,2638
526,2639
526,2642
526,9727
526,234213
526,263664
13346,520
13346,6270
13346,579
13346,6733
13346,10683
13346,10624
13346,11671
13346,11672
13346,10216
13346,11870
13346,157303
13346,165100
13346,171556
13346,208289
13346,242689
13346,243262
243,520
243,578
243,532
243,635
243,637
243,1595
243,4045
243,5625
243,5716
243,9856
243,11687
243,10050
243,13072
243,14602
243,15079
243,156170
243,198722
243,210434
243,239969
243,255817
243,297793
243,308562
243,311934
243,319397
243,325804
10501,1321
10501,2673
10501,6513
10501,4344
10501,10453
10501,9725
10501,175428
10501,208244
10501,228691
10501,232752
10501,301513
11478,736
11478,1252
11478,2908
11478,4735
11478,10669
11478,10329
11478,15219
11478,157632
11478,161837
11478,171095
11478,171100
96167,12339
24212,3243
24212,1373
24212,4278
24212,9767
24212,9738
24212,10009
6644,798
6644,818
6644,1556
6644,2752
6644,3591
6644,3423
6644,188944
6644,222782
41038,1618
41038,5703
879,10084
879,5600
879,334
879,1400
879,1938
879,3205
879,11469
879,12965
879,12988
879,14692
879,161712
879,225219
879,259376
879,291153
32613,1299
32613,818
32613,697
32613,345
32613,1963
32613,3560
32613,9951
32613,13008
32613,13031
32613,15032
32613,157144
32613,161276
32613,170335
32613,174638
32613,186188
32613,186189
32613,186195
32613,215285
85689,1336
85689,6377
85689,9673
85689,9748
85689,154802
31624,6259
31624,4551
31624,9826
31624,10714
31624,12339
31624,12570
31624,13059
31624,14805
17529,801
17529,10958
40841,612
40841,395
40841,2407
40841,4552
40841,14570
40841,14735
40841,34079
40841,160846
40841,167043
118098,212
118098,818
118098,5561
118098,14743
1793,5600
1793,4668
1793,5430
1793,40957
11327,378
11327,822
11327,3391
11327,10685
11327,6148
11327,1228
11327,5034
11327,5733
11327,9672
11327,9774
11327,10909
11327,13006
11327,14551
11327,14707
11327,15278
11327,33451
11327,195897
11327,206584
11327,226431
11327,245525
11327,251667
11327,266753
11327,314730
11327,325839
1700,818
1700,428
1700,6259
1700,1981
1700,9844
1700,10818
1700,12339
1700,12565
1700,13006
1700,18062
1700,156783
1700,172929
1700,176182
1700,193227
1700,227855
1700,227951
1700,234574
1700,242024
1700,267422
1700,286507
1700,291004
1700,325774
1700,328072
1700,343646
54087,837
54087,3485
54087,157774
54087,187249
34322,1338
34322,14768
34322,15160
34322,177071
34322,229401
41659,1009
41659,10163
41659,34079
41659,160946
41659,163976
593,1565
593,818
593,1603
593,1228
593,2117
593,2111
593,3298
593,3801
593,14626
10774,596
10774,242
10774,417
10774,2458
10774,8201
10774,7271
10774,9826
10774,10177
10774,12193
10774,14522
10774,14837
10774,18047
10774,18298
10774,41153
10774,169086
10774,191509
10774,202429
10774,203286
10774,203287
10774,206075
10083,521
10083,5265
10083,1849
10083,2314
10083,3065
10083,4410
10083,4689
10083,5641
10083,9714
10083,14617
10083,181549
10083,217131
10083,217282
10083,238814
10083,244744
10083,295538
10083,298577
29786,818
29786,6075
29786,579
29786,5720
11356,242
11356,1253
11356,3230
11356,10181
11356,11036
11356,14852
11356,184430
11356,208992
11356,226028
11356,238410
11356,254603
11356,255837
11356,325827
10747,797
10747,697
10747,1556
10747,3591
10747,10322
10747,9748
10747,10176
10747,162034
10747,162722
10747,166585
10747,179419
10747,179585
10747,202056
10747,207928
10747,222742
10747,246238
10747,283874
10747,289430
10559,10084
10559,2964
10559,242
10559,4776
10559,456
10559,10685
10559,703
10559,1480
10559,5340
10559,4379
10559,2135
10559,5905
10559,3667
10559,10235
10559,9853
10559,9856
10559,9826
10559,14601
10559,157241
10559,164246
10559,192094
10559,200725
10559,218024
10559,226626
10559,227771
20697,6075
20697,206441
2621,2038
2621,741
2621,2735
2621,187056
10479,422
10479,3012
10479,2820
10479,4090
10479,7558
10479,10909
10479,325778
2006,616
2006,2038
2006,977
2006,6553
2006,40931
2006,155457
2006,179542
2006,293198
2006,323305
184885,344
184885,1732
184885,2802
184885,9826
184885,11061
184885,13153
184885,162846
184885,261210
46625,886
46625,9826
46625,34030
46625,208904
17339,1008
17339,818
17339,449
17339,1956
17339,9663
17339,15182
17339,15248
17339,207883
17339,220388
17339,237009
17339,277056
11305,922
11305,3702
11305,198430
11305,250705
48211,2356
48211,3437
48211,5879
48211,11263
48211,33722
48211,173686
48211,188775
48211,214780
48211,227148
48211,264136
48211,264391
28975,1415
28975,10857
13665,242
13665,828
13665,1307
13665,14604
13665,210692
13665,320420
13665,324429
12309,1338
12309,1797
12309,4144
12309,8070
12309,13027
1552,970
1552,1158
1552,10041
1552,10235
1552,15025
1552,213861
106,1008
106,1291
106,1297
106,11060
106,9951
106,10349
106,10333
106,13031
106,14909
106,14915
106,15248
106,228752
106,312898
10333,242
10333,818
10333,5809
10333,1252
10333,1660
10333,1482
10333,1608
10333,2299
10333,5933
10333,5707
10333,10041
10333,11527
10333,9627
10333,14903
10333,15106
10333,15208
10333,34094
10333,155794
10333,187056
10333,200685
10333,205276
10333,208370
10333,222314
10333,325799
10333,325801
11027,1326
11027,818
11027,459
11027,1420
11027,1523
11027,718
11027,9714
11027,9826
11027,10410
11027,11190
11027,13017
11027,33519
11027,155435
11027,174548
11027,199645
11027,207268
11027,207767
11027,208508
11027,223554
11027,230960
11027,231123
11027,237459
11027,241723
11027,248288
11027,274297
11027,274945
11027,301373
11027,303387
61560,10181
61560,14534
61560,171366
27197,236
27197,233
27197,1462
27197,818
27197,9725
27197,9714
27197,9727
27197,9748
27197,14926
27197,155242
27197,184233
27197,197915
27197,214891
27197,222233
27197,255561
27197,296659
10468,1803
10468,9844
10468,7464
10468,10649
10468,13027
10468,164605
10468,183738
10468,187056
1359,242
1359,818
1359,4480
1359,6259
1359,10123
1359,8201
1359,5636
1359,10714
1359,12394
1359,12401
1359,12565
1359,164186
1359,174075
1359,174076
1359,174086
1359,208289
1359,247776
1359,280075
1359,286954
1359,295907
1359,315058
1359,325776
4967,128
4967,3901
4967,9799
4967,10093
4967,161207
10557,5600
10557,931
10557,789
10557,5215
10557,458
10557,1536
10557,970
10557,6150
10557,941
10557,1463
10557,1228
10557,3131
10557,187
10557,6713
10557,10428
10557,266601
27745,4470
27745,5565
27745,9860
27745,11700
27745,34118
19214,1566
19214,4129
19214,1649
46686,2231
46686,3266
71402,4280
71402,3979
71402,11800
71402,15106
71402,160517
71402,163053
71402,276164
13776,613
13776,5305
13776,2672
13776,10738
13776,160619
13776,169152
13776,208611
26291,567
26291,10123
26291,3199
26291,5732
26291,3423
26291,7464
26291,192528
26291,192530
10784,220
10784,2652
10784,1491
10784,2311
10784,3183
10784,4344
10784,10181
10784,4446
10784,11183
10784,156866
10784,158718
10784,165255
10784,165259
10784,165261
10784,214548
10784,258533
10242,966
10242,380
10242,818
10242,6255
10242,2564
10242,5923
10242,4995
10242,7464
10242,9826
10242,12396
10242,41329
10242,41402
10242,155620
10242,156153
10242,157768
10242,158086
10242,188991
10242,191480
10242,193263
10242,207592
10242,241738
10242,261759
10242,301490
27857,212
27857,818
27857,392
27857,5565
27857,10965
27857,158718
27857,208992
27857,231197
27857,258533
16347,818
16347,10181
16347,9673
16347,10483
16347,11678
16347,13014
16347,18092
16347,155248
16347,156037
16347,160327
16347,164754
16347,207876
4825,622
4825,242
4825,395
4825,440
4825,4344
4825,10181
4825,156866
4825,158192
4825,165533
4825,165540
4825,165547
4825,165551
4825,168186
4825,173297
4825,232626
4825,235496
11654,242
11654,818
11654,4978
11654,3133
11654,190352
11654,191881
11654,232469
11654,238332
10518,242
10518,6086
10518,818
10518,2652
10518,1384
10518,10410
10518,14604
10518,15009
10518,33705
10518,33780
10518,186447
10518,187023
10518,204967
10518,208535
10518,320239
10518,343959
11977,952
11977,6075
11977,271
11977,3508
11977,2702
11977,10683
11977,14514
11977,14601
11977,172466
11977,325781
18041,1706
18041,3616
18041,18453
18041,189868
14736,6270
14736,6075
14736,4663
14736,9799
14736,6496
14736,5608
14736,8635
14736,14534
14736,176752
14736,187056
14736,324429
14736,338528
3536,10364
3536,339
3536,1956
3536,6790
3536,256147
3536,325762
1443,236
1443,818
1443,933
1443,1252
1443,1228
1443,10683
1443,14632
1443,14794
1443,18035
1443,18396
1443,169654
1443,171411
1443,171468
1443,187056
1443,244775
1443,251667
1443,266753
1443,280940
1443,325799
1443,325817
10424,1741
10424,1721
10424,4399
10424,3581
10424,10714
10424,13072
10424,14676
10424,15090
10424,18420
10424,166862
10424,190182
10424,213833
10424,232743
10424,267608
10424,326293
80677,34094
28971,3199
28971,4118
28971,12999
49096,802
49096,1157
49096,818
49096,459
49096,2619
49096,9673
49096,9748
49096,11510
49096,14829
49096,33407
49096,41411
49096,157799
49096,159551
49096,162846
49096,167018
49096,170314
49096,172272
49096,188849
49096,189931
49096,199645
49096,230462
49096,239708
49096,248288
49096,275677
49096,292203
49096,298666
49096,305021
49096,305508
49096,323345
49096,331713
40562,1556
40562,9840
40562,171817
40562,187056
40562,194005
9456,779
9456,380
9456,9715
9456,6152
9456,4639
9456,9717
9456,9663
9456,9748
9456,7002
9456,10044
9456,11263
9456,12415
9456,13125
9456,14767
9456,33505
9456,33556
9456,34079
9456,207268
9456,232469
9456,251513
9456,266013
9456,269233
889,1459
889,828
889,1486
889,4428
889,10244
889,12392
889,12616
10564,387
10564,1009
10564,1545
10564,6223
10564,3725
10564,2493
10564,5808
10564,8650
10564,6335
10564,173186
10564,208476
10564,289211
15723,612
15723,3684
15723,10181
15723,10331
15723,10332
452,791
452,2419
452,2420
452,6089
452,1672
452,2412
452,2414
452,2415
452,2416
452,2421
452,2422
452,2423
452,2425
452,2800
452,6217
452,163053
452,163070
452,230556
452,315002
452,319397
452,327065
452,327115
36234,931
36234,738
36234,2887
36234,14964
36234,15246
39283,10292
39283,4459
39283,12616
39283,155641
65460,1720
65460,9663
65460,11181
65460,12616
65460,197013
55667,1720
55667,12616
55667,13015
55667,197013
31978,158718
31978,258533
12476,9678
12476,642
12476,1812
12476,9887
12476,5540
12476,3722
12476,4862
12476,157634
12476,283085
12476,346621
5241,3473
5241,14720
5241,221681
5241,243592
5241,250849
98,1394
98,588
98,1395
98,1399
98,1405
98,970
98,2280
98,2831
98,5049
98,9748
98,10141
98,10520
98,12995
98,14704
98,18543
98,179780
98,192230
98,235791
98,235792
98,235793
98,242039
98,250224
98,271944
98,325791
98,351452
21311,409
47724,1326
47724,213
47724,4129
47724,972
47724,1936
47724,3182
47724,6876
47724,8032
47724,14604
11129,1361
11129,2231
11129,3925
11129,1941
11129,2334
11129,3015
11129,3221
11129,5625
11129,10683
11129,11733
11129,14534
11129,14964
11129,15237
11129,15479
11129,155939
11129,169152
11129,171366
11129,180635
11129,182266
11129,234825
11129,281237
11129,325765
11129,325809
117781,2199
117781,4344
117781,10551
1058,534
1058,6149
1058,1664
1058,1885
1058,2619
1058,2669
1058,3182
1058,4666
1058,10562
1058,12670
1058,34094
1058,211122
1058,239841
1058,256497
1058,319919
1058,320537
37112,393
37112,5265
37112,470
37112,4655
37112,13008
37112,18044
37112,179585
42159,4344
42159,11700
16395,616
16395,34079
16395,189921
50627,380
50627,2693
50627,5532
50627,9890
50627,11578
50627,173276
5608,1454
5608,604
5608,1938
5608,2035
5608,4615
5608,5746
5608,10085
5608,10466
5608,12554
5608,13027
5608,13084
5608,185343
5608,189093
5608,204241
13105,3451
13105,5501
13105,18021
13105,325762
13105,325765
13105,325814
22501,4379
22501,3801
22501,11107
22501,10158
22501,161919
22501,196581
5491,818
5491,4565
5491,4458
5491,6015
5491,9878
5491,11239
5491,14909
5491,159314
5491,159955
5491,208997
5491,213987
5491,325801
5491,325829
5491,325833
10560,3658
10560,242
10560,1691
10560,733
10560,271
10560,2283
10560,4118
10560,8081
10560,10551
10560,207010
23531,10738
23531,4516
23531,13043
10688,242
10688,2123
10688,697
10688,5905
10688,34053
10688,165214
10688,185011
10688,188950
17889,242
17889,4344
17889,155325
17889,209220
18228,1668
18228,4344
18228,9799
18228,234849
80351,1668
80351,155291
18642,6092
18642,2334
18642,4344
205054,249749
205054,258533
39391,5565
39391,6593
39391,10181
39391,157722
39391,163070
18644,2334
18644,9730
18644,4344
18644,10229
18644,12999
31516,242
31516,4344
31516,4410
31516,9273
31516,41599
31516,155735
31516,161276
31516,189008
31516,196396
31516,200659
45827,10322
45827,178402
5683,1985
5683,10123
5683,3797
5683,10424
5683,14647
5683,33612
5683,155466
5683,155497
5683,167043
5683,190078
5683,210609
113279,2956
113279,187056
113279,212835
113279,242096
113279,292930
2094,578
2094,4120
2094,4663
2094,362404
14906,3800
14906,3478
14906,12649
14906,18266
14906,162710
14906,178898
14906,181139
14906,209220
14906,264118
14906,278300
16176,4344
16176,169456
16176,173003
16176,179411
16176,188712
16176,204242
16176,208705
16176,210589
16176,238206
16176,271900
16176,284950
16176,323305
16176,324390
16176,324584
52770,612
12518,5305
12518,1668
12518,7439
12518,10050
12518,13027
12518,234317
12518,325812
10567,843
10567,1423
10567,3289
10567,4803
10567,1729
10567,10506
10567,10789
10567,12616
10567,17985
10567,34079
10567,161186
10567,166695
10567,181033
10567,319466
10642,3616
10642,178226
10642,178229
10642,187056
10642,206298
10642,207844
9285,6078
9285,3616
9285,4411
9285,5098
9285,6946
9285,7312
9285,9964
9285,11475
9285,10058
9285,13160
9285,33472
9285,54169
9285,159141
9285,166287
9285,167737
9285,167739
9285,167768
9285,170827
9285,183728
9285,206298
10569,4183
10569,974
10569,2492
10569,1946
10569,4733
10569,4735
10569,15363
10569,160488
10569,308930
21879,3335
21879,11870
21879,163047
21879,208992
21879,229429
98502,4543
98502,6625
98502,10041
98502,18187
98502,41393
21484,596
21484,220
21484,1299
21484,6149
21484,5809
21484,74
21484,292
21484,1523
21484,5340
21484,10292
21484,5083
21484,10508
21484,9826
21484,10303
21484,10714
21484,11925
21484,14735
21484,14991
21484,17986
21484,18013
21484,34094
21484,41329
21484,155790
21484,155811
21484,161891
21484,163129
21484,171848
21484,189921
21484,191815
21484,237105
21484,312949
21484,323809
21484,325819
24918,186378
24918,322268
955,3737
955,2546
955,2041
955,591
955,720
955,6104
955,514
955,1568
955,1418
955,3269
955,470
955,1308
955,2695
955,3864
955,4289
955,8624
955,9679
955,12347
955,12965
955,14675
955,14735
955,18031
955,18512
955,33705
955,174915
955,191881
955,195295
955,217415
955,269769
8584,7376
8584,10084
8584,779
8584,10322
8584,8099
8584,9935
8584,13159
8584,155291
8584,179431
8584,207928
8584,219404
8584,269233
47295,182266
47295,256947
11332,697
11332,9194
11332,33625
11332,240119
16093,4572
16093,9844
16093,11034
16093,11322
16093,41395
16093,164218
16093,188709
16093,253857
16093,292634
29372,428
29372,1956
29372,2533
29372,7156
29372,169814
29372,181325
29372,234078
962,1691
962,2346
962,1321
962,1261
962,4543
962,4542
962,9673
962,9880
962,3623
962,12999
962,154802
962,180808
962,186403
5483,65
5483,5159
5483,6876
21060,1862
21060,740
21060,1013
21060,9833
21060,10180
21060,187056
21060,258533
30588,6038
30588,10123
30588,3289
30588,6751
30588,5571
30588,9672
30588,9807
30588,12999
30588,187243
30588,193021
30588,210434
30588,214548
30588,325824
668,5600
668,236
668,212
668,818
668,392
668,5265
668,3269
668,1308
668,1223
668,2547
668,2676
668,3271
668,3289
668,3288
668,3371
668,3373
668,14555
668,15127
668,156095
668,159558
668,160175
668,179430
668,211659
668,325769
668,325778
23518,833
23518,818
23518,1402
23518,1930
23518,2106
23518,2314
23518,6285
23518,3366
23518,10410
23518,12999
23518,18034
23518,41249
23518,158780
23518,160381
23518,160876
23518,209817
691,658
691,1160
691,441
691,818
691,487
691,339
691,392
691,3464
691,470
691,1583
691,3272
691,1949
691,3289
691,3278
691,3312
691,3465
691,3466
691,3467
691,3468
691,3469
691,4289
691,9826
691,13015
691,15097
691,15127
691,156095
691,159558
691,325811
31353,158718
31353,258533
44018,960
44018,6089
44018,2335
44018,10877
44018,13017
44018,171826
44018,179853
44018,187056
698,1826
698,818
698,110
698,1583
698,1809
698,1828
698,2711
698,2902
698,3268
698,3282
698,3290
698,3801
698,3469
698,12391
698,14555
698,14626
698,156095
698,161289
698,206416
682,1321
682,911
682,779
682,782
682,212
682,818
682,392
682,2708
682,3269
682,3289
682,3432
682,3434
682,3435
682,3436
682,12354
682,12965
682,41249
682,179430
682,309974
682,325765
28973,2020
28973,8201
28973,10332
28973,12999
28973,13084
28974,2803
28974,12999
28974,154802
28974,164636
28974,165282
28974,185435
28974,324886
40685,1983
40685,4542
40685,172112
22994,1956
22994,4410
22994,11823
22994,188326
22994,201831
22994,204412
40639,393
40639,1502
40639,7658
499,30
499,90
499,10229
499,10163
499,12999
499,187056
499,197702
499,213473
9600,1568
9600,1812
9600,18118
9600,160364
38006,486
38006,1963
38006,2795
38006,8873
38006,11220
38006,12999
38006,41592
38006,159212
38006,162327
38006,361926
2768,1326
2768,703
2768,2619
2768,3248
2768,6739
2768,9826
2768,12670
2768,258533
42002,4426
42002,10292
42002,9887
42002,11532
42002,10714
42002,12339
42002,14707
42002,157512
42002,161814
42002,227855
42002,259982
42002,262404
40365,1157
40365,818
40365,6625
40365,172658
40365,185407
24920,236
24920,1227
24920,6152
24920,9887
24920,9815
24920,10093
24920,12377
24920,15001
24920,157351
21,5349
21,1524
21,1671
21,6611
21,7587
21,9828
21,159290
21,176806
21,195239
21,209509
21,254858
10911,6092
10911,818
10911,4268
10911,5300
10911,1956
10102,236
10102,550
10102,160246
10102,207769
30308,212
30308,1568
30308,496
30308,770
30308,7024
30308,10714
30308,176798
30308,192266
30308,225946
38688,514
38688,3754
38688,7965
38688,10229
38688,163131
38688,191026
38688,214548
26912,1612
26912,212
26912,1992
26912,1719
26912,2187
26912,7033
26912,10539
26912,14760
26912,269769
26912,325778
26278,9678
26278,1299
26278,770
26278,5404
26278,4862
26278,6394
26278,9663
26278,12999
26278,14760
26278,157265
26278,191881
26278,197582
26278,200265
26278,208424
26278,244889
26278,253023
26278,287748
26278,287749
26278,287750
26278,287751
26278,287752
26278,287753
26278,287754
26278,287756
26278,325778
26278,325780
26956,2652
26956,6300
26956,9748
26956,230022
26957,6300
26957,9663
26958,612
26958,6300
26958,9663
26958,9707
26958,15001
26958,163338
26959,6300
26959,10100
26960,90
26960,6300
80287,549
80287,10950
6003,7879
6003,1605
6003,2038
6003,1808
6003,3691
6003,4663
6003,10181
6003,10614
6003,9986
6003,250809
6003,325854
23939,2161
23939,6154
23939,4325
23939,5699
23939,9725
23939,10663
23939,11931
23939,15076
23939,194170
23939,209220
23939,226241
46614,736
46614,6092
46614,924
46614,1956
46614,11106
46614,4595
46614,4515
46614,12193
11072,5744
11072,1582
11072,1419
11072,9755
11072,8009
11072,11687
11072,11931
11072,12425
11072,18044
11072,18465
11072,155291
11072,160583
11072,160586
11072,160588
11072,160589
11072,160597
11072,160607
11072,160612
11072,225012
11072,236316
11072,252786
11072,326180
23069,10084
23069,1562
23069,5608
23069,15162
23069,191591
23069,208152
23069,287699
21299,414
21299,3593
21299,13032
21299,179578
21299,191591
13368,380
13368,837
13368,4344
13368,5923
13368,10132
13368,160224
13368,165643
13368,190180
13368,193015
13368,207317
13368,208283
13368,237444
13368,240634
13368,361716
985,1009
985,3030
985,1852
985,2147
985,3453
985,4597
985,9887
985,12999
985,13006
985,33465
14002,6157
14002,1551
14002,5890
14002,3667
14002,10706
14002,155071
14002,155788
14002,162710
14002,182649
14002,235164
14002,236125
14002,240847
14002,258385
14002,262228
14002,269412
14002,277193
14002,281658
541,378
541,2231
541,1001
541,1416
541,383
541,1335
541,395
541,6255
541,2375
541,2695
541,2619
541,2367
541,2564
541,2694
541,2696
21137,1541
21137,1824
21137,4434
21137,4470
21137,12670
21137,155418
21137,173919
21137,187056
21137,191349
21137,198299
21137,200243
21137,215608
21137,317046
21137,326727
36724,4470
36724,5540
36724,5879
36724,11479
36724,10983
36724,10445
36724,10874
36724,187056
938,801
938,11488
938,11004
938,156212
938,177882
938,207592
938,362404
10648,5136
10648,582
10648,1679
10648,5340
10648,5439
10648,7002
10648,10978
10648,11734
10648,177594
10648,188944
10648,238835
10648,269503
11368,1157
11368,5306
11368,1556
11368,4320
11368,6021
11368,10594
11368,15127
11368,33456
11368,34094
11368,155704
11368,155790
11368,166571
11368,207268
10875,3836
10875,3423
10875,10228
10875,10229
10875,159868
10875,173297
10875,191441
10875,194223
10875,195911
10875,196052
10875,213040
10875,243959
10875,254742
10875,255059
10875,262325
10875,284868
2075,2708
2075,3149
2075,4663
2075,15127
2075,232076
1551,314
1551,6155
1551,173719
1551,187675
1551,199686
1551,207844
1551,244949
22500,3469
22500,4278
22500,9887
22500,14544
22500,161919
22500,258226
10246,2389
10246,1196
10246,3186
10246,6593
10246,11254
10246,10250
10246,10873
10246,12011
10246,12425
10246,14794
10246,156391
10246,161266
10246,161267
10246,170827
10246,178649
10246,179431
10246,208445
10246,208611
10246,327057
19698,529
19698,14794
19698,18070
19698,161266
19698,161267
19698,179431
23919,161267
18835,6270
18835,3551
18835,10683
18835,9713
18835,12011
18835,13118
18835,171636
18835,178649
18835,185413
18835,254641
26554,1299
26554,11034
26554,171676
15239,6305
15239,417
15239,586
15239,4426
15239,9715
15239,2095
15239,1919
15239,6733
15239,11532
15239,9748
15239,9826
15239,9794
15239,15000
15239,155861
15239,157669
15239,157675
15239,157676
15239,157677
15239,157681
15239,157686
15239,157688
15239,170418
15239,193551
15239,210710
15239,213833
15239,235565
15239,288816
15239,297139
15239,309974
15239,325844
28165,233
28165,586
28165,9715
28165,10292
28165,9663
28165,11931
28169,9715
28169,10292
28169,8201
28169,9663
28169,11931
28169,11663
15762,1612
15762,1299
15762,1706
15762,6149
15762,10326
15762,10327
15762,9951
15762,9826
15762,10058
15762,10714
15762,12377
15762,13092
15762,157632
15762,157634
15762,225012
15762,262826
169,1297
169,1601
169,1603
169,9951
169,12670
169,13031
169,14909
169,14915
865,818
865,4565
865,4325
865,10562
865,180440
865,191047
865,201456
865,212516
865,271331
865,295702
865,299703
865,325424
865,325774
865,328973
865,336761
865,345131
865,350338
865,357496
9663,4129
9663,4663
9663,9951
9663,162359
9663,225219
9663,254167
9663,292593
9663,321464
26889,1501
26889,5730
26889,9951
10128,6147
10128,8015
10128,14909
9659,5657
9659,5175
9659,1009
9659,473
9659,4565
9659,4458
9659,2804
9659,3289
9659,3450
9659,5144
9659,6239
9659,6951
9659,8015
9659,9104
9659,9276
9659,7002
9659,13158
9659,14735
9659,14736
9659,18114
9659,175428
9659,200918
9659,201864
9659,202371
9659,219404
9659,262588
9659,269233
9659,312898
9659,325766
9659,325816
9659,325823
9659,325839
9659,325855
8810,2546
8810,5657
8810,3713
8810,1653
8810,4565
8810,1789
8810,5011
8810,4458
8810,2804
8810,3203
8810,3289
8810,5650
8810,5890
8810,8440
8810,9663
8810,9276
8810,10590
8810,10689
8810,12365
8810,14736
8810,15162
8810,17937
8810,158269
8810,172841
8810,175428
8810,175994
8810,192213
8810,200918
8810,208156
8810,210162
8810,219404
8810,269233
8810,325766
8810,325816
8810,325823
8810,325839
8810,325855
9355,5657
9355,1395
9355,604
9355,407
9355,4565
9355,1965
9355,4458
9355,3289
9355,4717
9355,10148
9355,8440
9355,8516
9355,9663
9355,10689
9355,18034
9355,157701
9355,175428
9355,194713
9355,200918
9355,208156
9355,210162
9355,219404
9355,269233
9355,325813
9355,325816
9355,325823
9355,325839
9355,325855
1727,779
1727,720
1727,351
1727,2735
1727,1803
1727,2172
1727,4009
1727,6779
1727,5903
1727,14735
1727,18021
1727,156650
1727,158045
1727,165301
1727,167043
1727,211512
1727,309974
635,242
635,1453
635,2860
635,531
635,3392
635,703
635,1803
635,2411
635,5340
635,2835
635,3179
635,9887
635,5545
635,4957
635,5810
635,8764
635,10138
635,9856
635,9826
635,10629
635,11044
635,12565
635,14765
635,14964
635,14999
635,33841
635,155790
635,156091
635,161268
635,161270
635,162852
635,190396
635,207889
635,245137
635,287870
635,293669
635,351855
10068,242
10068,549
10068,459
10068,2699
10068,1664
10068,2316
10068,5628
10068,5916
10068,6373
11495,657
11495,818
11495,1475
11495,9815
11495,171176
11495,280543
11428,818
11428,1734
11428,977
11428,627
11428,4375
11428,4553
11428,33841
11428,160131
11428,240237
11428,274115
11428,278130
11428,350502
11428,350504
10117,797
10117,1803
10117,2619
10117,2792
10117,4906
10117,10291
10117,10950
10117,18021
10117,18522
10117,157584
10117,178539
10117,180172
10117,188933
10117,219404
35936,409
35936,3644
35936,4106
35936,4344
35936,10181
35936,198066
25562,18298
25562,171261
51763,4098
51763,6984
51763,12425
51763,208611
51763,233016
51763,251436
51763,287033
51763,298675
73079,818
73079,3266
73079,2672
73079,9872
73079,12425
38921,817
38921,1437
38921,2619
38921,9727
35463,6149
35463,14964
9679,387
9679,380
9679,830
9679,5301
9679,1936
9679,703
9679,915
9679,10051
9679,9714
9679,10085
9679,10291
9679,10950
9679,11148
9679,14601
9679,15100
9679,41158
9679,156117
9679,162842
9679,164246
9679,219404
9679,226581
9679,227900
9679,321464
9679,325856
24587,1667
51333,1691
51333,4344
51333,9840
17771,1739
17771,5330
17771,1956
17771,2315
17771,155375
17771,164829
17771,191440
17771,207928
17771,236170
10264,697
10264,3071
10264,6464
10264,10181
10264,9748
10264,9826
10264,13153
31657,2957
31657,387
31657,2956
31657,447
31657,856
31657,2564
31657,8054
31657,9673
31657,11399
31657,11612
31657,208992
29204,1416
29204,637
29204,3462
29204,6220
29204,6382
29204,10572
29204,33475
29204,158744
29204,161919
29204,173687
29204,176095
29204,176096
29204,176098
29204,176104
17814,542
17814,6149
17814,502
17814,6259
17814,1468
17814,2583
17814,4063
17814,10349
17814,10950
17814,12371
17814,12670
17814,14707
17814,15234
17814,15321
17814,18107
17814,156257
17814,157481
17814,160798
17814,168713
17814,177317
17814,226254
17814,227951
17814,279115
11879,4932
11879,1415
11879,3133
11879,2669
11879,2725
11879,4399
11879,5091
11879,5606
11879,9016
11879,10250
11879,11546
11879,18114
11879,162685
11879,167043
11879,169590
11879,187056
11879,207268
11879,208975
21128,1415
21128,6259
21128,1556
21128,2150
21128,5521
21128,10950
21128,12670
21128,15009
21128,169977
21128,173224
21128,207268
21128,312898
482,5600
482,242
482,6149
482,2394
482,10601
482,15208
482,202371
482,314730
482,316832
482,325772
592,4918
592,582
592,1576
592,470
592,2380
592,2340
592,2980
592,2007
592,10410
592,15249
592,18420
592,178649
31593,387
31593,2956
31593,549
31593,567
31593,3581
31593,9748
31593,9826
31593,11363
31593,10410
31593,159909
31593,162340
31593,207268
12611,612
12611,966
12611,539
12611,818
12611,970
12611,1930
12611,1475
12611,2051
12611,5086
12611,10950
12611,14742
12611,18508
12611,155582
12611,163049
12611,177398
12611,197582
12611,202371
12611,210162
12611,244530
12611,266753
12611,322255
12611,325766
12611,325774
12611,325780
12611,325839
14328,818
14328,2463
14328,3616
14328,33861
14328,171476
14328,171486
14328,171493
14328,171497
32047,242
32047,417
32047,6149
32047,1228
32047,2980
32047,11734
32047,33518
32047,155799
9040,242
9040,417
9040,458
9040,6149
9040,5565
9040,6987
9040,9672
9040,9031
9040,10594
9040,11199
9040,11730
9040,11734
9040,15208
9040,163118
9040,177594
9040,178895
9040,209799
9040,210162
9040,276605
9040,284946
9040,288302
9040,316832
9040,321464
9040,322255
9040,325766
9040,325771
9040,325780
9040,325798
9040,325808
9040,325830
25364,10084
25364,798
25364,917
25364,1508
25364,8201
25364,9807
25364,12193
25364,12999
25364,18029
25364,18034
25364,155744
43002,720
43002,798
43002,818
43002,10685
43002,4097
43002,1797
43002,2673
43002,3131
43002,3230
43002,9777
43002,9890
43002,10718
43002,10562
43002,12999
43002,160798
43002,267333
43002,288002
5121,378
5121,6149
5121,1485
5121,1930
5121,1562
5121,1556
5121,2393
5121,5901
5121,4725
5121,9672
5121,7312
5121,10562
5121,11724
5121,162236
5121,239841
5121,320537
195,931
195,642
195,110
195,4129
195,5310
195,10181
195,11677
195,12999
195,34094
195,156764
195,211269
6978,779
6978,780
6978,2343
6978,582
6978,1930
6978,1788
6978,3070
6978,2035
6978,155497
6978,175428
6978,208289
6978,293198
6978,320420
3133,1583
3133,9672
3133,10718
3133,10562
3133,15291
3133,17987
3133,185456
3133,185457
3133,239841
3133,320537
643,4210
643,3234
643,3560
643,10089
643,14546
643,14837
643,41599
643,154802
643,158620
643,162845
643,186004
643,205585
643,208568
643,224427
643,239182
10571,6054
10571,1605
10571,815
10571,3616
10571,3200
10571,5490
10571,4663
10571,5785
10571,6170
10571,13160
10571,14534
479,2231
479,242
479,417
479,380
479,818
479,700
479,9714
479,9748
479,9826
479,14964
479,15090
479,160910
479,255667
479,256015
7450,4270
7450,10364
7450,1299
7450,4565
7450,9951
7450,9882
31023,6054
31023,1755
31023,5509
31023,5896
31023,8778
31023,10683
31023,10508
31023,156096
31023,214548
25636,726
25636,10123
25636,9696
25636,14964
25636,157908
25636,164877
25636,187056
41160,6075
41160,388
41160,13042
41160,155479
47439,818
47439,9552
47439,157955
7443,4932
7443,5215
7443,10685
7443,6089
7443,2479
7443,3289
7443,9180
7443,10121
7443,14601
7443,154846
7443,166726
7443,185522
7443,197065
7443,230385
7443,251579
7443,251580
7443,324713
2123,222
2123,7312
2123,8440
2123,179430
2123,179431
2123,320420
2123,325844
2024,5600
2024,10364
2024,1402
2024,531
2024,697
2024,526
2024,1627
2024,3074
2024,10292
2024,5992
2024,9672
2024,9725
2024,12995
2024,13065
2024,54324
2024,160279
2024,190024
2024,196684
17711,720
17711,6149
17711,6513
17711,9844
17711,7312
17711,11687
17711,9890
17711,186356
17711,209220
17711,214465
17711,229620
17711,269519
17711,325832
2133,818
2133,5096
2133,3366
2133,5565
2133,9672
2133,11399
2133,10617
2133,15097
2133,15249
2133,18171
2133,41393
2133,168663
2133,168669
2133,168672
2133,168676
2133,168678
2133,168679
2133,168683
2133,210608
2133,239821
25993,2884
25993,4924
25993,9706
25993,15106
25993,160174
25993,247779
25993,357347
25993,357348
28774,242
28774,818
28774,2340
28774,3335
28774,3363
28774,9951
28774,9738
28774,3623
28774,12553
28774,15106
28774,207317
46929,291
46929,3205
46929,3289
46929,9673
46929,10468
46929,11691
46929,166472
46929,166473
46929,179411
46929,189099
46929,191410
46929,209220
46929,360973
11598,1004
11598,917
11598,2954
11598,8201
11598,7271
11598,10582
11598,156203
9702,542
9702,2394
9702,2400
9702,2679
9702,9890
9702,10211
9702,10766
9702,10700
9702,10726
9702,12425
9702,14964
9702,164253
9702,193309
9702,206318
9702,206319
117026,156033
9873,242
9873,782
9873,797
9873,417
9873,6149
9873,703
9873,1812
9873,3045
9873,4009
9873,5956
9873,6220
9873,9758
9873,12093
9873,12371
9873,18118
9873,156208
9873,170118
9873,226499
9873,226919
16820,6104
16820,1576
16820,3149
16820,716
16820,1879
16820,3199
16820,8440
16820,9663
16820,9826
16820,11719
16820,12093
16820,12371
16820,14601
16820,33490
14864,439
14864,1003
14864,919
14864,2492
14864,11363
14864,15233
14864,41260
14864,207268
15379,2957
15379,422
15379,779
15379,2956
15379,1627
15379,1968
15379,11107
15379,10787
15379,13116
15379,15218
15379,164246
15379,273967
15379,309974
15379,325761
12764,2957
12764,422
12764,779
12764,2959
12764,10685
12764,697
12764,1627
12764,1968
12764,2434
12764,2803
12764,9748
12764,10950
12764,13006
12764,173971
12764,200918
12764,202371
12764,309974
12764,324713
12764,325761
12764,325762
12764,325763
12764,325764
12764,325766
12764,325854
12764,325856
27352,2957
27352,422
27352,779
27352,6783
27352,1627
27352,11107
27352,240377
8348,6054
8348,7312
8348,10051
8348,9503
8348,171831
8348,191845
8348,304129
24099,1566
24099,1299
24099,840
24099,2860
24099,5086
24099,14742
24099,211144
17897,1299
17897,331
17897,5457
17897,10107
17897,41599
17897,191012
17897,210911
17897,215122
17897,236458
17897,244234
17897,252696
28050,12339
28050,12570
28050,155049
16094,6270
16094,10275
16094,225219
16094,315310
16094,325784
16094,325815
16096,164246
20343,4344
13757,9977
13757,209220
13757,360973
11822,5919
11822,3190
11822,14534
90980,155744
26270,305
26270,3801
37744,3801
494,90
494,6277
494,409
494,2173
494,6019
494,5946
494,7540
494,10601
493,720
493,258
493,395
493,1227
493,1909
493,2013
493,5340
493,5446
493,10601
493,158741
12706,212
12706,585
12706,395
12706,6433
12706,5914
12706,34038
12706,155251
12706,193266
12706,207268
12706,323114
4244,965
4244,1599
4244,1660
4244,206736
4247,6270
4247,6259
4247,2101
4247,8201
4247,9755
4247,9964
4247,11931
4247,12416
4247,14964
4247,179430
4247,249969
4247,325809
20770,1862
20770,2920
20770,10180
20770,158718
20770,163037
20770,187056
20770,188720
20770,230556
20770,238832
20770,264386
20770,286187
20770,325832
1050,791
1050,1157
1050,4480
1050,4183
1050,4652
1050,5809
1050,941
1050,1879
1050,2384
1050,3131
1050,33683
1050,164920
1052,212
1052,1565
1052,1003
1052,1437
1052,6025
1052,2619
1052,3307
1052,4659
1052,4661
1052,4689
1052,9826
1052,12192
1052,13092
1052,14964
1052,15166
1052,15216
1052,173242
1052,210470
1052,299886
20540,818
20540,1739
20540,2433
20540,5634
1788,246
1788,1691
1788,733
1788,207010
1788,240303
1788,325765
32275,570
32275,459
32275,10201
32275,7439
32275,12653
32275,13078
32275,18035
32275,154796
32275,168220
32275,168471
32275,180532
32275,180795
32275,183528
32275,188014
32275,226774
32275,232371
32275,262325
32275,270830
32275,273246
32275,275787
32275,292094
32275,319919
32275,349810
36657,9715
36657,1852
36657,9717
36657,10761
44490,6054
44490,1523
44490,9825
44490,10048
44490,10333
44490,10180
44490,10965
44490,12670
44490,157213
44490,158718
44490,160246
44490,161958
44490,170179
44490,200234
44490,208251
44490,232763
44490,258533
44490,269808
44490,272617
44490,284103
44490,293649
44490,294265
44490,296232
44490,325804
44490,325805
44490,325842
44490,325852
1448,2858
1448,3133
1448,3185
1448,5439
1448,5503
1448,5504
1448,9840
1448,159401
1448,232469
36047,187056
2655,1889
2655,2726
2655,3358
2655,10224
2655,3301
2655,10112
2655,13063
2655,18127
2655,156799
2655,156948
2655,162846
2655,163186
2655,197582
2655,200234
2655,200918
2655,295809
2655,309974
2655,325761
2655,325763
2655,325769
2655,325770
2655,325773
2655,325776
2655,325853
2655,325856
12599,530
12599,270
12599,3754
12599,3289
12599,4238
12599,4295
12599,41645
12599,157524
12599,210024
12599,322942
33828,739
33828,9627
33828,9826
33828,158718
33828,211169
93,596
93,931
93,570
93,818
93,3012
93,933
93,934
93,1315
93,1416
93,1417
93,11038
93,10909
93,12999
93,33519
93,207240
93,214780
9278,2964
9278,801
9278,818
9278,3713
9278,4978
9278,4565
9278,4458
9278,4379
9278,11738
90715,9887
90715,155573
90715,163540
59181,3616
59181,10058
59181,13160
59181,170827
59181,194236
22167,10466
22167,14735
22167,34067
22167,206999
22167,236458
22167,254801
22167,308518
22167,308519
18118,1321
18118,1502
18118,362499
11940,1299
11940,5921
11940,7240
11940,8721
11940,10107
11940,10121
11940,10166
11940,10430
11940,14752
11940,14793
11940,18161
11940,41599
11940,158017
11940,158729
11940,191012
11940,191414
11940,234213
11940,252696
24167,570
24167,588
24167,970
24167,131
24167,4129
24167,972
24167,4402
24167,1956
24167,11159
24167,14768
24167,172218
24167,220235
24167,237059
24167,238754
24167,239301
24167,239302
10276,2415
10276,2835
10276,6018
10276,15106
10276,33694
19380,798
19380,1812
19380,1508
19380,18034
19380,161999
19380,207268
13783,1327
13783,1731
13783,2035
13783,3644
13783,4406
13783,5947
13783,9672
13783,10181
13783,11038
13783,163189
13783,231094
13783,236170
11624,2700
11624,3020
11624,571
11624,3201
11624,2376
11624,3098
11624,6444
11624,9706
11624,9344
11624,10180
11624,13084
11624,169618
11624,170827
11624,188242
11624,193262
11624,236316
15867,894
15867,966
15867,3739
15867,1252
15867,270
15867,5933
15867,6312
15867,10235
15867,15160
15867,15274
15867,34145
15867,208593
15867,240315
15867,241738
11686,4381
11686,12965
11686,13129
11686,33384
11686,185268
11686,207928
11686,236316
29263,1157
29263,2900
29263,6625
29263,41525
29263,156887
29263,166268
29263,196133
29263,208289
29263,215036
29263,228163
29263,240315
29263,316438
46754,187056
18702,2089
18702,156825
18702,188649
11830,4129
11830,1946
11830,4021
11830,5167
11830,6733
11830,9362
11830,10637
11830,155497
11830,155691
11830,160488
11830,191821
11830,232755
11830,235817
11830,238836
11830,280027
11830,285928
11830,296852
11830,303310
11830,308068
11830,324713
11830,325844
11830,326624
11830,327498
16110,3030
16110,2343
16110,1262
16110,3289
16110,3450
16110,4066
16110,4481
16110,10235
16110,164738
16110,187056
16110,256087
16110,260005
16110,267876
16110,269769
16110,324109
16110,325761
16110,325763
16110,325784
16110,325787
16110,325791
16110,328683
16110,328684
12107,10125
12107,9181
12107,18035
12107,160450
12107,179431
12107,191881
10401,236
10401,254
10401,90
10401,395
10401,291
10401,3450
10401,4728
10401,5771
10401,281079
10401,306224
32640,212
32640,380
32640,828
32640,175499
10641,3737
10641,1605
10641,2038
10641,2203
10641,5091
10641,3836
10641,9673
10641,14534
10641,156455
10641,187056
10641,222114
10641,292593
10641,319319
10641,324429
10641,325814
10641,325835
10641,325854
6282,9767
9383,1706
9383,627
9383,3289
9383,12339
9383,14760
9383,50009
9383,160130
9383,178649
9383,189115
5551,1432
5551,3801
5551,11606
5551,14626
5551,172971
43079,6270
43079,733
43079,6075
43079,8864
27723,246
27723,1524
27723,966
27723,718
27723,703
27723,10738
27723,8201
27723,10181
27723,8613
27723,9713
27723,9748
27723,9826
27723,11931
27723,13088
27723,15127
27723,164218
27723,171636
2360,2231
2360,6149
2360,4129
2360,4168
2360,8079
2360,10776
2360,14964
2360,160488
28043,428
28043,3133
28043,6103
28043,6844
28043,9706
28043,9826
28043,11581
28043,162846
28043,238142
28043,250593
28043,256183
33468,1706
33468,741
33468,1852
33468,2687
33468,3262
33468,6593
33468,9844
33468,3688
33468,11181
33468,10124
33468,10478
33468,10770
33468,11581
33468,13063
33468,33498
33468,157959
21866,9673
21866,155291
21866,156622
33408,2087
33408,736
33408,1523
33408,9740
33408,9748
33408,10809
33408,14669
33408,159278
33408,207767
33408,238267
11589,1321
11589,2898
11589,1956
11589,3072
11589,11117
11589,4595
11589,10786
11589,9450
11589,9683
11589,288816
11589,325778
11589,361867
15158,7939
15158,12434
15158,156075
15158,162333
15158,162334
16139,12377
16139,162332
16139,162333
16139,162335
16146,1227
16146,162332
16146,162333
16146,162334
26515,616
26515,697
26515,12198
26515,9826
26515,3623
26515,15001
26515,41011
26515,156075
26515,232766
11856,2957
11856,591
11856,3800
11856,3391
11856,973
11856,3203
11856,8810
11856,14964
11856,208992
13567,5767
13567,367
13567,10292
13567,9826
13567,10714
13567,12339
13567,14576
13567,41329
13567,158345
13567,315058
10860,2660
10860,531
10860,3258
10860,5248
10860,10181
10860,159103
10860,254167
10860,319319
10860,320420
10860,325786
10860,325801
8420,2087
8420,2393
8420,8080
20850,570
20850,1706
20850,2652
20850,74
20850,4426
20850,5919
20850,1799
20850,1968
20850,10053
20850,13006
20850,161351
20850,275267
20850,279911
39473,2726
39473,2587
39473,1646
39473,3335
39473,6309
39473,11336
39473,15155
39473,213134
39473,240132
39473,266867
39473,276533
39473,302593
39473,310491
39473,312365
27452,818
27452,1816
27452,5707
27452,5927
27452,6231
27452,10178
27452,10392
27452,10714
27452,15127
27452,15346
27452,33505
27452,155811
27452,172497
27452,172929
27452,179423
27452,186195
27452,195593
27452,233450
27452,235778
27452,237670
27452,239256
27452,253807
27452,275089
27452,302555
27452,329993
27452,330011
77571,2564
77571,3423
77571,261759
2211,220
2211,2652
2211,1956
2211,3691
2211,9833
2211,15136
2211,264386
201581,970
201581,1680
201581,10235
10391,380
10391,1646
10391,3099
10391,4788
10391,15001
14195,1930
14195,2672
14195,8201
14195,5545
14195,9782
14195,9785
14195,13015
14195,235736
14195,316396
15665,281585
15665,325784
10393,4112
10393,6075
10393,579
10393,8338
10393,9789
10393,201189
18168,2389
18168,1326
18168,380
18168,828
18168,5301
18168,6038
18168,3182
18168,5490
18168,6167
18168,9673
18168,14534
18168,155241
8843,387
8843,222
8843,793
8843,4563
8843,2726
8843,6259
8843,1812
8843,5340
8843,2673
8843,10292
8843,9887
8843,6373
8843,10714
8843,18034
8843,184312
8843,234868
10643,233
10643,1299
10643,3243
10643,11100
10643,9951
10643,159099
10643,161791
10643,193907
10643,257384
23618,6029
23618,10123
23618,9716
23618,323976
117262,4048
117262,1228
117262,12396
117262,220782
30946,10181
30946,173594
37136,441
37136,6149
37136,2269
37136,1480
37136,9755
37136,9253
37136,12670
37136,13015
37136,156117
37136,157241
37136,167316
37136,227056
37136,236316
37136,269233
37136,269769
37136,325812
37137,840
37137,521
37137,833
37137,6149
37137,9755
37137,9253
37137,11931
37137,12670
37137,269233
37137,269769
23283,1415
23283,6018
23283,10181
23283,10809
23283,206792
23283,236170
3110,6054
3110,797
3110,818
3110,1419
3110,2539
3110,3591
3110,5572
3110,9736
3110,12371
3110,12441
3110,68642
3110,157930
3110,158615
3110,163674
3110,186391
3110,208476
3110,208787
3110,236626
3110,248334
14698,1604
14698,514
14698,4129
14698,1899
14698,2251
14698,6362
14698,3804
14698,10041
14698,11857
14698,10937
14698,11612
14698,15106
14698,161698
14698,189400
14698,189401
14698,258533
11694,5600
11694,75
11694,1016
11694,818
11694,2752
11694,33457
11694,156120
11694,169129
11694,170771
11694,192032
11694,235153
11694,356167
47434,242
47434,254
47434,15162
47434,187056
47434,189131
39891,818
39891,6152
39891,3099
39891,3888
39891,4252
39891,5545
39891,14999
39891,156174
39891,162745
39891,178647
39891,190396
39891,207876
39891,209568
76891,2708
76891,171493
9651,2343
9651,9715
9651,3290
9651,9717
9651,9820
9651,10809
9651,33608
9651,156174
9651,156525
9651,179542
9651,239324
9651,254641
26865,1299
26865,388
26865,1618
26865,9741
11398,242
11398,779
11398,441
11398,1704
11398,478
11398,470
11398,1812
11398,2297
11398,3292
11398,4289
11398,10185
11398,10410
11398,12354
11398,13116
11398,15053
11398,155392
11398,161520
11398,163589
11398,180172
11398,188712
11398,213448
11398,219404
11398,257259
11398,309974
11398,336976
11398,336978
11398,336981
1588,6270
1588,1196
1588,6075
1588,7307
1588,2803
1588,2920
1588,3548
1588,9823
1588,8635
1588,11672
1588,11870
1588,10809
1588,33424
1588,33928
1588,40905
1588,163210
1588,169071
1588,179431
1588,293649
1588,315310
1588,325761
1588,325765
1588,325834
1588,325835
25128,187056
41282,6270
41282,5744
41282,1016
41282,10683
41282,173186
41282,187056
41282,208992
41282,240237
12211,242
12211,779
12211,4978
12211,697
12211,2908
12211,3095
12211,3861
12211,9725
12211,14946
12211,177895
12211,192913
12211,219404
12211,234213
12211,251513
12211,269233
9995,897
9995,641
9995,697
9995,4562
9995,1952
9995,4344
1698,8657
1698,156096
1698,157890
1698,163128
1698,187677
10480,3458
10480,10322
10480,13028
10480,168637
10480,168638
10480,168643
10480,168654
10480,251667
10480,284115
10480,320420
80713,9713
80713,10226
80713,11612
80713,15162
80713,33372
80713,172399
80713,172742
80713,177077
80713,206887
10685,520
10685,1812
10685,2250
10685,5340
10685,3877
10685,4633
10685,10714
10685,12663
10685,15106
10685,157154
1619,612
1619,75
1619,534
1619,1336
1619,1930
1619,3149
1619,1666
1619,5098
1619,5626
1619,7638
1619,10594
1619,12371
1619,13017
1619,15009
1619,18034
1619,33626
1619,168713
786,922
786,6029
786,578
786,2080
786,1803
786,1768
786,2635
786,4044
786,4045
786,5540
786,9672
786,8181
786,10683
786,10505
786,15291
786,157722
786,163976
786,165402
786,170333
786,178650
786,180413
786,256330
786,266753
786,296608
786,325765
786,325781
786,325784
786,325819
786,327617
14805,156121
51179,212
51179,3149
51179,10123
51179,6399
51179,8181
51179,10131
51179,11343
51179,14638
51179,14829
51179,18254
51179,33456
51179,34112
51179,177958
51179,177960
51179,177964
51179,177967
51179,197999
46119,570
46119,1523
46119,769
46119,11038
46119,9826
46119,33720
46119,33841
18074,4344
170767,514
170767,2679
170767,4849
170767,5565
170767,6897
77332,242
77332,2340
77332,2754
77332,9887
77332,2864
77332,10181
77332,9748
77332,9955
77332,160335
77332,258533
27665,642
29015,9715
29015,155030
29015,281237
29015,318325
29015,328646
10562,570
10562,2619
10562,6921
10562,7098
10562,10714
10562,10909
10562,217324
10562,267689
201724,242
201724,13014
201724,177927
201724,208797
12212,886
12212,3616
12212,3880
12212,9663
12212,9826
12212,9955
12212,10714
12212,12339
12212,15127
12212,179430
12212,239901
14629,187056
14629,264118
16,730
16,30
16,2356
16,1741
16,246
16,2480
16,1415
16,2487
16,2489
16,642
16,6148
16,4344
16,5248
16,9826
16,11061
16,15090
16,155781
16,188841
16,240237
16,324886
13785,276
13785,2589
13785,1245
13785,6879
13785,11800
13785,15162
13785,158225
13785,158228
13785,166926
13785,208152
34299,187056
22597,1253
22597,1480
22597,3230
22597,4037
22597,9799
22597,5625
22597,9833
22597,158718
22597,245045
22597,258533
22597,265777
19348,6075
19348,187056
19348,198585
19348,209476
10637,6270
10637,6054
10637,6075
10637,529
10637,6078
10637,579
10637,1228
10637,1482
10637,3060
10637,4098
10637,4106
10637,6984
10637,9672
10637,7856
10637,8635
10637,3847
10637,41385
10637,160910
10637,160977
10637,222721
9003,818
9003,459
9003,4424
9003,4720
9003,6152
9003,3358
9003,3182
9003,10292
9003,9887
9003,10327
9003,5921
9003,9748
9003,10864
9003,13067
9003,15001
9003,17996
9003,155619
9003,156174
9003,158713
9003,161208
9003,162804
9003,166869
9003,174413
9003,186071
9003,208729
9003,225433
9003,272772
9003,287274
9003,325825
9003,335855
9003,346687
9064,4424
9064,6154
9064,3182
9064,5921
9064,8377
9064,9663
9064,11536
9064,10085
9064,10770
9064,13006
9064,15001
9064,17973
9064,17996
9064,18129
9064,157782
9064,157788
9064,157790
9064,157791
9064,161208
9064,190007
9064,287274
11569,2334
11569,5611
11569,6024
11569,8377
11569,8378
11569,12193
11569,17996
11569,156075
11569,161208
10434,10084
10434,220
10434,290
10434,5768
10434,9713
26484,1524
26484,966
26484,4344
26484,41240
26484,161276
39113,3490
39113,65
39113,4344
39113,9828
39113,11034
38126,1706
38126,3822
38126,9410
38126,6719
38126,9663
38126,12999
38126,14760
38126,17990
38126,155235
38126,181304
38126,223059
38126,256658
38126,263851
38126,265172
38126,270327
53617,4344
53617,10539
53617,14736
53617,191529
53617,200095
469,622
469,1196
469,242
469,2356
469,6054
469,1317
469,643
469,1244
469,2355
469,167043
469,327617
2160,4776
2160,1860
2160,1806
2160,3772
2160,2210
2160,2984
2160,3312
2160,10085
2160,8012
2160,10124
2160,12654
2160,13040
2160,14601
2160,15053
2160,15246
2160,18070
2160,33782
2160,174244
2160,198423
2160,207656
2160,217163
2160,219972
2160,221816
2160,226381
2160,227612
2160,227613
2160,227614
2161,732
2161,339
2161,2147
2161,2820
2161,3290
2161,3722
2161,6380
2161,3637
2161,9741
2161,12101
2161,13005
2161,14760
2161,15246
2161,159457
2161,162365
2161,189401
2161,208637
2161,226153
2161,227610
2161,309974
2161,325762
3073,11155
3073,12416
3073,12999
3073,164218
3073,188990
3073,203836
3073,258464
3073,259940
3073,261274
3073,284437
911,5600
911,387
911,15363
911,33457
911,41180
911,191845
911,233895
911,238116
10973,3799
10973,1299
10973,3713
10973,1422
10973,1719
10973,1963
10973,5968
10973,7994
10973,12999
10973,13031
10973,14760
10973,33696
10973,156317
10973,186188
10973,223377
34077,1299
34077,1556
34077,5704
34077,18034
34077,219388
10787,818
10787,6255
10787,852
10787,4619
10787,10125
10787,9826
10787,10718
10787,10794
10787,12999
10787,14750
10787,14760
10787,14915
10787,156764
10787,160130
10787,189115
10787,226499
10787,270320
10787,271162
43109,567
43109,5160
43109,10125
43109,53994
43109,156630
43109,158252
43109,162521
43230,9678
43230,1815
43230,10891
43230,14909
43230,191519
43230,228851
43230,233325
43230,239359
43230,239360
15855,2199
15855,4344
15855,9714
15855,15032
15855,186849
15855,206597
15855,233843
9507,2964
9507,3713
9507,1576
9507,9748
9507,9826
9507,10410
9507,14544
9507,14601
27475,11798
27475,5595
27475,8224
27475,9826
27475,10226
27475,10714
27475,12339
27475,155024
27475,187056
27475,225012
27475,234906
27764,12339
27764,187056
27767,12339
27767,187056
40760,3616
40760,9815
40760,10058
40760,12339
40760,18028
40760,173298
40760,187056
40760,194236
40446,3358
40446,11798
40446,3688
40446,10112
40446,10111
40446,10058
40446,10714
40446,12339
40446,171582
40446,188552
24664,3060
24664,7271
24664,12425
24664,169086
24664,170083
24664,184816
24664,203322
24664,210349
24664,281237
24664,303942
24664,315053
24664,325834
21370,730
21370,246
21370,4345
21370,243959
20455,1299
20455,6104
20455,282
20455,9715
20455,5019
20455,11615
20455,12197
20455,14643
20455,160189
20455,178853
20455,210024
20455,222243
20455,269233
20455,269769
20455,325426
10461,4720
10461,5593
10461,9844
10461,9714
1485,445
1485,5215
1485,2708
1485,3739
1485,697
1485,5301
1485,3149
1485,155479
1485,207268
1485,361867
1597,5600
1597,591
1597,3800
1597,822
1597,428
1597,977
1597,3454
1597,4604
1597,5599
1597,5601
1597,5602
1597,5604
1597,5605
1597,11612
1597,13027
1597,325765
641,2231
641,417
641,726
641,6059
641,5360
641,6255
641,2671
641,1803
641,2375
641,3298
641,3428
641,3429
641,3454
641,9887
641,4662
641,6930
641,11494
641,9872
641,10614
641,11505
641,10776
641,10717
641,12191
641,14658
641,15106
641,33515
641,33625
641,41515
641,155418
641,157223
641,158449
641,161163
641,161798
641,163048
641,163968
641,164698
641,164877
641,165423
641,172383
641,176104
641,178649
641,188925
641,188953
641,193697
641,195648
641,196705
641,229800
641,258533
641,264386
641,269726
641,281692
641,295694
641,302130
641,309029
641,311259
641,311315
641,359537
10687,1228
10687,3134
10687,7658
10687,14600
10687,169123
10687,169129
10687,169131
10687,169140
10687,169141
6521,840
6521,521
6521,6086
6521,6078
6521,2943
6521,193533
10763,1556
10763,5720
10763,6779
10763,13005
10763,170521
10763,249237
100975,1326
100975,242
100975,428
100975,738
100975,9840
100975,10226
100975,18068
100975,164246
100975,178649
16888,2135
16888,10337
16888,192789
10383,2337
10383,5600
10383,6625
10383,8685
10383,33841
21142,570
21142,10873
78140,6078
78140,2944
2134,613
2134,2964
2134,212
2134,818
2134,1436
2134,4565
2134,4379
2134,5455
2134,8250
2134,11239
2134,10028
2134,252123
2134,276455
2134,321482
2134,325835
2134,361867
18801,818
18801,1992
18801,6152
18801,10224
18801,9826
18801,18035
18801,244229
18498,616
18498,1299
18498,2858
18498,11855
18498,9826
18498,12545
18498,13031
18498,15001
18498,157667
18498,161270
18498,259371
42797,4388
42797,1981
42797,4344
42797,10181
42797,10329
42797,189392
42797,209410
42797,236170
13465,818
13465,3335
13465,3289
13465,11477
13465,156866
13465,169064
13465,172242
13465,183427
13465,193172
13465,208024
13465,360973
27033,1157
27033,5707
27033,6625
27033,9807
27033,12999
27033,33457
27033,33518
27033,156866
27033,160246
27033,262033
20367,818
20367,9807
20367,11546
20367,167043
20367,255656
71,246
71,6054
71,1566
71,2684
71,5215
71,1682
71,4112
71,5290
71,1013
71,3929
71,1310
71,1647
71,1773
71,2086
71,3344
71,4118
71,5397
71,10683
71,10551
71,11336
71,12090
71,12544
71,33479
71,33928
71,33940
71,34118
71,158718
71,162845
71,165244
71,169333
71,181052
71,183141
71,193430
71,207010
71,208289
71,222478
71,240119
71,243262
71,246028
71,258533
71,298896
71,298897
71,298898
71,302839
71,325781
1636,2038
1636,4896
1636,4957
1636,5810
1636,9714
1636,14999
1636,15001
1636,187084
1636,192148
1636,210589
1636,305648
10647,161868
10647,166625
10647,170365
10647,170375
10647,170378
10647,170380
10647,170383
10647,170389
10647,170390
10647,187056
19204,612
19204,1706
19204,2411
19204,6154
19204,10292
19204,9887
19204,10326
19204,10327
19204,11532
19204,12377
19204,15032
19204,33505
19204,157512
19204,162846
19204,164092
19204,189921
19204,208580
19204,210162
19204,210163
19204,215305
13762,11931
13762,41185
12207,6054
12207,779
12207,780
12207,797
12207,478
12207,567
12207,970
12207,5572
12207,12965
12207,15111
12207,190992
12207,293104
12207,304040
12207,325765
12207,352204
11531,616
11531,5774
11531,10629
11531,201456
11531,209568
11531,309974
11531,325844
24100,818
24100,3133
24100,4197
24100,9668
10783,902
10783,4258
10783,6340
10783,3694
10783,11061
10783,187056
47302,4522
47302,6562
47302,173242
47302,195286
47302,236197
4327,779
4327,4654
4327,470
4327,2803
4327,4289
4327,8201
4327,5248
4327,33626
4327,33705
4327,156525
4327,163070
4327,164246
4327,168003
4327,269769
4327,314730
4327,315310
4327,325761
4327,325765
4327,325772
4327,325773
4327,325778
4327,325811
4327,325835
4327,325845
4958,818
4958,6075
4958,1786
4958,2504
4958,271
4958,2702
4958,5571
4958,7464
4958,7322
4958,214548
4958,235152
4958,328580
4958,328581
9678,242
9678,380
9678,970
9678,6154
9678,4084
9678,10138
9678,15001
9678,223469
9678,240119
11978,269
11978,4410
8870,2964
8870,839
8870,14544
8870,14626
8870,161176
8870,188351
8870,195114
77434,158718
77434,187056
77434,264386
14295,380
14295,13017
14295,14768
14295,40865
14295,164193
14295,187249
14295,197743
14295,236343
14295,240485
681,6212
681,1721
681,587
681,470
681,3271
681,3376
681,4289
681,4585
681,9826
681,11259
681,14570
681,33626
681,154881
681,155514
681,174511
681,174519
681,174520
681,174523
681,179430
681,206694
681,319397
11372,818
11372,2652
11372,392
11372,1956
11372,8077
11372,33847
11372,159869
11372,180546
11372,207883
11372,243503
11372,268160
8452,1280
8452,402
8452,4565
8452,1718
8452,3289
8452,9685
8452,9826
8452,12190
8452,14760
8452,175629
8452,187046
8452,219404
10862,4327
10862,3817
10862,697
10862,4129
10862,7464
10862,9872
10862,33457
10862,33720
10862,40850
10862,175421
10862,249530
8871,1605
8871,818
8871,65
8871,1441
8871,5331
8871,1991
8871,9887
8871,9727
8871,170418
8871,207317
8871,262691
34045,2070
34045,1228
34045,18233
16340,90
16340,3289
16340,3338
16340,9663
16340,166726
10481,378
10481,212
10481,3398
10481,3478
10481,5424
10481,8841
10481,8905
10481,15162
10481,158369
10481,245230
10481,259376
10867,931
10867,629
10867,4129
10867,1956
10867,4115
10867,9767
10867,9986
10867,15049
10867,34038
10867,156322
10867,179178
10867,238263
10867,325761
10867,325853
10867,332694
10867,332695
10876,90
10876,6212
10876,2884
10876,4319
10876,10181
10876,13097
10876,192628
10876,207928
10876,256466
10876,359009
9741,276
9741,970
9741,5809
9741,9715
9741,4619
9741,8872
9741,15208
9741,33637
9741,162735
9741,200234
9741,200918
9741,201864
9741,240119
9741,325818
79920,158718
79920,190200
79920,258533
146,779
146,780
146,818
146,334
146,2063
146,1938
146,4809
146,9990
146,1262
146,4575
146,5572
146,9725
146,9727
146,9748
146,14604
146,15126
146,18432
146,160279
146,184656
146,192913
146,206071
146,217367
146,219404
146,236217
146,324713
11849,779
11849,2343
11849,2095
11849,2280
11849,3289
11849,6203
11849,6088
11849,9727
11849,12554
11849,34137
11849,158455
11849,170362
11849,234213
11849,263333
11849,269233
11983,1605
11983,1562
11983,33705
11678,10084
11678,486
11678,4560
11678,7021
11678,8624
11678,9356
11678,10349
11678,159212
11678,160177
11678,175428
11678,209504
2669,658
2669,3799
2669,911
2669,1860
2669,1889
2669,3725
2669,3180
2669,9672
2669,6611
2669,9826
2669,33760
2669,41599
2669,47972
2669,160279
2669,168683
2669,170335
2669,184418
2669,214789
2669,275064
20721,779
20721,6149
20721,1568
20721,2708
20721,1721
20721,3149
20721,9748
20721,10391
20721,11148
20721,13006
20721,33556
20721,219404
2609,520
2609,242
2609,4543
2609,8044
2609,7312
2609,13008
2609,15214
2609,33809
2609,167948
2609,167951
2609,167952
2609,167959
2609,167963
2609,167965
2609,167968
2609,167970
2609,167975
2609,167982
2609,179430
2609,309496
2609,320420
2609,324713
2609,325765
2609,325782
12714,11093
12714,156578
708,378
708,212
708,441
708,3800
708,10685
708,374
708,392
708,3269
708,2001
708,470
708,769
708,3534
708,3272
708,2149
708,1308
708,3536
708,3289
708,3278
708,3529
708,3531
708,3532
708,1610
708,3537
708,3538
708,3539
708,3540
708,3541
708,5886
708,18267
708,186450
708,325769
1857,4375
1857,10244
1857,10542
1857,14544
1857,273967
1857,323809
10673,242
10673,4373
10673,5636
10673,5628
10673,6118
10673,10631
10673,10909
10673,15137
10673,33626
10673,168346
10673,177493
10673,203528
10673,208289
10673,247861
10673,281170
2604,2957
2604,422
2604,447
2604,1228
2604,2564
2604,5565
2604,9672
2604,14641
2604,18034
2604,159743
2604,165431
2604,188991
2604,208611
2604,208992
10132,2142
10132,3740
10132,4305
10132,3836
10132,11211
11064,586
11064,818
11064,1003
11064,1480
11064,7597
11064,9714
11064,10909
11064,33626
11064,168346
11064,184238
11064,188028
11064,208593
11064,226549
11064,226550
11064,226553
107,642
107,900
107,392
107,394
107,395
107,397
107,398
107,1385
107,4931
107,3149
107,2792
107,17977
107,40903
107,193897
107,227892
107,320420
40820,276162
392,1415
392,254
392,818
392,715
392,970
392,941
392,1917
392,1919
392,1922
392,1924
392,9799
392,9457
392,11011
392,14765
392,158390
392,172391
392,185233
392,208611
392,209593
392,231669
392,236837
392,303310
392,325762
392,325765
392,325813
392,325834
392,325856
8859,6054
8859,1453
8859,331
8859,2415
8859,5490
8859,6241
8859,8224
8859,11461
8859,11931
8859,14964
8859,15237
8859,33648
8859,179431
8859,208349
8859,245597
11688,1291
11688,4152
11688,1421
11688,5967
11688,2280
11688,3289
11688,3998
11688,9360
11688,11687
11688,10600
11688,191600
11688,213097
11688,320420
12509,5918
12509,2679
12509,3836
12509,437
12509,5565
12509,5625
12509,7464
12509,13072
12509,179874
12509,207883
12509,211869
12509,256942
3981,1475
3981,9799
3981,9094
3981,33479
3981,33637
3981,155888
3981,161166
3981,168750
3981,187056
3981,244482
3981,324429
3981,325765
3981,325769
711,3737
711,6270
711,6054
711,6278
711,380
711,818
711,6059
711,1412
711,213
711,388
711,496
711,2132
711,1992
711,1310
711,3192
711,3548
711,3549
711,3551
711,3553
711,3556
711,3558
711,170652
2046,1415
2046,798
2046,1566
2046,663
2046,3030
2046,6148
2046,4129
2046,2591
2046,10170
2046,15378
2046,41171
2046,163558
2046,170620
2046,212643
2046,245264
5001,242
5001,236
5001,740
5001,701
5001,2137
5001,2679
5001,3497
5001,5034
5001,4849
5001,5565
5001,7936
5001,7937
5001,10180
5001,10818
5001,158455
5001,158718
8358,911
8358,1252
8358,5605
8358,10349
8358,9957
8358,12617
8358,155746
8358,157524
8358,321464
8358,325778
8358,325835
5994,4480
5994,1022
5994,1599
5994,65
5994,34004
5994,157303
5994,160269
5994,184559
5994,194780
5994,207317
5994,215325
5994,226409
5994,231932
5994,260365
25520,242
25520,818
25520,2300
25520,9957
25520,156037
25520,165282
25520,171556
25520,196630
25520,215773
25520,236170
25520,236227
25520,254097
25520,258180
25520,307257
25520,325379
1493,4654
1493,5340
1493,5496
1493,8290
1493,11860
1493,13015
1493,18420
1493,210609
1493,214664
1493,240103
134,532
134,727
134,818
134,530
134,531
134,787
134,3182
134,4373
134,212737
134,225219
134,311315
134,325765
134,325787
134,325807
134,325811
134,325835
62677,4344
62677,187056
21991,1415
21991,886
21991,1919
21991,9732
21991,11262
21991,33490
21991,41393
21991,155851
21991,156799
10577,779
10577,212
10577,1721
10577,3133
10577,186
10577,4197
10577,4375
10577,9259
10577,10886
10577,12564
10577,15032
10577,232469
10577,261274
21355,246
21355,316
21355,3800
21355,1563
21355,769
21355,1909
21355,1556
21355,2673
21355,2752
21355,9897
21355,9849
21355,9890
21355,13092
21355,156795
21355,156796
21355,207883
29122,10882
29122,10883
11973,840
11973,6078
11973,1815
11973,2106
11973,4170
11973,156661
11973,181558
11973,188712
11973,208992
1900,2231
1900,5600
1900,456
1900,726
1900,3391
1900,6212
1900,1601
1900,2149
1900,4436
1900,4668
1900,5905
1900,5616
1900,6782
1900,18026
1900,277166
44853,818
44853,9840
44853,298374
44853,335774
10873,3133
10873,886
10873,179860
26719,395
26719,5305
26719,3202
26719,4373
26719,10453
26719,15106
26719,177066
26719,207268
26719,244853
31583,6259
31583,9016
31583,10856
31583,207268
15739,516
15739,4344
15739,10181
15739,9717
15739,12547
15739,12663
15739,13014
15739,41328
15739,161868
15739,162632
15739,165113
15739,165114
15739,229809
15739,325763
15739,325765
15413,2604
15413,196548
15413,196549
2623,3588
2623,2038
11209,1556
11209,6093
11209,6335
11209,10141
11209,155466
11209,192279
11209,290957
11209,296441
13715,1415
13715,570
13715,904
13715,975
13715,1228
13715,2025
13715,9672
13715,9740
13715,10291
13715,14964
13715,15155
13715,18425
13715,33421
13715,33519
13715,34142
13715,155712
13715,158927
13715,161196
13715,166582
13715,198623
13715,206928
13715,208806
13715,232076
13715,240119
13715,242085
13715,244530
13715,325790
13715,325792
13715,325823
19108,1415
19108,779
19108,417
19108,934
19108,9276
19108,13116
19108,14707
19108,14955
19108,18522
19108,155497
19108,219404
8043,5744
8043,6092
8043,1563
8043,11207
8043,13008
43258,1447
43258,393
43258,818
43258,6150
43258,2831
43258,2821
43258,11001
43258,15169
43258,41364
43258,179585
43258,188901
43258,192772
43258,198423
43258,207928
43258,211215
43258,274542
43258,287033
43258,314171
43258,350339
10655,6092
10655,393
10655,4097
10655,4302
10655,14643
10655,160201
10655,166464
10655,179585
10655,185723
10655,230457
75490,1896
75490,2348
75490,5905
75490,10683
75490,208992
34794,3136
34794,14742
34794,15043
34794,163053
34794,163186
34794,164148
34794,226009
34794,276164
9989,6104
9989,2157
9989,1576
9989,4566
9989,2101
9989,3230
9989,3523
9989,7508
9989,49960
9989,157238
9989,160246
9989,171854
18828,591
18828,534
18828,1812
18828,13008
9816,4118
9816,4344
9816,10551
20637,10123
20637,15009
20637,207268
5955,6044
5955,9826
5955,13151
5955,177996
5955,187327
5955,187328
5955,241801
66599,521
66599,992
66599,5720
66599,7312
66599,10131
66599,12425
66599,170548
66599,208992
17474,380
17474,3134
17474,10683
17474,13078
17474,157303
17474,164246
17474,196023
17474,208611
17474,210434
17474,241738
11191,828
11191,4735
11191,6981
11191,10683
11191,10050
11191,10809
11191,13043
11191,18295
11191,18396
11191,160330
11191,165301
11191,169283
11191,187224
11191,220314
11191,295959
11191,305161
2613,699
2613,5133
2613,33721
2613,229871
22021,6145
22021,3454
22021,7002
22021,10601
22021,156117
22021,325780
22021,325844
22048,11494
22048,9748
22048,10601
22048,13059
22048,325815
17006,1701
17006,1667
17006,2394
17006,4553
17006,4507
17006,10601
26333,9673
26333,10614
26333,13014
26333,18161
16723,2546
16723,6270
16723,642
16723,1419
16723,526
16723,579
16723,974
16723,3725
16723,2920
16723,5248
16723,9673
16723,10594
16723,168930
16723,173186
16723,187056
16723,201164
16723,325784
2018,582
2018,2692
2018,2381
2018,9799
2018,13005
2018,13027
2018,41185
2018,160246
2018,177973
2018,188294
2018,196899
2018,208759
2018,234660
2018,264136
2018,312533
2018,324254
2018,324255
2018,324258
2018,324259
31768,187056
287991,242
287991,2981
287991,208042
287991,281237
287991,292049
47595,596
47595,187056
18856,236
18856,90
18856,5905
18856,1295
18856,5923
10499,836
10499,1772
47943,6054
47943,548
47943,6259
47943,2800
47943,6020
47943,18035
47943,33694
47943,180413
47943,215764
47943,237458
74340,840
74340,6075
74340,680
74340,160381
74340,162739
74340,182185
5709,986
5709,9706
5709,11931
5709,155493
5709,236316
11215,1415
11215,1009
11215,1873
11215,2735
11215,2751
11215,4021
11215,8632
11215,8018
11215,11860
11215,13014
11215,14549
11215,14602
11215,156799
11215,168346
11215,178848
11215,208476
11215,288470
11215,307146
11215,321406
11215,328035
11215,331252
11215,331253
26477,11931
26477,187056
10937,3658
10937,549
10937,1721
10937,3458
10937,5933
10937,7464
10937,10594
10937,12670
10937,15237
10937,41603
10937,164698
10937,186150
10937,192530
10937,198673
10937,223338
10937,238174
10937,283674
4639,242
4639,387
4639,642
4639,6149
4639,258
4639,703
4639,1556
4639,2013
4639,10051
4639,9740
4639,9826
4639,10714
4639,10818
4639,12371
4639,13028
4639,15167
4639,18114
4639,41019
4639,191507
96,6149
96,374
96,1567
96,1568
96,703
96,5340
96,4898
96,3688
96,9663
96,10950
96,12371
96,12670
96,18021
96,155544
96,163047
96,167124
96,167316
96,167970
96,178849
96,226428
96,226429
96,270731
96,272844
96,273392
96,322635
96,325765
90,797
90,3391
90,1568
90,2150
90,3688
90,12371
90,12545
90,12670
90,14967
90,15478
90,18021
90,157892
90,160246
90,161982
90,163047
90,167124
90,167316
90,167541
90,172466
90,178539
90,178849
90,188294
90,188933
90,227863
90,256330
90,273392
90,279019
90,309974
90,320420
11028,417
11028,6149
11028,2411
11028,5340
11028,9826
11028,10726
11028,11734
57240,520
57240,18068
57240,155722
57240,165583
57240,170189
57240,269709
67307,520
67307,818
67307,3149
67307,6593
67307,155841
67307,165533
67307,208611
19324,1900
19324,10211
19324,10212
19933,905
19933,4344
19933,10683
19933,9825
19933,162420
19933,163949
19933,164364
19933,189092
19933,209386
19933,209387
19933,220004
19933,258744
19933,281237
19933,314923
19933,326722
12919,613
12919,6270
12919,2920
12919,5801
12919,10683
12919,9991
12919,14602
12919,155722
12919,193400
12919,198010
15785,803
15785,4565
15785,4458
15785,3593
15785,10230
15785,14544
31701,5600
31701,6270
31701,549
31701,570
31701,818
31701,6149
31701,999
31701,1013
31701,6259
31701,4276
31701,1366
31701,3170
31701,2439
31701,4735
31701,6844
31701,10041
31701,10950
31701,11718
31701,11522
31701,11719
31701,11720
31701,11722
31701,11723
31701,11724
31701,11726
31701,11727
31701,11728
31701,11729
31701,11730
31701,11733
31701,11734
31701,11736
31701,11737
31701,12670
31701,171639
31701,207268
31563,2215
31563,10453
12506,736
12506,1228
12506,3230
12506,3644
12506,4106
12506,5565
12506,11734
12506,12425
12506,14641
12506,156080
12506,176806
12506,208863
12506,246548
74747,4932
74747,1852
74747,2479
74747,3009
74747,3419
74747,4884
74747,10221
74747,162515
74747,162538
74747,235332
39507,4729
39507,156866
39507,191260
39507,236170
62185,539
62185,1562
62185,13015
62185,185815
30994,4470
17159,9716
10110,818
10110,2682
10110,1815
10110,1485
10110,3930
10110,4402
10110,1956
10110,1968
10110,10683
10110,9525
10110,13159
10110,170007
10110,170009
10110,170013
10110,170026
10110,195139
10110,234125
10110,241982
10110,248509
10110,249040
764,769
764,2380
764,2879
764,4010
764,9713
764,12377
764,156174
764,157458
764,157466
764,161261
764,162810
764,202371
764,208327
764,287274
764,325798
20287,642
20287,1556
20287,1666
20287,5901
20287,10291
20287,14964
20287,167580
20287,178402
20287,207268
26964,612
26964,970
26964,1158
26964,5824
26964,10041
26964,177185
71881,378
71881,242
71881,570
71881,567
71881,9673
71881,14604
71881,161307
15658,14624
15658,349322
4918,2106
4918,4289
4918,14618
4918,18117
4918,33705
4918,190654
28368,2957
28368,422
28368,521
28368,1227
28368,13065
58084,1565
58084,13063
58084,14720
58084,175629
58084,190007
58084,224391
52780,10181
52780,14646
52780,176219
26156,6270
26156,4009
26156,18118
26156,230544
34101,6325
32054,212
32054,11159
32054,9672
32054,165402
32054,168316
32054,207883
32054,227169
32054,241982
14464,10084
14464,6212
14464,3713
14464,1422
14464,5490
65501,1415
65501,818
65501,4619
32227,387
32227,966
32227,4375
32227,2547
32227,5801
32227,4957
32227,5810
32227,11870
32227,34145
32227,156160
32227,192514
32227,208289
32227,277911
32227,322251
2614,1706
2614,582
2614,3722
2614,6380
2614,190444
2614,323692
40962,3446
40962,1797
40962,2981
40962,13017
40962,14540
40962,33457
40962,161194
40962,173719
40962,188991
40962,196164
40962,203826
40962,214548
40962,232816
40962,274905
40962,288947
40962,336097
12704,10685
12704,1812
12704,1629
12704,3593
12704,4717
12704,7041
12704,9767
12704,10229
12704,163133
12704,167541
12704,187056
12704,214608
12704,269709
12704,293961
580,3737
580,2988
580,5160
580,3345
580,9663
580,9748
580,13031
580,14785
580,15097
580,15098
580,167861
580,227106
24828,470
24828,249136
24828,325800
13703,818
13703,1824
13703,1803
13703,2150
13703,4232
13703,12670
13703,156277
13703,163047
13703,163048
13703,171343
13703,200234
13703,210162
13703,239797
13703,258533
13703,314730
13703,325787
13703,325799
36914,6270
36914,5629
36914,9714
36914,13005
36914,18005
36914,33721
36914,163069
36914,198929
1547,1415
1547,387
1547,542
1547,970
1547,3133
1547,5532
1547,9457
1547,9826
1547,155582
1547,176585
1547,187224
1547,208152
1547,208289
1547,243959
1547,259376
1547,317771
1547,325783
1547,325844
1547,326218
42010,4116
2608,4896
2608,13097
2608,187056
2608,208705
2608,219901
32058,803
32058,187056
10019,1605
10019,2863
10019,2081
10019,4375
10019,6300
10019,9799
10019,200719
10019,249291
10019,325762
10019,325784
11649,4062
11649,1701
11649,83
11649,2849
11649,4391
11649,4379
11649,10542
11649,33637
11649,179430
11649,195446
11649,234213
13509,2904
13509,11155
13509,33696
13509,261274
63639,258533
30175,6271
30175,164698
51521,15001
34379,915
34379,155716
22915,5349
24940,1568
24940,5265
24940,1253
24940,3258
24940,4522
24940,9799
24940,10333
24940,14818
24940,33347
24940,168346
24940,179044
37302,6548
10984,3836
10984,5927
10984,3698
10984,9748
10984,10714
10984,12339
843,596
843,918
843,7879
843,779
843,725
843,1157
843,2682
843,5809
843,2587
843,4224
843,3595
843,3691
843,4232
843,10226
843,10818
843,12354
843,34094
843,208992
843,321464
843,357928
318,612
318,6054
318,6255
318,1812
318,2246
318,2375
318,12670
318,14964
12806,658
12806,1862
12806,2201
12806,10683
12806,12392
12806,14714
12806,245045
12806,258533
9740,110
9740,1812
9740,2887
9740,9663
9740,10714
9740,12565
9740,14895
9740,18486
9740,34136
9740,160313
9740,179430
9740,186416
9740,199524
9740,278235
9740,281192
9740,295907
9740,302137
9740,309029
9740,322255
9740,325783
9740,325801
9740,325818
9740,325825
9740,339814
10878,1930
10878,2539
10878,2687
10878,6038
10878,10123
10878,3230
10878,13043
10878,155939
10878,165641
10878,179431
10878,203493
10878,229197
10878,239145
10697,1326
10697,1332
10697,2419
10697,4320
10697,4326
10697,6281
10697,14534
10697,34094
10697,156455
10697,187056
10697,193547
7093,254
7093,3071
7093,207941
7093,250053
16300,9799
19405,65
19405,8102
19405,9713
19405,13088
19405,210295
1921,1022
1921,5904
1921,160404
44412,179431
23685,732
23685,9717
23685,10121
23685,33465
23685,175884
23685,175887
23685,179430
23685,202399
23685,209220
23685,316206
12138,378
12138,642
12138,585
12138,1375
12138,1930
12138,1583
12138,10123
12138,11038
12138,10085
12138,14570
12138,18118
12138,34079
12138,179431
48217,2041
48217,254
48217,5420
48217,9673
48217,9748
48217,9826
48217,13129
48217,207928
6073,534
6073,1930
6073,9799
6073,7312
6073,9727
6073,11578
6073,12670
6073,15291
6073,47020
39180,15162
35569,6075
25208,187056
82103,128
82103,325765
82103,325835
19513,3880
19513,11800
19513,163053
19513,295702
2749,378
2749,242
2749,1563
2749,822
2749,6149
2749,703
2749,2340
2749,9748
2749,13073
2749,15009
2749,15167
2749,34079
2749,156022
2749,162502
10050,6270
10050,4326
10050,4333
10050,9799
10050,13072
10050,179431
10050,296608
17203,928
17203,9180
17203,10163
17203,189368
168485,258533
95682,187056
54968,221388
49929,14985
49929,299594
2302,2356
2302,2672
2302,3901
2302,3902
2302,3903
2302,5609
2302,165402
2302,207883
2302,210184
32686,10123
32686,241317
13889,5732
13889,6964
13889,41355
13889,180498
13889,207883
13889,252321
13889,291087
6028,703
6028,34079
6028,162262
6028,207046
51802,387
51802,818
51802,2752
51802,5571
51802,13017
51802,178097
42148,13059
42148,158718
42148,199524
42148,258533
42148,315053
42148,321464
42148,323809
42148,325787
29492,5424
29492,155794
29492,187056
29492,285979
25447,1936
25447,5699
28410,6270
28410,1691
28410,3149
28410,10726
38545,3296
38545,9398
38545,18453
38545,156121
19490,1157
19490,290
19490,65
19490,1749
19490,2637
19490,2618
19490,6159
19490,9993
19490,12999
19490,157168
19490,207317
19490,215593
31151,6029
31151,209791
1888,4918
1888,579
1888,2102
1888,2564
1888,4427
1888,4617
1888,4606
1888,5875
1888,12999
1888,155816
1888,206045
1888,327617
38805,818
38805,745
38805,1859
38805,2981
38805,11332
38805,11465
38805,11001
38805,12425
38805,18034
38805,34124
38805,155225
38805,162715
38805,188326
38805,197474
38805,199692
38805,211349
38805,227584
38805,325778
38805,325795
38805,333809
38805,351700
38805,351701
38805,351702
38805,351703
16618,792
16618,4344
16618,10551
16618,10048
16618,34265
16618,47020
16618,169451
16618,170173
16618,180413
16618,187256
16618,195053
16618,196751
16618,209911
16618,221966
16618,228054
16618,238037
16618,283251
16618,323144
16618,325902
2428,186
2428,3684
2428,3571
2428,3036
2428,5565
2428,6506
2428,11001
2428,192947
2428,230097
2428,253695
2428,325761
22013,818
22013,3202
22013,4373
22013,7658
22013,11001
22013,18072
22013,156043
22013,170869
22013,178870
22013,186353
22013,325861
15598,212
15598,10181
15598,9094
15598,9639
15598,11687
15598,173490
15598,197940
15598,224818
43332,5049
43332,9663
43332,192772
43332,222185
43332,240620
62127,3473
62127,3691
62127,4344
62127,9799
62127,10181
62127,9732
62127,235261
62127,255257
56137,2041
56137,388
56137,3098
56137,12999
56137,171427
56137,188645
56137,208979
56137,233799
17965,2546
17965,314
17965,4183
17965,697
17965,770
17965,10123
17965,4572
17965,5439
17965,9748
17965,9826
17965,10392
17965,11001
17965,10770
17965,11663
17965,13005
17965,161280
17965,230834
17965,245296
17965,284278
29067,1852
29067,4168
29067,8183
29067,9741
29067,156866
33250,10041
33250,11800
33250,33490
33250,174109
33250,185959
33250,199079
33250,227069
33250,235736
33250,245446
33250,257115
33250,295365
33250,321139
14460,2708
14460,402
14460,2902
14460,3070
14460,9882
14460,11606
14460,14544
14460,14601
14460,161176
14460,195114
14460,252937
14460,269233
17466,378
17466,779
17466,797
17466,1563
17466,1568
17466,1721
17466,6259
17466,9748
17466,9826
17466,12670
17466,18420
17466,219404
9594,779
9594,1543
9594,1721
9594,697
9594,6211
9594,9990
9594,3436
9594,9748
9594,10291
9594,12354
9594,12670
9594,15016
9594,160488
9594,219404
35976,10123
35976,6564
35976,18409
35976,161043
35976,245910
35976,309974
35976,320420
35976,324713
35976,325845
4986,1936
2453,2231
2453,417
2453,12670
2453,14570
33676,6270
33676,549
33676,534
33676,10081
33676,208445
4587,613
4587,10683
4587,9991
4587,15058
4587,157008
4587,162804
4587,165492
4587,170548
4587,170553
4587,170556
4587,170560
4587,170569
4587,170575
4587,170578
4587,170585
4587,208992
4587,244886
4587,319319
4587,325765
4587,325786
31004,12570
31004,33737
31004,160246
31004,183559
31004,220234
31004,238812
31004,301432
31004,314730
31004,320420
31004,337679
125099,10123
125099,9758
27859,5565
11454,736
11454,697
11454,6259
11454,1812
11454,5340
11454,3877
11454,4550
11454,6158
11454,4484
11454,10714
11454,11727
11454,14707
11454,177185
11454,201028
11454,207268
11454,208289
11454,237632
11454,254921
11454,305691
11454,325779
38718,732
38718,818
38718,5565
38718,9826
38718,10909
38718,14641
38718,33861
38718,156037
38718,222517
38718,241625
4192,1160
4192,818
4192,1819
4192,1949
4192,2799
4192,2906
4192,3465
4192,9826
4192,11095
4192,12570
4192,191574
4192,201536
4192,207046
4192,214548
11607,658
11607,270
11607,2769
11607,7994
11607,10503
11607,155334
11607,185477
11607,219386
14052,5801
14052,10623
14052,161147
14052,163698
14052,171375
14052,171376
14052,171387
16889,5801
16889,6876
16889,10623
16889,160159
16889,160168
39934,740
39934,6078
39934,1013
39934,9766
39934,13095
39934,158718
39934,168346
39934,173493
39934,188957
39934,188973
39934,208289
39934,213852
39934,224394
39934,258533
21309,2231
21309,6270
21309,6149
21309,1419
21309,9713
21309,9826
21309,10877
21309,14964
21309,210541
21309,295809
21309,296608
16263,520
16263,246
16263,10104
16263,34125
4985,378
4985,6075
4985,579
4985,2495
4985,168930
4985,221044
20704,6075
20704,579
23730,242
23730,1299
23730,6149
23730,1879
23730,1852
23730,10292
23730,9794
23730,11181
23730,12377
23730,14895
23730,15167
23730,18082
23730,41267
23730,41412
23730,158927
23730,195331
23730,203826
853,1589
853,1701
853,1442
853,1956
853,4264
853,9672
853,11489
853,14643
853,33702
853,34079
853,207883
853,209473
853,253373
853,273967
853,321464
853,325804
10877,417
10877,6149
10877,4918
10877,3692
5257,5657
5257,1432
5257,7422
5257,184017
5257,208992
5257,227533
5257,354037
5257,362050
77,2231
77,1453
77,328
77,331
77,828
77,2669
77,2887
77,9856
77,10705
77,9748
77,9826
77,11469
77,10937
77,12565
77,12570
77,12670
77,33874
77,156866
77,157171
77,159103
77,159531
77,161248
77,191527
77,197582
77,199524
77,201456
77,207268
77,211659
77,229787
77,269808
77,307817
77,325776
77,325777
77,325778
77,325787
77,352727
20322,897
20322,187901
10833,206718
20309,10325
20309,9964
20309,15027
20309,33472
20309,166139
12658,2383
12658,2566
12658,9799
12658,5756
12658,7169
12658,34136
12658,325835
10054,848
10054,380
10054,970
10054,697
10054,4289
10054,14544
10646,910
10646,5305
10646,1338
10646,6433
10646,2864
10646,5887
10646,8070
10646,9094
10646,9964
10646,155939
10646,158713
10646,159141
10646,170827
2575,246
2575,6078
2575,1421
2575,470
2575,2407
2575,1969
2575,2103
2575,3450
2575,4289
2575,4596
2575,8570
2575,11061
2575,15058
2575,199081
2575,346967
55,5600
55,7879
55,960
55,1547
55,10594
55,10404
55,15162
55,157171
55,171366
55,209987
55,325785
65075,10428
65075,187056
44379,254
44379,548
44379,10528
44379,11665
44379,182621
44379,187056
44379,190061
44379,207506
44379,239329
44379,240183
2043,818
2043,703
2043,1812
2043,10508
2043,11268
2043,12565
2043,12570
2043,15076
2043,41249
2043,170865
2043,171095
2043,187270
2043,208633
2043,265045
2043,301247
2043,304998
2043,328708
4133,3391
4133,1601
4133,2149
4133,1228
4133,1803
4133,6974
4133,266753
4133,294348
4133,311315
4133,314730
4133,321464
56715,4379
56715,9714
56715,12026
56715,12554
56715,186760
56715,227887
10991,2802
10991,11336
10991,14955
10991,18035
10991,41645
10991,158639
10991,210024
10991,240303
10991,249680
10991,267091
10991,322942
15940,739
15940,4426
15940,2801
15940,5927
15940,9332
15940,14964
26791,1415
26791,798
26791,1812
26791,9826
26791,10714
26791,156166
26791,161982
26791,205733
26791,269522
44069,187056
44069,273307
44069,273308
634,5600
634,212
634,725
634,392
634,2039
634,567
634,970
634,903
634,1421
634,3170
634,2913
634,10909
634,12193
634,34094
634,179431
634,187056
10956,900
10956,970
10956,697
10956,3189
10956,5522
10956,6230
10956,7312
10956,9964
10956,10221
10956,10250
10956,10756
10956,160309
10956,182638
10956,187056
10956,227887
19366,6054
19366,1415
19366,4048
19366,3490
19366,637
19366,8201
19366,5248
19366,6562
19366,9717
19366,6133
19366,10410
19366,18001
19366,160396
19366,162710
19366,177406
19366,187056
19366,208223
19366,208461
19366,208462
19366,208463
19366,225012
19366,236650
19366,249732
19366,309974
19366,320420
19366,325765
28308,536
28308,588
28308,184134
9519,378
9519,5657
9519,549
9519,331
9519,818
9519,1930
9519,3149
9519,4779
9519,2334
9519,9672
9519,11038
9519,11494
9519,14707
9519,15009
9519,160488
13898,10562
13898,246414
196280,1889
196280,10181
196280,158022
196280,208535
9290,3185
9290,3612
9290,12670
9290,159534
9290,175428
9290,208662
13166,739
13166,2564
13166,8201
13166,9887
13166,5653
13166,10041
13166,8631
13166,9956
13166,9964
13166,14783
13166,156052
13166,189868
13166,202399
13166,208103
13166,240119
13166,325778
32590,1664
153141,6054
153141,9673
52654,316
52654,818
52654,131
52654,12969
52654,187056
52654,207876
47643,725
47643,128
47643,2637
47643,10181
47643,10614
47643,10048
47643,10180
47643,10703
47643,11524
47643,157096
47643,158718
47643,160780
47643,166139
47643,186956
47643,258533
111,417
111,380
111,416
111,701
111,697
111,3149
111,2150
111,6974
111,9714
111,10175
111,10391
111,18026
111,157223
111,165725
111,208335
111,208396
111,213914
111,321464
111,325854
32488,2367
32488,4604
32488,11677
32488,15111
32488,33457
32488,40917
32488,173277
10477,3658
10477,6075
10477,271
10477,11695
12484,3133
12484,4550
12484,5374
12484,9259
12484,11546
12484,157096
12484,167043
12484,167159
12484,176573
12484,176585
12484,176592
12484,188957
2144,207268
24113,2301
24113,3457
24113,9713
24113,190816
1734,1160
1734,1949
1734,5153
1734,2904
1734,2906
1734,9663
1734,156081
1734,157894
1734,214548
1734,234743
1734,269233
1734,319397
38047,233
38047,380
38047,697
38047,992
38047,4245
38047,5612
38047,7312
38047,8038
38047,11004
38047,10714
38047,230570
38047,240485
38047,245064
8076,8181
4973,966
4973,1157
4973,1647
4973,10941
4973,34079
8095,1160
8095,1585
8095,1200
8095,2906
8095,6715
8095,6165
8095,5049
8095,157894
8095,161168
8095,245317
8095,287672
849,4152
849,10877
849,15252
849,33974
849,157186
849,161891
849,161893
849,161896
849,177895
849,192913
849,219404
849,234213
849,252634
849,269233
27223,242
27223,395
27223,1873
27223,8201
27223,6433
27223,14570
27223,18326
27223,163795
27223,167043
27223,231121
27223,236651
27223,236652
2981,818
2981,1291
2981,1992
2981,1765
2981,5968
2981,12616
2981,158012
2981,204975
2981,223159
2981,288870
39266,2903
39266,4441
39266,161256
39266,187056
39266,196096
39266,207876
39266,214548
39266,214724
39266,241930
39266,321490
39266,345689
11307,818
11307,3725
11307,5970
11307,11431
11307,5885
11307,4954
11307,9673
11307,13028
11307,34030
11307,225219
11307,258533
11307,275157
11307,281659
11307,325787
11307,325856
46498,387
46498,1523
46498,3182
46498,8201
11163,128
11163,3307
11163,3521
11163,5049
11163,10180
11163,13027
11163,14906
11163,18129
11163,166611
11163,210728
11163,222185
11163,251258
11035,588
11035,1552
11035,33625
11035,165402
11035,208349
18691,158244
3784,242
3784,828
3784,1591
3784,1918
3784,1946
3784,10738
3784,8011
3784,9673
3784,206671
78133,516
78133,4129
78133,2393
78133,2981
78133,5565
78133,10235
78133,12987
78133,161868
78133,208400
22829,90
22829,776
22829,5091
22829,9799
22829,15111
22829,33490
22829,34030
22829,155457
22829,164889
22829,179969
22829,188990
22829,210710
22829,212884
22829,223368
22829,224288
22829,231895
22829,238334
22829,255931
22829,262902
22829,319397
22829,324109
22829,326206
22829,342967
22829,351501
22829,351962
22829,354457
22829,354458
35717,818
35717,33841
35717,224663
11936,131
11936,2386
11936,2336
11936,2383
11936,5756
25221,6029
25221,733
25221,1491
19494,1930
19494,5812
19494,34156
19494,206841
19494,303703
40842,1382
40842,818
40842,2075
40842,9672
40842,14768
40842,15137
40842,33585
40842,191433
40842,199384
19357,9823
19357,14724
19357,192283
19357,192284
19357,192285
33743,1878
33743,3590
33743,4344
32924,10391
9062,818
9062,2463
9062,3616
9062,10163
9062,10703
9062,14514
9062,171279
9062,171282
9062,171288
9062,171291
9062,171293
9062,189141
9062,203493
9062,319397
9062,323809
9062,324429
9062,325774
9062,325789
9062,325799
11174,4932
11174,2041
11174,818
11174,3009
11174,6733
11174,11935
11174,12987
11174,14514
11174,187234
11174,192519
11174,207928
11174,240119
934,90
934,924
934,6099
934,2334
934,8430
934,10051
934,11728
934,12999
934,159834
934,159845
934,159846
9476,212
9476,496
9476,9823
9476,9725
9476,10466
9476,12380
9476,12965
9476,13006
9476,13028
9476,13068
9476,14765
9476,18249
9476,34067
9476,161257
9476,179430
37691,10756
37691,41180
37691,156210
37691,164400
37691,190823
10613,5159
10613,9140
10613,315002
10613,321274
19094,531
19094,640
19094,1556
19094,10123
19094,10181
19094,10041
19094,10180
19094,10182
19094,10698
19094,171636
19094,258533
14268,6054
14268,11615
14268,49960
14268,187056
5852,9844
5852,15090
808,7376
808,818
808,2343
808,3205
808,4144
808,2434
808,2596
808,3071
808,3098
808,3289
808,4147
808,4158
808,4551
808,9755
808,11477
808,12554
808,187056
808,189111
808,311143
808,360808
824,90
824,2334
824,2710
824,4178
824,4235
824,4344
824,5933
824,6564
824,9673
824,13028
824,13059
824,34079
824,40895
824,156156
824,159845
824,164754
824,186403
824,207928
824,236170
824,255562
824,286529
824,324429
824,325765
824,337603
37558,6669
37558,7858
37558,10809
37558,206184
37558,243983
37558,248022
676,6092
676,3800
676,428
676,1627
676,1668
676,1956
676,3203
676,3365
676,3366
676,7919
676,9525
676,9673
676,155565
676,325835
88727,161982
26813,485
26813,486
26813,157156
29572,246
29572,254
29572,392
29572,394
29572,10229
29572,158431
29572,187056
29572,207876
29572,214548
48109,18005
48109,173186
291675,2438
291675,6167
291675,251334
50541,6075
50541,2029
50541,10671
50541,157168
26255,1605
26255,2343
26255,5608
26255,40931
22414,1803
22414,10649
22414,12396
22414,14641
22414,240315
43329,4616
43329,10322
43329,194581
43329,270830
43329,305194
42233,10181
42233,10991
42233,155573
42233,156622
42233,190296
42233,207928
42233,256930
1406,5692
1406,6876
1406,9656
1406,9930
1406,11860
1406,241368
1406,288816
13554,6075
13554,1480
13554,6165
17664,33482
17664,156234
17664,162199
17664,163188
17664,315815
66035,1556
66035,156017
41050,1326
41050,2706
41050,11612
41050,13028
41050,195265
1632,236
1632,798
1632,6149
1632,3739
1632,529
1632,787
1632,1366
1632,1812
1632,1559
1632,2669
1632,4410
1632,6399
1632,5664
1632,9672
1632,9826
1632,12425
1632,311315
1632,325780
1632,325786
1632,325799
1632,325806
1632,325823
1632,325854
966,6054
966,5331
966,2673
966,9714
966,33344
966,154846
966,155291
966,168091
966,168093
966,188296
12639,534
12639,2284
12639,3230
12639,9663
301,1415
301,798
301,1419
301,1502
301,1556
301,4204
301,9826
301,9890
301,33457
301,33600
301,155841
301,156866
301,163674
301,222782
31527,818
31527,4833
31527,5565
31527,10490
31527,9920
31527,156764
31527,160279
31527,193573
4988,6075
4988,579
12623,6145
12623,6086
12623,1417
12623,10909
12623,33519
11896,5914
11896,13008
11896,14646
11896,155816
11896,180413
11896,190621
11896,229959
11896,240482
11896,297197
25538,5600
25538,128
25538,4480
25538,6025
25538,6733
25538,6071
25538,9322
25538,13027
25538,18035
25538,188610
25538,194998
25538,210434
25538,325761
17971,8783
6498,1406
5923,478
5923,440
5923,4410
5923,13159
5923,14643
5923,194687
15497,818
15497,2652
15497,1956
15497,3366
15497,4409
15497,158547
15497,160377
15497,207883
21876,2652
21876,10685
21876,924
21876,1223
21876,1956
21876,1968
21876,9454
21876,13008
21876,207883
21876,314730
21876,325778
21876,325785
11090,1566
11090,6021
11090,9844
11090,14760
11090,15090
11090,175884
11090,179430
11090,210689
14034,4480
14034,6168
14034,9727
14034,189093
21056,242
21056,680
21056,3230
21056,10322
21056,158718
21056,243575
21056,258533
21056,265777
9397,5744
9397,2736
9397,11100
9397,5522
9397,4862
9397,15172
9397,34152
9397,41525
9397,177271
9397,177275
9397,177280
9397,216791
9705,2157
9705,1562
9705,4289
9705,13015
9705,15363
9705,156121
9705,159384
9705,159401
9705,179430
26475,1326
26475,1157
26475,1941
26475,154855
26475,187056
56934,1233
56934,437
56934,5565
29937,818
29937,1956
49922,1228
49922,4470
49922,9180
49922,9815
49922,155490
10364,236
10364,2041
10364,818
10364,1755
10364,1956
10364,2532
10364,8201
10364,4595
10364,3603
10364,13065
10364,14638
10364,33564
10364,162365
10364,165431
10364,188765
10364,193744
10364,207883
10364,208189
10364,212912
10364,226190
10364,230333
10364,234492
10364,250074
10364,258200
10364,280227
10364,339237
10364,353914
10364,361592
32458,2658
32458,4434
32458,8201
32458,5509
32458,11800
32458,11323
32458,13094
32458,14530
32458,33490
32458,172715
1089,5349
1089,1524
1089,4654
1089,1824
1089,1812
1089,2006
1089,4690
1089,10287
1089,12670
1089,15363
1089,163589
1089,187056
1089,206931
1089,270731
1089,272551
1089,302132
1089,325811
1089,335360
38043,1691
38043,966
38043,13088
38043,156478
38043,187056
9967,2957
9967,422
9967,2956
9967,447
9967,1543
9967,1721
9967,697
9967,11115
9967,9672
9967,8810
17494,2587
17494,4556
17494,10333
17494,10878
17494,12670
17494,15090
17494,41409
17494,159894
17494,167377
17494,222090
17494,239377
17494,297672
17494,322882
17494,348123
17465,6075
17465,6483
17465,8338
17465,9849
17465,10079
17465,10081
759,642
759,90
759,1384
759,970
759,6099
759,3897
759,4344
759,33626
759,156221
759,157286
759,191808
759,208611
759,259426
10297,2863
10297,4344
29393,5600
29393,4776
29393,456
29393,818
29393,428
29393,5332
29393,5340
29393,5905
29393,7172
29393,5923
29393,10656
29393,9826
29393,10911
29393,13005
29393,13092
29393,17997
29393,18052
29393,162335
29393,164092
29393,166512
29393,169977
29393,170865
29393,171251
29393,197430
29393,199850
29393,238328
29393,240275
29393,259941
29393,260192
29393,263443
29393,297390
29393,326438
29393,359054
29393,360330
10653,596
10653,1157
10653,1552
10653,2587
10653,4491
10653,10226
10653,13028
10653,357928
21468,242
21468,733
21468,3371
21468,4344
21468,10229
21468,157768
21468,165643
21468,173903
21468,188715
21468,190481
21468,190849
21468,200671
21468,207876
21468,207883
21468,214548
21468,226480
21468,228296
21468,236955
21468,314849
21468,320280
21468,320281
21468,320282
21468,320283
9576,1326
9576,242
9576,9673
9576,9713
9576,11718
9576,12090
9576,33705
9576,160410
9576,160420
9576,160423
9576,160424
9576,319397
9576,325845
9576,326463
22323,1419
22323,65
22323,9826
22323,10547
22323,10714
22323,12670
22323,14707
22323,17987
22323,160335
22323,187056
31935,1956
31935,4100
31935,11106
31935,6895
31935,10787
31935,11823
126881,187056
126881,258533
52616,478
52616,3691
52616,8754
52616,9673
52616,10093
52616,10194
52616,210958
10865,658
10865,339
10865,2853
10865,2768
10865,1963
10865,2598
10865,6513
10865,3289
10865,10028
10865,14785
10865,33696
10865,175428
10865,179300
10865,189092
10865,210184
10865,307415
1995,212
1995,1529
1995,5295
1995,5959
1995,5960
1995,5961
1995,10028
1995,11322
1995,41185
1995,41586
1995,41645
1995,155697
1995,155821
1995,161935
1995,168468
1995,174638
1995,184134
1995,244967
1995,247691
1995,299838
10808,2735
10808,5774
10808,11477
10808,10468
10808,18165
10808,18330
10808,216921
10808,229258
9799,542
9799,1568
9799,830
9799,8574
9799,9666
9799,12670
9799,179430
9799,179431
9799,239275
9799,286354
9799,325804
9799,325811
9799,361363
644,803
644,549
644,310
644,530
644,697
644,1603
644,3205
644,4565
644,2393
644,2219
644,3246
644,3248
644,3249
644,9951
644,14544
644,40850
644,156702
644,161891
644,241609
644,254915
644,316666
16161,5419
16161,641
16161,3010
16161,5572
16161,4313
16161,6669
16161,9094
16161,9727
16161,11925
16161,12371
16161,12670
16161,155794
16161,156121
16161,162219
16161,162224
16161,162225
16161,162236
16161,201864
16161,234469
16161,263959
16161,325766
10691,725
10691,931
10691,2038
10691,970
10691,3691
10691,5091
10691,9986
10691,10791
10691,14534
10691,156455
10615,2336
10615,9141
10615,15090
10615,18026
21488,158718
21488,240119
21488,258533
21488,265777
21488,325223
271462,596
271462,3902
271462,11168
271462,11014
271462,40952
271462,155251
271462,215165
271462,261125
271462,261126
271462,261127
11826,3149
11826,6259
11826,10051
11826,10594
11826,9826
11826,15009
11826,18115
11826,33688
11826,159339
11826,201930
11826,207268
11826,325763
24470,1502
24470,9503
24470,10510
24470,10512
9301,428
9301,7558
9301,9840
9301,15363
11444,730
11444,1862
11444,1382
11444,4313
11444,4794
11444,6590
11444,10180
11444,10226
11444,249749
11444,258533
15564,1994
15564,18330
60670,379
60670,818
60670,745
60670,4720
60670,703
60670,5331
60670,1262
60670,5340
60670,11494
60670,9826
60670,10714
60670,13092
60670,15001
60670,33699
60670,166512
55551,2521
55551,249118
10992,779
10992,1701
10992,1721
10992,977
10992,470
10992,3271
10992,3289
10992,6088
10992,8841
10992,11478
10992,12097
10992,15162
10992,158378
10992,188748
10992,208152
10992,325800
2140,779
2140,549
2140,90
2140,3391
2140,3149
2140,10410
2140,11734
2140,14964
2140,180172
2140,219404
4248,2626
4248,3358
4248,9755
4248,11931
4248,12416
4248,33468
4248,207844
4248,223510
4248,242130
4248,249969
17612,818
17612,1284
17612,1253
17612,9673
17612,10873
17612,162342
17612,187056
17612,264386
3134,570
3134,1541
3134,4426
3134,2316
3134,2383
3134,9748
3134,9826
3134,187056
3134,201028
3134,224663
34899,380
34899,220064
34899,229426
34899,241738
8217,1326
8217,242
8217,1157
8217,1788
8217,2618
8217,3018
8217,3451
8217,3595
8217,34094
8217,159313
8217,160130
8217,171288
8217,175949
8217,181109
8217,196956
8217,254356
8217,298663
8217,322008
8217,337522
8217,337525
22478,894
22478,802
22478,490
22478,1731
22478,5918
22478,3878
22478,10235
22478,34094
22478,41406
22478,160962
22478,221686
26483,4344
24382,2792
24382,10051
24382,11728
24382,159339
24382,189102
11286,196401
11950,830
11950,271
11950,3306
11950,5641
11950,7312
11950,9181
11950,12090
11950,162031
11950,196401
11950,240119
12236,830
12236,6075
12236,6523
12236,13131
12236,156702
12236,208476
36245,2337
36245,570
36245,254
36245,818
36245,3679
36245,4426
36245,738
36245,2675
36245,2843
36245,6038
36245,3301
36245,4029
36245,3603
36245,6159
36245,9826
36245,10144
36245,12425
36245,13065
36245,14514
36245,18732
36245,33608
36245,157912
36245,161207
36245,163077
36245,172246
36245,189361
36245,210106
36245,215257
36245,227816
36245,228157
36245,228545
36245,257412
36245,267422
36245,270859
36245,336944
43342,10770
43342,189401
15875,1421
15875,6231
15875,10093
15875,159909
15875,180800
15875,180803
15875,188934
15875,207317
15875,207592
15875,210018
15875,234849
26573,4289
26573,10125
26573,7984
26573,14544
26573,176217
23439,10541
23439,12545
23439,41393
23439,155733
23439,156866
23439,207928
10728,818
10728,4957
10728,5810
10728,8353
10728,9840
10728,9377
10728,9673
10728,34079
10728,154802
10728,185343
10728,188959
10728,244516
5991,612
5991,5136
5991,2217
5991,11333
5991,10911
5991,12999
5991,14549
5991,14866
5991,18453
5991,154802
5991,154874
5991,156386
5991,177449
5991,182100
5991,214744
5991,221749
5991,234627
5991,244516
5991,261053
5991,270410
5991,284847
5991,295220
5991,342874
11697,75
11697,797
11697,3739
11697,3754
11697,2752
11697,9503
11697,10909
11697,12999
11697,33600
11697,155291
6106,1008
6106,736
6106,441
6106,393
6106,697
6106,407
6106,5299
6106,2020
6106,4098
6106,7606
6106,2134
6106,9672
6106,7312
6106,7605
6106,12193
6106,13129
6106,14546
6106,33457
6106,208289
6106,217989
6106,310394
6106,312898
19200,1411
19200,7002
19200,10714
19200,18147
19200,41585
19200,185526
19200,236458
11300,242
11300,642
11300,6149
11300,3713
11300,6259
11300,772
11300,10123
11300,7312
11300,9935
11300,14831
11300,188737
11300,220295
16211,380
16211,1556
16211,9748
16211,9826
16211,14809
16211,202371
16211,241739
16211,255561
16211,262325
16211,296558
28650,6149
28650,3713
28650,690
28650,10601
28650,11581
28650,12425
28650,14735
28650,176221
28650,215046
42780,189099
32569,585
32569,1706
32569,3473
32569,4484
32569,7570
32569,7996
32569,11612
32569,14570
32569,14760
32569,15149
32569,155582
32569,157465
32569,157959
32569,197362
32569,228607
20075,5641
20075,8224
20075,10593
20075,11488
20075,11481
20075,11857
20075,12425
20075,14794
20075,33784
20075,41334
20075,41404
20075,163968
20075,163984
20075,169085
20075,170375
20075,176533
20075,176546
28430,918
28430,212
28430,1670
28430,3772
28430,4627
28430,5769
28430,10150
28430,10617
28430,12999
28430,189411
28430,362498
28794,3358
28794,10292
28794,10125
28794,12339
28794,12377
28794,189921
28794,256183
28794,280958
28794,281237
28794,331723
20197,520
20197,445
20197,1420
20197,975
20197,5641
20197,6183
20197,12423
20197,14570
20197,14794
20197,18034
20197,41334
20197,169085
20197,172789
20197,173259
20197,176502
20197,176506
20197,176511
20197,176512
20197,176516
43316,4129
43316,33608
43316,41393
43316,157799
43316,293016
34689,733
34689,744
34689,6932
34689,33626
34689,235736
25690,416
10238,3737
10238,380
10238,1192
10238,5923
10238,10163
10238,12545
10238,207928
18929,5496
18929,10181
18929,10041
18929,157296
18929,173687
18929,187224
18929,193716
18929,206981
18929,222805
18929,267878
4789,818
4789,1488
4789,1755
4789,1956
4789,2428
4789,2433
32595,5657
32595,12564
32595,190114
32595,241162
32595,241981
18030,9807
18030,11546
18030,34145
18030,155728
18030,155790
18030,354798
18988,1326
18988,254
18988,392
18988,2011
18988,3098
18988,10181
18988,3024
18988,11510
18988,11869
18988,13084
18988,18096
18988,157096
18988,207317
18988,220707
18988,242003
18988,258533
11536,1019
11536,5876
11536,4956
11536,8241
11536,12999
11536,13072
11536,14764
11536,15160
11536,18034
11536,190078
11536,209231
10339,4327
10339,818
10339,4676
10339,1523
10339,1422
10339,2580
10339,7240
10339,9748
10339,187318
10339,207928
39875,9748
39875,9826
39875,10714
39875,14676
50031,437
50031,5565
50031,6165
50031,13097
976,3587
976,242
976,918
976,380
976,3017
976,9807
976,12999
976,156023
69605,818
69605,1556
69605,9838
69605,33457
69605,186923
69605,325854
65632,12100
29471,11109
29471,10202
29471,10180
29471,155375
4780,1335
4780,1336
4780,1322
4780,3864
4780,8032
4780,217115
11906,616
11906,246
11906,1691
11906,6271
11906,74
11906,10551
11906,12570
11906,14712
11906,33505
11906,156075
11906,162806
11906,165244
11906,207008
11906,235432
11906,361094
11713,779
11713,780
11713,10508
11713,9748
11713,9812
11713,9826
11713,10044
11713,13116
11713,13119
11713,13159
11713,14707
11713,14988
11713,174244
11713,175510
11713,185466
11713,192498
11713,278132
9589,220
9589,2671
9589,2375
9589,13059
9589,156117
9589,311315
9589,315053
9589,321464
9589,325787
9589,325830
12481,730
12481,1382
12481,456
12481,779
12481,780
12481,549
12481,6212
12481,5306
12481,6044
12481,14964
12481,14988
12481,18035
12481,187265
13333,779
13333,9725
13333,9748
13333,14955
13333,14988
13333,18522
13333,219404
13938,779
13938,780
13938,1930
13938,2032
13938,4733
13938,5641
13938,14731
13938,14941
13938,156162
13938,185262
13938,185466
13938,188294
13938,189920
13938,196003
13938,209374
13938,209938
13938,325812
10540,1157
10540,306
10540,4183
10540,1502
10540,6015
10540,11606
10540,211487
9462,779
9462,780
9462,588
9462,1396
9462,1721
9462,1463
9462,131
9462,3149
9462,1946
9462,9730
9462,5964
9462,5572
9462,9812
9462,11860
9462,12354
9462,14988
9462,18543
9462,160488
9462,175510
9462,219404
9462,244478
82623,12616
2114,2964
2114,4565
2114,4458
2114,3801
2114,3994
2114,9951
2114,12413
2114,13065
2114,14760
2114,14946
2114,41645
2114,161919
2114,162365
2114,189748
2114,196544
2114,228384
2114,230857
2114,270088
8835,2123
8835,6946
8835,8664
8835,9749
8835,9798
8835,9826
8835,33424
8835,171176
8835,186526
8835,217020
8835,231198
8835,241991
8835,272794
11371,3356
11371,155331
11371,159408
11371,159410
11371,159413
11371,159419
11371,159422
11371,159425
11371,159433
11371,159434
9517,1196
9517,570
9517,4426
9517,4378
9517,6733
9517,9672
9517,10624
9517,9826
9517,10180
9517,12392
9517,13072
9517,155939
9517,163059
9517,173186
9517,256284
15745,242
15745,3149
15745,975
15745,2792
15745,3230
24977,6075
36107,1436
36107,592
36107,4565
36107,10121
36107,263548
113271,6075
113271,155582
113271,156768
58904,14999
58904,281554
103489,6029
103489,9249
13794,2043
13794,7639
13794,9902
13794,210034
13794,221355
13794,226442
13795,4676
13795,3593
13795,9880
13795,10468
13795,18330
103488,263548
38965,4896
38965,4412
38965,5629
38965,33721
38965,187084
47817,1415
47817,2956
47817,3687
47817,208992
31052,380
31052,90
31052,818
31052,2672
31052,9935
31052,15162
31052,161635
31052,168141
31052,241737
31052,261315
10868,570
10868,567
10868,1680
10868,6098
10868,9672
10868,11527
10868,12365
10868,33518
10868,163119
10868,178444
10868,188991
10868,200234
10868,214780
10868,219807
10868,242691
10868,277050
10868,282160
10868,293649
10868,325825
10868,325829
10868,345131
9395,520
9395,779
9395,2956
9395,591
9395,417
9395,2944
9395,8015
9395,13006
9395,18026
14506,1299
14506,305
14506,818
14506,3307
14506,3497
14506,8201
14506,9552
14506,10028
14506,181046
14506,187302
14506,238545
14506,276775
14506,288816
14506,309974
14506,355849
5333,591
5333,1448
5333,2708
5333,824
5333,6026
5333,977
5333,1439
5333,2566
5333,2900
5333,3045
5333,3230
5333,6431
5333,10226
5333,13001
4281,3799
4281,818
4281,1936
4281,2799
4281,155790
4281,207046
4281,229897
2,378
2,240
2,1787
2,730
2,1563
2,13072
26044,1009
26044,9663
26044,12547
26044,33457
26044,211295
26044,254167
26044,320420
26044,324429
26044,325849
59797,236
59797,657
59797,6158
59797,9786
59797,12339
59797,12364
59797,159028
14911,2957
14911,2956
14911,818
15592,697
15592,5248
15592,14514
15592,15214
15592,157213
15592,160246
15592,164245
15592,180197
15592,254167
15592,311315
15592,321464
15592,325762
15592,325784
12710,2281
12710,10508
12710,10329
12710,15016
12710,165214
12710,295332
12710,326547
30502,4931
30502,5625
30502,41585
30502,158395
30502,176425
19382,787
19382,1013
19382,1956
19382,10181
19382,11254
19382,10075
19382,161251
19382,165402
19382,207883
19382,219855
19382,237234
24679,1416
24679,2671
24679,2007
24679,5565
24679,10323
24679,164877
24679,164880
24679,164881
24679,164882
24679,164889
24679,208611
9599,5198
9599,6898
9599,627
9599,3335
9599,3092
9599,3444
9599,4803
9599,9951
9599,9639
9599,9714
9599,11612
9599,41412
9599,160195
9599,162365
9599,199524
9599,202371
9599,237034
9599,276605
9599,283085
9599,314730
9599,325778
9599,325811
17170,818
17170,1873
17170,2334
17170,4620
17170,13028
17170,14964
17170,15211
17170,161306
17170,167198
17170,189443
17170,259376
17170,325856
18509,6075
11709,254
11709,5565
11709,6324
11709,173245
11709,207878
11709,207879
34604,1566
34604,65
34604,9713
34604,10793
34604,13043
34604,170085
34604,187056
14441,1803
14441,2150
14441,7464
14441,15111
14441,158142
14441,185974
7520,242
7520,3266
7520,1759
7520,3458
7520,3734
7520,5626
7520,9227
10126,796
10126,6149
10126,2394
10126,6147
10126,10211
10126,10726
10126,33426
10126,164253
10126,200918
10126,202371
10126,221412
10126,266753
10126,325771
10126,325818
10126,325823
9602,242
9602,3015
9602,3071
9602,3864
9602,5515
9602,4833
9602,11860
9602,196682
9602,210589
9602,222974
9602,225012
9602,244064
9602,309974
9602,320420
9602,325763
9602,325765
9602,325812
9602,325814
9602,325835
9602,338528
9602,338553
23752,3202
23752,6750
23752,160794
23752,208469
23752,247478
23752,334887
3980,1612
3980,1415
3980,798
3980,801
3980,380
3980,977
3980,3875
3980,6437
3980,7658
3980,9951
3980,13031
3980,14601
3980,14909
3980,18035
3980,18067
3980,157504
3980,206281
3980,230857
10127,1612
10127,1415
10127,801
10127,6746
10127,7658
10127,9951
10127,9921
10127,9923
10127,12193
10127,13031
10127,14601
10127,14909
10127,15162
10127,162532
10127,162538
10127,163098
10127,233042
12702,657
12702,3249
12702,9663
12702,9951
12702,12670
12702,13031
12702,14909
12702,162304
12702,179430
12702,187056
12702,230857
27397,10132
27397,187056
9748,4776
9748,1813
9748,3746
9748,5337
9748,14534
9748,15160
9748,54016
9748,187056
9748,237774
40095,6149
40095,10327
40095,6506
40095,12377
40095,167085
40095,167316
10651,378
10651,6149
10651,2708
10651,1721
10651,6007
10651,1419
10651,3149
10651,703
10651,1788
10651,6844
10651,9663
10651,9826
10651,10391
10651,12193
10651,14601
10651,207268
10141,622
10141,585
10141,271
10141,2335
10141,2564
10141,3182
10141,3202
10141,10454
10141,9714
10141,9813
10141,10594
10141,11411
10141,41185
10141,171493
10141,188344
10141,284794
10141,330434
27362,793
27362,10123
27362,156179
27362,222783
5680,10850
5680,10911
5680,14570
5680,157667
5680,167915
5680,193998
5680,249692
5680,319919
5680,325782
5680,345893
26386,65
26386,207317
34053,6075
34053,579
34053,207125
34053,207126
25884,1812
26355,1009
26355,6038
26355,18011
26355,289211
10675,922
10675,1157
10675,90
10675,4183
10675,5265
10675,2587
10675,5756
10675,7690
10675,13005
10675,34038
10675,207268
10675,222665
10130,1003
10130,409
10130,971
10130,690
10130,2250
10130,1262
10130,2521
10130,5565
10130,8723
10130,9826
10130,10230
10130,10787
10130,14641
10130,155393
10130,156803
10130,161276
2617,1534
2617,65
2617,1253
2617,2024
2617,2522
2617,3623
2617,12392
2617,33694
21362,9799
21362,13153
21362,288816
38500,9663
38500,10093
38500,12564
38500,15265
26723,4048
26723,154866
26723,164120
26723,164124
26723,208914
26723,227302
26723,234765
26723,239811
26723,246377
20443,6075
49365,1415
49365,3335
49365,9826
49365,14805
49365,162846
49365,208992
11347,2389
11347,818
11347,3133
11347,3496
11347,6396
11347,10864
11347,33735
11347,41586
11347,209568
11347,287097
11347,340163
12144,746
12144,697
12144,1720
12144,3521
12144,6854
12144,12616
12144,259376
12144,319319
13704,5165
13704,11694
13704,11696
13704,155232
13704,155233
12505,470
12505,1812
12505,18068
12505,187597
12505,217131
12505,236626
41963,934
41963,157701
41963,207268
41963,266753
41963,325763
41963,325777
41963,325799
13482,818
13482,1508
13482,5730
13482,41334
13482,154846
13482,164253
13482,180199
13482,182278
13482,184559
13482,184952
13482,189215
13482,189599
13482,195917
13482,206844
13482,231625
13482,275545
13482,296457
34014,407
34014,9714
34014,18266
34014,156866
34014,160364
34014,191027
29739,586
29739,4630
29739,2232
29739,2347
29739,6095
29739,14633
29739,155724
29739,197786
29739,236119
29739,245026
12120,9951
12120,11931
12120,177398
12120,177406
47818,520
47818,818
47818,7476
47818,10683
47818,208992
38617,720
38617,1568
38617,12425
38617,13059
3543,1490
3543,2669
3543,2594
3543,3306
3543,3593
3543,6819
3543,155755
3543,171563
3543,187212
3543,216079
3543,224947
3543,241725
3543,254485
3543,257890
3543,265479
3543,308068
51321,6270
51321,236
51321,697
51321,1897
51321,9872
51321,187056
9604,2231
9604,779
9604,796
9604,797
9604,542
9604,6149
9604,2106
9604,2111
9604,5340
9604,9748
9604,10175
9604,15167
9604,167316
9604,167580
9604,226499
24929,10327
24929,12377
24929,235565
24929,254747
10925,1227
10925,10123
10925,2452
10925,4470
10925,10327
10925,12377
10925,41603
10925,155619
10925,157892
10925,207492
10925,207891
10925,211429
10925,234040
10925,254747
10925,256183
10925,283085
10925,309060
10925,342626
13965,5657
13965,2284
13965,2673
13965,2752
13965,2753
13965,9663
13965,207928
24266,5657
24266,802
24266,2284
24266,1261
24266,2673
24266,2752
24266,41011
24266,155343
24266,155344
24266,155346
24266,155347
24266,155349
24266,158266
24266,207928
24266,240119
24266,240303
24266,272521
18197,2957
18197,10562
18197,14743
18197,18028
18197,192987
18197,314730
18197,325787
70842,212
70842,1411
70842,4553
70842,10181
70842,8250
70842,195729
70842,258533
17126,157211
17126,187056
11503,818
11503,3030
11503,1680
11503,351
11503,6156
11503,1227
11503,3392
11503,2020
11503,1829
11503,3986
11503,3298
11503,9887
11503,5518
11503,7172
11503,5968
11503,10787
11503,157367
11503,161276
11503,166512
11503,167085
11503,170339
11503,172592
11503,172594
38558,2231
38558,3529
38558,8015
38558,10909
38558,10978
9717,1329
9717,6149
9717,1384
9717,1930
9717,1812
9717,1262
9717,5827
9717,2673
9717,3593
9717,4560
9717,5739
9717,9826
9717,10468
9717,160223
11966,720
11966,642
11966,6149
11966,2708
11966,1384
11966,1422
11966,2348
11966,2752
11966,3338
11966,4470
11966,9663
11966,10051
11966,10726
11966,14544
11966,171068
2605,310
2605,952
2605,1897
2605,14544
2605,162365
2605,241599
8740,697
8740,1930
8740,2781
8740,10941
8740,156091
8740,194998
8740,281776
8740,323982
25497,1416
25497,2334
38560,797
38560,5074
38560,9826
38560,166527
50203,5809
50203,4543
50203,10508
50203,156799
26798,163758
41428,4565
41428,4375
41428,2843
41428,10292
41428,12190
41428,12999
41428,200918
41428,208156
41428,309974
41428,324429
41428,324713
41428,325773
41428,325779
41428,325809
41428,325811
41428,325812
8337,592
8337,4565
8337,9990
8337,9951
8337,11479
8337,12670
8337,14909
8337,15211
8337,41405
8337,174244
8337,249732
8337,273439
8337,298530
8337,320420
8337,323141
8337,324713
8337,325815
8337,325818
8337,337327
8337,342626
8337,359767
47493,9672
47493,10093
47493,21747
47493,187056
47493,190025
8463,242
8463,1013
8463,824
8463,10181
8463,10180
8463,158718
8463,160335
8463,222233
8463,258533
41974,1415
41974,1523
41974,5922
41974,11546
41974,241745
28176,520
28176,5565
28176,9672
28176,6134
28176,207883
28176,231762
28176,256077
9493,1706
9493,6783
9493,168196
9493,168202
9493,168210
9493,168211
9493,168213
9493,168216
9493,168220
9493,325765
9493,325845
26603,818
26603,5629
26603,11870
26603,10873
26603,33721
26603,163069
26603,177035
26603,198929
33172,1706
33172,3288
33172,13031
33172,15162
33172,158386
33172,158416
33172,163049
33172,163561
33172,197940
33172,233300
33172,314730
29095,3133
29095,3392
29095,4375
29095,2564
29095,3358
29095,5457
29095,10771
29095,12564
29095,156174
29095,205739
29095,211635
29095,235074
29095,235205
29095,309974
29095,325776
12582,212
12582,703
12582,7464
12582,8250
12582,207928
10001,578
10001,1815
10001,2309
10001,8691
10001,194160
10001,194161
10001,236170
10001,332933
11352,3800
11352,6155
11352,3203
11352,1981
11352,9714
11352,162846
11352,184559
11352,191404
11352,192094
11352,325820
12500,5600
12500,1938
12500,526
12500,3593
12500,10278
12500,13065
12500,18448
25678,2041
25678,6092
25678,1721
25678,4063
25678,4405
25678,9663
25678,10278
25678,11663
25678,18522
25678,161823
25678,336493
25678,336495
25678,336496
25682,10278
45225,6054
45225,12396
1648,931
1648,5674
1648,1743
1648,2842
1648,4379
1648,5540
1648,5671
1648,6162
1648,4381
1648,5678
1648,5680
1648,12392
4105,779
4105,233
4105,6149
4105,3149
4105,1794
4105,10291
4105,10642
4105,11148
4105,219404
4105,325765
4105,325811
22711,5744
22711,3134
22711,4098
22711,6593
22711,14641
19124,2957
19124,779
19124,2956
19124,585
19124,9725
19124,12413
19124,207556
69828,9727
69828,325820
53150,1299
53150,1706
53150,2766
53150,1852
53150,3335
53150,4884
53150,6879
53150,9663
53150,11581
53150,12377
53150,13092
53150,18082
53150,162538
53150,174413
53150,210592
10142,2957
10142,2959
10142,570
10142,6148
10142,2250
10142,9672
10142,10787
10142,13065
10142,165431
3064,5600
3064,439
3064,6155
3064,697
3064,4116
3064,6506
86093,3149
86093,526
86093,10391
86093,187056
10134,2964
10134,242
10134,779
10134,679
10134,4458
10134,3070
10134,12190
10134,41665
10134,219404
10134,226499
10134,232766
21291,818
21291,970
21291,1786
21291,12670
21291,240119
21291,245358
4925,376
4925,1981
4925,12670
15142,1566
15142,33721
32075,187056
2210,1612
2210,246
2210,1566
2210,6149
2210,4344
2210,9799
2210,7984
2210,8181
2210,9840
2210,9951
2210,9749
2210,11612
2210,34130
2210,163957
2210,177299
2210,177303
25005,578
25005,4048
25005,10229
25005,283297
25005,336876
21721,578
21721,4048
21721,10229
21721,283297
21721,336876
11828,5895
11828,1191
11828,15101
11828,179101
11828,230105
55699,2111
55699,2334
10551,10051
10551,15009
10551,156493
20713,1008
20713,439
20713,2041
20713,2580
20713,1806
20713,1956
20713,11106
20713,4410
20713,10148
20713,7265
20713,10787
27461,1815
27461,1508
27461,1956
27461,4593
27461,5565
27461,207883
27461,285777
1380,390
1380,12670
19157,6054
19157,2570
19157,407
19157,2398
19157,3458
19157,11095
19157,14818
19157,187056
19157,196722
19157,196724
19157,196730
11465,578
11465,4048
11465,13008
11465,14669
11465,18070
11465,164811
11465,164813
11465,164823
11465,164825
11465,164829
55059,1253
55059,3616
55059,167768
55059,170116
55059,183133
55059,249749
55059,258533
9085,417
9085,6149
9085,2334
9085,9823
9085,9713
9085,160488
9085,164593
9085,189920
9085,207876
17819,9767
17819,13028
14776,8201
14776,15086
14776,15274
14776,168750
14776,186507
14776,216791
59585,2393
32855,422
32855,447
32855,818
32855,3291
29185,2151
29185,10325
29185,11734
29185,160497
29185,189402
29185,235908
29185,235910
32059,6149
32059,10714
32059,207268
505,378
505,2546
505,30
505,1604
505,642
505,2062
505,1591
505,2411
505,2547
505,2544
505,4585
4486,295
4486,741
4486,6719
4486,14765
4486,158194
4486,208080
10345,720
10345,4918
10345,4668
10345,8015
10345,6648
10345,14964
10345,15009
10345,15162
10345,33671
10345,33699
10345,41158
10345,155715
10345,167316
10345,208152
10345,259376
10222,779
10222,797
10222,570
10222,380
10222,6075
10222,1721
10222,2564
10222,3432
10222,3434
10222,7910
10222,10514
10222,10515
10222,9748
10222,219404
10222,303437
10222,325791
10222,352014
12774,242
12774,549
12774,818
12774,1721
12774,738
12774,15137
12774,41523
12774,208611
14621,6270
14621,7920
14621,9672
14621,10726
14621,11733
14621,165154
14621,206512
19118,395
19118,5369
19118,5887
19118,157903
19118,157904
14372,658
14372,1299
14372,1706
14372,567
14372,270
14372,2580
14372,1960
14372,10503
14372,33696
14372,155334
14372,162351
14372,185477
15138,6054
15138,1299
15138,3501
9972,378
9972,1430
9972,2881
9972,3296
9972,5643
9494,1009
9494,641
9494,3725
9494,179431
9494,187056
9494,320420
9494,324713
9494,325765
9494,325782
17362,1326
17362,178183
17362,178210
17362,178213
17362,187056
17362,190178
17362,207844
9942,6075
9942,1480
9942,15246
9942,167875
9942,167876
9942,167877
9942,167882
9942,167884
9942,167888
9942,167889
9942,167890
9942,191222
9942,327617
8216,445
8216,739
8216,1803
8216,4344
8216,6562
8216,6217
8216,9748
8216,9826
8216,11691
8216,13059
8216,159937
8216,167352
8216,172383
8216,192793
8216,309974
8216,324713
8216,325765
4296,2964
4296,3800
4296,822
4296,1521
4296,4379
4296,9951
4296,10617
4296,12617
4296,14541
4296,14544
4296,14760
4296,14779
4296,14780
4296,156866
4296,161240
4296,206850
24739,720
24739,677
24739,4210
24739,4630
24739,1419
24739,1420
24739,10123
24739,10738
24739,2187
24739,10150
24739,11737
24739,12670
24739,14601
24739,162914
24739,188960
24739,251667
39197,787
39197,5496
39197,10181
39197,183185
9686,612
9686,242
9686,456
9686,931
9686,642
9686,2861
9686,1523
9686,3487
9686,2679
9686,9706
9686,10909
9686,14893
9686,156174
39002,6075
39002,206441
43345,534
43345,1402
43345,13028
31606,520
31606,1563
31606,2708
31606,11400
31606,207317
27607,14895
27607,159947
37146,6259
37146,9864
37146,193532
20006,801
20006,1356
20006,5876
20006,3300
20006,11711
20006,180996
20006,207915
8867,797
8867,697
8867,853
8867,9715
8867,9990
8867,2987
8867,9717
8867,9748
8867,7002
8867,10291
8867,10391
8867,13116
8867,15090
8867,18522
8867,193897
8867,219404
8867,266013
12663,2106
12663,2052
12663,3045
12663,8862
12663,9748
12663,33705
12663,226589
331,10084
331,10364
331,911
331,2041
331,3800
331,1766
331,1718
331,1720
331,1719
331,1770
331,12616
331,13031
331,14760
331,155582
331,156941
331,176038
331,194428
331,196564
331,223059
331,309974
331,325844
11467,1157
11467,1907
11467,5809
11467,886
11467,2587
11467,9799
11467,2134
11467,12396
11467,241738
327,2231
327,441
327,380
327,1463
327,1601
327,1794
327,1796
327,1797
327,9016
327,12670
327,15011
1548,5248
1548,9717
1548,11710
1548,12392
1548,18005
1548,33424
1548,171556
1548,175492
1548,175494
1548,175497
1548,175499
1548,175506
1548,175510
1548,175514
1548,179430
1548,323809
13403,108
13403,571
13403,10229
13403,33973
13403,158718
13403,165601
13403,165606
13403,165608
13403,165612
13403,165614
13403,165615
13403,165621
13403,322604
869,1826
869,690
869,2020
869,4565
869,1828
869,2552
869,2831
869,4379
869,3801
869,10158
869,14759
869,207569
552,894
552,246
552,236
552,456
552,1157
552,110
552,5809
552,2796
552,6089
552,1735
552,2587
552,2784
552,2794
552,2683
552,6038
552,2775
552,2776
552,2777
552,2778
552,2779
552,2780
552,2781
552,2783
552,2795
552,2797
552,9736
552,33694
552,163726
36095,612
36095,549
36095,1453
36095,818
36095,5340
36095,3298
36095,4434
36095,9826
36095,10714
36095,12369
36095,15271
36095,156104
36095,156835
36095,160059
36095,168857
36095,190007
36095,202371
36095,207268
36095,231642
36095,251667
36095,322255
36095,325778
47574,187056
2171,704
2171,5767
87462,10714
87462,15090
87462,15359
20307,11199
19142,4551
19142,9717
41946,9663
41946,14577
41946,207941
41946,317660
10135,1605
10135,797
10135,2236
10135,2334
10135,2781
10135,5572
10135,6593
10135,3688
10135,9748
10135,10553
10135,160488
10135,174244
10135,178649
32767,2421
32767,2637
32767,9780
32767,9826
32767,11479
32767,10093
32767,14765
32767,161207
32767,225219
19236,236
19236,1547
19236,2857
19236,3739
19236,291
19236,2754
19236,3199
19236,3307
19236,10292
19236,9887
19236,6415
19236,15216
19236,41410
19236,41557
19236,239936
32261,212
32261,2943
32261,9672
32261,3692
32261,190628
32261,208424
32261,208992
32261,240348
32261,244889
32261,338940
60276,4129
60276,3183
60276,10123
60276,158718
60276,163047
60276,258533
12150,242
12150,918
12150,6149
12150,567
12150,703
12150,9826
12150,10714
12150,207268
11185,1741
11185,6054
11185,1643
11185,9990
11185,2619
11185,3581
11185,9253
11185,9826
11185,164092
47045,5600
47045,5905
47045,5490
18683,5215
18683,1200
18683,6344
18683,10181
18683,207263
12521,2122
12521,6259
12521,625
12521,703
12521,2583
12521,10292
12521,9826
12521,11263
12521,11523
12521,12339
12521,14805
12521,14837
12521,15127
12521,156075
12521,183953
12521,199551
12478,567
12478,4313
12478,5914
12478,8034
12478,10818
12478,15160
12478,34094
12478,155816
49788,350920
31083,128
31083,3356
31083,7169
31083,10683
31083,193549
31083,207317
30666,970
30666,6669
30666,9663
30666,9856
30666,9826
30666,10714
30666,13027
30666,14805
30666,33780
30666,161814
30666,176182
30666,194418
25155,6259
25155,4129
25155,1879
25155,6669
25155,9826
25155,10714
25155,158142
25155,161814
25155,176182
25155,222287
65015,380
65015,2005
65015,10041
65015,187056
65015,191828
24077,212
24077,9253
9618,1563
9618,1601
9618,12670
9618,167316
9618,259376
16560,4344
16560,4345
16560,156121
16560,207010
31608,5600
31608,6149
31608,3713
31608,1562
31608,3398
31608,769
31608,703
31608,9714
31608,10718
31608,10562
31608,15214
31608,15363
31608,156121
31608,167043
31608,186951
31608,187376
31608,222515
22102,3593
22102,10049
22102,163047
22102,325784
22102,325814
22102,325832
6951,15167
6951,167316
6951,167541
6951,167982
6951,168889
6951,168895
6951,208152
6951,241366
6951,241367
11959,3090
11959,4325
11959,8201
11959,5699
11959,186803
2616,2604
2616,6464
2616,164246
2616,170083
2616,170085
2616,170087
2616,170089
2616,170091
2616,170100
2616,179430
2616,193237
2616,288816
2616,320420
2616,325809
2616,325835
7091,2726
7091,3133
7091,6255
7091,4197
7091,6262
7091,2334
7091,10123
7091,3298
7091,9826
7091,11677
7091,160059
7091,224795
7091,309974
7091,325765
7091,325777
249,6038
249,9840
249,7277
249,10909
249,15160
249,41379
249,172471
249,201864
249,315310
249,325811
11342,616
11342,2343
11342,1227
11342,4379
11342,4995
11342,10541
11342,157667
11342,177894
183,387
183,282
183,271
183,5301
183,5303
183,5304
183,15291
183,167043
183,328734
32330,9094
32330,163096
24126,616
24126,2343
24126,6976
24126,9663
24126,12654
24126,157667
24126,244896
8494,169603
8494,169604
8494,169606
26535,1566
26535,5215
26535,818
26535,2251
26535,9180
26535,13008
26535,191483
26535,363641
41784,3356
41784,3593
41784,10322
41784,189092
41784,189995
41784,207941
41784,215159
27431,6259
27431,2393
27431,4058
27431,6844
27431,10124
27431,10376
27431,10714
27431,12339
27431,12570
27431,14805
27431,15106
27431,33699
27431,41329
27431,161814
27431,170865
27431,173224
27431,178649
27431,183953
27431,207556
27431,273865
27431,301129
27431,324172
2148,1416
2148,2987
2148,2334
2148,3017
2148,4344
2148,5823
2148,10391
2148,165643
2148,166462
2148,189920
2148,198688
2148,207876
2148,214548
2148,231149
2148,238763
2148,241927
2148,262121
42033,4565
42033,4458
42033,206850
11308,612
11308,549
11308,570
11308,818
11308,258
11308,1721
11308,8201
11308,10668
11308,13015
11308,18267
11308,283467
53119,2315
53119,10939
31941,2957
31941,422
31941,2956
31941,818
31941,3391
31941,3713
31941,2671
31941,4119
31941,14658
31941,156650
19317,744
19317,9725
19317,158718
19317,185343
19317,207928
19317,232481
27813,15208
27813,160314
27813,192153
27813,226583
27813,325782
57745,3739
57745,388
57745,14765
57745,166492
57745,344250
57745,344251
2057,701
2057,1808
2057,1664
2057,6180
2057,7412
2057,197602
2057,207767
9880,7376
9880,6270
9880,818
9880,1158
9880,5515
9880,9920
9880,171556
9880,191027
9880,246466
9880,325778
9880,325832
5175,779
5175,12670
5175,157241
5175,165583
5175,167316
5175,179431
5175,219404
5175,269233
21596,10352
21596,10353
21596,163053
21596,272745
41951,409
41951,11518
41951,158217
41951,165402
41951,187056
41951,206232
41951,208611
11385,2857
11385,3713
11385,409
11385,2510
11385,3513
4484,1463
4484,824
4484,1228
4484,2311
4484,2560
4484,4204
4484,10181
4484,8080
4484,9813
4484,10180
4484,158718
4484,160884
4484,240119
4484,245696
4484,251176
4484,258533
11684,10685
11684,824
11684,131
11684,470
11684,4688
11684,7644
11684,8080
11684,9813
11684,9826
11684,34094
11684,158718
11684,164593
11684,258533
44414,456
44414,1245
44414,9713
44414,9826
44414,12436
44414,14794
44414,34094
44414,40895
44414,156174
44414,156834
44414,207268
20391,6015
20391,155870
20391,162726
12584,1589
12584,818
12584,4129
12584,1197
12584,4948
12584,6564
12584,4995
12584,9661
12584,12371
12584,12390
12584,159434
12584,163674
12584,223019
12584,236170
12584,237964
12584,292563
12584,331209
12584,338892
12584,338897
70042,162687
70042,207379
70042,208611
70042,238741
1627,1706
1627,2335
1627,2163
1627,5650
1627,10886
1627,13005
1627,14641
1627,14872
1627,46959
1627,155896
1627,160279
1627,188953
11542,1706
11542,6017
11542,818
11542,4720
11542,2117
11542,2463
11542,2800
11542,3307
11542,11494
11542,9696
11542,11483
11542,13160
11542,14964
11542,157908
11542,158276
11542,162345
11542,162346
11542,162348
11542,184392
11542,225690
11542,287274
17169,779
17169,397
17169,1721
17169,10391
17169,14735
17169,14736
17169,14762
17169,15149
17169,186150
17169,219404
39176,1160
39176,2011
39176,2904
39176,10541
39176,13153
39176,41586
39176,156075
39176,234743
39176,243413
33214,1523
33214,2635
33214,5439
33214,9673
33214,15106
33214,18267
33214,34094
33214,294665
19267,520
19267,779
19267,542
2770,13088
2770,34145
2770,155939
2770,164246
2770,170813
2770,170822
2770,170827
12610,5198
12610,6681
12610,14675
12610,188326
1933,3030
1933,1252
1933,186
1933,1366
1933,964
1933,1227
1933,1956
1933,2341
1933,3358
1933,3036
1933,5911
1933,12545
1933,13065
1933,33608
1933,166591
1933,207883
1933,210530
1933,267057
1933,325776
1933,325839
1933,329866
13496,798
13496,2673
13496,9503
13496,9910
13496,222784
21055,9673
21055,9713
21055,187056
21055,258533
24936,6054
24936,585
24936,1546
24936,970
24936,1721
24936,2820
24936,6653
24936,9826
24936,10551
24936,10877
24936,14708
24936,33719
24936,156401
24936,158718
24936,183728
24936,188991
24936,258533
80070,309426
10972,222
10972,1700
10972,2800
10972,2574
10972,11488
10972,10294
10972,11335
10972,15156
10972,33553
10972,41180
10972,41329
10972,161315
10972,169411
10972,189102
10972,189400
10972,215163
10972,279744
207541,478
207541,33683
207541,199617
207541,230006
207541,282080
1722,5300
1722,174363
1722,174369
1722,174375
1722,174378
1722,299431
9896,585
9896,7312
9896,33626
9896,191434
26665,5600
26665,567
26665,2150
26665,7312
26665,10909
26665,161545
26665,204703
26665,240303
9683,725
9683,8653
9683,9986
9683,40895
9683,303310
2779,242
2779,3363
2779,155435
2779,159413
2779,159469
2779,167576
2779,197804
2779,207883
2779,224965
2779,236253
2779,236458
2779,283461
2779,297201
2779,306070
2294,1706
2294,886
2294,5451
2294,11687
2294,168039
2294,168063
10016,2964
10016,839
10016,2095
10016,9712
10016,3497
10016,6015
10016,7118
10016,9856
10016,9685
10016,12377
10016,13008
10016,50009
10016,157791
10016,162686
10016,162846
10016,166695
10016,166701
10016,246238
10016,252634
26602,966
26602,6075
26602,1480
26602,7984
26602,9840
26602,9856
26602,9673
26602,13088
26602,155450
37920,810
37920,1743
37920,5565
37920,18035
37920,187056
37920,280291
37920,316421
22230,2964
22230,4379
22230,10854
22230,208757
22230,281237
206412,242
206412,163053
13966,3725
13966,5885
742,458
742,1228
742,1253
742,1773
742,1192
742,2412
742,2383
742,2821
742,1698
742,3469
742,9457
742,9957
742,33457
742,161545
742,165100
742,264386
248757,158718
248757,195624
248757,258533
15104,187056
15104,240303
8922,1299
8922,5301
8922,1583
8922,5923
8922,179430
8922,188717
8922,251619
8922,325825
11065,6270
11065,931
11065,2887
11065,5490
11065,6496
11065,8635
11065,9713
11065,14964
11065,160910
11065,165214
11065,176752
11065,185158
11065,213225
11065,240119
21118,5876
46727,4232
46727,9825
46727,11454
46727,11722
46727,258533
46727,325824
16314,10084
16314,779
16314,1701
16314,380
16314,9823
16314,18035
16314,187710
16314,193544
16314,193545
16314,193547
16314,193549
16314,193551
16314,193552
16314,193554
16314,215404
18885,240
18885,6054
18885,779
18885,1701
18885,380
18885,6956
18885,9823
18885,9713
18885,9748
18885,187710
18885,193545
18885,193551
18885,193552
18885,206691
18885,206694
18885,206695
18885,206696
40508,240
40508,779
40508,1701
40508,380
40508,853
40508,9823
40508,156334
40508,156388
40508,187710
40508,193544
40508,193545
40508,193552
40508,206686
40508,206691
40508,206695
5922,801
5922,818
5922,6844
5922,8440
5922,10333
5922,12371
5922,12670
5922,33705
5922,219404
5922,226499
27346,2863
27346,4426
27346,1366
27346,5489
27346,10292
27346,11532
27346,9826
27346,14798
27346,14808
27346,14818
27346,14837
27346,15127
34223,3713
34223,3133
34223,3688
34223,9826
34223,157632
34223,228665
16307,2389
16307,2041
16307,818
16307,2858
16307,388
16307,4720
16307,1227
16307,5340
16307,6158
16307,10864
16307,11004
16307,10941
16307,11083
16307,33699
16307,157775
16307,164218
16307,178649
16307,190894
16307,209568
16307,226406
16307,248301
16307,250369
16307,276914
16307,324263
27681,6270
27681,380
27681,4803
27681,33721
27681,155722
27681,156478
27681,159947
27681,165137
11370,818
11370,4152
11370,697
11370,2011
11370,3997
11370,9714
11370,9920
11370,10410
11370,12995
11370,14577
11370,175428
11370,217324
11370,219404
11370,269233
12508,2570
12508,3836
12508,5540
12508,5625
14033,3298
14033,9844
14033,34079
14033,161240
25462,931
25462,11687
25462,12612
25462,13043
25462,14602
25462,164698
25462,170083
25462,207050
25462,214647
25462,329911
25462,329913
223346,10553
47161,3541
47161,186782
106230,640
106230,3434
106230,5605
106230,9672
106230,158718
106230,258533
35176,3515
35176,236
35176,5340
35176,187056
35176,224391
18734,10683
18734,9398
18734,11161
18734,11722
18734,14857
18734,157213
44321,158718
44321,258533
26661,1160
26661,1456
26661,1530
26661,2904
26661,3496
26661,9253
26661,10541
26661,10877
26661,12999
26661,171964
26661,184134
26661,209302
26661,248516
5998,2546
5998,2343
5998,1284
5998,7597
5998,7598
5998,10889
5998,15009
5998,15106
5998,18118
5998,154802
5998,179991
5998,183817
5998,244516
58062,392
58062,972
58062,1739
58062,193513
58062,196096
58062,241982
2176,387
2176,380
2176,697
2176,12565
2176,13014
2176,13063
2176,360898
22617,242
22617,395
22617,1946
22617,18293
75386,177119
2185,173971
2185,177341
2185,325803
2185,325819
10696,2276
10696,2751
10696,8290
10696,162262
2034,2231
2034,387
2034,796
2034,383
2034,8045
2034,1601
2034,2149
2034,11734
2034,12670
2034,33426
2034,155716
2034,155799
2034,164253
2034,206318
2034,207268
2034,325761
2034,325773
21538,10688
21538,11606
21538,14626
51722,34196
51722,159451
51722,187056
51722,208797
51722,253312
48834,613
48834,1755
48834,14549
48834,156766
48834,159793
48834,161207
48834,217989
48834,234538
30379,4565
32567,1963
32567,11107
32567,14728
32567,18031
32567,155395
32567,173989
32567,208194
32567,222529
32567,248757
32567,257360
32567,294531
32567,330993
32567,346725
12537,596
12537,818
12537,9683
12537,9673
12537,10614
12537,226974
9028,3737
9028,75
9028,798
9028,801
9028,1582
9028,5253
9028,1442
9028,5303
9028,1522
9028,625
9028,2095
9028,1899
9028,5332
9028,2801
9028,2802
9028,2805
9028,4125
9028,5707
9028,3781
9028,10176
9028,14546
9028,15518
9028,156212
9028,236855
9028,250227
9028,256930
9028,309479
9028,352649
16180,1533
16180,6155
16180,2723
16180,3358
16180,10224
16180,8012
16180,14742
16180,15043
11521,931
11521,828
11521,641
11521,2051
11521,3192
11521,5981
11521,9323
11521,9457
11521,14760
11521,33479
11521,187056
21028,165100
21028,186450
27327,2546
27327,242
27327,578
27327,1252
27327,5332
27327,3358
27327,3284
27327,3998
27327,4344
27327,8201
27327,9748
27327,11044
27327,11700
27327,14743
27327,14783
27327,15069
27327,33973
27327,41019
27327,155482
27327,155710
27327,155798
27327,190608
27327,195162
27327,207889
27327,220842
27327,233843
27327,236650
27327,239910
27327,254743
27327,302130
27327,305648
27327,323799
27327,324263
35200,818
35200,10322
35200,11933
35200,155573
35200,179060
35200,188154
21242,13116
21242,160799
21242,164253
21242,169977
21242,222719
21242,226499
21242,243608
29756,2546
29756,2043
29756,2598
29756,3358
29756,9748
29756,10112
29756,10911
29756,12545
29756,12999
29756,162846
29756,163186
29756,186924
29756,286008
82523,1157
82523,394
82523,3451
82523,8085
82523,40854
82523,155263
82523,157972
82523,187291
20115,2199
20115,12570
20115,15127
20115,164920
20115,361094
30295,2041
30295,3800
30295,436
30295,230460
30295,232751
30295,239886
25767,1326
25767,128
25767,9799
25767,10181
25767,9886
25767,12541
25767,33626
25767,156706
25767,194231
25767,231374
25767,324123
25767,324429
33725,416
33725,33476
33725,33479
33725,192412
33725,240119
22874,212
22874,9758
22874,10181
22874,9673
22874,9748
22874,10616
22874,182376
22874,189389
11576,378
11576,387
11576,3800
11576,3713
11576,271
11576,6956
11576,6310
11576,9253
11576,10594
11576,18034
11576,40870
11576,179507
11576,309974
11576,320420
11576,325815
43860,818
43860,1384
43860,409
43860,1965
43860,1969
43860,3379
43860,3644
43860,18034
43860,191439
43860,207928
43860,224121
43802,531
43802,472
43802,974
43802,1816
43802,2075
43802,10235
43802,10594
43802,12094
43802,13008
43802,14604
43802,33673
43802,163072
43802,163865
43802,178654
43802,187023
43802,199384
43802,240303
9660,3799
9660,3588
9660,585
9660,331
9660,339
9660,4931
9660,248
9660,1486
9660,1956
9660,6610
9660,6895
9660,207239
15393,635
15393,6844
15393,18062
15393,181083
15393,314730
248,242
248,947
248,3149
248,9758
248,33673
248,34130
248,157904
248,162752
248,165282
248,165804
248,172376
248,208556
248,214548
248,227019
248,232677
248,239090
248,240315
248,283554
40885,233
40885,818
40885,3366
40885,3779
40885,9052
40885,10131
40885,10188
40885,162701
40885,180498
40885,197915
40885,248246
25905,2652
25905,1739
25905,172218
21148,15111
21148,158054
1644,7172
1644,9714
12502,3664
12502,955
12502,1618
12502,2493
12502,4368
12502,6987
12502,9031
12502,288302
66092,192241
10373,212
10373,392
10373,6447
10373,6579
10373,8843
10373,8900
10373,10683
10373,11343
10373,14735
10373,208992
13766,1432
13766,9882
13766,14626
13766,161289
13766,191586
13766,205349
16380,242
16380,818
16380,3801
16380,5404
16380,6394
16380,10150
16380,10617
16380,12654
16380,34161
16380,173272
16380,181012
16380,221653
12103,242
12103,447
12103,5824
12103,10323
12103,15106
12103,15127
12103,15155
12103,15363
12103,18420
12103,41523
12103,160097
12103,170865
12103,177438
12103,187270
12103,196917
12103,230331
12103,234886
12103,240132
12103,240379
12103,295124
12103,315792
11313,570
11313,1356
11313,579
11313,3605
11313,9376
11313,9815
11313,11411
11313,12372
11313,14768
11313,14856
11313,47023
11313,156104
11313,157955
11313,160246
11313,165142
11313,170587
11313,170602
11313,170603
11313,170607
11313,170610
11313,170611
11313,170615
11313,170620
11313,268384
9398,167193
9398,167195
9398,167198
9398,167210
9398,167215
9398,173242
9398,209409
9398,325767
35066,212
35066,1749
35066,9799
35066,171366
45864,6075
45864,3522
45864,9649
45864,11001
45864,15302
45864,18071
45864,192947
45864,253509
45864,268140
45864,273060
55372,90
10866,3713
10866,1420
10866,10333
10866,12565
10866,15127
10866,155497
10866,155498
10866,159931
10866,161814
10866,262325
34549,6733
34549,9748
34549,13035
34549,186718
34549,198168
34549,295738
34549,298198
34549,337970
9778,242
9778,1605
9778,815
9778,3817
9778,699
9778,2081
9778,7597
9778,10855
9778,40850
9778,41175
9778,154906
9778,169993
9778,177973
9778,188993
9778,196700
9778,207317
9778,207877
9778,210782
9778,237463
9778,244479
9778,245445
9778,254318
9778,267461
9778,272698
9778,316422
9778,321969
9778,324571
34453,180187
58429,10596
58429,12425
58429,13088
58429,40879
58429,162701
58429,163178
58429,187056
58429,225466
58429,247144
58429,308657
16121,629
16121,409
16121,1631
16121,1956
16121,4304
16121,11106
16121,4595
16121,9156
16121,11400
16121,11612
16121,165431
40220,3030
40220,13073
40220,156075
40220,189921
166,1525
166,5600
166,596
166,246
166,90
166,970
166,248
166,10235
166,11870
166,10791
166,33648
166,164698
166,240303
166,240315
166,249237
166,258384
42787,12545
42787,188960
42787,261759
1623,378
1623,1568
1623,2019
1623,5521
1623,5643
1623,9672
1623,195897
1623,207691
1623,208992
1623,214597
1623,223044
40932,11663
40932,155490
40932,187056
40932,209940
32027,828
32027,2348
32027,3473
32027,9935
32027,18249
32027,163964
13550,1233
13550,2350
13550,2723
13550,163186
13550,172658
13550,172829
13550,172839
13550,206850
13550,257081
13550,316832
13612,10776
16769,727
16769,3291
16769,5248
16769,5565
16769,164724
16769,164730
16769,164731
16769,164734
16769,164736
16769,164738
16769,164742
16769,209941
16769,325765
42158,14720
27958,242
27958,6149
27958,1568
27958,1013
27958,703
27958,2699
27958,1886
27958,2804
27958,4569
27958,6373
27958,7098
27958,9826
27958,10714
27958,12570
27958,14831
27958,15271
27958,155215
27958,155418
27958,156022
27958,158713
27958,161982
27958,166582
27958,249749
27958,258533
27958,286954
27958,323449
86463,4470
86463,9860
86463,156205
31703,10084
31703,3799
31703,2652
31703,270
31703,2580
31703,9712
31703,4078
31703,12339
31703,15001
31703,204177
31703,206850
1716,2433
1716,4326
1716,4333
27059,156205
20681,1008
20681,409
20681,2020
20681,3070
20681,10185
20681,10141
20681,13006
20681,18543
20681,190150
20681,191027
3172,378
3172,1562
3172,1929
3172,2492
3172,2669
3172,10123
3172,10051
3172,10594
3172,191047
3172,211512
3172,226427
17708,1568
17708,2735
17708,9253
17708,10291
17708,10391
17708,18420
17708,272551
17708,320420
17708,334887
12780,779
12780,780
12780,1308
12780,4147
12780,158513
570,1525
570,2201
570,570
570,380
570,970
570,65
570,2335
570,2316
570,14714
570,187056
570,224663
1018,1453
1018,1565
1018,222
1018,3030
1018,2708
1018,1660
1018,1284
1018,2849
1018,703
1018,3489
1018,3183
1018,2754
1018,3298
1018,3307
1018,9887
1018,4623
1018,12396
1018,12670
1018,13063
1018,33928
1018,161891
1018,207268
1018,325854
25641,6270
25641,9713
25641,9789
25641,10809
25641,14669
25641,15158
25641,33505
25641,168220
25641,184439
25641,187056
16767,233
16767,9815
16767,10834
16767,162365
16767,190624
16767,195668
16767,210024
102933,1196
102933,736
102933,570
102933,4048
102933,4045
102933,8039
102933,33720
102933,187056
11380,2231
11380,3737
11380,4062
11380,7928
27396,212
27396,1930
27396,770
27396,11860
27396,34061
27396,178539
27396,209225
27396,293571
27396,305466
27396,308137
26299,1196
26299,10329
26299,168192
26299,362404
984,1589
984,6149
984,502
984,3713
984,1336
984,582
984,1930
984,6259
984,703
984,1919
984,5340
984,6093
984,8181
984,9849
984,10714
984,12371
984,14805
984,158279
984,166287
984,188944
984,200234
984,202371
984,207268
984,268067
984,314730
984,321464
984,325766
984,325785
984,325791
984,325854
984,343964
15559,1432
15559,6016
15559,2398
15559,3801
15559,9882
15559,187056
15559,263548
14811,1566
14811,970
14811,941
14811,4344
14811,10181
14811,7329
14811,11701
14811,11703
14811,11704
14811,11705
14811,11706
14811,11707
14811,11687
14811,11709
14811,164460
14811,188684
14811,236170
77670,2492
77670,7658
77670,13017
55727,6075
15560,1432
15560,2106
15560,3801
15560,14626
15560,156039
15560,263548
9585,5600
9585,10685
9585,1241
9585,2587
9585,2320
9585,187
9585,9935
14267,570
14267,970
14267,4779
14267,4553
14267,7028
14267,14857
14267,163726
14267,171636
14267,208580
14267,258533
45929,2580
45929,4388
45929,14785
768,212
768,697
768,1803
768,4007
768,9717
768,158431
768,162810
768,202371
768,211659
768,232469
768,309974
768,322255
768,325761
768,325762
768,325791
768,325809
768,325856
2100,378
2100,1402
2100,11109
2100,5340
2100,6217
2100,158455
2100,185454
11091,1525
11091,1566
11091,1009
11091,1412
11091,4183
11091,1803
11091,5565
11091,9672
11091,8650
11091,13028
11091,166113
11091,187056
11091,319319
3173,6054
3173,2708
3173,1419
3173,1522
3173,1635
3173,3230
3173,3432
3173,3434
3173,10391
3173,15127
3173,41644
27092,931
27092,2629
27092,10596
27092,15363
27092,158718
27092,208992
27092,258533
27092,316438
23941,246
23941,2708
23941,496
23941,3688
23941,12396
23941,14964
23941,156260
23941,156801
18192,10144
11845,922
11845,3458
11845,224663
11845,267122
9081,1566
9081,490
9081,33465
9081,161288
9081,161919
167,1566
167,642
167,5340
167,3363
167,9951
167,9826
167,11612
167,13194
167,14781
167,14784
167,15106
167,180241
167,199214
167,284115
34043,520
34043,1552
34043,9799
34043,155939
34043,258755
34043,268132
34043,308769
9378,2858
9378,1430
9378,641
9378,3713
9378,6152
9378,3358
9378,10235
9378,9714
9378,10594
9378,9748
9378,10085
9378,10911
9378,10915
9378,14999
9378,50009
9378,156075
9378,162846
9378,194998
9378,325818
9378,325821
27444,5657
27444,1749
27444,6199
27444,9673
27444,11737
27444,14794
27444,18153
27444,219779
27444,232487
27444,268525
141,6270
141,3800
141,970
141,2946
141,2726
141,7358
141,3335
141,4379
141,2016
141,9887
141,6203
141,7942
141,10532
141,11363
141,10629
141,10873
141,41329
141,160977
141,179878
141,201456
141,208289
141,243230
141,323809
10034,428
10034,1936
10034,10508
10034,12392
10034,15363
11457,387
11457,970
11457,6095
11457,10163
11457,14857
11457,14964
11457,15160
11457,18035
11457,18326
11457,34004
11457,155816
11457,156052
11457,207864
11457,240119
10778,1415
10778,387
10778,928
10778,3202
10778,4617
10778,12999
10778,189368
10778,207268
10778,207883
78657,187056
67385,916
151727,11001
151727,158718
151727,258533
11456,5729
11456,6669
11456,9826
11456,15155
11456,156578
11456,163758
11456,181068
11456,181112
11456,184432
11456,184439
11456,193282
11456,234931
11456,240119
11456,265891
11456,278279
11456,307165
11456,345356
585,1299
585,4210
585,1332
585,1930
585,3255
585,3256
585,3289
585,7939
585,9823
585,6107
585,9713
585,12011
585,12392
585,14569
585,18035
585,33465
585,167106
585,179431
585,183169
585,189115
585,204006
585,236560
10796,779
10796,851
10796,4379
10796,3417
10796,9820
10796,12670
10796,15009
10796,163081
10796,245157
23949,2231
23949,2389
23949,6270
23949,931
23949,570
23949,933
23949,128
23949,567
23949,1721
23949,1523
23949,718
23949,1936
23949,2669
23949,5619
23949,10181
23949,9673
23949,9824
23949,9713
23949,10776
23949,11335
23949,14964
23949,15009
23949,18005
23949,41596
23949,160423
23949,171662
23949,179022
23949,179068
23949,200574
23949,299344
23949,314753
11088,7155
11088,1936
11088,2492
11088,6328
11088,10051
11088,33456
11088,159413
11088,170212
11088,251720
11088,321964
9889,2064
9889,3363
9889,4539
9889,4951
9889,10201
9889,8054
9889,8663
9889,8664
9889,9974
9889,11612
9889,13043
9889,13072
9889,156092
9889,173497
9889,181052
9889,203624
9889,214664
9889,234339
9889,236374
9889,245776
9889,264966
9889,307754
133115,10217
133115,11036
45964,2604
45964,191527
45964,322255
45964,325818
45964,325825
32014,534
32014,1706
32014,4379
32014,9748
32014,10950
32014,14735
32014,18034
32014,155291
32014,160583
32014,167043
13408,1721
13408,1930
13408,1562
13408,156401
13408,169302
13408,169305
13408,169309
13408,169311
13408,169325
13408,169326
13408,179431
13408,243617
671,616
671,2921
671,6054
671,212
671,818
671,2343
671,6271
671,3230
671,3650
671,3884
671,4238
671,6733
671,10873
671,162846
671,170362
671,177912
671,198168
671,210246
671,246466
671,248927
671,272301
671,324016
671,336530
17731,6593
17731,7344
17731,12670
17731,18321
17731,236972
17731,238355
17731,249749
17731,258533
17731,267122
20794,9826
20794,14964
20794,33780
11469,1456
11469,3098
11469,4379
11469,10466
11469,13068
11469,13084
11469,41406
11469,161257
11469,237612
14369,3800
14369,6075
14369,567
14369,554
14369,1262
14369,3282
14369,3522
14369,5905
14369,890
14369,9864
14369,11485
14369,9880
14369,11830
14369,162328
1535,2957
1535,5907
1535,591
1535,478
1535,5265
1535,470
1535,2106
1535,9856
1535,13015
1433,514
1433,6783
1433,5509
1433,15032
1433,162846
1433,211362
1433,214548
1433,238467
1433,250461
1433,256908
1999,965
1999,1495
1999,1679
1999,2317
1999,5982
1999,9457
1999,9872
1999,9927
1999,156866
1999,157799
1999,204959
78076,3149
78076,10601
87774,5301
87774,10250
87774,10601
87774,170633
87774,277050
87774,296558
23847,10601
50785,187196
50785,213473
50785,317466
12472,9755
12472,256330
12472,325844
12472,325846
11834,1605
11834,1566
11834,970
11834,5331
11834,228876
16085,6038
16085,3485
16085,4344
16085,15160
27405,291
27405,14676
27405,17972
27405,346434
269,922
269,3737
269,918
269,736
269,6054
269,90
269,1721
269,697
269,1419
269,915
269,916
269,917
269,919
269,10562
269,12999
269,33672
269,34094
269,155845
269,239841
269,320537
269,325791
16441,2858
16441,2343
16441,1938
16441,4809
16441,3725
16441,5147
16441,9725
16441,9826
16441,11581
16441,14546
16441,14643
16441,18165
16441,40931
16441,156175
16441,234213
11422,1956
11422,4410
11422,9240
11422,9525
11422,13065
11422,14638
11422,161246
11422,182677
11422,195862
11422,207883
11422,226475
11422,311315
11422,314730
31037,1956
31037,3264
31037,5565
31037,9525
31037,159952
31037,231847
40739,1956
40739,12999
40739,13065
40739,14638
40739,207883
10656,1761
10656,90
10656,1463
10656,1936
10656,1552
10656,15009
10656,156037
10656,173919
32847,4375
32847,2799
32847,2900
32847,9673
32847,12999
32847,15106
32847,15274
32847,15320
32847,159313
32847,192391
32847,240315
32847,326020
39938,6054
39938,818
39938,65
39938,367
39938,1992
39938,9840
39938,10683
39938,12390
39938,155624
39938,156928
39938,165468
39938,168316
39938,179585
39938,180413
39938,186849
39938,188635
39938,192772
39938,195785
39938,199373
39938,235636
39938,238424
39938,324324
39938,324682
39938,336680
39938,336962
39938,357510
38766,1956
38766,4063
38766,11823
38766,161246
38766,245274
43510,5299
43510,1956
43510,158781
43510,160325
43510,161246
35284,2652
35284,131
35284,1956
35284,4595
35284,1295
35284,325764
14584,11931
72277,5656
72277,5657
72277,966
72277,1566
72277,3030
72277,6148
72277,3392
72277,2340
72277,2217
72277,9887
72277,5997
72277,10170
72277,10909
72277,11326
72277,14527
72277,156507
72277,207935
72277,209619
72277,243810
72277,244422
72277,253826
72277,254630
5781,90
5781,258
5781,970
5781,2281
5781,7513
5781,7515
5781,9673
5781,13008
5781,13097
5781,33740
5781,206887
23805,2081
23805,156294
23805,156295
23805,156296
23805,156298
34388,220
34388,392
34388,292
34388,470
34388,2106
34388,3272
34388,155460
34388,155762
34388,156026
34388,156598
39867,242
39867,246
39867,586
39867,4426
39867,9856
39867,9748
39867,9826
39867,10093
39867,10714
39867,12339
39867,13158
39867,14765
39867,14805
39867,18082
39867,155490
39867,155733
39867,157701
39867,158567
39867,189921
39867,222314
11033,6054
11033,444
11033,549
11033,3030
11033,108
11033,6025
11033,1552
11033,1879
11033,2887
11033,6093
11033,3182
11033,2864
11033,9181
11033,9826
11033,10333
11033,12570
11033,15106
11033,15271
11033,33513
11033,33720
11033,34094
11033,158203
11033,169815
11033,188960
11033,193282
11033,193723
11033,199524
11033,207767
11033,323449
69716,5657
69716,10614
37835,242
37835,2956
37835,570
37835,3149
37835,10292
37835,9748
37835,7002
37835,11034
37835,13006
37835,13059
37835,162380
33356,163053
3537,242
3537,1691
3537,1346
3537,4344
3537,9823
3537,33928
3537,161046
3537,207008
3537,221287
38922,3429
38922,9974
38922,187056
27145,1523
27145,10333
8738,3800
8738,1956
8738,4379
8738,3365
8738,9525
8738,195862
8738,207883
8738,208289
8738,248841
8738,252880
3604,6211
3604,2280
3604,2642
3604,3071
3604,9758
3604,10158
3604,12965
3604,14760
3604,161176
3604,190132
3604,195323
3604,219404
3604,248862
3604,248863
6974,1612
6974,1299
6974,839
6974,11100
6974,8183
6974,9951
6974,9882
6974,10539
6974,13005
6974,14626
6974,195114
6974,210234
26398,1299
26398,818
26398,15140
26398,162801
26398,166695
26398,197359
42218,9678
42218,1196
42218,818
42218,1422
42218,1852
42218,3186
42218,3126
42218,7035
42218,9741
42218,11034
42218,179867
42218,214996
42218,214997
42218,223059
42218,237516
10649,582
10649,3859
10649,5439
10649,5373
10649,8956
42566,779
42566,6149
42566,1568
42566,3713
42566,1721
42566,582
42566,3149
42566,2095
42566,9748
42566,7002
42566,10291
42566,14964
42566,33556
42566,34079
42566,207268
42566,219404
17689,1589
17689,720
17689,549
17689,797
17689,502
17689,2708
17689,3713
17689,992
17689,1666
17689,2448
17689,3581
17689,4009
17689,5430
17689,6951
17689,9849
17689,10291
17689,10950
17689,14570
17689,14735
17689,33457
17689,168590
17689,173606
17689,181135
17689,186718
17689,209225
17689,225795
17689,236524
17689,275061
17689,292178
34084,1227
34084,12565
34084,166512
34084,211197
15983,1196
15983,779
15983,797
15983,416
15983,2106
15983,3186
15983,4278
15983,9748
15983,7002
15983,10141
15983,13015
15983,13116
15983,18522
15983,207317
15983,219404
15983,266013
14854,779
14854,780
14854,797
14854,970
14854,1812
14854,1556
14854,5901
14854,2564
14854,5572
14854,10176
14854,14964
14854,155291
14854,159803
14854,219404
10847,10084
10847,911
10847,818
10847,4931
10847,1617
10847,2987
10847,9743
10847,11823
10847,230570
10847,249530
33525,4100
33525,6415
33525,9738
33525,9882
33525,10536
27591,10084
27591,3799
27591,2041
27591,1299
27591,818
27591,1963
27591,3986
27591,3347
27591,9663
27591,10506
27591,10789
27591,12616
27591,159955
27591,168615
27591,176038
27591,197359
27591,221255
299,613
299,642
299,585
299,700
299,395
299,584
299,1574
299,10051
299,9727
299,160488
299,179431
31945,629
31945,155538
31945,155539
42160,5956
42160,184793
42160,235736
10650,3473
10650,12365
10650,41382
10650,168590
10650,196399
10650,220435
10650,258728
10650,323114
8007,1589
8007,1327
8007,1662
8007,11107
8007,4410
8007,9672
8007,6418
8007,6610
8007,7973
8007,9285
8007,11872
8007,18543
8007,158778
8007,160880
8007,168839
8007,181644
8007,186696
8007,221092
8007,225707
8007,226426
8007,245274
8007,248801
8007,296040
8007,329309
8007,329310
8007,329311
19076,5868
19076,9748
13503,4809
13503,1556
13503,5901
13503,5616
13503,6984
13503,207928
161,585
161,3430
161,10051
161,10453
161,9714
161,9728
161,14570
161,15051
161,41180
161,155816
161,156121
161,159355
161,159358
161,159894
161,174511
161,191604
161,217041
161,251794
161,303918
161,305800
161,332430
161,352205
161,352305
43774,992
43774,2217
43774,3541
43774,4262
43774,5986
43774,9276
43774,9673
43774,12544
43774,14586
43774,33496
43774,54612
31064,570
31064,822
31064,1002
31064,3487
31064,9748
31064,14782
31064,184352
31682,1157
31682,818
31682,1618
31682,977
31682,3888
31682,9887
31682,6380
31682,9741
31682,9866
31682,12999
31682,50009
31682,155402
31682,161750
31682,162735
31682,169613
31682,181324
31682,220468
31682,304301
8342,1662
8342,2999
8342,7973
8342,15053
8342,165431
8342,167477
8342,206082
8342,223286
8342,361670
4886,2041
4886,977
4886,5333
4886,5420
4886,12570
4886,12997
4886,13005
4886,14755
4886,15079
4886,155467
4886,168857
4886,178993
4886,184297
4886,184302
4886,184312
4886,234680
228,818
228,459
228,1992
228,9016
228,10048
228,11323
228,12413
228,12999
228,41585
228,156688
228,156764
228,159601
228,179874
228,209406
228,237105
228,302130
228,340249
23111,2355
23111,3263
23111,186450
42597,13028
194,5600
194,90
194,128
194,6025
194,365
194,366
194,367
194,5973
194,6298
194,9799
194,6635
194,9840
194,14766
194,15120
194,156597
194,161868
194,170293
194,183896
194,240303
194,267461
194,274107
11397,240
11397,6270
11397,2920
11397,5091
11397,8201
11397,9755
11397,6275
11397,10623
11397,9964
11397,11870
11397,11931
11397,10266
11397,9986
11397,10791
11397,155740
11397,166229
11397,179430
11397,179431
11397,269651
11397,296608
1903,802
1903,931
1903,1453
1903,1566
1903,2038
1903,3030
1903,128
1903,4563
1903,1595
1903,3307
1903,4232
1903,4585
1903,4662
1903,3636
1903,5884
1903,3667
1903,9228
1903,9856
1903,10705
1903,9673
1903,9714
1903,10329
1903,11469
1903,10703
1903,13005
1903,13063
1903,13073
1903,14534
1903,34265
1903,155782
1903,157676
1903,157959
1903,160269
1903,161248
1903,170383
1903,181050
1903,212737
1903,239797
1903,325835
11889,1605
11889,818
11889,2038
11889,4193
11889,5903
11889,7094
11889,4995
11889,9673
11889,10818
11889,154785
11889,163132
28171,539
28171,972
28171,3541
28171,187
28171,4337
28171,5389
28171,9672
28171,5923
28171,7955
28171,10508
28171,9935
28171,10941
28171,34079
28171,160832
9523,5656
9523,1326
9523,1157
9523,6149
9523,2726
9523,5809
9523,697
9523,5340
9523,10181
9523,10941
9523,33940
9523,181214
9428,3446
9428,3170
9428,4232
9428,5561
9428,6564
9428,10041
9428,33841
9428,155294
9428,325814
9428,325854
1649,3737
1649,2964
1649,6155
1649,4379
1649,4116
1649,5540
1649,5684
1649,14544
1649,14999
1649,161891
1649,163186
11938,392
11938,4630
11938,9476
11938,12974
11938,13008
43143,1299
43143,1223
43143,1262
43143,3124
43143,4862
43143,9741
43143,9815
43143,11181
43143,10414
43143,156572
43143,159212
43143,162357
43143,193509
43143,196230
43143,206416
43143,215964
43143,217123
43143,234538
43143,261745
35201,818
35201,2652
35201,470
35201,209817
42724,212
42724,15160
42724,197950
24264,409
24264,3070
24264,9717
24264,160137
24264,209893
27150,1415
27150,779
27150,780
27150,797
27150,798
27150,1706
27150,3713
27150,1556
27150,9826
27150,10761
27150,14736
27150,33637
27150,157758
27150,163074
27150,176625
27150,188933
27150,188955
27150,197239
27150,219404
27150,244157
26978,10158
26978,11606
26978,187967
19209,6054
19209,3593
19209,10683
19209,10349
19209,13088
19209,18330
19209,33788
19209,160071
19209,233153
19209,241987
8386,13160
8386,166734
8386,245597
12589,10084
12589,797
12589,1280
12589,6257
12589,3289
12589,9951
12589,10244
12589,12101
12589,14544
12589,14643
12589,18096
12589,33353
12312,5600
12312,779
12312,3436
12312,1189
12312,33346
12312,155816
12312,192828
12312,212330
11232,242
11232,4379
11232,4235
11232,11860
11232,13072
11232,14760
11232,15145
11232,15162
11232,33347
11232,33935
11232,158967
11232,162296
11232,164193
11232,168750
11232,173319
11232,182069
11232,182376
11232,186507
11232,190007
11232,197014
11232,240485
11232,252104
11232,273294
11232,301050
11232,307851
11232,313439
11232,326459
120,818
120,603
120,604
120,2343
120,1523
120,3930
120,2407
120,1960
120,2158
120,1262
120,3098
120,5732
120,11173
120,14643
120,15001
120,156783
120,164193
120,170362
120,189092
120,189093
120,189115
120,209220
120,209374
120,232697
120,234213
120,249821
120,269233
11086,387
11086,1453
11086,769
11086,3246
11086,10325
11086,7059
11086,12396
11086,13028
11086,190140
11086,208611
453,222
453,818
453,2038
453,2796
453,1992
453,2340
453,6009
453,1700
453,2303
453,2305
453,2307
453,2309
453,2461
453,6262
453,6257
453,2463
453,9672
453,10020
453,201456
453,208395
453,230113
453,311315
453,321464
453,328926
453,340972
453,345083
18939,1009
18939,179411
12724,745
12724,3754
12724,9712
12724,3099
12724,9826
12724,15001
12724,41592
12724,190116
11414,10685
11414,787
11414,6089
11414,6062
11414,4551
11414,6324
11414,7856
11414,7118
11414,10717
11414,10958
11414,12425
11414,12999
11414,13008
11414,15234
11414,162701
11414,167486
11414,207981
31507,1157
31507,815
31507,3577
31507,4948
31507,2456
31507,10931
31507,14720
31507,18053
31507,157799
31507,162219
31507,191081
31507,196788
31507,208476
31507,219779
31507,236520
31507,239407
31507,239482
31507,239483
31507,239484
31507,239485
42612,520
42612,2957
42612,796
42612,2946
42612,917
42612,2339
42612,5387
42612,159289
42612,186589
42612,190756
42612,240237
42612,250916
18783,5272
18783,1956
18783,11117
18783,11400
18783,18034
18783,207428
18783,207883
12593,242
12593,5246
12593,1353
12593,977
12593,1817
12593,5436
12593,6782
12593,5927
12593,9717
12593,10209
12593,11477
12593,11528
12593,11530
12593,11532
12593,11534
12593,14964
12593,161919
14683,1332
14683,4523
14683,977
14683,1228
14683,6154
14683,9887
14683,5436
14683,9663
14683,11477
14683,11475
14683,12425
14683,161919
10794,886
10794,12541
10794,33490
10794,221186
10794,240424
43136,612
43136,10181
43136,3692
43136,9052
43136,13028
43136,39737
43136,187224
43136,226974
43136,309426
5052,818
5052,6212
5052,1200
5052,2598
5052,9728
5052,14604
5052,46950
5052,207921
37257,818
37257,428
37257,4129
37257,3170
37257,3344
37257,11038
37257,9826
37257,10909
37257,33519
37257,207046
37257,234849
8489,396
8489,2792
8489,2803
8489,5565
8489,200918
8489,201125
8489,209476
8489,209792
8489,311315
8489,325761
8489,325762
8489,325764
8489,325766
8489,325770
8489,325772
8489,325781
8489,325806
855,818
855,502
855,4630
855,1550
855,1968
855,2820
855,4265
855,4267
855,4337
855,6163
855,9672
855,10174
855,12371
855,18543
855,185454
855,210608
855,211659
855,214465
855,215721
855,222529
855,223286
855,253373
855,275100
12660,254
12660,2652
12660,10685
12660,697
12660,836
12660,1956
12660,187056
10269,4344
10269,5948
10269,18118
10269,156455
10269,185413
10269,187056
5279,392
5279,964
5279,1307
5279,2596
5279,1610
5279,5439
5279,2456
5279,10594
5279,9826
5279,9886
5279,13097
5279,17997
5279,33493
5279,154976
5279,185201
5279,193282
5279,197316
5279,206713
5279,207527
5279,214548
10950,791
10950,2468
10950,10909
10950,170148
10950,170154
10950,170166
10950,170167
10950,170173
10950,170174
10950,178364
10950,187056
10950,240303
10950,262502
1365,1605
1365,6325
1365,828
1365,6059
1365,987
1365,970
1365,531
1365,697
1365,10131
1365,11263
1365,160910
1365,200234
1365,200918
1365,311315
1365,325774
1365,325780
1365,325790
1365,325796
1365,325808
1365,325817
6440,596
6440,818
6440,1533
6440,1930
6440,1495
6440,6178
6440,10349
6440,12193
6440,40879
14580,236
14580,6149
14580,3149
14580,1849
14580,7336
14580,8015
14580,9748
14580,9807
14580,34079
14580,177673
14580,177678
14580,190636
14580,231149
49410,990
49410,1521
49410,1420
49410,2355
49410,9887
49410,11836
49410,13158
49410,14857
49410,163069
49410,167043
49410,170881
28296,10182
6037,703
6037,1307
6037,1635
6037,5333
6037,9755
6037,9826
6037,11931
6037,12545
6037,12570
6037,156544
6037,162914
6037,188947
6037,193263
42987,212
42987,964
42987,1338
42987,2887
42987,3202
42987,5629
42987,7464
42987,9016
42987,10427
42987,12413
42987,12999
42987,14903
42987,15237
42987,156688
42987,159601
42987,165299
42987,179823
42987,191749
42987,192856
42987,206713
42987,222074
42987,237105
42987,302130
42987,332061
42987,340249
42987,343478
42987,343479
61418,856
61418,4791
27099,894
27099,966
27099,2335
27099,3230
27099,5625
27099,14714
27099,158718
27099,163037
27099,200129
27099,258533
11857,6270
11857,1524
11857,6223
11857,697
11857,2065
11857,3616
11857,5490
11857,10041
11857,8631
11857,11870
11857,10818
11857,13028
11857,13160
11857,155722
11857,172509
11857,222049
11857,240736
6312,779
6312,570
6312,254
6312,1994
6312,5340
6312,5160
6312,9826
6312,10410
6312,12564
6312,13031
6312,160279
6312,161271
11595,378
11595,2231
11595,582
11595,1420
11595,5340
11595,10085
11595,10950
11595,14735
11595,15234
11595,164246
11595,167316
11595,168590
11595,222423
26337,1196
26337,5332
26337,155716
26337,157210
26337,162275
26337,180172
26337,207268
26337,208170
26337,212643
26337,217994
26337,221193
26337,222806
26337,238795
26337,239482
26337,267608
26337,275311
26337,324824
26337,336935
26337,337525
59066,128
77074,242
77074,13028
10170,591
10170,818
10170,3269
10170,1902
10170,2695
10170,2111
10170,3617
10170,186450
18317,212
18317,1489
18317,6155
18317,3536
18317,9673
18317,9928
18317,34079
18317,162846
18317,189359
98491,818
98491,9180
98491,207928
98491,255257
98491,304976
26686,612
26686,1157
26686,10181
26686,163047
26686,171366
26686,182100
61934,2356
61934,1617
61934,699
61934,1857
61934,8009
61934,158372
61934,159952
61934,171493
61934,171781
61934,199373
61934,206160
61934,223918
61934,227068
61934,230566
61934,247854
61934,251543
61934,281585
61934,306782
61934,312627
61934,327063
61934,329749
61934,331460
61934,336184
61934,340972
61934,342782
61934,342783
61934,342784
27273,818
27273,603
27273,1994
27273,2343
27273,4379
27273,5539
27273,4393
27273,10466
27273,12554
27273,156597
27273,164246
27273,164532
27273,177912
27273,189111
27273,212737
27273,220815
27273,274115
27273,287067
27273,288816
27273,303942
27273,319319
27273,324713
27273,325786
848,7376
848,2389
848,2858
848,1430
848,2343
848,1308
848,2642
848,3873
848,4257
848,4258
848,4260
848,10864
848,10821
848,12090
848,12554
848,186189
848,233023
848,234213
848,252571
9610,1394
9610,1400
9610,1721
9610,2343
9610,1938
9610,3568
9610,4252
9610,3389
9610,4428
9610,9727
9610,9920
9610,14665
9610,177912
9610,192913
9610,219404
9610,234213
9610,269233
15035,657
15035,5086
15035,11237
15035,161919
15035,192913
16127,4344
16127,10138
16127,11534
16127,33841
16127,155710
16127,157688
16127,158718
16127,171676
16127,184816
16127,222314
16127,281237
16127,285961
16127,290527
16127,292792
31603,5265
31603,193006
31603,193574
32020,387
32020,567
32020,1228
32020,10683
32020,12396
32020,13059
32020,14964
32020,18034
32020,166947
33155,803
33155,1612
33155,3290
33155,3801
33155,3385
33155,9755
33155,9951
33155,9673
33155,9882
33155,11606
33155,14735
33155,33611
33155,205740
33155,222915
33155,233155
4965,2964
4965,803
4965,679
4965,470
4965,2651
4965,9951
4965,12565
4965,13068
4965,14760
4965,14909
4965,156866
4965,215131
4965,226499
4965,252634
11891,779
11891,697
11891,8872
11891,11931
11891,33637
11891,156075
11891,217324
11888,818
11888,2393
11888,3360
11888,4010
11888,6411
11888,9880
11888,11860
11888,15162
11888,155821
11888,240119
11888,240237
150,378
150,582
150,4728
150,9104
150,9748
150,15234
150,167316
150,168590
150,168593
150,226325
150,309974
150,325765
112,612
112,5600
112,894
112,6054
112,828
112,110
112,928
112,924
112,792
112,6280
112,6277
112,970
112,10093
112,14765
112,187056
112,315002
20678,9715
20678,9253
15050,4563
15050,10937
10423,779
10423,780
10423,314
10423,4613
10423,5565
10423,12354
10423,12396
11710,2434
11710,4441
11710,194998
17691,585
17691,158244
27378,1566
27378,1501
27378,3363
57976,2957
57976,2956
57976,2959
57976,1968
57976,4410
57976,11241
57976,15354
57976,191976
57976,222807
57976,228164
57976,249530
57976,261284
57976,282692
57976,301626
57976,313549
57976,329309
57976,332384
57976,332392
57976,332393
57976,332395
651,579
651,10123
651,3262
651,3263
651,3264
651,11138
651,13005
651,157959
651,165431
651,198421
651,208611
651,220811
651,260672
651,332778
31955,378
31955,5643
31955,9672
31955,9777
31955,10718
31955,11736
31955,160309
31955,160799
31955,187056
31955,193594
31955,207763
31955,209162
31955,262325
31955,266543
20620,1936
20620,2547
20620,3271
20620,4585
20620,8613
20620,12999
20620,204204
20620,206709
20620,224472
20620,234299
20620,241368
20620,256493
20620,298807
20620,336130
20620,342874
20620,344754
20620,350371
20620,353737
18647,1321
18647,502
18647,186831
18647,316971
11362,1454
11362,818
11362,697
11362,916
11362,1808
11362,2695
11362,4381
11362,9777
11362,9725
11362,13006
11362,15060
11362,15126
11362,157186
11362,171854
11362,207928
11362,325775
2637,1415
2637,1566
2637,818
2637,2340
2637,2669
2637,3298
2637,3450
2637,4133
2637,6622
2637,8232
2637,9872
2637,10170
2637,9955
2637,4949
2637,10617
2637,11612
2637,12193
2637,14742
2637,15198
2637,188127
2637,191527
2637,207317
2637,208397
2637,230413
2637,238137
2637,238138
10229,6270
10229,818
10229,4333
10229,5922
10229,9840
10229,10683
10229,10163
10229,10703
10229,160404
10229,164246
10229,165086
10229,193400
10229,223019
10229,253695
10229,319319
10229,324429
10229,325762
10229,325801
10229,325806
10229,325824
50819,187056
12659,642
12659,3797
12659,8662
12659,33612
12659,33683
12659,41663
12659,242689
41870,158718
41870,258533
35650,208591
35650,325843
9606,2964
9606,803
9606,1761
9606,931
9606,5153
9606,9717
9606,6318
9606,10046
9606,10410
9606,10028
9606,14544
9606,161919
9606,200055
9606,210024
9606,239591
11447,4327
11447,269
11447,2726
11447,5809
11447,1647
11447,2783
11447,2833
11447,1189
11447,6921
11447,6397
11447,4855
16550,6270
16550,586
16550,2804
16550,3616
16550,10041
16550,6562
16550,10131
16550,41355
13915,622
13915,1438
13915,190464
34723,818
34723,2831
34723,170444
34723,170450
34723,170457
34723,170468
34723,178909
31674,9714
31674,9748
31674,13027
31674,14720
52744,168346
52744,207317
43340,4344
43340,9673
43340,9714
43340,11157
20009,1326
20009,726
20009,1253
20009,3489
20009,3616
20009,3878
20009,3687
20009,4666
20009,6201
20009,8631
20009,11173
20009,155722
20009,160192
20009,171729
20009,207844
20009,211614
2084,642
2084,11014
2084,186757
50225,818
50225,697
50225,167982
74692,966
74692,828
74692,818
74692,339
74692,295
74692,502
74692,1366
74692,1339
74692,1811
74692,2150
74692,5159
74692,1946
74692,3230
74692,3338
74692,5167
74692,6178
74692,14601
74692,14755
74692,15160
74692,18007
74692,156337
74692,173117
74692,188705
74692,208283
74692,214809
74692,226153
74692,252472
74692,274453
74692,287624
74692,302633
74692,303303
74692,328275
74692,338671
74692,338673
74692,338674
74692,338675
74692,338676
74692,338677
74692,338678
74692,338679
74692,338680
74692,338681
74692,338682
39775,1566
39775,570
39775,1420
39775,5424
39775,5643
39775,9890
39775,10053
39775,222268
39775,237649
51044,2199
51044,1956
51044,3182
51044,4344
51044,5922
51044,10181
51044,9673
51044,33513
51044,169141
51044,207883
51044,256015
29475,6412
29475,10686
29475,208992
4267,1157
4267,1228
4267,3183
4267,5783
4267,7085
4031,3398
4031,3183
4031,3190
4031,160488
4031,236316
47871,1196
47871,1415
47871,5678
11594,90
11594,394
11594,1523
11594,2638
11594,14783
11594,157943
19562,1566
19562,90
19562,5265
19562,470
19562,3289
19562,9755
19562,9840
19562,11931
19562,13028
19562,188994
19562,222174
11870,6145
11870,776
11870,886
11870,9468
11870,9748
11870,9864
11870,11870
11870,12396
11870,171067
9884,6149
9884,1812
9884,11107
9884,9748
9884,9826
9884,13015
9884,13116
9884,14601
9884,41019
9884,192094
9884,206544
11535,1395
11535,6075
11535,554
11535,4565
11535,5970
11535,6234
11535,9571
11535,155720
11535,155742
11212,520
11212,1009
11212,1930
11212,690
11212,6241
11212,160488
11212,170865
11212,196581
11212,298198
29887,6464
29887,13097
29887,15405
29887,169814
32484,242
32484,245805
28345,394
28345,1930
28345,1307
28345,4412
28345,6389
28345,9673
28345,12545
28345,13014
28345,165458
28345,165468
28345,178982
28345,206051
28345,207317
28345,221762
28345,238043
28345,238343
28345,238344
28345,238346
28345,238365
69928,5906
69928,9094
69928,9714
69928,15106
69928,173245
69928,226458
21845,6075
21845,1480
11528,6075
11528,1480
11528,2005
11528,15162
11528,159743
11528,166947
11528,170038
11528,208992
11528,234884
11528,254877
2441,393
2441,6559
931,1157
931,818
931,110
931,3739
931,697
931,6152
931,3298
931,3282
931,6198
931,10170
931,11612
931,12436
931,14742
931,41329
931,155410
931,172291
931,172305
17130,2389
17130,6270
17130,6054
17130,1566
17130,970
17130,1005
17130,2032
17130,3687
17130,7312
17130,11511
17130,11612
17130,15161
17130,15291
17130,33922
17130,33928
17130,173186
17130,179431
17130,181109
17130,187056
17130,191428
10592,10685
10592,1956
10592,1968
10592,4595
10592,11038
10592,9777
10592,10859
10592,13065
10592,14519
10592,160910
10592,329486
8470,520
8470,970
8470,1786
8470,1930
8470,2690
8470,7188
8470,11612
16690,334
16690,6513
16690,9663
39939,567
39939,2993
39939,3306
39939,2135
39939,8015
39939,9702
39939,11485
39939,10776
39939,11734
39939,156799
39939,167975
39939,179430
39939,179431
39939,226825
39939,259376
39939,325797
39939,325798
39939,325802
39939,325803
39939,325819
39939,325844
9272,970
9272,4426
9272,6259
9272,625
9272,2887
9272,9758
9272,9740
9272,9826
9272,10835
9272,159346
9272,161714
9272,170682
9272,170776
9272,176182
9272,229837
14778,6054
14778,818
14778,1543
14778,970
14778,697
14778,3230
14778,9856
14778,9713
14778,9872
14778,10915
14778,10937
14778,34079
14778,160846
14778,217405
19137,886
19137,7118
32499,886
32499,6974
32499,9856
32499,12396
32499,12999
32499,171826
8737,536
8737,5907
33668,7024
33668,197988
39282,242
39282,10229
39282,11322
40687,416
40687,2676
40687,6038
40687,156578
40687,181068
40687,187056
40687,191071
40687,208335
40687,280377
40687,309974
37230,730
37230,392
37230,10587
37230,11935
37230,193716
993,1326
993,642
993,548
993,213
993,4516
993,10818
993,18249
993,34094
993,316832
993,325839
11698,242
11698,4580
11698,549
11698,2203
11698,3398
11698,2024
11698,2355
11698,2777
11698,7312
11698,11061
11698,14602
11698,33457
11698,192519
11698,209966
11698,224947
11698,225055
11698,232556
41357,2041
41357,966
41357,2039
41357,965
41357,1523
41357,1956
41357,5789
41357,10683
41357,14714
41357,34145
41357,157303
41357,157799
41357,162804
41357,207883
41357,210459
41357,212820
42458,444
42458,514
42458,10793
42458,14720
93427,570
93427,5331
93427,33564
14475,1399
14475,1721
14475,1859
14475,10332
14475,10729
14475,14604
14475,155702
14475,200815
14475,232700
14475,267835
43715,242
43715,1299
43715,332
43715,1719
43715,11100
43715,4477
43715,8721
43715,7035
43715,10789
43715,162536
43715,179426
43715,189223
10052,3725
10052,9844
10052,9312
10052,10787
10052,11612
10052,13005
10052,166104
10052,210530
11979,818
11979,2570
11979,3133
11979,4197
11979,2011
11979,2908
11979,3760
11979,10985
11979,155532
11979,232469
11979,272742
13791,3927
13791,776
13791,6844
13791,5903
13791,10226
13791,15162
13791,161891
27824,10150
9991,378
9991,6075
9991,5643
9991,8864
9991,9714
9991,13042
9991,223149
480,596
480,516
480,2692
480,2387
480,12279
480,13027
480,18093
480,187056
480,193549
480,196904
480,210782
480,220451
480,220453
480,220487
480,244886
480,270438
480,280227
480,280879
480,284397
480,287476
480,298618
480,315052
480,324429
480,324869
44340,1003
44340,10794
44340,33772
44340,40865
44340,193167
44340,228775
23479,240
23479,387
23479,6075
23479,1480
23479,8338
23479,33457
23479,159201
23479,161545
23479,162739
23479,179383
23479,211044
23479,226392
23479,240119
23479,240303
23479,254877
23479,255201
23479,259376
23479,300925
23479,307320
23479,312529
23479,325765
23479,325811
66946,233
66946,6075
66946,1480
66946,8338
66946,162739
66946,254877
19050,6075
19050,1480
19050,9663
19050,9609
19050,162739
19050,254877
38442,1415
38442,10123
38442,3539
38442,169086
38442,224322
38442,266432
38442,325832
108266,1502
108266,1560
108266,9826
108266,155805
108266,178867
108266,230358
108267,178867
39387,730
39387,1415
39387,3530
39387,2864
39387,224322
15999,2964
15999,801
15999,818
15999,3713
15999,3133
15999,1908
15999,4458
15999,10292
15999,10085
15999,10703
15999,161919
15999,210024
15999,234268
15999,315058
15999,319900
614,596
614,1566
614,3030
614,6150
614,1284
614,1992
614,1743
614,4995
614,7312
614,208349
614,208873
121703,680
121703,10322
121703,158615
121703,160336
77955,187056
2752,2698
2752,5906
2752,6183
2752,9627
2752,14602
2752,169276
2752,170827
2752,208261
10590,2957
10590,422
10590,1701
10590,6092
10590,818
10590,11139
10590,2534
10590,9672
10590,9052
10590,10141
10590,13065
10590,14601
10590,14643
10590,33403
10590,34079
10590,156538
10590,162365
10590,188235
10590,188270
10590,193933
10590,208992
10590,253373
10590,273967
10590,304870
10590,321464
10590,325786
40723,570
40723,90
40723,3133
40723,1664
40723,2676
40723,14895
40723,33432
40723,185407
40723,187056
40723,224663
40723,312898
29039,1394
29039,1527
29039,5049
29039,9725
29039,11715
29039,258321
22910,378
22910,10685
22910,2804
22910,3070
22910,15375
42517,378
42517,570
42517,4426
42517,2804
42517,5424
42517,13006
42517,13059
42517,18142
42517,156173
42517,172382
42517,181957
42517,269860
42517,329486
40364,14546
40364,14765
40364,15001
40364,161261
115332,1196
115332,13028
115332,14641
115332,170345
115332,214548
115332,228393
13225,6305
13225,2710
13225,4344
13225,5155
13225,33577
13225,180550
13225,188334
13225,251502
13225,281237
21380,4368
21380,12377
21380,189921
21380,207841
46717,1326
46717,9714
46717,10666
46717,13063
20465,4210
20465,6259
20465,4333
20465,9826
20465,12339
20465,163699
20465,272301
35614,2011
35614,1964
35614,3289
35614,11173
7219,242
7219,1422
7219,3392
7219,12377
7219,15097
7219,157524
7219,189921
7219,263814
18649,1735
18649,11931
18646,1346
18646,194001
18646,320280
17058,242
17058,1253
17058,1667
17058,3437
17058,437
17058,9016
17058,9807
17058,9826
17058,11454
17058,11263
17058,325822
13950,738
13950,3508
13950,5918
13950,3019
13950,8430
13950,11190
13950,14735
13950,14857
13950,54169
13950,156825
13950,158304
13950,163994
13950,167925
13950,169151
13950,169152
13950,169161
13950,169171
13950,169175
13950,256330
13950,314730
13950,320420
13950,325835
2135,2964
2135,242
2135,818
2135,4379
2135,5455
2135,9714
2135,10028
2135,244256
43997,745
43997,2045
43997,34079
31651,3020
31651,1792
31651,14985
31651,15225
31651,17947
31651,154846
31651,214548
31651,232371
31651,299594
47869,6078
47869,7005
47869,9665
47869,13006
47869,13015
47869,14552
47869,15275
47869,154787
47869,157198
47869,267722
965,1415
965,1459
965,931
965,2038
965,5809
965,4555
33135,9826
33135,14837
10889,242
10889,3149
10889,11578
10889,10226
16149,4344
16149,4470
54287,5565
54287,9951
54287,9738
54287,161289
25628,604
25628,2343
25628,1938
25628,2831
25628,5147
25628,166735
25628,199814
25628,234213
65262,6255
65262,703
65262,1879
65262,2583
65262,3582
65262,6844
65262,9826
65262,9955
65262,11181
65262,10714
65262,14805
65262,156260
65262,161814
65262,171376
65262,217879
65262,238142
10935,2356
10935,797
10935,1016
10935,128
10935,680
10935,1411
10935,1502
10935,9031
10935,155701
10935,163700
10935,180795
10935,188684
10935,193522
10935,207928
10935,222797
10935,337433
44004,853
44004,9715
22288,1556
22288,15291
32030,591
32030,818
32030,392
32030,74
32030,470
32030,1812
32030,3278
32030,1201
32030,4948
119617,10594
119617,157690
119617,211408
29343,6305
29343,570
29343,2766
29343,1422
29343,1583
29343,2804
29343,5420
29343,3473
29343,7994
29343,9704
29343,187056
29343,222423
39503,422
39503,894
39503,828
39503,582
39503,1252
39503,2367
39503,2564
39503,6496
39503,7439
39503,11612
39503,156197
39503,158558
39503,167550
39503,169055
39503,176752
39503,192530
39503,195593
39503,283467
39503,308515
39503,313445
7988,658
7988,12988
15310,941
17909,394
17909,992
17909,1956
17909,195337
22130,1889
22130,2652
22130,9748
22130,12377
22130,13065
22130,157351
26843,1008
26843,5272
26843,409
26843,836
26843,1956
26843,9672
26843,8077
26843,262858
26843,293245
26843,359724
27458,2389
27458,5767
27458,2495
27458,10683
27458,10809
27458,296608
14807,212
14807,585
14807,392
14807,3149
14807,9730
14807,7336
14807,11547
14807,14552
14807,33702
14807,207268
14807,258533
14729,380
14729,9910
14729,222784
46973,4274
46973,14742
8690,4426
8690,6158
8690,10787
8690,12364
8690,13006
8690,14895
8690,173162
8690,208365
8690,278235
39543,2800
39543,4029
39543,10886
39543,14872
39543,209129
39578,1299
39578,818
39578,3133
39578,6593
39578,9706
39578,162846
3418,1157
3418,892
3418,1584
3418,4565
3418,6564
3418,13424
3418,163758
3418,199583
3418,234254
30924,10292
30924,11034
30924,12339
30924,208578
14929,570
14929,9748
14929,9826
14929,200234
14929,202371
14929,322255
14929,325790
14929,325801
14929,325844
75552,10322
75552,9454
75552,184975
75552,207928
75552,208692
18910,2957
18910,6092
18910,447
18910,818
18910,6152
18910,10123
18910,3098
18910,4924
18910,11001
18910,14626
18910,41380
18910,160059
18910,182810
18910,214655
18910,309974
18910,325773
18910,325776
24919,213
24919,10560
24919,12377
26200,470
24825,779
24825,782
24825,1721
24825,9748
24825,10278
24825,7002
24825,13015
24825,14546
24825,18522
24825,192913
24825,207268
24825,219404
38147,9649
38147,184439
24032,9649
24032,256330
24032,320420
24032,325765
26179,6155
26179,11478
26179,9826
26179,15162
26179,155790
4499,570
4499,744
4499,10325
4499,4470
4499,6373
4499,7375
4499,9748
4499,10776
4499,14964
4499,15090
4499,33699
4499,264386
11333,1701
11333,6149
11333,1356
11333,4376
11333,9195
425,3737
425,311
425,970
425,990
425,697
425,2078
425,2079
425,3289
425,4428
425,10506
425,10789
425,158017
425,159955
425,167043
425,191348
425,192918
425,196579
425,223532
425,294659
425,325782
1576,1865
1576,6898
1576,1453
1576,1568
1576,4565
1576,1852
1576,3249
1576,9856
1576,10410
1576,12377
1576,15218
1576,41645
5851,4668
5851,7477
5851,10718
5851,320420
5851,325765
5851,325846
25014,1327
25014,7202
25014,14900
25014,156091
15647,3183
15647,4513
15647,9799
15647,10181
15647,13043
15647,15478
15647,189464
15647,234660
15647,258533
15647,264386
15647,274920
38880,536
38880,5907
38880,789
38880,6057
38880,3575
38880,173259
38880,187056
1391,6054
1391,704
1391,966
1391,534
1391,2426
1391,3230
1391,7312
1391,10683
1391,9935
1391,156076
1391,209987
1391,213040
1391,230967
1391,240484
1391,251165
1391,293016
1391,325765
18172,6270
18172,6054
18172,6075
18172,579
18172,1517
18172,2920
18172,3616
18172,2007
18172,3734
18172,5608
18172,8338
18172,8009
18172,10081
18172,15111
18172,164852
18172,165143
18172,171665
18172,352822
24248,1405
24248,186
24248,3571
24248,3036
24248,5565
24248,187305
24248,211634
24248,222185
24248,230097
24248,247832
24248,253695
24248,257734
24248,257735
24248,257736
24248,257737
14605,3622
14605,3358
14605,6095
14605,10911
14605,12377
14605,12545
14605,161506
14605,162846
14605,179088
14605,179433
14605,191101
14605,242130
14605,316332
19797,1862
19797,11327
19797,1253
19797,13027
19797,158718
19797,210026
19797,245045
19797,258533
17804,33780
17804,190970
31805,1629
31805,4344
31805,11085
31805,12999
31805,167043
31805,167541
31805,269709
13861,4224
13861,4344
13861,12999
13861,167043
13861,167541
29021,3799
29021,1969
29021,4344
29021,9880
29021,12999
29021,157768
29021,167043
29021,167541
29021,269709
31812,4344
31812,12999
31812,167043
31812,167541
31812,194048
13006,212
13006,6305
13006,4565
13006,2439
13006,3528
13006,3688
13006,9685
13006,10714
13006,12190
13006,13031
13006,15167
28213,6876
28213,164829
28213,192230
10627,1617
10627,1419
10627,171676
10627,171781
10627,171783
10627,171803
10627,171808
10627,171812
42750,4108
42750,4432
42750,5605
42750,6018
42750,9824
42750,13078
42750,155939
42750,188293
27930,212
27930,4470
27930,10570
27930,192589
259557,1196
259557,10685
259557,470
259557,2106
259557,4551
259557,12391
259557,185454
259557,226499
28124,387
28124,2492
28124,10718
28124,15162
28124,155457
41034,11510
11563,779
11563,780
11563,1563
11563,6149
11563,6211
11563,10562
15119,9748
15119,10278
15119,18431
15119,155242
55792,12400
55792,14760
55792,34152
55792,160059
12705,798
12705,2857
12705,1556
12705,3246
12705,5490
12705,3792
12705,7312
12705,9276
12705,18034
12705,167043
12705,179431
12705,214655
11006,6054
11006,798
11006,733
11006,6212
11006,10685
11006,1228
11006,1556
11006,2095
11006,3428
11006,6746
11006,3582
11006,4552
11006,6951
11006,7312
11006,8015
11006,9276
11006,10594
11006,33456
11006,155963
11006,167043
11006,214655
11006,241103
11006,241128
15120,798
15120,3713
15120,1556
15120,7312
15120,9276
15120,167043
15120,214655
40072,6075
40072,255912
40072,258533
21629,10325
21629,9777
21629,11860
21629,12662
21629,15214
16026,4544
16026,5159
16026,9935
16026,14714
16026,200470
16026,204169
16026,204170
16026,204171
2371,242
2371,212
2371,441
2371,90
2371,2652
2371,4060
2371,5986
2371,6539
2371,6540
2371,33705
2371,33847
2371,186450
2371,197602
73134,612
73134,4438
73134,9840
36586,779
36586,2766
36586,3133
36586,11795
36586,9715
36586,1908
36586,6152
36586,9717
36586,9259
36586,9748
36586,10045
36586,33637
36586,175211
36586,175245
36586,232469
36586,251667
36586,269233
6020,824
6020,3616
6020,9964
6020,10058
6020,12090
6020,13160
6020,157632
6020,170827
6020,171400
6020,171582
6020,171636
6020,171639
6020,171646
6020,187327
6020,194236
125764,818
125764,4252
125764,9844
125764,11004
125764,154846
125764,158126
125764,239819
125764,257322
18292,1415
18292,5922
18292,10683
18292,13088
29394,387
29394,6149
29394,1983
29394,2564
29394,2779
29394,9826
29394,10392
29394,15127
29394,233450
29394,286008
90974,2041
90974,570
90974,4079
90974,10292
90974,8729
90974,12988
90974,13006
29402,2546
29402,2517
29402,2968
29402,3098
29402,9552
29402,9856
29402,13006
29402,15069
29402,157676
29402,170383
29402,207928
29396,970
29396,2884
29396,157758
29396,208556
29396,233450
29396,240315
29396,261759
29396,262826
29396,301490
15028,3800
15028,3667
15028,3635
15028,41216
15028,158389
9275,417
9275,10123
9275,3836
9275,8442
9275,9826
9275,179431
9275,264536
9275,309270
9275,324713
4547,242
4547,1562
4547,3930
4547,5982
4547,8430
4547,11728
4547,12565
4547,14768
4547,14903
4547,18053
4547,155888
4547,156389
4547,156507
4547,159339
4547,209144
4547,212425
4547,227863
4547,282044
4547,315792
4547,321464
4547,329308
14635,6075
14635,970
14635,1480
14635,7393
14635,9825
1791,456
1791,6029
1791,818
1791,2699
1791,1640
1791,3260
1791,4399
1791,3590
1791,10508
1791,9673
1791,9785
1791,9957
1791,11322
1791,14743
1791,15319
1791,18267
1791,33513
1791,157722
1791,157799
1791,164186
1791,178649
1791,207592
1791,207691
1791,222797
1791,233130
1791,239797
1791,240315
1791,282667
1791,301117
1791,307949
1791,324429
1791,325778
41756,187056
35651,4373
35651,10454
62956,187056
22784,894
22784,818
22784,156210
40814,549
40814,848
40814,703
40814,10196
40814,18072
40814,207767
53426,779
53426,801
53426,818
53426,3149
53426,9826
53426,7002
53426,10714
53426,13006
53426,13125
53426,188944
24585,3156
24585,6876
24585,10538
17990,548
17990,12965
17990,155251
17990,172789
17990,176857
17990,207928
129542,197582
129542,264386
5678,990
5678,2177
5678,3230
5678,7118
5678,5739
5678,41019
5678,155875
5678,169990
5678,184659
5678,234963
5678,272740
11560,818
11560,6148
11560,3581
11560,11038
11560,9673
11560,9826
11560,11032
11560,10909
11560,15108
11560,158780
11560,199274
11560,200883
11560,254459
11452,3616
11452,8631
11452,9964
11452,10081
11452,155556
11452,166611
11452,170209
11452,170827
11452,171183
11452,171184
11452,171192
11452,171197
11452,171198
11452,171703
11452,215404
18435,5248
18435,157799
25501,2792
26851,677
26851,2903
26851,1815
26851,2106
26851,15086
26851,163895
26851,261656
17487,242
17487,417
17487,6075
17487,2792
17487,10594
17487,9807
17487,11211
17487,155840
17487,187292
17487,209476
34276,305
34276,818
34276,3801
34276,7422
34276,8250
34276,7035
34276,9951
34276,9856
34276,10121
34276,207928
34276,236322
34276,362423
548,3737
548,233
548,1462
548,570
548,3012
548,6148
548,6256
548,2217
548,2720
548,2722
548,2723
548,2725
548,12999
548,15009
548,156866
548,180635
548,186753
548,210434
548,212737
548,257412
548,266883
548,274925
548,327412
11590,1415
11590,6075
11590,904
11590,6483
11590,219842
1537,242
1537,4056
1537,9748
1537,10909
1537,13063
1537,159931
1537,214514
1537,254459
1537,336325
12149,2919
12149,798
12149,1566
12149,290
12149,697
12149,6255
12149,1228
12149,1812
12149,1556
12149,2968
12149,9856
12149,10886
12149,9826
12149,10629
12149,10260
12149,10714
12149,15001
12149,18070
12149,44449
12149,174203
12149,210162
12149,238140
12149,262826
12149,316832
44373,798
44373,6149
44373,1721
44373,738
44373,5340
44373,3616
44373,9856
44373,10594
44373,10329
44373,9826
44373,10085
44373,13160
44373,14964
44373,40879
44373,166625
11812,1253
11812,2687
11812,6038
11812,5248
11812,13027
11812,156801
11812,161267
11812,170827
11812,179430
11812,179431
11812,227758
35080,1936
35080,5091
35080,9673
35080,9826
35080,11869
35080,12396
35080,18453
35080,207876
441,791
441,30
441,311
441,1706
441,5290
441,738
441,490
441,1992
441,2161
441,3675
441,2163
441,2164
441,2167
441,2171
441,2172
441,5774
441,10818
441,12096
441,158558
8346,970
8346,1463
8346,1599
8346,1200
8346,2374
8346,2797
8346,1946
8346,3453
8346,6188
8346,4532
8346,4604
8346,4677
8346,8011
8346,13027
8346,18035
8346,160910
14168,612
14168,1415
14168,1859
14168,1899
14168,2752
14168,9503
14168,10950
14168,12999
14168,13008
14168,33344
14168,33600
14168,156866
14168,180999
14168,207928
32617,643
32617,2673
32617,155395
32617,160934
31671,378
31671,720
31671,534
31671,10685
31671,3203
31671,12662
31671,14783
31671,186718
31671,186915
31671,200529
31671,222268
31671,222529
2565,10685
2565,6564
2565,173194
2565,296146
307,2652
307,588
307,836
307,1755
307,1803
307,1805
307,1806
307,208408
307,252193
15482,6388
15482,10125
15482,9663
15482,11931
15482,160612
15482,176217
45878,6270
45878,886
45878,888
45878,10292
45878,10714
45878,12339
45878,157171
45878,158927
45878,166323
6393,3658
12154,242
12154,1009
12154,1338
12154,1253
12154,2393
12154,11093
12154,162225
12154,223172
11630,5600
11630,1459
11630,212
25133,272
25133,3133
25133,11155
21970,548
21970,1655
21970,6152
21970,2642
21970,3358
21970,6162
21970,246466
11892,6270
11892,1849
11892,703
11892,1812
11892,6258
11892,5801
11892,6140
11892,9104
11892,9826
11892,34143
11892,160313
9334,1160
9334,1530
9334,2343
9334,9725
9334,9675
9334,10141
9334,14946
9334,15285
9334,18034
9334,157894
9334,168297
9334,192913
9334,219404
9334,234213
9334,251513
9334,325772
36093,291
36093,9748
36093,41585
36093,156195
36093,210184
10491,6054
10491,339
10491,1808
10491,1956
10491,4305
10491,4908
10491,208395
10491,215141
70054,187056
18323,818
18323,253695
18079,612
18079,3202
18079,4698
18079,9104
18079,10594
18079,9748
18079,11454
18079,10476
18079,10889
18079,159607
18079,159627
18079,180250
18079,195537
18079,240485
18079,281585
18079,294008
18079,309974
18079,316278
18079,316438
18079,324713
18079,325856
18079,326438
18079,354240
110989,3335
110989,196297
110989,236458
35337,187056
59199,6711
59199,161194
59199,167043
11470,2964
11470,1826
11470,586
11470,4426
11470,6259
11470,3385
11470,9720
11470,9882
11470,10089
11470,10714
11470,12339
11470,14676
11470,14760
11470,256183
16643,530
16643,170195
16643,177146
1282,390
1282,1228
1282,154950
21220,187056
21220,225012
21220,320420
69324,793
69324,33694
69324,34094
69324,187056
69324,236626
11468,387
11468,851
11468,1284
11468,703
11468,2375
11468,3017
11468,6691
11468,9856
11468,9826
11468,11734
11468,207268
11468,208397
11468,252472
11468,281692
19085,184352
26030,642
26030,585
26030,90
26030,1407
26030,643
26030,14604
26030,155841
26030,156121
26030,159339
26030,160838
26030,191308
26030,262695
10164,931
10164,1874
10164,2336
10164,3836
10164,7188
42048,5656
42048,5657
42048,592
42048,3182
42048,8201
42048,8181
42048,3983
42048,11860
42048,34061
42048,208112
42048,236612
42048,356651
62001,701
62001,6078
62001,2020
62001,3136
62001,3070
62001,7937
62001,168186
62001,180249
62001,184951
62001,190150
62001,191206
28117,970
28117,13028
40555,1556
28384,2675
28384,6038
28384,18013
28384,41355
28384,160517
28384,163053
46691,2231
46691,726
46691,460
46691,4480
46691,1543
46691,213
46691,3600
46691,1817
46691,2299
46691,7856
46691,12422
27094,596
27094,1157
27094,3012
27094,6148
27094,1803
27094,2930
27094,3485
27094,4098
27094,5565
27094,6593
27094,11510
27094,11514
27094,11704
27094,33519
27094,260426
27094,276162
26725,1157
26725,12670
26725,13005
26725,161276
26725,250461
26725,260611
17168,1438
17168,9016
17168,10714
17168,241783
17168,241784
48482,596
48482,966
48482,1437
48482,2913
48482,3182
48482,9840
48482,9835
48482,14735
48482,15009
56179,1631
56179,1956
56179,2433
56179,2450
56179,2792
56179,5565
56179,207883
56179,209476
5203,1809
5203,190370
13201,242
13201,10726
13201,41352
9689,1741
9689,886
9689,2055
557,242
557,704
557,1003
557,697
557,6025
557,1308
557,6062
557,9715
557,3986
557,5812
557,3289
557,9717
557,18068
557,18425
557,156075
557,163074
557,252759
69850,9717
69850,156030
69850,207883
44768,1415
44768,738
44768,155002
1815,5600
1815,818
1815,1402
1815,1936
1815,9714
1815,9826
1815,258533
55106,582
55106,10181
55106,10683
55106,10226
55106,11678
55106,164092
55106,207556
55106,226747
28289,428
28289,1960
28289,210947
32037,236
32037,6898
32037,458
32037,3450
32037,10663
32037,9826
32037,11733
32037,13005
32037,13008
32037,13015
32037,14673
32037,14964
32037,15162
32037,188959
32037,189411
32037,190763
32037,220908
32037,222745
39154,1415
39154,798
39154,2024
39154,3986
39154,5160
39154,3888
39154,4380
39154,169977
33796,818
33796,409
33796,1261
33796,1963
33796,2906
33796,4107
33796,4759
33796,8964
33796,207928
33796,258533
32221,3182
32221,2495
32221,5372
32221,5571
32221,10683
32221,14712
32221,156316
32221,156407
32221,156766
32221,157303
32221,162804
32221,171826
32221,173251
32221,187056
32221,197758
32221,206782
32221,210589
32221,214548
32221,254565
32221,296858
32221,302443
32221,343434
32221,345093
32221,349810
28466,5600
28466,642
28466,1420
28466,1308
28466,10833
28466,156052
12227,6054
12227,1321
12227,1454
12227,818
12227,1909
12227,2526
12227,9880
12227,10950
12227,15162
12227,162726
12227,180808
12227,189390
12227,189392
12227,208152
10985,378
10985,6270
10985,851
10985,1284
10985,2920
10985,3090
10985,6733
10985,10623
10985,10624
10985,179431
10985,189438
10985,255219
2251,596
2251,1326
2251,242
2251,2132
2251,1664
2251,4320
2251,207767
2894,90
2894,4235
2894,4319
2894,155697
2894,160279
20712,570
20712,11486
20712,157144
20712,190178
20712,211082
20712,226543
11240,212
11240,379
11240,3679
11240,1755
11240,1900
11240,5683
11240,6183
11240,11935
11240,12425
11240,15151
11240,41385
11240,41600
11240,158718
11240,161545
11240,165086
11240,208289
11240,233950
11240,258533
11240,266601
11240,267722
11240,276764
11240,303756
11240,315517
11240,337107
46592,1956
46592,11709
46592,13065
46592,193662
46592,207693
46592,225219
46592,250784
46592,253416
45186,947
45186,11514
45186,10053
45186,10176
45186,155493
45186,322268
86483,10562
86483,208806
5425,1523
5425,5919
5425,9826
5425,13006
5425,34079
5425,156075
5425,191807
5425,200234
5425,208304
5425,210162
5425,322255
14117,180234
14117,190970
14117,207928
38360,1956
38360,4063
38360,4663
38360,3686
38360,10141
38360,10814
38360,12999
38360,33494
38360,158547
38360,165431
38360,186450
38360,187325
38360,199373
38360,201696
38360,227169
38360,283844
29318,9678
29318,3363
29318,6380
29318,9704
28907,1582
28907,828
28907,1946
28907,3452
28907,4344
28907,11014
28907,13008
28907,155512
28907,155513
28907,165612
28907,168268
28907,180195
28907,188934
28907,206841
28907,238008
28907,257890
28907,278379
28907,282714
28907,313542
28907,314019
28907,314412
39771,155443
245,6054
245,212
245,578
245,897
245,818
245,641
245,1412
245,1338
245,9457
245,207317
245,325824
245,325840
1894,6092
1894,1280
1894,1399
1894,5340
1894,11491
1894,13027
1894,14922
1894,33424
1894,161176
1894,163239
1894,163242
1894,163248
1894,163252
1894,163255
1894,164246
1894,324429
1894,325811
1894,325842
4012,242
4012,376
4012,10144
4012,157912
4012,158449
4012,190388
4012,270183
9026,1605
9026,4214
9026,1655
9026,1610
9026,3864
9026,5493
9026,8250
9026,208433
42193,1701
42193,6078
42193,4100
42193,4107
42193,9714
42193,9812
42193,11709
42193,14546
42193,46962
42193,155374
42193,157788
42193,159862
42193,163095
42193,165431
42193,180216
42193,193203
15417,779
15417,828
15417,397
15417,1721
15417,2064
15417,1495
15417,1890
15417,2669
15417,2526
15417,4552
15417,6951
15417,14762
15417,15149
15417,155262
15417,158026
15417,158040
15417,186150
15417,208152
15417,219404
11791,548
11791,818
11791,703
11791,11004
11791,10541
11791,17982
11791,156661
11791,189402
11791,273879
11791,343544
28577,2122
28577,2501
28577,5565
28577,180172
28577,234192
13963,1228
23102,1430
23102,2020
23102,4381
23102,33384
23102,221546
1957,1157
1957,828
1957,2801
1957,5927
1957,10333
1957,11925
1957,18028
1957,155794
1957,174252
1957,194943
1957,207691
1957,208170
1957,212643
1957,238144
1957,254226
1957,314616
1957,316837
1957,339759
1957,339761
320,612
320,1415
320,1849
320,718
320,1936
320,703
320,1812
320,5340
320,3298
320,4142
320,9856
320,9673
320,9714
320,9826
320,9880
320,10950
320,33424
320,33720
320,191527
320,207268
320,243370
320,243371
320,265161
320,267608
320,325801
9023,6089
9023,3289
9023,8241
9023,9823
9023,9902
9023,18165
9023,156234
9023,158264
9023,158265
9023,158266
9023,208152
9023,319319
9023,325784
9023,325835
17734,242
17734,187056
17734,257834
17734,313080
24010,1019
24010,680
24010,992
24010,2776
24010,10738
24010,10181
24010,155291
24010,156795
24010,208330
24010,225795
24010,237231
39435,612
39435,520
39435,534
39435,818
39435,3691
39435,9656
39435,9657
39435,13008
39435,14852
39435,18040
39435,33737
39435,158615
39435,188843
39435,211037
39435,223612
39435,235644
39435,236205
24005,612
24005,818
24005,703
24005,3203
24005,2604
24005,10229
24005,9826
24005,41410
24005,180340
44800,242
44800,395
44800,1992
44800,10594
44800,10391
44800,11061
24014,4344
24008,6038
24008,9799
24008,14749
24008,14750
24008,14752
24008,155457
24008,210710
53229,242
53229,5400
53229,34004
53229,166802
53229,188991
53229,208599
53229,209476
53229,218183
1936,4932
1936,1415
1936,1582
1936,395
1936,1261
1936,4320
1936,4542
1936,6535
1936,10229
1936,207928
1936,241987
4614,591
4614,840
4614,818
4614,1815
4614,470
4614,2106
4614,2051
4614,8780
4614,9846
4614,9830
4614,13015
4614,155723
4614,185994
4614,217125
4614,314349
4614,326871
4614,326881
4614,326882
12277,848
12277,840
12277,1568
12277,2051
12277,8201
12277,9755
12277,9104
12277,10131
12277,11931
12277,10601
12277,12425
12277,176217
12277,179431
267345,5565
15677,212
15677,817
15677,10181
15677,14641
15677,169620
15677,208611
15677,208992
58455,1261
58455,2911
58455,18044
58455,154846
58455,185268
36554,1956
36554,18034
36554,161234
36554,177771
36554,197124
48216,65
48216,187056
48216,207317
13153,779
13153,11199
13153,11734
13153,12670
13153,18026
811,4565
811,2725
811,3801
811,4165
811,4166
811,3704
811,4168
811,5774
811,9882
811,10637
811,14544
811,156039
811,231287
811,255612
43532,4344
43532,7312
43532,9444
43532,14714
43532,186951
163907,3713
163907,13008
163907,14601
163907,54016
163907,155291
163907,155573
7216,2041
7216,1706
7216,10327
7216,10770
7216,12377
7216,14895
3132,782
3132,591
3132,4654
3132,502
3132,5265
3132,2348
3132,2334
3132,4049
3132,10325
3132,9758
3132,7375
3132,3979
3132,10085
3132,10950
3132,13015
3132,14967
3132,18107
3132,18420
3132,33705
3132,160364
3132,161891
3132,185702
3132,187376
3132,324886
3132,325765
3132,325786
3132,325796
3132,325798
9583,970
9583,6038
9583,2908
9583,4541
9583,10965
9583,156195
9583,187056
18408,9790
18408,10216
18408,10909
18408,15090
18408,207972
13245,931
13245,380
13245,3355
13245,10322
13245,8721
13245,10114
13245,9748
13245,158370
13245,170667
13245,185343
2501,1589
2501,782
2501,1453
2501,90
2501,818
2501,10685
2501,107
2501,470
2501,1308
2501,3022
2501,3045
2501,4663
2501,9856
2501,10950
2501,14967
2501,15156
2501,33507
2501,159433
2501,164713
2501,174617
2501,185702
2501,187023
2501,188955
2501,219404
2501,290942
2501,290943
2501,321464
2501,325842
9637,3392
9637,703
9637,11478
9637,10244
9637,10793
9637,15162
9637,157241
9637,158340
9637,164246
9637,179431
9637,209220
12100,233
12100,1956
12100,4305
12100,4405
12100,4595
12100,10322
12100,4950
12100,9672
12100,9524
12100,9525
12100,33482
16857,1228
16857,2172
16857,6535
16857,10051
16857,9864
16857,14641
16857,34125
16857,192767
52258,818
52258,4849
52258,4381
52258,207928
10394,378
10394,585
10394,3446
10394,3149
10394,1522
10394,3544
10394,6974
10394,9740
10394,9748
10394,11259
10394,157424
10394,238142
27451,395
27451,3616
27451,6496
27451,10391
27451,14964
15813,2624
15813,1956
15813,3203
15813,9840
15813,10168
15813,10237
15813,207883
15813,219408
31591,708
31591,1502
31591,1797
31591,5900
31591,10085
31591,192035
31591,207928
18905,4428
18905,9253
18905,10506
18905,12616
18905,159955
18905,192918
14774,4507
14774,10325
14774,15016
4993,383
4993,9826
4993,180397
4993,180398
27052,2201
27052,566
27052,1346
27052,1956
27052,5565
27052,13065
27052,14641
27052,158718
27052,171808
27052,210434
27052,241982
27052,254167
27052,258533
27052,292593
27052,324429
27052,325770
27052,325806
34130,1415
34130,1556
34130,2095
34130,10123
34130,4542
34130,8577
34130,3686
34130,9503
34130,163096
34130,273293
34130,336388
38950,10714
17898,818
17898,9927
17898,12564
21635,1157
21635,6103
21635,5683
21635,9856
21635,9807
21635,11322
21635,13073
21635,14750
21635,41185
21635,41402
21635,157241
21635,169826
21635,191527
21635,241274
27945,4616
27945,9503
27945,33600
27945,189092
30194,720
30194,258
30194,955
30194,3290
30194,10051
30194,10718
30194,14760
30194,155652
30194,207794
10169,422
10169,5179
10169,169101
10169,169117
27225,886
27225,12396
27225,33490
27225,184793
27225,235736
27225,266245
13909,4268
13909,5303
13909,4948
13909,7439
13909,10563
13909,156234
13909,180257
13909,187355
13909,188235
13909,188933
13909,222662
13909,229238
13909,262129
13909,262778
13909,270830
13909,324315
13909,326202
13909,353017
41805,155790
35696,6075
35696,6496
35696,12090
35696,18118
35696,176752
11544,380
11544,2766
11544,1603
11544,1668
11544,2393
11544,3289
11544,4862
11544,9951
11544,15162
11544,168490
11544,179431
11544,204058
11544,235363
11544,254167
180,521
180,2993
180,3219
180,3249
180,9685
180,9826
180,10410
180,11148
180,14964
180,15208
180,18239
180,156866
180,163758
180,171493
180,178657
180,181895
180,201456
180,204903
180,213295
180,236189
180,241737
180,244840
180,280958
180,298530
180,298603
180,314730
180,315053
180,321464
9555,5657
9555,516
9555,380
9555,6267
9555,3246
9555,9672
9555,10349
9555,10230
9555,157906
9555,158217
9555,193459
9555,193760
9555,209560
9555,209619
9555,210108
9555,214548
57022,1196
17710,3289
17710,183169
17710,269769
2022,242
2022,3452
2022,6018
2022,9468
2022,9821
2022,10911
2022,12547
2022,15120
2022,161757
2022,161762
2022,161779
2022,162632
50035,380
50035,11390
50035,18035
50035,185927
50035,187056
50035,240315
50035,241738
9719,158558
9719,171582
9719,171584
9719,171585
9719,171586
9719,171587
9719,171603
9719,194413
9719,195593
11982,380
11982,8841
11982,15162
11982,18035
11982,207317
11982,208152
11982,267340
27224,5301
27224,6894
27224,164039
27224,165846
27224,187056
27224,207883
12251,10452
12251,10453
12251,10454
88818,4617
88818,311045
30114,75
30114,957
30114,8201
30114,10322
30114,10950
70489,10131
70489,18021
21972,622
21972,952
21972,6075
21972,6783
21972,6733
21972,6496
21972,12670
21972,169055
608,242
608,1826
608,83
608,3243
608,1568
608,1308
608,9715
608,2428
608,2173
608,2547
608,6112
608,3760
608,9717
608,9951
608,167316
608,174915
59387,779
59387,1706
59387,1992
59387,9715
59387,6513
59387,3289
59387,4590
59387,5923
59387,9675
59387,11322
59387,15149
59387,33556
59387,33637
59387,156525
59387,163074
59387,242214
59387,269233
59387,269769
26290,6054
26290,1228
26290,5248
26290,9840
26290,10683
26290,11343
26290,13160
26290,185443
26290,187056
26290,254800
17043,3185
17043,256946
17043,269769
6278,212
6278,3098
6278,12554
6278,34152
6278,173893
6278,173901
6278,173903
6278,173905
6278,173911
6278,173912
6278,173913
6278,173914
6278,223793
6278,298933
4147,612
4147,4932
4147,2708
4147,1245
4147,5571
4147,7312
4147,9717
4147,9748
4147,10291
4147,10391
4147,15363
4147,18712
4147,174984
4147,175001
4147,175005
4147,175007
4147,175017
4147,213315
4147,214548
4147,266753
4147,325764
4147,325780
16664,233
16664,6733
16664,8676
16664,10683
16664,13035
16664,14922
16664,170389
16664,312313
16664,325786
14651,736
14651,9799
14651,178977
96238,9799
15096,2857
15096,588
15096,1396
15096,131
15096,629
15096,11109
15096,3801
15096,10121
15096,12999
15096,162365
15096,162636
15096,181239
15096,183787
15096,191132
15096,210614
15096,237590
15096,237591
15096,237592
15096,237593
19731,1560
19731,11034
19731,11148
19731,11663
19731,13063
19731,14570
19731,155613
20324,128
20324,6038
20324,10325
20324,4834
20324,10181
49370,33519
49370,33610
49370,163405
49370,163412
49370,320420
14902,276
14902,1705
14902,4344
14902,9672
14902,10181
14902,160279
14902,197159
14902,309007
42254,4320
42254,2437
42254,3473
42254,4258
42254,5090
42254,9713
42254,10180
42254,155418
42254,179823
42254,236882
42254,258533
42254,293649
1842,4551
1842,5521
1842,9672
1842,2597
1842,10996
1842,11220
1842,15061
1842,18193
1842,160517
1842,163053
1842,208942
1842,208943
1842,210214
1842,266866
1842,276164
1842,361777
2721,591
2721,441
2721,6086
2721,417
2721,6149
2721,6078
2721,1755
2721,1200
2721,5340
2721,2821
2721,6285
2721,7059
2721,9665
2721,10410
2721,11734
2721,14548
2721,15108
2721,33858
2721,182058
2721,194320
2721,207897
2721,214724
2721,233769
2721,236536
2721,256074
2721,288793
11442,380
11442,6139
11442,9663
11442,10059
11442,10714
11442,323756
1364,1566
1364,828
1364,2038
1364,744
1364,697
1364,3725
1364,5357
1364,34094
1364,183886
8869,3986
8869,13031
8869,158188
8869,158189
8869,158190
8869,158192
8869,158194
8869,158199
8869,158203
8869,158206
8869,162515
8869,223059
8665,339
8665,2106
8665,2111
8665,9672
8665,6790
8665,155652
8665,187056
8665,208992
8665,227612
10996,6054
10996,2161
10996,2639
10996,18035
10996,209220
10996,267848
10996,275266
10996,286980
818,1321
818,720
818,380
818,83
818,339
818,1423
818,1568
818,1375
818,402
818,470
818,1743
818,1926
818,2334
818,3290
818,3346
818,3371
818,4379
818,4541
818,4507
818,4539
818,1690
818,9755
818,15267
818,179431
18357,2526
18357,4507
18357,4344
18357,11514
18357,10468
18357,179430
18357,179431
29047,3754
29047,10232
29047,33879
39141,9799
39141,5921
39141,18068
39141,157799
39141,178649
33152,2708
33152,10123
33152,10325
149445,10051
149445,191845
10309,2437
10309,6789
10309,8440
10309,9403
10309,15237
10309,159987
10309,208611
10309,304331
10309,318141
6404,1415
6404,3799
6404,272
6404,3133
6404,4197
6404,1909
6404,3501
6404,3098
6404,6095
6404,4232
6404,13001
6404,13005
6404,188959
6404,212634
6404,242789
6404,244516
6404,261274
19133,992
19133,2776
19133,9755
19133,8010
19133,9253
19133,11931
19133,10617
19133,15246
19133,41240
19133,188717
19133,189411
43199,4344
43199,5565
43199,14743
43199,171346
43915,514
43915,818
43915,470
43915,11192
43915,4300
43915,7984
43915,10287
43915,11322
43915,13008
43915,15267
43915,18117
43915,198860
24130,1612
24130,738
24130,6394
24130,7984
24130,10484
24130,209778
43445,1357
43445,629
43445,1422
43445,5420
43445,208408
43445,252193
36645,470
36645,9717
36645,333822
5155,596
5155,818
5155,924
5155,1420
5155,131
5155,1732
5155,9826
5155,10260
5155,13017
5155,174548
5155,199645
5155,208408
5155,237459
5155,248288
5155,252193
5155,316316
23728,470
23728,11931
23728,209778
3780,5136
3780,3658
3780,1415
3780,233
3780,1411
3780,2499
3780,2574
3780,11004
3780,11716
3780,13005
3780,15106
3780,174420
3780,186753
3780,190446
10786,392
10786,2868
10786,4147
10786,220707
8764,5349
8764,578
8764,966
8764,3800
8764,1563
8764,817
8764,2019
8764,470
8764,4300
8764,8089
8764,10551
8764,11931
8764,236316
13908,18118
13908,179430
13908,179431
2675,4932
2675,6150
2675,1715
2675,2618
2675,10235
2675,9951
2675,9872
2675,11004
2675,14909
2675,167642
2675,192962
2675,208397
2675,228753
2675,229652
2675,251667
2675,314730
2675,325817
12308,3725
12308,5091
12308,5756
12308,5625
12308,13001
9488,2041
9488,1706
9488,470
9488,4391
9488,3271
9488,3289
9488,9823
9488,9663
9488,14760
9488,221192
9962,236
9962,931
9962,1566
9962,6150
9962,1936
9962,2251
9962,2669
9962,6038
9962,14964
9962,33451
9962,34094
9573,818
9573,2860
9573,6149
9573,1922
9573,5340
9573,8440
9573,9826
9573,10714
9573,185221
9573,196917
9573,263945
9573,269233
7451,10364
7451,1865
7451,999
7451,2106
7451,3530
7451,217142
7451,234505
7451,234506
2750,5215
2750,818
2750,1228
2750,2334
2750,10254
2750,33648
2750,208548
2750,225012
2750,283297
30586,897
30586,898
43772,18009
43772,225846
20337,3692
20337,9825
20337,15160
27062,478
27062,33683
27062,158718
27062,171808
27062,208289
27062,258533
27062,289844
27062,362233
34070,493
34070,6255
34070,3581
34070,5933
34070,9887
34070,3612
34070,12332
34070,41380
34070,236316
6173,9727
10305,931
10305,970
10305,5164
10305,183886
42337,2087
42337,1416
42337,906
42337,6669
42337,11687
42337,10809
42337,11320
42337,13063
42337,14743
42337,14809
42337,41404
42337,162804
42337,171341
42337,174316
42337,188259
42337,193049
42337,208397
42337,229706
42337,252875
42337,263308
42337,278932
42337,317218
42337,328715
42337,332013
42337,332014
42337,332015
18694,745
18694,1646
74578,258533
10081,836
10081,2149
10081,10508
10081,10766
10081,190116
11484,2964
11484,6075
11484,4565
11484,18249
11484,155720
11484,155742
11692,2964
11692,1280
11692,585
11692,2334
11692,6220
11692,157265
9266,658
9266,5349
9266,1524
9266,966
9266,6075
9266,579
9266,1253
9266,1668
9266,5248
9266,156322
9266,207819
9266,223641
3640,697
3640,131
3640,271
3640,1918
3640,2784
3640,2182
3640,1946
3640,187056
3640,217930
8653,2041
8653,549
8653,931
8653,1317
8653,1664
8653,6373
8653,3423
30072,818
9357,922
9357,1332
9357,1545
9357,2060
9357,6025
9357,4728
9357,5732
9357,6844
9357,8517
9357,178649
9357,231641
9357,314730
9357,316832
9357,325817
12771,242
12771,1556
12771,10329
12771,13072
12771,15160
12771,156322
12771,161267
12771,169511
12771,220204
9296,4563
9296,886
9296,8469
9296,230479
15070,378
15070,779
15070,797
15070,1563
15070,6075
15070,1721
15070,3149
15070,2792
15070,5572
15070,12380
15070,14955
15070,15234
15070,156158
15070,187928
15070,209476
15070,219404
26942,3201
26942,2383
26942,5756
26942,187056
26895,1009
26895,258533
26895,289844
60608,187056
97447,1691
97447,187056
11243,3124
11243,3873
11243,13153
11243,187056
11243,208349
19975,5767
19975,269233
10323,616
10323,2771
10323,483
10323,2035
10323,2036
10323,6993
10323,8985
10323,7038
10323,9649
10323,10863
10323,10430
10323,14667
10323,33696
10323,161170
10323,161171
10323,162861
10323,178856
10323,185343
10323,230655
10323,252690
10323,263959
10323,272301
9595,3269
9595,4671
9595,9755
9595,161247
9595,186696
9595,325817
28319,3133
28319,12332
28319,12377
28319,185629
28319,188957
28319,270321
46878,818
46878,332
46878,4210
46878,1556
46878,5160
46878,10663
46878,10349
46878,10617
46878,18379
46878,50009
46878,162365
46878,189411
46878,192943
46878,193068
46878,214465
46878,223059
46878,263460
24750,582
24750,2598
24750,4379
24750,4007
24750,5455
24750,8250
31393,10482
31393,10770
31393,239388
31393,239390
24038,3099
24038,6547
24038,15127
24038,33637
79783,187056
9941,960
9941,10041
9941,8181
9941,9714
9941,10329
9941,12670
9941,15162
9941,18035
9941,34094
9941,163047
9941,203826
18639,10322
39833,12999
39833,179585
32858,3133
32858,1227
32858,1909
32858,10085
32858,12564
32858,158741
32858,166512
32858,206081
32858,239754
3127,212
3127,6317
3127,10125
3127,9663
3127,9826
3127,11181
3127,10122
3127,157943
3127,171247
3127,203836
3127,218105
3127,258464
3127,269485
3127,273293
10859,378
10859,6149
10859,627
10859,1879
10859,2350
10859,9777
10859,9826
10859,11148
10859,15127
10859,15167
10859,41158
10859,155446
10859,167316
10859,169264
10859,178649
10859,188337
10859,325765
32825,1731
32825,2101
32825,4353
32825,13005
10725,242
10725,818
10725,1994
10725,4375
10725,5340
10725,12564
10725,161982
9544,4776
9544,6259
9544,8015
9544,7923
9544,13005
9544,13153
9544,15127
9544,178649
23967,6270
23967,1556
23967,2920
23967,160140
23967,187056
57351,3289
57351,5572
57351,12355
57351,13116
57351,176625
26165,208244
26165,213097
26165,217885
26165,249961
26165,253012
26165,258927
26165,297629
31514,1382
31514,5046
31514,7118
31514,11514
31514,216620
13536,1803
13536,9826
13536,158927
13536,180668
13536,196911
20616,1326
20616,6270
20616,732
20616,271
20616,1523
20616,2069
20616,9016
20616,11612
20616,11827
20616,15058
20616,156316
20616,159278
20616,245071
96218,238574
96218,257714
79319,570
79319,15001
16806,11578
16806,10291
16806,187056
16806,214548
15516,6029
15516,570
15516,1421
15516,697
15516,1419
15516,1930
15516,9748
15516,10776
15516,12339
15516,12639
15516,41171
15516,184352
15516,189921
9299,3664
9299,744
9299,1930
9299,6259
9299,3880
9299,9713
9299,9732
9299,9826
9299,10714
9299,158763
9299,176182
9299,206440
9299,207844
10611,520
10611,928
10611,10226
10611,11061
10611,14604
10611,33905
10611,41153
10611,156121
10611,158192
10611,160488
10611,166631
10611,189368
10611,261264
10611,309974
10611,325761
10611,325763
10611,325765
12770,642
12770,2463
12770,3616
12770,6095
12770,5948
12770,6464
12770,5090
12770,10594
12770,232817
4108,779
4108,396
4108,254
4108,6019
4108,10291
4108,11148
4108,12371
4108,14601
4108,14712
4108,161974
4108,191600
4108,201243
4108,210245
4108,212757
4108,228545
4108,245751
4108,248763
4108,250909
4108,261338
4108,325761
4108,329738
4108,329739
4108,329740
46466,5565
46466,187056
9685,242
9685,970
9685,13072
9685,15405
87481,319151
16370,159558
18913,3149
18913,9398
18913,11061
18913,13027
18913,14527
18913,188326
14361,2693
14361,288816
14361,325824
41021,5155
41021,10125
41021,9748
41021,9826
41021,12193
18943,378
18943,6335
18943,10756
18943,11263
18943,15363
18943,160364
18943,161891
18943,191047
18943,210934
18943,276775
18943,288816
18943,309974
18943,319397
18943,324713
18943,325774
18943,325776
18943,325804
18943,325811
18943,325813
18943,325856
32685,5900
32685,2005
32685,11173
32685,156075
32685,229635
64079,1415
64079,4300
64079,7658
64079,10287
64079,159743
18477,2776
18477,14895
18477,18034
18477,173224
18477,195295
18477,215861
18477,240377
18477,290448
12262,570
12262,6086
12262,2766
12262,9826
12262,14895
12262,15162
12262,18034
12262,170124
12262,198492
33506,5767
33506,1890
33506,5609
33506,14534
33506,14882
33506,14886
33506,15058
33506,190722
33506,209476
33506,234256
33506,274107
29515,1667
29515,10601
41582,380
41582,2589
41582,9727
41582,15149
50382,1501
50382,9755
50382,258533
42633,242
42633,818
42633,703
42633,10714
42633,15076
42633,18118
42633,18147
42633,34112
42633,156022
42633,191527
42633,227570
26680,2652
26680,12377
26680,155493
26680,155746
34086,3335
34086,9951
34086,10539
34086,12541
34086,177349
11504,1826
11504,801
11504,1599
11504,18035
11504,162341
23470,5349
23470,10278
23470,9828
23470,271501
977,911
977,2038
977,10685
977,2858
977,436
977,2163
977,6611
977,9840
977,12999
977,15097
977,18330
977,156764
977,180803
977,205040
977,314187
233,242
233,704
233,578
233,542
233,579
233,10683
233,208992
19049,1196
19049,818
19049,708
19049,2551
19049,2526
19049,7028
19049,7946
19049,207928
19049,212285
19049,215001
5506,4129
5506,10123
5506,3478
5506,3882
5506,10594
5506,15009
5506,154786
5506,158390
5506,159334
5506,163671
5506,181331
5506,228389
5506,239084
5506,239085
5506,239086
5506,325784
32961,1321
32961,974
32961,1746
32961,11148
32961,12999
32961,157135
32961,159913
32961,164889
32961,175447
32961,186757
32568,12999
32568,157135
29698,388
29698,892
29698,1228
29698,10226
29698,34041
29698,187056
29698,228064
22244,6270
22244,1817
22244,4375
22244,2908
22244,6158
22244,9887
22244,3722
22244,15106
19460,1786
19460,6038
19460,2900
19460,3582
19460,6437
19460,9713
19460,13027
19460,14778
19460,40950
19460,40952
19460,155545
19460,160960
575,378
575,736
575,570
575,1563
575,1706
575,818
575,1002
575,2885
575,2876
575,2878
575,2879
575,2880
575,2883
575,2887
575,13006
575,33740
575,200918
575,309974
575,311315
575,315053
575,325766
575,325773
575,325775
575,325776
575,325791
575,325792
575,325804
10550,1589
10550,779
10550,1721
10550,697
10550,470
10550,2651
10550,4289
10550,5440
10550,33705
10550,157202
10550,219404
9034,331
9034,2570
9034,4044
9034,6162
9034,18035
9093,6092
9093,10685
9093,3930
9093,1797
9093,4107
9093,187
9093,5951
9093,9748
9093,9812
9093,9826
9093,13065
9093,14643
9093,14765
9093,14905
9093,14906
9093,158217
9093,162365
9093,193603
9093,208067
9093,325799
9039,1336
9039,1930
9039,1562
9039,6259
9039,6103
9039,14805
1958,5600
1958,213
1958,2123
1958,4344
1958,10235
1958,11157
1958,12570
1958,13097
1958,170652
1958,207317
1958,217324
1958,325846
23550,740
23550,2803
23550,10180
23550,18035
23550,200918
23550,209792
23550,258533
23550,325761
23550,325762
23550,325763
23550,325764
23550,325765
23550,325769
23550,325770
23550,325775
68569,3901
68569,10144
68569,157681
11013,236
11013,1443
11013,2699
11013,6373
11013,11677
11013,10909
11013,11612
11013,34030
11013,155271
11013,157800
11013,158254
11013,158713
11013,212796
129,616
129,970
129,3762
129,4652
129,2343
129,13153
129,33465
129,155582
129,196509
129,207695
129,210024
11529,242
11529,1459
11529,2075
11529,2751
11529,7024
11529,165100
11529,296858
11529,348268
11529,348269
10771,242
10771,779
10771,2072
10771,258
10771,470
10771,2051
10771,2820
10771,4289
10771,4377
10771,5572
10771,9755
10771,6350
10771,219404
10771,308969
38951,242
38951,818
38951,5303
38951,8798
38951,10367
38951,10163
38951,185455
38951,253695
55018,10323
72308,233
72308,478
72308,1956
50123,8099
50123,155805
50123,243959
2110,796
2110,2708
2110,772
2110,1794
2110,3452
2110,4668
2110,162461
2110,187729
2110,208799
2110,239910
15173,4676
15173,3446
15173,4344
15173,9748
15173,10063
15173,11222
15173,12988
15173,18454
15173,169878
15173,180484
15173,212430
15173,253695
15173,293122
9533,818
9533,6259
9533,1812
9533,9826
9533,10714
9533,14895
9533,172427
9533,183946
9533,184312
9533,223587
9533,230052
9533,241801
9533,259982
9533,272551
9533,314816
4107,1228
4107,1775
4107,4098
4107,4100
4107,9672
4107,7005
4107,9826
4107,14552
4107,14985
4107,230977
4107,273371
4107,299594
4107,343636
4107,343637
10575,441
10575,6149
10575,6148
10575,258
10575,9673
10575,9748
10575,9826
10575,13015
10575,14601
10575,15108
10575,162271
15720,13059
9260,8430
9260,10051
9260,9714
9260,33905
9260,327617
21828,5657
21828,6271
21828,11254
21828,9663
21828,10683
21828,9673
21828,10791
21828,208992
1682,233
1682,1299
1682,11100
1682,7035
1682,9663
1682,12616
1682,156176
1682,156767
1682,161791
1682,256941
1682,257384
1682,317204
39462,1299
39462,970
39462,2492
39462,11100
39462,3888
39462,3891
39462,9663
39462,10624
39462,158744
39462,159099
39462,160840
39462,161791
39462,188841
39462,189223
39462,224587
39462,257384
39462,317204
18983,11100
18983,12193
18983,12369
18983,12616
18983,18095
18983,161791
18983,223059
18983,257384
18983,317204
41971,90
41971,14893
41971,41260
41971,156063
41971,179874
41971,195537
41971,207876
33831,1734
33831,9672
33831,11522
33831,11523
33831,11524
24348,18330
24348,221355
24348,269412
24348,285070
19140,6075
19140,1480
19140,5565
19140,6165
19140,170729
19140,209063
19140,325832
19140,325849
82545,1415
82545,818
82545,1556
82545,9663
82545,161272
82545,208289
37606,90
37606,818
37606,2692
37606,3182
37606,3452
37606,11254
37606,11411
37606,160279
37606,175245
37606,191718
37606,245796
37606,345080
37606,357771
37606,357772
37606,357928
37606,357929
34600,1384
34600,409
34600,192212
11868,818
11868,3133
11868,4399
11868,9259
11868,33505
11868,200234
11868,261274
12921,164218
12921,190021
12921,320420
19953,1357
19953,3588
19953,339
19953,1956
19953,11321
19953,209220
53049,9833
53049,10180
53049,187056
53049,190370
10772,2708
10772,1909
10772,3568
10772,5692
10772,156212
10772,160324
77079,156212
77079,160324
74899,1523
74899,6844
74899,18062
74899,211212
12719,458
12719,1873
12719,1812
12719,5498
12719,3864
12719,13008
25001,612
25001,444
25001,222720
43438,395
43438,643
43438,5332
43438,2673
43438,10414
43438,157296
43438,157904
43438,164193
43438,236907
43438,240237
43438,241845
43438,295809
3092,212
3092,1157
3092,818
3092,1336
3092,1930
3092,2723
3092,11935
3092,12999
3092,41329
3092,156174
3092,163186
3092,222805
3092,241737
3092,282261
15313,10325
15313,15127
15313,281237
15313,309270
12590,269
12590,339
12590,428
12590,2580
12590,1956
12590,13065
12590,13092
12590,14601
12590,18031
12590,162846
37964,931
37964,898
37964,2587
37964,4562
37964,4741
37964,9799
37964,5625
37964,5716
37964,8732
37964,11290
37964,12670
37964,13027
37964,13043
37964,13072
37964,155650
37964,160246
37964,164664
37964,171068
37964,186815
37964,207078
37964,208036
37964,210992
37964,233299
37964,242214
37964,250164
37964,258384
37964,295959
37964,297946
37964,299706
37964,312175
37964,318249
37964,318862
37964,318865
7501,242
7501,1415
7501,798
7501,642
7501,3149
7501,680
7501,2095
7501,10123
7501,7694
7501,10594
7501,11578
7501,10391
1809,236
1809,570
1809,818
1809,128
1809,3183
1809,3616
1809,6018
1809,171366
13768,818
13768,4978
13768,399
13768,5774
13768,9720
13768,10791
13768,10809
13768,18068
13768,170587
10994,378
10994,697
10994,351
10994,2468
10994,5424
10994,10235
10994,181109
10994,208400
10994,208795
10994,228163
10994,237901
10994,240315
1430,1329
1430,1419
1430,1849
1430,1583
1430,11068
1430,11595
1430,163656
1430,200234
1430,225012
1430,226425
1430,319397
1430,325765
1430,325785
1430,325806
1430,325816
1430,325829
19973,3485
40815,254
40815,548
40815,818
40815,14669
40815,18118
40815,157186
40815,157943
40815,207941
40815,240303
40815,257426
12600,414
12600,3289
12600,4379
12600,5774
12600,9663
12600,210024
12600,279458
8051,894
8051,380
8051,4480
8051,367
8051,1668
8051,10041
8051,9332
8051,12670
8051,163070
8051,164246
8051,186894
8051,187551
8051,188855
8051,192786
8051,198717
8051,210710
8051,232877
8051,236377
8051,251667
8051,269522
8051,277712
8051,293031
8051,324429
8051,325768
12779,596
12779,2041
12779,2580
12779,9799
12779,9714
12779,157524
12779,223938
146269,187056
15992,733
15992,3030
15992,567
15992,703
15992,3616
15992,9309
15992,14964
15992,156478
15992,158763
1613,5215
1613,3713
1613,3149
1613,852
1613,6344
1613,10291
1613,14964
1613,215404
1613,233950
565,736
565,2041
565,793
565,5340
565,6152
565,2673
565,6103
565,9853
565,9714
565,9955
565,10541
565,13209
565,162846
565,172784
565,177185
565,211197
565,230095
565,321464
14112,596
14112,1326
14112,445
14112,818
14112,1228
14112,1817
14112,5906
14112,5565
14112,9672
14112,187269
14112,208992
14112,262350
41324,701
41324,5565
41324,7937
15192,2652
15192,1739
15192,2450
15192,8862
15192,13005
15192,192772
15192,196096
15192,324284
49872,616
49872,3205
49872,2710
49872,5774
49872,177901
21925,221355
21925,269412
30309,10683
30309,10809
30309,187056
16646,2598
16646,4379
16646,3563
16646,173643
16646,209590
37288,6054
37288,977
37288,2679
37288,5248
37288,187056
37288,231849
20861,187056
12647,3883
12647,6220
12477,380
12477,1899
12477,1956
12477,11159
12477,4917
12477,15354
12477,161246
12477,161919
12477,165402
12477,165431
12477,210024
12477,210162
12477,236343
12477,241982
12477,325801
10285,586
10285,828
10285,4426
10285,6259
10285,1890
10285,10738
10285,9720
10285,9826
10285,10089
10285,10714
10285,12339
10285,14676
10285,158190
10285,183953
10285,256183
10285,325796
19403,782
19403,2708
19403,1969
19403,15099
19403,15100
19403,15208
19403,251667
19403,263959
19403,311315
19403,325841
11009,1342
11009,1346
11009,1808
11009,155490
11009,239187
11009,247336
11009,315310
11009,325771
11009,325780
10805,3658
10805,1342
10805,2334
10805,155490
10805,156028
40064,4720
40064,6152
40064,3099
40064,6158
40064,5545
40064,5810
40064,13028
40064,15001
40064,156174
17496,1556
17496,9914
17496,10575
17496,156578
17496,178210
17496,193507
40969,2546
40969,3616
40969,4902
40969,6844
40969,9748
40969,9826
40969,13008
40969,15127
40969,176182
76411,242
76411,708
76411,4470
76411,173919
76411,190007
5917,1701
5917,2752
5917,11038
5917,10950
5917,13116
5917,14707
5917,15108
5917,18292
31278,9678
31278,2546
31278,9715
31278,33637
31278,175091
31278,202371
31278,249136
31278,291153
31278,314730
33670,171781
47942,612
47942,2041
47942,10685
47942,3347
47942,9840
47942,10617
47942,14720
47942,18029
47942,163398
47942,189411
33076,536
33076,488
33076,9649
33076,11931
44932,387
44932,1889
44932,1297
44932,2340
44932,3593
44932,5774
44932,9951
44932,3623
44932,13031
44932,172136
44932,192962
44932,207678
44932,228752
15668,4344
15668,6234
15668,11663
15668,155490
15668,206491
30709,5970
19429,9826
19429,49950
19429,163098
19429,164400
19429,254459
140413,1599
140413,2653
21294,782
21294,591
21294,292162
11340,2879
11340,6220
42142,6078
42142,74
42142,2383
42142,187056
42142,190456
11644,276
11644,2708
11644,2946
11644,6078
11644,2380
11644,2340
11644,6151
11644,4881
11644,10410
11644,11335
11644,12570
11644,13063
11644,154901
11644,189430
11644,207268
11644,267160
11644,291153
36133,612
36133,2041
36133,2708
36133,1252
24124,5767
24124,9720
24124,9748
24124,9786
24124,9826
24124,11663
24124,12339
24124,14805
24124,34079
24124,158176
24124,161814
24124,169886
24124,178649
24124,189921
24124,196645
34697,3182
34697,199524
34697,325798
8691,2150
8691,10148
8691,9826
8691,10787
8691,13006
8691,14895
8691,14964
8691,161240
8691,161276
8691,189921
53922,387
53922,970
53922,183886
66592,387
66592,582
66592,703
66592,208289
66592,262175
25773,6054
25773,18068
25773,187197
25773,240119
19123,5347
19123,10941
26560,736
26560,1890
26560,2805
26560,5350
26560,10468
26560,14720
26560,185718
26560,192767
26560,209334
36220,1299
36220,4344
36220,7156
36220,11931
36220,13031
36220,13194
225,30
225,4112
24274,1415
24274,798
24274,3392
24274,2968
24274,9826
24274,13092
24274,40931
24274,41393
24274,165636
24274,189921
24274,309974
24274,315158
24274,325787
24274,325796
24274,325823
33016,4932
33016,798
33016,4129
33016,2025
33016,6152
33016,8447
33016,9826
33016,12339
33016,156174
33016,173162
33016,180340
33016,200969
26444,613
26444,1329
26444,801
26444,3360
26444,9672
26444,15354
26444,160799
26444,189390
26444,190760
26444,190899
26444,214548
26444,254768
19114,200234
19114,266753
19114,281659
19114,311315
19114,325762
19114,325807
17205,779
17205,3713
17205,1721
17205,6895
17205,10278
17205,10391
17205,10950
17205,12371
17205,14955
17205,34079
24740,570
24740,6152
24740,10114
24740,12565
24740,15208
24740,211659
24740,230191
24740,325766
24740,325825
24740,325839
10863,1157
10863,818
10863,339
10863,1956
10863,9156
10863,160063
10863,193021
10863,207883
10863,226406
31679,10756
31679,12193
15900,5919
15900,10292
15900,13063
15900,160517
15900,162335
15900,163053
15900,284439
12237,3737
12237,236
12237,3440
12237,10292
12237,4715
12237,14895
12237,160517
12237,163053
12237,173162
12237,189401
12237,189921
12237,196543
12237,286966
15901,236
15901,570
15901,3391
15901,9663
15901,11800
15901,9826
15901,10714
15901,11727
15901,12391
15901,33519
15901,34079
15901,155876
15901,157164
15901,158927
15901,160517
15901,163053
15901,254053
15901,262404
15901,281237
15901,281822
15901,285961
15901,286966
15901,308515
15902,163053
15904,163053
12579,254
12579,4183
12579,3595
12579,10226
12579,34094
85058,521
85058,934
85058,8681
85058,207968
23668,6149
23668,15321
23668,156022
23668,161307
70971,704
70971,208992
25113,6876
25113,15160
28893,1612
28893,1299
28893,10292
28893,9951
28893,9826
28893,10158
28893,9743
28893,13194
28893,14626
28893,163386
28893,172136
28893,191586
11646,5657
11646,6092
11646,2504
11646,3994
11646,4107
11646,4302
11646,5733
11646,11029
11646,165431
11646,210108
11646,210184
11646,213299
11646,260090
5062,613
5062,1157
5062,254
5062,818
5062,4079
5062,162904
5062,166582
5062,174539
5062,178895
5062,189402
5062,190574
5062,229411
24634,818
24634,3030
24634,9748
24634,15032
24634,33720
24634,41393
24634,156580
24634,172971
24634,214548
75963,10911
75963,14762
75963,15149
16124,2658
16124,7312
21764,388
21764,10683
21764,10873
21764,13042
21764,157303
22435,10857
22435,12391
22435,34041
22435,40870
22435,155879
22435,176506
42149,9826
42149,166862
42149,178259
42149,184924
42149,316790
37936,1421
37936,6259
37936,5732
37936,9826
37936,10776
37936,10714
37936,12339
37936,184297
37936,189401
37936,206850
37936,244949
37936,254318
37936,304251
37936,323449
73247,2964
73247,3713
73247,964
73247,4663
73247,9503
73247,14544
46364,9951
46364,161293
46364,191092
46364,209033
46364,234906
46364,301079
27016,2383
27016,4470
27016,10423
27016,163242
27016,164060
27016,171176
27016,173919
27016,190186
27016,191458
27016,204236
27016,208289
27016,277857
27016,334889
35685,596
35685,1326
35685,818
35685,428
35685,964
35685,1664
35685,2564
35685,1610
35685,10061
35685,14514
35685,14720
35685,14905
35685,34094
35685,162735
35685,163853
35685,226006
35685,233134
38665,178867
38665,180234
38665,190296
265,220
265,532
265,1224
265,836
265,930
265,837
265,835
265,1222
265,1223
265,4344
2264,417
2264,2065
2264,1411
2264,2279
2264,6461
2264,13059
2264,162831
2264,162832
21874,14818
21874,17972
41394,6513
41394,12197
41394,360973
47957,5767
47957,6259
47957,5774
47957,9720
47957,11249
47957,11830
47957,10714
47957,12339
47957,14676
47957,34079
47957,158176
47957,161102
47957,176182
31407,7059
63443,1523
63443,9799
63443,12396
63443,175357
63443,185241
63443,325846
63443,325857
22171,242
22171,570
22171,9748
22171,10392
22171,17987
22171,184352
22171,191045
22171,218125
39874,4781
39874,9826
39874,10714
39874,12339
39874,14805
39874,17987
39874,159287
39874,206850
39874,208115
39874,301096
39874,323756
25468,242
25468,6258
25468,1946
25468,4433
25468,14588
25468,164246
25468,168346
19507,818
19507,1440
19507,4551
19507,10565
19507,10226
19507,12417
19507,14632
19507,15235
19507,18127
19507,163933
29072,2652
29072,12377
75596,2781
75596,9748
42146,242
42146,970
42146,3170
42146,7464
42146,156037
42146,188991
42146,207001
42146,240315
17450,520
17450,6038
17450,4344
17450,5571
17450,10508
17450,170869
17450,214548
47886,703
47886,2376
47886,5707
47886,6844
47886,9228
47886,9826
47886,10714
47886,12339
47886,12394
47886,13160
47886,15127
31646,966
31646,9663
31646,158045
31646,209662
14269,1326
14269,445
14269,1866
14269,4630
14269,2150
14269,2672
14269,10123
14269,3451
14269,8201
14269,10041
14269,7717
14269,9639
14269,9788
14269,9789
14269,10505
14269,11663
14269,155278
14269,171636
14269,173186
14269,208289
14269,221327
14269,229165
14269,230905
14269,269331
14269,293016
14269,342365
14269,342366
14269,342367
14269,342368
41280,2201
41280,2072
41280,472
41280,1936
41280,11190
41280,11262
41280,14794
41280,18068
41280,41404
41280,155532
41280,157799
41280,162804
41280,211291
1672,378
1672,1589
1672,960
1672,1157
1672,90
1672,409
1672,2051
1672,4289
1672,9777
1672,9673
1672,9748
1672,14548
1672,256148
1672,309628
1672,322942
35935,187056
9645,1454
9645,2799
9645,3335
9645,3203
9645,4078
9645,10292
9645,166928
9645,182621
9645,230191
9645,256183
9645,256322
9645,263444
9012,4424
9012,2415
9012,3444
9012,5452
9012,5699
9012,5956
9012,6241
9012,9864
9012,200234
9012,269769
13098,242
13098,542
13098,3391
13098,3149
13098,2149
13098,4562
13098,2394
13098,5572
13098,10291
13098,33556
13098,156158
13098,156196
13098,321464
13440,9714
13440,10131
13440,10188
12454,212
12454,1749
12454,11935
12454,155208
31668,108
31668,1956
1360,534
1360,2038
1360,3183
1360,437
1360,9887
1360,5565
1360,158558
1360,158718
1360,176485
1360,187056
1360,247269
1360,285565
13441,2389
13441,242
13441,549
13441,567
13441,1721
13441,1411
13441,3616
13441,2494
13441,41609
45767,186
45767,1992
45767,3036
45767,4379
45767,5455
45767,8250
45767,11011
45767,173185
45767,210434
45767,211062
45767,244690
14626,1691
14626,818
14626,2905
14626,187056
14626,194226
14626,214647
14626,226576
14626,258533
48155,886
48155,1936
48155,9807
48155,207949
12208,585
12208,388
12208,470
12208,2051
12208,2011
12208,3101
12208,3270
12208,11931
12208,14618
12208,184392
12208,250705
11905,1566
11905,1158
11905,1994
11905,3205
11905,3335
11905,4174
11905,12564
11905,14985
11905,164039
11905,210586
11905,243693
11905,329731
39497,6075
1941,536
1941,5907
1941,835
1941,9672
1941,192772
1941,207883
1941,362499
31918,2041
31918,818
31918,339
31918,2106
31918,41393
31918,264778
19662,1525
19662,1326
19662,242
19662,818
19662,2336
19662,3494
19662,9094
19662,174085
19662,191028
19662,230082
19662,248288
8427,810
8427,1930
8427,5362
8427,2792
8427,4289
8427,7188
8427,187056
9021,2343
9021,65
9021,1526
9021,1441
9021,5153
9021,1991
9021,4896
9021,12200
9021,9663
9021,207317
9021,269970
277415,187056
28988,3679
28988,10508
28988,12987
28988,162946
28988,187056
28988,229952
28988,259106
52735,2679
52735,9673
52735,9815
13526,187056
9280,596
9280,254
9280,90
9280,2039
9280,1936
9280,2340
9280,2547
9280,2560
9280,3182
9280,10325
9280,9016
9280,9856
9280,9833
9280,18087
9280,41404
9280,178649
9280,180340
9280,186760
9280,250135
65,30
65,704
65,897
65,898
65,899
65,900
65,542
65,6325
65,4562
65,2394
65,10683
65,9457
65,18021
65,165402
65,210608
65,259359
10712,1157
10712,3451
10712,4003
10712,6981
10712,10131
10712,10180
10712,14534
10712,14632
10712,178895
10712,208611
10712,209591
10712,210434
10712,258384
10712,258533
10712,292593
10712,293016
10712,315053
10712,325772
10712,325786
10712,325842
10167,378
10167,779
10167,1568
10167,836
10167,3070
10167,8627
10167,3859
10167,5572
10167,13015
10167,219404
10167,272551
672,616
672,391
672,603
672,2343
672,1938
672,2913
672,3650
672,3884
672,3888
672,4252
672,3891
672,162846
672,170881
672,177912
672,179430
672,207317
672,246466
672,336530
16351,434
16351,5733
542,2151
542,1786
542,2149
542,3725
542,2697
542,2698
542,10093
542,161207
542,209987
36584,441
36584,2340
36584,11800
36584,10410
36584,163053
30192,4744
30192,10572
30192,11700
30192,33922
33251,1158
33251,187056
33251,267659
25466,2964
25466,1852
25466,13015
50677,520
50677,5600
50677,387
50677,2102
50677,2800
50677,5905
50677,4556
50677,11578
50677,10562
50677,10391
50677,10399
50677,10481
2165,3737
2165,258
2165,697
2165,3599
2165,9826
2165,12355
2165,164881
2165,170217
2165,187056
2165,191527
2165,232766
2165,339834
25037,220
25037,6092
25037,2504
25037,1956
25037,4100
25037,4107
25037,8201
25037,13065
25037,188512
25037,206081
25037,231094
25037,250065
11617,1556
11617,3591
11617,4616
11617,5616
11617,12999
11617,240119
11617,353017
24909,212
24909,6149
24909,33699
24909,182266
24909,182268
24909,182273
81530,5349
81530,9672
81530,10181
81530,8496
81530,10683
81530,12365
81530,170652
81530,192514
81530,211197
81530,245415
34341,6075
18993,911
18993,818
18993,339
18993,10685
18993,5299
18993,385
18993,1964
18993,3497
18993,4247
18993,7035
18993,9840
18993,7038
18993,9743
18993,10792
18993,12988
18993,15354
18993,158252
18993,166464
18993,169271
18993,179413
18993,179585
18993,183434
18993,191047
18993,191409
18993,223089
18993,239713
18993,239731
18993,315814
18993,315815
18993,315816
18993,315817
18993,362456
29229,186
29229,253695
11880,388
11880,10123
11880,3593
11880,4063
11880,4100
11880,4550
11880,4301
11880,5774
11880,12564
11880,13065
11880,50009
11880,162199
11880,234538
63435,222
63435,3590
80849,10084
80849,6078
80849,1956
80849,1192
80849,279473
80849,340271
1377,4034
1377,521
1377,970
1377,2089
1377,1922
1377,2341
1377,2283
1377,2516
1377,33479
11629,387
11629,3593
11629,12392
11629,15127
2528,596
2528,254
2528,818
2528,4029
2528,4299
2528,10857
2528,160926
2528,191731
2528,207928
12716,970
12716,1649
12716,2335
12716,5565
12716,10508
12716,11004
12716,13088
12716,14641
12716,199981
12716,205850
12716,236170
12717,1649
12717,5565
12717,191249
13888,2041
13888,10792
13888,11736
13888,11823
13888,155746
13888,157524
13888,207763
13888,209173
13888,252051
10750,6270
10750,7188
10750,13015
10750,185158
44247,2546
44247,9826
44247,10714
44247,12339
44247,14805
44247,162538
96966,1415
96966,1556
96966,1956
96966,5572
96966,18053
96966,18087
96966,18453
96966,41599
96966,191882
96966,207883
25566,242
25566,818
25566,3017
25566,9780
25566,12425
25566,14514
25566,14743
25566,167411
25566,191045
25566,195241
25566,207592
25566,215664
25566,228489
25566,236170
25566,236227
25566,350573
109962,6054
109962,1253
13386,6054
13386,4648
13386,8032
13386,9673
13386,250160
43089,5657
43089,9276
43089,10714
43089,11546
43089,155497
43089,314730
47888,10590
47888,173259
20472,1299
20472,567
20472,3358
20472,4507
20472,11112
20472,11931
20472,13031
20472,15097
20472,41351
20472,155619
9538,9678
9538,1475
9538,11627
9538,5086
9538,9826
9538,9815
9538,11265
9538,14760
9538,14811
9538,14964
14664,779
14664,642
14664,6149
14664,1416
14664,108
14664,3149
14664,5958
14664,6140
14664,9748
14664,9826
14664,11454
14664,13059
14664,192248
27997,1415
27997,3263
27997,4344
27997,8201
27997,11479
27997,12100
27997,18062
27997,194170
49934,10683
49934,194869
49934,208992
84735,9634
84735,10909
9317,3243
9317,254
9317,818
9317,567
9317,1463
9317,5310
9317,1919
9317,2384
9317,7150
9317,9951
9317,12415
9317,33333
9317,157943
9317,160515
9317,162459
9317,220235
9317,259376
9317,263794
9317,325782
9317,325784
9317,325832
12528,10084
12528,3134
12528,3593
12528,4551
12528,10292
12528,5387
12528,11060
12528,8723
12528,9750
12528,10349
12528,9826
12528,13065
12528,155180
12528,155235
12528,252190
12528,312898
47890,1160
47890,818
47890,487
47890,1949
47890,2598
47890,2904
47890,9826
47890,10541
47890,41586
47890,192125
69014,966
69014,818
69014,1824
69014,1667
69014,3260
69014,3458
69014,5933
69014,9887
69014,5638
69014,12670
69014,33457
69014,34030
69014,163758
69014,181514
21515,1825
21515,9755
21515,10714
21515,12339
21515,12416
21515,208953
21515,208954
42371,190021
26325,1930
26325,409
26325,10787
26325,188294
69169,331
31921,1326
31921,1749
31921,6779
31921,9094
31921,155790
31921,180393
31921,239892
31921,248288
31921,331333
31921,336916
11524,520
11524,818
11524,4918
11524,697
11524,1437
11524,3149
11524,1874
11524,2217
11524,9031
11524,8430
11524,4966
11524,9727
11524,11719
11524,15234
11524,40903
11524,156121
11524,159339
11524,168359
11524,207268
11524,293649
11524,312898
11524,314730
11524,315053
11524,325763
11524,325772
11524,325775
11524,325785
11524,325823
109264,6029
109264,578
109264,886
109264,4741
109264,5565
109264,10572
109264,11634
109264,162066
32077,818
32077,1411
32077,8015
32077,10093
32077,12670
32077,161982
32077,167377
32077,172391
32077,207268
32077,207883
32077,212652
32077,217989
32077,243959
326890,222
326890,14534
326890,159315
36669,447
36669,5265
36669,470
36669,1775
36669,5330
36669,3290
36669,3376
36669,5746
36669,9663
36669,12354
36669,13006
36669,14555
36669,14618
36669,156095
36669,168186
36669,201774
36669,208633
36669,228676
36669,234365
36669,234505
36669,244029
36669,261734
36669,266855
36669,306278
36669,327951
36669,327953
17187,1332
17187,3551
17187,10508
17187,211062
10426,642
10426,5369
10426,6490
10426,9727
10426,14964
10426,41180
10426,207317
10426,260365
32625,1326
32625,2751
32625,3734
32625,11925
32625,33775
32625,177927
32625,187056
32625,206184
32625,208363
32625,208476
32625,212643
32625,228558
32625,238795
32625,256570
8198,2957
8198,736
8198,818
8198,128
8198,1808
8198,4119
8198,7983
8198,208611
8198,237344
8198,300685
204372,11722
204372,187056
204372,258533
64,3737
64,736
64,6054
64,236
64,570
64,732
64,734
64,514
64,739
64,744
64,3725
64,9844
64,7965
64,11612
13376,65
13376,4552
13376,4344
13376,6496
13376,7328
13376,9193
13376,14964
13376,15016
13376,157690
13376,161919
13376,207317
15074,720
15074,1721
15074,2006
15074,3522
15074,1201
15074,10349
15074,10285
15074,13015
15074,162327
15074,170539
15074,208540
15074,246926
15074,248915
2103,1565
2103,818
2103,697
2103,402
2103,3298
2103,3801
2103,9872
2103,9882
2103,11268
2103,14626
2103,156039
2103,161348
9016,1860
9016,1826
9016,818
9016,679
9016,1969
9016,4418
9016,6956
9016,11088
9016,9951
9016,10683
9016,10594
9016,9882
9016,10028
9016,13194
9016,156316
9016,170652
9016,196483
9016,199732
9016,325761
16028,236
16028,3030
16028,3762
16028,2884
16028,6152
16028,3616
16028,5707
16028,13073
16028,208535
27070,9016
27070,12377
27070,14736
5261,220
5261,258
5261,1721
5261,4470
5261,5782
5261,5706
5261,12545
5261,160246
23303,2348
23303,3202
23303,10482
23303,169085
20992,3149
20992,210162
20992,323809
20992,324886
20992,325767
20992,325823
20992,325851
66091,10085
66091,160269
66091,207928
6007,791
6007,818
6007,3230
6007,11254
6007,158965
6007,167739
6007,175357
6007,192687
25239,570
25239,5502
25239,9748
25239,12365
25239,13028
25239,14624
25239,14707
25239,33407
25239,161166
25239,170179
25239,184352
25239,189921
25239,220468
25239,220969
25239,281237
25239,310003
42453,2041
42453,5895
42453,8721
42453,155529
42453,204185
42453,236170
42453,238570
25284,4617
25284,9016
25284,10594
25284,14964
25284,159531
25284,166631
25284,207268
25284,207767
25284,237459
25284,237460
125337,9663
125337,9016
125337,292488
7011,6152
7011,6300
7011,5086
7011,9707
7011,9815
7011,11587
7011,14544
7011,15001
7011,162846
7011,202210
7011,291469
35612,5829
35612,10683
35612,173186
10880,539
10880,1618
10880,3823
10880,14626
10880,211487
13945,7376
13945,3571
13945,3071
13945,2035
13945,6506
13945,5086
13945,9725
13945,10772
13945,10821
13945,13084
13945,14665
13945,163070
13945,202371
13945,234213
13945,324713
14433,409
14433,3644
14433,4100
14433,4107
14433,9672
14433,9917
14433,18087
14433,173453
14433,173455
14433,207928
14433,210434
14433,311315
9932,378
9932,1321
9932,2726
9932,3149
2757,818
2757,5809
2757,3184
2757,5914
2757,6722
2757,13028
2757,15016
2757,33424
2757,212737
2757,225012
2757,225219
2757,269808
2757,309974
7299,779
7299,836
7299,4565
7299,1755
7299,2095
7299,2137
7299,2535
7299,3236
7299,5737
7299,9503
7299,33556
7299,163049
7299,202371
7299,203493
7299,208251
7299,325856
48767,196349
32273,10508
26356,5809
26356,4720
26356,10181
26356,2036
26356,7019
26356,9748
26356,162861
26356,180909
26356,208018
26356,234934
23990,9887
23990,12670
23990,14534
23990,187056
4241,570
4241,739
4241,5809
4241,6259
4241,2587
4241,6444
4241,11534
4241,10850
4241,33841
4241,228779
4241,306434
37335,4344
37335,258533
34113,4307
34113,4470
34113,9631
34113,156205
34113,164218
34113,189443
22257,10051
22257,9727
22257,9748
22257,14604
22257,269530
22257,304129
35343,15009
30142,1196
30142,1415
30142,10483
30142,208289
17360,2652
17360,10685
17360,6075
17360,13042
31695,856
31695,2679
31695,5859
31695,13063
31695,163182
31695,164306
76397,4344
76397,164253
76397,180079
40952,10685
40952,2583
40952,4063
40952,9748
40952,9826
40952,11857
40952,12339
40952,14805
40952,41329
40952,157470
40952,173298
40952,179415
38849,803
38849,1612
38849,10685
38849,10718
71524,6075
71524,190317
43279,10364
43279,339
43279,1956
43279,12617
43279,15248
43279,161246
43279,207883
29743,1405
29743,2706
29743,10929
29743,10930
41760,6038
41760,10965
31665,9503
40219,2766
40219,164218
45840,11327
45840,888
45840,1731
45840,2676
45840,12396
45840,14522
45840,160977
45840,188735
45840,196724
45840,208036
45840,255316
45840,262217
45840,288674
45840,319317
16363,5744
16363,2901
16363,1411
16363,1556
16363,4344
16363,10181
16363,11937
16363,13059
16363,13424
16363,33613
16363,155273
16363,156187
16363,169977
16363,179428
16363,190076
16363,222901
16363,230653
22023,534
22023,417
22023,3391
22023,6149
22023,1930
22023,2149
22023,1625
22023,1556
22023,1468
22023,2286
22023,6420
22023,9826
22023,12423
22023,14964
22023,15211
22023,18034
171,1525
171,5600
171,2201
171,90
171,970
171,65
171,10235
171,11870
171,10791
171,13008
171,13027
171,33648
171,164698
171,240303
171,240315
171,249237
171,258384
73116,14903
73116,33505
73116,206782
73116,223198
73116,337539
73116,343478
26639,10123
26639,8201
26639,11612
42124,6026
42124,886
42124,5968
42124,10983
42124,33490
42124,50244
42124,208576
42124,227302
42124,248957
25297,387
25297,549
25297,818
25297,5359
25297,2771
25297,12994
25297,13017
25297,156320
25297,185361
25297,188990
25297,207883
25297,250941
39274,233
39274,1462
39274,9725
39274,155608
11564,6270
11564,703
11564,2176
11564,7920
11564,4470
11564,10508
11564,9826
11564,7002
11564,10726
11564,14857
11564,206850
67772,571
67772,1228
67772,1556
67772,4431
67772,10181
67772,9856
67772,9824
67772,34115
67772,158718
67772,164476
67772,183886
67772,252375
67772,326627
67772,350783
4202,254
4202,1829
4202,4098
4202,4319
4202,5565
4202,6317
4202,11038
4202,6079
4202,18074
4202,18339
4202,33519
4202,33640
4202,160279
4202,187293
4202,227888
4202,236246
4202,236263
4202,250107
4202,255530
4202,273124
4202,296806
4202,307897
4202,330439
4202,342760
4202,361948
17590,9826
17590,10965
20787,6158
20787,11034
20787,161176
20787,224133
28940,6735
28940,1946
28940,10123
28940,7089
28940,6563
28940,9826
28940,14895
28940,33876
13497,10058
13497,171258
13497,171260
13497,171261
13497,171273
11852,566
11852,6270
11852,6054
11852,6099
11852,1284
11852,11096
11852,6490
11852,6733
11852,3722
11852,9727
11852,9964
11852,10266
11852,10541
11852,12392
11852,33721
11852,233617
11852,281445
11852,309974
11852,325792
7303,612
7303,2560
7303,10325
7303,13097
7303,13424
7303,14514
7303,14768
7303,157384
7303,165301
7303,168346
7303,173277
7303,181656
7303,182100
7303,220314
201,803
201,1612
201,441
201,1430
201,3822
201,502
201,1399
201,1472
201,671
201,402
201,768
201,1475
201,12388
201,161176
201,252634
2755,1157
2755,13027
2755,182633
2755,182638
2755,182649
2755,182651
2755,182656
2755,182657
33504,516
33504,2299
33504,12392
33504,155582
33504,191518
33504,251667
33504,281659
33504,325786
21868,6783
21868,207317
65684,1845
65684,161306
65684,263305
65684,297789
10856,642
10856,585
10856,395
10856,1721
10856,3521
10856,9673
10856,9727
10856,10594
10856,9826
10856,10855
10856,14541
10856,18249
10856,40850
10856,157904
10856,202703
10856,295702
99826,276162
18602,236
18602,514
18602,818
18602,1545
18602,388
18602,12392
18602,13028
18602,167043
18602,187056
18602,207317
121,10364
121,6092
121,818
121,603
121,604
121,2343
121,1523
121,3930
121,3098
121,5484
121,9663
121,14643
121,14707
121,33788
121,156761
121,162775
121,170362
121,177912
121,189092
121,189093
121,209220
121,209374
121,211227
121,232697
121,234213
121,249821
121,259796
121,269233
121,321224
121,325824
121,332708
25838,1956
25838,248509
1429,2231
1429,242
1429,6054
1429,1566
1429,1448
1429,818
1429,8045
1429,2340
1429,1647
1429,1857
1429,2334
1429,2355
1429,4232
1429,5490
1429,9887
1429,10085
1429,10631
1429,15278
1429,33476
1429,169866
1429,214463
13435,516
13435,3929
13435,4410
13435,5565
13435,9672
13435,15106
13435,41599
13435,160309
13435,185018
13435,285387
13435,328926
3131,10084
3131,2356
3131,3799
3131,657
3131,6092
3131,3430
3131,4931
3131,3149
3131,1857
3131,2987
3131,3882
3131,4452
3131,10726
3131,207928
3131,210162
3131,273293
3131,287033
3131,350573
2642,242
2642,5011
2642,2466
2642,4108
2642,9799
2642,10909
2642,12547
2642,167925
2642,170148
2642,179430
2642,196407
2642,270832
2642,309533
2642,346462
2642,346463
2642,346464
2642,346468
14317,380
14317,3513
14317,3289
14317,9902
14317,18161
14317,157972
14317,183169
14317,187056
14317,269769
11022,516
11022,796
11022,1568
11022,1803
11022,5340
11022,4927
11022,9849
11022,9665
11022,9826
11022,11730
11022,18021
11022,41352
11022,155799
11022,193309
11022,207268
24249,931
24249,1353
24249,1664
24249,9740
24249,14964
24249,156104
24249,156801
24249,189145
24249,207268
9491,242
9491,2660
9491,6259
9491,1523
9491,11730
9491,12565
9491,14676
9491,15050
9491,15076
9491,155531
9491,155716
9491,160246
9491,187056
9491,196917
9491,252921
9491,287416
2149,1326
2149,1664
2149,3182
2149,9826
2149,14964
2149,207268
20139,236
20139,769
20139,5248
20139,7665
20139,10181
20139,10508
20139,9833
20139,12999
20139,158718
20139,189868
20139,223382
20139,224391
20139,250606
20139,254641
20139,280115
32074,591
32074,1562
32074,1657
19067,5330
19067,3560
19067,33384
19067,156866
19067,168418
19067,175245
19067,207928
19067,221549
19067,230878
53712,818
53712,3725
53712,5923
53712,9807
53712,9826
53712,207844
25848,549
25848,970
25848,5332
25848,3593
25848,6956
25848,7041
25848,10622
25848,361687
14931,416
14931,6093
14931,9727
14931,155699
11317,3664
11317,697
11317,65
11317,4438
11317,6464
11317,6202
4032,6054
4032,1228
4032,4247
4032,9929
4032,10226
4032,34079
4032,170116
4032,170118
4032,170124
4032,170125
4032,170135
4032,170141
4032,172643
4032,227166
4032,240303
4032,325784
8392,456
8392,380
8392,5331
8392,4908
8392,11004
8392,11612
8392,18127
8392,33467
8392,33637
8392,195269
8392,210024
31804,4344
31804,12354
31804,12999
31804,167541
31804,176217
31804,190654
31804,269709
31804,296876
81048,10051
81048,12999
81048,159339
81048,173361
12232,7376
12232,699
12232,3888
12232,3987
12232,4892
12232,4895
12232,5894
12232,9792
12232,9392
12232,9727
12232,41178
12232,164092
12232,190536
12232,191012
12232,223449
12232,236458
12232,241980
12232,244145
12232,325856
11706,818
11706,1442
11706,6038
11706,4381
11706,18035
11706,33384
11706,168418
11706,207928
42569,456
42569,570
42569,380
42569,818
42569,10123
42569,4992
42569,10241
42569,33841
42569,155208
42569,190205
25720,818
25720,2106
25720,2340
25720,9826
25720,163751
25720,208878
26946,2041
26946,1618
26946,11181
26946,9970
26946,10792
26946,14760
26946,166862
26946,191519
26946,196983
26946,223089
26946,238137
26946,239356
26946,284455
16938,1442
16938,3725
16938,4227
16938,9826
16938,10714
16938,12339
16938,15090
16938,15127
16938,33457
16938,155619
16938,178649
16938,186466
16938,194236
16938,197430
16938,207299
16938,207317
16938,208729
16938,235810
16938,323756
21143,212
21143,90
21143,818
21143,5359
21143,4014
21143,3704
21143,5404
21143,4862
21143,14909
21143,18486
21143,164092
21143,210234
21143,211019
21143,227613
21143,235357
21143,259981
21143,320130
21143,320131
21143,320132
21143,320133
21143,320134
21143,320135
21143,320136
21143,320137
21143,320138
20424,9678
20424,1612
20424,3243
20424,4278
20424,4862
20424,9951
20424,9738
20424,10539
20424,14909
20424,161868
20424,163386
20424,178080
20424,191256
20424,191331
20424,196983
20424,225471
20424,361842
4561,910
4561,818
4561,1664
4561,6373
4561,6805
4561,5103
4561,158713
4561,190015
4561,190370
4561,282667
4561,310079
4561,322895
4435,188
4435,2280
4435,7156
4435,7157
4435,14636
4435,14704
4435,192772
16993,387
16993,396
16993,6075
16993,2792
16993,7464
16993,155464
16993,207268
16993,209476
18002,212
18002,2987
18002,3734
18002,10291
18002,10726
21332,242
21332,154949
21332,180491
640,1812
640,3202
640,5565
640,9672
640,10453
640,14569
640,177465
640,177473
640,177482
640,207317
640,214810
640,284794
640,316076
10599,131
10599,2251
10599,2720
10599,6300
10599,5560
10599,158726
1574,520
1574,2125
1574,4344
1574,10181
1574,9890
1574,10909
1574,13129
1574,18476
1574,33407
1574,165675
1574,165676
1574,207876
1574,249866
1574,273124
1574,326066
1574,332162
590,894
590,236
590,212
590,793
590,818
590,740
590,1824
590,1526
590,496
590,2132
590,2065
590,2386
590,1587
590,6262
590,2875
590,2755
590,2783
590,2981
590,2982
13560,1326
13560,9701
29339,818
29339,5332
29339,6344
29339,10329
29339,15120
29339,274107
29339,296659
29339,308216
29339,329119
29339,335855
29339,335856
29339,335857
423,6029
423,2652
423,836
423,2435
423,2436
423,2156
423,1739
423,1899
423,1956
423,1968
423,2394
423,2428
423,2433
423,2434
423,5565
423,10349
423,14641
423,14743
423,21747
423,200918
423,239797
423,325786
41084,3478
41084,5840
41084,6784
41084,9748
41084,8012
41084,12670
18773,3030
18773,1253
18773,3182
18773,6844
18773,9826
16225,9712
16225,3801
16225,11237
16225,11322
16225,40850
16225,156039
16225,161914
16225,161919
16225,187028
28679,242
28679,642
28679,570
28679,4426
28679,5360
28679,1930
28679,1562
28679,9748
28679,10714
28679,13006
28679,13063
28679,162914
28679,181547
28679,184352
28679,189921
28679,232716
28679,264386
262,378
262,242
262,1936
262,837
262,1491
262,1812
262,5321
262,33809
262,208327
262,266753
262,320420
262,325773
262,325834
15395,236
15395,725
15395,726
15395,1420
15395,1647
15395,2797
15395,10655
15395,10565
15395,13158
15395,33476
15395,178482
15395,208397
15395,218070
15395,221805
15395,265928
15395,286789
15395,290159
15395,325435
15395,325934
15395,332945
4912,802
4912,848
4912,441
4912,818
4912,2708
4912,3278
4912,4289
4912,4688
4912,5565
4912,10582
4912,12670
4912,14617
4912,18107
4912,34038
4912,164282
4912,197822
4912,245500
23626,10250
12090,931
12090,254
12090,110
12090,2587
12090,2695
12090,2251
12090,2676
12090,3098
12090,3455
12090,4671
12090,1295
12090,13072
12090,15162
12090,165301
12090,199764
12090,206545
12090,209282
12090,220314
12090,222974
12090,229408
12090,253936
12090,286227
12090,302593
12090,339714
44233,258533
35172,4690
14390,703
14390,9823
14390,6060
14390,33720
14390,157380
9582,1326
9582,6149
9582,1936
9582,2350
9582,9799
9582,6844
9582,12541
9582,40897
9582,40917
9582,165301
9582,165547
9582,225984
9582,235098
9582,237061
9582,237463
9582,243617
9582,244910
9582,251640
9582,286227
9582,306332
9582,306894
9582,306896
9582,306898
9582,306899
9582,306903
10628,5657
10628,1322
10628,5090
10628,160488
10628,208662
10628,209220
10628,257962
11078,3852
11078,5060
11078,11933
11078,40957
11078,41180
11078,167316
11078,167377
598,542
598,1003
598,3149
598,1809
598,2987
598,2394
598,9672
598,10683
598,269808
598,315053
598,325788
27744,537
15842,894
15842,9673
15842,11857
15842,41329
15842,181100
15842,315002
24711,380
24711,6149
24711,5859
24711,8015
24711,33519
24711,207268
43886,1415
43886,1436
43886,5305
43886,7076
43886,49960
43886,165100
43886,191260
43886,208275
43886,238006
43886,238116
43886,259015
43886,266720
43886,280281
43886,329219
11222,3737
11222,242
11222,6054
11222,1157
11222,90
11222,818
11222,2708
11222,2437
11222,3230
11222,6564
11222,8097
11222,9661
11222,9826
11222,10391
11222,11335
11222,18114
11222,155795
11222,164713
11222,198772
11222,209889
11222,288945
13199,378
13199,2400
13199,9890
13199,10211
13199,10700
13199,10726
13199,12425
13199,164253
13199,206319
8073,642
8073,90
8073,128
8073,2966
8073,7439
8073,7972
8073,12999
26393,6038
15278,897
15278,898
15278,2564
15278,10123
15278,8201
15278,5135
15278,11931
15278,187056
1484,6148
1484,1468
14667,2957
14667,582
14667,9673
14667,158780
14667,187056
14667,208992
47263,1454
47263,3588
47263,269
47263,4344
18692,4344
18692,207717
34148,18035
34148,176227
34148,299454
20813,90
20813,110
20813,3450
20813,7312
20813,10049
20813,10809
20813,18068
20813,165100
53027,248
53027,10325
53027,10226
53027,222174
18894,4344
26252,818
26252,9807
26252,12999
26252,155845
26252,156123
26252,169449
26252,170212
26252,170444
26252,187203
26252,229411
24742,3452
24742,13088
24742,14714
24742,155722
24742,171612
19415,1326
19415,931
19415,128
19415,738
19415,1200
19415,3190
19415,10031
19415,14714
19415,41586
19415,155870
19415,158718
19415,164698
19415,208289
19415,264386
41927,155457
5968,596
5968,1326
5968,582
5968,1523
5968,165317
5968,168750
5968,183185
10727,616
10727,2122
10727,1415
10727,697
10727,4079
10727,13001
10727,13153
10727,177894
9045,2652
9045,716
9045,717
9045,1631
9045,1799
9045,1739
9045,13005
9045,33674
9045,161207
9045,206662
9082,2652
9082,1443
9082,2722
9082,4434
9082,188293
92348,2383
92348,5565
92348,187056
14469,726
14469,1437
14469,10041
14469,11527
14469,11258
14469,11728
14469,191045
14469,191440
14469,194921
14469,215876
14469,240119
14469,240237
14469,243959
14469,257081
14469,260426
55909,2803
55909,4232
55909,14768
55909,197056
55909,225219
55909,239797
55909,325781
55909,325786
55909,325787
55909,325814
55909,325824
55909,325840
20663,851
20663,1543
20663,4709
20663,9016
20663,9807
20663,171826
20663,186212
20663,194402
31916,10084
31916,2041
31916,1563
31916,3347
31916,10093
31916,11612
31916,15140
61807,818
61807,1700
61807,10093
20639,6075
20639,449
20639,13042
20639,155240
7514,6026
7514,3149
7514,635
7514,3266
7514,2409
7514,4307
7514,4637
7514,4741
7514,4746
7514,5716
7514,9826
7514,10776
7514,14964
42795,2365
42795,10809
39349,5301
39349,10391
39349,14964
39349,189920
44164,187056
12253,970
12253,697
12253,6951
12253,9823
12253,9571
12253,10726
12253,12670
12253,14735
12253,224174
12253,239275
12253,267422
9358,1546
9358,9844
9358,10170
9358,10629
9358,11612
9358,34079
9358,162810
9358,240606
9358,256183
9358,315058
9358,325811
9358,348122
1647,591
1647,521
1647,470
1647,2999
1647,4613
1647,18420
1647,34094
1647,202371
1647,321464
9027,1605
9027,1342
9027,2727
9027,8616
9027,13027
9027,170827
9027,187056
125945,536
125945,207883
21189,14530
21189,186776
21189,222228
10894,1523
10894,2467
10894,3183
10894,2843
10894,5707
10894,7942
10894,9826
10894,9957
10894,10714
10894,11322
10894,33630
10894,41329
10894,158718
10894,164186
10894,208275
10894,281237
10894,321210
10894,323659
10894,325761
28528,2792
28528,156501
28528,162333
28528,187292
28528,187293
28528,187294
28528,187295
28528,209476
34783,1382
34783,2487
34783,508
34783,213
34783,8201
34783,6346
34783,9663
34783,11514
34783,11935
34783,12999
34783,14514
34783,156338
34783,159783
34783,164400
34783,210605
34783,234712
34783,234812
34783,237231
34783,239277
34783,239677
34783,296558
34783,332775
34783,333828
34783,337693
34783,345017
34783,352380
34783,358929
34783,358930
34783,358932
34374,4007
34374,273879
12490,5918
12490,3246
12490,3882
12490,6168
12490,15090
12490,18035
12490,34094
26761,3030
26761,2102
26761,2801
26761,5707
26761,9807
26761,17981
26761,265556
35185,10483
35185,10911
35185,12999
35185,161849
35185,258349
15802,233
15802,549
15802,1587
15802,1632
15802,1794
15802,6373
15802,14964
15802,158713
15802,159551
15802,190370
39948,378
39948,642
8286,1157
8286,90
8286,3595
8286,4029
8286,34094
43028,212
43028,1936
43028,9701
43028,9807
43028,11479
43028,10180
43028,10909
43028,158718
43028,239945
43028,258533
65300,736
65300,1865
65300,798
65300,1930
65300,1936
65300,5340
65300,9672
65300,10410
65300,12193
65300,14760
65300,162365
65300,220908
65300,223422
24129,791
4628,591
4628,128
4628,470
4628,2106
4628,2113
4628,3278
4628,3529
4193,2041
4193,818
4193,703
4193,1200
4193,9826
4193,207046
4193,221179
10724,818
10724,334
10724,6093
10724,3203
10724,3278
10724,3773
10724,3864
10724,9878
89571,8624
89571,160175
89571,160176
89571,160177
89571,214548
32065,779
32065,797
32065,585
32065,1543
32065,5964
32065,9748
32065,10291
32065,41180
32065,219404
11915,6104
11915,745
11915,1930
11915,640
11915,3246
11915,6385
11915,7264
11915,8080
11915,18118
11915,155531
11915,165470
42136,1329
42136,3398
42136,5565
42136,156120
42136,192473
42136,236170
28307,818
28307,582
28307,1788
28307,6165
28307,9016
28307,207268
28307,207876
28307,229959
28307,256354
37917,818
37917,2493
37917,5571
37917,159845
37917,164731
37917,164734
37917,185526
37917,186399
37917,214548
70011,4458
70011,10123
70011,9887
70011,208580
37191,3456
37191,155790
37191,354798
210092,818
210092,1879
210092,2702
210092,11431
210092,2864
210092,8181
210092,159868
210092,164092
3028,848
3028,4344
3028,156033
81001,10224
81001,9840
81001,162846
8219,744
8219,640
8219,4470
8219,9838
8219,11268
8219,12090
8219,13015
8219,33841
8219,34038
8219,34094
8219,170521
8219,258533
8219,258933
8219,275157
27088,2389
27088,6054
27088,549
27088,1647
27088,9714
27088,14964
27088,156777
27088,170827
27088,208445
10150,2038
10150,2343
10150,2594
10150,3071
10150,3873
10150,4158
10150,163227
20980,570
20980,2671
20980,3183
20980,2150
20980,4470
20980,9951
20980,11402
20980,14964
20980,15479
20980,155490
20980,258533
16407,779
16407,478
16407,11836
41913,1862
41913,128
41913,3183
41913,11190
41913,12670
41913,158718
41913,189464
41913,258533
29450,1415
29450,3739
29450,7492
29450,10391
29450,158741
29450,166512
29450,214548
27380,407
27380,13065
27380,191316
8288,4183
8288,1992
8288,1655
8288,4663
8288,9585
8288,13005
8288,13088
15600,736
15600,417
15600,818
15600,6285
15600,7606
15600,9672
15600,6460
15600,10410
15600,10941
15600,18266
15600,162365
15600,194320
15600,298934
15600,313483
124963,745
124963,2449
124963,717
124963,3692
124963,10594
124963,10093
124963,18396
124963,155539
124963,157008
11949,6029
11949,8708
11949,10610
11949,236316
42134,212
42134,21747
42134,188326
42134,242239
79257,1321
79257,5332
79257,1960
79257,6015
79257,7375
79257,9826
79257,12617
79257,156091
79257,162726
79257,192764
79257,215522
42130,393
42130,174594
42131,2020
42131,4319
42131,4833
42131,33600
42131,160279
42131,195013
42131,208570
42131,222268
41291,4344
41291,14570
41291,159743
41291,230896
84784,2920
84784,12416
23942,10685
23942,9673
23942,18034
23942,162706
72340,249749
72340,258533
32692,730
37997,242
37997,2007
37997,13017
37997,41329
27609,6075
27609,9833
27609,15136
27609,156191
27609,156331
27609,158718
27609,206206
27609,208290
27609,208820
27609,264386
27609,268522
25872,5330
25872,4344
25872,8201
25872,9755
25872,12988
25872,189140
25872,213429
25872,346773
25872,355959
83562,824
83562,158718
83562,178643
83562,258533
127,3800
127,3817
127,6084
127,5271
127,5272
127,2605
127,13008
14645,236
14645,640
14645,5320
14645,3725
14645,1983
14645,4326
14645,4553
14645,157344
14645,173316
14645,207317
14645,230318
14645,232956
14645,248709
14645,259184
27726,242
27726,1299
27726,3754
27726,156393
27726,156593
27726,162632
27726,210614
42135,818
42135,9826
42135,10180
42135,41599
42135,158718
42135,200234
42135,258533
42135,263311
42135,293649
21923,173339
1563,195239
1563,237188
1563,269412
17132,6149
17132,1336
17132,1930
17132,708
17132,2233
17132,6083
17132,7118
59533,156203
59533,309533
2262,567
2262,2437
2262,6782
2262,10338
2262,13005
2262,14964
2262,162262
2262,188662
2262,208611
2262,233607
52772,582
52772,10235
52772,15160
52772,160743
52772,187325
76395,591
76395,10590
76395,13015
37607,1968
30874,242
30874,703
30874,3125
30874,9826
30874,10714
30874,12570
30874,13006
30874,14901
30874,157714
30363,33490
30363,266245
49409,4470
49409,8201
49409,10229
49409,173497
49409,187056
32048,9826
32048,11869
32048,12565
32048,14688
32048,15106
32048,40932
32048,172624
32048,198772
32048,207046
32048,229137
32048,230520
32048,235276
32048,236906
32048,301441
32048,336404
48139,514
30584,483
30584,9714
30584,10466
30584,10982
30584,41011
30584,41406
30584,222842
30584,234213
30584,248988
48313,3616
48249,2041
48249,1200
48249,2301
48249,4193
48249,10181
48249,165214
48249,174363
29702,588
29702,1596
29702,10714
29702,12570
29702,14676
29702,34061
29702,155251
29702,157758
29702,158927
29702,173719
29702,175233
29702,189921
29702,283201
29702,285237
29702,361094
24830,779
24830,14941
24830,250944
30049,3822
30049,2904
30049,9951
30049,14604
30049,41586
30049,156081
30049,162521
30049,197362
30049,221253
30049,250206
30049,290950
9699,642
9699,3800
9699,6149
9699,1384
9699,703
9699,5439
9699,18118
48561,2199
30789,212
30789,1585
30789,13015
30789,18083
11057,380
11057,836
11057,3437
47955,818
47955,6149
47955,567
47955,1437
47955,1482
47955,7856
47955,9826
47955,10563
47955,12396
47955,15162
47955,155781
47955,203586
47955,203593
19322,10364
19322,15248
19322,34061
19322,162365
19322,171783
19322,181129
19322,311315
19322,314730
19322,325778
31661,169086
52556,378
52556,2019
52556,180220
52556,296186
52556,341820
38219,2964
38219,1299
38219,2343
38219,9717
38219,12616
38219,14665
38219,234213
38219,242244
23943,6270
23943,1706
23943,5801
23943,9755
23943,5086
23943,10124
23943,170827
26454,1594
26454,2102
26454,9799
26454,6779
26454,9639
26454,12670
26454,13043
26454,13072
26454,13117
26454,14765
26454,155892
26454,162275
26454,164657
26454,179430
26454,196171
26454,205735
26454,227902
26454,238077
26454,241532
26454,243390
26454,246126
26454,277237
26454,280940
26454,285894
26454,295809
26454,319792
26454,322008
26454,326268
26454,326313
26454,329699
26454,329911
26454,333315
26454,343584
9919,622
9919,242
9919,736
9919,2726
9919,5920
9919,9799
9919,6496
9919,14534
9919,33478
9919,155939
9919,163096
9919,239145
9919,266115
9919,327911
9919,331243
6038,779
6038,212
6038,957
6038,2280
6038,9748
6038,9826
6038,11715
6038,179431
6038,219404
6038,228690
6038,269233
6038,281659
6038,325797
6038,325802
6038,325803
6038,325819
6038,325832
9480,1741
9480,2398
9480,9715
9480,9717
9480,40869
9480,175186
9480,175208
9480,179431
9480,321464
9480,325778
9480,325856
14873,4809
14873,1261
14873,5331
14873,6513
14873,4344
14873,5650
14873,9663
14873,10787
14873,10468
14873,13014
13132,2389
13132,1415
13132,531
13132,3199
13132,5922
13132,9094
13132,12392
22707,3644
22707,4106
18302,2679
18302,2936
18302,437
18302,5565
18302,232421
1956,6054
1956,5827
1956,3306
1956,3593
1956,5930
1956,9713
1956,12392
1956,18034
1956,191302
12112,1157
12112,6255
12112,9826
12112,13005
12112,159278
12112,187056
50380,378
212058,155262
212058,258533
12139,2604
12139,9717
12139,174254
118936,11677
118936,155457
18587,6149
18587,703
18587,3289
18587,4399
18587,9748
18587,9826
18587,7002
18587,10333
18587,10714
18587,12670
18587,15009
18587,15127
18587,33720
18587,266013
24883,2673
24883,1629
24883,6377
24883,9663
24883,15101
24883,18034
17264,10084
17264,383
17264,6075
17264,2580
17264,2526
17264,2673
17264,3875
17264,4613
17264,10349
17264,15101
17264,154867
17264,155746
17264,155759
17264,180230
3426,128
2984,12354
2984,13059
2984,208570
2984,351453
33221,14985
33221,180230
33221,299594
59201,570
59201,168889
26172,818
26172,9748
26172,156166
26172,163098
26172,222287
26172,226594
26173,2356
26173,1981
26173,9748
26173,11578
26173,10291
26173,154846
26173,188625
33055,159932
33055,171831
33364,6054
33364,549
33364,1158
33364,10481
33364,12425
33364,12660
33364,14798
33364,14873
33364,164092
33364,170333
33364,207691
33851,2532
33851,14552
31598,242
31598,796
31598,818
31598,9730
31598,11734
31598,33518
31598,156022
59401,393
22233,3451
22233,194780
4952,9799
4952,9758
4952,9840
4952,9639
4952,10226
4952,14733
4952,33626
4952,155457
4952,165301
4952,170827
4952,208593
4952,233590
4952,256330
4952,282986
4952,283953
4952,324429
4952,325765
4952,329918
991,818
991,1603
991,4565
991,4862
4911,796
4911,417
4911,2394
4911,3261
4911,3607
4911,4690
4911,5422
4911,2187
4911,7477
4911,8015
4911,12670
4911,18035
4911,33556
16072,1402
16072,9672
16072,6974
16072,14643
16072,34079
16072,160201
16072,166464
16072,179585
16072,185728
16072,207928
16072,312898
16072,328926
11615,378
11615,736
11615,2122
11615,1992
11615,1556
11615,2501
11615,4434
11615,9826
11615,12193
11615,174420
11615,197521
11615,208647
11635,1326
11635,2426
11635,3616
11635,3230
11635,4552
11635,157632
11635,160450
11635,171134
11635,171143
11635,171150
11635,180764
77283,258533
35824,190823
35824,192227
35824,256087
35824,260518
102,30
102,7879
102,509
102,3817
102,856
102,978
102,1334
102,1335
102,9844
102,11612
102,14534
102,15160
102,34094
102,158558
102,187056
14293,6054
14293,395
14293,1419
14293,1356
14293,2348
14293,10594
14293,9748
14293,10909
14293,11061
14293,163949
14293,315371
10623,642
10623,1384
10623,2051
10623,2492
10623,9727
10623,15363
10623,33672
10623,160488
9613,212
9613,818
9613,6259
9613,2884
9613,6162
9613,5707
9613,5832
9613,155479
9613,173719
9613,224625
7015,1563
7015,818
7015,2350
7015,7464
7015,156121
7015,240119
210938,5876
210938,15160
42035,922
42035,242
42035,5751
42035,156306
42035,194594
42035,208611
42035,214349
42035,215325
42035,233949
42035,348657
42035,361060
42035,362599
42035,362600
21867,7537
21867,159845
21867,208244
21867,220649
49680,536
49680,941
49680,2692
49680,218042
6524,8201
6524,9755
6524,10508
6524,10329
6524,11411
6524,12670
6524,165299
6524,177927
6524,184950
6524,220314
6524,266853
6524,322268
11244,1701
11244,542
11244,2176
11244,9715
11244,33637
77233,186921
140071,163167
140071,183817
140071,186849
140071,226774
21801,579
21801,8338
21801,167863
21801,168468
21801,240237
21801,269651
21801,357556
35139,3243
35139,191256
54845,708
54845,10391
14633,380
14633,6157
14633,5986
14633,18053
14633,33625
14633,155963
14633,234631
14633,240237
14633,246414
10678,378
10678,1022
10678,970
10678,699
10678,1594
10678,3848
10678,10325
10678,9777
10678,10909
10678,11412
10678,11593
10678,12425
10678,12670
10678,15160
10678,15363
10678,18142
10678,33479
10678,163178
10678,171989
10678,172466
10678,182195
10678,184430
10678,184712
10678,219849
10678,225840
10678,308493
9567,393
9567,1327
9567,972
9567,5331
9567,2227
9567,2286
9567,11107
9567,4595
9567,7587
9567,8570
9567,13005
9567,14546
9567,14707
9567,162365
9567,190337
979,549
979,570
979,90
979,6149
979,1541
979,1013
979,1849
979,6255
979,2671
979,2698
979,2754
979,6093
979,3260
979,10292
979,4728
979,5927
979,9673
979,9748
979,13073
979,14624
979,14707
979,14964
979,156075
979,156478
979,158718
979,161166
979,166611
979,170322
979,170383
979,184352
979,212423
979,224663
979,229949
979,323809
979,325791
13819,641
13819,11488
13819,12670
13819,155262
13819,157799
13819,159868
13819,174420
13819,174426
13819,174433
13819,174434
13819,174440
13819,187056
13819,193549
1591,4932
1591,5809
1591,697
1591,1625
1591,1956
1591,3061
1591,4555
1591,9895
1591,156702
1591,187056
1591,192519
24186,187056
455,212
455,6075
455,941
455,1463
455,1900
455,2278
455,5976
455,13042
455,18035
455,158718
455,187056
455,193400
455,266601
455,335805
455,335806
10632,414
10632,1812
10632,4728
10632,7202
10632,9720
10632,10089
10632,10833
10632,14805
10632,15218
10632,17987
10632,18543
10632,162380
10632,164148
10632,226499
10929,6259
10929,2526
10929,5812
10929,7717
10929,9714
10929,9740
10929,9748
10929,9789
10929,12545
10929,33740
10929,189359
10929,198780
10929,207972
10929,208152
170400,187056
170400,305009
16229,894
16229,818
16229,2463
16229,9672
16229,6846
16229,13028
16229,40952
16229,41329
16229,206298
16229,210608
16229,221805
16229,221806
12079,5824
12079,11483
12079,34134
12079,158718
12079,169302
12079,187514
12079,187517
12079,187518
12079,187522
12079,187523
12079,187524
12079,187537
12079,187544
12079,187547
12079,187551
12079,247851
12079,256284
12079,286234
44081,187056
36362,186
36362,3571
36362,3036
36362,5565
36362,222185
36362,230097
36362,253695
4762,4918
4762,823
4762,1584
4762,1228
4762,5340
4762,3473
4762,4557
4762,6680
4762,7272
4762,13015
4762,178036
4762,187056
4762,194451
4762,196711
4762,209966
4762,217474
4762,322648
4762,322649
18535,4048
18535,4344
18535,10229
18535,361716
23159,1382
23159,657
23159,128
23159,9799
23159,11038
23159,8681
23159,9826
23159,11363
23159,11141
23159,12541
23159,33608
23159,161231
23159,210604
23159,324429
23159,325762
27236,830
27236,3296
27236,9883
27236,167043
27236,229429
42459,6564
42459,159201
43261,1416
43261,5565
15347,970
15347,6089
15347,2043
15347,5160
15347,9897
15347,9892
15347,9893
15347,9896
15347,9898
15347,9900
15347,9902
15347,14641
15347,18165
15347,18330
37258,2673
37258,15106
8996,2652
8996,835
8996,1956
8996,4446
8996,14641
8996,187056
8996,208079
8996,241982
125413,818
125413,1680
125413,1480
125413,1700
125413,11436
125413,4280
125413,5565
125413,9672
125413,10235
125413,154796
125413,155725
125413,159201
125413,159315
125413,167882
125413,220448
125413,226774
17729,1416
17729,4344
17729,5565
17729,6165
12157,1900
12157,4168
12157,9673
12157,155647
11571,1992
11571,1339
11571,1963
11571,3130
11571,3347
11571,5704
11571,5746
11571,9935
11571,10789
11571,10028
11571,12616
11571,187033
11571,204975
71142,2231
71142,1568
71142,2393
71142,8015
71142,9104
71142,15108
71142,211062
10293,658
10293,966
10293,931
10293,2038
10293,65
10293,1486
10293,5490
10293,9094
10293,15160
10293,33386
10293,166113
2671,736
2671,2041
2671,6152
2671,6103
2671,3335
2671,9853
2671,9955
2671,10541
2671,13209
2671,156174
2671,172784
2671,177185
2671,325319
9669,2884
9669,9663
9669,10541
9669,177185
9669,189421
9669,211197
9669,266848
9669,271672
9669,290446
9669,290492
45129,13059
45129,14964
45129,156196
45129,187056
42618,978
42618,3447
42618,10181
42618,6562
42618,10703
42618,155513
42618,165317
41164,6075
41164,1480
66027,1605
66027,818
66027,3200
66027,3230
66027,11254
66027,11530
66027,10703
66027,11007
66027,156018
66027,160175
66027,162804
66027,163592
66027,166873
66027,173245
66027,207876
66027,210088
66027,210589
66027,213429
66027,215577
66027,220809
66027,222074
66027,241738
66027,256497
66027,279497
66027,287906
66027,298666
66027,312078
66027,325849
66027,338314
66027,342863
66027,348657
66027,349029
66027,353827
66027,353828
36211,209987
9557,7984
9557,11095
9557,249749
9557,258533
6171,818
6171,1228
6171,3684
6171,3373
6171,9951
6171,9713
6171,157955
6171,197582
6171,239797
6171,325743
13691,6054
13691,6513
13691,11107
13691,271856
13691,282174
11523,3800
11523,2080
11523,5306
11523,158153
11523,171493
11523,179305
11523,185266
11523,187614
11523,239615
14675,1157
14675,213
14675,12335
14675,9799
14675,6894
14675,10226
14675,12541
14675,15160
14675,15162
14675,41185
14675,155457
14675,173297
14675,181050
14675,231374
14675,239072
14675,239145
14675,256330
14675,308448
14675,312949
14675,324123
14675,324429
2525,5966
2525,747
2525,3036
2525,9706
2525,173272
2525,186756
2525,189886
2525,195790
2525,210450
2525,215127
2525,229731
2525,253695
57447,12570
57447,217115
42695,1532
42695,6078
42695,2020
49845,549
49845,190628
18992,2673
18992,2752
18992,155346
18992,177071
29912,537
29912,1405
29912,186
29912,3571
29912,3036
29912,5049
29912,10520
29912,14705
29912,14906
29912,33720
29912,222185
29912,240620
29912,253695
28881,5657
28881,6075
28881,1422
28881,3180
28881,40870
80243,15158
80243,198673
80243,220947
80243,228598
80243,239377
80243,263591
80243,288596
80243,303335
80243,314397
10782,2215
10782,2999
10782,4596
10782,10185
10782,15271
10782,156805
10782,158781
10782,229211
10782,234820
10782,234860
10782,262207
10782,275311
10782,332773
9341,5178
9341,83
9341,5096
9341,10349
9341,10617
9341,12393
9341,14760
9341,160879
9341,187033
9341,189411
9341,215299
9776,840
9776,6085
9776,2946
10735,5600
10735,212
10735,392
10735,970
10735,6085
10735,1463
10735,2560
10735,6083
10735,9920
10735,11870
10735,10809
10735,34061
10735,155722
10735,179383
10735,187056
10735,188237
10735,240303
16425,1691
16425,2683
12516,314
12516,2679
12516,3347
12516,4368
12516,9706
12516,156597
12516,186789
12516,188351
12516,208349
12516,275682
12516,325764
12516,325787
12516,325814
1675,725
1675,886
1675,1861
1675,33457
1675,34094
1675,50244
1675,159531
1675,235736
62184,1415
62184,236
62184,2493
62184,9826
62184,10303
62184,11925
62184,15155
62184,156121
62184,169977
62184,208591
62184,246201
62184,276222
62184,308174
17057,966
17057,888
17057,6093
17057,9807
17057,9826
17057,12396
17057,12999
17057,13073
17057,33705
17057,161982
17057,163975
17057,207431
17057,209674
17057,228427
17057,228428
17057,228429
17057,238065
41938,6149
41938,9840
41938,9228
41938,9826
41938,10909
41938,214780
79615,818
79615,1556
79615,4640
79615,10683
79615,165100
79615,179012
79615,194413
79615,198623
40718,818
40718,1721
40718,9673
40718,12999
40718,191080
42178,190434
6016,549
6016,1317
6016,726
6016,585
6016,660
6016,5918
6016,4948
6016,10051
6016,9813
6016,9728
6016,15009
6016,155841
6016,165909
6016,195537
6016,228750
6016,244675
8409,697
8409,1522
8409,1679
8409,8015
8409,10175
8409,15108
1817,1589
1817,242
1817,6259
1817,13015
1817,173361
1817,228676
1817,286925
1817,288875
284096,187056
11299,3335
11299,9748
11299,11606
11299,14675
11299,161919
11299,168713
11299,210024
11299,325811
11299,325856
21052,378
21052,642
21052,6149
21052,11436
21052,2016
21052,7412
21052,10229
21052,9748
21052,10726
21052,15009
21052,40879
7294,1787
7294,1453
7294,900
9506,2060
9506,2726
9506,2800
9506,2879
9506,14837
9506,18047
9506,41523
9506,199263
9506,215292
9506,303310
9506,325765
9506,349129
14290,6270
14290,33910
14290,232817
24982,269
24982,2580
24982,4388
24982,14785
24982,41595
24982,182147
24982,227684
24982,234659
24982,248630
24982,262228
24982,309116
24982,333111
2662,213
2662,6259
2662,3335
2662,9955
2662,161270
12093,10685
12093,1353
12093,2300
12093,1192
12093,2334
12093,6019
12093,9672
12093,12987
12093,13059
12093,15049
12093,213132
12093,237105
12093,239797
12093,242689
12093,296608
12093,321464
18941,11677
18941,33457
18941,187056
11817,779
11817,960
11817,1721
11817,345
11817,9715
11817,9990
11817,6201
11817,9717
11817,4958
11817,18109
11817,160133
11817,241580
11817,251513
24621,187056
13370,11800
13370,33534
8326,818
8326,11707
8326,10541
8326,14783
8326,159201
8326,159212
8326,246466
13411,542
13411,12670
11516,1889
11516,270
11516,2673
11516,3478
11516,4474
11516,1729
11516,8044
11516,8721
11516,9970
11516,33634
11516,33635
11516,221355
11516,233170
11516,277462
10180,509
10180,3149
10180,1803
10180,1946
10180,3230
10180,4553
10180,5707
10180,7508
10180,11728
10180,13005
10180,160246
994,570
994,548
994,818
994,5251
994,392
994,2755
994,8079
994,9748
994,11004
994,200234
66918,520
66918,1618
66918,1635
66918,2227
66918,7035
66918,11289
66918,162365
66918,162536
66918,179566
66918,191519
66918,239391
66918,239392
10514,1865
10514,818
10514,6016
10514,1508
10514,1944
10514,6013
10514,3288
10514,10617
10514,17995
10514,156767
10514,188957
10514,194486
10514,214716
10514,251667
10514,266753
10514,301096
10514,321464
10514,325817
14237,1566
14237,282
14237,4563
14237,3181
14237,3363
14237,10414
1714,1157
1714,818
1714,4565
1714,2137
1714,5737
1714,14522
1714,192094
1714,211362
1714,253561
41461,549
41461,1582
41461,2300
41461,10181
41461,33457
41461,170869
41461,190283
41461,192530
41461,210184
9930,3012
9930,3701
9930,10909
9930,33519
107569,970
107569,1786
107569,12670
107569,240119
16651,440
16651,2215
16651,5565
16651,14641
16651,14765
16651,156166
16651,156482
16651,189411
16651,208611
16651,233612
16651,253695
57565,5215
57565,4931
57565,8201
57565,9180
57565,11004
57565,11935
57565,158987
57565,180798
57565,207883
108553,922
108553,6149
108553,10332
108553,11157
108553,34094
108553,169993
12661,1009
12661,2587
12661,2411
12661,6876
12661,6163
12661,9750
12661,33705
29355,520
29355,6270
29355,6075
29355,579
29355,8338
29355,191222
24961,242
24961,1566
24961,4232
24961,4344
24961,10181
24961,15162
24961,155490
24961,165317
24961,177912
24961,189920
24961,207539
24961,256015
24961,324713
24961,325785
24961,325814
24961,325832
24961,338548
26866,9503
26866,13065
26866,186831
31633,2336
31633,9824
31633,163070
31633,210434
31633,225012
31633,259376
31633,325763
31633,325802
47762,290395
47762,325802
47762,325844
10743,159607
10743,159608
10743,159620
10743,159627
2832,549
2832,1563
2832,6259
2832,1197
2832,703
2832,2217
2832,2669
2832,3694
2832,8440
2832,9826
2832,9743
2832,10714
2832,12339
2832,12565
2832,12570
2832,14527
2832,15106
2832,15234
2832,18171
2832,156507
2832,156761
2832,197708
2832,207046
2832,212803
2832,238467
15098,894
15098,516
15098,2655
15098,11857
15098,14857
15098,41329
15098,156316
15098,184239
15098,233130
15098,242689
15098,323809
15098,325784
15098,342828
11458,3398
11458,1803
11458,5424
11458,2134
11458,14964
11458,34038
16636,2356
16636,1415
16636,521
16636,271
16636,3836
16636,10508
16636,11145
16636,11146
16636,13281
16636,169071
16636,206696
18736,588
36658,9715
36658,1852
36658,9717
36658,10761
36658,157912
36658,186782
46989,496
46989,2494
46989,41355
46989,187056
46989,188730
46989,233130
15394,3515
15394,585
15394,822
15394,818
15394,395
15394,4227
15394,4373
15394,5887
15394,9672
15394,8653
15394,10594
15394,10530
15394,10959
15394,14570
15394,18420
15394,155503
15394,163072
15394,208289
15394,220315
10708,271
10708,3836
10708,5905
10708,4590
10708,156052
10708,193237
10708,194287
10708,197692
10708,206100
10708,215568
10708,240119
22016,3149
22016,5933
85472,156205
85472,187056
22958,3182
22958,3616
22958,9673
22958,9713
22958,10085
22958,34130
15850,736
15850,740
15850,1228
15850,7312
15850,11494
15850,9766
15850,12670
15850,13028
15850,158718
15850,208289
15850,213971
15850,258533
251053,242
251053,166766
251053,197525
10989,3725
10989,4115
10989,8650
10989,9833
10989,33358
10989,34094
10989,158718
10989,249794
1816,4344
1816,6415
1816,9249
1816,33556
1816,33681
1816,33934
1816,41260
1816,156028
1816,163210
1816,165231
1816,165241
1816,165244
1816,258533
42017,212
42017,1003
42017,4344
42017,173242
42017,208611
42017,296608
17667,1691
17667,897
17667,898
17667,899
17667,635
17667,1552
17667,1974
17667,2815
17667,321464
17464,1974
17464,9663
15259,246
15259,897
15259,898
15259,542
15259,1974
15259,2394
15259,180743
15259,221441
15259,233611
10515,6092
10515,334
10515,2343
10515,1960
10515,3098
10515,4190
10515,12988
10515,13014
10515,163049
10515,165455
10515,169362
10515,182600
10515,188747
10515,188847
10515,210024
10515,322942
10515,325765
45069,187056
117269,1691
117269,185059
117269,207010
117269,215608
117269,235797
21024,10570
21024,11700
42792,818
42792,161254
43232,4344
43232,34094
43232,191789
22201,1859
22201,9672
22201,6165
22201,11207
22201,5074
22201,9550
22201,10176
22201,10950
22201,12371
22201,159845
22201,195218
22201,207928
22201,219366
22201,222782
11424,3017
11424,4344
11424,5713
11424,18053
11424,155457
11424,156037
11424,163758
11424,236252
11424,237605
11424,324123
34857,931
34857,5305
34857,3149
34857,4344
34857,10181
34857,9888
34857,163096
34857,165214
34857,165241
34857,190849
34857,215253
34857,217104
34857,236252
34857,287516
34857,314698
604,3737
604,2964
604,10364
604,312
604,1001
604,779
604,780
604,1701
604,1566
604,310
604,6104
604,83
604,2812
604,4563
604,1721
604,530
604,6150
604,6256
604,2849
604,4565
604,2423
604,3217
604,3219
604,3221
604,9844
604,12190
604,219404
604,221385
604,231404
604,291153
604,324429
604,325791
604,325846
55616,818
55616,3133
55616,10551
55616,15032
55616,154802
55616,179874
55616,207928
55616,261274
10720,242
10720,736
10720,2386
10720,3864
10720,9758
10720,9094
10720,9639
10720,10818
10720,11718
10720,155457
10720,163096
10720,170827
10720,210710
51230,242
51230,1523
51230,4295
51230,9818
51230,6224
51230,18062
51230,168346
51230,187056
51230,218048
23423,5732
23423,11578
23423,10391
23423,12279
23423,18035
23423,158718
23423,211706
23423,258533
23423,272551
1555,90
1555,107
1555,567
1555,1253
1555,9457
1555,9935
1555,9986
1555,14534
1555,14602
1555,33648
1555,155939
33875,6099
33875,3754
33875,34041
33875,41645
33875,162532
33875,208568
33875,210024
33875,276186
310,1605
310,725
310,305
310,542
310,488
310,6150
310,6157
310,186
310,917
310,9844
310,9649
310,11001
310,14534
310,33637
310,157384
310,159013
310,160292
310,161944
310,164346
310,302773
5146,591
5146,470
5146,4289
5146,4604
5146,9253
5146,9714
5146,13027
5146,240303
5146,272551
12544,240
12544,2041
12544,1157
12544,2853
12544,210714
12,1357
12,5656
12,970
12,11477
12,10026
12,14785
12,15097
12,33635
12,33759
12,33760
12,154896
12,156948
12,179430
12,179431
12,180557
12,180568
12,180574
12,181068
12,316832
9654,1321
9654,387
9654,720
9654,2157
9654,110
9654,3713
9654,1552
9654,6168
9654,8430
9654,10051
9654,9748
9654,9826
9654,10476
9654,12391
9654,12670
9654,14601
9654,159339
9654,159511
9654,165317
9654,171493
9654,177958
9654,232766
9654,240303
9654,314730
9654,321964
9654,325791
9902,314
9902,697
9902,3489
9902,1262
9902,10292
9902,5774
9902,8232
9902,12339
9902,14559
9902,14895
9902,15198
9902,50009
9902,179431
9902,180340
9902,235176
9902,253043
9902,278235
2260,2337
2260,739
2260,6443
2260,6444
2260,6071
2260,14576
2260,14638
2260,18035
2260,33841
2260,184988
2260,232090
18385,4721
18385,6383
18385,33476
18385,33683
18385,240119
584,416
584,1568
584,830
584,999
584,9666
584,12670
584,286354
1088,269
1088,1412
1088,1158
1088,941
1088,697
1088,270
1088,4676
1088,2386
1088,2658
1088,2667
1088,2914
1088,3131
1088,4707
1088,4677
1088,4678
1088,6337
1088,156597
1088,187056
1088,226180
1088,235539
1088,322242
5921,1522
5921,10322
5921,9748
5921,155573
5921,183528
43239,4344
43239,165643
32140,2805
32140,162328
32140,248915
14676,4720
14676,10322
14676,155697
14676,158175
14676,179060
14676,188154
14676,188156
78281,703
78281,4434
78281,10941
78281,13027
78281,187056
21717,1930
21717,1556
21717,2752
21717,11333
29425,1415
29425,1865
29425,6898
29425,904
29425,9826
29425,14673
29425,14760
29425,17995
29425,34079
29425,161249
29425,188957
29425,188959
29425,220908
28503,1786
28503,3098
28503,41171
28503,41351
28503,160588
28503,164218
28503,233450
59950,4003
59950,8250
5920,1335
5920,7312
5920,10037
5920,14725
5920,206467
5920,242128
51391,1196
51391,11038
51391,9826
51391,11734
51391,33519
51391,33722
51391,207240
51391,228489
26593,798
26593,2052
26593,1556
26593,10786
33564,6981
33564,8181
33564,10226
33564,11827
33564,156866
33564,225840
43361,708
43361,2676
43361,4717
43361,6954
43361,12999
43361,15166
43361,15321
6646,1454
6646,2041
6646,818
6646,3478
6646,4418
6646,6956
6646,11088
6646,12988
6646,41599
6646,157898
6646,160279
6646,165369
6646,345024
29514,3030
29514,1003
29514,977
29514,5332
29514,3298
29514,3363
29514,7464
29514,9706
29514,12377
29514,13153
38720,922
38720,2070
38720,4123
38720,193572
147729,409
147729,7323
147729,9902
147729,18165
147729,18330
147729,155296
147729,221355
147729,344040
38732,395
38732,1819
38732,1896
38732,5900
38732,2673
38732,3098
38732,3591
38732,4542
38732,6840
38732,1897
38732,9826
38732,12441
38732,33601
38732,160522
15462,1228
15462,4344
15462,12670
15462,33585
15462,156401
15462,164246
15462,171667
15462,197702
15462,210605
15462,229396
15462,254834
15462,259376
15462,280227
22386,885
22386,131
22386,6876
22386,9433
22386,10050
22386,11869
22386,165576
22386,181050
22386,215565
22386,244886
22386,253885
22386,279550
22386,296608
22386,316130
22386,325929
43828,4204
43828,12999
43828,26904
11145,1019
11145,2673
11145,3524
11145,9673
11145,155291
32328,977
32328,11477
47715,11800
47715,235736
47715,245446
47715,257714
47715,311493
29586,4224
29586,12999
12629,258
12629,1653
12629,2944
12629,13015
12629,34094
12629,205710
111815,236
111815,818
111815,10909
111815,11016
111815,15161
111815,154796
111815,184422
111815,207883
111815,238024
111815,242661
111815,281424
111815,281588
111815,325929
111815,325930
25381,18044
25381,168093
25381,180235
25381,361687
38800,15225
38800,172879
38800,184975
38800,187332
21027,33476
21027,160977
37264,520
37264,9799
37264,10920
37264,178636
11890,4480
11890,4427
36807,3616
36807,6496
36807,9661
18721,1321
18721,4542
18721,9656
18721,6144
18721,9880
18721,10950
18721,15225
18721,180808
18721,186391
18721,189390
18721,198735
18721,206691
18721,207928
18721,232203
18721,249157
18721,280884
18721,314221
18721,333316
37662,5215
37662,548
37662,5905
37662,5339
37662,10235
37662,9180
37662,11004
37662,10809
37662,156091
37662,163865
37662,207597
11916,75
11916,1411
11916,2940
11916,6956
11916,13129
11916,18087
11916,18118
11916,33625
11916,185441
11916,222121
11916,229407
11916,256711
14551,797
14551,642
14551,2284
14551,6062
14551,6093
14551,11112
14551,9897
14551,10261
14551,11836
14551,14852
14551,159743
14551,166529
14551,168547
14551,188235
34759,212
34759,156205
34759,162066
34759,318730
51426,1956
51426,158780
42986,33476
42986,33479
26317,2111
26317,3232
26317,12999
26317,33896
26317,154802
26317,169734
26317,186450
26317,207876
26317,212968
26317,220141
26317,224427
26317,256354
26317,283800
26317,297181
26317,315053
43490,5299
43490,4679
43490,1956
43490,5499
43490,15248
43490,231245
40683,339
40683,1956
40683,3365
40683,9525
8092,931
8092,818
8092,641
8092,2350
8092,3296
8092,5625
8092,9672
8092,6669
8092,10235
8092,33457
8092,158455
8092,208611
8092,229663
8092,233676
8092,267422
18200,5265
18200,470
18200,1956
18200,9156
15925,1191
15925,158547
15925,248667
32087,1956
32087,4595
32087,5387
32087,10181
32087,12999
32087,185005
32087,198423
290,612
290,776
290,1583
290,886
290,888
290,10226
290,12670
290,207268
290,207883
11463,1956
11463,9672
11463,10237
11463,159862
11463,207883
11463,219408
11463,229917
11463,251579
11463,251580
2470,931
2470,6078
2470,1806
2470,2683
2470,6038
2470,9673
2470,9826
2470,13065
2470,14794
2470,155870
42640,787
42640,156764
42640,158328
42640,160522
42640,184975
42640,190423
42640,197881
42640,207928
42640,209139
42640,232766
42640,234572
42640,237964
42640,255574
44043,5265
30462,5901
30462,3529
30462,155841
1403,818
1403,4616
1403,5469
1403,10322
1403,12965
1403,183886
10243,2322
10243,2803
10243,3203
10243,7041
10243,8468
10243,10617
10243,12617
10243,18034
10243,33457
10243,200918
10243,209792
10243,309974
10243,325761
10243,325762
10243,325764
10243,325765
10243,325770
10243,325775
10243,325807
42541,242
42541,12094
42541,207459
37103,745
37103,1956
37103,9525
37103,11001
37103,11823
37103,157008
37103,158780
37103,170007
46059,14604
46059,40903
46059,156236
40085,1415
40085,818
40085,2692
40085,5372
40085,10235
40085,11518
40085,11363
40085,14514
40085,14783
40085,15233
40085,18732
40085,154796
40085,156104
40085,156866
40085,160742
40085,187261
40085,226774
40085,236508
40085,240119
40085,240303
40085,245264
40085,245796
40085,321721
47684,2041
47684,5420
47684,14985
47684,15097
47684,157192
47684,229759
2263,5600
2263,3012
2263,6148
2263,1417
2263,1327
2263,3441
2263,2852
2263,254459
6523,1321
6523,4542
6523,9880
2527,966
2527,2123
2527,697
2527,3344
2527,39737
2527,155845
2527,155963
18780,818
18780,1956
18780,9672
18780,6790
18780,12999
18780,160861
18780,195862
18780,210434
18780,233857
18780,233957
18780,311315
19728,548
19728,74
19728,2504
19728,3779
19728,15089
19728,18103
19728,168615
19728,179670
19728,182185
19728,186212
19728,186535
19728,189408
19728,191004
19728,207414
19728,208189
19728,215184
19728,223328
19728,233134
19728,234078
19728,251411
19728,320431
26205,1956
26205,5565
26205,6165
26205,11489
26205,12999
26205,18034
26205,161234
26205,177771
26205,189126
26205,223177
26205,241930
26205,255429
26205,311315
26205,325785
26205,325827
26205,325853
3009,211
3009,818
3009,6148
3009,3679
3009,738
3009,2340
3009,4565
3009,1755
3009,3307
3009,9887
3009,11038
3009,10705
3009,11297
3009,10507
3009,14765
3009,15271
3009,33519
3009,158455
3009,164193
3009,173083
3009,186782
3009,189931
3009,193554
3009,201064
3009,211823
3009,221188
3009,222519
3009,241779
3009,251667
3009,268806
3009,281363
3009,284631
3009,286954
3009,302211
3009,310107
3009,310331
3009,325763
3009,339700
6643,4932
6643,380
6643,1556
6643,10322
6643,9454
6643,12425
6643,188071
18972,534
18972,2020
18972,2940
18972,33344
18972,156234
18972,163188
18972,231870
14817,271
14817,3015
14817,164246
14817,234713
14817,320420
41426,796
41426,542
41426,318
41426,2426
41426,10123
41426,4379
41426,4470
41426,7153
41426,9826
41426,11734
41426,33847
41426,156486
41426,158431
41426,160925
41426,169086
41426,171453
41426,191045
41426,191731
41426,195241
41426,196982
41426,213742
41426,228477
41426,254630
41426,256004
41426,267722
41426,267923
41791,2356
41791,531
41791,787
41791,7404
41791,10131
41791,10194
41791,12425
41791,162701
41791,187056
41791,214682
41791,259038
41791,309603
41791,324429
49842,1157
49842,128
49842,2311
49842,9249
49842,14522
49842,155845
49842,178977
49842,189402
49842,207317
49842,222063
49842,229411
49842,231501
49842,255656
41670,242
41670,6149
41670,1568
41670,1384
41670,6256
41670,703
41670,2804
41670,11112
41670,9826
41670,11001
41670,162710
41670,207268
30708,9777
30708,11207
30708,226774
38765,75
38765,2693
38765,4690
38765,9656
38765,10176
38765,15225
38765,159289
38765,160522
38765,160799
38765,164246
38765,166552
38765,172139
38765,180795
38765,202371
38765,220096
38765,221091
38765,239924
38765,273294
38765,284687
38765,309686
38765,325772
38765,332927
29627,3278
29627,12193
29627,34079
29627,155744
29627,208424
36372,212
36372,1664
36372,5902
36372,13059
36372,33702
36372,34038
36372,156731
30529,972
30529,1631
30529,1956
30529,9672
30529,14641
24073,10453
24073,10391
24073,13068
2071,1326
2071,1453
2071,4183
2071,582
2071,1284
2071,483
2071,3301
2071,4585
2071,5406
2071,11469
2071,11677
2071,11612
2071,13063
2071,155790
2071,207268
2071,227684
43516,254
43516,548
43516,818
43516,745
43516,2335
43516,2618
43516,5565
43516,10629
43516,11001
43516,14765
43516,18396
43516,155623
43516,165470
43516,178611
43516,207928
43516,251424
43516,268016
33638,934
33638,9503
33638,10909
32489,612
32489,9673
32489,15290
32489,164641
32489,165676
32489,191786
32489,207876
48864,2981
48864,15479
48864,179867
10152,6054
10152,390
10152,2393
10152,10855
31246,4344
11375,897
11375,1568
11375,2708
11375,3713
11375,3149
11375,9823
11375,12396
11375,12670
11375,15009
11375,161982
11375,219404
11375,267608
16311,642
16311,5301
16311,4779
16311,7340
16311,9016
16311,9956
16311,9890
16311,15363
16311,18035
16311,18118
16311,160303
16311,223165
18300,9799
18300,187056
185465,190756
17813,585
17813,818
17813,395
17813,1680
17813,5305
17813,5914
17813,9673
17813,10050
17813,10818
17813,13028
17813,15145
17813,155251
17813,188259
17813,191786
17813,212884
17813,317226
17813,345018
94996,6435
94996,11615
94996,258533
42995,818
42995,2863
42995,582
42995,1930
42995,11259
42995,14557
42995,14903
42995,15076
42995,15363
42995,161966
42995,167876
42995,168359
42995,170336
42995,170646
42995,185952
42995,197645
42995,207122
42995,220449
42995,243521
42995,254226
42995,263443
42995,272551
42995,280940
42995,324387
4708,254
4708,90
4708,74
4708,836
4708,1956
4708,9904
4708,12999
4708,13519
4708,155852
4708,162365
4708,164889
4708,189422
4708,200400
4708,221285
4708,234492
4708,241930
4708,257237
4708,258077
4708,273967
4708,279911
4708,280227
4708,293846
4708,349614
4708,359247
4708,361209
35068,339
35068,1956
35068,9748
35068,159306
35068,161240
35068,161242
42511,90
42511,4319
42511,10181
42511,9714
42511,11322
42511,154802
42511,160279
42511,164092
42511,208570
42511,241738
42511,258300
35669,3133
35669,770
35669,5545
35669,15032
35669,162729
35669,188959
35669,214712
49584,5656
49584,5657
49584,1326
49584,1253
49584,6038
49584,9713
49584,14534
49584,14964
49584,187056
49584,201689
170,5600
170,444
170,212
170,1375
170,1420
170,4458
170,4884
170,9744
170,10349
170,10124
170,11612
170,12377
170,14707
170,14765
170,14837
170,17995
170,162365
170,188957
170,202760
170,208418
170,238332
170,325818
170,359337
9471,779
9471,642
9471,4654
9471,470
9471,1308
9471,9990
9471,4289
9471,10291
9471,12670
9471,156525
9471,164246
9471,168003
9471,269769
9471,293649
9471,311315
9471,320420
9471,325761
9471,325762
9471,325856
12800,9833
12800,167043
12800,187056
12800,234191
12800,240165
44562,12394
44562,162810
44562,164193
44562,292796
9581,6149
9581,2708
9581,271
9581,13072
9581,17997
9581,33705
117179,170827
15486,3170
15486,184783
15486,184784
216,1157
216,6059
216,970
216,74
216,1490
216,525
216,7204
216,2437
216,157799
216,209966
216,282667
47676,1859
47676,3306
47676,7312
47676,9673
47676,9713
47676,10332
45139,186
45139,2618
45139,3571
45139,3036
45139,11001
45139,170335
45139,192947
45139,222184
45139,222185
45139,253695
45139,281237
45139,281585
44736,3799
44736,5895
44736,9995
44736,235499
18569,1009
18569,6038
18569,10909
52758,9672
52758,9807
52758,156121
52758,171989
52758,224411
38171,7376
38171,1453
38171,1284
38171,4849
38171,5565
38171,159422
38171,207876
38171,321344
61225,6075
61225,1480
61225,6165
18886,2957
18886,2532
18886,4410
18886,10168
18886,18543
18886,33702
18886,325791
24109,155457
19957,113
19957,1400
19957,1938
19957,3966
19957,3968
19957,9725
19957,10982
19957,15140
19957,34067
19957,41406
19957,157186
19957,177128
42176,6075
42176,2792
42176,9799
42176,158194
42176,176220
42176,229298
42176,234725
39231,1495
39231,9799
39231,11836
39231,155457
39231,165547
39231,283953
18722,233
18722,1480
43039,549
43039,1200
43039,166233
43039,278802
40634,6148
40634,550
40634,1972
40634,2801
40634,10181
40634,9826
20645,1815
20645,2528
20645,158642
20645,164039
20645,181089
20645,244247
20645,267019
20645,267659
20645,273297
33454,4319
33454,175245
19753,4319
19753,15016
19753,326547
11482,236
11482,90
11482,1284
11482,6259
11482,2340
11482,3298
11482,3394
11482,6623
11482,10226
11482,11320
11482,11323
11482,12090
11482,12565
11482,33347
11482,154900
11482,155289
11482,161031
11482,163933
11482,163957
11482,172935
11482,174913
11482,176425
11482,184546
11482,199079
11482,226769
11482,239085
11482,240429
11482,295907
70912,3012
70912,1468
70912,5160
70912,10123
70912,33505
70912,40931
70912,41407
70912,258300
42492,271148
42492,271149
6949,612
6949,934
6949,3713
6949,582
6949,4630
6949,155457
6949,198762
6949,208460
6949,217926
6949,232309
1927,387
1927,1299
1927,1402
1927,2766
1927,582
1927,1419
1927,9715
1927,1718
1927,4375
1927,2800
1927,3695
1927,9717
1927,8570
1927,12393
1927,13005
1927,13073
1927,14760
1927,15162
1927,18034
1927,18047
1927,157344
1927,162365
1927,163074
1927,163207
1927,179102
1927,184987
1927,222797
1927,269233
10327,521
10327,6078
10327,1680
10327,2686
10327,6946
10327,9663
10327,9749
10327,9898
10327,10909
10327,186526
10327,211000
10327,217020
10327,231198
14411,3071
14411,7994
14411,10777
14411,41599
14411,191012
14411,252696
296,312
296,310
296,83
296,2650
296,679
296,1373
296,4565
296,2651
296,2732
296,2735
296,2736
296,3289
296,4379
296,15106
296,33556
296,166726
296,192094
296,219404
296,256328
296,269233
302,3737
302,5600
302,212
302,548
302,818
302,1552
302,2200
302,1649
302,1655
302,1731
302,1732
302,8181
302,3993
302,9826
302,10818
302,13028
302,14964
302,207767
302,211677
302,229959
302,237086
302,293198
22,1318
22,1321
22,911
22,5744
22,4062
22,3266
22,4107
22,12988
22,157186
22,160279
22,167861
22,179430
22,185200
22,224626
22,235626
22,279987
22,320420
22,325810
22,325811
46993,824
46993,640
46993,158718
46993,252051
8698,83
8698,339
8698,110
8698,4978
8698,9717
8698,10028
8698,33637
8698,156033
8698,169378
8698,191409
8698,191439
8698,204030
8698,210701
8698,220815
8698,232533
8698,252596
8698,261209
8698,271162
8698,272742
8698,325769
554,6054
554,6059
554,128
554,6057
554,6062
554,1627
554,2568
554,2806
554,2807
554,2820
554,2821
554,15016
554,163080
554,171054
554,174638
17920,380
17920,818
17920,3098
17920,214548
17920,240303
17920,242689
40947,642
40947,514
40947,744
40947,1253
40947,1946
40947,10325
40947,5167
40947,8015
40947,13059
40947,169993
40947,187056
40947,207863
40947,208748
40947,221227
40947,258533
8961,3391
8961,416
8961,4654
8961,701
8961,529
8961,1930
8961,975
8961,1666
8961,1941
8961,3230
8961,7963
8961,9663
8961,10950
8961,15011
8961,18026
8961,18067
8961,156805
8961,163589
8961,167316
8961,178849
8961,202371
8961,219404
8961,222863
8961,226380
8961,243611
8961,309974
8961,311315
8961,324599
8961,325812
17403,6270
17403,970
17403,10809
17403,12392
17403,15160
17403,18425
17403,184439
17403,187056
17403,188237
17403,246466
9486,1701
9486,3739
9486,470
9486,2051
9486,2011
9486,2505
9486,4289
9486,9253
9486,11931
9486,14601
9486,33705
9486,33707
9486,179431
20439,227148
3472,612
3472,212
3472,549
3472,1406
3472,2173
3472,2294
3472,3014
3472,6147
3472,185009
3472,221749
3472,287884
35265,459
35265,128
35265,9719
35265,10048
35265,171808
35265,187224
35265,207268
35265,209902
35265,234760
35265,245063
35265,262497
41453,190446
41453,253907
68927,690
68927,188953
11894,5600
11894,960
11894,4954
11894,7579
11894,10329
11894,12987
11894,195889
11894,303297
11894,323809
11894,325783
20726,6075
20726,5621
20726,254877
24558,720
24558,1552
24558,6373
12649,242
12649,8201
44916,1016
44916,818
44916,1262
44916,2805
44916,2982
44916,4498
44916,4636
44916,18035
44916,163998
44916,168386
44916,177104
44916,180124
44916,226747
44916,238486
44916,281588
44916,325929
44916,326695
24356,736
24356,6029
24356,2570
24356,4344
1996,1456
1996,1865
1996,2682
1996,483
1996,2695
1996,1200
1996,2475
1996,3070
1996,3521
1996,5964
1996,6956
1996,5127
1996,5962
1996,9895
1996,10503
1996,11322
1996,12354
1996,14555
1996,14760
1996,14785
1996,41185
1996,41586
1996,41645
1996,155697
1996,162344
1996,163403
1996,190636
1996,225136
1996,258029
1996,265270
1996,308477
4464,818
4464,643
4464,2355
4464,2673
4464,3525
4464,5571
4464,9672
4464,154867
4464,190883
4464,190884
4464,214548
12279,10364
12279,310
12279,282
12279,2434
12279,3650
12279,4289
12279,195733
12279,269958
9104,6092
9104,417
9104,818
9104,74
9104,292
9104,2449
9104,2671
9104,2375
9104,5340
9104,10123
9104,6417
9104,10786
9104,9826
9104,14964
9104,161249
9104,186447
9104,208289
33339,5767
33339,4344
33339,10683
33339,158718
54580,3799
54580,514
54580,9713
54580,186804
54580,186805
4613,2492
4613,6021
12530,2041
12530,697
12530,131
12530,10181
21882,5265
21882,9663
21882,156121
21882,245835
29805,658
29805,258
29805,1336
29805,11095
29805,15271
24993,779
24993,797
24993,6075
24993,1721
24993,9663
24993,9748
24993,219404
53021,3590
53021,9639
430,378
430,2110
430,220
430,592
430,1443
430,2106
430,3725
430,2111
430,2113
430,2137
430,6587
430,6588
430,13027
430,34061
430,41185
430,250686
430,325776
430,325782
430,356651
123833,187056
5185,191143
5185,205971
5185,229440
5185,273879
10553,2547
10553,33705
10553,159716
10553,282758
21512,2964
21512,779
21512,6075
21512,4565
21512,4458
21512,9748
21512,18034
21512,18543
21512,325775
21449,470
21449,11931
4984,417
4984,6212
4984,1522
4984,160058
8273,1459
8273,380
8273,11327
8273,772
8273,2874
8273,3405
8273,8070
8273,13027
8273,164246
8273,170827
8273,196499
8273,225984
8046,791
8046,242
8046,1930
8046,1936
8046,3045
8046,4663
8046,11578
287811,158718
287811,190200
287811,258533
48967,2570
8094,745
8094,7665
8094,9672
8094,7412
8094,9332
8094,10886
8094,10850
8094,11001
8094,13006
8094,14985
8094,18339
8094,18396
8094,34126
8094,41600
8094,155794
8094,156592
8094,165470
8094,208992
8094,212915
8094,288876
26195,1326
26195,2199
26195,33780
26195,40865
26195,156866
10330,6270
10330,6029
10330,380
10330,641
10330,3741
10330,2281
10330,3582
10330,5133
10330,5875
10330,6170
10330,13027
10330,15106
10330,33721
10330,155722
10330,163069
10330,198929
10330,240315
125952,187056
9257,2434
9257,3543
9257,5422
9257,12670
9499,1326
9499,254
9499,6149
9499,2102
9499,2679
9499,5159
9499,5933
9499,6563
9499,5923
9499,3692
9499,9094
9499,9673
9499,10968
9499,14893
9499,33513
9499,162710
15292,5349
15292,1524
15292,6075
12491,549
12491,642
12491,588
12491,1667
12491,12987
27814,3298
27814,6782
27814,9377
27814,156827
27814,157634
27814,164605
27814,168811
27814,177489
27814,186815
27814,207889
27814,208289
27814,208748
27814,236942
27814,236944
27814,283085
27814,352179
41206,41410
41206,178977
41206,180393
41206,227947
41206,239892
33954,588
33954,2035
33954,8201
33954,4639
33954,40821
48364,3037
48364,4280
48364,5638
48364,2456
48364,10144
48364,10939
48364,12425
48364,15106
48364,33720
48364,160364
48364,161255
48364,184185
48364,191434
48364,193696
48364,214780
48364,235261
48364,244724
48364,245064
48364,252067
48364,338613
48364,339408
23395,387
23395,818
23395,2673
23395,2752
23395,5734
23395,14527
24192,6150
24192,186
24192,5565
24192,12999
24192,230097
10237,428
10237,4129
10237,2075
10237,5444
10237,9672
10237,10453
10237,9826
10237,10714
10237,207883
10237,233496
10237,289985
833,6059
833,588
833,2300
833,964
833,1899
833,6125
833,4193
833,6432
833,10938
833,11612
833,12999
833,15162
833,158390
833,172971
833,208408
833,252193
42470,818
42470,630
42470,191600
3101,1326
3101,1157
3101,10123
3101,3248
3101,4735
3101,9672
3101,225410
3101,225581
3101,293203
6466,586
6466,4426
6466,6259
6466,9720
6466,9826
6466,10776
6466,10089
6466,10714
6466,12339
6466,14676
6466,161794
6466,256183
20210,6054
20210,390
20210,6075
20210,5398
20210,7312
20210,18034
20210,161643
20210,167882
20210,178873
20210,178887
20210,228192
20210,250820
2055,75
2055,680
2055,2673
2055,5701
2055,6174
2055,9748
2055,10950
2055,13005
2055,15225
2055,18171
2055,155291
2055,163102
2055,185441
2055,207928
2055,208112
2055,232766
2055,251865
2055,312898
11770,779
11770,780
11770,6075
11770,11139
11770,1485
11770,5400
11770,9390
11770,13042
11770,244382
14926,242
14926,2341
2771,5565
2771,9717
2771,175329
2771,175331
2771,175336
2771,175339
2771,175340
2771,175343
2771,175345
2771,175357
2771,187056
2771,327617
1778,206441
44408,187056
10923,6270
10923,779
10923,591
10923,4654
10923,470
10923,1373
10923,4779
10923,5801
10923,4289
10923,11870
10923,183169
10923,188178
10923,213102
17745,5767
17745,970
17745,3202
79888,4129
79888,5248
79888,193594
114776,745
21989,6075
21989,159558
21989,195732
18573,2546
18573,242
18573,2564
18573,10326
18573,6317
18573,9714
18573,10124
18573,10771
18573,157676
18573,164218
18573,173245
18573,203476
18573,233450
18573,236170
18573,237363
18573,361850
37451,478
37451,440
37451,5565
37451,9672
37451,191915
37451,214548
37451,248509
41759,15127
41759,15162
41759,208162
37227,242
37227,818
37227,351
37227,5160
37227,6095
37227,10022
37227,189359
37227,206850
37227,208918
37227,222354
37227,228285
48791,33407
48791,174666
80047,223106
41944,818
41944,3616
41944,34262
41944,206443
8992,387
8992,3616
8992,7312
8992,8181
8992,33472
35371,390
35371,3691
35371,9823
35371,10726
35371,325809
19053,567
19053,4470
19053,9673
19053,9713
19053,14964
19053,187056
19053,201269
19053,201270
11206,6149
11206,1003
11206,2671
11206,11112
11206,9826
11206,10226
11206,33630
11206,164092
11206,213833
49762,9862
49762,33480
49762,156799
30970,2356
30970,90
30970,177927
13154,1794
13154,12670
13154,18098
18148,1357
18148,966
18148,1566
18148,1009
18148,732
18148,970
18148,6057
18148,1422
18148,5320
18148,1438
18148,1480
18148,1517
18148,6069
18148,2097
18148,2251
18148,6038
18148,4262
18148,3734
18148,4948
18148,6954
18148,10235
18148,10508
18148,10938
18148,9812
18148,10873
18148,12369
18148,12999
18148,210475
18148,249237
18148,296479
18148,361977
54898,90
54898,385
54898,6876
54898,9840
54898,14714
54898,233606
54898,291823
636,378
636,9678
636,2964
636,6104
636,6149
636,4565
636,1803
636,1972
636,2137
636,3236
636,3237
636,3249
636,12565
636,357496
636,362404
3055,242
3055,818
3055,1803
3055,10229
3055,14964
3055,162813
40920,243575
54986,232421
43048,818
43048,388
43048,4408
43048,5947
43048,46962
43048,158987
43048,188645
43048,219855
43048,234722
11898,378
11898,931
11898,818
11898,924
11898,351
11898,4129
11898,2125
11898,10123
11898,3497
11898,4235
11898,5493
11898,10229
11898,12999
11898,14676
11898,161506
11898,226325
11898,234626
11898,236170
11898,309426
11898,309974
26225,2708
26225,1419
26225,8442
26225,10093
26225,14708
26225,14765
26225,33719
26225,155244
26225,155245
14881,155291
14881,163656
14881,163671
14881,163674
14881,163676
14881,163678
26198,2652
26198,1799
26198,15001
26198,177895
35072,339
35072,240476
35072,240477
35072,317204
43226,233
43226,3243
43226,2345
43226,9951
43226,9882
43226,10891
43226,12553
43226,14909
43226,161791
43226,186497
43226,191256
43226,317204
44585,1382
44585,6380
44585,12101
44585,15167
44585,210111
35073,242
35073,1815
35073,11100
35073,8721
35073,9741
35073,10121
35073,12616
35073,12999
35073,33696
35073,156866
9051,966
9051,534
9051,1599
9051,2676
9051,6711
9051,6038
9051,9840
9051,9673
9051,33475
9051,325783
9362,1415
9362,1197
9362,2103
9362,9743
9362,11004
9362,13031
9362,14991
9362,158064
9362,158070
9362,158071
9362,162536
9362,251620
9362,252179
9362,325765
9362,325766
9362,335868
9362,335869
9362,346621
19542,1691
19542,1605
19542,212
19542,1346
19542,1233
19542,4118
19542,10551
19542,238526
936,9253
936,159548
936,159560
936,159574
936,174539
936,209673
936,308136
936,325815
12268,6149
12268,10318
10999,5600
10999,1721
10999,1930
10999,3070
10999,3568
10999,11107
10999,5905
10999,4595
10999,12371
10999,12670
10999,13015
10999,164246
10999,219404
33521,3133
33521,4924
33521,9714
33521,15032
33521,261274
4593,4529
4593,1566
4593,3030
4593,213
4593,248
4593,2149
4593,5333
4593,2637
4593,1946
4593,3307
4593,4029
4593,8201
4593,9887
4593,12997
4593,13015
4593,33719
4593,173083
4593,231173
4593,232130
4593,236316
4593,309974
4593,316204
34044,1812
34044,6158
34044,162199
34044,238706
34044,331643
12276,478
12276,4480
12276,3739
12276,697
12276,1909
12276,5331
12276,9856
12276,9872
12276,34079
12276,208518
3782,3737
3782,233
3782,211
3782,965
3782,6049
3782,1438
3782,1759
3782,2875
3782,5500
3782,6953
3782,6954
3782,9957
3782,11923
3782,12999
3782,14522
3782,34262
3782,156112
3782,177755
3782,208997
3782,217992
3782,223019
3782,237795
3782,244133
3782,297223
3782,319176
3782,319179
3782,323809
3782,357975
3782,357976
36629,5451
36629,9823
36629,12352
36629,12353
2891,6255
2891,2658
2891,4924
2891,10508
2891,11857
2891,10818
2891,14641
2891,187056
12722,537
12722,4689
12722,4747
12722,5565
12722,7202
12722,7348
12722,157384
12722,174406
12722,227302
12722,234765
12722,260216
12722,326465
12722,327509
12722,336633
26246,1002
26246,1812
26246,2398
26246,2421
26246,10322
26246,11038
26246,7002
26246,10950
26246,13129
124839,6078
124839,490
124839,14893
124839,215603
20815,11196
20815,2964
20815,1329
20815,570
20815,818
20815,10685
20815,2340
20815,4565
20815,2831
20815,4411
20815,7638
20815,11718
20815,18070
20815,161166
20815,163045
20815,165259
20815,178712
20815,190334
19433,2157
19433,1576
19433,4950
19433,176638
19433,196390
19433,210034
19433,215267
19433,215268
19433,237481
19433,263431
19433,263433
19433,278443
19433,341953
19433,341954
19433,343021
19433,361150
19433,361157
19433,361158
19433,361159
99006,970
99006,582
99006,3276
99006,15137
99006,187056
99006,190178
99006,226543
48464,4728
48464,8079
48464,174803
48464,174809
48464,174813
48464,174814
48464,174818
7504,818
7504,7947
7504,15060
7504,187056
7504,192050
7504,207883
7504,234297
513,1862
513,1326
513,1157
513,2692
513,6194
513,9833
513,10180
513,14636
513,158718
513,187056
6619,110
6619,1233
6619,1523
6619,3258
6619,6876
6619,7728
6619,10180
6619,17995
6619,18068
6619,34130
6619,157096
6619,165836
6619,305942
6619,325065
10610,1456
10610,779
10610,2650
10610,4978
10610,703
10610,6211
10610,4391
10610,6506
10610,6710
10610,9253
10610,14955
10610,33637
10610,177912
10610,179102
10610,192913
10610,219404
21413,6270
21413,5923
21413,10624
21413,10141
21413,158470
21413,164296
38874,1721
38874,290
38874,2792
38874,6154
38874,3036
38874,4116
38874,11061
33255,6974
33255,159290
33255,178873
33255,187056
178675,34214
178675,158718
178675,199911
11351,4932
11351,1299
11351,970
11351,4978
11351,4402
11351,3151
11351,5905
11351,5457
11351,8635
11351,9748
11351,33910
11351,166287
11351,210162
11351,325765
11351,325825
333,4327
333,3817
333,941
333,4227
333,10855
333,13027
333,18035
333,187056
333,215200
30246,187056
22200,9673
22200,10228
22200,10229
2722,1326
2722,2848
2722,4115
2722,2864
2722,14534
2722,155790
27090,6270
27090,236
27090,1653
27090,4426
27090,1419
27090,1849
27090,5664
27090,9897
27090,9748
27090,14707
27090,156316
27090,165746
27090,171676
27090,232766
27090,276164
27090,310324
13778,3090
13778,5561
13778,6562
13778,12396
13778,14530
13778,18035
13778,33928
13778,155620
13778,157774
9616,588
9616,483
9616,716
9616,5340
9616,2626
9616,3271
9616,7412
9616,10063
9616,10093
9616,11001
9616,12565
9616,157008
9616,161207
9616,161218
9616,171493
9616,172762
9616,204017
9616,241580
55015,6270
55015,171676
1415,612
1415,242
1415,818
1415,6149
1415,1421
1415,697
1415,1822
1415,2334
1415,3298
1415,3230
1415,5638
1415,2441
1415,4958
1415,9713
1415,10594
1415,14964
1415,325810
11547,1889
11547,3616
11547,4399
11547,4748
11547,6876
11547,9720
11547,10776
11547,10376
11547,14673
11547,14675
11547,40895
11547,188957
11547,201785
11547,283085
7270,5600
7270,818
7270,970
7270,3202
7270,9834
7270,11036
7270,15009
7270,155445
7270,175357
1428,591
1428,534
1428,417
1428,6285
1428,9748
1428,10176
1428,13067
1428,14548
1428,14575
1428,14600
1428,14707
1428,18026
1428,217064
1428,319922
1428,332774
17906,2315
17906,4742
17906,9704
17906,10100
17906,6224
153,922
153,596
153,233
153,6059
153,213
153,3490
153,965
153,1003
153,1004
153,1005
153,1007
153,1463
153,1895
153,1599
153,4232
153,9957
153,12369
153,14669
153,164246
153,167982
153,179430
153,187056
153,239187
153,269808
153,271944
153,281659
153,325824
33320,233
33320,478
33320,2849
33320,3307
33320,3521
33320,10535
33320,15126
33320,158086
33320,161919
33320,162262
33320,169878
33320,190446
33320,194424
33320,203399
33320,207819
33320,210024
33320,230462
33320,234165
33320,246610
33320,295902
33320,322942
15136,779
15136,2157
15136,1335
15136,10201
15136,10975
15136,10976
15136,10237
15136,11322
15136,13125
15136,15050
15136,18432
15136,33462
15136,155531
15136,157202
15136,157203
15136,157210
15136,157213
15136,157215
15136,157218
15136,157222
15136,157237
15136,157238
15136,157239
15136,157241
15136,157256
61054,2389
61054,1415
61054,3133
61054,10508
61054,10560
61054,41380
4703,4034
4703,9840
4703,10703
4703,14514
4703,15060
4703,186849
4703,222820
4703,276235
29507,233
29507,5301
29507,6172
29507,10902
29507,9935
29507,187056
14603,1691
14603,5430
14603,11687
14603,10291
14603,12371
10617,779
10617,780
10617,1701
10617,478
10617,12337
10617,207928
10617,236217
10618,779
10618,780
10618,1705
10618,478
10618,12337
10618,14731
10618,173162
10618,185466
10619,779
10619,780
10619,478
10619,12337
10619,14731
10619,158217
10619,185466
10619,254796
11293,6054
11293,3739
11293,5900
11293,3036
11293,3202
11293,3473
11293,5571
11293,6894
11293,7312
11293,7658
11293,12999
11293,159608
11293,208185
36759,992
36759,11428
36759,4746
36759,14544
36759,14604
36759,155482
36759,155483
36759,156190
38960,5903
38960,11469
19383,1589
19383,422
19383,10339
19383,9826
19383,10714
19383,12355
19383,12670
19383,17987
19383,155507
19383,162262
53650,6078
53650,167475
53650,191027
53650,235476
40775,1680
40775,10909
40775,11718
40775,187321
40775,207928
9584,796
9584,828
9584,6149
9584,3713
9584,1721
9584,3306
9584,4108
9584,9844
9584,7312
9584,9276
9584,10776
9584,41011
9584,155497
9584,155498
9584,155499
9584,216079
8408,1196
8408,6255
8408,2321
8408,9714
8408,10478
8408,12377
8408,157351
8408,186565
8408,202334
8408,214996
14030,10181
14030,165843
14030,165846
14030,165857
14030,165858
14030,165866
2687,160130
16323,10229
16323,14964
16323,18001
16323,260426
39859,9826
39859,176745
74585,596
74585,1326
74585,588
74585,13008
74585,15321
74585,34094
74585,158199
74585,184345
23325,6092
16790,2551
16790,15162
16790,207834
16790,208152
31579,242
31579,703
40353,1523
40353,9826
40353,13005
40353,155851
40353,173861
40353,186466
40353,186948
40353,235266
23033,1454
23033,4809
23033,5332
23033,2526
23033,3891
23033,9748
23033,10787
23033,14636
23033,191574
23033,209370
23033,232116
23033,233001
23033,240640
23033,267848
23033,284176
23033,319036
19064,3133
25241,1415
25241,931
25241,128
25241,1523
25241,3760
25241,3528
25241,2495
25241,11004
25241,14755
25241,156091
25241,224873
25241,235601
25241,237516
43041,818
43041,787
43041,14906
43041,207928
28942,4227
28942,1852
28942,4375
28942,11268
28942,15160
28942,203360
28942,206850
37025,818
37025,100
37025,3071
37025,5369
37025,9758
37025,7537
37025,160364
37025,161891
37025,190285
37025,208244
37025,220649
10739,2833
10739,3485
10739,5625
10739,5999
10739,202401
12767,627
12767,1655
12767,9826
12767,243932
12767,323114
12767,335362
22309,2409
22309,9799
22309,325781
13156,4932
13156,1556
13156,2043
13156,10594
13156,10483
13156,159909
13156,164193
13156,242689
277,810
277,2038
277,3133
277,1552
277,6062
277,4197
277,4198
277,9410
277,9823
277,10950
277,12564
277,33505
277,177895
277,228001
277,232469
277,251513
9707,2904
9707,4170
9707,14676
9707,163514
9707,198331
9707,224818
9707,287762
9707,298930
9707,309974
9707,311315
9707,315516
9707,325765
9707,325815
9707,325836
9707,325857
38244,2393
38244,5248
38244,13014
38244,18266
24488,161919
24488,198385
24488,224663
278813,285275
20321,212
20321,2800
17614,536
17614,5947
17614,158718
17614,165614
17614,258533
7288,10123
7288,33467
7288,183896
10159,801
10159,414
10159,1721
10159,6956
10159,5968
10159,8577
10159,10787
10159,264118
10159,325765
10159,325856
10934,894
10934,885
10934,582
10934,1992
10934,3730
10934,13028
10934,14720
10934,15160
10934,18053
10934,18060
10934,161192
10934,187056
10934,192629
10934,194166
10934,278462
10934,281658
10934,293203
10934,295959
10934,311743
10934,313704
10934,315382
54243,220202
5653,2803
5653,4351
5653,14765
5653,161207
5653,192772
5653,200918
5653,208244
5653,236173
5653,325761
5653,325762
321,1862
321,1329
321,1605
321,725
321,700
321,924
321,970
321,10181
321,18035
321,156195
321,192519
321,258533
20,3737
20,5600
20,455
20,4225
20,7879
20,970
20,161944
20,187056
18113,549
18113,3616
18113,10325
18113,5984
18113,11254
18113,11870
18113,160140
18113,170827
18113,191063
18113,207844
18113,208445
5168,1517
5168,2755
5168,2783
5168,2470
5168,6986
5168,5752
5168,7385
5168,10873
5168,18035
9662,254
9662,1930
9662,6951
9662,8633
9662,10391
9662,15162
9662,33473
9662,33474
9662,154802
9662,161919
9662,172972
837,236
837,4563
837,3740
837,2449
837,6255
837,2340
837,4565
837,4227
837,3298
837,9887
837,6373
837,12190
837,12400
837,193594
837,254053
837,254054
837,266753
837,305168
837,325844
20303,187056
19666,548
19666,6075
19666,1627
19666,5331
19666,4344
19666,5399
19666,5719
19666,6128
19666,9672
19666,15060
19666,158217
19666,163095
19666,171070
19666,177359
19666,180492
19666,180999
19666,207928
19666,235774
19666,244284
19666,285485
19666,305021
821,6145
821,2652
821,3012
821,934
821,1631
821,1956
821,3061
821,3068
821,4172
821,11038
821,4441
821,12999
821,214780
37672,922
37672,10181
37672,34094
37672,41406
37672,155870
37672,250941
1358,818
1358,6012
1358,5565
1358,3667
1358,4380
1358,15325
1358,41608
1358,206443
1358,209063
1358,229893
1358,281176
2200,3929
2200,2394
2200,4305
2200,9826
2200,15272
2200,34079
11475,3658
11475,578
11475,1566
11475,2355
11475,2411
11475,3836
11475,4344
11475,9267
11475,163080
11475,167043
776,931
776,90
776,213
776,964
776,3203
776,4029
776,12999
776,33688
40440,4271
40440,242
40440,6029
40440,578
40440,113
40440,11634
40440,18020
40440,156205
40440,164218
40440,173918
40440,248087
16563,380
16563,5301
16563,3582
16563,4010
16563,4344
16563,4498
16563,1897
16563,13027
16563,156866
16563,165913
16563,165914
16563,190107
16563,207928
16563,208590
11703,378
11703,818
11703,6078
11703,1013
11703,10180
11703,13006
11703,158718
11703,258533
891,918
891,736
891,4812
891,521
891,4918
891,6078
891,1437
891,1812
891,2980
891,4240
891,9672
891,10410
891,155744
891,156072
891,325830
891,332169
83714,1441
83714,5570
83714,186933
83714,187056
83714,188345
83714,207317
12531,1326
12531,90
12531,1523
12531,1486
12531,2687
12531,6038
12531,9673
12531,12369
12531,14766
12531,180340
12531,238526
10881,2964
10881,282
10881,1523
10881,4565
10881,2423
10881,6782
10881,10726
10881,12190
10881,14643
10881,18249
10881,159700
10881,189868
10881,198158
10881,202597
10881,202599
11832,964
11832,3447
11832,9907
11832,34068
11832,163976
11832,173162
11832,177790
11832,191485
11832,206713
11832,209125
11832,217930
11832,226184
11832,238424
11832,240624
11832,241738
11832,268363
11832,296852
11832,306467
51300,174638
51300,207928
51300,332933
11806,8841
11806,8874
11806,18035
11806,208152
10438,387
10438,6122
10438,6117
10438,8841
10438,8874
10438,15162
36349,782
36349,642
36349,3713
36349,1419
36349,3149
36349,1366
36349,1812
36349,9917
36349,9727
36349,9748
36349,9826
36349,177185
650,542
650,3149
650,4562
650,2394
650,3261
650,7920
650,205276
650,234469
650,263959
650,266753
650,285387
650,321464
650,325766
650,325780
10337,612
10337,585
10337,2708
10337,6259
10337,5565
10337,9840
10337,10594
10337,10391
10337,12396
10337,14570
10337,160488
10337,207883
8446,242
8446,947
8446,3149
8446,4344
8446,207876
8446,241031
42570,6075
42570,1938
9874,797
9874,542
9874,836
9874,6259
9874,3246
9874,3261
9874,8015
9874,9826
9874,10865
9874,10726
9874,15155
9874,219404
9874,269233
11477,2918
11477,1454
11477,5332
11477,8627
11477,10226
11477,11933
11477,156479
29161,5600
29161,332
29161,6271
29161,6259
29161,1475
29161,703
29161,1223
29161,7665
29161,9826
29161,10714
29161,10809
29161,10873
29161,14805
29161,34061
29161,157972
29161,161982
29161,179878
29161,199322
29161,201674
29161,201676
29161,214613
29161,239182
29161,278737
29161,279453
29161,284176
29161,287950
29161,324713
9501,2708
9501,1721
9501,1794
9501,2679
9501,13072
9501,13141
9501,15127
9501,15155
9501,173162
9501,245230
4543,2875
4543,3485
4543,8201
4543,8708
4543,11687
4543,179430
4543,179431
4543,193172
4543,215195
4543,236316
11046,4654
11046,2652
11046,74
11046,2019
11046,3269
11046,1956
11046,2279
11046,1262
11046,3098
11046,11448
11046,4300
11046,12347
11046,14601
11046,15246
11046,15248
11046,33482
11046,160175
11046,206416
11046,207883
11046,241710
11046,250206
11046,253373
11046,325785
11046,325812
11046,361867
11707,549
11707,2411
11707,10714
11707,14676
11707,15167
7442,793
7442,10685
7442,2029
7442,2320
7442,9332
7442,10303
7442,11925
7442,14669
7442,34145
7442,155208
7442,155450
7442,155750
7442,155794
7442,178977
7442,187299
7442,208210
7442,233615
7442,288394
14425,6732
14425,171691
14425,171692
14425,171695
14425,171698
14425,171703
14425,171704
6723,155716
13343,918
13343,3358
13343,4572
13343,11038
13343,9253
13343,33468
13343,33519
13343,188709
16969,1003
16969,185525
16969,185526
11338,596
11338,782
11338,822
11338,3713
11338,11931
13339,6733
13339,10624
28761,212
28761,818
28761,2857
28761,409
28761,886
28761,3513
28761,9672
28761,33688
28761,208611
28761,224121
28761,235736
25237,2652
25237,1327
25237,6255
25237,1956
25237,9887
25237,5403
25237,10809
25237,11872
25237,14900
25237,166454
25237,168839
25237,190351
25237,190352
25237,190353
25237,199524
25237,241982
41780,1321
41780,3149
41780,10950
41780,189920
41780,207746
41780,323976
41780,338528
9871,6270
9871,380
9871,4375
9871,10123
9871,5975
9871,10683
9871,9826
9871,10776
9871,12564
9871,14882
9871,33505
9871,158276
9871,283085
33258,613
33258,2956
33258,796
33258,458
33258,1960
33258,7920
33258,9663
33258,11488
33258,10776
33258,168483
33258,194988
33258,208992
71940,1419
71940,6015
71940,34079
71940,187056
26850,922
26850,596
26850,11343
26850,15160
26850,155790
26850,208611
70709,417
70709,4378
70709,2334
70709,10291
70709,10391
70709,10880
36855,1432
36855,9882
36855,14626
36855,155582
20238,2673
20238,10322
20238,33600
20238,33601
20238,33602
33783,11402
42102,548
42102,332
42102,1821
42102,437
42102,10235
42102,10938
42102,11004
42102,210184
42102,218099
42102,240303
47898,9826
47898,207447
19171,582
19171,3202
19171,10325
19171,4481
19171,9807
19171,10965
19171,11869
19171,12999
19171,13028
19171,41185
19171,154901
19171,157799
19171,172382
19171,180787
19171,182293
19171,183133
19171,221193
19171,236500
19171,252204
19171,275311
19171,287906
19171,292163
19171,320595
19171,322128
19171,341695
19171,343478
19171,358884
19171,358885
19171,358886
11364,1453
11364,2367
11364,6112
11364,11469
11364,10909
11364,208442
11364,349576
39916,839
39916,10292
39916,9951
39916,13031
39916,15167
39916,189921
39916,192962
31634,6092
31634,11034
31634,14760
31634,159339
31634,189115
43739,242
43739,6783
43739,2705
43739,2679
43739,4953
43739,5165
43739,9639
43739,9673
43739,10229
43739,11465
43739,164039
43739,189008
43739,191081
43739,193607
43739,233580
14874,2389
14874,1003
14874,1486
14874,1715
14874,3616
14874,3344
14874,4552
14874,9887
14874,7312
14874,5800
14874,9840
14874,9673
14874,9789
14874,10226
14874,10873
14874,33457
14874,155291
14874,207819
14874,207989
32082,11612
32082,245296
25269,211
25269,1543
25269,2564
25269,3262
25269,11612
25269,13005
25269,14781
25269,157959
25269,174420
25269,192794
29449,596
29449,1157
29449,222
29449,548
29449,2340
29449,6262
29449,6152
29449,3298
29449,4280
29449,9887
29449,5739
29449,9957
29449,160059
29449,161891
29449,261057
29449,281386
37943,2041
37943,5332
37943,10329
33633,10181
33633,207844
33633,212059
78146,422
78146,1453
78146,818
78146,567
78146,2150
78146,1700
78146,2993
78146,10329
78146,9826
78146,10163
78146,155450
78146,156121
78146,187224
78146,197153
78146,207268
88641,2957
88641,6270
88641,1524
88641,10683
88641,11710
88641,12670
88641,13088
88641,18005
88641,171206
88641,208992
30315,612
30315,1415
30315,3986
30315,5160
30315,4063
30315,13092
30315,14792
30315,34079
30315,158124
30315,237516
13765,818
13765,65
13765,4344
13765,8250
13765,10594
13765,12279
13765,33969
13765,162846
13765,189966
13765,207317
13765,259213
13765,344457
12772,1415
12772,1332
12772,7658
12772,11001
12772,18072
12772,33637
12772,156043
12772,178870
12772,186353
12772,186921
12772,294008
47866,380
47866,828
47866,970
47866,1508
47866,10738
47866,10683
47866,14768
47866,155888
47866,173490
47866,187056
47866,240315
18900,9826
18900,33722
18900,154846
18900,258533
18900,325854
17744,339
17744,2106
17744,1913
17744,3055
17744,3312
17744,10141
17744,12391
17744,15295
17744,180178
62124,380
62124,254
62124,9826
3087,733
3087,4344
3087,4610
3087,5565
3087,10229
3087,157768
3087,236170
14282,10084
14282,233
14282,910
14282,739
14282,10278
14282,10614
14282,14624
14282,15001
14282,18431
14282,160133
14282,202491
14282,210024
14282,315058
11502,2082
11502,3180
11502,4728
11502,11546
11502,220282
11502,255450
11502,342917
29451,5810
29451,14999
29451,154846
21219,242
21219,6220
21219,6165
21219,11578
21219,207876
2116,596
2116,1196
2116,416
2116,6309
2116,9758
2116,9826
2116,15160
2116,15167
2116,34094
2116,331114
1584,6270
1584,578
1584,4048
1584,6383
1584,7101
1584,10508
1584,11700
1584,11836
1584,18001
1584,162066
28236,6029
28236,578
28236,6964
28236,9824
28236,156205
40945,158718
19555,212
19555,10123
19555,11722
19555,15009
19555,158718
19555,167554
19555,185361
19555,239100
19555,258533
2056,6054
2056,586
2056,5290
4997,642
4997,2375
4997,5340
4997,9672
4997,7344
4997,9826
4997,12670
4997,14964
4997,201864
4997,202760
4997,208156
4997,208289
4997,211659
4997,266753
4997,323809
4997,325799
4997,325800
4997,325817
4997,325825
4997,325834
8439,796
8439,100
8439,1562
8439,1809
8439,4245
8439,8038
8439,10508
8439,166585
8439,193430
8439,208797
322,516
322,739
322,1682
322,818
322,697
322,1660
322,1680
322,1522
322,1679
322,1797
322,1700
322,12570
322,15208
322,33720
322,184988
322,197582
322,210162
322,232766
322,302600
322,302602
322,325816
21765,9882
21765,15162
21765,325807
21765,325820
11059,2041
11059,3221
11059,41645
11775,1326
11775,387
11775,782
11775,6148
11775,2708
11775,2699
11775,10123
11775,8201
11775,9799
11775,5728
11775,10909
11775,10911
11775,15160
11775,155457
11775,157286
11775,324123
24,779
24,233
24,780
24,1938
24,1794
24,9725
24,9748
24,7002
24,10704
24,18098
24,162388
10930,1660
10930,1571
10930,4029
10930,10329
10930,155294
10930,272385
21059,931
21059,824
21059,271
21059,1253
21059,8201
21059,9755
21059,11931
21059,10232
21059,12090
21059,12396
21059,157774
21059,158718
49475,224663
49475,258533
49475,323678
11329,818
11329,3012
11329,4129
11329,2411
11329,2887
11329,8881
11329,163656
11329,177364
11329,179014
11329,194943
11329,206559
11329,207900
11329,214780
11329,226425
11329,254459
11329,282619
11329,284794
11329,319922
11329,339811
11329,339814
11329,339815
11329,339816
11329,339817
11329,339833
11329,339834
9373,236
9373,798
9373,6259
9373,2754
9373,6103
9373,10292
9373,6844
9373,9713
9373,9714
9373,9826
9373,11546
9373,11547
9373,12394
9373,13006
9373,14895
9373,15127
9373,18035
9373,299732
1550,242
1550,4543
1550,5696
1550,10041
1550,7312
1550,8496
1550,10226
1550,18035
1550,33347
1550,40895
1550,155882
1550,251872
1550,264186
1550,281237
1550,288951
5493,4379
5493,4862
28200,1326
28200,966
28200,1422
28200,1731
28200,5933
28200,5565
28200,9673
28200,10794
28200,15111
28200,187056
28200,208611
28200,247152
10629,6149
10629,917
10629,4729
10629,9672
10629,6691
10629,9826
10629,18026
10629,210608
10944,1664
10944,187056
10944,207767
9839,212
9839,591
9839,2960
9839,2038
9839,1961
9839,5946
9839,8780
9839,8781
13920,791
13920,6270
13920,6054
13920,6075
13920,579
13920,1228
13920,5621
13920,5565
13920,9672
13920,3993
13920,15120
13920,155170
13920,155888
13920,162735
13920,170378
13920,171493
13920,204173
13920,239275
13920,240303
13920,334465
4256,3335
4256,9755
4256,11931
4256,11616
4256,12416
4256,14909
4256,167642
4256,206075
4256,211197
4256,249969
4256,259426
4256,325765
10009,6054
10009,380
10009,4375
10009,2522
10009,3355
10009,10468
10009,11157
10009,41538
10009,167982
10009,179430
10009,179431
10009,230873
10009,243158
10009,243159
1807,282
1807,1419
1807,1583
1807,1517
1807,1896
1807,7920
1807,5490
1807,10873
1807,163656
1807,171676
1807,197702
1807,275157
1807,283874
1807,309029
33343,1227
33343,33505
33343,167043
33343,192665
30141,596
30141,1326
30141,2340
30141,3298
30141,4344
30141,9887
30141,9755
30141,6373
30141,7707
30141,9714
30141,12670
30141,18020
30141,34094
30141,161698
30141,175629
30141,179431
30141,179969
30141,204701
30141,207046
30141,207268
30141,208611
30141,240119
30141,240237
30141,243230
30141,269769
30141,281237
30141,286529
30141,287456
30141,291068
30141,345821
10536,378
10536,1321
10536,642
10536,1563
10536,392
10536,3713
10536,992
10536,6168
10536,3612
10536,9727
10536,9728
10536,10391
10536,41412
10536,155163
10536,157232
10536,177958
67809,187056
42044,1739
42044,1956
42044,255652
42044,280999
42044,321490
37922,520
37922,212
37922,3739
37922,3490
37922,2619
37922,3451
37922,5407
37922,6562
37922,18060
37922,161982
37922,258533
1376,2231
1376,1525
1376,380
1376,388
1376,892
1376,2671
1376,5867
1376,9457
1376,10508
1376,9826
1376,33479
1376,282069
31397,970
31397,385
31397,1963
31397,3644
31397,10053
31397,41586
31397,162801
31397,179568
31397,181239
31397,190025
31397,194705
31397,195394
31397,195395
31397,195396
31397,195397
50374,1228
50374,3047
50374,13015
50374,155802
50374,158774
50374,220529
50374,221083
20312,2669
20312,3306
20312,11428
20312,9887
20312,7312
20312,11223
20312,11297
20312,10909
20312,33465
20312,33519
20312,281585
20312,324429
59809,570
59809,10909
59809,184352
59809,353495
135890,596
135890,1936
135890,2411
135890,6083
135890,6625
135890,9826
135890,33519
64945,14857
64945,164246
2348,1329
2348,642
2348,965
2348,6328
2348,6576
2348,5083
2348,13027
2348,155582
44591,720
44591,534
44591,1299
44591,3347
44591,3888
44591,7035
44591,13040
44591,18034
44591,158144
44591,159245
44591,161281
44591,163398
44591,210235
10389,1741
10389,2480
10389,2490
10389,741
10389,6155
10389,8608
10389,9714
10389,176745
10389,305673
18979,4062
18979,3133
18979,1227
18979,3363
18979,10327
18979,8353
18979,9259
18979,9725
18979,157186
18979,157943
18979,221122
31206,4344
31206,5565
28658,242
28658,246
28658,6092
28658,837
28658,2334
28658,4344
28658,12990
28658,13065
28658,156028
3117,236
3117,1706
3117,3262
3117,4924
3117,10125
3117,10392
3117,159588
3117,166862
3117,203836
3117,258464
3117,301234
20684,2699
20684,6373
20684,158713
27450,3149
27450,156221
26643,7376
26643,2343
26643,5147
26643,10466
26643,12554
26643,177912
62327,331
62327,6496
62327,13027
897,6278
897,818
897,697
897,4471
897,4472
897,9663
897,10683
897,12999
897,14636
897,33485
897,240237
42522,797
42522,13017
11657,378
11657,417
11657,90
11657,10685
11657,6149
11657,1667
11657,8440
11657,10051
11657,9727
11657,10726
11657,13112
11657,15009
11657,15234
11657,18105
11657,33457
11657,159413
11657,207534
11657,335770
224,30
224,1701
224,21747
224,154866
224,156084
224,173644
27117,2652
27117,74
27117,1956
27117,12999
27117,160025
27117,197582
27117,220163
27117,273879
50553,818
50553,12999
50553,223793
50553,273879
44383,521
44383,12999
44383,273879
78331,3300
78331,10181
78331,188950
78331,191711
78331,223039
10922,3746
10922,299454
240177,1415
240177,5301
240177,1556
240177,2492
51707,187056
30349,8045
30349,11578
30349,11014
13537,917
13537,9672
605,3737
605,10084
605,2964
605,10364
605,312
605,1001
605,3223
605,779
605,780
605,1701
605,1566
605,663
605,310
605,6104
605,83
605,334
605,1530
605,2812
605,4563
605,1721
605,6150
605,6256
605,490
605,2849
605,1373
605,1552
605,4565
605,1670
605,2725
605,3219
605,3222
605,3225
605,12190
605,212737
605,219404
605,221385
605,291153
33222,430
33222,6285
33222,4052
33222,8570
33222,187056
33222,214745
33222,214949
10719,603
10719,604
10719,65
10719,2393
10719,1991
10719,2466
10719,6230
10719,9840
10719,11860
10719,13014
10719,34154
10719,193048
10719,207317
10719,207850
10719,240119
10719,320420
10719,324713
10719,325782
23995,5349
1277,725
1277,931
1277,810
1277,2652
1277,1421
1277,1936
1277,1739
1277,2428
1277,2433
1277,1244
1277,3190
1277,10850
1277,10144
1836,2818
1836,6255
1836,2316
1836,2751
1836,2820
1836,10292
1836,4728
1836,5836
1836,187056
1836,224663
508,212
508,840
508,2570
508,7358
508,699
508,65
508,1242
508,916
508,1438
508,1441
508,2568
508,2569
508,2562
508,2182
508,160404
508,166466
508,171366
508,207317
508,288816
197563,10180
197563,158718
197563,258533
11846,5600
11846,2381
11846,3582
11846,4532
11846,4604
11846,5090
11846,9714
11846,12670
11846,13027
11846,240303
50314,2301
50314,265477
50314,268830
50314,295812
50314,345747
10715,1384
10715,3208
10715,470
10715,886
10715,1339
10715,4391
10715,6513
10715,3289
10715,209220
8619,3799
8619,3588
8619,818
8619,3262
8619,9335
8619,12995
8619,15060
8619,33384
8619,182662
8619,182664
8619,182671
8619,182677
8619,182681
8619,191585
8619,195862
8619,202371
8619,207928
8619,213851
8619,226475
8619,233856
8619,325785
8619,331114
21525,897
21525,898
21525,34136
21525,187056
14892,1812
14892,4702
14892,9951
14892,10226
14892,10410
14892,18034
14892,155291
12146,5600
12146,534
12146,818
12146,1508
12146,4616
12146,4725
12146,9454
12146,15009
12146,207928
12146,266753
12146,269808
12146,325773
10588,380
10588,4630
10588,977
10588,3925
10588,9887
10588,6669
10588,9253
10588,10275
10588,11147
10588,15101
10588,40846
10588,160364
10588,188748
10588,204905
10588,209220
10588,240237
10588,240315
10588,309974
10588,320420
10588,325844
4970,570
4970,6255
4970,2587
4970,9844
4970,9853
4970,10705
4970,9826
4970,10323
4970,11469
4970,11857
4970,18409
4970,41329
4970,41411
4970,157701
4970,177066
4970,184987
4970,207898
4970,232076
4970,232469
4970,296276
4970,301373
4970,325777
4970,331114
4970,339805
470,314
470,3927
470,741
470,6150
470,1252
470,697
470,4129
470,1591
470,1508
470,1647
470,9844
470,171366
11042,3737
11042,970
11042,1873
11042,1992
11042,1773
11042,9713
11042,10594
11042,10163
11042,13160
11042,40895
11042,41589
11042,155294
44708,6270
44708,128
44708,10048
44708,157303
44708,158718
10147,603
10147,65
10147,2081
10147,1441
10147,8430
10147,33719
10147,33873
10147,207317
10147,320420
10756,2918
10756,2343
10756,352
10756,3358
10756,14724
10756,162846
10756,179430
10756,279987
9562,9032
9562,1992
9562,4379
9562,8056
9562,8701
9562,10466
9562,161257
36068,2020
36068,3307
36068,4319
36068,6300
36068,7972
36068,11477
36068,161919
36068,170827
36068,177050
36068,186815
36068,198419
36068,201028
36068,209220
36068,232091
36068,263164
36068,267848
36068,269710
36068,276014
11012,212
11012,380
11012,697
11012,4115
11012,6083
11012,3692
11012,8034
11012,9016
11012,14669
11012,34094
11012,180340
11012,240119
11012,338940
30068,8447
30068,187056
30068,190174
40913,212
40913,2334
40913,9672
40913,9840
40913,9826
40913,11523
40913,14768
40913,33722
40913,157799
40913,184369
40913,208611
40913,234803
158413,187056
9556,2546
9556,417
9556,1706
9556,3149
9556,9715
9556,1959
9556,9748
9556,12670
9556,14760
9556,41410
9556,170356
9556,170383
9556,185736
13581,1566
13581,3030
13581,6255
13581,9706
13581,9704
13581,9707
13581,12999
13581,187670
13581,199322
1702,6259
1702,1373
1702,340171
19184,4565
24203,6104
24203,1438
9065,316
9065,5300
9065,2437
9065,3363
9065,3450
9065,6021
9065,6389
9065,9935
9065,10093
9065,160224
9065,207883
44479,158718
44479,187056
44479,195624
44479,212737
44479,325762
44479,325781
44479,325856
4823,1326
4823,3149
4823,5923
4823,9826
4823,11363
4823,14794
4823,15106
4823,34094
4823,160929
4823,207268
4823,207767
10168,886
10168,5608
10168,11931
10168,12997
10168,15405
10168,156797
10168,156799
10168,156800
10168,156804
10168,191329
10234,1889
10234,4426
10234,6259
10234,7188
10234,8506
10234,9740
10234,11687
10234,10714
10234,12565
10234,33694
10234,162461
10234,173977
10234,178649
10234,210162
10234,237462
10234,238752
10234,279542
10234,295907
10234,325846
38939,4978
38939,1991
38939,6152
38939,4896
38939,9717
38939,9706
38939,15162
38939,156081
38939,156104
38939,163841
38939,175360
38939,175376
38939,175387
38939,207317
38939,224818
10952,2231
10952,242
10952,542
10952,4654
10952,2671
10952,2394
10952,5606
10952,8015
10952,7928
10952,14964
14022,6293
14022,1566
14022,305
14022,1815
14022,1437
14022,490
14022,1556
14022,1891
14022,5879
14022,6440
14022,9738
14022,13028
14022,14766
14022,15211
14022,161187
14022,161188
14022,169152
14022,184017
14022,210608
14022,236316
14022,280862
860,310
860,6104
860,6086
860,2157
860,282
860,2106
860,1812
860,3246
860,4284
860,156767
860,201456
860,209817
860,218132
860,316832
860,325824
41521,246
41521,387
41521,966
41521,818
41521,3180
41521,6095
41521,14714
41521,14724
41521,34145
41521,237301
48035,6150
48035,11001
48035,12999
48035,18070
48035,161534
5000,254
5000,548
5000,3739
5000,1956
5000,2226
5000,2468
5000,34079
5000,41511
5000,158987
5000,216734
5000,241982
22744,818
22744,128
22744,2749
22744,9180
22744,13014
22744,17982
22744,33505
22744,46962
22744,165468
22744,207928
17831,212
17831,90
17831,818
17831,1430
17831,11436
17831,4319
17831,6317
17831,9673
17831,33457
17831,160279
780,3032
780,3012
780,934
780,3441
780,2822
780,2976
780,11038
780,11001
780,10772
780,12999
780,41610
780,41611
780,54610
780,154802
780,161207
780,163165
780,190855
780,195537
780,207968
780,213097
780,234115
780,234116
780,238085
780,281585
780,338914
31510,3339
31510,3341
31510,9748
31510,154802
31510,156688
31510,182677
31510,192491
31510,192763
31510,202217
31510,207089
31510,222185
234,4924
234,12999
234,154802
234,174089
234,179874
234,183931
234,183944
234,183946
234,183953
234,183955
234,244516
234,325839
234,354871
234,356614
234,361521
899,236
899,212
899,478
899,2792
899,4476
899,9826
899,12425
899,12999
899,33457
899,154802
899,156866
8289,818
8289,2106
8289,3278
8289,6083
8289,4659
8289,181635
8289,186450
11583,2125
11583,6165
11583,8250
11583,13129
11583,18476
11583,33407
11583,156120
11583,159858
11583,159859
11583,159862
11583,159868
11583,159871
11583,207928
11583,249866
11583,273124
11583,308216
11583,326066
11583,332162
11002,1009
11002,392
11002,2580
11002,2163
11002,7347
11002,9743
11002,15149
6472,3088
6472,6562
6472,3635
6472,41180
5143,242
5143,2199
5143,1731
5143,2679
5143,4543
5143,6635
5143,10041
5143,9283
5143,10582
5143,12436
5143,12990
5143,13028
5143,14534
5143,14720
5143,14893
5143,34094
5143,222114
5143,280940
11384,851
11384,4654
11384,6149
11384,1284
11384,703
11384,5629
11384,162262
11384,167316
11384,168346
5227,242
5227,2036
5227,8985
5227,187301
5227,206441
5227,285961
8010,242
8010,779
8010,4978
8010,388
8010,9725
8010,14946
8010,177895
8010,192913
8010,219404
8010,234213
8010,251513
8010,269233
10410,3149
10410,1228
10410,6346
10410,10941
10410,18021
10410,208992
10410,220815
10410,231921
10410,261264
10410,276605
10410,309426
10410,325767
10410,325819
47095,1646
47095,161868
47095,206439
10407,2251
10407,2301
10407,3864
10407,18035
9292,588
9292,3149
9292,716
9292,1936
9292,5918
9292,2967
9292,6168
9292,10410
11850,818
11850,582
11850,1228
11850,2833
11850,9951
11850,9714
11850,12332
11850,14909
11850,15250
11850,17995
11850,161294
11850,161891
11850,191331
11850,201456
11850,202760
11850,202798
11850,314730
11850,323809
11850,325761
2297,2346
2297,13028
2297,14522
2297,192008
951,2231
951,3737
951,6149
951,853
951,5091
951,4590
951,2470
951,10508
10804,2038
10804,4152
10804,699
10804,5091
10804,4663
10804,4833
10804,11860
10804,13084
10804,168266
5765,236
5765,316
5765,4926
5765,10714
5765,33713
5765,162875
5765,167313
5765,208370
9319,1589
9319,782
9319,417
9319,258
9319,2095
9319,2150
9319,2944
9319,6300
9319,5627
9319,3688
9319,8181
9319,10061
9319,12670
9319,15167
9319,15214
9319,33457
9319,155790
9319,159937
9319,160159
9319,170375
9319,170865
1643,90
1643,4480
1643,9673
1643,10614
1643,14534
1643,34094
1643,161034
1643,201200
2007,521
2007,970
2007,1279
2007,9672
2007,189150
2007,208289
2007,222220
10995,2087
10995,2389
10995,2956
10995,818
10995,965
10995,2692
10995,4320
10995,2803
10995,4119
10995,7983
10995,11254
10995,9673
10995,11190
10995,14669
10995,14794
10995,33513
10995,158765
10995,162804
10995,167475
10995,180940
10995,197871
10995,207876
10995,229706
10995,298666
10995,300685
10995,325762
10995,362342
8047,570
8047,734
8047,793
8047,744
8047,1536
8047,290
8047,5919
8047,6373
8047,7965
2612,4896
2612,202371
2612,209792
2612,309974
2612,320420
2612,325761
2612,325762
2612,325765
2612,325853
3112,378
3112,642
3112,818
3112,6259
3112,4129
3112,1422
3112,3419
3112,6932
3112,10594
3112,9807
3112,9826
3112,11001
3112,12999
3112,14604
3112,18072
3112,33505
3112,33630
3112,33631
3112,155437
3112,156121
3112,179874
3112,239100
3112,245264
3112,295809
3112,330548
10413,1563
10413,1721
10413,2434
10413,4917
2611,931
2611,5893
2611,13072
1825,240
1825,6075
1825,6188
1825,4604
1825,7312
1825,9276
1825,15291
1825,155497
1825,156191
1825,227040
1825,240119
1825,349297
10538,1196
10538,822
10538,1812
10538,4245
10538,8440
10538,12670
10538,13015
10538,311582
11092,1326
11092,818
11092,697
11092,1808
11092,5340
11092,9826
11092,10909
11092,18021
11092,33519
11092,214780
11092,254459
18410,2552
18410,10124
18410,157972
18410,188953
18410,210592
18410,238332
14904,5657
14904,1741
14904,6054
14904,1003
14904,6025
14904,9941
14904,12660
14904,162735
14904,187056
14904,191741
14904,207556
14904,250135
19065,187056
3176,6270
3176,6054
3176,236
3176,2041
3176,233
3176,818
3176,1293
3176,4565
3176,10292
3176,10349
3176,10614
3176,9826
3176,13065
3176,14643
3176,34079
3176,157376
3176,229184
3176,248841
3176,262404
3176,272553
3176,281358
3176,281585
3176,286899
3176,288394
3176,295702
9261,1862
9261,242
9261,7879
9261,1157
9261,970
9261,4317
9261,3686
9261,10131
9261,10180
9261,10195
9261,13027
9261,18035
9261,158718
9261,160528
9261,190076
9261,258533
5336,739
5336,3927
5336,818
5336,2652
5336,924
5336,4426
5336,186
5336,490
5336,1755
5336,1956
5336,2637
5336,4052
5336,11933
5336,13006
5336,15027
5336,156075
5336,161156
5336,161207
5336,181659
5336,191726
5336,207691
5336,207883
5336,212421
5336,228692
5336,239910
5336,259159
5336,310003
5336,325778
23908,74
23908,1956
23908,207317
14671,6270
14671,10508
14671,9789
14671,11870
14671,10873
14671,13088
14671,161266
14671,208721
11509,75
11509,798
11509,1582
11509,1721
11509,1508
11509,2673
11509,3230
11509,9777
11509,12371
11509,160522
11509,160583
11509,222782
10729,242
10729,10051
10729,15363
10729,34067
10729,159700
10729,159707
10729,159709
10729,159710
10729,166235
10729,170217
10729,268525
29437,3133
29437,4632
29437,6719
29437,7980
29437,9826
29437,14735
29437,17995
29437,157959
29437,158303
29437,207819
29437,272742
29437,325798
20763,387
20763,6669
20763,33671
20763,155794
20763,165441
20763,207691
20763,208152
20763,208992
20763,243959
2047,378
2047,6168
2047,6170
2047,15363
14249,534
14249,9748
14249,10085
14249,15095
14249,191045
14249,288882
10021,851
10021,2281
10021,3616
10021,3836
10021,10329
10021,320420
10021,324429
10021,325765
11634,1862
11634,1415
11634,704
11634,1192
11634,10683
11634,9833
11634,11870
11634,18425
11634,158718
11634,163037
11634,190116
11634,264386
11634,296608
14746,10084
14746,1930
14746,3070
14746,3177
14746,10229
14746,14735
14746,14736
14746,207268
14746,254804
11824,6270
11824,1482
11824,4613
11824,10683
11824,12564
11824,33637
11824,296608
8222,1332
8222,744
8222,970
8222,10229
20067,894
20067,3725
20067,1647
20067,9957
20067,13043
20067,14534
20067,40895
20067,173431
12395,1812
12395,10322
12395,6162
12395,8099
12395,155805
9846,3607
9846,5413
9846,8015
9846,9748
9846,10889
9846,12670
9846,34136
9846,41249
9846,180996
9846,197582
9846,207268
9846,293649
9846,294348
9846,325773
9846,325778
23719,1415
23719,904
23719,65
23719,15363
23719,156121
23719,207317
23719,262325
11986,1824
11986,5091
11986,4280
11986,5836
11986,6846
11986,9016
1626,549
1626,90
1626,490
1626,1667
1626,11322
1626,12999
1626,13059
1626,18091
1626,157217
1626,170710
483,616
483,922
483,818
483,2708
483,1556
483,1926
483,2411
483,10123
483,3691
483,9887
483,9840
483,9673
483,9826
483,15127
483,15363
483,240315
483,294933
483,309974
10166,612
10166,616
10166,818
10166,1158
10166,2161
10166,4375
10166,2005
10166,15101
10166,39737
6069,616
6069,818
6069,5713
6069,41393
6069,182068
6069,196987
11018,3391
11018,2671
11018,1788
11018,5964
11018,8015
11676,1326
11676,897
11676,6203
11676,7312
11676,11314
11676,8207
11676,9854
11676,9740
11676,9748
11676,12425
11676,15009
11676,15291
11676,18034
11676,41180
11676,155419
11676,160362
11676,163975
11676,167541
11676,167982
11676,168736
11676,168750
11676,168763
11676,179430
28293,246
28293,3800
28293,128
28293,1809
28293,2687
28293,3203
28293,3537
28293,4344
28293,4345
28293,9767
28293,12990
28293,12999
28293,33474
28293,156221
28293,156764
28293,168615
28293,171346
28293,188472
28293,191602
28293,223275
28293,239343
28293,314019
28292,246
28292,3588
28292,582
28292,837
28292,4344
28292,4345
28292,4410
28292,10181
28292,9714
28292,10106
28292,12990
28292,12999
28292,41599
28292,164282
28292,176798
28292,188643
28292,188708
28292,235797
28292,254906
28292,280940
28292,305603
3681,736
3681,3486
3681,2336
3681,3248
3681,3456
43875,392
43875,388
43875,2011
43875,7537
43875,13129
43875,41022
43875,161207
43875,208244
31798,246
31798,90
31798,1346
31798,4344
31798,6199
31798,12990
31798,12999
31798,15479
43436,818
43436,65
43436,1700
43436,9914
43436,156928
43436,207416
43436,336680
20325,242
20325,246
20325,4344
20325,10106
20325,12990
20325,12999
20325,155841
20325,156866
20325,186736
20325,207242
20325,209791
20325,237446
17687,3149
17687,2095
17687,10614
17687,10291
17687,12392
17687,14857
17687,156764
17687,167812
19075,7879
19075,603
19075,2343
19075,2692
19075,4144
19075,2710
19075,2844
19075,4333
19075,4516
19075,5774
19075,10181
19075,13027
19075,165086
19075,185343
19075,195269
19075,196982
19075,204703
19075,237016
19075,237929
19075,267461
19075,279458
19075,294629
19075,295733
19075,308209
41465,2783
41465,5628
41465,10181
41465,10235
41465,207928
17641,548
17641,392
17641,2284
17641,643
17641,2526
17641,2673
17641,154867
17641,155759
17641,190883
17641,207639
17641,207876
17641,207973
17641,244113
12545,1691
12545,536
12545,186
12545,3571
12545,4344
12545,9593
12545,11001
12545,155482
12545,230097
12545,299608
27972,2284
27972,879
27972,5248
27972,10181
27972,9398
27972,156037
27972,161698
27972,164092
27972,189401
27972,323809
27972,325786
27972,325824
898,378
898,1563
898,526
898,2467
898,2526
898,3859
898,4474
898,5565
898,11267
898,12999
898,33808
898,240242
2000,1321
2000,3441
2000,5967
2000,6255
2000,4542
2000,5968
2000,6206
2000,18266
2000,208244
2000,208358
2000,209966
2000,215162
2000,217120
2000,228691
2000,301513
648,240
648,5600
648,1299
648,3258
648,3259
648,12999
648,324429
618,6092
618,529
618,531
618,7856
618,154802
618,179585
618,226288
618,324332
44162,478
44162,181962
44162,188512
44162,208611
19120,10483
19120,10937
19120,14742
4024,612
4024,1453
4024,1317
4024,34094
4024,197582
4024,207427
4024,238145
4024,239797
4024,325821
11316,1157
11316,388
11316,10181
11316,165725
11316,228166
11316,257681
3089,1556
3089,7658
3089,9656
3089,9748
3089,12999
3089,15225
3089,185927
3089,208505
3089,308216
29845,4280
29845,11510
29845,12670
29845,316832
29845,325764
29845,325790
29845,325799
995,1459
995,549
995,1508
995,1859
995,3256
995,10216
995,10718
995,10950
995,12999
995,13005
995,18034
995,33600
995,155291
995,156104
995,162722
995,188924
995,196630
995,219945
995,234193
1594,2619
1594,3839
32318,339
32318,2772
32318,4663
32318,9253
32318,12011
32318,12999
32318,14895
32318,154802
32318,163005
32318,191101
32318,233168
32318,270612
11839,616
11839,392
11839,1938
11839,3363
11839,5090
916,612
916,822
916,818
916,6149
916,3713
916,582
916,703
916,4009
916,6083
916,4508
916,10291
916,11728
916,11612
916,12371
916,14601
916,34136
916,155751
916,156179
916,175208
916,197582
916,226581
916,226582
916,314730
916,321464
916,325778
916,325791
31509,5739
31509,154802
31509,189397
31509,208315
1976,2038
1976,531
1976,1824
1976,2411
1976,3134
1976,5936
1976,11322
1976,17995
1976,156501
1976,174960
1976,176219
31685,380
31685,90
31685,818
31685,10048
31685,12425
31685,12999
31685,15120
31685,157943
31685,163138
31685,170578
31685,195819
31685,203624
31685,206952
31685,209426
31685,213097
31685,247688
31685,253705
3062,276
3062,4344
3062,6415
3062,14530
3062,15162
3062,156028
3062,156764
3062,163533
3062,164623
3062,165177
3062,165193
34456,9799
34456,156764
12708,242
12708,9799
12708,6946
12708,9935
12708,13072
12708,155457
12708,170827
12708,196682
42045,727
42045,5565
42045,6165
42045,10229
42045,10232
42045,208611
42045,208992
11610,248
11610,3298
11610,6664
11610,13043
11610,33490
11610,155278
11610,162846
11610,175357
11610,193223
4939,9799
4939,6635
4939,12541
4939,155457
4939,170827
25016,622
25016,1992
25016,1822
25016,4375
25016,4262
25016,4834
25016,5535
25016,10181
25016,10508
25016,41355
25016,165282
25016,165290
25016,166233
25016,173661
25016,192311
25016,220453
25016,239089
25016,240237
25016,242660
25016,242661
25016,242662
25016,242663
15927,818
15927,1964
15927,4096
15927,13005
15927,14636
15927,207876
15927,231027
15927,235774
40423,953
40423,1809
40423,12649
40423,155428
40423,161046
40423,185343
40423,201125
40423,220511
40423,325792
40423,362637
7857,1415
7857,1755
7857,9887
7857,6377
7857,10683
7857,11004
7857,14558
7857,165402
7857,214548
79,779
79,780
79,6145
79,548
79,697
79,54324
79,184656
79,223738
79,253607
79,291153
79,325761
13912,6075
13912,4129
13912,1992
13912,579
13912,3616
13912,4344
13912,12999
13912,156764
13912,325813
70881,1326
70881,1157
70881,818
70881,6038
70881,3563
70881,9673
70881,13008
70881,14720
70881,167020
70881,186849
70881,207928
70881,228434
70881,240237
70881,248288
70881,258593
987,520
987,918
987,736
987,1459
987,4602
987,4604
987,155744
37749,2150
37749,3248
37749,8224
37749,10508
37749,9835
37749,155490
37749,162758
37749,168812
37749,210162
37749,247336
37749,266753
30140,5829
30140,158690
30140,158692
30140,158697
30140,196135
30140,199722
30140,215853
30140,227302
30140,234765
30140,254531
30140,262228
30140,282080
30140,290331
30140,303954
30140,339041
46932,1815
46932,770
81,2964
81,3800
81,83
81,2763
81,2765
81,4458
81,7035
81,9794
81,13141
81,15174
81,210024
81,281585
81,322942
70423,3546
70423,3688
70423,185974
11821,1605
11821,1546
11821,4585
11821,11612
11821,11860
11821,13005
11821,13063
10023,5343
10023,167316
10023,172496
10023,172497
10023,172504
10023,172505
10023,172509
10023,172512
10023,172514
10023,172517
51036,4280
51036,157634
51036,178665
51036,223198
11519,387
11519,4210
11519,339
11519,2770
11519,1956
11519,3365
11519,8201
11519,12670
11519,207883
11519,236316
42238,409
42238,158217
42238,187196
42238,208466
15659,703
15659,9826
15659,10410
15659,14765
15659,18396
15659,163531
15659,197582
15659,314730
15659,320420
18857,1930
18857,1562
18857,9672
18857,276605
18857,311315
33517,1157
33517,1295
33517,9706
33517,9840
33517,9673
27425,910
27425,459
27425,6373
27425,14818
27425,156866
27425,202371
27425,207556
27425,239797
27425,321464
38953,11196
38953,2504
38953,1419
38953,5331
38953,10392
38953,14985
38953,34094
38953,154787
38953,172391
38953,176690
38953,191031
38953,194176
38953,209663
38953,210184
38953,231600
38953,232988
38953,237600
38953,242504
38953,247912
38953,251305
38953,328410
38953,361867
38953,362499
74544,1326
74544,818
74544,1523
74544,1992
74544,3182
74544,8095
74544,9856
74544,13063
74544,155697
74544,173977
41785,215162
42740,1930
42740,156096
42740,186757
42740,222334
42740,236363
20126,9826
20126,12193
20126,12570
20126,14742
20126,14743
20126,233450
20126,361094
827,4183
827,1808
827,10326
827,8181
827,10508
827,11071
827,11869
827,12999
827,155845
827,179359
827,181203
827,199850
827,206834
827,207390
827,212643
827,238795
827,282451
827,282452
11811,5600
11811,8910
11811,9408
11811,9409
11811,10310
11811,9826
11811,12339
20043,9882
20043,33465
20043,175629
20043,210024
16814,15086
16814,41329
16814,168750
16814,186507
4368,12564
25431,1157
25431,6038
25431,10909
25431,12990
25431,33519
25431,49950
25431,159451
25431,167812
25431,207973
17685,2504
17685,2884
17685,3562
17685,214809
2742,818
2742,1731
2742,3298
2742,13028
2742,15037
2742,156117
2742,158120
2742,205781
2742,258533
22010,1601
22010,3072
22010,10776
22010,163968
22010,191979
22010,221078
22010,273521
22010,287033
22010,304331
22010,321490
22010,343234
22010,356580
51145,258533
32040,5305
32040,3688
32040,11578
32040,12670
32040,207268
32040,251667
48129,10562
3596,2964
3596,5978
3596,12999
3596,14760
120637,212
120637,14766
120637,155294
120637,164246
120637,200349
120637,208811
120637,325804
24134,212
24134,90
24134,34094
24134,155762
24134,168750
24134,197092
24134,210470
24134,256490
24134,256491
24134,256492
24134,256493
18904,4480
18904,13088
18904,165100
18904,191206
37719,2199
37719,12090
37719,324713
37719,325815
37719,325844
47364,1299
47364,3290
47364,4781
47364,11606
47364,18034
47364,234213
47364,235261
47364,245718
9063,487
9063,1743
9063,3363
9063,9826
9063,15090
1818,818
1818,1416
1818,3017
1818,5823
1818,10291
1818,14743
1818,155845
1818,207268
255,612
255,922
255,596
255,30
255,7879
255,6092
255,725
255,90
255,970
255,5246
255,5742
255,367
255,1407
255,703
255,906
255,1406
255,4826
255,1411
255,1735
255,34094
255,164889
255,214991
10744,612
10744,1317
10744,726
10744,585
10744,4671
10744,4367
10744,14570
10744,178649
10511,242
10511,740
10511,1900
10511,14873
10511,158988
10511,165402
10511,182794
10511,182800
10511,182804
10511,208289
10511,281585
180399,10583
180399,15479
22289,2393
22289,34079
22289,158558
22289,158567
10028,3658
10028,242
10028,246
10028,1691
10028,1566
10028,898
10028,1936
10028,2539
10028,10508
10028,12094
10028,15246
10028,33934
10028,156801
10028,189920
10028,208498
10028,325779
616,233
616,1462
616,1400
616,1402
616,1335
616,1543
616,1938
616,1327
616,697
616,2796
616,2001
616,2156
616,1908
616,2280
616,2568
616,2802
616,2905
616,3074
616,3070
616,3072
616,3078
616,3080
616,10089
616,13065
616,15060
616,33457
616,33564
616,170007
616,192913
616,207928
616,220492
616,263959
616,321464
616,325766
616,352014
616,352015
96393,6018
96393,13059
96393,159346
96393,163795
96393,173251
96393,216079
587,616
587,1357
587,2038
587,970
587,291
587,1495
587,2517
587,3206
587,4120
587,5938
587,4073
587,10163
587,14534
587,156192
587,156597
587,225219
587,319397
587,324713
21542,187056
6964,242
6964,90
6964,1786
6964,965
6964,9094
6964,10965
6964,13043
6964,13072
6964,14669
6964,18053
6964,34265
6964,155068
6964,157799
6964,187056
6964,214954
6964,240315
6964,259385
6964,266503
1792,779
1792,733
1792,6593
1792,6562
1792,9856
1792,10624
1792,9964
1792,12396
1792,12670
1792,15016
1792,15188
1792,162262
1792,162735
1792,163047
1792,192153
3635,818
3635,5918
3635,4452
3635,437
3635,5565
3635,10365
3635,13097
3635,15060
3635,15171
3635,207941
3635,335480
3635,335481
122,6092
122,818
122,603
122,604
122,2343
122,4152
122,1523
122,3930
122,3098
122,3347
122,3888
122,9663
122,9812
122,13084
122,14707
122,41410
122,156761
122,170362
122,177912
122,188270
122,189092
122,189093
122,207372
122,209220
122,209374
122,211227
122,232697
122,234213
122,239722
122,249298
122,249821
122,269233
122,273158
122,273967
122,325824
122,332708
122,332712
122,332714
11820,1700
11820,8734
11820,3993
11820,11718
11820,11937
11820,158718
11820,158987
11820,160224
11820,171452
11820,171453
11820,171469
11820,171473
11820,184808
11820,208611
11820,209464
11820,242110
11820,246414
11820,292986
11820,306562
11820,306563
8696,5215
8696,392
8696,2863
8696,9672
8696,8097
8696,8098
8696,9180
12698,2956
12698,6078
12698,5565
12698,6165
12698,172839
12698,181549
12698,181557
12698,181558
12698,181560
12698,181564
12698,181565
12698,181566
12698,181579
12698,192772
12698,234765
12698,240139
12698,280768
12698,321490
12698,331417
19187,1991
19187,8201
19187,7328
19187,207317
19187,247799
19187,274920
11093,894
11093,2356
11093,582
11093,6095
11093,10614
11093,68642
11093,207134
504,2122
504,549
504,570
504,739
504,2669
504,9672
504,9826
504,10085
504,10714
504,12987
504,13059
504,34265
504,41329
504,187056
504,227428
504,325831
11007,520
11007,1157
11007,818
11007,5621
11007,4498
11007,10235
11007,9714
11007,18027
11007,183126
11007,183133
11007,183141
11007,240119
11007,241738
11007,243186
11007,243959
2289,2038
2289,697
2289,1806
2289,10735
2289,211659
2289,230457
2289,292593
2289,325787
2289,325806
2289,325842
2289,325849
9620,1453
9620,530
9620,1576
9620,5721
9620,3667
9620,11738
9620,12190
9620,14760
9620,33626
9620,156866
9620,178657
9620,185668
10601,334
10601,3185
10601,2434
10601,2710
10601,5938
10601,4418
10601,12988
10601,15101
10601,170362
10601,185200
10601,245230
52036,520
52036,733
52036,4118
52036,10551
52036,33934
42418,1956
42418,2526
42418,2673
42418,4515
42418,18034
42418,230873
13433,10194
13433,161281
13433,187056
13433,192498
13433,193760
35712,2849
35712,1438
35712,1664
35712,1817
35712,3182
35712,224663
14844,220
14844,840
14844,110
14844,1568
14844,3530
14844,9799
14844,9935
14844,170682
14844,178845
14844,206298
14844,208633
14844,218182
26710,3230
26710,10131
26710,17985
26710,160946
26710,161958
26710,162225
26710,184499
26710,187056
26710,253376
26710,274848
37088,378
37088,2122
37088,516
37088,933
37088,2501
37088,2801
37088,3437
37088,4434
37088,5707
37088,6316
37088,10041
37088,11527
37088,9826
37088,10303
37088,33841
37088,181109
37088,186819
37088,187056
37088,191043
37088,196630
37088,207763
37088,207797
37088,208370
37088,208635
37088,208797
37088,235134
37088,240315
37088,241896
37088,253312
37088,253807
37088,255763
37088,256570
37088,258728
37088,262783
37088,266543
37088,269860
37088,284169
37088,304250
37088,312119
31026,1003
31026,2832
31026,9957
31026,156052
5966,966
5966,3817
5966,2676
5966,3582
5966,9799
5966,4999
5966,9398
5966,11510
5966,10503
5966,12670
5966,15478
5966,33940
5966,165301
5966,167861
5966,169276
5966,173497
5966,175357
5966,177973
5966,188645
5966,226219
5966,246381
5966,324429
5966,325765
24034,4344
24034,10125
24034,14714
24034,163270
24034,269769
24034,319084
10718,2231
10718,417
10718,1595
10718,9748
10718,10726
10718,14735
10718,14736
40427,1321
40427,3430
40427,3330
40427,5986
40427,14735
40427,159469
14757,789
14757,1536
14757,3541
14757,7955
14757,186951
14757,204242
14757,208349
14757,210329
14757,240315
14757,241883
14757,246414
14757,254723
14757,262598
14757,266503
14757,282600
14757,282714
14757,293180
14757,299718
14757,322607
11034,9398
11034,10329
11034,9986
11034,33626
11034,211659
11034,325799
11034,325801
25095,9748
26983,642
26983,818
26983,1653
26983,3607
26983,10051
26983,9778
26983,9807
26983,12425
26983,173297
30080,4953
30080,214548
52867,6270
42599,212
42599,254
42599,6562
42599,9673
42599,18293
65012,787
65012,9748
65012,18044
27465,1629
27465,12570
27465,207046
83726,1157
83726,10181
83726,15106
83726,40952
83726,168346
83726,168812
83726,175499
24782,534
24782,642
24782,770
24782,9672
24782,10051
24782,13008
24782,156120
24782,208992
31395,6149
31395,269769
131313,304308
131313,304309
131313,304310
131313,304311
34151,1326
34151,110
34151,10325
34151,161999
34151,166462
34151,171036
34151,196958
9548,578
9548,2570
9548,837
9548,5540
9548,9826
9548,155790
1937,5600
1937,818
1937,2853
1937,65
1937,1808
1937,9639
1937,9813
1937,188344
1937,240303
26712,9807
26712,12999
26712,18023
26712,156902
26712,170212
26712,238361
1882,894
1882,447
1882,978
1882,1543
1882,2425
1882,2367
1882,2564
1882,5859
1882,175329
1882,198421
1882,209205
1882,215059
1882,267981
1882,306417
70627,3800
70627,4245
70627,13015
17258,9094
17258,11061
17258,161545
34681,222
34681,2699
34681,1946
34681,13043
6277,520
6277,3149
6277,1812
6277,160488
6277,209849
11429,378
11429,1299
11429,1706
11429,428
11429,6255
11429,2885
11429,4188
11429,10292
11429,10327
11429,10125
11429,9663
11429,12377
11429,13005
11429,15234
11429,183435
11429,226430
11429,226431
33642,931
33642,5283
33642,9826
33642,10726
33642,14735
14815,1629
14815,4101
14815,12995
14815,18034
14815,158217
14815,190948
14815,235261
427,730
427,90
427,970
427,558
427,2384
427,2100
427,2102
427,14632
427,17997
427,325845
43049,1196
43049,570
43049,818
43049,1252
43049,7984
43049,158054
43049,265559
3022,848
3022,4375
3022,9332
3022,9181
3022,12999
3022,13005
3022,14752
3022,155794
3022,156033
3022,156075
3022,162344
3022,164664
3022,173977
3022,186713
3022,208764
3022,226391
3022,236178
3022,243607
3022,243608
778,240
778,612
778,966
778,1416
778,1488
778,65
778,2404
778,3203
778,3568
778,13008
778,13088
778,15237
778,156076
778,163405
778,267876
778,281794
778,333928
3088,75
3088,1582
3088,1502
3088,1859
3088,9897
3088,5074
3088,9550
3088,9748
3088,12999
3088,195218
3088,206576
3088,207928
3088,219366
23152,9799
23152,13005
23152,221196
23567,9799
23567,9673
23567,14638
23567,157897
102057,6038
102057,15160
52367,3588
52367,33482
22584,2041
22584,818
22584,2652
22584,1495
22584,10229
22584,9807
22584,9904
22584,33457
22584,155797
22584,156063
22584,159520
22584,188947
27725,378
27725,642
27725,9807
27725,10562
27725,15162
16227,1023
16227,582
16227,4585
16227,9777
16227,7118
16227,9807
16227,155428
16227,190629
16227,207883
980,1582
980,2284
980,1197
980,1679
980,14604
980,15108
980,157136
980,160799
980,170450
980,188922
980,207928
16933,9807
16933,11546
16933,155497
42094,6977
42094,155870
26884,128
26884,10048
26884,156764
37833,2231
37833,2903
37833,2149
37833,1803
37833,1632
37833,2804
37833,3298
37833,11528
37833,10776
37833,14964
37833,164218
37833,325776
18995,351
18995,5823
18995,9807
18995,13005
18995,13125
43759,12096
5205,271
5205,4613
5205,7020
5205,9817
5205,159290
5205,161338
5205,161340
5205,195602
5205,277164
5205,306784
5205,313195
2017,642
2017,6149
2017,1562
2017,974
2017,703
2017,1621
2017,9672
2017,9016
2017,9727
2017,10481
2017,14604
2017,15009
2017,15090
2017,15167
2017,15363
2017,33699
2017,156948
2017,207268
38606,187056
14239,6513
14239,3182
14239,5451
14239,9820
14239,161919
14239,202399
14239,209220
55448,417
55448,703
55448,5340
55448,8627
55448,9672
55448,15009
55448,15090
55448,33722
55448,169161
55448,226838
55448,237927
55448,239275
55448,329762
55448,335545
21779,470
21779,11931
21779,179430
71189,745
71189,18396
71189,34124
67794,818
67794,3371
67794,14636
67794,34094
67794,163095
67794,172446
67794,207876
67794,235774
67794,261423
73515,2658
405,378
405,3737
405,3927
405,6059
405,291
405,1002
405,930
405,1669
405,1647
405,7312
405,9457
405,9748
405,12999
9696,782
9696,4424
9696,1794
9696,10292
9696,7089
9696,5927
9696,6670
9696,13141
9696,14964
9696,15011
9696,15016
9696,33424
9696,40884
9696,157707
9696,157714
9696,157716
9696,199524
9696,236316
9696,309974
9696,310811
9696,325778
9696,325790
9696,325809
9696,325811
9696,325829
4917,818
4917,1475
4917,4565
4917,4458
4917,4049
4917,15162
4917,18034
4917,158416
4917,163045
4917,208152
37774,1022
37774,2864
37774,33879
37774,238227
5055,2436
5055,3055
5055,12999
5055,158987
5055,160224
5055,258743
40140,1432
40140,560
40140,2215
40140,4040
40140,11107
40140,14626
40140,156039
40140,191132
40140,191586
40140,195788
40140,204004
40140,226233
40140,260089
40140,288019
42040,3036
42040,5565
42040,256363
29933,2652
29933,12999
29933,41412
29933,162715
29933,166451
29933,212914
29933,344046
35888,190019
3059,2487
3059,5314
3059,6038
3059,3010
3059,13027
3059,14546
3059,41022
3059,154802
3059,171366
3059,188618
3059,192032
3059,204293
3059,208244
3059,215678
3059,222185
3059,244368
3059,253794
3059,325854
22727,1299
22727,12551
22727,15127
22727,220011
28586,2041
28586,387
28586,966
28586,1936
28586,2695
28586,3017
28586,10224
28586,4079
28586,10478
28586,14743
28586,41411
28586,162846
28586,214418
28586,235357
28586,237463
28586,287331
28586,302567
56157,642
56157,570
56157,6149
56157,934
56157,1734
56157,3725
56157,4779
56157,11038
56157,9807
56157,9826
56157,10809
56157,14857
56157,15009
56157,180085
11708,391
11708,1436
11708,7313
11708,10028
11708,258829
11708,362499
27329,3754
27329,2011
27329,3434
27329,4278
27329,5499
27329,9672
27329,209076
42514,612
42514,242
42514,10181
42514,9706
42514,171366
42514,182100
20444,242
20444,822
20444,9935
17736,542
17736,708
17736,2348
17736,11722
17736,12396
17736,12670
17736,13059
17736,14964
17736,158651
17736,208797
17736,231839
17736,258533
82283,2081
82283,6750
82283,12193
82283,154802
82283,163098
82283,167888
82283,208037
82283,208202
82283,233303
82283,287582
1954,378
1954,9678
1954,516
1954,1453
1954,2362
1954,2583
1954,2754
1954,2913
1954,4379
1954,9856
1954,10624
1954,9673
1954,11469
1954,15106
1954,40952
1954,157955
13476,128
13476,248
13476,3447
13476,9799
13476,6562
13476,8232
13476,10232
13476,11836
13476,12392
13476,12396
13476,12670
13476,162262
13476,168867
13476,187614
11194,10084
11194,818
11194,6075
11194,5967
11194,4560
11194,9672
11194,8624
11194,160177
11194,191724
11194,209455
11194,220014
11194,304382
11194,309344
11194,313682
12634,612
12634,642
12634,818
12634,934
12634,1936
12634,1668
12634,3182
12634,8627
12634,6147
12634,9758
12634,8430
12634,5739
12634,13078
12634,15156
12634,33456
12634,34145
12634,184302
13505,1332
13505,2866
13505,10873
13505,11728
13505,12361
13505,206225
13505,288660
14114,1691
14114,898
14114,1346
14114,1974
14114,4344
15708,1862
15708,1013
15708,946
15708,738
15708,440
15708,10180
15708,10226
15708,10505
15708,11001
15708,12670
15708,156166
15708,156482
15708,156930
15708,158718
15708,212023
15708,258533
15708,322607
15708,325778
15708,325814
15708,354729
21301,520
21301,5890
21301,9749
21301,33905
21301,158192
21301,163082
21301,189368
21301,325763
21301,325765
21301,325766
21301,325805
20483,470
20483,6257
20483,9714
20483,14857
20483,15363
20483,165583
14292,6075
14292,2070
14292,6483
14292,169213
14292,169214
14292,169215
14292,169220
14292,179430
14292,179431
1278,612
1278,2201
1278,90
1278,128
1278,5246
1278,738
1278,2069
1278,1439
1278,2187
1278,9986
1278,14638
1278,15016
1278,33841
1278,155870
18841,4062
18841,1299
18841,1852
18841,4862
32035,931
32035,2334
32035,155790
74395,242
74395,6149
74395,924
74395,1552
74395,9713
74395,161307
19361,1459
19361,128
19361,6038
19361,12392
19361,14852
21968,242
21968,11578
21968,10601
21968,14964
21968,199029
29493,703
29493,2394
29493,13008
29493,155490
29473,395
29473,3363
29473,10594
29473,10601
29473,10726
29473,14765
29464,642
29464,395
29464,2394
29464,3230
29464,4258
29464,10616
29464,208262
37900,242
37900,15234
33557,931
33557,1157
33557,531
33557,2726
33557,5521
33557,10041
33557,11935
33557,155873
33557,179014
33557,180199
33557,217316
33557,228429
33557,240118
33557,240119
33557,241738
33557,245103
33557,253561
7008,6149
7008,3012
7008,1384
7008,7856
30566,1734
30566,3133
30566,2334
30566,5484
30566,10326
30566,9826
30566,10601
30566,156179
42466,3133
42466,9663
42466,207775
18446,1956
18446,168316
18446,199910
18446,206559
18446,207883
22004,2708
22004,3149
22004,2987
22004,2394
22004,6956
22004,9748
22004,9826
22004,11363
22004,10726
22004,11733
22004,14601
22004,41352
22004,171043
11023,6782
11023,10041
11023,10683
11023,10049
11023,11696
11023,34130
11023,176780
11023,178444
11023,178452
11023,178474
11023,178482
11023,187056
11023,233130
11023,239934
11023,240315
11023,242689
11023,296608
11023,311315
47802,1157
47802,1420
47802,1944
47802,14735
47802,167043
47802,227148
47802,232225
47802,240119
47802,243959
92298,818
92298,4129
92298,9748
92298,41599
92298,187224
92298,234680
92298,240237
35227,6148
35227,660
35227,34112
29852,65
29852,4924
29852,9786
29852,207317
23001,3515
23001,1443
23001,291
23001,579
23001,2043
23001,2583
23001,9227
51049,7312
51049,208321
51049,208322
11221,6092
11221,539
11221,2898
11221,3278
11221,5721
11221,4966
1824,1453
1824,1668
1824,9799
1824,9758
1824,9094
1824,9673
1824,13063
1824,155457
1824,180557
1824,188993
1824,324429
1824,325832
16784,1415
16784,9927
16784,206931
16784,236072
11083,3664
11083,6054
11083,1338
11083,1918
11083,3451
11083,5867
11083,1191
11083,9070
11083,9071
11083,10226
11083,13042
11083,18420
11083,208611
11083,245202
54045,15363
337,549
337,90
337,970
337,2392
337,7950
337,3230
337,208826
337,208992
337,225554
11951,622
11951,422
11951,458
11951,6149
11951,582
11951,1224
11951,1228
11951,1977
11951,8574
11951,9856
11951,10562
11951,11546
11951,14964
11951,18034
11951,155963
11951,190888
11951,191138
11951,237369
11951,309628
11951,325404
43376,1415
43376,818
43376,6150
43376,10093
43376,11004
43376,12999
28963,7376
28963,1454
28963,2343
28963,3998
28963,4895
28963,6399
28963,9727
28963,11707
28963,12999
28963,18118
28963,33673
28963,41178
28963,154802
28963,191012
2576,587
2576,1739
2576,1956
2576,2913
2576,5565
2576,12999
2576,14641
2576,18035
2576,155619
2576,189422
2576,208729
2576,241982
2576,345688
22561,1585
22561,924
22561,977
22561,5783
22561,3307
22561,9755
22561,12616
22561,18379
22561,163402
22561,207567
19345,207268
14430,417
14430,6084
14430,6078
14430,1919
14430,207883
12775,570
12775,1930
12775,3070
12775,3071
12775,3098
12775,9725
12775,10085
12775,10093
12775,13065
12775,13072
12775,14643
12775,161257
12775,177998
12775,179870
12775,181914
12775,207427
12775,209792
12775,234213
12775,325790
12775,325847
9838,1454
9838,818
9838,409
9838,483
9838,3888
9838,6956
9838,10941
9838,15140
9838,41586
9838,184134
9838,191439
50075,12988
50075,154802
2099,520
2099,1415
2099,797
2099,1568
2099,3149
2099,1812
2099,2987
2099,9730
2099,6220
2099,7002
2099,10291
2099,10950
2099,13116
2099,18522
2099,206544
2099,208289
2099,219404
42852,2504
42852,10508
42852,10873
42852,12999
42852,170378
42852,179359
42852,181203
42852,185413
42852,207928
42852,236170
42852,257246
40454,1415
40454,169990
40454,242955
6470,334
6470,14964
20032,4563
20032,14544
8842,6075
8842,155840
8842,156330
8842,165402
8842,191731
8842,209476
8842,281585
8842,305093
11132,6270
11132,242
11132,6029
11132,586
11132,2570
11132,5248
11132,9823
11132,3975
11132,10483
11132,11870
11132,14632
11132,33928
11132,166233
11132,184483
11132,187056
11132,240315
11132,266244
11132,296608
9352,220
9352,90
9352,567
9352,7868
9352,9935
9352,10776
9352,10031
9352,179431
615,10364
615,3032
615,1405
615,186
615,835
615,3035
615,3571
615,3033
615,3034
615,3036
615,10138
615,9921
615,13006
615,14707
615,230097
615,253695
615,254013
615,267022
615,298106
615,324455
11217,2041
11217,3544
11217,9767
11217,10714
11217,208318
11217,217324
10677,246
10677,1691
10677,966
10677,701
10677,10104
10677,7937
10677,9736
10677,13072
10677,208611
10677,300842
10677,300843
30735,5598
338,1157
338,732
338,211
338,318
338,292
338,697
338,1772
338,1773
338,9457
2023,539
2023,643
2023,2673
2023,3525
2023,5565
2023,6377
2023,8241
2023,9725
2023,18034
2023,155291
2023,180228
2023,207928
9384,387
9384,1568
9384,2149
9384,1228
9384,2150
9384,8015
9384,14856
9384,155490
9384,167316
9384,167724
9384,167726
9384,265194
9384,269769
25935,818
25935,392
25935,3929
25935,5331
25935,3036
25935,9826
25935,10093
25935,10718
25935,15060
25935,15108
25935,34079
25935,40931
25935,156075
25935,161257
25935,229272
25935,237612
25935,257714
25935,335625
25935,335626
25935,335627
797,1566
797,428
797,718
797,3394
797,4280
797,10085
797,10392
797,12999
797,14781
797,159313
797,166989
797,197582
797,198914
797,227947
797,228296
797,252612
797,273000
797,325806
42602,894
42602,851
42602,697
42602,2629
42602,9887
42602,9872
42602,11925
42602,155235
42602,218174
42602,229846
60792,931
60792,818
60792,1411
60792,2411
60792,215492
60792,247733
60792,264386
70113,233
70113,1936
70113,10202
70113,9807
70113,159094
70113,170212
70113,180076
70113,180498
70113,207760
70113,208540
70113,309004
47474,236
47474,291
47474,74
56188,1422
56188,263814
29084,254
29084,90
29084,351
29084,13005
29084,18453
29084,171556
29084,189868
29084,208591
1723,6054
1723,1721
1723,6078
1723,886
1723,888
1723,5751
1723,9450
1723,13028
1723,173644
1723,194595
1723,208611
25955,3430
25955,2106
25955,9807
41876,2652
41876,351
41876,1817
41876,4649
41876,10235
41876,2456
41876,9826
41876,10180
41876,12090
41876,14576
41876,15272
41876,33841
41876,158718
41876,161256
41876,163048
41876,166611
41876,191722
41876,201363
41876,214548
41876,215013
41876,237462
41876,239192
41876,239722
41876,240237
41876,245496
41876,257937
41876,279911
41876,296806
41876,298509
41876,323068
43323,392
43323,2505
43323,10181
43323,10085
43323,13084
43323,157943
43323,196413
43323,213097
43323,220649
43323,361716
67022,378
67022,14604
67022,14641
67022,33494
67022,207876
24548,6270
24548,704
24548,4411
24548,12090
24548,155722
24548,165214
24548,187056
31602,378
31602,798
31602,7118
31602,10275
31602,10958
31602,11558
31602,15009
31602,15237
31602,158449
31602,159700
31602,170450
31602,186923
31602,188991
57744,3392
57744,9712
57744,4252
57744,6894
57744,10809
57744,215479
57744,275133
37044,818
37044,2024
37044,207928
42989,212
42989,642
42989,6149
42989,2492
42989,10123
42989,4553
42989,13068
42989,14856
42989,18118
42989,33699
17047,779
17047,212
17047,591
17047,4654
17047,470
17047,5801
17047,4289
17047,11870
17047,183169
17047,188178
17047,213102
10591,6270
10591,2727
10591,5593
10591,6275
10591,6946
10591,10266
10591,11190
10591,18068
10591,18321
10591,170827
10591,222174
10591,228853
10591,254167
1586,596
1586,931
1586,3030
1586,6149
1586,1533
1586,567
1586,2872
1586,787
1586,703
1586,2340
1586,2669
1586,3344
1586,5585
1586,9826
1586,11363
1586,13028
1586,15160
1586,262826
1586,325783
1586,325802
11169,6078
11169,4289
11169,9145
11169,33625
49689,732
49689,6496
49689,10041
49689,9928
49689,169663
49689,234305
156,3737
156,894
156,236
156,380
156,817
156,6059
156,128
156,892
156,895
156,1252
156,1490
156,2643
156,9457
156,10163
156,11612
156,15106
156,187056
2778,4358
2778,6464
10433,6149
10433,5572
10433,8015
10433,7558
10433,12990
47168,378
47168,4344
47168,9253
47168,14617
47168,15101
47168,15199
47168,33519
47168,47018
47168,158431
47168,189359
47168,191047
58995,1228
58995,2934
58995,9672
58995,156026
43236,6270
43236,1415
43236,570
43236,818
43236,1956
43236,5570
43236,6018
43236,3692
43236,10794
43236,41393
43236,161545
43236,173186
43236,191529
43236,207317
43236,240315
142168,886
142168,4411
142168,10232
142168,12396
142168,161166
142168,161316
142168,187056
142168,234957
40752,5650
40752,166995
40752,192928
924,428
924,2081
924,1366
924,3725
924,4197
924,1912
924,2776
924,10123
924,4376
924,10292
924,6490
924,4884
924,4682
924,9714
924,10349
924,12377
924,15090
924,15162
924,34079
924,41180
924,171846
924,179431
924,186565
924,251667
924,266753
924,325818
38,242
38,802
38,931
38,563
38,1453
38,1566
38,1604
38,5625
38,9673
38,10937
38,12400
38,14534
38,34265
38,157171
38,212737
38,252104
38,293381
38,309029
38,324429
11081,240
11081,4654
11081,1942
11081,5340
11081,5422
11081,6719
11081,3655
11081,10714
11081,221412
4377,516
4377,1468
4377,5340
4377,14676
4377,158718
4377,166582
1720,240
1720,1158
1720,1420
1720,2415
1720,6257
1720,5468
1720,5746
1720,5747
1720,33457
9541,5600
9541,697
9541,1873
5516,3700
5516,2409
5516,9714
5516,170212
5516,179431
5516,325762
5516,325765
5516,325857
20304,818
20304,3149
20304,9730
20304,9748
20304,10291
20304,12371
20304,33556
20304,156158
20304,162388
20304,226499
20304,275100
11024,1299
11024,703
11024,9663
11024,10244
11024,15162
11024,179430
11024,179431
11024,209220
11024,259376
11024,299369
553,6054
553,910
553,570
553,6149
553,3149
553,1842
553,972
553,1936
553,1262
553,2355
553,2492
553,2829
553,2802
553,2804
553,2805
553,2822
553,2823
553,2826
553,2827
553,2831
553,2832
553,11130
553,160488
553,293336
553,325310
553,329578
10544,5657
10544,836
10544,4615
10544,6144
10544,10718
10544,10562
10544,10726
10544,33421
10544,156702
10544,170212
10544,170801
10544,173841
10544,193760
10544,207928
10544,235485
10544,272521
10544,336184
1487,2652
1487,2858
1487,9715
1487,11627
1487,4252
1487,4130
1487,9717
1487,10028
1487,12208
1487,12332
1487,15001
1487,68646
1487,155689
1487,156174
1487,160184
1487,170652
1487,174413
1487,179431
1487,223914
1487,287274
1487,291469
1487,298499
1487,351855
13700,4932
13700,3289
13700,9503
13700,18165
13700,157701
13700,223068
13700,267848
11137,1308
11137,2024
11137,3071
11137,3616
11137,9799
11137,3933
11137,13072
11137,187056
11137,206298
11358,1415
11358,779
11358,1543
11358,9672
11358,9714
11358,13006
11358,13116
11358,18522
11358,219404
13573,9840
13573,10508
13573,9826
13573,13028
13573,14604
13573,174258
19084,2803
19084,164246
19084,209792
19084,309974
19084,320420
19084,325761
19084,325762
19084,325769
19084,325806
19084,325809
19084,325814
19084,325856
10733,1556
10733,8862
10733,155466
14442,818
14442,603
14442,2343
14442,3205
14442,2710
14442,3071
14442,170362
14442,189099
14442,189111
14442,198780
14442,208705
2122,2708
25300,548
25300,131
25300,157367
25300,170865
25300,239537
13432,18035
13432,34079
13432,187056
13432,197919
26636,5756
6844,1160
6844,536
6844,488
6844,2856
6844,186
6844,2831
6844,2618
6844,3036
6844,11704
6844,11001
6844,157894
6844,186756
6844,186939
6844,194195
6844,253695
6844,343520
6844,348322
6844,361716
923,720
923,6092
923,4630
923,4197
923,3431
923,3544
923,10292
923,4632
923,4633
923,6490
923,4884
923,6951
923,9276
923,10907
923,12377
923,14736
923,14811
923,157690
923,168643
923,186565
923,193594
923,251667
923,325818
2587,186
2587,11001
2587,41610
2587,215160
2587,253695
3591,1605
3591,2164
3591,3347
3591,4428
3591,6854
3591,9823
3591,10121
3591,10506
3591,12616
3591,155300
3591,159955
3591,160064
3591,192918
28026,6029
28026,578
28026,570
28026,331
28026,567
28026,1721
28026,3993
28026,9748
28026,10614
28026,6142
28026,12670
28026,14964
28026,15079
28026,33879
28026,164296
28026,203215
28026,203220
41857,5301
41857,7150
41857,9503
41857,33344
41857,187117
10338,10168
10338,164889
10338,168546
10338,168547
10338,168550
10338,168566
10338,168567
10338,168568
10338,210184
10338,258829
33839,586
33839,4498
33839,243186
133919,1599
133919,6038
133919,9957
133919,11833
133919,14720
133919,15160
133919,33494
133919,33740
133919,162219
133919,163758
133919,171848
133919,219902
95548,378
95548,10229
95548,15232
95548,15234
95548,156064
50549,3616
50549,9663
50549,14768
38978,836
38978,4615
38978,9672
38978,9503
38978,10718
38978,10562
38978,10958
38978,33421
38978,170212
38978,170801
38978,173841
38978,193760
38978,206160
38978,222934
38978,235485
38978,272521
38978,276186
38978,301982
38978,324106
38978,336184
42245,1329
42245,2041
42245,818
42245,2763
42245,579
42245,3725
42245,5332
42245,2479
42245,2673
42245,5160
42245,10292
42245,6396
42245,14793
42245,18171
42245,33688
42245,33772
42245,34079
42245,158252
42245,173272
42245,180715
42245,189359
42245,215522
68347,11100
68347,9663
68347,163561
68347,189359
68347,206850
107285,3539
34082,4344
34082,9799
34082,15214
34082,167043
34082,167541
34082,192096
34082,234849
34082,269709
22999,90
22999,10685
22999,1252
22999,1806
22999,2905
22999,3230
22999,12999
22999,15097
20278,409
20278,690
20278,3185
20278,2043
20278,3513
20278,9253
20278,10787
20278,12999
20278,14895
20278,164218
20278,224121
18698,246
18698,4344
18698,9725
18698,10835
18698,12990
18698,166472
18698,179411
18698,183523
18698,189099
18698,361842
47201,33344
12239,591
12239,1721
12239,2085
12239,3278
12239,11715
12239,13424
12239,18035
12239,41153
4365,1299
4365,5967
4365,4552
4365,7151
4365,187056
86182,10181
86182,9714
86182,155488
45862,6270
45862,818
45862,3269
45862,3986
45862,6733
45862,9955
45862,10541
45862,246466
65066,15363
65066,163484
42228,12670
42228,155790
42228,207268
16561,242
16561,3485
16561,10181
16561,9824
16561,157768
54655,586
54655,1873
54655,10738
54655,9673
10843,242
10843,236
10843,248
10843,1552
10843,2334
10843,2635
10843,2679
10843,3307
10843,4470
10843,9887
10843,10901
10843,9727
10843,9826
10843,11578
10843,162914
10843,193551
10843,202558
10843,202559
10843,202560
10843,209845
10843,277050
10843,287556
10843,320420
2098,246
2098,578
2098,720
2098,395
2098,1003
2098,9844
2098,8181
2098,8290
2098,10229
2098,10850
2098,14570
2098,14725
2098,156221
2098,158345
2098,191279
2098,229429
2098,361867
65332,549
65332,441
65332,187056
34303,6075
34303,5970
34303,11431
15673,2231
15673,520
15673,1568
15673,824
15673,3581
15673,10325
15673,7312
15673,12670
15673,33928
15673,160246
15673,175208
15673,179305
15673,181329
15673,238817
15673,253239
15673,262350
15673,295959
15673,325126
393,5600
393,779
393,780
393,797
393,6145
393,3927
393,380
393,1400
393,1908
393,2784
393,9457
393,9725
393,9748
393,7002
393,162388
393,179430
393,179431
393,362003
7220,1568
7220,1375
7220,473
7220,9715
7220,7375
7220,9717
7220,9748
7220,7002
7220,10291
7220,10226
7220,13116
7220,14546
7220,18187
7220,33595
7220,214985
7220,272551
7220,325766
7220,325772
33823,1739
163676,158718
163676,209987
237,3737
237,596
237,30
237,3012
237,388
237,892
237,1422
237,1261
237,3725
237,10818
237,34094
237,171826
237,207268
237,343478
10096,242
10096,1003
10096,4222
10096,4379
10096,4896
10096,9767
10096,163069
10096,178329
10096,255338
10096,296608
10096,303942
10096,314216
9509,534
9509,1547
9509,818
9509,1930
9509,3088
9509,2913
9509,3036
9509,9714
9509,10668
9509,9748
9509,10176
9509,15156
9509,33457
9509,156816
9509,170865
9509,181117
9509,182733
9509,202371
9509,212801
9509,229972
9509,256401
9509,266013
9509,267608
9509,298458
9509,312243
9509,314730
9509,319922
19016,15162
19016,162628
19016,269769
60645,6029
60645,578
60645,2020
60645,9701
60645,4434
60645,4470
60645,10610
60645,12192
60645,14964
60645,18002
60645,18021
60645,307839
60645,335386
60645,335877
10710,931
10710,1436
10710,10226
10710,12392
10710,13025
10710,15162
10710,155624
10710,159496
11058,222
11058,3030
11058,697
11058,402
11058,13005
11141,3012
11141,2570
11141,9823
11141,13072
11141,14985
11141,172471
10625,818
10625,1245
10625,5248
10625,6733
10625,10683
10625,10266
10625,10809
10625,11860
10625,12392
10625,14518
10625,15208
10625,18453
10625,41203
10625,41368
10625,155722
10625,166623
10625,170418
10625,189964
10625,190141
10625,206720
10625,229802
10625,230113
10625,256669
10625,292334
10625,296608
10625,325766
10625,325793
10625,325834
10625,325836
10625,325845
54807,1480
54807,10562
54807,12279
54807,14570
54807,162739
54807,240119
11025,242
11025,1608
11025,6876
11025,5699
11025,5800
11025,13160
11025,15016
11025,15158
11025,155722
11025,161267
11025,168220
11025,168346
11025,170268
11025,173919
11025,185311
11025,187056
11025,241738
11025,296608
7131,272
7131,3133
7131,716
7131,4197
7131,3098
7131,10028
7131,12564
7131,15032
7131,162729
7131,163138
7131,207928
7131,220652
7131,258464
7131,261274
7131,293198
7131,325765
26899,697
26899,2479
26899,6733
26899,10683
26899,9627
26899,9789
26899,10180
26899,11004
26899,156799
26899,158718
26899,163037
26899,240119
26899,242689
26899,258533
30125,2518
30125,14626
30125,14743
16428,1595
16428,9799
16428,5999
16428,13043
16428,13072
16428,14602
16428,14818
16428,15162
16428,157286
16428,160815
16428,163096
16428,164829
16428,207050
16428,209346
16428,246126
16428,259376
16428,276775
16428,313436
16428,318455
16428,324429
16428,329911
652,596
652,380
652,6062
652,3930
652,2035
652,3258
652,3265
652,4372
652,4373
652,9725
652,10141
652,12995
652,14704
652,41011
652,158553
652,162861
652,187305
652,189601
652,235616
652,235617
652,291153
652,294144
652,317728
652,317735
652,325812
652,343487
652,358120
652,358121
8440,378
8440,796
8440,2013
8440,8040
8440,8041
8440,13005
883,919
883,3170
883,3019
883,2439
883,3458
883,4438
883,4430
883,4431
883,4432
883,4433
883,4434
883,4436
883,155068
38018,972
38018,1956
38018,11004
38018,157799
38018,207883
38018,221285
34377,242
34377,5732
34377,10181
34377,10180
34377,158718
34377,190388
34377,258533
20375,2964
20375,11363
20375,10410
10375,7464
10375,10714
10375,11612
10375,15090
10375,200784
42015,6029
42015,6656
42015,33621
42015,47020
42015,195239
42015,233001
42015,342662
68440,521
68440,74
68440,174594
12503,1157
12503,5299
12503,1228
12503,2020
12503,4747
12503,6342
11864,2964
11864,6054
11864,2398
11864,2831
11864,2902
11864,4723
11864,9951
11864,9882
11864,9743
11864,12425
11864,13194
11864,14906
11864,161265
11864,162482
11864,162536
9461,2041
9461,779
9461,780
9461,1530
9461,345
9461,470
9461,9390
9461,5923
9461,12354
9461,14943
9461,14988
9461,156159
9461,167352
57811,187056
132,5283
132,156205
132,162066
132,200276
132,204236
28276,233
28276,970
28276,3156
28276,4108
28276,7598
28276,10907
28276,18453
28276,154900
28276,180498
28276,180523
28276,188849
28276,195268
28276,205734
28276,206834
28276,208634
28276,208981
28276,216919
28276,232130
28276,237927
28276,274386
28276,298198
28276,302839
28276,326180
18329,5625
18329,10180
18329,10596
18329,158718
18329,230565
18329,241804
18329,258533
18329,289844
17993,90
17993,13028
17993,155870
17993,164754
17993,214548
37447,2957
37447,2339
37447,3695
37447,8039
4339,3664
4339,90
4339,2652
4339,2279
4339,11687
4339,34126
4339,156597
4339,164889
4339,199947
4339,235383
42108,1956
42108,5565
42108,9833
42108,158718
42108,187056
42108,264386
18513,1585
18513,2857
18513,414
18513,3713
18513,409
18513,2043
18513,3513
18513,3644
18513,10148
18513,9897
18513,10661
18513,10349
18513,9826
18513,10230
18513,10562
18513,10958
18513,18096
18513,192913
18513,195348
18513,207678
18513,207928
18513,211004
18513,224121
18513,253826
18513,255401
18513,257815
18513,281576
18513,294514
18513,316190
18513,328072
18513,329547
18513,330195
18513,330196
26517,3133
26517,9856
26517,9826
26517,41308
26517,157799
26517,175233
26517,188705
26517,192241
26517,235173
28285,2495
28285,9672
28285,41329
28285,169411
28285,212803
28285,361521
22137,10123
22137,4573
22137,11612
22137,256183
22137,297095
22137,323493
5247,6373
5247,9826
5247,190370
31676,818
31676,1562
31676,5303
31676,7118
31676,9714
31676,14903
31676,207156
49622,1326
49622,242
49622,2356
49622,387
49622,818
49622,5565
49622,9672
49622,11268
49622,13028
49622,33979
49622,155870
49622,157799
49622,171493
49622,192230
49622,208205
49622,245613
49622,247152
238952,9813
238952,187056
10035,2201
10035,3508
10035,2383
10035,3616
10035,5690
10035,11254
10035,11718
10035,12090
10035,167768
10035,188960
502,242
502,840
502,1402
502,1815
502,2534
502,2106
502,2297
502,2314
502,2321
502,2528
502,2531
502,2532
502,2533
502,2535
502,186450
502,233360
502,246199
502,321918
502,343819
41965,1566
41965,3030
41965,6095
41965,4079
41965,4640
41965,13151
41965,157955
41965,224389
41965,305675
10347,642
10347,90
10347,1437
10347,974
10347,2492
1373,3737
1373,3658
1373,1605
1373,536
1373,488
1373,588
1373,701
1373,970
1373,6078
1373,290
1373,697
1373,587
1373,3725
1373,2013
1373,3648
1373,4073
1373,3190
1373,4116
1373,6083
1373,4663
1373,5403
1373,5404
1373,9649
1373,9826
1373,13027
1373,14760
1373,14765
1373,161207
1373,170652
1373,194063
30959,1462
30959,818
30959,3206
30959,3373
30959,4262
30959,6044
30959,10794
30959,12660
30959,13153
30959,41411
30959,156580
30959,162846
30959,182677
30959,194938
30959,226475
30959,250593
30959,287878
43341,305
43341,3801
43341,14626
13055,14534
13055,187056
667,2041
667,233
667,782
667,212
667,720
667,441
667,818
667,1432
667,392
667,3739
667,746
667,2770
667,3269
667,2534
667,3272
667,1308
667,1293
667,3075
667,3268
667,3271
667,3289
667,3284
667,3346
667,3347
667,9882
667,13065
667,15127
667,41249
667,222423
700,291
700,1815
700,3272
700,3185
700,2295
700,3278
700,3496
700,3497
700,6587
700,156095
700,332609
700,332610
21594,9807
21594,321676
26976,428
26976,496
26976,1992
26976,10163
26976,11612
26976,13005
26976,173655
26976,194254
26976,217409
26976,220363
36670,282
36670,470
36670,3345
36670,10261
36670,10503
36670,155334
36670,156095
18872,236
18872,818
18872,2692
18872,4232
18872,9928
18872,187224
44864,2199
44864,7881
31993,444
31993,931
31993,934
31993,1749
31993,155457
31993,184426
31993,215593
31993,237301
43818,818
28290,4480
28290,7337
28290,191192
24650,242
24650,918
24650,818
24650,2301
24650,195541
24650,245613
24650,323246
55086,1459
55086,931
55086,128
55086,9824
55086,12392
55086,155251
55086,155624
55086,157187
55086,160815
55086,171670
55086,193049
55086,207693
55086,234303
43525,1326
43525,818
43525,2672
43525,6440
43525,5923
43525,11157
43525,160977
43525,162701
43525,236905
43525,237460
43525,241738
20640,242
20640,736
20640,972
20640,1480
20640,2393
20640,5091
20640,9799
20640,11677
20640,12193
20640,155457
20640,188662
20640,324123
50363,110
50363,3282
50363,4115
50363,4674
50363,6876
50363,9673
50363,11336
50363,9957
50363,15319
50363,34041
50363,208421
50363,233606
633,818
633,5265
633,1956
633,2433
633,1199
633,3156
633,3230
633,189422
633,207844
633,207883
633,254255
5511,90
5511,6149
5511,2708
5511,5823
5511,10202
5511,41158
5511,155845
5511,177964
5511,197582
5511,206041
5511,207268
5511,233083
5511,325839
41003,828
41003,818
41003,9673
41003,157799
41003,168750
13936,2284
13936,2493
13936,2752
13936,4344
13936,10181
13936,9454
13936,165804
13936,165824
13936,165826
13936,165835
13936,165836
13936,236170
294,4932
294,1862
294,585
294,818
294,1197
294,5876
294,9833
294,15160
294,18034
294,158718
294,187056
294,208611
294,217409
294,264386
11507,6149
11507,2147
11507,3581
11507,9732
11507,9826
11507,10226
11507,12570
11507,12670
11507,155024
11507,156391
11507,158436
11507,158988
11507,173913
11507,178649
11507,207268
11507,207767
11507,323449
17538,75
17538,5521
17538,7176
17538,9663
17538,11207
17538,10176
17538,159869
17538,164555
17538,166578
17538,187028
17538,192391
17538,200705
17538,217301
17538,222342
17538,236855
17538,241987
17538,316971
10435,10685
10435,6078
10435,3836
10435,5565
10435,9672
10435,18035
10435,194595
10435,207876
10435,236170
1162,1741
1162,1635
1162,2470
1162,5565
1162,6165
1162,10508
1162,18015
1162,41355
1162,46959
1162,163865
1162,188953
1162,198914
1162,207928
1162,215779
1162,230350
1162,254844
1162,311045
1162,321269
1162,345513
34328,6029
34328,10181
34328,6656
34328,11634
47108,394
47108,4344
47108,9075
47140,187056
40930,249749
40930,258533
14684,6278
14684,6075
14684,1700
14684,10683
14684,11704
14684,10144
14684,185158
14684,208611
10261,3737
10261,1936
10261,11436
10261,5484
10261,5629
10261,9094
10261,9649
10261,9826
10261,10448
10261,14742
10261,14999
10261,15086
10261,186507
10261,232592
10261,279326
163869,12396
163869,13028
13937,516
13937,1930
13937,703
13937,2013
13937,4551
13937,9856
13937,11268
13937,11612
13937,156097
13937,156835
13937,157701
13937,169411
13937,314730
13937,321464
29601,6092
29601,4344
29601,12999
118617,15160
118617,18009
118617,187056
23981,779
23981,780
23981,818
23981,10508
23981,14956
23981,185018
23981,187056
26670,4326
26670,9249
26670,360808
44047,187056
31965,570
31965,818
31965,2871
31965,14783
31965,18070
31965,157714
31965,177894
31965,188591
31965,207941
31965,209568
31965,222783
31965,254453
5842,233
5842,1462
5842,1794
5842,5774
5842,7118
5842,12377
5842,12415
5842,202409
5842,235261
19463,3098
19463,6344
24012,212
24012,2505
24012,3071
24012,9673
24012,13084
24012,204060
988,387
988,903
988,1618
988,1269
988,3521
988,4368
988,4606
988,10410
988,13424
988,18268
988,209799
988,226616
988,226617
988,226618
988,226619
125103,4606
204,5175
204,657
204,314
204,818
204,6059
204,1291
204,592
204,430
204,3464
204,1560
204,3230
204,7176
204,9276
204,10590
204,13073
204,14601
204,15222
204,15291
204,18266
204,33585
204,155963
204,167043
204,222348
204,227039
204,227812
204,253043
204,279744
204,296770
204,308750
9356,1009
9356,380
9356,3725
9356,18035
9356,187056
32430,745
32430,10093
32430,10873
32430,12999
32430,14765
32430,18396
16113,10084
16113,779
16113,3800
16113,1543
16113,1721
16113,1627
16113,4245
16113,11107
16113,9672
16113,10184
16113,10185
16113,10174
16113,12371
16113,13015
16113,193423
16113,219404
16113,274920
16113,279473
16113,292185
16113,328920
16113,344270
33575,931
33575,6075
33575,2702
33575,12193
13913,4344
13913,10181
13913,12570
13913,12999
13913,156764
17956,187056
18209,14999
18209,185459
25508,931
25508,128
25508,977
25508,2172
25508,4375
25508,7453
25508,8181
25508,9807
25508,10541
25508,12999
25508,155819
25508,178856
25508,238613
25508,238715
25508,241980
25508,274115
25508,278130
25508,339284
18978,3966
18978,4344
18978,10181
18978,10466
18978,10982
18978,34067
18978,41406
18978,177129
18978,184663
27171,818
27171,9799
27171,9957
27171,168346
29486,3739
29486,977
29486,351
29486,1909
29486,12434
29486,41393
29486,166490
29486,207928
12310,254
12310,3182
12310,4315
12310,8201
12310,14577
12310,34038
42205,2957
42205,779
42205,502
42205,1543
42205,1721
42205,6078
42205,1228
42205,11107
42205,9748
42205,10141
42205,13065
42205,13116
42205,15218
42205,15248
42205,18522
42205,162365
42205,219404
27786,4458
27786,10489
27786,18034
9624,779
9624,5175
9624,417
9624,1721
9624,3070
9624,3355
9624,4289
9624,10148
9624,9720
9624,9880
9624,13015
9624,13116
9624,18522
9624,161318
9624,219404
9624,269233
37296,521
37296,833
37296,6078
37296,190617
37296,197747
37296,217083
37296,231109
37296,232986
37296,237447
37296,296276
25736,596
25736,1326
25736,818
25736,1420
25736,10738
25736,9016
25736,9807
25736,9826
25736,12999
25736,13017
25736,174548
25736,199645
25736,237459
25736,248288
25736,316316
25389,1196
25389,2106
25389,4409
25389,9732
25389,181558
25389,208992
25389,217421
25389,227169
25389,235736
25389,242689
5248,6270
5248,4563
5248,11870
5248,240070
5248,325939
5248,325940
5248,325941
5248,325966
52794,1009
52794,818
52794,3725
52794,15162
52794,18165
52794,161219
52794,202371
9872,1612
9872,1566
9872,521
9872,3801
9872,6733
9872,9951
9872,12392
9872,13035
9872,161293
9872,165100
9872,221226
19552,596
19552,2956
19552,188
19552,4048
19552,4402
19552,9673
19552,156456
19552,300685
2786,90
2786,2853
2786,5918
2786,4029
2786,7312
2786,9016
2786,10594
2786,33702
2786,47079
2786,320537
8075,9887
8075,5756
8075,3612
94771,187056
50271,10685
50271,15234
38274,1595
68981,187056
10235,14643
10235,189884
10235,189885
10235,215160
11533,3799
11533,4062
11533,1701
11533,3930
11533,2250
11533,2036
11533,9316
11533,10121
11533,162861
11533,180909
11533,185343
11533,188280
11533,275158
2817,894
2817,6635
1394,1566
1394,131
1394,6711
1394,10937
1394,41410
1394,169637
1719,848
1719,3800
1719,822
1719,90
1719,699
1719,2080
1719,1902
1719,5852
1719,14602
1719,15160
781,732
781,428
781,2279
781,1262
781,11612
781,195732
13553,242
13553,6029
13553,5918
13553,2679
13553,10123
13553,3298
13553,4142
13553,4470
13553,9826
13553,14765
13553,14805
13553,155024
13553,173919
13553,177927
13553,189921
183252,6483
183252,10637
183252,196683
3777,233
3777,1462
3777,818
3777,530
3777,3098
3777,3734
3777,10085
3777,162846
3777,186753
3777,194424
3777,197283
3777,198754
3777,318141
11659,3679
11659,697
11659,629
11659,2339
11659,4004
11659,8032
11659,8901
11659,12653
11659,18187
11659,155294
11659,160224
11659,190456
11659,209803
11659,213077
11659,214991
11659,227068
11659,230890
11659,232900
24065,378
24065,570
24065,1419
24065,9826
24065,187056
39907,3242
39907,6092
39907,1566
39907,1402
39907,1938
39907,697
39907,1419
39907,836
39907,345
39907,1261
39907,3725
39907,5331
39907,5329
39907,1700
39907,2820
39907,3434
39907,5499
39907,9725
39907,11181
39907,10141
39907,11579
39907,11581
39907,11872
39907,14546
39907,14601
39907,14643
39907,33457
39907,34079
39907,157444
39907,157758
39907,169618
39907,170309
39907,184369
39907,190061
39907,192913
39907,209076
39907,210714
39907,227352
39907,227419
39907,227420
39907,262826
26612,3799
26612,1454
26612,1860
26612,2041
26612,6956
26612,11088
26612,12988
26612,159817
26612,210246
26612,240766
26612,294144
26612,322942
26612,343962
10604,246
10604,1691
10604,6054
10604,818
10604,4129
10604,5331
10604,4144
10604,1200
10604,8011
10604,2365
10604,10818
10604,12999
10604,41592
10604,219988
10604,240422
10604,256330
10604,281585
10604,325761
10604,325765
10604,325769
10604,325773
10604,325778
10604,325781
10604,325782
10604,325784
10604,325806
10604,325807
10604,325811
10604,325824
10604,325840
10604,325853
44098,9758
44098,2456
44098,12653
44098,235886
44098,243959
16876,6270
16876,258
16876,6733
16876,10181
16876,170646
16876,171676
16876,233615
16876,256694
16876,302746
16876,302748
37437,1262
37437,10349
37437,241600
141003,796
141003,917
141003,11734
141003,12193
141003,171184
141003,171989
141003,209799
77780,2213
77780,10041
77780,7658
9545,1589
9545,5572
9545,5739
9545,11399
9545,10787
9545,12355
9545,159936
9545,162014
9545,162028
9545,162031
9545,162034
53117,2150
53117,3616
53117,10180
53117,158718
53117,258533
41651,6104
41651,4563
41651,1576
41651,2604
41651,10714
41651,11612
41651,13040
41651,14768
41651,15162
41651,162587
41651,166662
41651,187056
41651,241954
29270,2673
29270,40895
29270,155240
29270,190066
29270,236343
28030,2636
28030,11406
28030,224455
16514,1701
16514,1956
16514,13065
16514,253373
1926,5907
1926,6059
1926,6007
1926,1418
1926,1242
1926,161304
1926,172971
1926,187056
11060,4654
11060,1998
11060,6523
11060,11730
11060,11734
11060,12670
11060,167377
17365,441
17365,417
17365,818
17365,6078
17365,2350
17365,2944
17365,10410
17365,12193
17365,12670
17365,14548
17365,33896
17365,246926
11474,242
11474,542
11474,3149
11474,635
11474,2987
11474,9273
11474,10349
11474,15290
11474,33426
11474,155735
11474,180085
11474,180172
11474,192913
11474,312898
11474,325811
49320,1956
49320,235767
42204,1224
42204,2135
42204,207887
33157,5565
33157,4381
33157,207928
33157,221549
24798,1415
24798,1556
24798,11687
277073,1326
277073,6593
277073,15214
4923,2964
4923,4978
4923,4565
4923,9826
4923,198738
36741,212
36741,1488
36741,271
36741,3090
36741,9840
36741,10729
36741,12389
36741,12999
36741,18054
36741,191482
11656,570
11656,5301
11656,4402
11656,1468
11656,9748
11656,18011
11656,161257
11656,184352
11656,215160
11656,268016
16284,1546
16284,470
16284,1956
16284,4552
16284,12999
16284,18034
16284,167477
25009,2763
25009,690
25009,3513
25009,7169
25009,11518
25009,9895
25009,10481
25009,195348
25009,215257
25009,224121
25009,290955
25009,315709
25009,327771
91226,9817
91226,33490
171229,158718
171229,240305
171229,258533
40092,188841
10133,848
10133,1568
10133,4183
10133,5265
10133,4565
10133,2251
10133,6133
10133,9016
10133,11469
10133,10410
10133,156334
10133,186189
10133,189449
10133,193305
10133,193554
10133,207110
82838,1968
82838,3264
82838,3556
82838,4406
82838,4595
82838,10202
82838,9957
82838,11267
82838,12400
82838,13006
82838,18103
82838,158787
82838,162345
82838,230700
82838,235492
82838,240119
82838,241869
82838,261284
14589,12999
14589,173685
14594,12999
14594,173685
14590,12999
14590,173685
14588,613
14588,1157
14588,2587
14588,2334
14588,9826
14588,12570
14588,12999
14588,155790
14588,161982
14588,173685
14595,12999
14595,173685
9459,458
9459,460
9459,6579
9459,10776
9459,11700
9459,14964
9459,154866
9459,156137
9459,156205
9459,194239
9459,206224
9459,226971
9459,246377
9459,254167
9459,291354
9459,302127
9459,303310
9459,324429
9459,325824
9459,336024
9459,342125
9459,362404
465,1525
465,2087
465,2201
465,2389
465,966
465,380
465,970
465,965
465,2335
465,2316
465,2333
465,2334
465,2336
465,11428
465,14669
465,41404
465,156316
465,157504
465,187056
465,210245
86600,818
86600,351
86600,470
20644,1326
20644,444
20644,2374
20644,2574
20644,12541
20644,15162
20644,155457
20644,231374
20644,238575
20644,324123
24965,6092
24965,4107
24965,8862
24965,13065
24965,160796
24965,207928
17653,780
11069,1415
11069,9743
11069,13031
11069,14991
11069,158064
11069,158144
11069,158269
11069,158272
11069,158276
11069,158278
11069,158279
11069,246238
10829,1415
10829,10349
10829,13031
10829,34152
10829,158064
10829,158135
10829,158139
10829,158141
10829,158142
10829,158144
10829,158145
10829,285485
10829,285486
19425,2343
19425,12096
108055,1252
108055,1919
108055,12987
108055,156764
9698,4470
9698,236316
57946,11192
57946,3485
57946,187056
45044,187056
45044,190370
26860,3392
26860,3136
26860,5518
26860,12377
26860,12999
26860,156578
26860,156764
26860,191345
26860,209118
26860,239353
26860,252690
26860,281237
26860,293016
26860,312469
29049,3392
29049,8079
29049,10864
29049,12377
29049,40931
27130,2041
27130,931
27130,128
27130,428
27130,6156
27130,3392
27130,5941
27130,3136
27130,6231
27130,9332
27130,10752
27130,11157
27130,12377
27130,13005
27130,33457
27130,33787
27130,155819
27130,157524
27130,167890
27130,181914
27130,189931
27130,196987
27130,221882
27130,279340
27130,297583
27130,297585
27130,297586
8468,578
8468,1416
8468,2671
8468,1909
8468,2235
8468,2636
8468,4044
8468,5545
8468,6653
8468,7312
8468,13092
8468,14736
8468,167043
8468,192164
31952,5600
31952,3133
31952,2804
31952,9748
39043,1244
39043,9672
39043,8353
39043,183434
39043,191599
39043,207941
39043,261274
39043,325813
54396,579
54396,1879
54396,2920
54396,10053
22682,4344
22682,8201
22682,6282
22682,12094
22682,165241
22682,210605
22682,212796
22682,336694
11577,798
11577,10292
11577,4995
11577,6144
11577,10688
11577,10176
11577,157187
11577,170314
11577,221091
11577,226499
42402,9748
42402,186391
42402,208009
42402,221091
42402,238539
42402,287407
21159,3133
21159,3170
21159,4458
21159,10150
21159,12377
21159,12999
21159,13092
21159,14673
21159,41373
21159,160960
21159,162344
21159,162685
21159,164092
21159,166512
21159,169570
21159,170063
21159,183203
21159,183205
21159,183206
21159,183214
21159,183215
40810,779
40810,233
40810,1336
40810,1930
40810,1794
40810,3070
40810,3436
40810,10076
40810,10391
40810,10911
336,534
336,642
336,570
336,1563
336,2019
336,2020
336,6069
336,156212
336,362404
11942,549
11942,801
11942,534
11942,3458
11942,9748
11942,9826
11942,12371
11942,14707
11942,34079
11942,161999
36206,708
36206,26904
36206,171854
36206,180199
36206,180974
36206,251720
36206,253222
36206,253793
36206,265823
23330,549
23330,960
23330,18034
23330,33600
23330,162726
23330,172504
23330,187253
23330,215001
5927,1019
5927,1859
5927,5135
5927,9094
5927,9276
49636,780
49636,156159
3075,570
3075,10125
3075,8250
3075,9826
3075,41207
3075,171247
3075,203836
3075,258464
30137,1299
30137,352
30137,4198
30137,9712
30137,9748
30137,9786
30137,9826
30137,11183
30137,10541
30137,12545
30137,15032
30137,18087
30137,33505
30137,34137
30137,41011
30137,41207
30137,41393
30137,156174
30137,157466
30137,235574
5521,383
5521,4258
5521,3715
5521,7496
27636,380
27636,6373
27636,6625
27636,33439
27636,173719
27636,179433
27636,238467
27636,240119
222,220
222,558
222,12999
222,13008
222,15216
222,154802
222,220141
222,269412
10686,1454
10686,233
10686,1462
10686,1400
10686,1938
10686,4498
10686,7629
10686,155294
42688,6078
42688,8201
42688,15158
42688,169086
25598,422
25598,380
25598,191008
25598,208992
25598,243959
25858,233
25858,3149
25858,1794
25858,13005
25858,33457
25858,159845
14262,1755
14262,6262
14262,10123
14262,11315
14262,9772
14262,9826
14262,14895
14262,17971
14262,264386
14262,281237
38701,14999
33357,378
33357,947
33357,11578
33357,10391
21948,422
21948,447
21948,1522
21948,1968
21948,2669
21948,9856
21948,9748
21948,10950
21948,14903
21948,161712
30368,1419
30368,703
30368,9807
30368,12369
30368,12999
30368,180498
30368,221227
1059,233
1059,3230
1059,186753
1059,194424
1059,198754
1059,208244
1059,259338
12493,2072
12493,6149
12493,1336
12493,554
12493,1930
12493,1936
12493,2671
12493,9807
12493,12999
12493,54612
12493,157241
12493,180533
12493,256432
12493,296479
12493,321464
12493,327574
42090,10937
13122,516
13122,10685
13122,1366
13122,10714
13122,11318
13122,12662
13122,14895
13122,33841
13122,34136
13122,41329
13122,41409
13122,157701
13122,165439
13122,166888
13122,170383
13122,173431
13122,177349
13122,180523
13122,182422
13122,200234
13122,202873
13122,207112
13122,212425
13122,220486
13122,237126
13122,240315
13122,240485
13122,272673
13122,309974
13122,325766
13122,325844
55730,1419
55730,10226
55730,187056
14273,242
14273,2981
14273,12999
14273,189342
14273,210608
14273,338741
26940,585
26940,2652
26940,12999
11030,5571
11030,6562
11030,11800
11030,14569
11030,15106
11030,163053
11030,163895
11030,164880
11030,207876
11030,214548
11030,290494
11030,325836
11030,331417
29454,1565
29454,1252
29454,2629
29454,3298
29454,4280
29454,5707
29454,10061
29454,10735
29454,168490
29454,170351
29454,257139
11506,612
11506,380
11506,9935
11506,14837
11506,33513
11506,239797
11506,241738
11506,251667
11506,259376
11506,311315
11506,314730
11506,325791
29455,236
29455,1442
29455,6150
29455,1499
29455,10093
29455,190755
29455,197056
29455,225219
29455,228753
29455,325780
29455,325799
11602,5600
11602,2041
11602,222
11602,10818
11602,41329
11602,164880
29453,851
29453,2343
29453,2340
29453,11627
29453,40931
29453,170351
29453,181328
29453,186894
29453,211512
29453,221960
11700,1655
11700,2695
11700,10909
11700,11869
11700,34094
11700,236170
11700,238715
47735,3725
47735,8085
47735,165100
47735,177922
47735,177923
14638,1415
14638,586
14638,1420
14638,2792
14638,10051
14638,9016
14638,9807
14638,9826
14638,12999
14638,18083
14638,155435
14638,155797
14703,612
14703,534
14703,992
14703,5159
14703,3065
14703,5933
14703,5612
14703,10181
14703,6741
14703,10093
14703,10423
14703,14765
14703,33457
14703,33788
14703,164046
14703,176218
14703,189585
14703,192391
14703,226038
14703,269808
35806,2833
35806,2842
35806,3363
35806,5565
35806,6165
35806,18267
35806,40932
35806,159313
35806,160840
35806,172624
35806,184987
35806,190205
35806,190906
35806,215579
35806,220082
35806,234868
35806,240237
35806,240303
35806,257139
35806,259722
35806,274107
35806,283291
35806,286690
35806,336992
35806,336993
35806,361521
3547,596
3547,1721
3547,738
3547,6038
3547,9673
3547,162365
3547,258533
41089,894
41089,534
41089,1157
41089,734
41089,818
41089,1755
41089,6231
41089,7464
41089,33457
41089,40879
41089,159601
41089,167350
41089,209789
41089,214548
41089,231109
42179,818
42179,531
42179,186
42179,11436
42179,18072
42179,164092
28415,233
28415,1930
28415,1794
28415,10391
20481,1299
20481,10685
20481,6152
20481,10714
20481,177895
5481,236
5481,3358
5485,6152
5485,13006
5485,15032
5485,40931
31581,378
31581,236
31581,570
31581,739
31581,3149
31581,9672
31581,10041
31581,9826
31581,15363
31581,33841
31581,156650
31581,223474
31581,240237
31581,346293
22694,5498
22694,11660
22694,10776
7090,1326
7090,387
7090,1526
7090,3725
7090,2299
7090,2539
7090,5905
7090,11001
7090,14632
7090,14964
7090,33457
7090,157701
7090,171341
7090,173977
42632,156205
42632,164090
42632,185426
42632,200276
5902,10364
5902,6092
5902,5300
5902,1956
5902,1199
5902,3450
5902,11117
5902,9672
5902,7621
5902,13065
5902,193900
5902,202396
5902,207883
5902,260091
5902,311315
10775,4654
10775,1568
10775,12354
4552,1453
4552,726
4552,697
4552,1849
4552,1803
4552,5921
4552,5975
4552,5923
4552,10614
4552,12565
4552,41411
4552,156174
4552,174089
4552,181324
4552,208304
4552,234995
4552,286954
4552,295907
4552,309029
12762,242
12762,2679
12762,3485
12762,5490
12762,194018
14510,1706
14510,4375
14510,10125
14510,9820
14510,33465
14510,287274
15618,4458
15618,10046
15618,10891
15618,11272
15618,14544
15618,202314
24341,10292
24341,9887
24341,11183
24341,14527
24341,33630
24341,170711
24341,209907
24341,214601
24341,238565
24341,240764
10690,1373
10690,3386
10690,4633
40028,549
40028,428
40028,3133
40028,9951
40028,9714
26326,11196
26326,578
26326,4344
26326,4470
26326,9783
26326,11663
26326,320420
13282,4565
13282,11799
13282,9666
13282,295702
27658,395
27658,5305
27658,2479
27658,155701
22642,2276
22642,2679
22642,6553
22642,6024
22642,9826
22642,233450
29235,3030
29235,977
29235,351
29235,1227
29235,1909
29235,6038
29235,3986
29235,8250
29235,9826
29235,10560
29235,13073
29235,15162
29235,34079
29235,41207
29235,156081
29235,166512
29235,171251
29235,189359
29235,207404
29235,240233
42725,6951
24111,212
24111,4924
24111,14514
24111,41329
24111,160279
24111,187293
24111,188901
24111,239414
24111,254097
17921,9678
17921,3133
17921,3801
17921,9826
17921,10158
17921,12377
17921,191132
17921,227719
17921,252937
22627,727
22627,1019
18283,246
18283,4344
33731,5767
33731,9673
33731,186507
33731,207727
13823,818
13823,409
13823,1879
13823,2479
13823,4106
13823,6733
13823,209476
14108,283987
4291,233
4291,3090
4291,7312
4291,9935
4291,10941
4291,13088
4291,163726
113,3737
113,314
113,548
113,1530
113,1533
113,188
113,1529
113,1412
113,1531
113,1532
113,1534
113,1536
113,3743
113,2059
113,2060
113,2061
113,2062
113,2063
113,490
113,208349
113,215010
28476,158141
28476,179110
5916,642
5916,818
5916,1556
5916,10051
5916,10453
5916,9826
5916,10291
5916,10562
5916,10856
5916,12371
5916,15363
5916,33456
5916,207268
26234,212
26234,5565
26234,9672
26234,10714
26234,207883
12205,818
12205,3030
12205,970
12205,18035
12205,156174
12205,162846
12205,178364
12205,190073
12205,315402
12205,325319
12205,356011
27804,727
27804,128
27804,163133
27804,164734
3001,4617
3001,14604
3001,14789
3001,155762
3001,159333
3001,193723
3001,195537
39434,14893
39434,15127
39434,41381
39434,155531
105130,14967
166472,9890
166472,232309
166472,293016
11574,5657
11574,1559
11574,1919
11574,10950
11574,160583
32450,2415
32450,9253
32450,157768
203,7879
203,3149
203,2236
203,1944
203,11436
203,10594
203,156085
203,161207
203,168346
203,291153
38749,376
38749,3199
38749,33476
38749,170837
38749,170865
29740,378
29740,1543
29740,1936
29740,6746
29740,9672
29740,10717
29740,10718
29740,156764
29740,169271
29740,172504
29740,181086
29740,194993
29740,195897
29740,207445
29740,215719
29740,235908
29740,240192
29740,241527
29740,270615
10652,2957
10652,6255
10652,2998
10652,3366
10652,4595
10652,6203
10652,9539
10652,9683
10652,10787
10652,12371
10652,13065
10652,14546
10652,18543
10652,33482
10652,165431
10652,188955
10652,337130
34288,586
34288,1442
34288,3754
34288,703
34288,5619
34288,9720
34288,11800
34288,9955
34288,10794
34288,11613
34288,11615
34288,11616
34288,11663
34288,11665
34288,11668
34288,15127
34288,160517
34288,163053
34288,214710
34288,227686
34288,231812
34288,262700
34288,274650
34288,358013
26268,596
26268,1157
26268,818
26268,1930
26268,2334
26268,5340
26268,8181
26268,9826
26268,12670
26268,15160
26268,155790
26268,156091
26268,173297
26268,185525
26268,208117
26268,237462
33632,1196
33632,3248
33632,10181
33632,9094
33632,13017
33632,156024
33632,162262
33632,233607
25853,570
25853,5919
25853,4728
25853,4569
25853,5565
25853,9672
25853,9826
25853,10714
25853,33432
25853,33874
25853,157444
25853,164715
25853,174176
25853,258533
25853,325991
25853,338958
68430,5625
68430,9714
68430,9872
68430,13088
68430,187056
68430,193237
43001,447
43001,90
43001,818
43001,1543
43001,6783
43001,1821
43001,10614
43001,13014
43001,159909
43001,181093
43001,190076
43001,210805
43001,222802
43001,223449
43001,233083
43001,241599
43001,247377
43001,250353
43001,252051
43001,274928
43001,282667
43001,321224
43001,329500
42201,9656
42201,10590
42201,41500
42201,168713
42201,180795
42201,207883
42201,220654
316,596
316,6054
316,7879
316,1157
316,5809
316,1418
316,1224
316,1657
316,1658
316,11933
316,14534
316,34094
3072,4379
3072,175629
10355,258
10355,1470
10355,470
10355,4289
10355,8793
10355,13015
10355,33705
10355,185692
10355,200918
10355,260251
10355,267761
14554,9807
14554,9826
14554,12425
14554,18034
14554,156866
14554,160224
14554,168347
14554,173976
14554,181089
14554,207883
250,6092
250,642
250,380
250,509
250,3817
250,1653
250,974
250,1651
250,10123
250,14852
250,15363
250,160488
19086,10084
19086,779
19086,4654
19086,3269
19086,9748
19086,10291
19086,10174
19086,10175
19086,10176
19086,219404
15392,2089
15392,2636
43267,207317
41277,3356
41277,13005
41277,184302
41277,184426
41277,194430
108059,2964
108059,2987
108059,4458
108059,6951
108059,9823
108059,10022
108059,10726
108059,12670
108059,14735
108059,194713
42013,212
42013,6071
42013,176127
54715,7312
54715,9880
54715,11322
54715,15214
54715,167043
631,596
631,1889
631,128
631,4931
631,5809
631,2755
631,3154
631,11436
631,11004
631,12999
631,14527
631,154802
631,154846
631,166490
631,244516
25504,736
25504,4924
23855,6104
23855,3249
23855,7597
23855,9713
23855,10594
1786,254
1786,970
1786,836
1786,1624
1786,1739
1786,2428
1786,2433
1786,2450
1786,3061
1786,5565
1786,10144
1786,12392
1786,161207
1786,174375
1786,208079
1786,241982
51182,10235
51182,9817
51182,18321
51182,33813
51182,158436
51182,179321
45042,7344
45042,9817
45042,18321
45042,222174
210937,9840
210937,168750
210937,220025
16219,520
16219,6075
16219,2792
16219,5572
16219,12380
16219,41385
16219,209476
14258,2041
14258,6305
14258,836
14258,10591
48385,2766
48385,8627
48385,9748
48385,12415
27545,4995
27545,4958
27545,11677
27545,13112
27545,14760
27545,14793
27545,15086
27545,17973
27545,157264
27545,158276
27545,167529
27545,176585
27545,188474
27545,188475
27545,188476
27545,234299
27545,244157
27545,256413
27545,282359
27545,318964
22718,2517
22718,4551
39844,5919
39844,2024
39844,10123
39844,9826
39844,10714
39844,12193
39844,12339
39844,14809
39844,14895
39844,33841
39844,154846
39844,157701
39844,345851
16914,658
16914,339
16914,1913
16914,1956
16914,6610
16914,7156
16914,9335
16914,12999
16914,15061
16914,180100
16914,195862
16914,230436
43011,3036
43011,14906
43011,186756
11315,233
11315,4654
11315,3149
11315,1794
11315,8947
11315,15090
11315,160488
35987,733
35987,291
35987,2279
35987,2411
35987,4178
35987,5565
35987,207928
29146,1706
29146,2161
29146,6257
29146,5981
36751,1566
36751,3030
36751,1930
36751,1370
36751,9715
36751,2887
36751,3307
36751,41216
36751,163074
36751,176217
36751,177144
36751,178651
36751,186789
36751,189092
36751,207372
36751,208705
36751,266244
36751,271908
28758,7376
28758,2768
28758,8011
28758,14906
29592,236
29592,90
29592,5918
29592,2679
29592,2968
29592,4075
29592,4232
29592,437
29592,5565
29592,6165
29592,14893
29592,173977
29592,180578
29592,207928
29592,210434
29592,211659
29592,212737
29592,276605
29592,311315
29592,319319
29592,321464
29592,325786
29592,325854
439,3737
439,658
439,918
439,725
439,813
439,6059
439,588
439,1003
439,697
439,1647
439,1759
439,2098
439,4232
439,12999
439,13001
439,162846
439,311315
439,361925
823,233
823,836
823,4565
823,4174
823,4175
823,6083
823,12026
823,12993
823,155800
823,174375
823,194451
823,210024
20289,2671
20289,2340
20289,1556
20289,2150
20289,5340
20289,2694
20289,6782
20289,4967
20289,9673
20289,11199
20289,14604
20289,14964
20289,155799
20289,199029
20289,208156
20289,314730
16905,5744
16905,3266
16905,4849
16905,10202
16905,9725
16905,10395
16905,12988
16905,13005
16905,14906
16905,41721
16905,157186
16905,161242
16905,171774
16905,182677
16905,185200
16905,195896
16905,207941
16905,209069
11417,1418
11417,917
11417,3407
11417,10292
11417,7147
11548,1612
11548,242
11548,1603
11548,4862
11548,33347
11548,160963
11548,209164
38291,928
38291,3746
38291,10181
38291,13160
38291,33457
41204,1415
41204,1447
41204,2504
41204,5301
41204,4344
41204,10235
41204,11707
41204,156928
41204,236170
20532,5744
20532,233
20532,4178
20532,4849
20532,5149
20532,13059
20532,18454
20532,156866
20532,180483
20532,180484
20532,198754
20532,228166
20532,232792
2546,1761
2546,4112
2546,90
2546,108
2546,1552
2546,4674
2546,5768
2546,9253
42791,1956
42791,4304
42791,4410
42791,6610
42791,9156
42791,18036
42791,41329
42791,181087
22522,596
22522,392
22522,10181
22522,7537
22522,13084
22522,159862
22522,180673
22522,190285
22522,197871
22522,208244
22522,220649
22522,325773
22522,325839
40478,700
40478,6038
40478,155539
40478,190476
40478,190477
40478,232700
40478,245796
40478,338721
40478,343478
5165,2041
5165,2853
5165,6149
5165,2301
5165,12999
5165,208802
5722,3490
5722,637
5722,4344
5722,10053
5722,18001
5722,156479
5722,160396
5722,164218
5722,190115
5722,195265
5722,281237
5722,301086
5544,1605
5544,254
5544,1815
5544,1571
5544,4320
5544,2301
5544,7460
5544,12999
5544,18035
5544,34094
5544,165431
19128,2887
14696,233
14696,1462
14696,818
14696,5332
14696,6977
14696,10614
14696,11004
14696,12999
14696,162846
14696,186753
14696,194424
14696,198754
14696,208244
14696,223738
14696,248451
51515,818
51515,440
51515,2163
51515,10148
51515,5968
51515,10787
51515,165397
51515,208992
51515,217120
56167,208586
4781,514
4781,90
4781,5882
4781,181129
4781,191424
4781,208992
4781,231020
4781,252639
4781,254116
4781,254117
32652,2598
32652,10771
32652,156764
4909,782
4909,441
4909,254
4909,90
4909,818
4909,6149
4909,2708
4909,2052
4909,3098
4909,3864
4909,18118
4909,197602
56135,90
56135,818
56135,486
56135,3363
56135,6167
56135,10329
56135,10419
56135,34061
56135,41351
56135,41592
56135,156037
56135,164754
56135,195265
56135,207876
56135,215195
56135,220025
56135,224312
56135,241873
27115,4048
27115,1227
27115,3581
27115,7340
27115,9826
27115,13005
27115,13129
27115,15295
27115,33518
27115,33637
27115,155502
27115,157351
27115,159868
27115,166869
27115,171989
27115,180172
27115,238817
27115,243713
38348,818
38348,9823
38348,14985
38348,33466
38348,208992
35280,7375
35280,162810
35280,200234
35280,244530
35280,251667
35280,325787
35280,325817
35280,325825
19185,9714
19185,10563
19185,12377
73194,1157
73194,548
73194,818
73194,156017
73194,156578
73194,160279
73194,178848
73194,187024
73194,190024
73194,196684
73194,236140
28257,818
28257,703
28257,6779
28257,9016
28257,9094
28257,9807
28257,9826
28257,11151
28257,155790
28257,155843
28257,156764
28257,186714
28257,258593
20643,9799
22596,6149
22596,2081
22596,1507
22596,8624
22596,12999
22596,154802
36786,242
36786,9807
36786,10714
36786,12999
36786,155744
28916,9856
28916,173458
28916,208693
4497,818
4497,745
4497,6150
4497,2251
4497,6464
4497,6563
4497,7140
4497,11004
4497,12999
4497,13014
4497,33720
4497,34124
4497,165470
4497,165492
4497,210107
4497,321464
33560,12670
33560,15216
33560,155939
33560,158718
33560,250606
33560,258533
33560,287803
25224,1336
25224,582
25224,1562
25224,3551
25224,15158
25224,18023
25224,18233
25224,193309
25224,261100
25224,296608
42728,242
42728,295
15371,1454
15371,1462
15371,585
15371,389
15371,3098
15371,6932
15371,9717
15371,9727
15371,10889
15371,13141
15371,158992
15371,180996
15371,210024
15371,269769
15371,324713
15371,325856
11044,334
11044,2796
11044,1859
11044,1874
11044,2355
31526,1704
31526,6057
31526,2011
31526,1192
31526,3691
31526,4263
31526,5565
31526,11578
31526,11322
31526,154794
31526,156764
31526,157337
31526,207941
31623,1956
27601,570
27601,9715
27601,8201
27601,9663
27601,9253
27601,11931
16214,5956
16214,12396
5071,394
5071,2369
5071,7386
5071,179882
41662,387
41662,1252
41662,1253
41662,3394
41662,15216
41662,18011
41662,160840
41662,160946
41662,181232
41662,197582
41662,212803
41662,226429
41662,227947
41662,233606
41662,236978
41662,237230
41662,252612
41662,254485
41662,329906
41662,344394
95015,3036
95015,34100
95015,186756
95015,189895
33738,6075
33738,1480
33738,4344
33738,230967
33738,345868
17346,977
17346,9398
17346,10483
17346,12545
17346,158086
17346,162881
17346,187056
17346,193549
17346,200276
17346,214822
17346,240315
17346,325814
18274,1196
18274,2041
18274,6305
18274,2763
18274,1585
18274,1003
18274,351
18274,4097
18274,2517
18274,2564
18274,3986
18274,5160
18274,3184
18274,4168
18274,6362
18274,5703
18274,14660
18274,18330
18274,33737
18274,156096
18274,159743
18274,237516
18274,288870
13763,3490
13763,1252
13763,10228
13763,251667
13763,325761
13763,325785
13763,325856
67217,1956
67217,1200
67217,11323
67217,13065
67217,191004
10498,2122
10498,782
10498,521
10498,2411
10498,3440
10498,3442
10498,4289
10498,9714
24731,4948
24731,8015
11796,236
11796,928
11796,5756
11796,9736
11796,13072
11796,171826
31675,5565
31675,9672
31675,8095
31675,6079
31675,11001
31675,11523
31675,13084
31675,188591
31675,189433
31675,192772
31675,207941
31675,239304
31675,278700
31675,336982
4507,596
4507,1326
4507,549
4507,931
4507,1157
4507,738
4507,3725
4507,1715
4507,3182
4507,7149
4507,7965
4507,11510
4507,11004
4507,34094
4507,41260
4507,167193
4507,188991
4507,215983
4507,240315
32303,2149
4879,1533
4879,1262
4879,6095
4879,1201
4879,9826
4879,172658
4879,207046
24774,931
24774,128
24774,10794
24774,156783
24774,173990
24774,180498
24774,187298
24774,233147
41779,700
41779,18093
41779,160955
41779,175421
41779,187056
41779,191440
41779,240315
41779,279481
41779,334813
61048,7376
61048,3071
61048,18015
1994,3185
1994,5572
1994,9743
1994,12999
1994,33688
1994,156630
1994,156764
1994,156866
1994,161240
1994,170310
1994,181905
1994,183225
1994,183239
1994,183240
1994,199812
1994,207678
1994,224121
1994,239730
42814,918
42814,7118
42814,12193
42814,155457
42814,156080
42814,156764
42814,176016
42814,180093
42814,184534
870,1605
870,233
870,802
870,978
870,3490
870,1252
870,1501
870,1794
870,4341
870,9826
870,171366
870,207662
870,247733
96255,1956
96255,1968
96255,9672
96255,7265
96255,11133
96255,191001
96255,195139
96255,209118
96255,267139
25495,818
25495,701
25495,470
25495,5151
25495,12999
25495,33479
25495,156095
25495,164364
25495,168186
25495,208878
26319,11677
26319,13005
26319,156273
26319,158993
26319,174063
26319,207317
26319,223198
26319,233431
26319,237301
26319,248702
45938,212
45938,128
45938,738
45938,3183
45938,2679
45938,9840
45938,10329
45938,10776
45938,13005
45938,15160
45938,158718
45938,171808
45938,209330
45938,258533
15573,818
15573,680
15573,2752
15573,5701
15573,9656
15573,11696
15573,10176
15573,15225
15573,180487
15573,186391
15573,188922
15573,230570
15573,236205
41059,3450
41059,3878
41059,4532
41059,18187
41059,159947
41059,160963
41059,163514
41059,187261
41059,191602
41059,208747
41059,209342
41059,220195
41059,221692
41059,323809
39871,11109
39871,9799
39871,9758
39871,13008
39871,164664
39871,171781
39871,198929
10178,1860
10178,447
10178,2770
10178,2340
10178,1956
10178,4280
10178,7956
10178,4406
10178,4410
10178,6610
10178,155251
10178,158372
10178,159313
10178,160855
10178,163189
10178,168683
10178,169129
10178,186804
10178,195862
10178,207883
10178,214780
10178,231500
10178,297255
10178,297256
10178,297257
10178,297258
10178,297259
10178,297260
10178,297261
10178,297262
10178,297263
10178,297265
10178,297266
10178,297267
16391,818
16391,486
16391,745
16391,1262
16391,3691
16391,14636
16391,212899
42997,658
42997,3799
42997,1860
42997,818
42997,5153
42997,9335
42997,33384
42997,155756
42997,160279
42997,182677
42997,191585
42997,204282
42997,233856
10734,378
10734,2041
10734,818
10734,10685
10734,582
10734,3859
10734,5643
10734,9672
10734,9777
10734,208992
10734,220650
10949,516
10949,818
10949,3430
10949,8250
10949,12999
10949,13014
258236,2652
258236,165461
809,378
809,7376
809,2343
809,4152
809,3205
809,2434
809,4375
809,2676
809,3071
809,3289
809,3453
809,4158
809,9663
809,11477
809,12554
809,189111
809,208705
809,311143
809,360808
435,242
435,276
435,83
435,388
435,2210
435,2212
435,2213
435,2215
435,2216
435,2218
435,2219
435,2220
435,2223
435,2224
435,2227
435,3528
435,11107
435,5769
435,6941
435,10150
435,10617
435,10794
435,14760
435,15053
435,33910
435,41338
435,155372
435,162341
435,189411
435,190107
435,190696
435,249766
435,287032
435,288081
435,305898
435,311826
435,339475
435,339479
435,339480
4599,242
4599,2863
4599,697
4599,1499
4599,7024
4599,10235
4599,9840
4599,15479
12657,898
12657,3800
12657,4630
12657,2080
12657,2334
12657,5165
12657,7335
12657,9964
12657,40854
12657,185266
59210,970
59210,14720
59210,157799
13193,1862
13193,6270
13193,186
13193,2539
13193,2672
13193,3036
13193,8201
13193,6733
13193,11254
13193,10683
13193,11870
13193,10550
13193,155722
13193,156043
13193,163037
13193,173186
13193,188914
13193,190553
13193,239239
673,616
673,2921
673,6054
673,334
673,2343
673,992
673,2052
673,3650
673,3884
673,4252
673,4379
673,10873
673,12392
673,12564
673,33784
673,162846
673,177912
673,179430
673,195269
673,200679
673,206720
673,207317
673,229184
673,246466
673,249692
673,325761
673,325784
673,325807
673,336530
16617,2041
16617,1812
16617,2423
16617,4613
16617,10714
16617,12339
16617,14676
16617,249136
16617,272551
16617,314730
246,779
246,233
246,1462
246,1938
246,4342
246,1936
246,9748
246,12660
246,186753
2789,378
2789,801
2789,4565
2789,2095
2789,3801
2789,9663
2789,7118
2789,10562
2789,163252
2789,192260
2789,197327
2789,217083
2789,221654
2789,228607
2789,236189
2789,250921
2789,291308
2789,302294
2789,336874
2789,344647
2789,347935
2789,347938
2789,347941
8920,977
8920,271
8920,2735
8920,6732
8920,9717
8920,8133
8920,166926
8920,208152
8920,209220
8920,235261
8920,260005
8920,261987
8920,275266
9890,803
9890,4375
9890,3451
26886,233
26886,12369
26886,33781
26886,315402
26886,322369
26886,342549
26254,6086
26254,177894
8193,240
8193,6270
8193,380
8193,2347
8193,6376
8193,165137
8193,171556
8193,179430
8193,325828
47821,3929
47821,3341
47821,14636
47821,33485
26142,11612
26142,13005
26142,157959
26142,187056
42122,7464
42122,9249
42122,158718
42122,160224
42122,183818
42122,188991
65137,6149
65137,1930
65137,3306
65137,9672
65137,7312
65137,12193
65137,15009
65137,15234
27017,2504
27017,11159
27017,4344
27017,157768
27017,165643
27017,190427
27017,195593
27017,210184
27017,216986
21544,1919
21544,2669
21544,156799
21544,176218
21544,187614
40894,9799
40894,9758
40894,15086
40894,170827
40894,174075
40894,191192
40894,210605
40894,212796
40894,282986
40894,283953
40894,329918
11546,282
11546,10391
11546,40957
11546,186450
11546,208260
59427,388
59427,14641
59427,15097
59427,15169
59427,208333
59427,208979
59427,234722
18387,6054
18387,5349
18387,387
18387,2956
18387,6075
18387,10683
18387,11471
18387,208992
71125,2669
71125,10181
26331,2853
26331,2335
26331,2799
26331,8783
26331,12570
26331,18249
26331,158718
26331,207046
26331,231832
26331,233380
26331,235736
26331,325769
41774,931
41774,291
41774,7412
41774,9673
41774,14985
52959,4344
52959,12990
24004,9799
24004,155457
24004,324123
46976,392
46976,526
46976,5808
46976,9672
46976,10809
46976,39737
46976,158987
46976,204703
46976,208611
17481,9826
17481,12999
17481,14686
17481,155331
17481,196413
17481,208126
17481,229103
17481,229104
17481,238053
17481,273879
52560,387
52560,14641
52560,18425
52560,208611
42658,2011
42658,3265
42658,13084
42658,14906
27118,818
27118,9663
27118,10718
27118,11004
27118,12999
27118,15162
27118,15265
27118,17982
27118,180665
27118,212745
27118,234680
27118,237238
27118,259940
27118,260189
27118,260190
27118,260191
27118,260192
27118,273879
18333,2041
18333,3030
18333,1533
18333,6255
18333,2679
18333,2913
18333,3098
18333,4142
18333,9887
18333,12999
18333,33505
18333,161534
18333,178649
18333,191815
42345,818
42345,1568
42345,904
42345,1857
42345,2908
42345,9672
42345,14522
42345,15246
42345,164742
42345,186792
42345,207928
42345,208115
18398,782
18398,840
18398,9807
18398,12999
18398,13008
18398,14903
18398,41249
18398,168867
18398,170217
18398,179577
18398,184706
18398,233932
54800,388
54800,892
54800,3350
54800,10224
54800,10666
54800,162846
54800,231018
20849,931
20849,222
20849,5721
20849,9807
20849,9826
20849,10048
20849,12670
20849,15106
20849,41329
20849,156851
20849,272553
20849,282133
20849,306194
20849,319403
20849,325835
20849,338185
57544,1228
57544,10123
57544,3485
57544,9817
53779,1415
53779,818
53779,9713
53779,10911
53779,13005
53779,160246
53779,205850
53779,236170
16661,1701
16661,657
16661,798
16661,3713
16661,1721
16661,5301
16661,769
16661,8627
16661,9727
16661,13148
16661,15149
16661,154802
16661,156702
16661,161231
16661,239529
16661,239531
16661,240119
80708,613
80708,1326
80708,1157
80708,818
80708,4482
80708,13027
80708,15160
80708,34094
80708,156764
80708,163758
33441,803
33441,9706
33441,10009
33441,10891
33441,11272
33441,14760
33441,155582
33441,161919
33441,173137
33441,187056
33441,210024
47819,2964
47819,6086
47819,155743
21793,380
21793,641
21793,588
21793,5973
21793,1975
21793,3028
21793,2988
21793,3497
21793,4344
21793,2604
21793,6879
21793,10656
21793,10986
21793,11199
21793,12427
21793,18027
21793,163975
21793,164811
21793,187056
21793,223603
21793,226180
21793,233106
21793,240485
21793,241738
21793,243959
21793,248442
21793,258986
21793,263860
21793,279542
21793,282672
21793,310491
18712,1956
18712,11399
18712,11400
18712,158780
18712,161244
18712,245274
831,1612
831,3243
831,1603
831,1852
831,2309
831,3801
831,2495
831,4196
831,9951
831,3617
831,9882
831,14760
831,178639
831,191150
10484,254
10484,970
10484,4320
10484,10941
10484,155294
37658,131
37658,409
37658,9673
37658,11061
37658,13014
26516,14857
26516,161266
110598,157141
110598,187056
110598,233061
44388,242
44388,1335
44388,8440
44388,15319
44388,154842
44388,155778
44388,160246
44388,180413
44388,187784
44388,208036
44388,208851
44388,298410
44388,308618
44388,310887
44388,310888
44388,310890
44388,310891
44388,314505
44388,336813
10573,791
10573,570
10573,1842
10573,3725
10573,5331
10573,5808
10573,8650
10573,10941
10573,158558
26451,796
26451,588
26451,4553
26451,11514
26451,33439
26451,157707
26451,189402
26451,211362
26451,228692
26451,253858
111605,242
111605,10235
111605,13027
111605,157303
111605,161307
111605,187056
111605,237989
111605,244479
54568,1415
54568,2504
54568,171826
54568,188474
54568,209051
28571,242
28571,6038
28571,9673
28571,10594
28571,10329
28571,10911
28571,168346
28571,177039
28571,192391
28571,207928
28571,208223
28571,221660
27686,4344
27686,162843
123665,478
123665,818
123665,248509
43336,10905
43336,193533
62000,1415
62000,570
62000,1643
9372,1706
9372,3429
9372,7151
9372,3721
9372,10637
9372,15178
9372,157748
41495,1430
41495,395
41495,4694
41495,3149
41495,1749
41495,2687
41495,9758
41495,9807
41495,10048
41495,10950
41495,15274
41495,33518
41495,40898
41495,155502
41495,156121
41495,160159
41495,160901
41495,173602
41495,188991
41495,221829
41495,236780
41495,239274
41495,240303
52362,212
52362,100
52362,10048
52362,10163
52362,221220
52362,240237
52362,272694
662,90
662,677
662,4458
662,3318
662,4379
662,9741
662,263548
41799,6344
41799,10235
41799,10229
41799,207883
41799,208611
49633,3571
49633,6506
49633,154802
49633,194063
49633,220142
49633,230097
49633,276929
49633,281585
49633,325785
43805,4268
43805,10322
43805,6174
43805,14546
43805,14808
43805,14895
43805,208123
16559,5918
16559,155619
16559,248191
16559,287870
44695,6951
44695,9571
44695,14736
31217,233
31217,1755
31217,1956
31217,9777
31217,8997
31217,10794
31217,13065
31217,13159
31217,155704
31217,188721
31217,188722
8341,188
8341,1529
8341,1904
8341,2982
8341,4476
36488,613
36488,242
36488,1009
36488,2081
36488,12541
36488,176227
36488,223172
19414,1992
19414,9799
19414,156273
15794,378
15794,4654
15794,970
15794,3149
15794,6259
15794,5893
15794,10051
15794,9807
15794,10562
15794,10950
15794,13008
15794,14601
15794,15127
15794,18128
15794,170212
15794,191047
15794,199399
15794,230960
13188,212
13188,818
13188,4480
13188,65
13188,5332
13188,6152
13188,11436
13188,7337
13188,8250
13188,10594
13188,12999
13188,33969
13188,162846
13188,207317
13188,260365
12651,1956
12651,2532
12651,3366
12651,3883
12651,13065
12651,164246
12651,186535
12651,193552
12651,255207
12651,279911
12651,288586
12651,325761
886,383
886,395
886,2411
886,361867
9791,4112
9791,953
9791,2881
9791,5643
9791,10349
27554,1803
27554,9673
27554,10085
27554,176661
27554,187544
26973,2389
26973,549
26973,1003
26973,6025
26973,1411
26973,2411
26973,11254
26973,8640
26973,185361
26973,210184
26973,225582
26973,325792
26973,325799
26973,325801
26973,325829
38582,233
38582,1299
38582,679
38582,11100
38582,7675
38582,8676
38582,9663
38582,9951
38582,10891
38582,14544
38582,14909
38582,18118
38582,159099
38582,161791
38582,207427
38582,210915
38582,257384
38582,317204
9542,1734
9542,4426
9542,1419
9542,1420
9542,6259
9542,769
9542,1583
9542,2340
9542,3306
9542,7312
9542,10714
9542,10958
9542,11546
9542,18034
9542,167043
9542,202371
9542,216079
9542,321464
9542,325777
9542,325834
17820,1158
17820,4344
17820,10181
17820,10131
17820,158244
17820,163976
17820,165871
17820,165872
17820,165875
26175,548
26175,818
26175,2868
26175,3098
26175,4147
26175,3024
26175,9725
26175,10141
26175,10466
26175,12380
26175,12995
26175,13084
26175,34067
26175,161257
26175,181820
26175,187305
26175,190802
26175,192913
26175,193262
26175,207374
26175,220707
26175,249693
26175,349827
31146,1599
31146,5721
31146,11678
31146,156104
20506,3400
37696,894
37696,3298
37696,6490
37696,9887
37696,5824
37696,9826
37696,13094
37696,18420
37696,41180
37696,157241
37696,207268
37696,255849
37696,255850
136,1326
136,604
136,2013
136,3199
136,3258
136,3473
136,9840
136,9748
136,9826
136,12999
136,156578
136,156764
136,157912
136,162735
136,163075
136,171826
136,172497
136,180181
136,184807
136,189379
136,192153
136,207673
136,215217
136,229440
136,234355
136,235594
136,235596
136,235597
136,235598
136,235599
136,235601
47653,242
47653,2356
47653,1317
47653,9253
47653,12987
47653,154802
47653,263548
10970,776
10970,8201
10970,5956
10970,9253
10970,10897
10970,12396
10970,154802
10970,225012
10970,325782
10970,325815
28162,3012
28162,392
28162,290
28162,1956
28162,6152
28162,4116
28162,3797
28162,10859
28162,275048
28162,288816
28162,319397
28162,324713
28162,325762
28162,325782
28162,345338
42812,549
42812,10181
42812,41599
42812,156764
28159,5155
28159,41538
28159,156318
28159,195225
20676,6149
20676,1568
20676,2149
20676,5340
20676,9826
20676,11199
20676,14658
20676,14964
20676,167124
20676,199399
20676,207268
3019,212
3019,848
3019,818
3019,4375
3019,9181
3019,12999
3019,156033
3019,156764
3019,164664
3019,173977
3019,243608
29353,3202
29353,15069
29353,33344
29353,259377
17761,1860
17761,3800
17761,180797
20277,158222
20277,177995
10204,242
10204,212
10204,90
10204,582
10204,5973
10204,385
10204,3497
10204,10028
10204,288816
10204,363432
10204,363433
3515,236
3515,570
3515,9748
9472,240
9472,6075
9472,699
9472,271
9472,6269
9472,3088
9472,2794
9472,2920
9472,11672
9472,10850
9472,11687
9472,12988
9472,155861
9472,157584
9472,158718
9472,161643
9472,171051
9472,171493
9472,172426
9472,177216
9472,179430
9472,179431
9472,187207
9472,188086
9472,193030
9472,209788
9472,209792
9472,215568
9472,244644
9472,290395
9472,308599
9472,308600
9472,325765
9472,325769
9472,325812
594,242
594,6054
594,1459
594,822
594,2080
594,1638
594,2173
594,2568
594,3014
594,1846
594,3015
594,3017
594,3018
594,3019
594,3022
594,211659
594,244888
594,253351
594,310388
594,325769
594,325802
594,325809
8981,3799
8981,641
8981,970
8981,388
8981,697
8981,1643
8981,2299
8981,3344
8981,5905
8981,9736
8981,187056
8981,325806
12153,1568
12153,1930
12153,1812
12153,2096
12153,2334
12153,5595
12153,12090
12153,13063
12153,41175
12153,157384
12153,160364
12153,165282
12153,167198
12153,167316
12153,176752
12153,195265
12153,206679
12153,214822
12153,247998
12153,259426
12153,262325
12153,325765
12153,333862
12153,335360
12153,350281
1944,1326
1944,966
1944,818
1944,3487
1944,6139
1944,10818
1944,13028
1944,13088
1944,157799
1944,163221
1944,163963
1944,166490
1944,214822
1944,243007
1944,281386
11036,7879
11036,815
11036,818
11036,2038
11036,1721
11036,493
11036,1261
11036,1647
11036,6069
11036,2689
11036,14708
11036,15224
11036,68648
11036,160404
1997,5744
1997,2960
1997,380
1997,3713
1997,4809
1997,697
1997,9920
1997,41585
1997,41586
15237,4344
15237,5565
15237,12396
11572,3124
11572,3704
11572,156240
11572,156241
11572,156243
11572,156245
19096,1956
19096,6895
19096,190431
11939,2735
11939,4344
11939,9016
47555,1956
47555,2533
47555,3366
47555,4405
47555,8083
47555,8676
47555,11823
24236,642
24236,3616
24236,3338
24236,14915
80218,6038
80218,9673
80218,9826
26520,9713
26520,40952
26520,155870
26520,207113
43897,3136
43897,4302
43897,4345
43897,5905
43897,9890
43897,40895
43897,168297
29456,612
29456,1552
29456,9673
29456,10818
29456,14720
21386,65
21386,4344
9256,6054
9256,9253
9256,15090
9256,15321
9256,18233
9256,169977
9256,190629
25783,8658
25783,7936
25783,7937
8991,1366
8991,4803
8991,12377
8991,156949
8991,161196
8991,162533
8991,208736
8991,209662
23378,7376
23378,3205
23378,3071
23378,4174
23378,4344
23378,6415
23378,10181
23378,10541
23378,33476
23378,156028
23378,157213
23378,166472
23378,177901
23378,189099
23378,190849
23378,193537
23378,208397
23378,211778
23378,240462
23378,246884
23378,248927
23378,271900
23378,284950
23378,318801
23378,327626
23378,332447
23378,334841
3293,6104
3293,818
3293,1228
3293,5565
3293,9672
3293,12094
3293,208289
36947,2903
36947,6007
36947,1992
36947,2833
36947,2954
36947,40829
36947,162339
36947,165278
36947,181102
36947,181104
36947,181105
36947,234957
36947,251745
36947,281463
54028,242
54028,9673
54028,13065
54028,14765
17645,1889
17645,818
17645,1422
17645,9016
17645,9807
17645,9826
17645,171826
17645,314730
17645,325835
17645,325839
10448,2041
10448,930
10448,1551
10448,175992
10448,340477
10448,340483
57684,520
57684,10181
57684,11514
57684,11412
57684,193206
57684,207240
57684,207876
57684,229609
57684,257342
29383,818
29383,1956
29383,191010
10606,1706
10606,818
10606,5308
10606,2051
10606,4379
10606,5565
10606,9672
10606,9955
10606,13072
10606,252818
42988,9799
42988,6127
42988,9840
42988,12541
42988,18118
42988,155457
42988,170827
42988,210605
42988,249260
42988,256330
42988,283953
42988,324429
42988,325765
42988,325782
16136,897
16136,898
16136,542
58669,10809
58669,187056
42407,798
42407,818
42407,3713
42407,531
42407,1806
42407,11004
42407,159608
42407,167043
42407,217452
6081,5439
6081,159548
6081,159560
6081,320420
12577,2006
12577,9318
36561,207928
13696,585
13696,818
13696,3149
13696,9807
13696,12999
13696,14845
13696,14857
13696,159959
13696,172391
44494,6271
44494,3170
44494,12997
44494,162845
44494,185413
44494,258533
44494,263548
15484,1416
15484,299454
36672,1862
36672,738
36672,6587
36672,10508
36672,10180
36672,11524
36672,41525
36672,158718
36672,253979
36672,258533
36672,265777
2330,444
2330,1749
2330,916
2330,5983
2330,3330
2330,15090
2330,15363
2334,642
2334,2898
2334,1991
2334,18118
64204,242
64204,496
64204,12999
64204,14529
64204,205781
64204,260001
64204,263548
13398,1009
13398,824
13398,65
13398,12369
13398,33457
13398,161919
13398,207317
13398,210024
2912,422
2912,2065
2912,4452
2912,9826
2912,155845
701,10084
701,930
701,2013
701,2673
701,3291
701,10235
701,5739
701,12090
701,15162
701,156195
10631,6223
10631,8616
10631,12320
10631,33721
10631,191434
10631,229871
43466,11004
43466,12999
43466,154846
2202,388
2202,2526
2202,4427
2202,9180
2202,15162
2202,158185
2202,178869
2202,189092
2202,208152
76076,1582
76076,395
76076,175336
10780,1453
10780,2784
10780,7579
10780,11935
10780,11860
10780,14559
10780,33479
10780,41185
10780,45141
10780,165301
10780,182625
10780,256178
10780,256330
10780,288816
10780,303012
3484,2546
3484,5600
3484,1454
3484,1938
3484,627
3484,703
3484,1963
3484,5340
3484,2968
3484,4399
3484,5146
3484,9826
3484,13006
3484,14780
3484,14805
3484,18118
3484,156031
3484,156075
3484,176217
3484,242714
19590,1415
19590,1447
19590,4344
23724,14743
23724,173242
23724,191029
23724,214548
23724,230512
26596,1582
26596,155512
44925,5600
44925,931
44925,380
44925,254
44925,1533
44925,4129
44925,1523
44925,2340
44925,7368
44925,9826
44925,13097
44925,33841
44925,157955
44925,187056
44925,193099
44925,264386
44925,282633
44925,330531
29264,3020
29264,6898
29264,213
29264,5333
29264,2834
29264,9887
29264,11175
29264,10468
29264,12545
29264,12999
29264,157008
29264,157772
29264,191260
29264,207592
29264,293649
33994,3737
33994,12396
33994,13078
33994,33705
1777,5174
1777,840
1777,6086
1777,6078
1777,1242
1777,1773
1777,4743
1777,5939
1777,15087
1777,41282
1777,161304
1777,215664
1777,216937
1777,239279
1777,239687
1777,239902
1777,276943
1777,280050
11584,3452
11584,5560
11584,4952
11584,10181
11584,9823
11584,10222
11584,13072
11584,173893
11584,192094
11584,221412
11584,282988
11584,295486
11584,302372
9901,2157
9901,769
9901,12662
9901,166671
9901,171989
9901,241954
9901,248541
9901,266014
26811,9706
26811,178259
38631,2050
38631,3221
38631,3473
207625,818
207625,1228
207625,4110
207625,230926
22094,779
22094,6075
22094,397
22094,3149
22094,2411
22094,3134
22094,5571
22094,10076
22094,14955
22094,166788
22094,166801
22094,166802
22094,207268
22094,209476
22094,214548
22094,239553
161080,730
161080,2383
161080,9180
161080,11718
161080,168929
161080,171468
161080,192664
11884,803
11884,391
11884,1826
11884,900
11884,1280
11884,1370
11884,2533
11884,9951
11884,18249
11884,208289
11884,234894
11884,234895
21871,549
21871,797
21871,11117
21871,11719
21871,162365
30876,1585
30876,3185
30876,9743
30876,14895
558,242
558,851
558,2038
558,1308
558,9715
558,5983
558,9717
558,9663
558,9840
558,13005
558,14760
558,14991
558,34079
558,163074
558,206298
80,736
80,814
80,815
80,816
80,90
80,817
80,2038
80,10818
80,165402
10742,1157
10742,1336
10742,1930
10742,1562
10742,6259
10742,703
10742,1812
10742,6038
10742,5774
10742,9672
10742,6021
10742,9673
10742,3623
10742,15290
10742,156091
10742,178210
10742,188285
10742,200808
9477,1405
9477,10982
9477,14643
9477,213096
9477,223786
9477,259421
8699,1228
8699,917
8699,4411
8699,6198
8699,8531
8699,18298
8699,41390
8699,155457
8699,163096
8699,165288
8699,167250
8699,167254
8699,179430
8699,179431
8699,185281
9893,6270
9893,11798
9893,5248
9893,5595
9893,8783
9893,11870
9893,10791
9893,155722
9893,161267
11247,6270
11247,3640
11247,931
11247,579
11247,5921
11247,6275
11247,13014
11247,18118
11247,188237
11247,196691
11247,221039
11247,284950
2048,520
2048,2964
2048,312
2048,1701
2048,310
2048,818
2048,1158
2048,1849
2048,703
2048,4565
2048,3249
2048,9826
2048,10009
2048,13063
2048,14544
2048,164039
2048,202647
2048,214715
2048,220336
2048,220903
2048,221656
2048,252728
2048,254921
2048,256328
2048,287333
2048,294084
2048,294085
436,242
436,30
436,704
436,3800
436,2151
436,2149
436,3725
436,3930
436,2150
436,2235
436,2173
436,2174
436,10508
436,155023
436,242689
61391,1196
61391,3184
61391,3186
61391,4551
61391,10322
61391,18109
61391,220333
18643,3306
18643,157930
67297,1563
67297,2652
31948,10084
31948,793
31948,818
31948,339
31948,10617
31948,14785
31948,189411
31948,203113
43004,6782
43004,10181
43004,6981
43004,7464
43004,10235
43004,10338
43004,41599
45793,818
45793,4344
45793,5933
45793,10181
45793,10965
45793,170351
45793,184423
45793,193655
45793,208244
45793,215590
45793,250080
45793,283467
46495,1930
45874,1502
45874,3734
45874,5627
45874,157716
45874,160799
45874,164246
45874,168713
45874,181656
45874,182293
45874,190531
45874,193635
45874,208327
45874,212737
45874,237057
45874,239797
45874,256930
45874,323925
45874,325778
45874,325824
45874,333297
65994,3966
65994,4849
65994,5895
65994,9717
65994,9725
65994,10466
65994,10982
65994,12965
65994,34067
65994,41406
65994,157186
65994,177129
65994,222842
65994,248988
19014,797
19014,9755
19014,11931
19014,10950
19014,12371
19014,160586
19014,162757
19014,168422
19014,266416
10754,378
10754,6148
10754,1749
10754,9826
10754,10909
10754,212914
30054,15108
30054,188014
30054,188016
30054,188017
30054,208251
30054,222782
36630,596
36630,1326
36630,1157
36630,128
36630,1422
36630,2411
36630,3134
36630,9673
36630,10061
36630,11190
36630,34094
36630,156295
39770,567
39770,2343
39770,1284
39770,9673
39770,160423
39770,187056
36627,818
36627,4690
36627,155374
36627,175245
36627,180807
36627,207941
36627,273967
36627,282633
36627,336059
11897,1261
11897,3591
11897,10322
11897,5867
11897,9503
11897,9454
11897,12337
11897,18035
11897,158244
11897,192279
11897,361675
43443,254
43443,11038
43443,11001
43443,190855
43443,338914
43443,361795
58925,90
58925,1956
58925,2433
58925,155795
58925,161891
58925,169590
58925,175107
58925,189422
58925,207883
2502,1589
2502,782
2502,220
2502,1453
2502,818
2502,5265
2502,2251
2502,9663
2502,10562
2502,10950
2502,14967
2502,18067
2502,18522
2502,33779
2502,164148
2502,186450
2502,188955
2502,219404
2502,290942
2502,290943
2502,311315
2502,314730
314,9715
314,9717
314,7002
314,11738
314,11322
314,33556
314,158456
314,163074
314,180734
18923,818
18923,740
18923,3183
18923,11130
18923,46959
18923,158718
18923,245045
146373,9094
146373,12670
146373,164698
146373,169152
146373,210608
146373,237989
146373,266244
5228,818
5228,6075
5228,7020
5228,33610
12206,4779
12206,4399
12206,3363
12206,13005
12206,15009
12206,244516
16539,612
16539,6054
16539,657
16539,733
16539,324
16539,2407
16539,1959
16539,5165
16539,6563
16539,7984
16539,13097
16539,158718
16539,187056
75046,290
74012,339
74012,128
74012,1956
26126,187056
26126,199524
26126,201125
26126,202371
26126,261264
26126,292593
26126,293649
26126,316832
26126,323809
26126,324886
26126,325791
26126,325841
15876,339
15876,1956
15876,4410
15876,230436
26300,779
26300,780
26300,6211
26300,4458
26300,10247
26300,13141
26300,202371
26300,217083
26300,325763
68064,9717
68064,34046
68064,179991
68064,188959
68064,190132
12625,6092
12625,534
12625,407
12625,2020
45520,3800
45520,818
45520,3264
46767,428
46767,1327
46767,6373
46767,10714
46767,184161
46767,199524
46767,208540
55848,113
55848,3966
55848,9725
55848,10982
55848,161257
55848,177129
55848,184663
55848,252571
42525,74
42525,207941
42525,273967
43417,1157
43417,1560
43417,9663
43417,187319
15244,378
15244,2652
15244,10685
15244,1956
15244,6399
15244,9777
15244,7118
15244,11001
15244,13007
15244,13008
15244,191047
15244,246136
42737,1860
42737,793
42737,339
42737,3269
42737,1956
42737,3002
42737,155499
42737,158022
42737,165431
42737,170560
42737,193419
42737,229008
42737,235434
42737,237009
42737,262627
42737,262628
42737,262632
42737,262633
42737,262634
42737,262635
47615,246
47615,158729
47615,166512
47615,180397
47615,240530
39209,10322
39209,163674
39209,208155
20876,242
20876,818
20876,3180
20876,8562
20876,9826
20876,13040
20876,168750
20876,186507
20876,191192
20876,241783
24559,1157
24559,818
24559,1327
24559,1956
24559,1968
24559,4379
24559,6384
24559,227719
78208,380
78208,6564
78208,10180
78208,14673
78208,161194
78208,163976
78208,179012
78208,189150
43786,233
43786,1956
43786,3365
43786,11106
43786,4405
43786,4410
43786,10787
43786,11823
43786,161246
43786,261495
72613,4263
72613,10048
72613,158780
72613,161000
43787,733
43787,6038
43787,4344
43787,171612
43787,191079
27437,9639
40374,1415
40374,966
40374,458
40374,1228
40374,2864
40374,14669
40374,163242
40374,181081
40374,282667
40374,349028
41925,110
41925,4320
41925,3182
22871,233
22871,339
22871,1956
22871,3078
22871,286981
37019,10325
37019,14760
18190,596
18190,2340
18190,2301
18190,6038
18190,9016
18190,15160
18190,207767
18190,237460
18190,325790
42347,13065
39140,1009
39140,202399
69903,6075
69903,5565
69903,199717
69903,209476
69903,218183
69903,229298
69903,233906
69903,245031
69903,308144
69903,321123
69903,333329
219345,258533
41890,6075
41890,579
41890,5621
41890,13017
41890,269651
36709,1956
36709,3355
36709,8721
36709,10194
36709,159845
36709,207771
36709,207883
36709,214527
36709,214548
32294,155724
32294,168750
32294,207864
41463,931
41463,934
41463,2580
41463,6038
41463,6977
41463,10705
41463,155402
41463,155457
41463,155746
41463,244917
41463,320420
41463,324123
19051,391
19051,4344
19051,12663
19051,181036
43485,1233
43485,2504
43485,4344
43485,5565
43485,156028
43485,163211
43485,164623
43485,165241
43485,167020
43485,191428
43485,220201
43485,235168
43485,240282
43485,282115
43485,314019
43485,314020
43485,317091
51997,2708
43885,380
43885,180234
43885,190296
43885,190970
43885,222782
62694,520
62694,222
62694,2884
62694,9856
62694,11469
62694,12999
62694,14641
62694,41329
62694,161698
62694,171119
62694,190007
62694,190939
43785,1321
43785,4781
43785,172712
53287,100
53287,12203
53287,288816
53287,325761
53287,325762
29584,478
29584,10131
29584,12354
29584,159289
29584,163095
32644,9649
89482,7239
89482,15240
1040,4812
1040,393
1040,629
1040,6049
1040,1499
1040,2692
1040,2471
1040,1610
1040,3997
1040,4052
1040,3734
1040,4645
1040,4647
1040,4648
1040,4649
1040,163048
42604,33494
24214,4289
24214,10410
24214,15106
5122,818
5122,6026
5122,886
5122,11514
5122,12396
5122,12670
5122,170450
5122,199524
5122,207697
5122,207972
5122,214548
5122,222269
5122,225686
5122,227561
5122,236955
5122,263398
5122,325776
42469,4062
42469,1299
42469,5484
42469,4924
42469,9826
42469,13031
42469,13092
42469,14760
42469,15149
42469,18087
42469,41329
119623,931
119623,90
119623,818
119623,4178
119623,207928
1783,233
1783,388
1783,2052
1783,1956
1783,2448
1783,5339
1783,10508
1783,10787
1783,170223
1783,188181
10910,549
10910,733
10910,90
10910,2311
10910,2679
10910,437
10910,5565
10910,12995
10910,158558
10910,164754
10910,164770
10910,170293
10910,190628
10910,207928
10910,337603
17238,588
17238,2301
17238,12436
17238,14669
17238,40895
17238,40984
17238,163221
17238,207769
17238,207770
22156,3149
22156,10391
22156,15009
26814,4344
26814,156028
43116,14857
39269,378
39269,236
39269,726
39269,2671
39269,708
39269,2754
39269,4470
39269,10683
39269,10809
39269,12987
39269,155497
39269,161545
39269,163726
31522,9799
31522,279111
31522,287803
47796,6054
47796,549
47796,588
47796,970
47796,1667
47796,9727
47796,13027
47796,14765
47796,14768
47796,158718
47796,161508
47796,184345
26893,818
26893,100
26893,128
26893,11318
26893,158390
26893,186753
26893,190446
26893,212737
26893,220373
26893,235085
26893,237426
26893,280227
26893,312229
69035,534
69035,487
69035,374
69035,974
73621,6149
73621,9964
73621,187056
22976,2504
22976,4379
22976,7375
22976,197642
55441,5600
55441,1307
55441,4344
55441,8570
55441,193707
45608,818
45608,2679
45608,12354
21619,818
21619,3030
21619,2702
21619,3298
21619,9748
21619,9826
21619,13017
21619,14707
21619,18034
21619,157375
21619,177964
21619,207697
21619,343757
9680,1627
9680,10292
9680,6464
9680,8159
9680,8651
9680,9826
9680,10714
9680,12339
9680,12377
9680,15087
9680,243150
9680,282190
42801,549
42801,588
42801,738
42801,4648
42801,9706
42801,11530
42801,10968
42801,18011
42801,157144
42801,160926
42801,161534
42801,170827
42801,192188
42801,230875
42801,253885
12627,548
12627,1649
12627,1664
12627,5918
12627,5375
12627,1610
12627,437
12627,6023
12627,5756
12627,180206
86404,549
86404,90
86404,703
18671,1419
18671,3473
18671,9807
18671,18105
18671,156119
18671,156866
18671,163656
18671,177695
18671,180199
18671,211365
18671,221657
18671,320537
17218,396
17218,6075
17218,395
17218,2792
17218,9807
17218,209476
41316,187056
5179,818
5179,128
5179,388
5179,1755
5179,3130
5179,10683
5179,10508
5179,10483
5179,10873
5179,14669
5179,41355
5179,171469
5179,192391
5179,195988
5179,211823
5179,222850
5179,230350
5179,239343
5179,247745
5179,254565
5179,254641
5179,263308
5179,298080
5179,313286
53198,924
53198,131
53198,155539
53198,184345
65156,3065
65156,10226
65156,10726
65156,33699
42593,596
42593,11327
42593,10041
42593,13027
42593,18396
42593,210782
76002,818
76002,10538
76002,155208
76002,173186
52741,240
52741,6075
52741,5605
52741,13088
52741,33861
52741,214778
15081,388
15081,977
15081,2735
15081,15101
15081,210184
21147,159339
64877,2946
64877,1673
64877,6817
64877,14641
64877,185456
64877,207928
16703,6149
16703,2708
16703,2903
16703,977
16703,2340
16703,9016
16703,9807
16703,10410
16703,12999
16703,13008
16703,166571
16703,193309
16703,195911
16703,207046
16703,245702
20298,769
20298,9807
19974,242
19974,818
19974,1507
19974,4620
19974,9807
19974,9826
19974,157210
19974,188994
19974,229959
19974,275803
22112,818
22112,4898
22112,9807
22112,11578
22112,12670
22112,18083
4201,4812
4201,2281
4201,9920
4201,15016
39868,6104
39868,4931
39868,1617
39868,5801
39868,10138
39868,9748
39868,10216
39868,13014
39868,189921
20408,6009
20408,12999
20408,155790
20408,159469
20408,184760
20408,273879
13580,295
13580,470
13580,2106
13580,7950
13580,2113
13580,5627
13580,9193
13580,8778
13580,10859
13580,12999
13580,14720
13580,33456
13580,33457
13580,33459
13580,33460
13580,325812
18706,212
18706,1930
18706,1223
18706,1956
18706,3338
18706,12999
18706,15272
18706,191001
18706,230331
18706,261204
18706,261205
18706,261206
18706,261209
18706,261416
18706,273879
34327,212
34327,1453
34327,1936
34327,770
34327,5340
34327,3363
34327,5927
34327,9016
34327,10414
34327,12999
34327,14676
34327,156040
34327,156835
34327,168110
34327,185528
34327,191600
34327,208259
34327,230999
34327,261414
34327,261415
34327,261416
34327,273879
43013,470
43013,1956
43013,1192
41940,1329
41940,7312
41940,9921
41940,18001
20417,2096
20417,12999
20417,172841
20417,273879
69526,221083
14462,2952
14462,2944
14462,4707
14462,8651
14462,10410
14462,33482
14462,33483
14462,46955
14623,3271
14623,12393
14623,33725
14623,176253
14623,188178
14623,188179
14623,207560
6947,904
6947,3874
6947,5774
6947,11004
6947,164092
6947,164663
6947,170179
6947,220979
6947,233324
6947,272120
6947,275311
401,894
401,586
401,6059
401,856
401,996
401,697
401,1740
401,2467
401,1941
401,1942
401,1944
401,1945
401,1947
401,9457
401,10776
401,12670
401,15106
401,158741
50247,1459
50247,10235
50247,10132
50247,12369
50247,160224
50247,180498
50247,208571
50247,209464
46326,254
46326,10026
35780,6300
35780,11691
35780,207560
25361,6300
25361,11691
25361,207560
45522,818
45522,3098
45522,185005
23750,4565
23750,9748
23750,13027
23750,214595
44289,246
44289,1566
44289,3030
44289,1930
44289,10738
44289,7312
44289,11546
44289,14601
44289,14964
44289,156174
44289,180340
1436,1704
1436,478
1436,6062
1436,2831
1436,4718
1436,4719
1436,4849
1436,14643
1436,41406
1436,237612
1436,250198
17768,2389
17768,6089
17768,10181
17768,5049
17768,14906
17768,197643
27375,3036
27375,187056
27375,200276
1538,444
1538,6149
1538,2708
1538,1562
1538,476
1538,1749
1538,1812
1538,2334
1538,11435
1538,9740
1538,13008
1538,15099
1538,162914
1538,163656
1538,167377
1538,177964
1538,207268
1538,207413
1538,208156
1538,220205
1538,261264
1538,279362
1538,310324
1538,319190
1538,324757
1538,325778
14846,4812
14846,586
14846,1576
14846,3741
14846,1594
14846,2398
14846,4434
14846,9799
14846,10582
14846,15246
14846,171854
14846,325417
14846,331812
14846,341119
2577,2964
2577,2682
2577,4565
2577,2350
2577,159531
52936,299344
46884,156234
46884,186212
33333,6270
33333,236
33333,1541
33333,7920
33333,10683
33333,10873
33333,13141
33333,14707
33333,195372
33333,202371
33333,235790
33333,245415
33333,247968
33333,260765
33333,287622
33333,293194
33333,350027
33333,352838
33333,353549
41975,818
41975,1956
41975,9672
41975,13059
41975,175107
41975,207883
41975,208591
41975,221285
16606,642
16606,1420
16606,5879
16606,7188
16606,8132
11282,380
11282,586
11282,587
11282,7312
11282,8224
11282,11488
11282,10776
11282,11148
11282,14988
11282,15214
11282,54169
11282,157748
11282,162914
11282,167541
11282,167631
11282,167642
11282,167656
11282,167663
11282,167664
11130,2505
11130,6038
11130,4263
11130,13072
11130,209673
11130,324429
11130,325773
395,1826
395,83
395,1297
395,6049
395,1949
395,9951
395,13031
395,204390
395,325814
11052,1160
11052,1299
11052,1317
11052,1721
11052,2035
11052,9854
11052,12965
11052,207826
11052,210024
11052,222243
11052,224987
23601,596
23601,1326
23601,1797
23601,6038
23601,3691
23601,11510
10762,6054
10762,697
10762,1890
10762,3593
10762,6956
10762,8158
10762,18330
11026,409
11026,716
11026,3684
11026,2626
11026,9714
11026,9895
11026,10093
11026,11083
11026,14546
11026,14999
11026,33651
11026,41586
11026,157008
11026,161261
11026,161935
11026,172391
11026,179567
11026,179568
11026,207883
11026,208596
11026,221691
11026,229863
11026,256183
11026,286912
18693,4344
18693,10039
18693,361867
45598,1891
45598,156181
45598,194789
45598,361867
8745,3800
8745,4497
8745,8086
8745,361867
45335,4048
45335,9799
45335,361867
18690,14725
18690,18001
18690,41185
18690,190190
18690,361867
7506,1936
7506,6377
7506,361867
65596,378
65596,818
65596,1432
65596,4379
65596,3966
65596,8079
65596,10982
65596,11860
65596,13006
65596,14544
65596,14626
65596,15169
65596,34067
65596,168266
65596,177129
65596,210934
65596,235489
65596,248988
65596,252571
65596,350018
36912,2792
36912,3202
36912,9663
36912,41523
36912,156121
36912,156768
36912,159607
36912,166462
36912,207883
36912,246534
40087,3030
40087,5767
40087,2920
40087,6732
40087,7984
40087,9826
40087,10714
40087,12339
40087,13088
40087,213450
46831,1382
46831,4299
46831,11935
46831,167921
46831,174420
46831,187265
20120,9716
20120,18035
22543,1608
22543,15016
22543,261759
44415,15162
11237,3664
11237,1585
11237,1297
11237,2052
11237,1963
11237,6722
11237,7265
11237,10349
11237,10787
11237,158233
11237,179423
11237,215532
11237,223059
8080,10714
14797,4718
14797,156234
14797,184656
14797,187305
14797,252696
11632,212
11632,5212
11632,4320
11632,4107
11632,155697
11632,187056
18475,5731
18475,6496
18475,6142
18475,10226
18475,10232
18475,12425
18475,18187
18475,41180
18475,169055
18475,176752
15644,1936
15644,2560
15644,3301
15644,5824
15644,9748
15644,10333
15644,10878
15644,12670
15644,13063
15644,15249
15644,158927
11208,2038
11208,4908
11208,11200
11208,34038
16153,828
16153,4129
16153,1859
16153,5153
16153,7312
16153,10229
16153,10512
16153,225795
13559,9699
13559,9700
13559,10375
13559,15090
13559,158927
13559,163925
13559,315770
42694,700
42694,175949
32298,2687
32298,2864
32298,166113
32298,168135
32298,177473
32298,178923
32298,207863
32298,219779
32298,241738
32298,267804
32298,295959
66566,2438
66566,11522
66566,187056
124029,1946
124029,5890
124029,10235
124029,10594
42164,730
42164,1382
42164,1925
42164,21747
42164,33490
42164,160329
42164,174109
42164,178210
42164,189435
42164,244281
42164,248563
42164,258743
42164,280617
42164,314753
42164,317146
42164,319117
124,3737
124,1605
124,3012
124,1786
124,6155
124,6068
124,4183
124,10909
29979,1562
29979,2101
29979,5859
29979,6440
29979,9844
29979,9856
29979,9748
29979,10333
29979,10714
29979,14676
29979,269268
41762,2334
41762,11700
12548,6054
12548,3725
12548,2336
12548,12999
12548,208408
12548,252193
33345,2853
33345,970
33345,9673
33345,155493
19893,10084
19893,1196
19893,630
19893,1422
19893,2215
19893,3546
19893,361867
42264,387
42264,5496
42264,8201
42264,33934
42264,155702
42264,291153
42264,325763
11387,3799
11387,818
11387,11436
11387,7956
11387,5959
11387,3692
11387,9812
11387,164495
11387,168683
11387,188720
11387,191026
11387,207928
11387,208188
11387,236465
104659,155870
24924,1583
24924,3335
24924,9712
24924,8303
24924,9694
24924,15001
24924,33648
17994,2723
17994,9712
17994,10114
17994,9815
17994,10112
17994,10111
17994,262826
75759,9318
75759,155490
75759,155720
60437,222
60437,41329
60437,160174
49069,1817
49069,3298
49069,4344
49069,9649
49069,11476
49069,12400
49069,210028
49069,212045
49069,282071
31117,9678
31117,1009
31117,6104
31117,1480
31117,6257
31117,2878
31117,234456
9759,6149
9759,6259
9759,974
9759,6103
9759,12670
9759,14903
9759,15156
9759,179431
1577,10084
1577,779
1577,4565
1577,1852
1577,10410
1577,11738
1577,12377
1577,41645
1577,321464
14198,3202
14198,10453
288952,187056
16232,6075
16232,1480
5137,736
5137,212
5137,486
5137,1373
5137,4850
5137,10028
5137,14544
11823,1605
11823,6075
11823,1488
11823,2848
11823,9415
11823,12380
11823,167882
11823,215754
11823,274126
2003,2316
2003,2334
2003,5756
2003,5975
2003,10180
2003,187056
18804,2652
18804,1003
18804,1956
18804,5509
18804,9673
18804,9905
18804,12545
18804,14514
18804,161242
18804,240315
18804,264386
13969,5600
13969,840
13969,1568
13969,3616
13969,9799
13969,11033
13969,170682
13969,206298
13969,208633
13969,218182
10145,3800
10145,697
10145,6262
10145,2669
10145,9872
10145,11518
10145,11469
10145,12617
10145,14784
10145,15106
10145,184369
10145,314730
13702,733
13702,1817
13702,3201
13702,4378
13702,2426
13702,2672
13702,5906
13702,8201
13702,5729
13702,7017
13702,9834
13702,9835
13702,162804
13702,169815
13702,170827
13702,208135
1653,818
1653,5967
1653,2020
1653,5504
1653,8658
1653,7937
1653,6460
1653,10596
1653,14735
1653,158525
1653,158527
1653,158529
1653,167043
747,212
747,10123
747,8201
747,6581
747,9755
747,8631
747,9713
747,10349
747,12377
747,33424
747,50009
747,155479
747,164698
747,173971
747,186565
747,208156
747,225012
747,232076
747,251667
747,259376
747,311315
747,314730
747,319397
747,325765
747,325791
747,325813
747,325815
84214,1566
84214,6038
84214,3451
84214,4461
84214,5885
84214,3423
84214,10181
84214,6623
84214,7464
84214,9082
84214,9872
84214,9957
84214,10226
84214,11612
84214,11925
84214,34262
84214,188991
84214,209057
84214,214514
84214,243665
84214,256609
84214,301319
84214,343822
84214,354437
84214,354438
84214,354439
23627,246
23627,1691
23627,3616
23627,4344
23627,4516
23627,12990
23627,12999
23627,176095
26230,1299
26230,11034
26230,315058
4176,818
4176,1522
4176,703
4176,1757
4176,5340
4176,3279
4176,10794
4176,12570
4176,13008
4176,207046
4176,214548
11177,8379
11177,8900
11177,13072
11177,14768
11177,158558
11177,179044
11177,254801
11177,264966
43839,1691
43839,167411
43839,204236
26690,796
26690,848
26690,1680
26690,703
26690,9887
26690,5579
26690,10714
26690,14829
26690,15271
26690,264386
26690,311259
35101,10168
35101,11823
35101,11085
10905,591
10905,1568
10905,4721
10905,9016
10905,33705
18196,818
18196,131
18196,2908
18196,6154
18196,10093
18196,10135
18196,10909
18196,14765
18196,14818
18196,15001
18196,15167
18196,41380
18196,41523
18196,156174
18196,161982
18196,200234
18196,202760
18196,325817
18196,325818
18196,325825
18196,325839
70345,1706
70345,1585
70345,4375
70345,191574
70345,207844
88174,3182
88174,11322
88174,15106
88174,207767
42215,977
42215,176706
42215,200234
42215,201864
42215,249136
42215,251667
42215,311315
42215,325787
42215,325817
42215,325818
42215,325839
43105,1852
43105,3184
43105,4551
43105,309974
43105,325783
71140,736
71140,642
71140,417
71140,3713
71140,1643
71140,2598
71140,8015
71140,9826
71140,10294
71140,14601
71140,199221
27815,708
27815,1852
27815,9663
27815,207673
27815,267488
27815,342626
12707,3799
12707,4676
12707,5359
12707,5420
12707,6178
12707,17986
12707,155529
12707,213874
12707,223059
12707,232766
12707,257981
12707,271866
43657,158718
43657,258533
43117,1612
43117,793
43117,2340
43117,2676
43117,6038
43117,2993
43117,4317
43117,3301
43117,4517
43117,4862
43117,9720
43117,9951
43117,9673
43117,9826
43117,14909
43117,33671
43117,160799
43117,162271
43117,163386
43117,172466
43117,219370
43117,234248
43117,239387
43117,248518
43117,286428
43117,286429
43117,286430
43117,286432
47446,3265
47446,10181
47446,162861
47446,192763
47446,208358
47446,234934
54979,1860
54979,2041
54979,977
54979,2580
54979,9957
54979,14895
54979,33477
54979,155746
54979,157524
42172,5600
42172,445
42172,933
42172,708
42172,3276
42172,3880
42172,5905
42172,12670
42172,18321
42172,155418
42172,155790
42172,156948
42172,161350
42172,238328
42172,254053
42172,320889
42172,320890
42600,8201
42600,7856
42600,12425
42600,244530
42600,281237
42600,318248
42600,320420
42600,325834
42600,325847
42600,328420
47825,2296
47825,10410
47825,10856
62697,657
62697,818
62697,332
62697,2766
62697,1852
62697,5160
62697,3521
62697,7325
62697,10617
62697,15000
62697,15235
62697,161294
31655,3098
31655,9552
31655,33505
27498,3335
27498,10292
27498,10534
27498,12339
1492,1551
1492,6453
1492,6195
1492,10322
1492,213097
1492,228691
1492,301513
8689,596
8689,570
8689,1585
8689,4931
8689,1463
8689,4720
8689,886
8689,2517
8689,3986
8689,5160
8689,9701
8689,4551
8689,10148
8689,5569
8689,5968
8689,9732
8689,10864
8689,10787
8689,13006
8689,13083
8689,14707
8689,14895
8689,15394
8689,18266
8689,33490
8689,156091
8689,160517
8689,161166
8689,162745
8689,163053
8689,174109
8689,188460
8689,189921
8689,192694
8689,205685
8689,210856
8689,232071
8689,243608
8689,246926
8689,248288
8689,253980
8689,263398
8689,278235
8689,299360
8689,310003
8689,310004
8689,310005
8689,310006
8689,342626
10555,1357
10555,7879
10555,1701
10555,3045
10555,4459
10555,4923
10555,11477
10555,15097
10555,187056
11128,10084
11128,1701
11128,657
11128,10617
11128,10715
11128,168110
11128,168115
11128,192094
22842,2792
22842,10322
1599,931
1599,4183
1599,703
1599,4108
1599,6562
1599,9823
1599,11001
1599,15325
1599,18047
1599,162271
1599,181324
1599,197526
14024,7393
14024,10228
14024,10229
14024,163764
14024,172291
14024,207739
14024,218182
11045,242
11045,1749
11045,703
11045,2415
11045,5373
11045,9767
11045,11199
11045,13063
11045,14818
11045,15363
11045,18047
11045,189398
11045,196917
11045,206898
11045,210245
11045,238783
11045,266659
11045,270731
11045,286227
11045,287071
11045,292464
15503,4580
15503,2200
15503,4412
15503,5905
14337,1448
14337,2101
14337,6009
14337,3394
14337,4379
14337,5455
14337,14779
14337,162356
14337,260150
26108,4235
26108,10181
26108,207941
4380,1691
4380,931
4380,1157
4380,733
4380,1342
4380,4344
4380,9673
4380,9714
4380,10106
4380,186736
4380,207010
4380,207972
4380,217879
4380,282659
3989,1160
3989,6086
3989,254
3989,90
3989,487
3989,592
3989,697
3989,1366
3989,1242
3989,2580
3989,1627
3989,2314
3989,2355
3989,2535
3989,2966
3989,3263
3989,4596
3989,5373
3989,9755
3989,3837
3989,11691
3989,164889
3989,210610
3989,218032
3989,301045
16358,3739
16358,6625
16358,10041
16358,146946
16358,155294
25313,242
25313,818
25313,4998
25313,718
25313,5918
25313,2679
25313,3616
25313,4434
25313,437
25313,5982
25313,12392
25313,18060
25313,33574
25313,163758
25313,208709
25313,211703
25313,225049
25313,232404
25313,240315
25313,240485
25313,240736
25313,248870
25313,304251
25313,310952
2438,1157
2438,837
2438,1491
2438,1797
2438,6038
2438,2992
2438,10181
2438,6521
2438,6555
2438,9249
2438,9872
2438,10963
2438,14540
2438,33457
2438,33557
2438,33720
2438,188991
2438,353851
2438,353852
65550,331
65550,700
65550,697
65550,4129
65550,3134
65550,10181
65550,155497
65550,240315
29445,10326
11121,570
11121,818
11121,4402
11121,6038
11121,9673
11121,9748
11121,9826
11121,12545
11121,18035
11121,154846
11121,177998
11121,197092
11121,201512
11121,201725
11121,207031
11121,207928
55457,242
55457,5248
55457,9672
55457,9713
55457,18062
55457,208992
23739,779
23739,1938
23739,5147
21241,15291
21241,167043
21241,180307
21241,298953
3053,3133
3053,1992
28356,2673
12456,2225
12456,5399
12456,11321
12456,14530
12456,33490
12456,171493
55047,10329
55047,237462
28153,1009
28153,3725
28153,1852
28153,10042
28153,14999
28153,244917
36616,12988
36616,158340
36616,161919
36616,195847
36616,276162
13644,242
13644,1991
13644,207317
41936,11007
41936,165431
41936,173265
41936,207876
13416,6270
13416,818
13416,6075
13416,579
13416,1556
13416,4610
13416,8338
13416,12425
1435,1565
1435,570
1435,222
1435,6259
1435,1556
1435,2468
1435,9457
1435,10180
1435,14534
1435,156195
1435,171119
11099,3737
11099,5306
11099,3523
11099,295809
167177,9749
167177,11322
167177,12670
167177,163047
167177,197361
167177,227902
167177,229187
167177,232785
12483,236
12483,1595
12483,4073
12483,3335
12483,156768
12483,157217
12483,163726
12483,241739
12483,286957
12483,292634
18701,212
18701,5911
18701,157799
18701,214548
18701,228296
2319,1158
2319,3450
2319,162515
110351,5565
110351,41610
15566,65
15566,9799
15566,207317
1970,428
1970,6095
1970,9714
1970,10541
1970,12369
1970,172972
1970,172980
1970,314730
1970,322255
1970,325818
1970,325839
8849,242
8849,1332
8849,1486
8849,4320
8849,7476
8849,9094
8849,9639
8849,9673
8849,9714
8849,11687
8849,10050
8849,169276
8849,237989
8849,256330
9675,387
9675,818
9675,2702
9675,6563
9675,7312
9675,8070
9675,10776
9675,13028
9675,15214
9675,208563
9675,212785
9675,220204
9675,324713
9675,325765
9675,325766
9675,325782
9675,325849
9675,325853
4553,1382
4553,4142
4553,173957
4553,173959
4553,173966
4553,173971
4553,173974
4553,173976
4553,173977
4553,173983
4553,173986
4553,173989
4553,173990
4553,232469
11109,6149
11109,392
11109,3725
11109,2784
11109,5424
11109,10226
11109,11322
11109,17986
11109,41246
11109,154881
11109,173490
11109,208611
16131,1261
16131,708
16131,6464
16131,10041
16131,9229
16131,10541
16131,12417
16131,40895
16131,156121
16131,235152
16131,235886
16131,245264
16131,262325
16131,272004
16131,284013
16131,295809
16131,296741
16131,312898
16131,316747
9391,10084
9391,2406
9391,3497
176,4426
176,1366
176,703
176,9856
176,11612
176,13005
176,13006
176,13125
176,50009
176,157367
176,157375
176,157376
176,163841
176,184312
176,262404
176,295702
1677,1741
1677,727
1677,1416
1677,697
1677,2635
1677,2776
1677,2495
1677,4232
1677,4746
1677,5565
1677,5626
1677,5707
1677,5708
1677,5711
1677,5716
1677,5718
1677,14743
1677,192279
1677,266753
10740,1326
10740,242
10740,2199
10740,697
10740,3452
10740,5484
10740,6167
10740,9713
10740,9736
10740,9872
10740,11869
10740,13027
10740,14720
10740,33476
10740,34079
10740,155778
10740,159278
10740,164664
10740,190287
10740,351911
9806,1701
9806,1308
9806,9715
9806,3289
9806,10235
9806,33637
9806,194404
9806,208611
9806,208992
9806,270538
9806,325811
19614,6029
12777,2964
12777,1605
12777,1157
12777,10685
12777,402
12777,2210
47959,2199
5255,6150
5255,65
5255,1991
5255,5801
5255,9995
5255,13008
5255,33678
5255,34154
5255,41314
5255,48711
5255,188735
5255,207317
5255,325782
5255,355701
11184,3664
11184,1447
11184,460
11184,738
11184,1992
11184,6038
11184,4434
11184,5565
11184,6050
11184,10180
11184,11011
11184,15027
11184,161266
11184,189475
11184,195999
11249,1009
11249,3392
11249,9712
11249,9707
11249,9826
11249,10603
11249,10714
11249,12339
11249,180691
11249,187065
11249,240764
11249,251513
11249,325822
10589,1384
10589,3345
10589,6168
10589,6328
10589,10051
10589,12670
10589,180340
10589,272551
9801,212
9801,931
9801,3391
9801,1007
9801,1594
9801,3432
9801,3434
9801,6876
9801,13043
9801,13072
9801,13424
9801,14602
9801,14783
9801,164698
9801,187056
9801,196003
9801,235908
9801,248915
9801,257098
9801,308996
9801,311800
9801,331388
866,212
866,4327
866,1412
866,970
866,6150
866,4129
866,4326
866,4333
866,10818
866,40895
866,281386
4251,378
4251,4034
4251,2038
4251,3203
4251,4344
4251,7021
4251,14636
4251,158512
2059,242
2059,1454
2059,276
2059,521
2059,483
2059,1812
2059,1638
2059,1963
2059,2908
2059,3371
2059,5636
2059,6956
2059,6165
2059,14765
2059,41586
2059,163079
2059,185343
2059,190024
2059,192279
2059,196684
2059,221092
2059,226774
2059,240119
2059,245209
2059,251667
2059,255151
2059,269021
2059,280999
2059,282114
2059,291227
2059,308477
2059,308908
2059,309007
2059,309008
2059,309013
2059,329665
2059,329668
140,566
140,6054
140,514
140,739
140,726
140,108
140,744
140,571
140,6271
140,776
140,1284
140,886
140,10508
140,9826
140,10093
140,158718
140,160246
140,161207
140,208289
140,235736
140,343478
11836,658
11836,270
11836,769
11836,3289
11836,9968
11836,179430
11836,179431
11836,209220
11836,269769
11836,325761
11836,325762
11836,325770
17818,4344
17818,18292
17818,186403
1966,1160
1966,2857
1966,347
1966,1241
1966,1200
1966,2280
1966,3072
1966,5127
1966,9725
1966,9920
1966,10180
1966,14704
1966,158718
1966,162861
1966,188270
1966,192772
1966,219404
1966,253606
1966,258533
13673,520
13673,1157
13673,818
13673,65
13673,1441
13673,5570
13673,207317
13673,319319
13673,320420
13673,325781
13673,325832
174787,1930
174787,166950
174787,191317
26347,5907
26347,496
26347,886
26347,7973
2288,1326
2288,7879
2288,1157
2288,1332
2288,1003
2288,697
2288,699
2288,6025
2288,4320
2288,2251
2288,3691
2288,9606
2288,6593
2288,9468
2288,10181
2288,10201
2288,8764
2288,13028
2288,13072
2288,179066
2288,293649
2288,317148
9550,11196
9550,779
9550,6086
9550,478
9550,1400
9550,5511
9550,46950
9550,184656
9550,252544
9550,325778
9550,325813
163,90
163,588
163,587
163,271
163,1595
163,8627
163,6168
163,9663
163,10051
163,9728
163,11200
163,156121
163,159480
163,191604
163,315792
163,340671
36648,779
36648,697
36648,3133
36648,1812
36648,9715
36648,6152
36648,5572
36648,9717
36648,9259
36648,14731
36648,14735
36648,14926
36648,40884
36648,163074
36648,232469
36648,269233
36648,325845
15788,612
15788,9253
15788,41240
15788,41241
15788,195550
18973,3205
18973,5921
41253,1480
41253,9016
41253,14999
15787,6147
15787,14857
15787,162687
35188,11612
35189,192190
52122,9755
52122,10911
52122,165913
28333,9253
28333,41240
24062,171036
43670,222
43670,4232
43670,245274
43670,321464
43670,325824
58182,4344
58182,5165
58182,10229
58182,156028
33740,12396
74719,4344
77448,12396
77448,154866
43752,3799
43752,3588
42668,11195
42668,5127
42668,13084
42668,253606
25952,839
25952,3801
25952,9826
25952,9882
25952,11001
25952,156039
25952,191132
25952,207317
16248,6104
16248,1480
16248,4548
16248,5774
16248,5992
16248,10235
16248,14544
16248,33353
16248,157955
16248,200510
16248,207592
16248,254915
15613,1415
15613,818
15613,6149
15613,1859
15613,5565
15613,9672
15613,9720
15613,9951
15613,9738
15613,9739
15613,12553
15613,169962
15613,181105
15613,188334
15613,291004
151848,818
151848,186
151848,345
151848,2905
151848,9840
151848,9714
151848,11001
151848,18034
151848,41185
151848,169449
151848,172391
151848,173259
151848,225188
151848,270343
30719,378
30719,4908
30719,207317
30719,209347
28421,1299
28421,6255
28421,770
28421,9663
28421,9826
28421,10562
28421,12999
28421,14760
28421,41410
28421,160130
28421,180172
28421,186356
28421,189115
28421,271162
28421,325777
8424,2414
8424,1690
8424,9986
32558,2679
32558,155450
32558,155755
32558,155795
32558,156580
32558,181328
32558,187212
32558,190102
32558,211823
32558,326126
50085,6069
50085,4551
50085,9748
50085,11061
50085,207819
50034,10181
50034,6656
50034,9376
50034,10410
42401,818
42401,6623
42401,9673
42401,10809
42401,156230
42401,168316
42401,191001
42401,227379
42401,240315
30996,3616
30996,4728
30996,9826
30996,10022
30996,10714
30996,10873
30996,12339
30996,13160
30996,14805
30996,173298
30996,190007
18889,5907
18889,917
18889,1638
18889,2954
18889,5939
18889,12193
18889,15087
18889,41178
18889,164124
18889,185454
18889,187056
18889,272754
3016,848
3016,4375
3016,9181
3016,154802
3016,156033
3016,173977
2972,818
2972,2444
2972,3901
2972,4037
2972,3530
2972,9675
2972,10144
2972,154802
2972,179874
2972,198181
2972,208244
2972,244516
2972,325783
71065,818
71065,10322
71065,154802
71065,160279
71065,208123
42510,10325
42510,5386
42510,11200
42510,14514
42510,154802
42510,170801
42510,184422
42510,188990
58129,613
58129,818
58129,1721
58129,351
58129,1227
58129,3284
58129,9856
58129,10907
58129,15015
58129,33457
58129,34079
58129,154802
58129,159845
58129,167581
58129,169878
58129,188660
58129,190012
58129,215659
58129,238795
58129,325852
29267,478
29267,1430
29267,2687
29267,4372
29267,34079
29267,154802
29267,156104
29267,157337
29267,179874
29267,180397
29267,190287
29267,208313
29267,244516
29267,354871
29267,356614
36841,154802
57283,616
57283,6156
57283,6255
57283,2795
57283,5147
57283,5083
57283,10138
57283,12999
57283,13006
57283,14999
57283,15001
57283,40931
57283,41329
57283,41406
57283,154802
57283,161270
57283,179542
57283,180194
57283,187316
57283,209568
57283,221188
57283,239233
18987,90
18987,818
18987,3437
18987,12999
18987,154802
18987,157943
18987,163138
18987,254408
41348,154802
27511,291
27511,3199
27511,4507
27511,10181
27511,9673
27511,9714
27511,10614
27511,10085
27511,10048
27511,154802
27511,171854
27511,212330
27511,228267
27511,230896
96713,15160
992,3430
992,1735
992,9253
992,10787
992,12999
992,14735
992,14783
992,154802
992,161849
992,163841
992,169967
992,175683
992,181471
992,181476
992,181479
3060,254
3060,2504
3060,1627
3060,10141
3060,18543
3060,154802
3060,158765
3060,160066
3060,210184
3060,234161
3060,237444
42359,154802
42359,231401
1405,1321
1405,5332
1405,6038
1405,4258
1405,8577
1405,10594
1405,10614
1405,9826
1405,12987
1405,13027
1405,33780
1405,34079
1405,154802
1405,208262
1405,215551
1405,215678
964,2199
964,90
964,818
964,2992
964,3284
964,10216
964,10614
964,10048
964,12999
964,15032
964,15381
964,154802
964,156034
964,171612
964,181532
964,186849
964,221966
964,233843
939,242
939,733
939,970
939,582
939,2444
939,2200
939,2315
939,12999
939,184816
697,6086
697,6285
697,3462
697,2471
697,154802
697,158620
697,224427
104433,582
104433,14988
27503,291
27503,9673
27503,18106
27503,154802
27503,163964
27503,164218
27503,215217
27503,230896
27503,317274
905,212
905,585
905,697
905,3691
905,10181
905,9016
905,9714
905,12999
905,14872
905,154802
905,231202
31411,242
31411,699
31411,248
31411,1788
31411,3261
31411,9767
31411,11677
31411,10176
31411,12999
31411,15149
31411,33699
31411,34262
31411,154802
31411,161823
31411,169734
31411,170729
31411,171345
31411,185952
31411,186150
31411,188317
31411,193919
31411,196899
31411,197757
31411,231405
31411,237169
31411,297302
31411,324713
31411,330097
31411,330098
28189,818
28189,10560
28189,154802
3061,242
3061,6038
3061,10614
3061,154802
27517,3199
27517,164218
27517,193262
42538,236
42538,436
42538,440
42538,11001
42538,154802
42538,156043
42538,158780
42538,173185
42538,215678
42538,234192
42538,319391
25768,1935
25768,1261
25768,5490
25768,9890
25768,11073
25768,12999
25768,34130
25768,34268
25768,154802
25768,158192
25768,165551
25768,180574
25768,188351
25768,196682
25768,209197
25768,232700
25768,238540
25768,238541
25768,238543
25768,238544
120833,156764
626,1566
626,4144
626,3124
626,3125
626,3126
626,3307
626,9887
626,10093
626,34079
626,164218
626,166862
626,207592
626,263548
626,354871
626,361535
27899,642
27899,818
27899,3149
27899,9730
27899,6974
27899,9826
27899,10291
27899,156764
27899,208306
5729,966
5729,885
5729,1817
5729,1468
5729,2105
5729,2637
5729,9887
5729,6024
5729,9503
5729,9673
5729,12999
5729,33648
5729,154802
5729,159245
5729,193261
42816,6075
42816,395
42816,6211
42816,2792
42816,33457
42816,33479
42816,40898
42816,161545
42816,166802
42816,184439
42816,193460
42816,209476
42816,240119
42816,244917
42816,269120
42816,275759
42816,351197
13911,3799
13911,3622
13911,12999
13911,156764
51394,5419
51394,2072
51394,428
51394,1253
51394,10656
51394,11612
51394,33457
51394,156764
51394,167921
51394,172694
51394,188266
51394,230814
48365,90
48365,1252
48365,4029
48365,5386
48365,5771
48365,11869
48365,206782
48365,231543
48365,248288
48365,337525
3574,242
3574,1706
3574,4550
3574,10326
3574,10125
3574,12193
3574,14676
3574,156764
3574,163128
91,514
91,2903
91,9887
91,12987
91,160517
91,161316
91,208250
91,214548
91,263548
91,276164
31592,1209
31592,818
31592,6625
31592,11514
31592,12999
31592,15346
31592,41410
31592,156764
31592,172658
31592,179423
31592,238842
31592,239256
31592,254097
43132,9678
43132,417
43132,6068
43132,6150
43132,351
43132,2887
43132,3462
43132,4833
43132,12413
43132,154794
43132,156764
43132,156835
43132,173643
43132,186004
43132,193161
43132,208508
43132,211174
43132,239911
877,520
877,380
877,818
877,6149
877,947
877,567
877,3149
877,2987
877,4552
877,3734
877,9807
877,9826
877,11578
877,12999
877,156764
877,325773
875,549
875,570
875,478
875,2682
875,526
875,2695
875,3074
875,4355
875,12999
875,33683
875,156764
875,156866
28268,233
28268,14632
28268,154802
28268,157955
28268,180523
28268,227878
779,1566
779,818
779,3133
779,2968
779,3098
779,4066
779,4026
779,12999
779,15032
779,157337
779,162685
779,245572
779,349387
779,354871
779,356925
56724,828
56724,837
56724,7464
56724,9732
56724,12396
56724,13027
56724,33457
56724,33490
56724,33626
56724,156764
56724,157774
56724,165231
56724,171848
56724,184783
56724,206191
56724,234193
56724,234957
56724,235736
56724,241435
39130,596
39130,242
39130,4480
39130,1936
39130,5571
39130,10181
39130,7464
39130,11514
39130,11061
39130,34094
39130,156037
39130,156764
39130,165177
39130,169358
39130,178654
39130,189389
39130,191080
39130,191260
39130,195265
39130,206307
39130,215257
39130,228296
39130,233607
39130,246058
39130,296558
39130,296559
39130,296560
28046,1992
28046,155331
28046,156081
28046,192125
28046,212436
31511,10325
31511,4344
31511,5571
31511,33475
31511,156764
31511,158950
31511,164623
31511,165241
31511,186189
31511,233445
3031,911
3031,818
3031,10125
3031,11851
3031,9743
3031,10770
3031,15365
3031,156630
3031,156764
3031,163561
3031,170310
3031,181905
3031,185628
3031,198364
3031,224587
3031,228978
3031,234268
3031,239390
3031,239730
3031,241980
3031,244157
3031,274115
3031,287153
3031,296234
3031,298934
3031,327566
3031,339284
43130,934
43130,970
43130,6156
43130,4375
43130,3344
43130,6932
43130,9758
43130,34130
43130,154786
43130,156764
43130,173297
43130,192208
43130,197618
43130,207863
43130,208556
43130,239039
43130,239089
43130,239090
43130,239117
43595,10229
43595,156764
43595,164593
43149,1860
43149,2041
43149,3622
43149,3521
43149,9663
43149,10229
43149,10468
43149,12616
43149,12999
43149,156192
43149,196425
43149,250200
43149,268882
43149,293178
43148,3133
43148,5155
43148,34079
43148,156764
43148,174539
50073,570
50073,259
50073,2448
50073,2981
50073,3230
50073,5571
50073,10766
50073,12987
50073,155809
50073,156316
50073,156764
50073,165137
50073,169590
50073,196399
50073,196578
50073,203826
50073,215741
50073,236287
50073,236288
43904,894
43904,6038
43904,9887
43904,14785
43904,165364
43904,178210
43693,212
43693,2299
43693,5933
43693,5565
43693,10181
43693,10235
43693,14765
43693,18091
43693,154796
43693,156764
43693,199165
43693,204703
43693,218182
43693,229224
43693,233542
43693,240282
43693,240303
43693,260953
43693,322676
24106,316
24106,1968
24106,1244
24106,12999
24106,13008
24106,14527
24106,15106
24106,155488
24106,155811
24106,156243
24106,156578
24106,156764
24106,156866
24106,161270
24106,163055
24106,164218
24106,173139
24106,189421
24106,190396
24106,190621
24106,193228
24106,209118
24106,225961
24106,238023
24106,314641
24106,314642
24106,314643
24106,314644
47921,12999
47921,17997
47921,155875
47921,156764
47921,299454
49640,798
46910,1589
46910,539
46910,502
46910,2504
46910,4100
46910,8516
46910,5060
46910,18034
46910,156764
46910,225468
43689,4129
43689,4344
43689,156764
22614,1157
22614,848
22614,1308
22614,4319
22614,6317
22614,8329
22614,155697
22614,160279
22614,166490
22614,193511
22614,236263
22614,255842
43889,128
43889,388
43889,2777
43889,8009
43889,12392
43889,14636
43889,41185
131894,1233
131894,192471
43896,6054
43896,4729
43896,10202
43896,9673
43896,10085
43896,14552
43896,14872
43896,207876
28910,3133
28910,3754
28910,6156
28910,1992
28910,5155
28910,174539
28910,194430
28910,207863
28910,209118
17907,4585
17907,9748
17907,10714
17907,10770
17907,10772
17907,13063
17907,221882
17907,239374
17907,239375
17907,239376
17907,239377
27970,212
27970,1299
27970,305
27970,486
27970,2172
27970,6582
27970,10125
27970,11155
27970,9826
27970,12564
27970,12999
27970,13031
27970,228001
52677,3864
14615,1415
14615,1930
14615,11038
14615,9673
14615,10594
14615,9748
14615,9807
14615,9826
14615,9890
14615,155402
14615,170450
14615,207863
14615,234346
14615,243713
14615,274649
31773,918
31773,1495
31773,6038
31773,9673
31773,10909
31773,12193
31773,13027
31773,15160
31773,155457
31773,165282
31773,176016
31773,191789
24807,242
24807,918
24807,1415
24807,6298
24807,10594
24807,10909
24807,12193
24807,12999
24807,156799
24807,161506
24807,170141
24807,186808
24807,188294
17030,3149
17030,1859
17030,10738
17030,10181
17030,9807
17030,10718
17030,13017
17030,18034
17030,18233
17030,160190
17030,171438
17030,204240
17030,238467
17030,239484
17030,241723
23389,2960
23389,5959
23389,12377
31548,613
31548,787
31548,4344
31548,165871
54569,1936
54569,2251
54569,3692
54569,7208
54569,10508
54569,10873
54569,41172
38721,4183
38721,4620
38721,11677
38721,170749
38721,188994
43874,90
43874,4178
43874,6564
43874,34079
43874,40895
43874,159845
43874,165086
43874,194708
16515,1495
16515,5420
16515,7208
16515,10683
16515,174617
16515,182800
16515,199904
16515,207819
16515,256877
16515,256878
27973,4585
27973,11578
27973,12371
27973,14514
27973,14845
27973,14850
27973,14857
27973,14861
27973,14866
27973,14870
27973,14872
27973,14873
27973,160488
27973,209302
27973,259441
27973,283118
27973,287555
27973,315158
27973,334867
20642,3897
20642,9799
20642,155457
20642,155781
20642,192413
37650,242
37650,918
37650,6978
37650,12193
37650,155457
37650,156799
37650,190062
43867,818
43867,4152
43867,1930
43867,2505
43867,3098
43867,3289
43867,3279
43867,5515
43867,10325
43867,10202
43867,9920
43867,10048
43867,13084
43867,157186
43867,175245
43867,177035
43867,188277
43867,188735
43867,191027
43867,193261
43867,204060
43867,227364
43867,239723
43867,305021
43867,318075
43867,321807
43864,1253
43864,10181
43864,12390
43864,33879
43864,33928
43864,195729
23101,3515
23101,818
23101,974
23101,13063
23101,18047
23101,162846
23101,207819
60562,4344
46688,392
46688,74
46688,2504
46688,323
46688,2532
46688,3779
46688,10399
46688,210184
16274,613
16274,380
16274,65
16274,9799
16274,5923
16274,11678
16274,12392
16274,12545
16274,33457
16274,33626
16274,155457
16274,160814
16274,164664
16274,165282
16274,192311
16274,207317
16274,212059
16274,234193
16274,237462
99318,1627
99318,9273
99318,13065
99318,41523
99318,156221
55207,6038
55207,9826
55207,191476
55207,197111
31868,6029
31868,6278
31868,8608
31868,14720
31868,207592
37698,947
37698,3149
37698,5571
37698,207876
3084,931
3084,380
3084,818
3084,2038
3084,1291
3084,5626
3084,9823
3084,9180
3084,17982
3084,207928
46069,3691
46069,10642
46069,12369
46069,197915
46069,207928
46069,209051
46069,229272
43806,840
43806,1245
43806,5565
43806,6165
43806,207928
43806,209409
43806,337844
55604,6281
55604,10590
55604,156706
55604,193506
55604,193507
26635,3799
26635,345
26635,2781
26635,4948
26635,11578
26635,10718
26635,41592
26635,159937
26635,180791
26635,188624
26635,188625
43811,6165
43811,157131
17801,818
17801,4224
17801,3136
17801,3344
17801,9807
17801,9826
17801,178643
17801,207431
26201,7153
26201,9725
26201,12988
26201,157186
26201,160856
26201,208244
26201,290334
29884,3664
29884,1459
29884,398
29884,3149
29884,1992
29884,2334
29884,9799
29884,5840
29884,10229
29884,11482
29884,11578
29884,12999
29884,155457
29884,169604
29884,173297
29884,185876
29884,195911
29884,215450
29884,338628
45978,233
45978,1462
45978,1797
45978,18100
45978,155198
45978,155242
45978,156501
45978,180482
45978,191045
45978,197283
45978,198754
45978,208666
45978,214891
45978,231493
45978,232766
45978,233290
45978,247057
45978,247632
38914,290
38914,2792
38914,2007
38914,5484
38914,10812
38914,155457
38914,166802
33523,2334
33523,4410
33523,12999
33523,41599
33523,155841
33112,4344
33112,9639
28789,4344
28789,13140
28789,33490
28789,165913
28789,184497
43799,9799
43799,155457
43799,189131
43799,324123
18790,1757
18790,1956
18790,3637
18790,11073
18790,191600
18790,199081
37036,242
37036,2652
37036,2096
37036,1956
37036,6845
37036,10229
37036,44449
37036,155841
37036,160063
37036,198318
37036,204981
37036,207557
37036,235434
37036,237143
37036,249444
37036,251225
37036,254198
37036,301441
43522,397
43522,974
43522,1857
43522,2411
43522,5565
43522,10807
43522,13008
43522,158244
43522,207928
43522,209476
43522,215593
36612,1415
36612,6038
36612,164282
36612,191145
97648,160063
97648,206981
22387,1453
22387,818
22387,2504
22387,4344
22387,9840
22387,207883
22387,233043
27655,3151
27655,9706
27655,9824
27655,9826
27655,10909
27655,213800
23051,3588
23051,339
23051,6790
23051,10563
23051,155499
23051,160881
43306,3800
43306,290
43306,1956
43306,3203
43306,182185
43306,207893
43306,253529
43306,333546
18727,6155
18727,6154
18727,10181
18727,14999
33049,10222
33049,157151
33049,184422
41355,1956
41355,3366
41355,10237
41355,186535
41355,193552
41355,255207
41355,279911
41355,291175
47352,155841
47352,159608
47352,180250
43518,291
43518,4344
43518,156623
43518,181564
41391,1326
41391,509
41391,344
41391,1499
41391,2797
41391,3182
41391,9673
41391,10085
41391,10718
41391,10541
41391,11190
41391,13155
41391,34079
41391,40931
41391,177894
41391,207941
41391,234115
41391,292860
41391,354466
41391,358772
21622,4344
21622,4620
21622,164623
21622,197122
28436,6054
28436,970
28436,4896
28436,7942
28436,10656
28436,9957
28436,10794
28436,12663
28436,12999
28436,157955
28436,188841
28436,198141
28436,207317
28436,236626
28436,237011
22638,392
22638,9672
22638,10181
22638,13084
22638,14643
22638,159862
22638,161257
22638,213097
22638,220649
51144,4232
51144,10508
51144,154842
51144,170286
51144,173977
51144,180486
51144,180487
51144,263783
51144,309974
51144,311315
35006,5265
35006,1936
35006,9807
35006,10085
21451,470
21451,9807
21451,12999
21451,160063
21451,160174
42879,33564
42879,155457
42879,160362
42879,187614
43307,2652
43307,4995
43307,11707
43307,9957
43307,40895
43307,156037
43307,163072
43307,163976
43307,174960
43307,187325
43307,193663
43307,220320
50066,154855
50066,154856
50066,268006
18229,10685
18229,392
18229,193275
52440,212
52440,428
52440,5300
52440,11612
17136,1566
17136,2872
17136,1435
17136,1992
17136,5918
17136,3616
17136,11246
17136,9807
17136,33514
17136,33518
43494,1252
43494,4375
43494,3556
43494,4158
43494,10181
43494,11826
43494,13097
43494,15120
43494,41393
43494,157676
43494,163853
43494,171826
43494,195463
43494,208764
43494,220492
43494,223946
43494,234161
43494,337993
43494,359456
30348,2041
30348,6898
30348,6156
30348,155819
30348,188959
9797,2505
9797,4849
9797,10202
9797,7154
9797,13027
9797,14765
9797,34038
9797,161257
45219,1556
45219,33582
45219,154846
45219,160742
45219,208040
18771,3588
18771,818
18771,1956
18771,3365
18771,6895
18771,9525
18771,161246
18771,190431
18771,207883
18771,226301
30177,242
30177,818
30177,3352
30177,1857
30177,7464
30177,12987
30177,12999
30177,14873
30177,18035
30177,41523
30177,164246
30177,210184
30177,240303
30177,240485
41020,9826
41020,14743
41020,155733
41020,156178
41020,159868
41020,166862
41020,178259
16090,1543
16090,9016
16090,9807
16090,180172
16090,192090
16090,243713
16090,248288
16090,331167
44041,9807
44041,156097
25502,2176
25502,5783
25502,9807
14320,212
14320,818
14320,7118
14320,13014
14320,192391
14320,207928
14320,215593
26701,4721
26701,5783
26701,8608
26701,14743
26701,34094
26701,34145
26701,235834
26701,240236
26701,240237
26701,240238
43469,663
43469,588
43469,131
43469,2449
43469,2400
43469,13014
43469,14857
43469,160224
43469,161249
43469,194260
20246,2652
20246,389
20246,1992
20246,1507
20246,6981
20246,9807
20246,12999
20246,195693
20246,230963
82101,3799
82101,351
82101,4320
82101,10181
82101,9673
82101,41393
82101,234934
19169,818
19169,3473
19169,10453
19169,9807
19169,12999
19169,33457
19169,163964
19169,193509
19169,208965
43461,9807
43461,14552
43461,155451
31980,3799
31980,1809
31980,4344
31980,12999
31980,167043
31980,167541
31980,269709
27448,388
27448,65
27448,2679
27448,18171
27448,41388
29244,1009
29244,1502
29244,2393
29244,6044
29244,9503
29244,10349
29244,10718
29244,13008
29244,15278
29244,15363
29244,17985
29244,18034
29244,33631
29244,41589
29244,160799
29244,180213
29244,180257
29244,227873
29244,327462
83838,41185
43452,1480
43452,5565
43452,6165
43452,342617
29380,837
29380,4344
29380,5756
29380,6415
29380,9921
29380,165643
29380,179751
29380,188708
29380,210184
37347,4616
37347,10786
37347,10089
37347,12999
37347,162365
37347,172272
37347,179585
37347,207928
37347,353017
3766,242
3766,2682
3766,6148
3766,2269
3766,582
3766,4617
3766,4516
3766,6946
3766,9807
946,2038
946,1596
946,6253
946,10818
946,12965
946,18267
946,183886
70447,2903
70447,3184
70447,3134
70447,9750
70447,14649
70447,15061
70447,18068
70447,41500
70447,155180
70447,162881
70447,201386
70447,207883
70447,277230
70447,283800
20482,242
20482,2398
20482,9807
20482,9826
20482,15061
20482,155554
20482,207694
35032,4344
35032,12988
35032,157186
44190,9807
44190,10562
44190,12999
44190,15363
41609,90
41609,818
41609,9990
41609,5330
41609,9725
41609,10491
41609,9920
41609,12995
41609,14577
41609,156032
41609,156234
41609,156236
41609,157186
41609,191599
41609,207941
41609,208570
33115,3301
33115,3537
33115,14669
33115,155790
33115,166927
33115,192471
20638,2492
20638,18034
20638,166701
20638,207928
20638,273293
29885,1691
29885,1157
29885,4344
29885,188708
29885,228296
29885,320282
25698,1596
25698,4344
25698,9799
25698,7868
25698,156825
25698,324122
45578,818
45578,4183
45578,1422
45578,2406
45578,6038
45578,3344
45578,2135
45578,9856
45578,12999
4558,90
4558,2035
4558,5933
4558,2036
4558,237598
4558,362637
43439,2105
43439,6464
43439,157943
43439,238043
61828,2673
61828,3291
61828,154867
61828,190883
61828,190884
25209,4344
25209,10991
25209,18105
25209,156622
15390,380
15390,1523
15390,10180
15390,33841
15390,236343
17409,1582
17409,1502
17409,3458
17409,10950
17409,163674
43388,818
43388,409
43388,3379
43388,9902
43388,10787
43388,18165
43388,175428
43388,191439
43388,207928
800,1547
800,100
800,6267
800,2981
800,14857
800,15158
800,157799
32690,437
32690,157337
32690,157380
32690,302390
32690,302391
43390,4932
43390,3875
43390,4344
43390,41393
41464,730
41464,236
41464,588
41464,697
41464,9872
41464,12987
41464,14514
41464,184345
41464,220373
41464,253411
43961,5565
43961,12433
43358,520
43358,1946
43358,11869
43358,12401
43358,12987
43358,14669
43358,170869
43358,177554
43358,180097
43358,185686
43358,231231
43358,255289
43358,268048
43358,286692
43358,286693
43358,287906
43358,305021
43358,329401
43358,343233
43358,355916
43358,358191
43358,358192
24003,1009
24003,6038
24003,156320
24003,161849
28431,818
28431,4152
28431,5515
28431,10325
28431,9714
28431,9920
28431,177035
28431,191027
43364,549
43364,818
43364,2300
43364,4178
43364,5149
43364,8754
43364,10937
43364,171826
43364,183434
43364,188720
43364,190446
43364,197283
43364,198754
43364,207941
43364,209069
43364,220428
43364,222807
43364,234192
43364,236227
43364,236906
43364,257724
43364,286985
43364,302136
30801,1321
30801,9663
30801,10950
3023,212
3023,848
3023,12416
3023,12999
3023,156033
43348,1859
43348,10726
43348,33600
43349,1462
43349,931
43349,1157
43349,4476
43349,186753
43349,188181
43349,220707
99898,291
99898,2113
99898,3539
99898,7059
99898,12999
99898,155460
99898,173644
99898,195227
99898,220650
99898,295538
99898,337788
24381,548
24381,5331
24381,9672
24381,13008
24381,18044
11402,3525
11402,7665
11402,9717
11402,12999
11402,41172
11402,236564
11402,254641
35861,233
35861,10685
35861,1252
35861,4320
35861,9673
35861,34094
35861,157296
35861,180482
35861,186527
35861,186753
35861,192311
35861,207941
45213,733
45213,4344
45213,164593
45213,170293
45213,190628
45213,337603
20127,242
20127,10232
20127,14818
20127,15086
20127,156190
24518,818
24518,1262
24518,2676
24518,6038
24518,7312
24518,155781
24518,167043
13457,802
13457,11436
13457,164092
13457,196682
13457,293016
23620,4112
23620,164400
23620,265582
31372,1462
31372,186753
31372,190446
31372,324116
3111,3658
3111,1157
3111,4344
3111,7464
3111,9714
3111,10232
3111,12670
3111,215678
3111,233607
41503,588
41503,2098
41503,5159
41503,11677
28696,12999
28696,14735
28696,14736
94123,10323
94123,156851
17640,3149
17640,1956
17640,4344
44026,207268
803,434
803,2652
803,74
803,1956
803,1968
803,2450
803,13006
803,263548
31374,1462
31374,186753
31374,188181
31374,190446
31374,324116
25893,157768
36439,818
36439,1956
36439,188725
36439,230915
36439,235767
33319,233
33319,188
33319,1529
33319,1956
33319,2318
33319,5499
33319,9525
33319,170009
33319,170013
33319,233517
33319,234064
33319,261284
33319,332971
33319,332972
28100,3473
28100,4230
28100,4344
28100,10181
28100,197808
31378,1462
31378,128
31378,5331
31378,5399
31378,5565
31378,11332
31378,9725
31378,14926
31378,18098
31378,33344
31378,155198
31378,175245
31378,186753
31378,190446
31378,324116
31378,332376
19742,1299
19742,11100
19742,3347
19742,7035
19742,161791
19742,282366
19742,317204
44134,9335
44134,12999
44134,33595
44134,163702
44134,167868
44134,187224
44134,187259
22334,514
22334,885
22334,5301
22334,9807
22334,10911
22334,155451
22334,156104
29347,1415
29347,1329
29347,1299
29347,1618
29347,1227
29347,3366
29347,156081
29347,191142
29347,191346
29347,211197
29347,224071
29347,239324
29347,239341
29347,239342
29347,302656
15697,9890
15697,11700
15697,12999
43234,1157
43234,886
43234,3725
43234,1635
43234,5565
43234,6165
43234,17974
43234,33490
43234,163758
43234,166235
43234,207876
43234,210184
43234,214548
43234,227302
43234,233041
43234,240119
43234,255150
43234,287415
18776,9672
18776,8044
18776,6165
18776,10168
18776,12617
18776,161233
18776,169814
18776,180826
18776,361850
29071,616
29071,1909
29071,3986
29071,5484
29071,9016
29071,11181
29071,14999
29071,40931
29071,156835
29071,161257
29071,191814
54541,1329
54541,3800
54541,822
54541,10617
54541,10960
54541,13005
54541,160879
44559,818
44559,5265
44559,1956
44559,4100
44559,9672
44559,9904
44559,15246
44559,18117
44559,207883
30637,3262
76754,209998
56156,1157
56156,818
56156,6085
56156,1857
56156,4553
56156,6083
56156,6625
56156,14514
56156,14522
56156,164193
56156,169086
56156,187334
56156,206515
56156,226553
56156,236072
56156,254097
56156,272385
43119,974
43119,6165
43119,15363
43119,156650
43119,208642
43119,217432
43137,9840
43137,197471
69977,339
69977,7156
42661,818
42661,5475
42661,5895
42661,1191
42661,14670
42661,14906
42661,157186
42661,164555
42661,165369
42661,173976
42661,220649
42661,223793
42661,232116
42661,252544
42661,294654
42661,352792
42661,353308
42661,361687
43051,3149
58997,9712
58997,9951
58997,12377
58997,14909
58997,189115
34528,233
34528,1956
34528,2999
34528,9663
34528,8997
34528,9525
34528,162365
34528,170007
34528,188723
34528,188725
34528,188727
31427,1956
31427,6895
31427,9525
31427,14895
31427,15354
31427,170007
31427,207883
58902,6092
58902,789
58902,10685
58902,3713
58902,4107
58902,13008
58902,18044
58902,204404
27029,428
27029,745
27029,440
27029,1956
27029,2521
27029,1690
27029,10482
27029,11322
27029,11612
27029,159845
27029,165470
27029,172399
27029,198780
690,378
690,254
690,6059
690,3430
690,3131
690,3431
690,12999
46918,9673
46918,9714
46918,11736
46918,11869
46918,14670
46918,155507
46918,160898
46918,180498
46918,183886
46918,184233
46918,226774
46918,257714
46918,276449
46918,295027
46918,330276
43111,276
43111,10909
52745,236
52745,409
52745,1560
52745,1963
52745,10148
52745,7464
52745,8353
52745,10061
52745,9826
52745,10787
52745,13005
52745,15140
52745,166726
52745,212001
36872,4129
36872,12369
36872,167915
36872,208611
36872,296479
43047,3020
43047,818
43047,18035
43047,193760
43047,207876
43047,258086
72354,840
72354,5859
72354,10181
72354,6540
72354,6165
72354,207876
72354,229520
31589,417
31589,970
31589,9807
31589,13027
31589,15208
31589,156338
31589,165214
31589,180533
31589,195593
31589,239797
31589,311315
31589,314730
31589,325773
31589,325854
52841,1338
52841,4525
52841,10818
18449,3739
18449,10322
18449,156731
50474,836
50474,1799
50474,10596
50474,34079
79827,818
79827,529
79827,6984
79827,6713
79827,9849
79827,12425
79827,41385
79827,170450
79827,189146
79827,209197
79827,238754
79827,239070
79827,248360
79827,254453
79827,264313
79827,296858
79827,315592
79827,319935
79827,322648
79827,332817
79827,332824
750,818
750,351
750,1735
750,1752
750,2702
750,1610
750,3864
750,3865
750,12999
750,207046
34530,233
34530,478
34530,1956
34530,1968
34530,3995
34530,9663
34530,13065
34530,13159
34530,170007
33710,90
33710,1416
33710,1233
33710,4048
33710,156063
64568,2072
64568,793
64568,254
64568,856
64568,4694
64568,1308
64568,5921
64568,9813
64568,9826
64568,10877
64568,10911
64568,34268
64568,41185
64568,155803
64568,160962
64568,168468
64568,196785
64568,260192
64568,265586
64568,267689
64568,275311
64568,339408
64568,358886
64568,360710
17185,840
17185,521
17185,818
17185,1399
17185,2944
17185,6083
17185,10181
17185,7059
17185,158718
17185,176167
17185,181112
17185,206515
17185,207658
17185,258533
109667,222
109667,41329
31287,1930
31287,8181
31287,191348
31287,192918
31287,209673
31287,242244
31287,296608
31287,325769
31287,325777
14537,236
14537,233
14537,1462
14537,1293
14537,9856
14537,9748
14537,12987
14537,12999
14537,18100
14537,155198
14537,186753
14537,190446
14537,207941
14537,214891
14537,312122
14537,312229
14537,325801
14537,325811
16103,378
16103,6075
16103,526
16103,156866
16103,193716
16103,236633
13671,4344
13671,156230
13671,156231
11085,911
11085,1860
11085,3188
11085,6611
11085,9089
11085,160279
11085,191585
11085,275064
65048,2652
65048,131
65048,1956
65048,7246
24188,924
24188,13088
24188,39737
24188,167043
28367,4175
28367,361675
21135,592
21135,3925
21135,7368
21135,12999
21135,14534
21135,167040
21135,177493
21135,187243
21135,307805
52705,253373
52705,273967
3010,2504
3010,6150
3010,1956
3010,10093
3010,157912
3010,172391
3010,190089
3010,208591
31383,663
31383,394
31383,3473
31383,6553
31383,10229
31383,9826
31383,12377
31383,156835
39222,2546
39222,3133
39222,2676
39222,41380
39222,156174
39222,156318
39222,156578
39222,159868
39222,185407
39222,236170
39495,242
39495,700
39495,3017
39495,173490
39495,208591
15263,3170
15263,2752
15263,9888
15263,179419
15263,180795
751,818
751,1786
751,2284
751,1735
751,2850
751,3875
751,3877
751,3878
751,12999
751,207046
4025,818
4025,2309
4025,8085
4025,10818
4025,161891
61892,2389
61892,242
61892,234113
25253,549
25253,90
25253,818
25253,258
25253,2708
25253,398
25253,567
25253,3149
25253,11061
25253,13014
25253,15011
25253,18093
25253,186715
25253,191166
25253,195900
25253,204303
25253,229411
25253,274142
37684,1956
37684,1295
37684,15271
37684,226106
15421,392
15421,2637
15421,10181
15421,156086
15421,185458
15421,220707
166607,5509
37315,6085
37315,2946
37315,6078
37315,10181
37315,12670
37315,156024
37315,206931
10299,531
10299,6255
10299,3306
10299,4438
10299,6625
10299,9826
10299,12545
10299,12565
10299,14720
10299,17997
10299,34079
10299,41329
10299,158086
10299,176219
10299,193697
10299,245264
10299,261759
24229,642
24229,417
24229,2708
24229,155797
24229,207268
26031,2337
26031,1415
26031,549
26031,6149
26031,11612
3763,233
3763,1462
3763,931
3763,1806
3763,3607
3763,6943
3763,10349
3763,9826
3763,12999
3763,15001
3763,186753
3763,194424
3763,237612
17696,520
17696,5419
17696,246
17696,947
17696,3149
17696,769
17696,6783
17696,1574
17696,2416
17696,9730
17696,3447
17696,4147
17696,4344
17696,4345
17696,9755
17696,9823
17696,10291
17696,11931
17696,12990
17696,157283
17696,163102
17696,167065
17696,173602
17696,179294
17696,188660
17696,194584
17696,207317
17696,207876
17696,208525
17696,238539
17696,292178
17696,294366
17696,325861
7348,839
7348,4040
7348,14626
7348,15149
7348,177178
28504,10968
28504,157144
28504,194310
28504,200148
28504,215420
28504,230875
28504,269268
28504,279269
28504,284593
28504,320924
151138,9748
23574,10123
17295,2020
17295,2263
17295,5726
17295,12999
17295,156123
17295,174375
17295,189126
17295,213473
17295,246673
17295,249590
17295,262858
17295,293245
17295,293547
17295,293620
13187,65
13187,3352
13187,6513
13187,207317
17102,3133
17102,3098
17102,9663
17102,15032
17102,41380
17102,229900
17102,261274
23194,10322
23194,15140
23194,156234
23194,160522
16850,1815
16850,1956
16850,9672
16850,6845
16850,1191
16850,8012
16850,15246
16850,174375
16850,207883
16850,208368
16850,214731
16850,238588
16850,248667
16850,311315
16850,325785
16850,333454
16850,333546
16850,336496
16850,352644
16850,362005
24395,378
24395,5272
24395,4426
24395,409
24395,1956
24395,3772
24395,4100
24395,7041
24395,9358
24395,10886
24395,12999
24395,13006
24395,13065
24395,14624
24395,18034
24395,161234
24395,161247
24395,162365
24395,189126
24395,199981
24395,205585
24395,207883
24395,237234
37921,236
37921,3588
37921,11109
37921,1956
37921,3365
37921,4410
37921,5947
37921,6610
37921,9525
37921,11823
37921,12999
37921,33388
37921,34004
37921,158372
37921,161194
37921,162031
37921,162365
37921,171662
37921,189931
37921,226475
37921,226774
37921,282030
37921,344626
59802,2041
59802,10947
59802,12999
59802,15001
59802,200969
16303,3737
16303,818
16303,1227
16303,10123
16303,2452
16303,11514
16303,12396
16303,12670
16303,34079
16303,157488
16303,160321
16303,160322
16303,172643
16303,184230
16303,191807
16303,215076
16303,228947
16303,232700
16303,250371
16303,263398
16303,276775
16303,280227
29715,534
29715,1968
29715,4616
29715,14748
29715,163188
36583,2652
36583,6394
36583,361867
60555,642
60555,9503
60555,7002
60555,14783
60555,15290
60555,15291
60555,15292
60555,15295
42731,295
42731,2438
42731,222097
3482,254
3482,90
3482,2652
3482,1956
3482,5918
3482,5375
3482,4655
3482,10663
3482,9904
3482,12999
3482,14789
3482,156031
3482,343969
895,570
895,186
895,345
895,2679
895,2638
895,3571
895,4337
895,437
895,4463
895,5565
895,7154
895,10508
895,9995
895,12999
895,13006
895,14546
895,14707
895,41406
895,41592
895,163434
895,203999
895,212737
895,213097
895,233276
20108,236
20108,570
20108,548
20108,5252
20108,4144
20108,5606
20108,10766
20108,12999
20108,14624
20108,33487
20108,33488
20108,33489
20108,54613
20108,156501
20108,205685
20108,219988
20108,233361
20108,293805
2661,10084
2661,339
2661,2534
2661,9715
2661,2988
2661,9755
2661,9717
2661,15097
2661,33637
2661,155461
2661,155488
2661,163074
2661,266013
2661,269233
2661,269769
20379,830
20379,10039
20379,14725
20379,206467
20379,208992
20379,233981
20379,242128
29710,409
29710,4063
29710,4107
29710,187
29710,5951
29710,8250
29710,18034
29710,160992
29710,183559
29710,187024
29710,188657
29710,191031
29710,193604
29710,207928
29710,247912
29710,254525
29710,260091
29710,324891
104237,779
104237,780
104237,4001
104237,157337
104237,184656
104237,213097
22293,657
22293,2858
22293,1419
22293,6158
22293,6751
22293,4382
22293,10855
22293,156178
22293,164218
22293,209404
22293,285961
789,818
789,1956
789,10683
789,18044
789,162804
789,224322
789,262272
45706,2708
45706,1794
45706,12369
45706,180533
45706,208992
45706,209998
11047,588
11047,1405
11047,2343
11047,5331
11047,6513
11047,3035
11047,5049
11047,9717
11047,8116
11047,192913
11047,222185
2097,3664
2097,3799
2097,2041
2097,233
2097,1299
2097,1003
2097,11100
2097,3521
2097,5144
2097,12616
2097,157524
2097,160189
2097,161791
2097,317204
135,6029
135,578
135,392
135,953
135,4048
135,2570
135,3490
135,2089
135,190756
135,193749
135,200276
135,219892
33257,4458
33257,9887
33257,10181
66043,2998
66043,10360
66043,12425
66043,12999
66043,33740
66043,155735
66043,156158
66043,293448
17905,782
17905,2708
17905,1794
17905,10291
17905,156096
4191,1522
4191,9016
4191,155845
10227,90
10227,2384
10227,1946
10227,3131
10227,188478
10227,208421
10227,210399
10227,225012
10227,309974
26039,818
26039,2635
26039,3859
26039,9748
26039,10291
26039,12670
26039,207268
26039,220969
26039,329148
26039,361867
42701,75
42701,3230
42701,10230
42701,160589
42701,172039
42701,208173
42701,209341
42702,520
42702,947
42702,9730
42702,6165
42702,10950
42702,12371
42702,33722
42702,34079
42702,163656
42702,207876
41212,4924
41212,18409
41212,200276
41212,208331
41212,273804
41212,309054
26204,549
26204,966
26204,818
26204,416
26204,703
26204,9826
5767,1326
5767,1157
5767,2335
5767,2301
5767,6038
5767,1295
5767,7312
5767,9856
5767,15291
5767,320891
42713,6270
42713,242
42713,818
42713,1252
42713,10508
42713,41355
42713,41525
42713,170378
42713,188730
42713,244404
42713,315663
27277,1321
27277,3713
27277,2673
27277,2752
27277,9728
27277,11004
27277,10950
27277,155291
27277,168093
27277,180974
9929,1160
9929,931
9929,487
9929,2343
9929,5331
9929,2011
9929,2301
9929,6513
9929,3998
9929,6715
9929,9717
9929,157894
9929,186939
9929,192913
9929,222185
20873,1157
20873,6212
20873,4654
20873,5265
20873,3182
20873,15321
20873,17992
20873,160840
20873,268384
20873,320420
20873,325784
29778,952
29778,3133
29778,6156
29778,1909
29778,3098
29778,6506
29778,9663
29778,9748
29778,10093
29778,11579
29778,13092
29778,15032
29778,41511
29778,185407
29778,232084
29778,261274
18193,2957
18193,3307
18193,4344
18193,9755
18193,155710
18193,184392
18193,213891
22176,531
22176,1635
22176,1643
22176,10683
42623,460
42623,213
42623,11660
42623,10275
42623,10776
42623,10909
42634,15160
42634,156037
118872,802
118872,3259
118872,159909
50789,161316
50789,185718
50789,240847
50789,246377
50789,263519
50789,273704
50789,299866
29266,4381
29266,33384
29266,166489
29266,192772
29266,207928
29266,274542
29266,278700
29266,304976
27983,428
27983,4129
27983,14648
27983,18027
5638,458
5638,460
5638,2375
5638,2412
5638,1946
5638,5947
5638,13027
5638,14765
5638,14964
5638,163726
36446,931
36446,818
36446,9887
36446,13059
36446,14514
14801,310
14801,6104
14801,840
14801,818
14801,2106
14801,3222
14801,14760
14801,190335
14801,199320
14801,251336
14801,311315
49397,1701
49397,798
49397,974
49397,1560
49397,5340
49397,2944
49397,5343
49397,5572
49397,9777
49397,9503
49397,9748
49397,9826
49397,9890
49397,10958
49397,14601
49397,15124
49397,15363
49397,41133
49397,155291
49397,156212
42607,818
42607,6271
42607,1956
42607,3691
42607,6876
42607,9673
42607,41355
42607,161266
42607,170378
42607,171469
42607,173687
42607,185413
42607,190116
42607,361867
40430,3801
40430,4040
40430,9882
40430,14626
40430,191586
38096,966
38096,10683
38096,9398
38096,9673
38096,9713
38096,10430
38096,13088
38096,14624
38096,14964
38096,156777
38096,173493
38096,178444
48831,254
48831,490
48831,1338
48831,6009
48831,2461
48831,5721
48831,9673
48831,11001
48831,11011
48831,12999
48831,18053
48831,18396
48831,34141
48831,157008
48831,157187
48831,207317
48831,211062
48831,305459
24152,818
24152,4553
24152,4344
24152,8201
24152,9887
24152,12203
24152,184392
1846,1936
1846,703
1846,9826
21323,176104
21323,294665
5928,818
5928,787
5928,7312
5928,10683
29748,3133
29748,1411
29748,2299
29748,3496
29748,10327
29748,6506
29748,9663
29748,9748
29748,33637
29748,160588
29748,215580
29748,261274
105627,596
105627,818
105627,6078
105627,1946
105627,6298
105627,9748
105627,10937
105627,163410
105627,181957
105627,189435
105627,189436
105627,189438
85255,531
85255,41385
85255,162701
85255,167124
85255,169977
26525,1556
26525,9887
26525,9609
26525,10714
26525,18147
26525,158927
26525,161982
26525,166484
26525,172859
26525,184559
26525,195718
26525,195719
26525,240242
26525,266226
26525,357378
31672,2708
31672,9748
31672,10476
31672,33456
48408,798
48408,12994
33205,818
33205,100
33205,2300
33205,12987
33205,171366
33205,236288
70327,233
70327,1299
70327,339
70327,11100
70327,6362
70327,9663
70327,161791
70327,163045
70327,203502
70327,207427
70327,225826
70327,225827
2860,6677
2860,41404
42589,242
42589,445
42589,4243
42589,9663
42589,156391
71943,3133
71943,4375
71943,3371
71943,5484
71943,9259
71943,11336
71943,10563
71943,13005
71943,13027
71943,15032
71943,41388
71943,160269
71943,162332
71943,172841
71943,180443
71943,188990
71943,193263
71943,241380
31304,704
31304,1192
31304,10683
31304,18425
31304,177923
64828,11318
64828,11320
38222,3363
38222,4344
26606,212
26606,2570
26606,738
26606,3149
26606,2671
26606,2804
26606,9887
26606,6562
26606,9866
26606,9696
26606,11402
26606,14964
26606,33699
26606,191527
26606,207268
26606,312898
36404,3799
36404,1002
36404,2799
36404,10325
36404,159346
36404,173644
42528,1566
42528,1541
42528,1755
42528,8201
42528,9887
42528,5509
42528,7041
42528,18034
42528,161216
42528,170223
42528,170335
42528,240237
20848,393
20848,18034
20848,193008
20848,210184
2998,387
2998,796
2998,460
2998,5246
2998,1228
2998,12192
2998,18034
2998,168483
2998,191302
2998,294665
31906,818
31906,787
31906,2831
31906,18732
31906,162804
31906,172232
31906,179585
31906,180204
31906,187257
31906,207928
31906,245264
31906,254641
31767,745
31767,4630
31767,186
31767,344
31767,2804
31767,8201
31767,9887
31767,5565
31767,9672
31767,7412
31767,5083
31767,10093
31767,13006
31767,157008
31767,161216
31767,165470
31767,195222
31767,207941
31767,210162
31767,226350
31767,232091
31767,309974
31767,310003
31767,325778
839,387
839,4210
839,3713
839,1420
839,769
839,1792
839,4204
839,9844
839,9276
839,10332
839,10333
839,13001
839,18034
839,155497
839,156866
839,159931
839,166287
839,227039
839,227040
839,227041
839,227042
839,227043
25109,1502
25109,12371
36194,548
36194,818
36194,392
36194,3691
36194,5719
36194,5732
36194,180546
36194,236170
16328,1741
16328,1706
16328,259
16328,2504
16328,1635
16328,1643
16328,11106
16328,4595
16328,10392
16328,10814
16328,161288
16328,165431
42500,9748
42500,155859
16154,793
16154,2340
16154,4924
9394,75
9394,798
9394,1582
9394,5301
9394,2752
9394,3591
9394,3864
9394,9755
9394,9253
9394,13017
9394,155291
9394,156166
9394,156212
9394,204204
74689,1329
74689,3356
74689,10683
74689,164193
74689,207317
36850,2298
36850,1890
36850,10123
36850,4003
36850,9826
36850,10909
36850,187056
36850,211295
36850,221186
38646,818
38646,3462
38646,158620
38646,186004
38646,236170
38646,239911
84285,2504
84285,15089
84285,189408
84285,191004
84285,197642
84285,223328
84285,251579
84285,251580
18287,3202
5822,796
5822,534
5822,1013
5822,1411
5822,1228
5822,2095
5822,1667
5822,4243
5822,10562
5822,10601
5822,12425
5822,12670
5822,18263
5822,169305
5822,173579
5822,185526
5822,207883
5822,211069
5822,222851
5822,246126
5822,267608
13041,1583
13041,1715
13041,2795
13041,3307
13041,8264
13041,9649
13041,15295
13041,18034
13041,162766
13041,163674
13041,189092
13041,195853
13041,196983
13041,201680
13041,202291
13041,220704
13041,269110
40732,3799
40732,1157
40732,1360
40732,2355
40732,3009
40732,6453
40732,157192
40732,165369
40732,167868
40732,188280
40732,189092
40732,192519
40732,207928
40732,235732
122677,10125
122677,9856
122677,12377
122677,157171
121923,531
121923,11734
121923,12425
121923,41385
121923,159783
121923,226618
18250,1160
18250,4978
18250,4572
18250,9663
18250,9826
18250,10770
18250,156081
18250,163338
33020,212
33020,6149
33020,3133
33020,2804
33020,6506
33020,9663
33020,9826
33020,162729
33020,225410
33020,261274
89417,4345
89417,15199
89417,172365
12089,1568
12089,5265
12089,2051
12089,4049
12089,10325
12089,8608
12089,9991
12089,12541
12089,34094
12089,41249
12089,229351
41471,233
41471,782
41471,1462
41471,10052
41471,186753
41471,190446
41471,202409
17810,779
17810,782
17810,1462
17810,9717
17810,9663
17810,9725
17810,11181
17810,10052
17810,14731
17810,14941
17810,18431
17810,155198
17810,186753
17810,190446
17810,202409
17810,231174
23148,242
23148,1411
23148,3017
23148,4280
23148,5565
23148,6782
23148,11527
23148,10423
23148,12425
23148,14641
23148,15060
23148,41352
23148,156137
23148,157136
23148,164245
23148,164294
23148,164605
23148,164877
23148,173297
23148,175506
23148,189918
23148,189920
23148,190203
23148,191458
23148,193619
23148,199248
23148,204236
23148,207883
23148,211659
23148,214548
23148,229223
23148,232076
23148,238102
23148,251613
23148,254177
23148,266753
23148,291081
23148,300796
23148,325799
23148,325842
23148,329927
23148,336994
23148,336995
80911,727
80911,10572
87417,10051
87417,10594
87417,155457
11378,1436
11378,2384
11378,3131
11378,7312
11378,3612
11378,8795
11378,3793
11378,167043
11378,256077
760,242
760,1563
760,822
760,90
760,794
760,2019
760,2281
760,835
760,2020
760,1972
760,3246
760,3864
760,3899
760,3901
760,3902
760,3903
760,13027
760,236316
27331,1415
27331,236
27331,798
27331,818
27331,2708
27331,1653
27331,1411
27331,1508
27331,3203
27331,8627
27331,10391
27331,15363
27331,18034
27331,185526
27331,191845
1410,2964
1410,310
1410,3925
1410,3801
1410,14756
1410,236316
1410,361867
38729,1326
38729,6054
38729,5251
38729,4553
38729,10181
38729,6625
38729,10041
38729,15237
38729,18053
38729,18060
38729,18455
38729,155294
38729,198147
38729,204703
38729,206782
38729,211996
38729,213040
38729,217316
38729,221189
38729,233556
38729,237301
38729,237462
38729,237495
38729,247192
38729,256493
38729,258990
38729,274337
38729,275639
38729,278566
38729,280263
38729,299572
38729,310828
38729,312541
38729,312677
38729,312949
38729,322008
38729,329749
38729,329940
38729,332018
38729,336601
38729,336802
38729,336805
38729,336806
38729,336810
38729,336811
38729,336812
38729,336813
38729,336814
86889,818
86889,3133
86889,5484
86889,9840
86889,15032
86889,33505
86889,185629
86889,221882
31943,5571
31943,1897
31943,18044
31943,155809
31943,214548
29142,1589
29142,782
29142,591
29142,441
29142,10880
56764,2921
56764,641
56764,5933
56764,5609
56764,6162
56764,10181
56764,11707
56764,9986
56764,10791
56764,10937
56764,11736
56764,12997
56764,14755
56764,14768
56764,18005
56764,18035
56764,158558
56764,162735
56764,163227
56764,180413
56764,208571
56764,211158
56764,214827
56764,228064
56764,234165
56764,237142
56764,240237
56764,240315
56764,240485
56764,244298
56764,248870
56764,249152
56764,335541
9474,1701
9474,156212
27084,9951
27084,14760
27084,18379
27084,178654
27084,190370
27084,191881
31596,3133
31596,40931
59189,332
59189,3126
59189,9826
59189,14760
59189,18034
59189,156866
59189,174440
59189,361535
38714,818
38714,4480
38714,1599
38714,11061
38714,163047
38714,163221
38714,167198
38714,216781
38714,258113
31587,6054
31587,7312
31587,13017
22307,6149
22307,6255
22307,703
22307,3298
22307,3581
22307,9826
22307,10226
22307,14742
22307,14818
22307,15016
22307,156075
22307,203579
62330,591
62330,10601
62330,12425
28498,5330
28498,9748
28498,11181
28498,18118
28498,156273
28498,191045
21964,779
21964,271
21964,330130
21035,596
21035,879
21035,2374
21035,10683
21035,9673
21035,11546
21035,11925
21035,164263
21035,165086
21035,173245
21035,223019
21035,245525
21035,281237
21035,304976
25473,1415
25473,779
25473,798
25473,417
25473,395
25473,3149
25473,11431
25473,5570
25473,9672
25473,6335
25473,9748
25473,7002
25473,10022
25473,10250
25473,11734
25473,34079
25473,201864
25473,244530
25473,325834
25473,325842
118121,567
118121,3616
118121,10181
118121,158718
118121,217409
32044,6054
32044,585
32044,383
32044,395
32044,1721
32044,5305
32044,6433
32044,5573
32044,6593
32044,40898
32044,165533
62761,5657
62761,1415
62761,1706
62761,5159
62761,10123
62761,9826
62761,11612
62761,13063
62761,14541
30702,2041
30702,5992
30702,10508
30702,10873
30702,12425
30702,291674
25627,4932
25627,548
25627,332
25627,458
25627,392
25627,703
25627,1228
25627,10326
25627,10327
25627,12377
25627,188959
25627,189921
25627,220048
24402,1326
24402,3800
24402,1664
24402,3432
24402,9835
24402,11486
24402,10505
24402,155477
24402,190370
5558,1589
5558,90
5558,3679
5558,345
5558,33841
5558,236316
3043,236
3043,549
3043,1299
3043,818
3043,5919
3043,3182
3043,10292
3043,6317
3043,7492
3043,10053
3043,12377
3043,14794
3043,15032
3043,33841
3043,157799
3043,158292
3043,178649
3043,189921
3043,232091
3043,240530
3043,259982
3043,281237
3043,285961
3043,314698
3043,323910
3043,325996
3043,338816
3043,343757
3043,350360
3043,350705
3043,360401
36665,407
36665,7404
36665,214682
36665,260386
16246,720
16246,6149
16246,915
16246,8241
16246,155712
16246,155713
27977,1004
27977,9755
42448,977
42448,1743
42448,2551
42448,5609
42448,4995
42448,7312
42448,9673
42448,18035
42448,165177
42448,240484
42448,255434
42448,255668
42448,328430
42448,343645
42449,2957
42449,422
42449,2956
42449,1543
42449,1968
42449,9701
42449,4434
42449,156535
42449,156538
42449,173644
42449,177275
42449,185454
42449,206515
42449,207901
42449,215492
42449,236782
42449,262858
42449,272754
42449,277177
8327,534
8327,856
8327,186
8327,3684
8327,1715
8327,3307
8327,8201
8327,9887
8327,9727
8327,10419
8327,15216
8327,41380
8327,161216
8327,161395
8327,184392
8327,202335
37627,3071
37627,3203
37627,4344
37627,9736
37627,13194
37627,18034
37627,161757
32940,9678
31656,818
31656,787
31656,7118
31656,10717
31656,10562
31656,15363
31656,156766
31656,214548
29859,11931
29859,273879
5618,6054
5618,3739
5618,4438
5618,10235
5618,8181
5618,13027
5618,207010
19174,378
19174,779
19174,2150
19174,9748
19174,9826
19174,10601
19174,10950
19174,11734
19174,12397
19174,14964
19174,156121
19174,160159
9385,1394
9385,588
9385,1405
9385,2343
9385,5331
9385,6513
9385,3035
9385,2035
9385,8201
9385,9755
9385,5049
9385,9717
9385,12026
9385,12995
9385,222185
9385,232530
9385,235189
9385,236090
9385,297442
9385,300184
9385,337970
9385,341557
9385,357703
9385,359949
9385,359962
9385,361257
28209,1228
28209,10827
28209,190370
1835,2619
1835,12670
70259,2348
70259,207876
70259,211614
70259,269947
70259,316278
10711,254
10711,2671
10711,703
10711,916
10711,1803
10711,5340
10711,2694
10711,33699
10711,156117
19740,2504
19740,10237
19740,10238
19740,168615
19740,189408
19740,193841
19740,197642
19740,208081
19740,223328
19740,234113
1829,725
1829,818
1829,6255
1829,2316
1829,3363
1829,3452
1829,4127
1829,5829
1829,5830
1829,5832
1829,5911
1829,6844
1829,9683
1829,9673
43430,613
43430,6054
43430,818
43430,2177
43430,9799
43430,9840
43430,40879
43430,210692
43430,248512
43430,252123
32042,316
32042,630
32042,3546
32042,5956
32042,10503
32042,15160
32042,155790
32042,184793
32042,192840
32042,197430
32042,207268
9652,612
9652,736
9652,212
9652,107
9652,409
9652,5299
9652,1284
9652,2437
9652,3022
9652,1295
9652,9276
9652,12193
9652,18034
9652,33788
9652,177035
9652,204019
9652,298330
9652,305009
38099,779
47313,779
5725,6259
5725,1664
5725,2496
5725,10123
5725,14783
5725,170827
5725,190370
5725,267608
5725,285961
5725,292162
3870,131
3870,836
3870,1755
3870,4402
3870,1956
3870,13129
3870,14707
3870,34079
3870,161207
3870,163578
3870,173644
3870,220373
1660,1525
1660,516
1660,65
1660,2467
1660,5890
1660,10508
1660,10791
1660,10873
1660,33580
1660,157955
1660,193172
1660,206834
1660,210615
1660,325784
83864,10325
83864,158780
83864,169140
133008,1956
133008,3055
133008,193662
133008,199373
6476,2492
6476,2673
6476,9503
6476,10726
10640,803
10640,736
10640,402
10640,1373
10640,10009
10640,12193
10640,161891
10640,176217
33324,4112
33324,3291
33324,6015
33324,11935
33324,15137
33324,33585
33324,164400
33324,187056
33324,222478
33324,334223
33324,337413
48205,818
48205,3725
48205,6038
46978,1664
46978,7089
46978,6563
46978,9727
46978,158713
26842,539
26842,789
26842,187
26842,11001
26842,12562
26842,173259
26842,230252
26842,316227
42252,156120
42252,325782
11558,11448
11558,7658
11558,13008
11558,14604
11558,14783
11558,160543
11558,160556
5651,910
5651,570
5651,548
5651,4654
5651,10123
5651,4411
5651,11316
5651,9826
5651,10688
5651,11200
5651,11865
5651,155263
5651,170827
5651,175593
5651,190370
5651,241930
5651,267122
5651,301068
43751,1157
43751,818
43751,161534
43751,194310
43751,194430
43751,208980
43751,210755
43751,226406
43751,247721
43751,266087
14336,33922
14336,204236
14336,222998
14336,246377
14336,246743
14336,275040
14336,283800
14336,316611
14336,342125
18775,312
18775,570
18775,310
18775,6104
18775,1576
18775,15365
18775,199320
18775,222334
18775,258206
18775,298590
18775,339149
18775,339151
12535,2708
12535,2567
12535,4079
12535,8201
12535,2456
12535,11931
12535,225012
12535,266226
1421,549
1421,90
1421,1338
1421,1808
1421,2336
1421,3188
1421,10818
1421,34094
62847,11931
77360,1013
77360,10180
77360,13059
77360,258533
12637,242
12637,1416
12637,3017
12637,3018
12637,4344
12637,6846
12637,10228
12637,13072
12637,33474
12637,160224
12637,160913
12637,162224
12637,163133
12637,163221
12637,173297
12637,197297
12637,207883
12637,220446
12637,237447
54140,1157
54140,4715
54140,5732
54140,4995
54140,10041
54140,7464
54140,10818
54140,240119
38985,314
38985,586
38985,90
38985,818
38985,1291
38985,1653
38985,1560
38985,1926
38985,3575
38985,5627
38985,6342
38985,7412
38985,7176
38985,9714
38985,10855
38985,10448
38985,10590
38985,12987
38985,13015
38985,14601
38985,14765
38985,15009
38985,15222
38985,18266
38985,33344
38985,34079
38985,40850
38985,174468
38985,176344
38985,181324
38985,208251
61280,1326
61280,242
61280,931
61280,1599
61280,3734
61280,9823
61280,9932
61280,10551
61280,13072
61280,163210
61280,188991
61280,190203
61280,228054
61280,229656
61280,238090
61280,240315
16378,4344
16378,9755
16378,11800
16378,9817
16378,362521
72412,1321
11935,1612
11935,720
11935,839
11935,10685
11935,1432
11935,4214
11935,1556
11935,8086
11935,10410
11935,14626
11935,18034
11935,226594
13481,779
13481,780
24998,2551
24998,157488
24998,211473
13514,779
13514,234213
113777,6270
113777,1415
113777,9748
113777,10873
113777,14768
113777,41011
113777,240315
156235,157799
98851,1228
98851,6083
98851,18034
98851,157741
98851,215131
29107,1560
29107,5334
29107,2804
29107,9826
29107,12377
29107,195304
45691,196751
45691,208710
45691,322268
11537,779
11537,5642
45695,520
45695,11327
45695,12545
45695,13027
45695,193707
33701,9663
33701,160175
33701,162328
33701,209282
33701,248915
10654,2957
10654,242
10654,6092
10654,458
10654,460
10654,2412
10654,4344
10654,13078
10654,158718
10654,208992
10654,258533
25264,441
25264,10410
25264,185343
25264,240435
19827,591
19827,13027
19827,40917
19827,159913
18966,242
18966,3133
18966,1909
18966,9799
18966,11931
18966,155490
18966,261274
30636,970
30636,131
30636,4129
30636,2671
30636,5153
30636,2992
30636,10229
30636,14964
30636,33513
30636,33841
30636,164296
33665,567
33665,3019
33665,4995
33665,10164
33665,13063
33665,15274
33665,18062
33665,33457
33665,190481
33665,195729
33665,207001
33665,213077
33665,236653
33665,242454
33665,322450
33665,339638
33665,344556
45169,4565
45169,2219
45169,4458
45169,10090
45169,220572
45169,325790
15717,3266
15717,4307
15717,9926
15717,14735
54663,1680
54663,4543
54663,4513
54663,9799
54663,155816
179798,242
179798,7002
179798,10726
114516,1739
114516,1956
114516,4172
114516,154866
114516,207883
114516,214548
114516,241930
114516,294205
114516,321490
47542,6054
47542,977
47542,271
47542,6733
47542,215773
86295,2658
86295,11116
23615,4319
23615,160279
23615,193511
13633,378
13633,1857
13633,2400
14087,258
14087,1956
14087,7460
14087,9717
14087,13141
14087,33702
14087,155652
14087,161919
14087,187652
14087,194405
14087,210024
14087,241982
14087,297018
14087,323769
14087,340344
14087,361714
6341,422
6341,4377
6341,10975
6341,12670
6341,14522
6341,14605
6341,156337
6341,164698
6341,168359
6341,257081
27679,189383
7012,6270
7012,6832
7012,677
7012,1533
7012,3762
7012,1618
7012,4630
7012,972
7012,973
7012,2106
7012,6255
7012,4458
7012,3275
7012,6662
7012,5083
7012,7658
7012,6144
7012,10150
7012,9830
7012,10247
7012,10617
7012,12332
7012,12654
7012,41665
7012,155652
7012,156767
7012,158419
7012,167466
7012,170383
7012,187652
7012,188351
7012,188944
7012,190157
7012,208731
7012,215768
7012,218032
7012,223577
7012,226426
7012,239258
7012,245623
7012,247170
7012,259982
7012,280227
7012,304251
7012,314731
20545,818
20545,2106
20545,8201
20545,7606
20545,6163
23096,1667
23096,212059
15251,9716
15251,9964
17435,2356
17435,534
17435,1551
17435,1900
17435,2173
17435,2355
17435,5616
17435,6420
17435,10718
17435,12423
17435,163092
17435,189342
17435,189359
17435,207760
17435,238464
17435,240485
17435,252731
17435,265672
78177,1862
78177,586
78177,2796
78177,5248
78177,9833
78177,34094
78177,41355
78177,158718
78177,166113
78177,188701
78177,193460
78177,242829
78177,264386
11948,818
11948,1327
11948,1956
11948,1968
11948,9525
11948,163189
11948,188512
11948,197056
11948,207883
11948,208188
11948,323809
11948,325787
11948,325801
11948,325819
15716,8079
15716,8250
15716,12988
15716,189140
15716,207928
15716,281585
15716,355959
32689,642
32689,818
32689,1930
32689,1562
32689,974
32689,1664
32689,5369
32689,9673
32689,10594
32689,10726
32689,13015
21356,2964
21356,578
21356,1430
21356,4048
21356,4565
21356,2150
21356,4458
21356,10123
21356,4470
21356,9887
21356,11477
21356,12190
21356,15001
21356,18001
21356,161919
42115,12987
42115,159520
42115,164039
42115,187056
42115,214548
232,542
232,1356
232,10726
232,14639
232,200552
232,243959
232,246466
232,261264
42116,818
42116,10235
42116,9914
42116,10642
42116,195789
42116,210281
42116,245496
42116,252254
42116,258384
42116,270374
42116,280940
42116,296479
42116,324207
42116,336680
30707,2320
30707,5565
30707,9639
30707,10232
30707,160223
30707,161274
30707,199524
30707,202371
30707,211659
30707,266753
30707,325766
30707,325771
30707,325780
30707,325789
30707,325792
30707,325793
12633,6145
12633,1157
12633,934
12633,2708
12633,2908
12633,3045
12633,10714
12633,12670
12633,33424
12633,188775
12633,190629
12633,266753
12633,321464
12633,325774
12633,325816
12633,325823
19258,6075
19258,10039
19258,161630
22998,2652
22998,1956
22998,9755
22998,9714
22998,186376
22998,258533
22998,311315
22998,314730
22998,325809
15301,2652
15301,9706
15301,9714
15301,197582
15301,199047
15301,281659
15301,314730
15301,325817
29140,3030
29140,567
29140,3986
29140,10629
29140,158718
29140,161207
29140,255912
28054,4470
28054,187056
11609,378
11609,658
11609,514
11609,6956
11609,9335
9041,8303
9041,9826
9041,13088
9041,41260
9041,184352
31939,5719
31939,10181
31939,8103
31939,9888
31939,14905
31939,158718
31939,170223
31939,258533
31939,281176
63418,9840
63418,230566
42086,1224
42086,3740
42086,1253
42086,4433
42086,10901
42086,12670
42086,164593
42086,207268
42086,235590
42086,277050
42086,324713
48677,970
48677,5265
48677,470
48677,2052
48677,10202
48677,9826
48677,15009
48677,170776
48677,259376
48677,325844
30278,892
30278,65
30278,9823
30278,156153
30278,157481
30278,177317
46088,316
19596,6104
19596,2301
19596,3536
19621,514
19621,744
19621,2708
19621,1930
19621,3600
19621,3149
19621,7312
19621,15009
19621,167043
19621,180199
19621,193309
19621,206041
19621,207268
19621,215403
19621,240192
19621,259443
10179,526
10179,3386
10179,10489
10179,11606
27102,5625
27102,7368
27102,12392
27102,181324
47359,216986
27414,65
27414,1991
27414,10292
27414,9826
27414,11181
27414,10714
27414,13014
27414,175388
27414,207317
27414,233462
27414,260365
27414,337410
27414,343215
27414,344457
27414,355701
33138,387
33138,441
33138,6078
33138,582
33138,1228
33138,1919
33138,4098
33138,6083
33138,5565
33138,6309
33138,14548
33138,18075
33138,155624
33138,158718
33138,173179
33138,173669
33138,180523
33138,190761
33138,197335
33138,215568
33138,240790
33138,241179
33138,258533
33138,275749
33138,280179
33138,287033
25425,779
25425,12354
8221,549
8221,1157
8221,744
8221,4426
8221,1749
8221,2348
8221,10123
8221,3451
8221,5086
8221,9826
8221,11161
8221,13028
8221,14632
8221,14964
8221,18035
8221,33625
8868,1701
8868,1394
8868,588
8868,1395
8868,1396
8868,1405
8868,2343
8868,5331
8868,6513
8868,3035
8868,5049
8868,9717
8868,12995
8868,192913
8868,222185
29903,1394
29903,3389
29903,14665
29903,229607
29903,234213
54407,818
41243,11628
41243,14760
12615,970
12615,1189
12615,3837
12615,34094
12615,155294
14029,220
14029,10292
14029,15001
14029,274951
14029,312898
14029,325809
40929,1680
40929,718
40929,9864
40929,34125
40929,46962
40929,185413
40929,208992
40929,217989
40929,245960
67342,779
67342,3133
67342,9712
67342,33637
67342,162846
67342,210229
67342,325765
9056,779
9056,780
9056,1568
9056,3713
9056,3149
9056,5572
9056,9844
9056,9725
9056,9826
9056,10291
9056,11148
9056,12354
9056,219404
27064,236
27064,1284
27064,1627
27064,1628
27064,6285
27064,10818
27064,14893
27064,158718
27064,258533
27064,268327
51878,1562
51878,2804
51878,6895
51878,10278
51878,13015
62429,977
62429,6733
10176,3664
10176,6086
10176,1706
10176,818
10176,258
10176,1670
10176,4458
10176,4627
10176,6511
10176,10124
10176,10941
10176,10617
10176,12332
10176,14601
10176,14782
9080,591
9080,2534
9080,470
9080,2106
9080,1293
9080,3278
9080,4928
18502,1812
18502,6158
18502,6782
18502,7151
18502,11931
18502,10412
18502,12377
18502,14601
18502,14760
18502,15086
18502,15178
18502,18034
18502,33705
18502,162342
18502,179430
18502,196300
18502,201986
18502,201990
18502,218125
18502,226763
31600,782
31600,90
31600,1930
31600,164713
31600,177770
31600,240119
41205,818
41205,1956
41205,235767
30069,6270
30069,6075
30069,5970
30069,11431
30069,4735
30069,8338
30069,10683
30069,9673
30069,13029
30069,235392
30069,267923
30069,325835
16082,10685
16082,3278
16082,4345
16082,10551
16082,12617
16082,174638
16082,192519
16082,221062
14670,1416
14670,4048
14670,3017
14670,3018
14670,2007
14670,5823
14670,5565
14670,156063
9318,588
9318,1405
9318,2343
9318,5331
9318,6513
9318,4418
9318,9717
9318,12995
9318,192913
9318,215575
9318,222185
9318,237787
30653,6075
26555,157524
47340,5657
47340,4565
47340,1767
47340,2804
47340,8201
47340,9887
47340,10339
47340,11479
47340,12417
47340,18029
10570,2922
10570,1463
10570,6069
10570,1952
10570,10226
10570,15237
42021,207242
65326,187056
24657,677
24657,192230
24657,208731
24657,212737
24657,225219
24657,240119
24657,325807
53157,422
53157,242
53157,236
53157,818
53157,6149
53157,1919
53157,9897
53157,9826
53157,12193
53157,14601
53157,14798
53157,167477
53157,206850
36677,4565
36677,4458
36677,6234
36677,180999
36677,181858
36677,249859
36677,289584
11471,378
11471,380
11471,1585
11471,5446
11471,3156
11471,4541
11471,5638
11471,9288
11471,9748
11471,10889
11471,12354
11471,15090
11471,200234
11471,262325
21733,1382
21733,779
21733,780
21733,3700
21733,3012
21733,1721
21733,3149
21733,11038
21733,9767
21733,10226
21733,10909
21733,14893
21733,175357
21733,184951
22572,2964
22572,2766
22572,1852
22572,4458
22572,9044
22572,12332
22572,164218
4043,380
4043,744
4043,886
4043,4115
4043,9826
4043,34094
4043,158718
4043,208798
4043,258533
27342,782
27342,591
2172,3713
2172,697
2172,1583
2172,2806
2172,6904
2172,9748
2172,10794
2172,41406
2172,228166
8852,3664
8852,1566
8852,1523
8852,2908
8852,4379
8852,10138
8852,8685
8852,9854
8852,10093
8852,12670
8852,14765
8852,15001
8852,163055
8852,202760
8852,287274
8852,322255
8852,325801
8852,325849
30421,10084
30421,478
30421,10995
30421,10996
30421,10997
30421,13153
30421,156580
30421,162846
60631,242
60631,736
60631,549
60631,3012
60631,1667
60631,2251
60631,4620
60631,12193
60631,12425
60631,170089
96333,378
96333,180079
49815,380
49815,10181
49815,9927
49815,172971
49815,241293
49815,241738
18305,242
18305,6054
18305,1157
18305,380
18305,6149
18305,3149
18305,1946
18305,3230
18305,5167
18305,7375
18305,9663
18305,10889
18305,10950
18305,12354
18305,14856
18305,180996
92663,3307
92663,209126
26369,10787
26369,155273
26369,191146
11513,409
11513,3725
11513,9826
11513,163120
40844,9715
40844,2679
40844,5451
40844,9755
40844,10776
40844,184808
40844,192051
40844,225410
40844,273897
40844,308803
49314,791
49314,5179
49314,5301
49314,155794
49314,170179
49314,187675
49314,190906
49314,193594
49314,194413
49314,215292
49314,219781
49314,237063
49314,256570
49314,263386
49314,313567
49314,321681
41959,3363
41959,163128
41959,163129
16296,3199
16296,177317
16296,177321
16296,177329
16296,191327
16296,315058
16296,322268
16296,323910
16296,324713
13192,246
13192,2151
13192,3149
13192,1491
13192,9755
13192,10121
13192,11634
13192,14544
13192,197065
13192,209220
18917,3208
18917,3307
18917,10121
18917,15101
18917,234552
48309,378
48309,1563
48309,10224
48309,9748
48309,11263
93457,2792
93457,11933
93457,209476
41967,15216
47795,258533
4271,11514
4271,14514
4271,15016
4271,168211
4271,184595
41949,3644
41949,4106
41949,4339
41949,4849
41949,189435
41949,208992
41949,240315
16859,616
16859,389
16859,1642
16859,5248
16859,7397
16859,10683
16859,15101
16859,15284
16859,178898
16859,182282
16859,187224
16859,188748
16859,188839
16859,188840
16859,210024
16859,288816
16859,322942
16859,325784
16859,325806
16859,325820
16859,325832
38695,207431
41939,233
41939,941
41939,4262
41939,5565
41939,15126
41939,186753
41939,194424
41939,263794
41939,358386
85556,612
85556,236
85556,1523
85556,888
85556,4227
85556,3248
85556,9872
85556,13027
85556,33928
85556,34053
26936,233
26936,6149
26936,1419
26936,3149
26936,1480
26936,1794
26936,10292
26936,9844
26936,8676
26936,9748
26936,10131
26936,15111
26936,15249
26936,188729
25943,290
71373,240303
9768,378
9768,578
9768,931
9768,1674
9768,4344
9768,5638
9768,10229
9768,14708
9768,14857
11909,2957
11909,6054
11909,2956
11909,627
11909,4119
11909,2187
11909,12354
11909,160246
11909,281237
11909,326298
11909,358672
27274,242
27274,549
27274,952
27274,1411
27274,1667
27274,10123
27274,10125
27274,10655
27274,9872
27274,10122
27274,10764
27274,14964
27274,33476
27274,155493
27274,258464
27274,259371
27274,338816
27274,352180
110838,258533
10485,5600
10485,970
10485,697
10485,10138
10485,162225
10485,162846
10485,240119
10485,240303
10485,298618
9569,779
9569,732
9569,4613
9569,8015
9569,9748
9569,7002
9569,10291
9569,10391
9569,11199
9569,11612
9569,12371
9569,12670
9569,13116
9569,18522
9569,33556
9569,219404
9569,266013
22189,701
22189,7937
22189,155841
22189,168186
22189,208611
71805,3799
71805,2041
71805,12988
71805,41599
71805,207750
71805,207928
7975,212
7975,2778
7975,10123
7975,177964
7975,237506
41821,596
41821,793
41821,4426
41821,9826
41821,14540
41821,41601
41821,207691
41821,208363
41821,212020
41821,215580
21344,3149
21344,9672
21344,15016
21344,208992
21344,258533
9399,2231
9399,779
9399,542
9399,6075
9399,213
9399,2905
9399,5572
9399,6789
9399,9748
9399,14514
9399,17977
9399,156196
9399,186150
9399,192913
9399,219404
31597,4009
31597,8101
31597,11558
30017,886
30017,5986
30017,155876
30017,299344
30017,309426
30017,325795
11131,745
11131,3149
11131,2149
11131,8627
11131,5964
11131,6328
11131,8044
11131,8207
11131,10594
11131,10562
11131,11612
11131,33778
11131,41592
11131,160488
21168,4932
21168,657
21168,1618
21168,3133
21168,4129
21168,3307
21168,6158
21168,9887
21168,9826
21168,10163
21168,11004
21168,13158
21168,15127
21168,33739
21168,155652
21168,156230
21168,162380
21168,166512
21168,174254
21168,208611
21168,225219
59058,2032
59058,11935
59058,12987
59058,188326
1662,242
1662,380
1662,6220
1662,8442
1662,33421
1662,156064
1662,156085
1662,209352
1662,209849
1662,211706
1662,264730
6444,90
6444,2200
6444,158199
6444,165468
6444,166726
6444,172971
6444,190615
6444,204241
71642,199524
71642,200234
71642,200918
71642,325766
71642,325777
31923,6270
31923,1415
31923,2393
31923,8201
31923,2494
31923,6562
31923,10683
31923,10049
31923,9824
31923,9789
31923,10232
31923,10809
31923,156064
31923,157963
31923,163242
31923,173534
31923,242689
18311,1721
18311,3508
18311,2217
18311,2135
18311,5091
18311,6895
18311,9849
18311,13059
18311,33719
18311,41599
48448,5301
48448,10873
1483,1541
1483,5919
1483,3725
1483,3125
1483,10292
1483,9887
1483,9720
1483,10983
1483,14624
1483,14707
1483,33489
1483,156702
1483,157791
1483,181544
1483,187298
1483,208975
1483,209798
1483,283085
1483,293336
1483,308818
1483,325996
28553,378
28553,11400
28553,173458
58648,318
58648,2137
58648,15271
58648,187056
36337,3306
36337,9758
36337,10594
36337,9748
36337,11546
36337,14570
36337,14735
36337,18034
36337,156221
36337,188944
36337,207268
25330,6271
25330,65
25330,2776
25330,4543
25330,9864
25330,17971
25330,167043
22423,190140
22423,206515
4539,886
4539,6895
4539,9817
4539,41410
4539,41609
4539,50244
4539,158951
4539,187056
4539,190696
22828,703
22828,2246
22828,2315
22828,8015
22828,10144
22828,11211
12776,629
12776,3149
12776,5612
12776,5090
12776,9016
12776,10391
12776,13072
12776,155538
12776,161891
31696,1990
31696,5490
31696,9714
31696,13008
31696,13068
31696,15016
31696,163129
31696,207268
17467,779
17467,13141
17467,15365
17467,34079
17467,156456
17467,157583
17467,157584
36351,2231
36351,242
36351,236
36351,11436
36351,164296
36351,181324
47252,242
47252,642
47252,2343
47252,1440
47252,1946
47252,154884
47252,309974
47252,320420
34376,3713
34376,2863
34376,2343
34376,2081
34376,525
34376,3071
34376,3300
34376,4379
34376,3497
34376,10452
34376,9725
34376,10821
34376,11860
34376,13043
34376,15479
34376,18118
34376,33922
34376,34130
34376,41180
34376,158718
34376,173497
34376,177185
34376,196895
34376,196899
34376,196901
34376,249291
39233,700
39233,1680
39233,9799
6463,3431
6463,33672
14362,779
14362,417
14362,6149
14362,6259
14362,703
14362,9730
14362,9748
14362,7002
14362,10291
14362,10391
14362,13116
14362,18522
14362,41523
14362,219404
9588,3713
9588,193455
9588,193760
9588,263663
9588,272521
9588,273293
9588,313033
9588,362381
41792,7312
41792,10332
41792,10483
41792,167043
41792,167541
25674,578
25674,2176
25674,1556
25674,9840
25674,185413
25674,208611
21338,1568
21338,1812
21338,6951
21338,8015
21338,14736
123778,3593
123778,9743
123778,187056
123778,312416
94666,490
94666,4663
94666,217409
41804,4721
41804,3537
41804,207941
41804,240731
147164,10323
147164,158620
147164,239911
23438,2284
23438,2673
23438,5571
23438,9840
23438,13014
23438,164092
23438,206184
23438,207876
97044,378
97044,2501
97044,4649
97044,7340
97044,10714
97044,11734
97044,166623
97044,215596
97044,222519
97044,227428
97044,238102
97044,269860
97044,274297
97044,281050
97044,287622
97044,292178
97044,315740
13995,779
13995,521
13995,9715
13995,4391
13995,9717
13995,13015
13995,163074
11198,779
11198,1562
11198,1422
11198,11931
11198,13015
11198,13141
41678,3262
41678,179882
41678,189435
186809,6054
186809,2671
186809,1228
186809,3450
186809,18021
186809,208042
19143,396
19143,6075
19143,3202
19143,209476
27381,3133
27381,10291
27381,193594
45145,578
45145,4048
45145,2334
45145,9468
45145,6432
11621,966
11621,2853
11621,131
11621,1755
11621,4375
11621,10229
11621,33482
11621,188747
11621,210024
11621,259376
11621,319397
11621,322942
47714,6783
47714,33699
19087,6075
19087,10177
19087,10178
19087,12090
19087,13042
19087,254877
40082,1343
36288,828
36288,10909
36288,155840
38143,211
38143,818
38143,4402
38143,11004
38143,18011
38143,163119
38143,222289
31962,818
31962,2652
31962,74
31962,3637
22590,779
22590,1701
22590,3436
22590,6733
22590,10624
22590,10791
22590,18068
22590,33910
22590,156159
22590,156162
22590,160528
22590,170336
22590,175510
22590,188841
22590,188947
22590,213855
22590,219404
22590,269678
22590,269970
22590,272208
22590,287664
22590,343595
41777,449
41777,206210
48150,1523
48150,4721
48150,9673
48150,9713
41778,4606
41778,33490
41778,220378
41778,222228
41778,303954
40213,1400
40213,184656
83761,3521
83761,10617
83761,15061
83761,18009
34683,1415
34683,548
34683,11529
34683,10911
34683,11826
34683,11678
34683,14735
34683,258533
5051,2389
5051,1009
5051,2637
5051,2618
5051,9887
5051,10093
5051,11001
5051,14765
5051,15216
5051,17985
5051,34079
5051,157444
5051,208018
5051,278235
5051,343757
27678,191260
83599,1284
83599,6025
83599,10235
83599,162715
83599,279058
251732,817
251732,187056
251732,240315
17811,9663
12088,378
12088,2964
12088,10685
12088,679
12088,2587
12088,4565
12088,11738
12088,208085
12088,219404
96712,2553
96712,6300
96712,5565
48706,1329
48706,380
48706,33472
48706,189092
47105,6382
30366,5973
30366,1571
30366,18001
19371,2341
19371,11431
35610,1706
35610,2652
35610,1956
35610,4379
35610,9663
35610,207883
35610,208289
35610,252818
35610,252822
35610,252823
12664,970
12664,11700
12664,13008
7500,233
7500,966
7500,1794
7500,4728
7500,8676
7500,10580
7500,14677
7500,163656
7500,215449
7500,281869
20339,10123
20339,10911
20339,33841
11143,779
11143,780
11143,6092
11143,188
11143,345
11143,526
11143,6211
11143,2280
11143,3996
11143,5440
11143,8860
11143,41592
5187,931
5187,3183
5187,2336
5187,3182
5187,3190
5187,6739
5187,158718
5187,264386
32764,236
32764,974
32764,2393
32764,5642
32764,9672
32764,10855
32764,11669
32764,13014
32764,18267
32764,171826
32764,191509
32764,201125
32764,217420
32764,239258
32764,260365
32764,274277
32764,279028
32764,285902
32764,312898
32764,325839
26877,779
26877,459
26877,3182
26877,8015
26877,11322
26877,12367
26877,157202
26877,157203
8983,6104
8983,977
8983,703
8983,8150
8983,9826
8983,18142
8983,34079
17796,4375
17796,3307
17796,33618
17796,155582
17796,174174
17796,191223
17809,779
17809,780
17809,5572
271304,295
271304,13028
271304,184167
11067,6075
11067,1480
11067,9663
10486,5600
10486,65
10486,6876
10486,33694
10486,167861
58416,1988
58416,4553
58416,11546
58416,167043
58416,240484
58416,249237
58416,250160
58416,258384
54804,2041
54804,388
54804,11327
54804,3583
54804,8070
54804,196499
18674,782
18674,6149
18674,3088
18674,3581
18674,12354
57221,3133
57221,2441
57221,187056
26830,642
26830,1794
26830,11061
26830,310672
26830,312898
26830,315402
30718,801
30718,680
30718,1262
30718,5774
30718,161276
30718,183978
30718,184984
37797,1566
37797,295
37797,131
37797,4721
37797,1731
37797,2470
37797,9673
37797,13008
37797,13141
37797,15284
37797,33910
37797,164246
37797,188845
37797,188846
37797,206437
37797,210024
37797,281585
37797,312313
37797,324713
37062,1536
37062,9840
21846,1815
21846,5053
21846,4593
21846,9830
16233,250809
13063,4344
13063,14895
63054,910
63054,2699
63054,2843
63054,7089
63054,155256
63054,158713
63054,168346
16003,570
16003,380
16003,8723
16003,11004
16003,11719
16003,191820
16003,283118
8214,1787
8214,1157
8214,828
8214,1946
8214,156052
8214,194287
30330,3741
30330,156202
30330,187056
29927,449
29927,7973
29927,189102
29927,321464
48709,549
48709,90
48709,1664
48709,4023
48709,9673
48709,13059
48709,170195
37431,1812
37431,158750
37431,160334
37431,160335
2061,2231
2061,792
2061,4668
2061,14964
2061,191820
148478,2231
148478,11494
74097,416
74097,7984
74097,14818
74097,170827
74097,192514
74097,256466
16992,378
16992,6075
16992,6078
16992,2792
16992,9673
9956,3737
9956,900
9956,818
9956,1952
9956,3880
9956,10322
9956,10508
9956,13006
9956,222114
36702,263548
134458,181122
134458,181123
26124,2492
26124,10085
26124,10476
26124,15009
26124,160488
26124,187056
18415,2213
18415,10123
18415,3230
18415,2494
18415,10532
18415,11724
18415,13059
18415,14903
18415,34136
18415,163531
18415,178482
18415,205685
18415,241738
18415,325804
116008,520
116008,444
116008,1749
116008,11290
116008,197702
37517,922
37517,7312
37517,9826
37517,11454
37517,207268
37517,220011
37517,275731
26103,1666
26103,11436
26103,10291
26103,10950
26103,212606
26103,295702
8765,2964
8765,2157
8765,2812
8765,282
8765,4563
8765,4565
8765,10048
8765,12190
8765,13006
8765,15256
8765,175629
9845,1930
9845,1556
9845,2492
9845,14964
9845,33625
9845,161270
9845,173300
36221,1794
36221,4461
28123,5903
28123,11208
35638,3739
35638,2843
35638,6373
35638,6564
35638,14673
35638,158713
5470,779
5470,1299
5470,9725
5470,12554
5470,14546
5470,14643
5470,175428
5470,185343
5470,192913
5470,219404
5470,280899
10213,534
10213,3133
10213,957
10213,9503
10213,155573
19846,6149
19846,703
19846,4434
50008,6026
50008,1584
50008,886
50008,5565
50008,10144
50008,33490
50008,162262
50008,165317
50008,207883
50008,243555
44625,236
44625,6259
44625,1253
44625,3616
44625,8039
44625,9826
36282,1794
36282,10704
14533,740
14533,5565
14533,6782
14533,11800
14533,15479
14533,225014
9812,2231
9812,10776
41992,818
41992,490
41992,10683
41992,170351
41992,170362
41992,249680
41992,334536
8697,3800
8697,1721
8697,409
8697,4289
8697,5572
8697,15248
22140,7094
21039,818
21039,9672
21039,155347
21039,177493
21039,181320
21039,187243
21039,195537
21039,226257
21039,234765
21039,235057
19850,3262
19850,4585
19850,6593
19850,10688
344,378
344,445
344,822
344,395
344,1777
344,1782
344,1953
344,9777
344,8864
344,14964
344,347456
14439,2957
14439,2952
14439,6092
14439,2314
14439,10123
14439,11117
14439,4595
14439,9672
14439,194256
41227,534
41227,972
41227,187056
41227,210608
41227,232679
13428,966
13428,9730
13428,6440
13428,8132
36105,1525
36105,549
36105,10508
36105,13059
36105,187056
47186,242
47186,549
47186,550
47186,1667
47186,1857
50173,6154
50173,13006
50173,14999
50173,15001
46817,2072
46817,394
46817,3739
46817,6271
46817,1252
46817,1420
46817,5984
46817,10478
46817,11579
46817,12434
46817,13092
46817,13125
46817,14546
46817,33657
46817,157337
46817,157512
46817,157701
46817,171676
46817,235261
46817,258533
45935,2682
45935,1411
45935,4178
45935,207928
47060,4458
47060,4344
84002,192153
2487,233
2487,782
2487,9748
2487,11249
2487,184352
2487,230462
17985,236
17985,792
17985,1930
17985,3230
17985,5927
17985,9748
17985,9826
17985,10303
17985,12425
17985,17986
17985,34053
17985,160335
17985,171366
17985,181318
17985,240485
17985,332598
54860,233
54860,797
54860,3436
54860,4245
54860,10950
9597,2389
9597,703
9597,4779
9597,5340
9597,8353
9597,10028
9597,161395
9597,202335
9597,351855
21644,5565
21644,11001
45758,9730
45758,9755
45758,11578
45758,10291
45758,10391
62825,578
62825,18001
62825,208289
18491,490
18491,6255
18491,4458
18491,9685
18491,10150
18491,10046
18491,15216
18491,190755
18491,194421
18491,210024
18491,212737
18491,235847
18491,239797
18491,251667
18491,269769
18491,269808
18491,275024
18491,281182
18491,281585
18491,292792
18491,321464
18491,325801
18491,325849
18491,325853
175739,5565
13777,818
13777,6431
13777,191608
13777,256946
11854,815
11854,7508
11854,9673
11854,13072
11854,156455
11854,160246
33491,90
33491,9749
33491,187056
33491,208664
12619,2389
12619,6270
12619,1415
12619,570
12619,6259
12619,9748
12619,9826
12619,10714
12619,12339
12619,208445
39927,549
39927,534
39927,10685
39927,7312
39927,9663
39927,9826
39927,14964
24272,530
24272,3036
24272,4344
24272,11222
24272,161278
24272,214595
24272,320718
3716,65
3716,1670
3716,2642
3716,3306
3716,13088
3716,14714
3716,163726
3716,164713
21348,193749
21348,196964
21348,220940
21348,273251
21348,273252
21348,273257
21348,317819
15319,1462
15319,818
15319,155198
15319,186753
15319,188181
15319,190446
9011,290
9011,4715
9011,9844
9011,10855
9011,184546
2332,90
2332,1794
2332,4668
2332,5422
54003,642
54003,554
54003,1419
54003,1562
54003,974
54003,1812
54003,6021
54003,159909
54003,164296
54003,209140
10205,5657
10205,886
10205,10508
10205,9826
10205,12339
18394,2231
18394,6149
18394,9826
18394,13121
18394,13122
35735,5565
35735,10229
35735,163080
38203,3725
38203,7312
38203,10955
38203,17985
38203,164044
19362,18001
31161,233
31161,1794
31161,10123
31161,8627
31161,3454
65296,1415
65296,1468
65296,34014
65296,200054
65296,224663
65296,227316
32067,879
32067,643
66668,128
66668,1332
66668,2726
66668,9799
66668,14602
66668,15274
66668,160364
66668,168141
66668,245910
66668,281947
72490,703
10482,612
10482,4368
10482,9253
10482,11475
10482,223198
10482,277478
10482,326360
28031,738
28031,1228
28031,9833
28031,10776
28031,11718
28031,158718
28031,171366
28031,187056
28031,208992
54491,6653
54491,10407
43423,1415
43423,10160
43423,11004
43423,11860
43423,18009
12480,566
12480,571
12480,738
12480,1228
12480,1595
12480,3183
12480,10181
12480,10180
12480,171808
12480,258533
13439,5657
13439,3419
13439,12425
13439,157906
13439,193760
13439,207876
13439,209619
13439,210434
13439,272521
13439,313033
844,803
844,802
844,725
844,931
844,815
844,818
844,2038
844,738
844,1715
844,5609
844,9094
844,9826
844,10818
844,12354
844,13008
844,14602
844,33625
844,34094
844,41260
844,243676
844,260365
29512,2546
29512,236
29512,9748
29512,9826
29512,13097
29512,14720
29512,34079
29512,262826
20617,233
20617,10180
20617,186753
20617,206199
20617,258533
20617,289844
23985,1019
23985,5540
23985,6024
23985,9826
23985,15216
23985,15480
23985,18379
23985,156166
23985,157332
23985,165840
23985,166676
2463,6564
2463,9727
2463,9748
2463,9826
2463,12354
16874,5657
16874,9941
32166,3030
32166,6149
32166,1992
32166,703
32166,2350
32166,4142
32166,8126
32166,10508
32166,10941
32166,156091
32166,191527
38987,490
38987,9856
38987,9826
38987,12446
38987,33465
9439,570
9439,278
9439,417
9439,818
9439,970
9439,1930
9439,3880
9439,9856
9439,9826
9439,13006
9439,173162
71138,233
71138,5369
71138,5424
71138,184352
39872,233
39872,10886
39872,184352
22616,9755
28943,212
28943,697
28943,2792
28943,9748
28943,155840
28943,240119
11599,2682
11599,1930
11599,558
11599,1261
11599,1988
11599,5938
11599,10325
11599,8662
11599,14735
11599,207268
11599,252689
33253,2231
33253,822
33253,10685
33253,697
33253,10123
33253,10325
33253,4476
33253,10594
33253,10938
33253,12544
33253,14602
33253,164346
33253,227429
11075,4426
11075,7690
11075,12565
11075,13006
11075,156322
33355,4344
49671,2652
49671,74
49671,1327
49671,1739
49671,10360
49671,10180
49671,18339
49671,158718
49671,160335
49671,161256
49671,258533
15917,818
15917,4178
15917,4232
15917,9714
15917,33485
15917,199764
15917,209157
15917,236170
15917,257933
15917,319319
10706,966
10706,2766
10706,4375
10706,5160
10706,7325
10706,13031
36246,3149
36246,1794
36246,10123
36246,8201
36246,210710
17208,1468
17208,4434
17208,5521
17208,11727
17208,155873
17208,172958
17208,276476
17208,332771
26245,3133
26245,179882
467,931
467,1523
467,769
467,2147
467,2321
467,2322
467,2324
467,6152
467,9826
467,11268
467,33648
73952,1524
73952,2669
73952,13017
73952,167542
73952,241723
19738,616
19738,7376
19738,566
19738,6054
19738,704
19738,380
19738,738
19738,2020
19738,2316
19738,1715
19738,10437
19738,3071
19738,3259
19738,3582
19738,3691
19738,5436
19738,5629
19738,10683
19738,10614
19738,10044
19738,10937
19738,11291
19738,11322
19738,12090
19738,12965
19738,13092
19738,15028
19738,18263
19738,18732
19738,33841
19738,34221
19738,155265
19738,156525
19738,156777
19738,160263
19738,160350
19738,160765
19738,162804
19738,163129
19738,163242
19738,172789
19738,175245
19738,183573
19738,184987
19738,186815
19738,186956
19738,189093
19738,189428
19738,197758
19738,199814
19738,206437
19738,207469
19738,209528
19738,210039
19738,210517
19738,212023
19738,220428
19738,234119
19738,234213
19738,235487
19738,241804
19738,252581
19738,253979
19738,256161
19738,257059
19738,257061
19738,257062
19738,257063
19738,257064
19738,257065
19738,269769
19738,292887
16435,894
16435,738
26014,10631
11366,3737
11366,4480
11366,5331
11366,2358
11366,6183
11366,13141
11366,34079
89823,4717
89823,170356
89823,339700
10751,11061
10751,15363
10751,160488
38294,13042
38294,14604
38294,15363
18836,8045
10757,212
10757,970
10757,2393
10757,2387
10757,3691
10757,9824
10757,14514
10757,155294
55256,1326
55256,1252
55256,1261
55256,5413
55256,7464
55256,10180
55256,18035
55256,34268
55256,163080
55256,212796
55256,220628
55256,239239
55256,240237
55256,275157
23160,1415
23160,733
23160,818
23160,3762
23160,291
23160,6150
23160,4630
23160,4676
23160,490
23160,1501
23160,6262
23160,1244
23160,1715
23160,9887
23160,10235
23160,4855
23160,41585
23160,156661
23160,187056
23160,215010
2899,1160
2899,2343
2899,3998
2899,5503
2899,6715
2899,5049
2899,14704
2899,15101
2899,157894
2899,291153
2899,325853
44756,6270
44756,11870
44756,14714
44756,269769
18088,4225
18088,7312
18088,14766
31010,11196
31010,2444
31010,1956
31010,2428
31010,8862
31010,11489
20536,6075
20536,1480
20536,6165
20536,168322
20536,267788
3577,220
3577,10685
3577,292
3577,1772
3577,2286
3577,2934
3577,6406
3577,6587
3577,6588
3577,189102
27259,10111
27259,13153
27259,18249
19448,1415
19448,1016
19448,1013
19448,738
19448,4434
19448,9826
19448,158718
19448,166625
19448,258533
14923,4552
14923,11799
14923,10250
14923,15009
14923,179430
14923,179431
14923,258291
2440,2286
2440,3264
2440,13065
2440,15053
2440,244029
2440,260251
2440,267761
10836,236
10836,1566
10836,514
10836,380
10836,3030
10836,2858
10836,2771
10836,1852
10836,9649
10836,173386
10836,201956
10836,287274
10955,220
10955,818
10955,885
10955,2708
10955,8045
10955,5332
10955,2706
10955,4967
10955,6060
10955,9714
10955,187056
37998,184352
10978,1361
10978,2356
10978,6935
10978,1334
10978,970
10978,1192
10978,2496
10978,5490
10978,6217
10978,9713
10978,15162
81540,187056
40096,10181
11847,779
11847,642
11847,470
11847,5733
11847,10291
11847,12193
11847,12354
11847,14955
11847,219404
11847,290327
52999,187056
41714,240119
11056,514
11056,697
11056,6259
11056,1468
11056,2642
11056,3358
11056,18035
11056,162745
11056,170309
11056,209117
11056,219999
11056,256908
11056,315150
11056,319592
27967,516
27967,5650
27967,9672
27967,10614
27967,14760
27967,165278
27967,185019
27967,220414
919,3133
919,4409
919,5135
919,9259
919,9826
919,208992
919,210024
919,315058
55852,2968
55852,4232
55852,202760
55852,251667
55852,254167
55852,266753
55852,269808
55852,292593
55852,294348
55852,325761
55852,325776
55852,325781
55852,325795
55852,325799
55852,325806
55852,325840
55852,325841
211,6054
211,931
211,1563
211,6059
211,970
211,292
211,1749
211,2300
211,1849
211,1772
211,3396
211,1591
10046,2343
10046,957
10046,1502
10046,10322
10046,9717
10046,9503
10046,15001
10046,155573
10046,207928
6382,1321
6382,3230
36243,233
36243,1299
36243,339
36243,11100
36243,9748
36243,159099
36243,161791
36243,224673
36243,257384
36243,317204
22242,585
22242,3149
22242,11259
22242,18402
22242,33688
22242,193760
16077,1925
16077,5824
16077,9826
16077,163053
16077,198343
11553,233
11553,1941
11553,4232
11553,3627
11553,9322
11553,164246
11553,197056
11553,225219
11553,239187
11553,281659
11553,325810
10726,271
10726,6259
10726,1812
10726,10123
10726,10714
10726,13160
57100,1812
57100,9322
57100,10714
44793,5490
44793,9935
44793,12392
44793,14785
9298,898
9298,4562
9298,2569
9298,3065
9298,8201
9298,6079
9298,10776
9298,10726
9298,208498
13899,233
13899,570
13899,3149
13899,1794
13899,10123
13899,11333
13899,9663
13899,10950
13899,14546
13899,15211
13899,34079
13899,160246
13899,195719
437,2157
437,483
437,703
437,6009
437,2147
437,2158
437,194341
38901,10453
38901,10911
38901,41329
38901,169213
37712,782
37712,9887
37712,9663
37712,15216
37712,184392
14809,640
14809,974
14809,2334
27324,894
27324,236
27324,1533
27324,6155
27324,7368
27324,9856
27324,9957
27324,11615
27324,12369
27324,14522
27324,155800
27324,156091
27324,161728
27324,162846
27324,180671
27324,185379
27324,207844
27324,213191
27324,239272
27324,244917
27324,286239
27324,325763
33625,9826
35583,6092
35583,2504
35583,4595
35583,9672
35583,18543
35583,204412
35583,210184
35583,230915
35848,15009
4592,380
4592,1158
4592,9986
4592,187056
9025,2922
9025,1605
9025,931
9025,567
9025,3772
9025,4115
9025,4671
9025,10855
9025,13088
9025,14632
9025,14964
9025,18267
9025,161288
2111,478
2111,2038
2111,5742
2111,1228
2111,4721
2111,2802
2111,4004
2111,6199
2111,14641
2111,230815
14752,5768
11178,1552
11178,14641
11178,156104
11178,164698
11178,188991
10943,1453
10943,9032
10943,10629
10943,14765
10943,41586
125842,187056
100973,8085
100973,33702
21707,779
21707,3149
21707,1794
21707,6038
10981,3090
10981,6733
10981,9046
10981,12392
10981,13001
10918,1415
10918,271
10918,1909
10918,6083
10918,7028
10918,13072
10918,158741
30839,6270
30839,6075
30839,2069
30839,15058
30839,195012
30839,214532
30839,220626
30839,235790
30839,289844
30839,344584
4612,843
4612,7210
4612,14675
4612,180550
36222,233
36222,1419
36222,679
36222,4458
36222,10123
36222,3307
36222,9663
36222,9856
36222,9685
36222,10180
36222,12190
36222,12354
36222,14544
36222,15211
36222,41352
13984,6054
13984,4552
13984,10163
13984,163053
13984,206850
16184,236
16184,1262
16184,4344
16184,164218
53244,886
53244,187056
14868,458
11427,1009
11427,732
11427,1366
11427,3725
11427,4399
11427,5774
11427,7312
11427,9193
11427,9229
11427,3623
11427,13063
11427,18035
11427,33648
11427,41216
11427,41410
11427,202661
11427,202666
11427,207317
11427,216103
11427,260365
18072,2231
18072,1009
18072,828
18072,1421
18072,2671
18072,1803
18072,2367
18072,5569
18072,9713
18072,13042
4689,1382
4689,1930
4689,7443
4689,9748
4689,162735
4689,195241
4689,261681
4689,298364
4689,325779
4689,325798
16209,3133
16209,4344
16209,11034
16209,173971
16209,236316
16209,309426
45379,779
45379,663
45379,11931
45379,12090
8441,8082
8441,9826
12720,236
12720,233
12720,5340
12720,6614
12720,210434
21041,612
21041,974
21041,1775
21041,2187
21041,9826
21041,10291
21041,10562
21041,15156
21041,207694
5552,4062
5552,3501
5552,199656
5552,339555
8325,3725
8325,2679
8325,5490
8325,9673
8325,15016
8325,208764
10077,3737
10077,2964
10077,414
10077,1576
10077,4379
10077,5455
10077,9840
10077,11628
10077,12616
10077,14760
10077,156866
10077,175629
10077,186760
10077,206736
10077,223159
10077,228795
10077,251926
10077,298603
31076,818
31076,11860
31076,12369
31076,163751
31076,167925
28730,612
28730,2952
28730,818
28730,5299
28730,917
28730,5939
28730,5894
26955,6440
26955,158558
26955,180175
26955,209173
26955,241778
23986,3307
23986,15216
23986,15480
23986,158697
23986,166676
23986,193723
23986,206162
23986,228996
23986,244417
23986,247328
23986,263697
23986,305349
4326,5706
16132,1605
16132,818
55496,10700
55496,14632
55496,187056
20164,5301
20164,4258
20164,212649
38970,1664
32526,3291
32526,9672
32526,9826
32526,13065
32526,158718
32526,160335
32526,195911
32526,258533
32526,290527
15271,212
15271,818
15271,11479
15271,155697
15271,214548
45572,4563
45572,9887
22076,3800
22076,339
22076,3288
22076,5888
22076,9094
22076,9830
22076,14760
22076,14909
22076,156193
22076,157064
22076,162296
22076,162300
22076,162304
16973,2863
16973,366
16973,1523
16973,703
16973,1438
16973,10226
16973,11615
16973,12670
16973,33347
16973,167104
16973,171134
16973,235261
16973,312898
16973,320611
55931,779
55931,310
55931,2157
55931,4563
55931,4565
55931,4458
55931,12190
55931,161919
55931,171366
55931,175629
55931,185199
55931,190200
55931,210024
55931,219404
55931,251513
12703,549
12703,570
12703,726
12703,1546
12703,1595
12703,7312
12703,9957
12703,10937
12703,14735
12703,180307
12703,208781
12703,209673
12703,233026
12703,267876
12703,287803
46814,818
46814,1192
46814,2807
46814,283307
9282,642
9282,6149
9282,1546
9282,3713
9282,567
9282,1419
9282,2016
9282,5638
9282,8015
9282,9826
9282,14541
9282,200460
9282,208156
9282,309974
9282,314730
9282,325777
9282,325815
5844,1706
5844,2885
5844,13141
25334,212
25334,5719
25334,18127
25334,200349
25334,208992
25334,209107
25334,234125
12540,6270
12540,6075
12540,271
12540,2920
12540,5440
12540,11672
12540,40905
60672,4720
60672,345
60672,3065
60672,9826
60672,12332
24241,534
24241,2940
24241,5565
24241,179436
11556,534
11556,2157
11556,8045
11556,160488
11556,178649
49007,187056
11197,818
11197,6271
11197,3551
11197,6733
11197,6669
11197,9888
11197,10303
11197,46962
11197,158455
11197,170223
11197,179359
11197,229663
27079,383
27079,395
27079,9672
27079,6974
27079,14852
27079,234765
27079,252342
27079,303082
27079,309170
3177,2041
3177,697
3177,9663
3177,13015
3177,295702
11774,10028
11774,13014
11774,236343
11774,243768
11774,246466
10855,779
10855,782
10855,591
10855,514
10855,1930
10855,4728
10855,6895
10855,9748
10855,12354
10855,12367
10855,12369
16765,192530
16765,283674
4972,5301
4972,4553
4972,4452
4972,4457
4972,9844
120360,6078
120360,6346
120360,33585
120360,164400
120360,192279
120360,227148
20162,156866
2841,549
2841,1453
2841,90
2841,2504
2841,697
2841,2425
2841,2564
2841,4079
2841,8729
2841,6701
2841,10400
2841,10941
2841,10791
2841,13065
2841,155790
2841,156091
2841,184167
2841,188725
11606,380
11606,295
11606,1252
11606,3432
11606,13063
11606,14540
11606,164657
363,726
363,1536
363,567
363,1907
363,1849
363,1253
363,3684
363,5733
363,9673
363,18035
363,164713
12140,2964
12140,803
12140,679
12140,8498
12140,11534
12140,9685
12140,12190
12140,12354
12140,13141
12140,210024
4254,242
4254,4344
15370,3713
15370,977
15370,2796
15370,2158
15370,2526
15370,3071
15370,4639
15370,9663
15370,11477
15370,11539
15370,9725
15370,13141
15370,15120
15370,15254
15370,18454
15370,33787
15370,41172
15370,158752
15370,186934
15370,188748
15370,209563
15370,210024
15370,238675
15370,268784
15370,269710
15370,274115
15370,322942
16635,917
16635,4106
16635,15108
23520,779
23520,797
23520,3713
23520,1543
23520,12371
23520,13116
23520,18522
23520,162380
23520,202371
23520,219404
23520,272551
1418,1157
1418,739
1418,380
1418,2598
1418,2320
1418,5486
1418,11925
1418,14534
1418,14602
1418,155023
1418,156052
1418,187056
15990,263548
11492,478
11492,2861
11492,4781
12496,5600
12496,233
12496,1462
12496,818
12496,1938
12496,3045
12496,10508
12496,9725
12496,9812
12496,15060
12496,15126
12496,33476
12496,186753
12496,198754
12496,207928
12496,248451
12496,312122
12496,312229
12496,325804
12496,325849
17457,779
22618,918
22618,9882
22618,156181
22618,198136
22618,258533
22618,315205
29987,9673
29987,10938
29987,10937
29987,10939
29987,18454
29987,163132
10361,4375
10361,12564
41070,1366
41070,3593
41070,10877
41070,3623
41070,209701
14527,1419
14527,1936
14527,10051
32276,6026
32276,886
32276,1228
32276,12396
32276,208289
32276,208992
32276,252192
14455,233
14455,1462
14455,818
14455,180482
14455,186753
14455,190446
14455,202647
14455,206199
14455,207928
14455,300706
14455,312229
24092,9725
24092,34079
24092,162914
24092,226766
24092,302786
21200,10325
21200,156851
21200,166113
40876,1326
40876,242
40876,1585
40876,1332
40876,2150
40876,2367
40876,6038
40876,6782
40876,11829
40876,14964
40876,34094
40876,40865
40876,187056
11838,3737
11838,233
11838,5251
11838,4210
11838,2062
11838,6152
11838,5776
11838,9714
11838,156174
11838,197582
11838,322255
11838,325319
11838,325839
670,5600
670,3927
670,6062
670,4375
670,2883
670,10123
670,3363
670,3364
670,5585
670,3667
670,7412
670,7464
670,9856
670,9748
670,9957
670,13006
670,13141
670,14778
670,14837
670,18047
670,18396
670,33841
670,202371
670,206219
670,207268
670,232938
670,240303
670,241445
670,244917
670,261681
670,273593
670,308204
670,314730
670,325854
670,350360
670,350553
670,361521
12583,4197
12583,4375
12583,5774
12583,5923
12583,12392
12583,12564
21513,6054
21513,233
21513,441
21513,128
21513,3679
21513,3133
21513,1293
21513,4232
21513,4516
21513,9957
21513,3628
21513,289844
21513,311315
21513,325854
9694,1583
9694,1946
9694,4399
9694,4728
9694,9713
9694,11716
9694,13153
9694,14676
9694,34079
9694,156174
9694,191527
9694,217324
9694,244917
12802,158718
12802,187056
12802,224000
22537,196509
22537,207826
22537,210024
9667,1453
9667,1706
9667,919
9667,2800
9667,3298
9667,4379
9667,1279
9667,8159
9667,9673
9667,11268
9667,13065
9667,15106
9667,156799
9667,160153
9667,160497
9667,199686
9667,216079
9667,218121
13373,642
13373,1829
13373,2618
13373,3298
13373,8627
13373,3431
13373,6344
13373,11494
13373,10776
13373,10164
13373,11321
13373,18396
13373,156166
13373,198923
13373,207317
13373,240237
13373,243959
37209,1329
37209,4552
37209,5571
37209,156766
37209,193012
37209,195592
37209,234289
37209,283297
37209,312496
37209,315846
10304,1402
10304,1603
10304,4302
10304,4595
10304,4862
10304,13031
40823,10194
40823,194998
40823,240422
40823,262658
40823,325765
9666,233
9666,3725
9666,8303
9666,9714
9666,9748
9666,13153
9666,41411
9666,156174
9666,168643
9666,245540
13371,239329
11049,10084
11049,2345
11049,4344
11049,4746
11049,5699
11049,9951
11049,9882
11049,210024
11049,217499
11049,235261
11049,241054
11049,325761
11049,325765
11049,325809
9316,779
9316,6211
9316,3434
9316,6024
9316,10514
9316,10855
9316,325842
11647,6149
11647,1568
11647,3149
11647,5964
11647,9288
11647,9826
1913,3737
1913,380
1913,1567
1913,856
1913,6089
1913,2336
1913,2564
1913,5565
1913,5896
1913,5897
1913,9840
1913,9294
1913,10909
1913,41599
1913,206662
1913,208666
45693,4480
45693,2407
45693,2350
45693,7312
45693,10909
45693,13043
45693,33479
45693,155882
45693,155939
45693,196092
45693,240070
45693,241739
2539,2356
2539,4034
2539,456
2539,1157
2539,641
2539,6277
2539,213
2539,970
2539,6069
2539,2173
2539,2568
2539,2783
2539,3200
2539,3595
2539,5616
2539,5565
2539,5625
2539,1716
2539,5083
2539,9457
2539,14638
2539,170652
15177,1253
15177,1191
15177,9713
15177,15214
14770,1329
14770,162066
5528,2060
5528,6271
5528,2318
5528,2913
5528,4344
5528,5955
5528,5984
5528,12974
5528,179359
5528,207883
10105,2652
10105,1442
10105,3930
10105,1956
10105,1690
10105,10089
10105,13065
10105,156482
10105,158778
10105,207883
10105,234492
1114,1450
1114,941
1114,4720
1114,4721
1114,3725
1114,2784
1114,1965
1114,2783
1114,3593
1114,4717
1114,4718
1114,4719
1114,4723
1114,10349
1114,11171
1114,18035
1114,187056
179,434
179,242
179,441
179,407
179,409
179,836
179,1812
179,9748
179,9826
179,15053
179,15155
179,174375
83,843
83,269
83,5250
83,5251
83,3030
83,4210
83,10503
83,15097
83,155334
12653,514
12653,4375
12653,11038
12653,5739
12653,10714
12653,12564
12653,15032
12653,211635
12653,222114
12653,226037
55177,1862
55177,212
55177,4227
55177,3298
55177,10195
55177,11937
55177,157722
55177,158431
55177,190751
55177,240237
55177,258533
14310,9663
14310,9856
24860,236
24860,2708
24860,1385
24860,9826
24860,157241
24860,207268
24860,225582
26766,4434
26766,10729
26766,155241
26766,208273
24747,6075
4836,212
4836,818
4836,3391
4836,2708
4836,1930
4836,3149
4836,2149
4836,1941
4836,2150
4836,2235
4836,3045
4836,9826
4836,14766
4836,15208
4836,15219
4836,201864
4836,207268
4836,239797
4836,243801
4836,325778
4836,325779
18711,1495
18711,1981
18711,11482
18711,18075
18711,155790
18711,207046
11190,5301
11190,2299
11190,5625
11190,7312
11190,156316
11190,180574
11190,181053
11190,233676
11190,240119
11190,240484
11190,340465
11866,642
11866,818
11866,1965
11866,2803
11866,3203
11866,4718
11866,4719
11866,10349
11866,10617
11866,12617
11866,15354
11866,18034
11866,165317
11866,176253
11866,221118
11866,281585
11866,284454
11866,309216
11866,309218
11866,309974
11866,325761
11866,325762
11866,325769
11866,325775
11866,325776
12281,236
12281,1889
12281,567
12281,1421
12281,5301
12281,1897
12281,10624
12281,9673
12281,9713
12281,9864
12281,14964
12281,157813
12281,201870
12281,201871
10320,818
10320,3030
10320,745
10320,5153
10320,2565
10320,9663
10320,9714
10320,10629
10320,11857
10320,11289
10320,177185
10320,177201
10320,197582
10320,314730
10320,325822
16427,2356
16427,1900
16427,7542
16427,10360
16427,12425
16427,15208
16427,197056
16427,325761
16427,325813
16427,325831
30973,2618
30973,3034
30973,3036
30973,9649
30973,18126
12086,1228
12086,1775
12086,2754
12086,6451
12086,6460
12086,9137
12086,9713
12086,159289
12086,160243
12086,228181
11420,1329
11420,592
11420,6078
11420,2339
11420,4434
11420,3983
11420,12094
11420,14737
11420,15086
11420,33640
11420,187056
11420,194451
11420,206515
57337,310
57337,10090
81792,4142
81792,155497
81792,167043
81792,227042
81792,312310
3396,593
3396,2339
3396,2225
3396,2304
3396,2810
3396,6746
3396,4102
3396,4434
3396,6407
3396,6744
3396,6123
3396,6747
3396,6001
3396,187056
3396,338934
3396,340431
1404,789
1404,2038
1404,941
1404,892
1404,2176
1404,2692
1404,1900
1404,4498
1404,187202
1404,266601
464,240
464,3737
464,791
464,30
464,7879
464,6029
464,1786
464,697
464,1660
464,1499
464,5331
464,1192
464,2317
464,2318
464,2320
464,2409
464,2410
59196,187056
20912,10391
20912,158718
20912,264386
5889,779
5889,782
5889,441
5889,1400
5889,1583
5889,1908
5889,3045
5889,3075
5889,13141
5889,192698
1126,380
1126,815
1126,3739
1126,697
1126,1660
1126,1842
1126,1526
1126,1571
1126,2065
1126,1595
1126,2658
1126,2755
1126,3371
1126,4748
1126,4747
1126,10508
1126,9986
11658,3156
11658,3264
11658,41586
11658,158547
11658,158553
11658,243959
11658,260251
11658,261681
11658,267761
20544,6054
20544,1310
20544,5565
20544,5989
20544,9672
20544,11612
20544,14984
20544,155170
20544,157959
20544,162701
20544,195164
20544,208788
20544,214548
20544,244446
20544,244949
20544,302155
11401,2570
11401,5540
11401,5718
11401,11268
11401,11933
19423,910
19423,4227
19423,7312
19423,15365
19423,155722
19423,164698
19423,167043
19423,170827
19423,171183
19423,178649
19423,188717
19423,191063
19423,254743
19423,263642
31781,542
9483,531
9483,4344
9483,4948
9483,8826
1392,549
1392,6019
1392,4750
1392,8640
1392,15208
1392,33485
1392,33625
1392,187056
1392,225582
1392,325767
1392,325780
1392,325790
1392,325824
1843,3658
1843,578
1843,2671
1843,992
1843,2375
1843,4344
1843,4516
1843,5568
1843,14955
1843,14964
1843,187056
1843,220546
291,658
291,5349
291,1524
291,1671
291,387
291,966
291,270
291,1669
291,1668
291,1670
291,1672
291,2006
291,159290
28105,271
28105,10090
28105,2195
51363,242
51363,924
51363,2887
51363,10594
16843,3616
16843,10170
4896,220
4896,6987
4896,9826
4896,171070
4896,193551
8357,10902
8357,9820
8357,15061
8357,33465
8357,161217
8357,161218
8357,161219
8357,161220
8357,187056
3509,2964
3509,387
3509,1566
3509,222
3509,818
3509,1568
3509,703
3509,4565
3509,2150
3509,2866
3509,4967
3509,12190
3509,14964
3509,18420
3509,180440
3509,188950
3509,190531
3509,202550
3509,202553
3509,207268
3509,325803
11662,2964
11662,312
11662,4565
11662,1852
11662,4458
11662,11239
11662,242173
10103,2038
10103,772
10103,15090
10103,33462
10103,155546
10103,188656
33150,187056
13372,6007
13372,917
13372,6324
13372,162339
13372,162340
36678,12374
41171,894
41171,242
41171,65
41171,3446
41171,1441
41171,5903
41171,9957
41171,11612
41171,179567
41171,207317
41171,240119
41171,240315
41171,269674
23592,1860
23592,339
23592,1956
23592,1968
986,848
986,392
986,2200
986,1864
986,4599
986,6140
986,12999
986,213097
70,3737
70,396
70,2660
70,4327
70,5212
70,6075
70,1721
70,1252
70,2792
70,4613
70,10614
70,11322
70,14707
70,156330
70,167982
70,198585
70,199658
70,206662
70,207999
70,209476
70,319319
31713,2708
31713,4129
31713,2285
31713,4539
31713,5430
31713,6946
31713,9736
31713,9807
31713,9826
31713,11199
31713,15167
31713,162755
31713,163114
31713,174244
31713,209141
31713,231061
31713,238339
32041,254
32041,2652
32041,74
32041,1956
32041,11106
32041,4595
32041,1295
55309,380
55309,437
55309,5565
55309,6165
55309,207928
55309,243959
38724,1415
38724,1447
38724,3473
38724,10508
38724,13028
38724,159909
12487,3030
12487,3149
12487,1794
12487,3045
12487,10941
12487,236316
12487,310701
56616,6026
56616,2217
56616,9957
56616,11130
56616,160341
56616,188610
56616,211431
56616,228988
56616,274951
205,971
205,972
205,973
205,1550
205,8053
205,9826
205,10089
205,10877
205,11872
205,13069
205,14624
205,14900
205,15053
205,34079
205,200918
205,202371
205,232076
205,244530
205,266753
205,294348
205,325766
205,325774
205,325780
205,325785
205,325817
205,325839
150523,2035
150523,6194
150523,10041
150523,14636
150523,14643
150523,191051
46761,1862
46761,856
46761,1252
46761,10123
46761,6071
46761,13097
46761,33841
46761,158718
46761,163037
46761,189359
46761,190015
43872,4344
43872,41599
43872,193206
5183,460
5183,1336
5183,3279
5183,6625
28055,1936
28055,9826
28055,12570
28055,14818
28055,15127
12597,1565
12597,3030
12597,8377
12597,10629
12597,351855
118,730
118,212
118,818
118,715
118,985
118,987
118,970
118,1158
118,10508
118,10614
118,177895
118,221882
118,282127
1280,378
1280,931
1280,1157
1280,2038
1280,128
1280,2863
1280,1437
1280,2320
1280,2702
88288,1480
88288,14760
421,970
421,2159
421,10041
421,9823
421,12988
421,156597
421,161194
421,181238
421,181239
421,240119
421,241500
421,241501
421,241503
421,360808
2567,2336
2567,3203
2567,5565
2567,9094
2567,10352
2567,10168
2567,33483
2567,221446
2567,229078
9833,2546
9833,246
9833,90
9833,818
9833,128
9833,1523
9833,4344
9833,10181
9833,9714
9833,10045
9833,15219
9833,157676
9833,164920
9833,210184
9833,233843
6478,4344
6478,164657
6478,164658
6478,164663
9692,2337
9692,3640
9692,1591
9692,5490
9692,15090
9692,156661
9692,160901
9692,187056
9692,211269
1901,5600
1901,1599
1901,5812
1901,9799
693,1196
693,591
693,428
693,970
693,2088
693,3453
693,3454
693,3455
693,3456
693,6188
693,18035
693,183886
693,236636
842,2957
842,894
842,642
842,1157
842,840
842,417
842,833
842,380
842,822
842,1332
842,260
842,1562
842,2300
842,2380
842,2013
842,4240
842,4280
842,9748
842,33740
9953,6054
9953,567
9953,2411
9953,6095
9953,12663
9953,187056
11162,110
11162,2444
11162,11707
11162,12425
11162,18040
11162,165843
11162,207090
11162,208244
11162,337694
54291,10041
54291,41515
54291,258533
57564,1541
57564,467
57564,1284
57564,1523
57564,3528
57564,2016
57564,5768
57564,10041
57564,9748
57564,10547
57564,14857
57564,156196
57564,158718
57564,188610
57564,232817
57564,258533
57564,327517
15401,1454
15401,3645
15401,9748
15401,12988
15401,162399
15401,185200
15401,191585
15401,196228
15401,207941
15401,226475
15401,255561
15401,320734
14604,585
14604,1562
14604,703
14604,3358
14604,5612
14604,9253
14604,10911
14604,12999
14604,15346
14604,41351
14604,155457
14604,162846
14604,208646
26275,233
26275,818
26275,14736
26275,167608
26275,180085
26275,348594
15045,6270
15045,6054
15045,10244
15045,9974
15045,10809
1853,187056
11804,1523
11804,6152
11804,2564
11804,11627
11804,11441
11804,5439
11804,6203
11804,3667
11804,8506
11804,34079
11804,160178
11804,172717
11804,172812
11804,172900
11804,172927
11804,172929
19803,6270
19803,6149
19803,11199
11354,6054
11354,933
11354,3739
11354,2251
11354,3616
11354,9856
11354,9872
11354,10776
11354,10226
11354,18047
11354,33457
11354,40879
11354,208344
41613,898
41613,2815
61049,4616
14677,1502
14677,157187
14677,259381
14677,292162
14677,339396
14677,357301
61988,3136
61988,3126
46021,818
147747,9180
147747,10937
147747,170378
147747,178643
147747,191260
147747,192391
147747,238486
43150,6157
43150,6170
43150,12663
43150,13014
43150,155503
43150,164496
43150,168472
43150,170652
43150,173606
43150,208525
43150,252051
43150,253008
43150,263945
43150,275145
43150,277094
66600,1992
66600,166268
66600,196684
66600,235736
64334,13059
43442,2356
43442,818
43442,582
43442,10181
43442,9673
43442,12987
43442,171826
43442,200349
43442,210184
43442,266503
25033,6259
25033,10714
25033,12339
25033,14895
25033,163053
25033,278235
21259,1415
21259,387
21259,677
21259,4565
21259,10617
21259,156866
21259,187056
33766,10683
33766,10809
33766,13088
33766,162804
33766,187056
33766,197758
33766,222029
220690,236
220690,2956
220690,2981
22301,2504
22301,5301
22301,2533
22301,3520
22301,11497
22301,10237
22301,10398
22301,10399
22301,10400
22301,12965
22301,12993
22301,12999
22301,33702
22301,156764
22301,158480
22301,226391
22301,243653
21030,2689
21030,10041
21030,10915
21030,190012
120328,1326
120328,128
120328,10123
120328,9721
120328,11168
120328,200558
95466,171676
26426,2124
26426,162300
18627,2041
18627,1299
18627,5153
18627,1964
18627,11100
18627,3888
18627,3823
18627,9663
18627,157524
18627,159099
18627,161791
18627,189223
18627,224587
18627,236299
18627,257384
18627,287697
18627,317204
34326,1794
34326,7460
34326,10085
34326,180498
34326,296479
34326,297018
34326,315331
10630,378
10630,376
10630,10685
10630,292
10630,1772
10630,11531
10630,233769
10630,315583
18927,974
18927,1228
18927,2492
18927,3644
18927,4108
18927,4339
18927,8440
18927,187056
42257,168346
42257,187056
42257,206793
42257,207928
59143,276
59143,2708
59143,3230
59143,10562
59143,155503
59143,162914
59143,181324
59143,187056
59143,321464
59143,323809
59143,325778
59143,325811
59143,325822
74122,1326
74122,848
74122,934
74122,582
74122,2393
74122,6977
74122,12670
74122,170869
74122,187056
58097,745
58097,5509
58097,5879
25350,236
25350,12993
25350,18035
25350,214827
25350,258533
16442,1701
16442,2504
16442,1627
16442,6112
16442,11106
16442,4595
16442,8798
16442,8997
16442,13116
16442,14559
16442,33482
16442,33846
7229,378
7229,931
7229,10685
7229,18354
7229,154867
7229,166462
12576,6152
12576,6093
12576,13065
12576,188725
12576,190351
12576,210184
12576,314730
12576,316832
42223,5976
42223,208289
42223,257456
42223,333583
42223,333584
20719,10508
20719,247548
16220,782
16220,2652
16220,603
16220,2343
16220,1576
16220,1852
16220,1956
16220,2710
16220,4458
16220,9887
16220,7375
16220,9725
16220,11237
16220,12400
16220,14544
16220,161919
16220,261264
16220,288816
16220,324713
16220,325821
16220,325856
23832,131
23832,10466
23832,10473
23832,41406
23832,156234
23832,278860
54794,596
54794,9673
54794,13090
54794,13161
54794,231036
33475,395
33475,3149
33475,10125
33475,9663
33475,9253
33475,9748
33475,11578
33475,12416
33475,12999
33475,14760
33475,14915
33475,15167
33475,17990
33475,160130
33475,189115
33475,209476
33472,2411
33472,12999
33472,162557
33472,162601
33472,162612
33472,162628
33472,162630
33472,162632
33472,162636
33472,164218
33477,612
33477,1936
33477,2013
33477,9253
33477,12090
33477,12999
33477,155457
33477,156835
33477,188960
10609,1157
10609,886
10609,5565
10609,10235
10609,14522
10609,227302
10609,240237
2091,1415
2091,549
2091,798
2091,571
2091,6085
2091,3134
11633,2964
11633,1761
11633,312
11633,679
11633,4458
11633,10046
11633,12190
11633,13015
11633,13141
11633,15090
11633,161919
11633,210024
35031,514
35031,745
35031,344
35031,3571
35031,3036
35031,9887
35031,11001
35031,161207
35031,300502
12127,6054
12127,1930
12127,436
12127,1192
12127,2673
12127,3200
12127,11107
12127,4418
12127,12392
12127,12988
12127,15101
12127,15149
12127,195847
12127,208649
12127,210246
11626,2660
11626,708
11626,1192
11626,3650
11626,4615
9947,779
9947,9715
9947,9717
9947,7002
9947,12367
9947,15285
9947,157201
9947,157202
9947,251513
9947,266013
6439,240
6439,4932
6439,643
6439,2282
6439,2673
6439,3394
6439,7639
6439,11477
7214,6270
7214,6278
7214,6075
7214,7920
7214,5833
7214,6496
7214,10508
7214,193547
7214,281585
43504,1956
43504,5565
24749,5198
24749,2568
24749,7330
24749,8721
24749,10983
24749,10506
24749,159955
24749,161276
24749,162341
24749,162342
24749,191348
24749,255612
17657,818
17657,339
17657,5265
17657,2106
17657,3376
17657,8721
17657,361867
17657,362499
32546,160963
32546,172971
42390,10093
42390,14857
42390,163798
42390,179359
42390,191008
42390,191318
42390,207819
42390,208500
26488,886
26488,1228
26488,9672
26488,9732
26488,15197
26488,33490
26488,160329
26488,190370
26488,195997
26488,236316
27429,2041
27429,4210
27429,10563
27429,11190
27429,12377
27429,33773
27429,157634
27429,163395
27429,176792
27429,182100
19610,2570
19610,9840
19610,10232
27549,818
27549,4379
27549,9663
27549,12371
27549,18543
27549,187305
27549,192913
27549,197014
27549,208009
27549,234213
43892,4344
43892,4345
43892,6415
43892,9840
43892,18020
43892,157286
43892,191786
43892,206946
43892,227394
43892,237805
43892,240315
8422,3640
8422,549
8422,380
8422,970
8422,4129
8422,2706
8422,2792
8422,9673
8422,9826
8422,11935
8422,33625
8422,226023
989,2652
989,74
989,1992
989,3061
989,3068
989,1201
989,10144
989,196096
43779,2652
43779,2676
43779,1295
43779,188294
43779,209228
34778,2081
34778,2285
34778,2439
34778,3983
34778,11836
34778,15086
34778,186507
34778,243588
34778,256413
34778,311337
34778,320847
25970,391
25970,2871
25970,6152
25970,3335
25970,155457
25970,157667
25970,181656
25970,190821
25970,240303
25970,249692
25970,323932
25970,324004
100894,657
100894,934
100894,428
100894,10766
100894,10726
100894,11267
100894,14857
100894,46960
100894,156764
100894,159959
100894,162845
100894,169725
100894,188618
100894,197618
100894,222268
100894,230570
100894,232988
100894,237565
100894,237568
100894,237569
100894,244917
44463,1936
44463,3202
44463,4373
44463,156043
44463,156764
44463,158390
44463,166121
44463,178870
44463,180807
44463,185736
44463,186921
44463,187670
44463,191410
44463,207556
44463,218567
44463,233080
44463,234110
44463,235205
44463,237376
44463,237426
44463,237427
44463,325861
39504,2343
39504,941
39504,409
39504,2383
39504,4411
39504,6751
14883,1326
14883,445
14883,9840
14883,9673
14883,11615
14883,158436
14883,190178
14883,190179
11423,782
11423,796
11423,570
11423,417
11423,6149
11423,703
11423,5340
11423,4399
11423,9672
11423,10181
11423,9826
11423,10714
11423,13006
11423,14707
11423,15127
11423,207268
11423,208289
11423,261681
10694,1701
10694,534
10694,10685
10694,6149
10694,3713
10694,1419
10694,1930
10694,1562
10694,1366
10694,5779
10694,12371
10694,14541
10694,14601
10694,15234
10694,15290
10694,162199
16410,5215
16410,970
16410,6038
16410,10181
16410,3686
16410,12999
16410,40879
16410,178448
342,1862
342,566
342,6054
342,1889
342,725
342,5767
342,6075
342,65
342,271
342,1888
342,1890
342,1891
342,9986
342,10791
342,13088
342,158718
342,258533
613,3737
613,818
613,2652
613,1443
613,407
613,351
613,2300
613,2052
613,1956
613,2321
613,2535
613,2850
613,3054
613,3055
613,3060
613,3061
613,1698
613,3065
613,3068
613,6165
613,33671
613,207883
613,241930
273,3737
273,222
273,514
273,380
273,458
273,1252
273,823
273,1253
273,1669
273,1879
273,2340
273,13160
273,14964
273,33648
8978,3737
8978,726
8978,2885
8978,2375
8978,1666
8978,3373
8978,3543
8978,5343
8978,5632
8978,9758
8978,9714
8978,10349
8978,11199
8978,10950
8978,11734
8978,14707
8978,14755
8978,18021
8978,18107
8978,33556
8978,156650
8978,161998
8978,173845
8978,202371
8978,321464
11637,1926
11637,7312
11637,156322
11637,199093
12142,2041
12142,1299
12142,3762
12142,1992
12142,703
12142,2598
12142,11627
12142,4862
12142,9853
12142,9854
12142,12377
12142,15043
12142,33505
12142,41645
12142,156174
12142,251513
12142,269233
11096,697
11096,6095
11096,7942
22559,2769
8968,3030
8968,3298
8968,5707
8968,14602
8968,155808
8968,157154
8968,190157
8968,325825
8968,325830
6961,212
6961,548
6961,818
6961,392
6961,3584
6961,4703
6961,9799
6961,6669
6961,9840
6961,10085
6961,13027
6961,156731
6961,156760
6961,187056
6961,208781
6961,210018
6961,212795
6961,221475
6961,295809
6961,315414
6961,317218
2517,233
2517,380
2517,3743
2517,697
2517,4232
2517,10235
2517,12369
2517,193460
2517,210162
2517,230570
2517,323809
2517,325761
2517,325842
11413,974
11413,4671
11413,6167
11413,9748
11413,12392
24962,1889
24962,6876
24962,13031
24962,208469
17978,6075
17978,10181
17978,209476
42729,4007
42729,273879
22383,10084
22383,4812
22383,534
22383,1930
22383,18034
22383,187117
22383,220650
22383,324432
43801,1361
43801,242
43801,1568
43801,1443
43801,2081
43801,5728
43801,12547
43801,14514
43801,170569
43801,194019
43801,244064
43801,351458
41851,5167
41851,41523
41851,163082
41851,221872
41851,264727
661,2660
661,2449
661,2386
661,1956
661,6038
661,3310
661,3311
661,207883
661,209966
10310,5657
10310,3836
10310,6786
10310,10181
10310,7024
10310,6673
10310,9833
10310,11677
10310,15479
10310,158718
36851,818
36851,5301
36851,2905
36851,13065
36851,14624
36851,18034
36851,161247
36851,189126
36851,191316
36851,207938
36851,237063
36851,237234
36851,257977
36851,260843
36851,266406
147882,14577
27007,5626
27007,33490
27007,211295
29259,378
29259,10685
29259,12999
29259,14778
29259,33808
29259,173974
29259,175676
29259,189102
29259,206008
29259,207268
53200,2952
53200,657
53200,8651
53200,193507
55624,15216
55624,187206
55624,269412
55624,293547
55624,320760
2436,779
2436,542
2436,1852
2436,4458
2436,3521
2436,6556
2436,7002
2436,10547
2436,10726
2436,12670
2436,41645
2436,162715
20196,1432
20196,3977
20196,9739
6317,220
6317,2652
6317,2428
6317,187056
68822,931
68822,90
68822,3230
68822,3437
68822,6317
68822,9016
68822,9767
68822,45141
68822,155845
68822,170212
68822,186403
68822,207928
68822,238142
68822,255562
68822,312467
27430,1321
27430,90
27430,1336
27430,1562
27430,5362
27430,3149
27430,3230
27430,4948
27430,4995
27430,9823
27430,9104
27430,10594
27430,9807
27430,10176
27430,18114
27430,41382
27430,155845
27430,198778
27430,208611
27430,291004
27430,314019
27430,353266
27430,354081
43141,242
43141,1857
43141,3864
43141,10181
43141,160790
43141,165846
43141,167925
43141,188028
43141,248025
43141,259376
43141,280281
43141,286194
43141,325784
135473,818
135473,1721
135473,4317
135473,174908
41968,789
41968,4809
41968,2908
41968,4096
41968,5638
41968,10786
41968,9748
41968,9826
41968,13027
41968,14636
41968,207928
34561,2682
34561,836
34561,1956
34561,207883
34561,248509
45174,11494
45174,187056
45174,241738
16638,514
16638,7140
16638,6165
16638,9812
16638,210434
16638,228166
16638,325761
16638,325785
118075,6054
118075,818
118075,6038
118075,3264
118075,5711
118075,9673
118075,159909
118075,197794
118075,208611
42011,8201
42011,6128
42011,11514
42011,14780
42011,15076
42011,232785
7454,2652
7454,1956
7454,2321
7454,13065
7454,173383
7454,189102
70498,818
70498,5933
70498,13028
70498,15106
70498,190283
63617,2580
63617,3546
63617,4516
63617,196363
63617,207928
63617,217421
63617,219972
63617,249891
23132,233
23132,836
23132,9854
23132,12026
68348,2652
68348,3258
68348,12436
68348,161256
37198,10349
37198,18034
4935,616
4935,334
4935,2217
4935,3098
4935,3151
4935,5133
4935,4232
4935,7315
4935,7397
4935,10541
4935,10028
4935,15001
4935,210024
4935,210434
4935,225219
4935,246466
4935,259376
4935,293198
4935,322942
4935,324429
4935,324713
4935,325824
8953,392
8953,1436
8953,2283
8953,7025
8953,9350
8953,10591
8953,10028
8953,161919
8953,207928
8953,210024
8953,236176
10951,779
10951,797
10951,11436
10951,6955
10951,18543
10951,166788
10951,166801
10951,219404
10951,258533
10951,272617
193704,5903
193704,4992
193704,11800
193704,155208
193704,172971
41569,189443
8488,9799
8488,7699
8488,13043
8488,324429
13682,6513
13682,197345
12228,445
12228,1228
12228,5436
57825,4344
57825,165212
57825,177907
57825,187056
57825,266601
561,1430
561,290
561,186
561,718
561,9715
561,6152
561,2626
561,3648
561,3649
561,11436
561,9717
561,10139
561,15001
561,156174
561,179430
561,241580
561,251513
561,269233
561,325788
561,325791
561,351855
10214,2546
10214,1009
10214,9715
10214,4375
10214,3289
10214,9887
10214,5895
10214,9717
10214,9253
10214,15162
10214,33556
10214,163074
10214,179101
10214,202399
10214,251513
17880,15162
17880,208152
17880,240303
8340,236
8340,570
8340,789
8340,972
8340,5331
8340,1961
8340,11117
8340,3797
8340,5939
8340,10852
8340,13065
8340,180220
8340,241982
6414,571
6414,1529
6414,1284
6414,1293
6414,2792
6414,3432
6414,3434
6414,11315
6414,10514
6414,10515
6414,14988
6414,254468
1942,818
1942,4725
1942,6954
1942,12565
1942,12999
1942,156948
1942,197692
1942,251667
1942,314730
1942,316832
1942,325778
1942,325801
1942,325818
1942,325822
61574,242
61574,3536
61574,157303
61574,215839
21433,736
21433,4613
21433,5992
21433,6951
21433,10163
21433,13072
21433,14735
21433,34130
21433,155251
21433,158086
21433,163969
21433,202399
21433,228785
21433,229197
21433,240485
21433,244356
21433,293198
21433,310491
21433,327949
52778,90
52778,3182
52778,9840
52778,34094
19119,212
19119,818
19119,2348
19119,5970
19119,9807
19119,161693
18279,1787
18279,894
18279,567
18279,7464
18279,10889
18279,18326
18279,33457
18279,240119
10636,1525
10636,2201
10636,2389
10636,970
10636,5248
10636,5625
10636,10791
10636,12392
10636,12663
10636,14534
10636,34094
10636,155624
10636,187056
123452,960
3040,616
3040,3800
3040,1721
3040,1552
3040,5369
3040,186450
18538,212
18538,128
18538,223521
18538,228304
44875,818
44875,5572
44875,9713
44875,9826
44875,162846
44875,207883
43128,1157
43128,4481
43128,9758
43128,156764
43128,163933
43128,207783
43128,211768
43128,233006
43128,295959
43128,325815
43128,325844
42641,2905
42641,1629
42641,156764
42641,173297
39179,592
39179,2887
39179,10907
13498,779
13498,797
13498,5572
13498,168713
13498,188933
13498,240303
29993,186
29993,2043
29993,2391
29993,3036
29993,11425
29993,9649
29993,157681
29993,186756
29993,192947
29993,236692
29993,258703
29993,273060
29993,282071
29993,302678
29993,343487
9470,779
9470,478
9470,2343
9470,3149
9470,10391
9470,11032
9470,33699
9470,184656
9470,207883
9470,236316
9470,249749
9470,252546
36867,10685
36867,2708
36867,708
36867,1794
36867,13141
36867,163998
30698,4116
30698,155582
30698,207819
30698,272788
30698,272789
12721,797
12721,3436
12721,4613
12721,10624
12721,160488
12721,162846
12721,178873
12721,286880
27042,2334
27042,9951
27042,10229
27042,10158
27042,10756
37232,4662
37232,33499
37232,33500
37232,47019
37232,47020
43492,1209
43492,10181
43492,10508
43492,156018
29578,818
29578,1930
29578,1803
29578,2150
29578,2842
29578,3279
29578,4655
29578,9552
29578,18267
29578,156835
29578,207928
29578,273879
2926,254
2926,90
2926,818
2926,1400
2926,1721
2926,8201
2926,6199
2926,6717
2926,9725
2926,10491
2926,14577
2926,34094
2926,157186
2926,159747
2926,175245
2926,180314
2926,204357
2926,207941
2926,250303
2926,267882
2926,288304
2926,297352
54302,9725
54302,14643
54302,191482
4710,236
4710,90
4710,5246
4710,6078
4710,1740
4710,3190
4710,4434
4710,4620
4710,10228
4710,10229
4710,9826
4710,163059
4710,165431
4710,201069
26243,2781
26243,9807
26243,13017
10568,6092
10568,4100
10568,4107
10568,7956
10568,5951
10568,8250
10568,13065
10568,18118
10568,187024
205061,187056
52943,171282
52943,263548
52943,288875
25103,392
25103,1992
25103,5340
25103,5160
25103,4252
25103,11268
25103,12999
25103,13040
25103,15001
25103,40931
25103,156167
25103,156174
25103,156835
25103,163055
25103,163186
25103,181914
25103,189248
25103,207031
25103,209568
25103,223036
25103,224618
25103,237238
25103,251513
5204,810
5204,1353
5204,1552
5204,1501
5204,3023
5204,10123
5204,13008
5204,15290
5204,162801
5204,259094
5204,286125
5204,288061
5204,311306
4974,570
4974,7100
4974,3725
4974,6038
4974,6876
4974,4889
4974,13027
4974,13072
4974,14534
4974,15160
4974,155816
4974,178649
4974,258533
30331,5136
30331,931
30331,9713
30331,10329
30331,10873
30331,14964
30331,34079
30331,40879
30331,41172
30331,156478
30331,168346
30331,187056
30331,204395
30331,209138
258,596
258,1326
258,90
258,996
258,5809
258,906
258,1411
258,1228
258,4721
258,2176
258,2587
258,7307
258,7100
258,2699
258,1904
258,3725
258,14534
258,15160
258,34094
8016,220
8016,2652
8016,158987
8016,208349
8016,208408
8016,252193
37601,10466
37601,12377
37601,156075
37601,161257
37601,272219
4235,242
4235,818
4235,588
4235,3864
4235,7629
4235,9748
4235,155539
4235,159413
4235,163442
4235,186356
4235,248022
4235,248288
31532,7376
31532,90
31532,4344
31532,10181
31532,41246
31532,156764
31532,158266
31532,220487
31532,236891
31532,237065
31532,280281
34614,445
34614,10685
34614,1253
34614,2402
34614,2566
34614,11665
34614,11804
34614,18321
34614,221445
16186,1605
16186,6150
16186,3446
16186,7340
16186,9748
16186,10061
16186,10303
16186,11869
16186,14765
16186,33740
16186,34094
16186,34265
16186,154855
16186,155873
16186,171848
16186,179431
16186,179567
16186,200918
16186,202371
16186,209673
16186,212404
16186,238054
16186,246126
16186,254167
16186,263416
16186,269674
16186,273297
16186,308996
16186,320420
16186,325778
16186,325786
16186,326011
10012,380
10012,4197
10012,4375
10012,6152
10012,6733
10012,10541
10012,12396
10012,12564
10012,12670
10012,33637
10012,158307
10012,232753
10012,308907
281189,187056
10022,10364
10022,8696
10022,10372
10022,14760
10022,18035
10022,33564
10022,175421
10022,185454
10022,219404
10022,228666
4551,8045
4551,4129
4551,2334
4551,3605
4551,4741
4551,5718
4551,10572
4551,163949
30856,15087
30856,187056
26,536
26,5907
26,220
26,376
26,2072
26,6441
26,3037
26,2652
26,1013
26,3575
26,4569
26,10144
26,10293
26,12993
26,158718
26,258533
2026,1930
2026,1812
2026,4668
2026,14903
2026,18233
2026,159710
9928,1436
9928,4480
9928,3289
9928,14544
9928,193305
29735,582
29735,1583
29735,9826
29735,15127
76264,796
76264,318
76264,3644
76264,4106
76264,4737
76264,10257
76264,12425
76264,198429
76264,226774
76264,264940
76264,290902
76264,298330
15771,10909
15771,33519
15771,181579
15771,204703
15771,227474
76804,3358
76804,10181
76804,10915
76804,12999
76804,15346
76804,154802
76804,155697
76804,179874
82432,3515
82432,380
82432,526
82432,6038
82432,3836
82432,9673
82432,9824
82432,13027
82432,18035
82432,187056
3115,11100
3115,3271
3115,3312
3115,9663
3115,13015
3115,14601
3115,156176
3115,157524
3115,159099
3115,161791
3115,192600
3115,192763
3115,210621
3115,256941
3115,257384
3115,270612
3115,315400
3115,315401
3115,317204
6593,803
6593,1430
6593,11100
6593,10891
6593,12616
6593,14742
6593,18027
6593,158126
6593,160189
6593,161791
6593,172428
6593,176052
6593,257384
6593,282366
6593,283841
6593,325800
116698,6496
116698,8338
63115,2658
63115,187056
76403,1430
76403,1718
76403,1852
76403,10125
76403,9951
76403,10787
76403,11612
76403,14760
76403,158256
76403,244157
34093,90
34093,459
34093,128
34093,9673
34093,11190
34093,14794
34093,33513
34093,161043
34093,178649
34093,208433
34093,260426
38148,18071
77041,9398
34196,9649
34196,167043
34196,277665
54380,324
54380,1773
54380,7606
54380,187056
54380,194320
15443,6075
36815,818
36815,716
36815,717
36815,2679
36815,437
36815,5565
36815,194604
36815,208244
36815,208688
36815,260373
111017,1415
37598,1016
37598,9503
37598,9675
37598,12371
37598,207928
40957,242
40957,9927
33539,6054
33539,18165
33539,207372
41749,14785
88930,793
88930,1936
88930,5340
88930,10325
88930,10181
88930,11259
88930,10911
88930,13072
88930,34134
88930,188994
88930,189007
88930,234325
31835,1674
31835,4326
31835,18118
31835,33557
31835,156764
31835,181532
31835,216735
31835,234303
60966,190283
85926,1326
85926,6038
1918,549
1918,5598
1918,5902
1918,10508
1918,13059
1918,187056
1918,240315
133382,164246
133382,209792
133382,210434
133382,211659
133382,225219
133382,266753
133382,281585
133382,281659
133382,292593
133382,311315
133382,315310
133382,321464
133382,324429
133382,325761
133382,325762
133382,325769
133382,325781
133382,325784
133382,325786
133382,325809
133382,325840
133382,325853
22377,2957
22377,10403
1093,7879
1093,90
1093,830
1093,1252
1093,2001
1093,6025
1093,1925
1093,2619
1093,1972
1093,3599
1093,2669
1093,2583
1093,3301
1093,4687
1093,4688
1093,4689
1093,9807
1093,12999
1093,155845
1093,188960
12622,2231
12622,796
12622,6149
12622,2149
12622,3230
12622,7097
12622,33699
25283,3739
25283,1252
25283,2655
25283,2452
25283,156052
18047,6054
18047,6075
18047,579
18047,6564
18047,10163
18047,225219
18047,251667
18047,294348
18047,325761
15018,570
15018,1664
15018,2804
15018,9748
15018,11322
15018,184352
15018,190370
15018,222769
438,483
438,6009
438,9826
438,33465
438,191494
438,194341
57953,3664
57953,1329
57953,2522
57953,3593
57953,206850
64022,616
64022,7376
64022,3205
64022,3071
64022,4118
64022,10551
64022,40931
64022,208349
64022,263324
42222,9713
42222,10965
11297,83
11297,1930
11297,6968
11297,9951
11297,11208
11297,12190
11196,642
11196,970
11196,2598
11196,5918
11196,3246
33431,1936
33431,2217
33431,9887
33431,10061
33431,13094
18770,3269
18770,1956
18770,9683
18770,12369
18770,160377
18770,181325
18770,188727
18770,193933
18770,309097
18770,315256
18770,323344
18770,329294
37988,818
40916,3616
42837,549
42837,417
42837,4344
42837,8250
42837,11514
42837,15011
42837,195729
42837,195819
42837,214621
1589,4048
1589,14985
13374,6075
13374,271
13374,9823
13374,8635
13374,9673
13374,11870
13374,10671
13374,10809
13374,10873
13374,11322
13374,13160
13374,41355
13374,41393
13374,157168
13374,240315
13374,269734
13374,269735
13374,269736
9688,2587
9688,9713
9688,13072
9688,33648
9688,34136
9688,202798
9688,256330
9688,315323
9688,325798
9688,325802
9688,325803
9688,325819
9688,325844
10040,3799
10040,4654
10040,1336
10040,824
10040,1812
10040,2562
10040,9663
10040,8697
10040,11923
10040,167316
10040,197335
10040,216734
11638,931
11638,3453
11638,10131
11638,14534
11638,199093
11638,208764
11638,237463
11638,244446
11638,285387
540,1862
540,470
540,4470
540,8201
540,9833
540,10185
540,11322
540,11524
540,18117
540,158718
540,158748
540,158750
540,158752
540,158758
540,158761
540,158763
540,158764
540,158765
540,187056
540,193285
540,213102
540,254167
540,264386
540,282758
540,351446
77120,6075
48463,11800
48463,163053
48463,191143
48463,215863
48463,246765
45218,818
45218,1261
45218,3496
45218,4096
45218,9673
45218,14636
45218,14638
45218,157303
45218,175910
45218,212899
45218,254406
21666,613
21666,5215
21666,392
21666,1956
21666,10360
21666,10361
21666,191110
21666,207883
21666,234161
23916,246
23916,549
23916,380
23916,700
23916,6075
23916,2348
23916,2394
23916,8442
23916,15149
23916,41267
23916,156153
23916,156158
23916,156191
23916,156192
23916,156193
23916,156195
23916,156196
23916,156197
52277,818
52277,2383
52277,209205
32208,2673
32208,10596
32208,167043
32208,207255
84298,156764
84298,188959
76499,582
76499,6433
76499,186715
43865,2858
43865,1680
43865,18454
43865,186919
43865,211659
48598,187056
72847,1326
72847,2679
72847,6024
72847,9807
72847,15127
72847,172471
72847,238142
93313,1582
93313,2024
93313,3734
93313,10938
93313,11200
93313,34262
93313,156019
93313,168268
93313,180229
93313,187325
93313,191297
93313,196682
93313,223185
93313,226774
93313,232968
93313,251639
93313,272740
93313,273868
93313,302915
93313,307851
93313,327348
32078,4776
32078,2411
32078,9744
32078,9807
32078,12999
32078,163206
32078,188959
32078,316832
26038,520
26038,4689
26038,9672
26038,11734
26038,15108
26038,163098
26038,171989
26038,185953
26038,199327
26038,208524
26038,231698
26038,238812
26038,238814
26038,238815
26038,238816
26038,314885
26038,323972
45694,6271
45694,6009
45694,6733
45694,13006
45694,155375
45694,158718
45694,170223
45694,171781
45694,285398
45694,292094
45694,323738
43029,4344
43029,10965
43029,196397
42622,1321
42622,1635
42622,3286
42622,4896
42622,4344
42622,10181
42622,10310
42622,12425
42622,161242
42622,240303
27495,6100
27495,9826
27495,12339
27495,155024
27495,189921
19884,779
19884,1462
19884,818
19884,1400
19884,9826
19884,186753
19884,190446
19884,206199
19884,207928
19884,312229
19884,348812
19884,348813
47007,4129
47007,3248
47007,5444
47007,10714
47007,233496
47007,289985
37748,156212
52302,2041
52302,1299
52302,333
52302,5332
52302,156851
52302,170383
52302,193083
52302,198364
52302,210654
52302,239362
39327,1317
39327,395
39327,33626
39327,155841
39327,208051
86458,242
86458,417
86458,2671
86458,10726
86458,14964
22434,254
22434,1930
22434,470
22434,15267
22434,193285
22434,193574
12778,331
12778,428
12778,420
12778,5332
12778,2016
12778,4412
12778,4438
12778,10594
12778,10329
12778,14669
12778,18035
12778,33457
12778,40879
12778,155790
42106,931
42106,733
42106,189140
16198,9887
16198,6071
16198,10041
16198,13141
16198,33556
16198,164039
16198,188849
16198,188850
16198,210024
158,3737
158,6054
158,6149
158,830
158,879
158,270
158,1322
158,1411
158,18233
158,167043
158,179430
158,185361
158,241031
1772,2957
1772,726
1772,586
1772,6078
1772,3263
1772,5768
1772,160910
1772,208349
5996,378
5996,1563
5996,9777
5996,193275
5996,207317
53939,818
53939,1786
53939,10235
53939,10587
53939,12999
53939,156018
53939,157213
53939,167215
53939,188991
53939,236170
19665,10168
19665,15089
19665,162356
19665,207157
19665,207684
19665,210824
19665,229078
19665,250579
19665,263636
19665,265759
19665,329985
36006,1582
36006,4129
36006,1946
36006,33626
16301,578
47002,3452
47002,164246
14573,2964
14573,1761
14573,467
14573,679
14573,4565
14573,1752
14573,2217
14573,9685
14573,9822
14573,298933
18774,5215
18774,818
18774,6075
18774,4129
18774,7912
18774,9180
18774,12999
18774,157223
18774,193716
18774,208115
18774,237426
44154,779
44154,188
44154,2802
44154,6172
44154,184656
44154,206071
44154,237612
28448,1415
28448,3242
28448,1938
28448,1666
28448,2673
28448,10292
28448,5565
28448,5728
28448,9672
28448,6342
28448,12371
28448,14643
28448,15222
28448,201950
28448,207928
28448,225012
28448,309974
38155,779
38155,5511
38155,15001
38155,184656
38155,213096
38155,244043
38155,273967
38155,297753
34282,818
34282,6150
34282,1842
34282,6139
34282,7118
34282,10718
34282,10562
34282,11004
34282,182281
34282,193228
34282,198678
34282,238433
27030,924
27030,9886
27030,11061
27030,12999
27030,15171
27030,207928
120129,6125
120129,10786
22595,4412
22595,9273
22595,18044
22595,154802
22595,176788
22595,188317
19545,233
19545,1299
19545,11100
19545,9663
19545,9951
19545,9738
19545,12616
19545,14909
19545,160198
19545,161791
19545,224673
19545,257384
19545,317204
19545,328255
21131,10217
21131,10121
47237,894
47237,738
47237,3487
47237,3201
47237,5340
47237,9701
47237,5948
47237,9713
47237,161198
47237,194998
47237,208584
17592,582
17592,3478
17592,177927
17592,187056
17113,708
17113,2412
17113,11363
17113,33841
17113,40895
17113,156388
17113,156389
17113,156391
17113,156392
17113,187056
187,4565
187,9717
187,9706
187,12999
187,15365
187,18712
187,175593
187,175600
187,175610
187,207268
187,309974
187,325778
14177,928
14177,2076
14177,9749
14177,10131
14177,12425
14177,15285
14177,197361
14177,215568
14177,240315
11399,8663
11399,10818
11399,13072
11399,171070
11399,187056
11399,239797
23638,271
23638,3593
23638,10039
7364,3737
7364,393
7364,818
7364,409
7364,4267
7364,11107
7364,6956
7364,7041
7364,13005
7364,14760
7364,18034
7364,159289
7364,168302
7364,175428
7364,179585
7364,187206
7364,188959
7364,194775
7364,208669
7364,215470
7364,226611
7364,261616
7364,262207
7364,270951
7364,325765
7364,325812
7364,329298
7364,329299
7364,329665
11431,6075
11431,1022
11431,1480
11431,2803
11431,3419
11431,5625
11431,10201
11431,10508
11431,10541
11431,13043
11431,14647
11431,155725
11431,155726
11431,155939
11431,164193
11431,164246
11431,164698
11431,185952
11431,189924
11431,200918
11431,267788
11431,316241
11431,320420
11431,324713
11431,325765
11431,325766
11431,325806
11431,325853
11431,328033
11431,328035
52796,10655
52796,186265
27271,422
27271,779
27271,2732
27271,5572
27271,9748
27271,9826
27271,11181
27271,12371
27271,14736
27271,156650
51945,90
51945,10181
51945,196683
51945,207876
51104,3347
51104,6941
51104,10617
51104,10733
51104,189411
51104,207928
51104,208188
51104,214892
51104,362499
16551,4344
26332,1859
26332,9897
26332,12371
26332,41644
26332,167149
26332,180668
26332,190888
26332,195295
26332,222090
26332,238835
26332,254921
26332,262778
26332,267608
26332,322746
42229,588
42229,1755
42229,3451
42229,8077
42229,10180
42229,10226
42229,214548
42229,258533
45220,236
45220,2652
45220,1430
45220,836
45220,3930
45220,1919
45220,3170
45220,4709
45220,10508
45220,14856
45220,158547
45220,170378
52663,5970
49565,1450
49565,254
49565,2504
49565,5331
49565,1956
49565,5774
49565,33476
49565,180549
49565,182135
49565,207883
49565,214548
2029,478
2029,90
2029,970
2029,1439
2029,5893
2029,187056
44181,642
44181,6038
44181,5923
44181,9890
44181,10911
44181,12545
44181,14604
44181,154909
44181,157286
44181,157799
44181,163047
44181,170827
44181,191063
44181,273867
24619,1453
24619,1508
24619,191600
70926,380
70926,818
70926,1495
70926,3345
70926,173245
70926,207883
70926,214548
70926,240119
37214,6092
37214,1956
26774,570
26774,2858
26774,392
26774,5331
26774,3099
26774,9826
26774,14999
26774,40931
26774,156174
26774,157512
26774,161271
26774,209568
31944,818
31944,1523
31944,5933
31944,7464
31944,8039
31944,13160
31944,41393
85673,779
85673,780
85673,3391
85673,502
85673,3436
85673,9748
85673,10601
85673,15275
85673,156525
85673,157202
62637,1533
62637,188
62637,1529
62637,1262
62637,6172
62637,167482
62637,176561
62637,224312
94794,740
94794,496
94794,15073
94794,34079
94794,158718
94794,185018
94794,287803
94794,318182
50435,2389
50435,818
50435,1664
50435,5091
50435,10683
50435,14714
50435,190370
42617,11196
42617,2041
42617,526
42617,974
42617,2020
42617,2831
42617,3136
42617,8570
42617,158217
42617,167861
42617,189398
42617,189399
42617,207928
42617,209070
13524,1956
13524,11117
13524,185005
13524,185006
31219,258533
19971,2337
19971,818
19971,1939
19971,3335
19971,5905
19971,9826
19971,9927
19971,10144
19971,10809
19971,13092
19971,15090
19971,155235
19971,157912
19971,187224
19971,188237
19971,236458
19971,266753
19971,281659
19971,302693
19971,325763
19971,325766
19971,325806
47406,7376
47406,1664
47406,4892
47406,190370
47406,191012
49225,2087
49225,911
49225,2041
49225,818
49225,2679
49225,437
49225,4663
49225,6876
49225,5565
49225,9304
49225,10938
49225,14669
49225,33760
49225,256946
9674,3737
9674,736
9674,4333
9674,9675
9674,15127
9674,177912
9674,223036
3875,380
3875,1563
3875,3541
3875,187056
24182,18035
24182,193115
24182,193119
24182,195197
24182,195200
24182,195201
24182,207317
38770,10181
38770,161194
38770,188660
38770,234812
74948,188
74948,2795
74948,10706
14689,1668
14689,235363
69321,6270
69321,387
69321,10508
69321,14676
31321,9840
31321,9673
31321,10776
31321,14964
26638,596
26638,894
26638,1382
26638,1157
26638,131
26638,3002
26638,9957
26638,240237
37512,10123
37512,3548
37512,5933
37512,166611
37512,196135
37512,221686
37512,228769
37512,236553
37512,341721
9653,1862
9653,1252
9653,5248
9653,7665
9653,10181
9653,10886
9653,12999
9653,13014
9653,15136
9653,158718
9653,187056
9653,191349
9653,264386
42637,570
42637,818
42637,1411
42637,10911
42637,13059
42637,46960
42637,154802
42637,162753
42637,185361
42637,197521
42637,233104
42637,234192
42637,354871
42637,361531
42637,361532
42637,361533
42637,361534
19673,2964
19673,4565
19673,4458
19673,33348
19673,34221
19673,215309
27883,388
27883,10044
27883,228166
41115,6078
41115,1930
41115,10596
41115,13006
41115,156887
32085,2398
32085,5893
32085,10121
32085,11931
32085,12999
32085,33505
32085,162810
32085,263548
32085,302275
32085,336644
43824,236
43824,2504
43824,1956
43824,3450
43824,10181
43824,9856
43824,157788
43824,158547
43824,165086
43824,172376
43824,187256
43824,210184
41954,2652
41954,1739
54156,2201
54156,9673
54156,10809
54156,208445
54156,350535
39225,4129
39225,9799
39225,11933
39225,18035
30204,2041
30204,934
30204,1571
30204,2676
30204,9799
30204,9673
30204,9714
30204,9743
30204,155402
30204,155457
30204,324123
40633,3017
40633,4344
40633,5565
40633,10229
40633,12990
4595,4461
4595,227816
4595,258198
26182,4344
42260,236
42260,970
42260,4129
42260,2804
42260,5879
42260,6389
42260,10201
42260,7188
42260,10229
42260,11935
42260,14514
42260,18091
42260,18233
42260,33585
42260,156961
42260,162339
42260,164124
42260,173644
42260,199583
42260,208003
42260,209889
42260,212542
42260,220195
42260,232462
42260,232568
42260,239548
42260,252502
42260,257342
42260,263293
42260,283945
42260,310394
42260,315811
42260,331723
42260,345750
42260,351334
31442,1566
31442,470
31442,1956
31442,4551
31442,9856
31442,12999
31442,18165
31442,33673
31442,174968
31442,207883
31442,241982
775,305
775,818
775,8201
775,10222
775,12999
775,154802
775,181239
775,195114
775,232797
775,257758
775,263548
775,326368
50183,1956
50183,2111
50183,10794
50183,15182
50183,187056
50183,195541
50183,207883
50183,325854
7342,1525
7342,6270
7342,818
7342,1412
7342,9887
7342,6733
7342,5083
7342,5086
7342,10683
7342,9714
7342,11363
7342,10266
7342,11001
7342,14624
7342,14837
7342,41380
7342,68647
7342,156386
7342,163558
7342,171070
7342,171826
7342,173185
7342,214780
7342,215046
7342,222314
7342,222797
7342,229006
7342,293980
7342,308495
45267,924
45267,6038
9636,378
9636,2122
9636,1706
9636,1279
9636,15127
36843,2324
36843,5867
36843,10483
36843,10637
36843,11935
36843,14514
36843,15016
36843,15161
36843,172383
18871,818
18871,9807
18871,33725
18871,159688
18871,265556
69069,818
69069,5565
69069,9672
69069,9826
69069,10022
69069,15009
69069,157758
69069,193455
69069,209619
69069,227533
69069,236170
45713,163129
104193,516
104193,10041
104193,206718
104193,210761
104193,235970
104193,235971
104193,240118
64167,3149
64167,11523
64167,214780
185987,1459
185987,1157
185987,818
185987,1815
185987,1956
185987,7460
185987,160224
185987,187652
185987,207883
185987,208611
185987,255657
39851,90
39851,2570
39851,697
39851,2671
39851,2375
39851,6782
39851,14882
39851,41352
39851,155936
39851,160223
39851,160528
39851,196911
45161,11800
45161,163053
84084,840
84084,2307
84084,5565
84084,6165
84084,210184
84084,236170
84084,262837
84087,1556
84087,2393
84087,5565
84087,13014
84087,157912
84087,185201
7453,4270
7453,803
7453,211
7453,818
7453,3713
7453,3801
7453,9951
7453,10349
7453,10121
7453,11546
7453,14544
7453,14909
7453,161176
7453,177145
7453,177146
7453,221653
7453,221654
7453,221655
7453,324713
7453,325782
6183,10041
6183,14534
6183,159313
6183,159315
6183,167043
6183,190007
8220,744
8220,745
8220,1803
8220,14964
8220,41592
8220,157008
35170,779
35170,780
35170,9390
20187,3660
20187,782
20187,818
20187,2708
20187,5265
20187,3272
20187,1223
20187,159212
20187,160175
20187,160176
20187,193272
20187,201008
20187,212059
20187,217282
20187,251806
20187,269089
20187,282597
20187,306255
20187,324315
20187,324316
38151,2041
38151,2334
38151,4056
38151,4648
20628,3202
20628,14906
43003,2679
43003,2887
43003,4662
43003,9758
43003,6814
43003,170487
43003,195537
43003,209096
43003,225161
16250,818
16250,4129
16250,9663
16250,3686
16250,160522
16250,188298
16250,207928
16250,240303
16250,265586
16250,273060
16250,273868
16250,274542
16250,288654
16250,298575
16250,353864
10065,3649
10065,3358
10065,9672
10065,9398
10065,9848
10065,9853
10065,9826
10065,18035
10065,34079
10065,162413
10065,172266
10065,172272
10065,172274
10065,293351
10065,317736
30863,1627
30863,1782
30863,1852
30863,5560
30863,9951
30863,7600
30863,14626
30863,161919
30863,195114
30863,212760
30863,234662
30863,240303
30863,281237
30863,288019
30863,309974
30863,324145
30863,325778
30863,329280
49920,187056
31065,1956
31065,9156
31065,268191
31065,273967
37992,2656
37992,769
37992,9740
37992,9807
37992,180172
37992,313445
37992,341651
32850,549
32850,1543
32850,1968
32850,3451
32850,6844
32850,9748
32850,9807
32850,10562
32850,14856
32850,158987
32850,180724
32850,236500
32850,239361
68883,1411
43379,960
43379,818
43379,100
43379,2343
43379,290
43379,2706
43379,12987
43379,13014
43379,15120
43379,41005
43379,156597
43379,215741
9393,396
9393,2652
9393,6271
9393,1956
9393,8498
9393,241982
16972,276
16972,2492
16972,3901
16972,8447
21325,818
21325,2626
21325,325199
13409,3391
13409,15009
24363,6054
24363,2796
13073,173186
13073,206184
35384,6075
113178,5713
113178,163442
8976,3658
8976,242
8976,367
8976,9799
8976,8044
8976,9935
8976,12670
27360,4480
27360,1336
27360,1930
27360,9728
27360,157286
27360,291358
29078,6075
29078,1477
29078,13042
38717,6075
13020,417
13020,592
13020,2298
13020,5636
13020,3692
13020,6127
13020,14737
13020,165193
13020,177493
13020,188950
11679,720
11679,840
11679,521
11679,1402
11679,6285
11679,9358
11679,33705
11679,160992
11679,181549
25007,898
25007,242921
25007,283297
1495,1318
1495,789
1495,2868
1495,3575
1495,3970
1495,10491
1495,10141
1495,10466
1495,11001
1495,188270
1495,193604
1495,208681
1495,220707
1495,222337
1495,249136
1495,258703
1495,311315
1495,316241
1495,325763
1495,325766
1495,325773
1495,325774
1495,325787
1495,325794
1495,325803
1495,325835
1495,327354
10066,3134
10066,10292
10066,3612
10066,9714
10066,9826
10066,10771
10066,12339
10066,14676
10066,15016
10066,15127
10066,155939
10066,166701
10066,203476
10066,237363
10066,240485
10066,252104
1640,5600
1640,6149
1640,3060
1640,5666
1640,6201
1640,9844
1640,12425
1640,12670
1640,157912
1640,170154
1640,203113
1640,225541
1640,363303
1640,363304
1640,363305
1640,363306
11171,2337
11171,242
11171,516
11171,1453
11171,570
11171,447
11171,818
11171,1482
11171,2348
11171,2754
11171,7658
11171,10683
11171,10180
11171,11722
11171,11868
11171,12553
11171,13059
11171,158718
11171,162124
11171,165615
11171,184987
11171,184988
11171,190327
11171,200234
11171,208289
11171,210608
11171,222029
11171,257139
11171,262235
11171,264551
11171,269808
11171,274314
11171,315583
11171,327908
14750,6270
14750,526
14750,9799
14750,157303
14750,208611
43260,6174
43260,10950
43260,160522
11799,291
11799,2020
11799,4378
11799,2679
11799,156212
11799,325765
53116,596
53116,818
53116,3740
53116,5906
53116,2135
53116,9826
53116,15162
53116,190370
83995,1382
83995,4112
83995,6346
42626,1691
42626,733
42626,5565
42626,6165
43881,582
43881,3521
43881,10093
43881,18071
43881,155512
43881,164920
43881,168268
43881,179567
43881,189411
43881,192005
43881,228753
43881,235561
43881,236170
43881,238172
46594,4932
46594,154802
46594,173644
46594,237543
46594,267422
43344,931
43344,1647
43344,9856
43344,14765
43344,14837
43344,18014
43344,156661
43344,207691
43344,208210
26614,818
26614,10048
26614,12999
16902,2011
16902,7153
16902,7537
16902,194231
16902,208244
16902,220649
41131,2393
41131,2450
41131,11241
41131,9673
41131,9736
41131,13014
41131,14769
41131,14782
41131,33550
41131,155402
41131,160224
41131,165261
41131,178909
41131,193696
41131,234126
41131,234161
41131,234162
41131,242122
41131,242123
31414,4932
31414,548
31414,818
31414,977
31414,2217
31414,1244
31414,9957
31414,11130
31414,12987
31414,12999
31414,13028
31414,33457
31414,41329
31414,155164
31414,157171
31414,180635
31414,215010
31414,325842
40730,1415
40730,818
40730,1158
40730,3352
40730,4896
40730,4412
40730,6894
40730,9229
40730,9673
40730,10911
40730,11187
40730,13014
40730,17997
40730,18029
40730,34079
40730,34265
40730,158019
40730,160963
40730,161762
40730,178364
40730,239070
40730,245358
15318,233
15318,3307
15318,3371
15318,5493
15318,11004
15318,156597
13384,1415
13384,1025
13384,5215
13384,380
13384,818
13384,641
13384,392
13384,2639
13384,10041
13384,10683
13384,9180
13384,11157
13384,11935
13384,14768
13384,18068
13384,156018
13384,157955
13384,158431
13384,170361
13384,193716
13384,207591
13384,230747
13384,243959
13384,277462
13384,294653
13384,294654
48993,1415
48993,6092
48993,13014
48993,188938
9463,801
9463,818
9463,3133
9463,4458
9463,10292
9463,6932
9463,10085
9463,161919
9463,210024
9463,234268
9463,259583
9463,315058
13163,1459
13163,5490
13163,6167
13163,9673
13163,9713
13163,9964
13163,10050
13163,13043
13163,170827
13163,237989
26810,187056
20625,10181
20625,9253
20625,12999
20625,156236
20625,156764
20625,179867
1566,1415
1566,2652
1566,11139
1566,1327
1566,6112
1566,3450
1566,11110
1566,4595
1566,18068
1566,34061
1566,165431
1566,184369
1566,241982
21997,6086
21997,7606
21997,156096
21997,190019
30624,420
30624,2334
30624,2781
30624,10229
30624,9807
30624,157210
30624,174916
27233,6270
27233,233
27233,1794
27233,6733
27233,9856
27233,209476
41386,4470
41386,18068
41386,156137
41386,157955
41386,187983
41386,208289
24078,894
26541,782
26541,11268
63066,7992
63066,156196
37720,2433
37720,9672
37720,10365
37720,191726
18050,5905
18050,9713
18050,10093
18050,12999
155325,509
155325,2438
155325,9672
155325,9276
155325,21747
155325,173644
31819,213
31819,3864
31819,9253
31819,7118
31819,10275
31819,34268
31819,226499
31819,263548
11628,380
11628,1332
11628,131
11628,4733
11628,7542
11628,8097
11628,9346
11628,284589
10913,240
10913,6054
10913,2908
10913,8232
10913,41364
10913,155023
11605,212
11605,548
11605,392
11605,175593
11605,208878
11605,208992
11605,211512
11605,252254
11605,252415
38643,12670
38643,263398
10027,779
10027,2708
10027,1721
10027,10291
10027,10714
10027,14955
10027,17977
10027,18522
10027,219404
10027,239553
43429,258533
11139,629
11139,6255
11139,4402
11139,3356
11139,6719
11139,5779
11139,8696
11139,10683
11139,13028
11139,13072
11139,41327
11139,41410
11139,155294
11139,156851
11139,156925
11139,212755
11139,240485
11139,243959
11139,275041
11139,283005
11139,287297
10837,1160
10837,1339
10837,1949
10837,3289
10837,4894
10837,6956
10837,181139
10837,269769
32610,837
32610,157768
1279,3737
1279,5600
1279,549
1279,848
1279,3446
1279,1522
1279,1667
1279,4752
1279,5248
1279,2634
1279,9748
1279,15090
1279,33625
1279,161207
1279,190372
1895,797
1895,2859
1895,1721
1895,6078
1895,3347
1895,4238
1895,9663
1895,9840
1895,9675
1895,10614
1895,11491
1895,10044
1895,10629
1895,13194
1895,158449
1895,160840
1895,160946
1895,161176
1895,163272
1895,170390
1895,180671
1895,186956
1895,199660
1895,288793
1895,312898
1895,314730
1895,322255
1895,325778
9981,6075
9981,970
9981,2200
9981,8864
9981,13042
9981,223149
4379,3262
4379,5989
4379,11678
4379,13072
4379,14646
4379,15111
4379,15274
4379,165547
4379,172274
4379,177040
4379,189141
4379,211614
4379,220314
4379,222974
4379,237463
4379,240237
4379,280452
4379,283006
4379,295959
4379,300433
4379,313516
4379,325765
4379,328123
4379,328124
4379,328125
31200,736
31200,1157
31200,392
31200,6165
31200,10941
31200,14791
31200,190621
31200,207876
31200,229959
31200,247152
37215,65
37215,4923
37215,10181
37215,9840
37215,10048
37215,11187
37215,12545
37215,13063
37215,15319
37215,156764
37215,177146
37215,177998
37215,196017
37215,208313
37215,234506
37215,237462
37215,250461
11019,1357
11019,658
11019,269
11019,4676
11019,2769
11019,1913
11019,3028
11019,15097
11019,18330
11019,221355
11019,240494
28423,1930
28423,3149
28423,1992
28423,9663
28423,9748
28423,12999
28423,14760
28423,14818
28423,160130
28423,189115
14694,818
14694,1533
14694,1442
14694,3203
14694,3355
14694,3593
14694,10349
14694,10794
14694,12617
14694,47020
14694,155402
14694,267122
14694,281741
14694,286249
14694,288649
14694,300623
14694,313779
14694,335559
14694,335560
14694,335561
20271,131
20271,629
20271,15160
29872,242
29872,246
29872,2833
29872,3363
29872,4344
29872,10229
29872,12990
29872,12999
29872,15106
29872,156835
34856,779
34856,9748
34856,9826
34856,11259
27,212
27,6029
27,578
27,738
27,3201
27,2150
27,3405
27,5756
27,4313
27,9673
27,9835
27,9772
27,10688
27,11868
27,14638
27,33494
27,33513
27,41404
27,148534
27,157813
27,160140
27,162066
27,190833
27,246601
27,251961
27,253385
27,256713
27,267122
27,278492
27,281554
27,282903
27,321464
27,327115
16373,380
16373,813
16373,818
16373,977
16373,1792
16373,3358
16373,6625
16373,8079
16373,9833
16373,10164
16373,10414
16373,12544
16373,13005
16373,13153
16373,15162
16373,15346
16373,17997
16373,33505
16373,41410
16373,41411
16373,155733
16373,162846
16373,163186
16373,240485
16373,268054
16373,287591
16373,288394
25649,1411
25649,1664
25649,13059
25649,335255
19398,6054
19398,3434
19398,6564
19398,10776
19398,10163
19398,211553
100605,3365
43506,1956
43506,4595
43506,6895
43506,12993
43506,33403
43506,156650
43506,158777
43506,161246
43506,163651
43506,170007
43506,190431
43506,235080
43506,246195
43506,260091
43506,307161
953,6054
953,2041
953,10685
953,409
953,2043
953,2172
953,2509
953,2510
953,3028
953,6513
953,3289
953,7639
953,9253
953,3645
953,18165
953,181033
953,229034
953,267848
953,278823
16605,187056
16605,206184
16605,262337
16605,276115
42268,159333
42268,159413
13064,6075
13064,193817
14358,242
14358,271
14358,10104
14358,10106
14358,187056
26825,970
26825,886
12700,2652
12700,6150
12700,409
12700,2626
12700,10138
12700,9675
12700,9714
12700,10093
12700,14765
12700,41586
12700,179567
12700,179568
9291,378
9291,417
9291,1563
9291,6212
9291,6075
9291,579
9291,1936
9291,5621
9291,1556
9291,1768
9291,5643
9291,9774
9291,9714
9291,18128
9291,165317
9291,168930
9291,223044
9291,237057
9291,237185
9291,313356
9291,319404
9291,328061
9291,328063
9291,328065
9291,333916
19316,1862
19316,1013
19316,3292
19316,9833
19316,10428
19316,13043
19316,158718
19316,179485
19316,185718
19316,187056
19316,228965
19316,240315
19316,264386
19316,280003
34309,258
34309,158780
34309,167444
921,5600
921,396
921,6075
921,1477
921,1857
921,1952
921,2792
921,2783
921,2803
921,1199
921,4610
921,6066
921,4613
921,4614
921,4615
921,5565
921,209476
9779,818
9779,65
9779,5248
9779,9634
9779,10683
9779,10809
9779,13088
9779,246466
9787,390
9787,1228
9787,3836
9787,9672
9787,154950
9787,187056
16932,9673
23825,578
23825,953
23825,4721
23825,2176
23825,2696
23825,3536
23825,2007
23825,5540
23825,5697
23825,6579
23825,7416
23825,193547
23825,207592
787,782
787,258
787,2708
787,5809
787,1419
787,1308
787,2587
787,1376
787,6038
787,4049
787,4289
787,10061
787,12371
787,14677
787,325768
787,325811
14199,7942
14199,10216
14199,15097
10226,548
10226,6255
10226,1583
10226,10292
10226,10349
10226,11181
10226,11579
10226,12394
10226,13092
10226,14546
10226,14805
10226,14903
10226,15460
10226,157064
10226,157375
10226,157512
10226,178848
10226,208530
10226,220233
10226,224663
10226,235126
10226,264386
56321,2964
56321,9856
56321,156597
56321,157955
56321,174089
56321,184595
9528,966
9528,380
9528,2580
9528,2105
9528,8079
9528,8608
9528,249136
9528,254167
9528,263959
9528,314730
9528,325762
9528,325765
9528,325787
12109,697
12109,635
12109,2150
12109,4610
12109,5718
12109,9672
12109,6814
12109,158558
12109,227510
13935,254
13935,2652
13935,1956
13935,11106
13935,4595
13935,1295
20941,1008
20941,7605
20941,11336
20941,172391
20941,190337
20941,208289
20941,241982
18289,4039
18289,10642
18289,161791
18289,229724
43471,4129
43471,3432
43471,3434
43471,3998
43471,9194
43471,5565
43471,13084
43471,165468
43471,188730
43471,207928
43471,209076
3011,128
3011,10226
11620,236
11620,818
11620,588
11620,1405
11620,186
11620,2280
11620,5049
11620,172695
11620,192659
11620,196307
11620,222185
11620,253695
11620,257718
11620,257719
11620,257720
11620,257721
11620,257722
43354,12999
272,779
272,1568
272,697
272,1308
272,853
272,9715
272,9717
272,9823
272,10278
272,7002
272,10044
272,33637
272,173719
272,179095
272,206694
272,206716
272,281585
5845,1400
5845,1908
15767,1299
15767,11100
15767,14760
15767,159099
15767,160198
15767,161791
15767,189228
15767,257384
15767,309974
15767,325778
15767,325842
15648,6270
15648,704
15648,456
15648,4700
15648,5756
15648,9840
15648,9457
15648,11707
15648,10132
15648,11870
15648,14534
15648,14768
15648,18035
15648,171612
15648,182195
15648,219849
15648,240070
15648,240315
15648,324429
9709,5215
9709,380
9709,392
9709,1412
9709,5248
9709,9008
9709,9180
9709,9833
9709,13088
9709,15136
9709,15208
9709,156928
9709,158718
9709,325841
9709,325856
29080,242
29080,14534
10274,3800
10274,1490
10274,697
10274,9990
10274,3878
10274,5636
10274,5641
10274,11738
10274,18111
10274,41500
10274,157227
10274,176167
10274,184369
45881,818
45881,5967
45881,3450
45881,15060
45881,160279
45881,187056
25248,732
25248,6075
25248,2618
25248,9672
25248,14882
25248,18068
25248,34125
25248,185413
25248,196549
25248,207948
25248,208611
25248,210434
25248,229773
25248,242689
25248,288816
25248,325811
25248,325820
25248,325824
11451,830
11451,6075
11451,6067
11451,9663
11451,9253
11451,161630
11451,187056
25312,187056
11683,4565
11683,4392
11683,12377
11683,186565
11683,243810
9722,616
9722,4158
9722,13072
9722,187056
2287,1691
2287,898
2287,542
2287,1721
2287,1974
2287,2394
2287,4507
2287,4344
2287,10726
2287,12670
2994,6149
2994,2095
2994,9717
2994,10051
2994,10594
2994,174539
76094,3291
76094,4516
76094,9932
76094,275787
1382,380
1382,5500
1382,15128
1382,15478
1382,18013
1382,157791
1382,170569
1382,175894
1382,176485
1382,176486
1382,176488
1382,187056
9534,2081
9534,1817
9534,3508
9534,3734
9534,9823
9534,13027
